timestamp,open,high,low,close,volume,trade_count,vwap
2016-01-04 05:00:00+00:00,87.730000000000004,88.409999999999997,87.115099999999998,87.819999999999993,1133988,10654,87.637726999999998
2016-01-05 05:00:00+00:00,87.810000000000002,90.790000000000006,87.810000000000002,90.400000000000006,902047,8853,89.976564999999994
2016-01-06 05:00:00+00:00,89.510000000000005,91.930000000000007,89.5,91.150000000000006,1143675,9370,91.206951000000004
2016-01-07 05:00:00+00:00,89.870000000000005,90.760000000000005,89.519999999999996,90.180000000000007,967610,8811,90.380502000000007
2016-01-08 05:00:00+00:00,90.459999999999994,91.510000000000005,89.8001,89.909999999999997,782317,7167,90.459908999999996
2016-01-11 05:00:00+00:00,90.260000000000005,91.969999999999999,90.260000000000005,90.810000000000002,1242814,11651,91.116602
2016-01-12 05:00:00+00:00,91.450000000000003,91.799999999999997,90.159999999999997,90.510000000000005,1185360,9788,90.642027999999996
2016-01-13 05:00:00+00:00,91.790000000000006,91.989999999999995,89.530000000000001,89.549999999999997,1177675,10867,90.665246999999994
2016-01-14 05:00:00+00:00,90.469999999999999,90.480000000000004,84.659999999999997,87.219999999999999,4086735,33358,87.324065000000004
2016-01-15 05:00:00+00:00,85.980000000000004,87.760000000000005,85.859999999999999,86.030000000000001,34761195,24915,86.088948000000002
2016-01-19 05:00:00+00:00,87.109999999999999,88.900000000000006,86.769999999999996,88.5,2007883,16780,87.907387
2016-01-20 05:00:00+00:00,88.040000000000006,88.359999999999999,83.560000000000002,84.849999999999994,2337753,19288,85.337733999999998
2016-01-21 05:00:00+00:00,85.090000000000003,86.045000000000002,84.519999999999996,84.719999999999999,1461784,11473,85.089449999999999
2016-01-22 05:00:00+00:00,86.200000000000003,87.989999999999995,85.549999999999997,87.349999999999994,1001947,8758,87.142298999999994
2016-01-25 05:00:00+00:00,87.739999999999995,88.989999999999995,87.280000000000001,87.599999999999994,1276917,11207,87.728845000000007
2016-01-26 05:00:00+00:00,88.090000000000003,91,87.829999999999998,90.459999999999994,1562893,14535,90.249149000000003
2016-01-27 05:00:00+00:00,90.060000000000002,90.140000000000001,88.25,88.739999999999995,1024271,9983,89.212378999999999
2016-01-28 05:00:00+00:00,88.859999999999999,90.609999999999999,88.790000000000006,89.340000000000003,1001319,8913,89.682680000000005
2016-01-29 05:00:00+00:00,90.120000000000005,91.260000000000005,89.349999999999994,90.689999999999998,1520615,12960,90.578569000000002
2016-02-01 05:00:00+00:00,90.400000000000006,90.799999999999997,89.269999999999996,89.489999999999995,1611532,15453,89.788009000000002
2016-02-02 05:00:00+00:00,89.620000000000005,91.739999999999995,89.150000000000006,91.099999999999994,1548968,16332,90.804337000000004
2016-02-03 05:00:00+00:00,91.530000000000001,91.590000000000003,87.5,88.359999999999999,1482060,14642,88.770624999999995
2016-02-04 05:00:00+00:00,87.890000000000001,88.280000000000001,85.810000000000002,86.099999999999994,1783976,16987,86.525312
2016-02-05 05:00:00+00:00,85.659999999999997,85.730000000000004,81.5,81.709999999999994,2123914,19441,82.751458999999997
2016-02-08 05:00:00+00:00,81.200000000000003,81.200000000000003,76.090000000000003,78.420000000000002,2114691,18773,77.891902000000002
2016-02-09 05:00:00+00:00,77.640000000000001,80.180000000000007,77.105000000000004,79.280000000000001,1676697,16102,79.113101999999998
2016-02-10 05:00:00+00:00,79.489999999999995,80.739999999999995,79.400000000000006,79.859999999999999,1220523,12083,80.140890999999996
2016-02-11 05:00:00+00:00,79.099999999999994,81.530000000000001,78.781999999999996,80.879999999999995,1852054,13955,80.359403
2016-02-12 05:00:00+00:00,81.659999999999997,82.099999999999994,80.200000000000003,81.390000000000001,1425188,13353,81.243469000000005
2016-02-16 05:00:00+00:00,82,83.049999999999997,81.465000000000003,82.980000000000004,1232726,11567,82.435310000000001
2016-02-17 05:00:00+00:00,83.150000000000006,85.200000000000003,83,84.930000000000007,1405235,12317,84.693700000000007
2016-02-18 05:00:00+00:00,84.659999999999997,85.189999999999998,84,84.549999999999997,1021626,9406,84.509510000000006
2016-02-19 05:00:00+00:00,84.510000000000005,87.290000000000006,84.129999999999995,86.200000000000003,1388930,11252,86.452714
2016-02-22 05:00:00+00:00,86.519999999999996,87.742999999999995,85.790000000000006,85.989999999999995,711007,8781,86.258056999999994
2016-02-23 05:00:00+00:00,85.480000000000004,87.189999999999998,85.239999999999995,85.900000000000006,1324811,10071,85.848342000000002
2016-02-24 05:00:00+00:00,85.599999999999994,86.849999999999994,81.280000000000001,82.170000000000002,1765896,15297,82.667654999999996
2016-02-25 05:00:00+00:00,82.829999999999998,84.719999999999999,82.530000000000001,84.540000000000006,1227864,11795,83.826116999999996
2016-02-26 05:00:00+00:00,84.650000000000006,84.760000000000005,83.079999999999998,83.109999999999999,1058487,9748,83.738247999999999
2016-02-29 05:00:00+00:00,83.170000000000002,83.680000000000007,82.109999999999999,82.150000000000006,1630525,14745,82.619731000000002
2016-03-01 05:00:00+00:00,82.870000000000005,84.25,82.379999999999995,84.239999999999995,1313585,10793,83.801139000000006
2016-03-02 05:00:00+00:00,84.010000000000005,86.319999999999993,83.620000000000005,86.290000000000006,1503715,13946,85.388634999999994
2016-03-03 05:00:00+00:00,86.319999999999993,86.420000000000002,83.754999999999995,84.829999999999998,1203314,10980,84.534880000000001
2016-03-04 05:00:00+00:00,84.829999999999998,85,83.659999999999997,83.980000000000004,1209007,10684,84.106803999999997
2016-03-07 05:00:00+00:00,83.430000000000007,84.495000000000005,83,83.599999999999994,1386490,10694,83.694839999999999
2016-03-08 05:00:00+00:00,83.379999999999995,84.670000000000002,83.010000000000005,83.450000000000003,1406740,11008,83.877972999999997
2016-03-09 05:00:00+00:00,83.549999999999997,85.625,83.400000000000006,84.950000000000003,1148309,12001,84.865830000000003
2016-03-10 05:00:00+00:00,85.519999999999996,85.989999999999995,84.129999999999995,85.159999999999997,1068542,11769,85.017767000000006
2016-03-11 05:00:00+00:00,86.049999999999997,87.120000000000005,85.230000000000004,87.079999999999998,1116047,8934,86.591081000000003
2016-03-14 04:00:00+00:00,86.870000000000005,87.459999999999994,86.450000000000003,87.280000000000001,841005,8318,87.008291999999997
2016-03-15 04:00:00+00:00,87.010000000000005,89.049999999999997,87,88.25,987873,9890,88.293255000000002
2016-03-16 04:00:00+00:00,87.719999999999999,90.230000000000004,87.423900000000003,89.969999999999999,1046972,10557,89.132620000000003
2016-03-17 04:00:00+00:00,90.060000000000002,91.599999999999994,89.819999999999993,91.269999999999996,1068670,10638,90.967471000000003
2016-03-18 04:00:00+00:00,91.379999999999995,91.700000000000003,89.290000000000006,89.609999999999999,4054896,15248,89.947902999999997
2016-03-21 04:00:00+00:00,89.140000000000001,90.090000000000003,88.25,88.510000000000005,1185730,10987,88.966663999999994
2016-03-22 04:00:00+00:00,87.959999999999994,89.430000000000007,87.959999999999994,88.640000000000001,1485404,12253,88.647019999999998
2016-03-23 04:00:00+00:00,88.849999999999994,90.189999999999998,88.540000000000006,89.370000000000005,1200326,7345,89.541853000000003
2016-03-24 04:00:00+00:00,89.159999999999997,90.260000000000005,88.879999999999995,90.079999999999998,924560,9108,89.828275000000005
2016-03-28 04:00:00+00:00,90.170000000000002,91.5,90.105000000000004,91.129999999999995,592398,6374,90.927521999999996
2016-03-29 04:00:00+00:00,91.299999999999997,93,91.069999999999993,92.980000000000004,934414,11611,92.38185
2016-03-30 04:00:00+00:00,93.299999999999997,93.409999999999997,92.159999999999997,92.510000000000005,880936,8573,92.663379000000006
2016-03-31 04:00:00+00:00,92.569999999999993,93.480000000000004,92.430000000000007,93.459999999999994,933436,6915,93.270303999999996
2016-04-01 04:00:00+00:00,93.25,93.989999999999995,92.730000000000004,93.510000000000005,872370,9106,93.567356000000004
2016-04-04 04:00:00+00:00,93.939999999999998,94.163799999999995,92.25,93.489999999999995,1013207,10993,93.087243999999998
2016-04-05 04:00:00+00:00,93.224999999999994,93.439999999999998,92.480000000000004,92.629999999999995,461974,6130,92.767529999999994
2016-04-06 04:00:00+00:00,92.170000000000002,93.5,92.170000000000002,93.480000000000004,743152,7384,93.063188999999994
2016-04-07 04:00:00+00:00,93.140000000000001,93.319999999999993,91.980000000000004,92.700000000000003,983783,7867,92.578917000000004
2016-04-08 04:00:00+00:00,92.959999999999994,94.219999999999999,92.439999999999998,93.579999999999998,616243,6846,93.50752
2016-04-11 04:00:00+00:00,93.590000000000003,93.769999999999996,91.950000000000003,91.950000000000003,617047,7529,92.392105999999998
2016-04-12 04:00:00+00:00,91.950000000000003,92.359999999999999,91.349999999999994,92.129999999999995,1123369,8844,91.931247999999997
2016-04-13 04:00:00+00:00,92.579999999999998,92.620000000000005,90.680000000000007,91.489999999999995,865953,10429,91.388176000000001
2016-04-14 04:00:00+00:00,91.099999999999994,91.370000000000005,88.950000000000003,89.260000000000005,1185801,10075,89.390702000000005
2016-04-15 04:00:00+00:00,89.290000000000006,90.469999999999999,89.200000000000003,90.189999999999998,747730,7532,89.938091
2016-04-18 04:00:00+00:00,90.129999999999995,90.859999999999999,89.290000000000006,90.560000000000002,988042,9071,90.137418999999994
2016-04-19 04:00:00+00:00,90.599999999999994,91.079999999999998,87.349999999999994,88.049999999999997,1707015,15756,88.030017999999998
2016-04-20 04:00:00+00:00,88.010000000000005,88.370000000000005,87.140000000000001,87.530000000000001,1349500,14042,87.689532
2016-04-21 04:00:00+00:00,87.450000000000003,87.75,85.060000000000002,85.390000000000001,1174467,11738,86.123971999999995
2016-04-22 04:00:00+00:00,85.379999999999995,86.189999999999998,84.909999999999997,86,1189720,10511,85.585804999999993
2016-04-25 04:00:00+00:00,85.730000000000004,86.719999999999999,85.609999999999999,86.450000000000003,638899,6073,86.315247999999997
2016-04-26 04:00:00+00:00,86.629999999999995,87.939999999999998,86.629999999999995,87.209999999999994,996475,9697,87.321234000000004
2016-04-27 04:00:00+00:00,87.269999999999996,87.670000000000002,85.030000000000001,86.030000000000001,697398,7857,86.014792999999997
2016-04-28 04:00:00+00:00,85.230000000000004,86.859999999999999,85.230000000000004,86.140000000000001,661398,6823,86.318467999999996
2016-04-29 04:00:00+00:00,85.560000000000002,86.079999999999998,84.099999999999994,84.950000000000003,1005864,9382,84.86063
2016-05-02 04:00:00+00:00,84.980000000000004,87.180000000000007,84.959999999999994,86.870000000000005,745399,9608,86.507722999999999
2016-05-03 04:00:00+00:00,87.150000000000006,89.060000000000002,86.920000000000002,88.879999999999995,1283096,13918,88.521794
2016-05-04 04:00:00+00:00,88.5,92.040000000000006,88.030000000000001,90.430000000000007,1499787,13785,90.540276000000006
2016-05-05 04:00:00+00:00,90.200000000000003,91.120000000000005,89.724999999999994,90.730000000000004,766405,9094,90.648611000000002
2016-05-06 04:00:00+00:00,90.920000000000002,92.629999999999995,90.569999999999993,92.430000000000007,848702,8335,91.829437999999996
2016-05-09 04:00:00+00:00,92.569999999999993,93.430000000000007,91.989999999999995,93.349999999999994,781447,8314,93.057794999999999
2016-05-10 04:00:00+00:00,93.5,94.040000000000006,93.170000000000002,94.040000000000006,1172971,11292,93.757740999999996
2016-05-11 04:00:00+00:00,93.950000000000003,93.950000000000003,90.709999999999994,91.780000000000001,950274,10209,91.597795000000005
2016-05-12 04:00:00+00:00,91.959999999999994,93.650000000000006,90.890000000000001,93.400000000000006,1276503,8131,93.143786000000006
2016-05-13 04:00:00+00:00,93.450000000000003,93.879999999999995,92.700000000000003,92.969999999999999,512283,6221,93.192727000000005
2016-05-16 04:00:00+00:00,92.900000000000006,93.959999999999994,92.420000000000002,93.569999999999993,625022,7636,93.526568999999995
2016-05-17 04:00:00+00:00,93.239999999999995,93.239999999999995,91.329999999999998,92.079999999999998,1213770,9341,92.150236000000007
2016-05-18 04:00:00+00:00,91.859999999999999,92.420000000000002,90.180000000000007,91.189999999999998,1013998,10969,91.393343000000002
2016-05-19 04:00:00+00:00,90.75,90.760000000000005,89.510000000000005,89.75,1054831,9280,90.018895000000001
2016-05-20 04:00:00+00:00,90.189999999999998,91.049999999999997,89.329999999999998,91.030000000000001,1300353,9611,90.518885999999995
2016-05-23 04:00:00+00:00,91.239999999999995,91.569999999999993,90.569999999999993,91.150000000000006,781313,7293,91.184775000000002
2016-05-24 04:00:00+00:00,91.340000000000003,92.480000000000004,90.950000000000003,91.969999999999999,985220,8431,91.882109999999997
2016-05-25 04:00:00+00:00,92.040000000000006,92.390000000000001,90.819999999999993,92.260000000000005,898379,7291,91.856187000000006
2016-05-26 04:00:00+00:00,92.239999999999995,93.099999999999994,91.890000000000001,92.640000000000001,910641,7354,92.553451999999993
2016-05-27 04:00:00+00:00,92.900000000000006,93.790000000000006,92.349999999999994,92.930000000000007,599860,6227,92.882268999999994
2016-05-31 04:00:00+00:00,93.359999999999999,93.359999999999999,92.099999999999994,92.969999999999999,2057087,7074,92.914085999999998
2016-06-01 04:00:00+00:00,92.489999999999995,93.420000000000002,92.260000000000005,93,829222,10326,92.771539000000004
2016-06-02 04:00:00+00:00,92.689999999999998,93.409999999999997,92.290000000000006,93.409999999999997,496551,5981,93.055580000000006
2016-06-03 04:00:00+00:00,94.040000000000006,94.810000000000002,93.340000000000003,93.560000000000002,921580,9476,93.651765999999995
2016-06-06 04:00:00+00:00,93.5,94.019999999999996,91.400000000000006,91.909999999999997,936970,10601,92.292371000000003
2016-06-07 04:00:00+00:00,92.329999999999998,92.799999999999997,91.780000000000001,91.969999999999999,800695,7433,92.212693999999999
2016-06-08 04:00:00+00:00,91.780000000000001,91.965000000000003,90.400000000000006,91,833620,8411,91.049948000000001
2016-06-09 04:00:00+00:00,91.040000000000006,91.319999999999993,89.019999999999996,89.670000000000002,2093363,18714,89.651300000000006
2016-06-10 04:00:00+00:00,89.319999999999993,89.480000000000004,88.280000000000001,88.609999999999999,1688182,15280,88.778968000000006
2016-06-13 04:00:00+00:00,88.140000000000001,89.019999999999996,87.560000000000002,87.670000000000002,1107938,12299,88.109795000000005
2016-06-14 04:00:00+00:00,87.549999999999997,87.809899999999999,86.015000000000001,86.140000000000001,1243734,12575,86.457910999999996
2016-06-15 04:00:00+00:00,86.310000000000002,87.769999999999996,86.310000000000002,87.310000000000002,1337854,14698,87.214397000000005
2016-06-16 04:00:00+00:00,87.239999999999995,88.009,87.030000000000001,87.909999999999997,881347,10274,87.685205999999994
2016-06-17 04:00:00+00:00,87.640000000000001,87.909999999999997,86.304000000000002,87.120000000000005,1265961,9582,87.031612999999993
2016-06-20 04:00:00+00:00,87.530000000000001,88.349999999999994,87.189999999999998,87.299999999999997,705407,7781,87.638536999999999
2016-06-21 04:00:00+00:00,87.400000000000006,88,87.230000000000004,87.319999999999993,629008,6848,87.477141000000003
2016-06-22 04:00:00+00:00,87.319999999999993,87.819999999999993,86.484999999999999,87.469999999999999,897584,8355,87.473517999999999
2016-06-23 04:00:00+00:00,87.870000000000005,88.400000000000006,86.950000000000003,87.040000000000006,849908,8493,87.267016999999996
2016-06-24 04:00:00+00:00,84.719999999999999,87.900000000000006,84.590000000000003,86.870000000000005,2317111,15485,87.033472000000003
2016-06-27 04:00:00+00:00,86.5,90.409999999999997,86.457700000000003,90.310000000000002,1976068,20951,89.100431999999998
2016-06-28 04:00:00+00:00,90.709999999999994,91.769999999999996,90.510000000000005,91.480000000000004,1000705,10821,91.321042000000006
2016-06-29 04:00:00+00:00,91.629999999999995,92.459999999999994,91.010000000000005,91.359999999999999,1020386,11355,91.374943999999999
2016-06-30 04:00:00+00:00,91.439999999999998,92.715000000000003,91.180000000000007,92.540000000000006,1736174,14806,92.218187
2016-07-01 04:00:00+00:00,92.629999999999995,92.829999999999998,90.209999999999994,90.650000000000006,1047530,10255,90.904836000000003
2016-07-05 04:00:00+00:00,90.219999999999999,93.375,90.219999999999999,93.25,1540269,11528,92.904133999999999
2016-07-06 04:00:00+00:00,92.760000000000005,93.150000000000006,91.719999999999999,92.459999999999994,1008279,8308,92.382267999999996
2016-07-07 04:00:00+00:00,92.099999999999994,92.290000000000006,90.760000000000005,92.040000000000006,817904,8993,91.764024000000006
2016-07-08 04:00:00+00:00,91.739999999999995,93.599999999999994,91.519999999999996,93.25,1431303,9433,93.040074000000004
2016-07-11 04:00:00+00:00,93.930000000000007,93.930000000000007,92.370000000000005,93.670000000000002,657584,6811,93.430667999999997
2016-07-12 04:00:00+00:00,93.400000000000006,93.599999999999994,92.349999999999994,93.489999999999995,1030689,11700,93.069755000000001
2016-07-13 04:00:00+00:00,93.219999999999999,94.489999999999995,93.144999999999996,94.379999999999995,813199,8449,94.176064999999994
2016-07-14 04:00:00+00:00,94.299999999999997,94.299999999999997,92.888000000000005,94.109999999999999,1196944,12008,93.848129
2016-07-15 04:00:00+00:00,94.239999999999995,94.239999999999995,92.280000000000001,92.709999999999994,1103112,11104,92.830115000000006
2016-07-18 04:00:00+00:00,92.849999999999994,93.049999999999997,91.879999999999995,92.370000000000005,1075655,8881,92.405867000000001
2016-07-19 04:00:00+00:00,92.109999999999999,92.409999999999997,91.319999999999993,92.239999999999995,770703,7925,91.920415000000006
2016-07-20 04:00:00+00:00,92.280000000000001,92.909999999999997,91.734999999999999,92.840000000000003,893707,7045,92.648392999999999
2016-07-21 04:00:00+00:00,92.780000000000001,93.129999999999995,92.109999999999999,92.890000000000001,845891,7854,92.845596
2016-07-22 04:00:00+00:00,92.689999999999998,93.930000000000007,92.644999999999996,93.620000000000005,627423,6614,93.654660000000007
2016-07-25 04:00:00+00:00,93.25,93.780000000000001,90.739999999999995,91.859999999999999,1245861,10682,91.765767999999994
2016-07-26 04:00:00+00:00,91.819999999999993,91.819999999999993,90.150000000000006,90.400000000000006,643334,7338,90.589135999999996
2016-07-27 04:00:00+00:00,90.180000000000007,90.409999999999997,89.159999999999997,89.900000000000006,709496,7975,89.849875999999995
2016-07-28 04:00:00+00:00,88.620000000000005,88.882000000000005,84.189999999999998,85.980000000000004,3571147,26315,85.648628000000002
2016-07-29 04:00:00+00:00,85.840000000000003,88.599999999999994,85.459999999999994,86.019999999999996,2897131,20254,86.661196000000004
2016-08-01 04:00:00+00:00,86,86.859999999999999,85.870000000000005,86.569999999999993,1449314,14207,86.323672999999999
2016-08-02 04:00:00+00:00,86.530000000000001,87.150000000000006,84.900000000000006,85.170000000000002,1744594,13083,85.417044000000004
2016-08-03 04:00:00+00:00,85.019999999999996,85.109999999999999,82.5,83.049999999999997,2293219,17480,83.185256999999993
2016-08-04 04:00:00+00:00,82.590000000000003,82.844999999999999,81.359999999999999,81.989999999999995,1718572,12823,82.054950000000005
2016-08-05 04:00:00+00:00,82.25,83.900000000000006,81.299999999999997,82.480000000000004,1595727,14791,82.311233000000001
2016-08-08 04:00:00+00:00,82.409999999999997,83.429000000000002,82.135000000000005,82.290000000000006,1184660,12117,82.608365000000006
2016-08-09 04:00:00+00:00,82.219999999999999,82.950000000000003,81.519999999999996,82.900000000000006,909832,9566,82.578322
2016-08-10 04:00:00+00:00,83.209999999999994,83.870000000000005,82.879999999999995,83.760000000000005,1842053,13978,83.439560999999998
2016-08-11 04:00:00+00:00,84,84.049999999999997,83.219999999999999,83.549999999999997,1283661,12463,83.443837000000002
2016-08-12 04:00:00+00:00,83.420000000000002,85.120000000000005,83.209999999999994,83.439999999999998,1452199,13020,83.716488999999996
2016-08-15 04:00:00+00:00,83.810000000000002,83.879999999999995,83.030000000000001,83.109999999999999,1557585,13189,83.247429999999994
2016-08-16 04:00:00+00:00,83.140000000000001,83.189999999999998,82.140000000000001,82.560000000000002,1054494,9345,82.613332999999997
2016-08-17 04:00:00+00:00,82.439999999999998,82.75,81.599999999999994,82.579999999999998,868908,8934,82.320126000000002
2016-08-18 04:00:00+00:00,82.719999999999999,82.829999999999998,81.540000000000006,81.769999999999996,688803,7255,81.834740999999994
2016-08-19 04:00:00+00:00,81.859999999999999,81.890000000000001,80.060000000000002,80.790000000000006,938059,8334,80.730695999999995
2016-08-22 04:00:00+00:00,80.840000000000003,81.75,80.489999999999995,81.349999999999994,771430,7361,81.249315999999993
2016-08-23 04:00:00+00:00,81.5,81.620000000000005,81,81.180000000000007,862871,7927,81.202950999999999
2016-08-24 04:00:00+00:00,81.180000000000007,81.355000000000004,80.185000000000002,80.569999999999993,843596,8251,80.525660999999999
2016-08-25 04:00:00+00:00,80.629999999999995,81.569999999999993,80.319999999999993,80.989999999999995,748952,8464,81.060113000000001
2016-08-26 04:00:00+00:00,80.959999999999994,81.189999999999998,79.129999999999995,79.879999999999995,1076488,13348,80.088595999999995
2016-08-29 04:00:00+00:00,80.090000000000003,81.099999999999994,80,80.579999999999998,562731,5989,80.583263000000002
2016-08-30 04:00:00+00:00,80.450000000000003,80.75,79.534999999999997,80.400000000000006,911476,9885,80.135366000000005
2016-08-31 04:00:00+00:00,80.489999999999995,81.180000000000007,79.790000000000006,80.549999999999997,1433601,9847,80.545422000000002
2016-09-01 04:00:00+00:00,80.549999999999997,81.840000000000003,80.234999999999999,81.010000000000005,1042318,9932,81.052673999999996
2016-09-02 04:00:00+00:00,81.349999999999994,82.640000000000001,81.239999999999995,81.859999999999999,706757,7494,81.819030999999995
2016-09-06 04:00:00+00:00,81.890000000000001,82.200000000000003,81.010000000000005,82.069999999999993,864053,8465,81.776542000000006
2016-09-07 04:00:00+00:00,81.890000000000001,82.819999999999993,81.390000000000001,82.659999999999997,813923,8859,82.440282999999994
2016-09-08 04:00:00+00:00,82.329999999999998,82.590000000000003,81.609999999999999,81.870000000000005,1327620,7166,82.036694999999995
2016-09-09 04:00:00+00:00,80.980000000000004,81.519999999999996,79.700000000000003,79.920000000000002,1136321,10068,80.264067999999995
2016-09-12 04:00:00+00:00,79.879999999999995,80.420000000000002,78.359999999999999,78.530000000000001,2538920,20924,78.937749999999994
2016-09-13 04:00:00+00:00,77.359999999999999,77.950000000000003,76.030000000000001,76.170000000000002,1677271,15029,76.520256000000003
2016-09-14 04:00:00+00:00,76.299999999999997,77.469999999999999,76.260000000000005,77.129999999999995,1192716,10210,77.087754000000004
2016-09-15 04:00:00+00:00,77.120000000000005,77.885000000000005,77.040000000000006,77.760000000000005,1102323,9547,77.621198000000007
2016-09-16 04:00:00+00:00,77.439999999999998,77.75,76.879999999999995,77.200000000000003,2143884,11991,77.219943999999998
2016-09-19 04:00:00+00:00,77.159999999999997,77.680000000000007,77.019999999999996,77.560000000000002,1144118,10377,77.399923000000001
2016-09-20 04:00:00+00:00,78.019999999999996,78.019999999999996,77.310000000000002,77.319999999999993,1086346,9185,77.527417999999997
2016-09-21 04:00:00+00:00,77.230000000000004,77.810000000000002,75.819999999999993,77.650000000000006,1076434,10784,77.040754000000007
2016-09-22 04:00:00+00:00,78.219999999999999,79.640000000000001,78.150000000000006,79.430000000000007,1031029,10119,79.050622000000004
2016-09-23 04:00:00+00:00,79.379999999999995,80.810000000000002,78.349999999999994,80.019999999999996,1096765,12338,79.952622000000005
2016-09-26 04:00:00+00:00,79.969999999999999,81.709999999999994,79.75,81.379999999999995,1080674,10625,81.262287000000001
2016-09-27 04:00:00+00:00,81.340000000000003,82.049999999999997,80.700000000000003,80.879999999999995,708850,7382,81.255311000000006
2016-09-28 04:00:00+00:00,80.870000000000005,81.680000000000007,80.700000000000003,81.609999999999999,669026,6741,81.347386999999998
2016-09-29 04:00:00+00:00,81.099999999999994,81.549999999999997,80.459999999999994,80.920000000000002,1041451,8717,81.003009000000006
2016-09-30 04:00:00+00:00,81.450000000000003,81.75,79.400000000000006,79.409999999999997,1989948,12563,79.720961000000003
2016-10-03 04:00:00+00:00,79.239999999999995,79.239999999999995,77.640000000000001,77.659999999999997,1064758,11588,78.016313999999994
2016-10-04 04:00:00+00:00,77.560000000000002,77.689999999999998,75.909999999999997,76.689999999999998,1328170,12972,76.483203000000003
2016-10-05 04:00:00+00:00,76.609999999999999,77.129999999999995,73.959999999999994,74.129999999999995,1802951,13063,74.480357999999995
2016-10-06 04:00:00+00:00,73.900000000000006,75.254999999999995,73.019999999999996,74.109999999999999,1789637,13288,74.276732999999993
2016-10-07 04:00:00+00:00,74.680000000000007,76.25,74.480000000000004,75.469999999999999,1254023,10788,75.523167999999998
2016-10-10 04:00:00+00:00,75.489999999999995,75.849999999999994,74.935000000000002,75.599999999999994,686541,5088,75.473219
2016-10-11 04:00:00+00:00,75.5,76.170000000000002,74.75,74.920000000000002,559163,5692,75.100289000000004
2016-10-12 04:00:00+00:00,75.049999999999997,76.140000000000001,74.680000000000007,75.760000000000005,560569,5419,75.591781999999995
2016-10-13 04:00:00+00:00,75.5,76.219999999999999,75.194999999999993,76.079999999999998,640450,5888,75.964191
2016-10-14 04:00:00+00:00,76.079999999999998,76.469999999999999,75.414000000000001,75.930000000000007,492102,5236,75.9499
2016-10-17 04:00:00+00:00,76.010000000000005,76.650000000000006,75.534999999999997,76.290000000000006,502882,5508,76.315865000000002
2016-10-18 04:00:00+00:00,76.680000000000007,76.900000000000006,75.920000000000002,76.189999999999998,457297,5150,76.394750000000002
2016-10-19 04:00:00+00:00,76.099999999999994,76.409999999999997,75.775000000000006,76.290000000000006,759391,6114,76.169523999999996
2016-10-20 04:00:00+00:00,76.469999999999999,76.75,75.870000000000005,76.269999999999996,863157,6367,76.219820999999996
2016-10-21 04:00:00+00:00,75.799999999999997,76,74.700000000000003,74.819999999999993,879905,7535,75.042468
2016-10-24 04:00:00+00:00,75,75.909999999999997,74.620000000000005,75.090000000000003,887284,7345,75.092639000000005
2016-10-25 04:00:00+00:00,74.950000000000003,75.480000000000004,74.525000000000006,75.280000000000001,566455,5897,75.157601
2016-10-26 04:00:00+00:00,75.409999999999997,76.415000000000006,74.459999999999994,76.219999999999999,1058408,9112,75.396567000000005
2016-10-27 04:00:00+00:00,74.469999999999999,75.75,70.299999999999997,70.590000000000003,1697647,15839,71.786574000000002
2016-10-28 04:00:00+00:00,70.590000000000003,72.310000000000002,70.590000000000003,72.090000000000003,1034457,8870,71.882897
2016-10-31 04:00:00+00:00,72.489999999999995,73.219999999999999,72,73.150000000000006,1665176,10736,72.816688999999997
2016-11-01 04:00:00+00:00,73.060000000000002,73.430000000000007,71.189999999999998,71.260000000000005,1313679,13370,71.795983000000007
2016-11-02 04:00:00+00:00,71.670000000000002,72.239999999999995,71.359999999999999,71.519999999999996,964514,9812,71.712474
2016-11-03 04:00:00+00:00,71.129999999999995,71.349999999999994,70.155799999999999,70.420000000000002,900279,8291,70.534073000000006
2016-11-04 04:00:00+00:00,70.700000000000003,71.870000000000005,70.010000000000005,71.659999999999997,1150240,10715,71.156164000000004
2016-11-07 05:00:00+00:00,72.480000000000004,74.140000000000001,72.25,74.090000000000003,899744,8829,73.680651999999995
2016-11-08 05:00:00+00:00,74.189999999999998,75.640000000000001,73.709999999999994,75.379999999999995,940161,8748,75.204674999999995
2016-11-09 05:00:00+00:00,74.359999999999999,76.530000000000001,72.659999999999997,75.989999999999995,1599097,15382,75.550461999999996
2016-11-10 05:00:00+00:00,76.069999999999993,76.069999999999993,72.370000000000005,73.439999999999998,1489274,13435,73.720225999999997
2016-11-11 05:00:00+00:00,73.420000000000002,75.629999999999995,73.219999999999999,73.760000000000005,816889,9224,74.241354999999999
2016-11-14 05:00:00+00:00,73.349999999999994,74.849999999999994,72.340100000000007,74.849999999999994,1012026,10891,73.864281000000005
2016-11-15 05:00:00+00:00,74.989999999999995,76.150000000000006,72.319999999999993,73.390000000000001,1245820,12200,73.926199999999994
2016-11-16 05:00:00+00:00,73.079999999999998,73.459999999999994,70.849999999999994,71.870000000000005,930902,8660,71.651190999999997
2016-11-17 05:00:00+00:00,71.980000000000004,72.719999999999999,70.299999999999997,70.510000000000005,787076,7812,70.931608999999995
2016-11-18 05:00:00+00:00,70.620000000000005,71.120000000000005,69.640000000000001,70.609999999999999,1005185,8154,70.423472000000004
2016-11-21 05:00:00+00:00,70.469999999999999,70.939999999999998,68.569999999999993,68.780000000000001,1131425,10035,69.313254000000001
2016-11-22 05:00:00+00:00,68.920000000000002,69.944999999999993,68.090000000000003,69.810000000000002,1072208,9513,69.473264999999998
2016-11-23 05:00:00+00:00,69.480000000000004,70.189999999999998,68.75,69.640000000000001,668955,6129,69.520476000000002
2016-11-25 05:00:00+00:00,69.849999999999994,70.930000000000007,69.504999999999995,70.079999999999998,389152,4243,70.350793999999993
2016-11-28 05:00:00+00:00,69.819999999999993,71.030000000000001,69.819999999999993,70.950000000000003,687614,6567,70.781830999999997
2016-11-29 05:00:00+00:00,71.019999999999996,72.670000000000002,70.459999999999994,70.849999999999994,824391,7403,70.955944000000002
2016-11-30 05:00:00+00:00,70.329999999999998,71.290000000000006,69.790000000000006,70.159999999999997,1385791,8234,70.245249000000001
2016-12-01 05:00:00+00:00,69.849999999999994,70.439999999999998,68.609999999999999,69.209999999999994,964854,8940,69.268921000000006
2016-12-02 05:00:00+00:00,69.620000000000005,71.319999999999993,69.189999999999998,70.180000000000007,870481,8717,70.420614999999998
2016-12-05 05:00:00+00:00,70.079999999999998,70.519999999999996,68.909999999999997,70.430000000000007,973441,9328,70.033962000000002
2016-12-06 05:00:00+00:00,70.519999999999996,71.930000000000007,69.810000000000002,71.900000000000006,1000994,9772,71.350356000000005
2016-12-07 05:00:00+00:00,71.930000000000007,74.379999999999995,71.629999999999995,74.200000000000003,1534809,11496,73.485562000000002
2016-12-08 05:00:00+00:00,73.890000000000001,75.25,72.519999999999996,75.189999999999998,1955891,15339,74.656002000000001
2016-12-09 05:00:00+00:00,75.170000000000002,76,74.239999999999995,75.010000000000005,1610870,14261,75.015395999999996
2016-12-12 05:00:00+00:00,74.810000000000002,75.400000000000006,74.180000000000007,74.739999999999995,967861,9690,74.685265999999999
2016-12-13 05:00:00+00:00,74.829999999999998,74.829999999999998,73.799999999999997,74.140000000000001,1693593,11929,74.195117999999994
2016-12-14 05:00:00+00:00,73.909999999999997,74.959999999999994,73.219999999999999,73.409999999999997,1296187,12347,73.643002999999993
2016-12-15 05:00:00+00:00,72.310000000000002,73.079999999999998,72,72.379999999999995,1383643,12877,72.468971999999994
2016-12-16 05:00:00+00:00,73.090000000000003,74.769999999999996,72.984999999999999,74.200000000000003,1718190,7714,74.046898999999996
2016-12-19 05:00:00+00:00,74.519999999999996,75.25,74.084999999999994,74.939999999999998,766440,6968,74.785588000000004
2016-12-20 05:00:00+00:00,74.689999999999998,74.930000000000007,73.629999999999995,74.299999999999997,1063524,8873,74.093276000000003
2016-12-21 05:00:00+00:00,74.310000000000002,75.25,73.560000000000002,73.579999999999998,1918313,15362,74.197225000000003
2016-12-22 05:00:00+00:00,73.469999999999999,74.430000000000007,73.280000000000001,74.359999999999999,741506,7124,74.022606999999994
2016-12-23 05:00:00+00:00,74.349999999999994,74.980000000000004,73.939999999999998,74.760000000000005,600757,5823,74.651852000000005
2016-12-27 05:00:00+00:00,75.049999999999997,75.780000000000001,74.780000000000001,75.379999999999995,669828,6965,75.422497000000007
2016-12-28 05:00:00+00:00,75.530000000000001,75.530000000000001,74.060000000000002,74.340000000000003,873319,8732,74.575411000000003
2016-12-29 05:00:00+00:00,74.349999999999994,76.030000000000001,73.450000000000003,75.590000000000003,940859,8712,75.375007999999994
2016-12-30 05:00:00+00:00,75.670000000000002,77.299999999999997,75.109999999999999,77.239999999999995,996720,9850,76.839392000000004
2017-01-03 05:00:00+00:00,77.25,77.400000000000006,76.159999999999997,77.049999999999997,968006,11143,76.751035999999999
2017-01-04 05:00:00+00:00,77.170000000000002,77.870000000000005,76.780000000000001,77.459999999999994,995755,10273,77.429586999999998
2017-01-05 05:00:00+00:00,76.829999999999998,78.510000000000005,75.969999999999999,78.469999999999999,958664,9506,77.773132000000004
2017-01-06 05:00:00+00:00,78.120000000000005,79.299999999999997,77.650000000000006,79.200000000000003,1023950,9264,78.920609999999996
2017-01-09 05:00:00+00:00,79.269999999999996,79.379999999999995,78.049999999999997,78.260000000000005,692883,7534,78.399097999999995
2017-01-10 05:00:00+00:00,78.25,78.400000000000006,76.590000000000003,76.629999999999995,1076385,9372,77.067181000000005
2017-01-11 05:00:00+00:00,76.780000000000001,76.885000000000005,74.629999999999995,74.650000000000006,1622693,12642,75.330252000000002
2017-01-12 05:00:00+00:00,74.629999999999995,74.680000000000007,73.230000000000004,73.810000000000002,1395519,12656,73.724795
2017-01-13 05:00:00+00:00,73.760000000000005,73.950000000000003,72.620000000000005,72.650000000000006,1051070,9288,72.881314000000003
2017-01-17 05:00:00+00:00,72.659999999999997,73.150000000000006,72.400000000000006,73.040000000000006,1295163,12519,72.888707999999994
2017-01-18 05:00:00+00:00,73.120000000000005,73.579999999999998,72.484999999999999,73.170000000000002,951463,7393,73.113733999999994
2017-01-19 05:00:00+00:00,72.760000000000005,73.150000000000006,72.310000000000002,73.099999999999994,811166,8405,72.832539999999995
2017-01-20 05:00:00+00:00,73.049999999999997,73.579999999999998,72.269999999999996,73.420000000000002,1094212,8589,73.196330000000003
2017-01-23 05:00:00+00:00,73.659999999999997,75.140000000000001,73.659999999999997,75,1256694,10453,74.745202000000006
2017-01-24 05:00:00+00:00,74.829999999999998,75.430000000000007,74.700000000000003,75.140000000000001,814030,8230,75.097831999999997
2017-01-25 05:00:00+00:00,75.260000000000005,75.640199999999993,73.230000000000004,73.769999999999996,1168276,8818,74.046141000000006
2017-01-26 05:00:00+00:00,73.840000000000003,74.443100000000001,73.030000000000001,73.980000000000004,985565,8475,73.842310999999995
2017-01-27 05:00:00+00:00,74.150000000000006,74.447500000000005,73.099999999999994,73.200000000000003,849661,7377,73.608954999999995
2017-01-30 05:00:00+00:00,73.370000000000005,73.569999999999993,72.129999999999995,72.299999999999997,881665,7844,72.669832999999997
2017-01-31 05:00:00+00:00,72.260000000000005,73.079999999999998,71.829999999999998,72.049999999999997,881183,8730,72.355470999999994
2017-02-01 05:00:00+00:00,71.680000000000007,72.230000000000004,71.469999999999999,71.640000000000001,836506,9461,71.811789000000005
2017-02-02 05:00:00+00:00,71.620000000000005,72.870000000000005,71.620000000000005,72.459999999999994,772272,7717,72.474885999999998
2017-02-03 05:00:00+00:00,73.120000000000005,73.265000000000001,72.269999999999996,73.010000000000005,754746,8699,72.784143
2017-02-06 05:00:00+00:00,73.049999999999997,73.489999999999995,72.120000000000005,73.209999999999994,585359,6858,73.074421999999998
2017-02-07 05:00:00+00:00,73.180000000000007,74.215999999999994,73.180000000000007,73.719999999999999,748093,7348,73.720055000000002
2017-02-08 05:00:00+00:00,73.75,75.090000000000003,73.629999999999995,74.189999999999998,932482,8512,74.452213
2017-02-09 05:00:00+00:00,74.260000000000005,74.7179,73.739999999999995,74.510000000000005,358939,4344,74.397102000000004
2017-02-10 05:00:00+00:00,74.359999999999999,75.120000000000005,74.180000000000007,75,453500,4642,74.794168999999997
2017-02-13 05:00:00+00:00,75.25,75.560000000000002,74.489999999999995,74.849999999999994,656365,7113,74.889184999999998
2017-02-14 05:00:00+00:00,74.849999999999994,74.849999999999994,72.905000000000001,73.5,691964,8000,73.620949999999993
2017-02-15 05:00:00+00:00,72.709999999999994,73.709999999999994,71.859999999999999,73.540000000000006,787526,9023,73.072475999999995
2017-02-16 05:00:00+00:00,74.349999999999994,75.329999999999998,73.760000000000005,74.870000000000005,1205071,9571,74.719207999999995
2017-02-17 05:00:00+00:00,75.010000000000005,77.310000000000002,74.909999999999997,77.25,1573799,12331,76.688269000000005
2017-02-21 05:00:00+00:00,77.140000000000001,78.659999999999997,76.319999999999993,78.370000000000005,1367176,12763,77.898278000000005
2017-02-22 05:00:00+00:00,78.629999999999995,80.25,77.799999999999997,77.920000000000002,1886792,14550,78.844067999999993
2017-02-23 05:00:00+00:00,78.420000000000002,79.170000000000002,76.930000000000007,79.140000000000001,990113,9446,78.243064000000004
2017-02-24 05:00:00+00:00,79.189999999999998,79.810000000000002,78.489999999999995,79.489999999999995,723232,7643,79.388046000000003
2017-02-27 05:00:00+00:00,79.659999999999997,80.099999999999994,79.290000000000006,79.510000000000005,503817,6429,79.584460000000007
2017-02-28 05:00:00+00:00,79.659999999999997,80.180000000000007,79.069999999999993,79.189999999999998,931601,8595,79.352064999999996
2017-03-01 05:00:00+00:00,78.939999999999998,80.069999999999993,78.450000000000003,79.819999999999993,703591,8798,79.709343000000004
2017-03-02 05:00:00+00:00,79.599999999999994,80.359999999999999,79.049999999999997,79.420000000000002,613061,7374,79.585419000000002
2017-03-03 05:00:00+00:00,78.950000000000003,79.290000000000006,78.230000000000004,79.079999999999998,717699,6878,78.874554000000003
2017-03-06 05:00:00+00:00,78.680000000000007,79.650000000000006,78.230000000000004,79.459999999999994,905850,8653,79.204620000000006
2017-03-07 05:00:00+00:00,79.239999999999995,79.480000000000004,78.644999999999996,78.989999999999995,1082185,9363,79.001264000000006
2017-03-08 05:00:00+00:00,78.819999999999993,79.400000000000006,78.150000000000006,78.620000000000005,1106270,11505,78.804258000000004
2017-03-09 05:00:00+00:00,78.700000000000003,78.980000000000004,76.200000000000003,76.230000000000004,1246188,11981,77.000450999999998
2017-03-10 05:00:00+00:00,76.730000000000004,77.129999999999995,74.569999999999993,74.739999999999995,1404915,11812,75.126884000000004
2017-03-13 04:00:00+00:00,74.129999999999995,74.560000000000002,72.930000000000007,73.25,1798547,15760,73.401072999999997
2017-03-14 04:00:00+00:00,73.299999999999997,74.150000000000006,72.859999999999999,74.129999999999995,1226358,10677,73.586213999999998
2017-03-15 04:00:00+00:00,74.200000000000003,75.859999999999999,73.739999999999995,75.5,1059396,9780,74.999144000000001
2017-03-16 04:00:00+00:00,75.510000000000005,75.920000000000002,74.629999999999995,74.680000000000007,809432,7287,74.940544000000003
2017-03-17 04:00:00+00:00,74.920000000000002,75.920000000000002,74.590000000000003,75.359999999999999,1220896,6781,75.338898
2017-03-20 04:00:00+00:00,75.450000000000003,75.689999999999998,74.844999999999999,75.370000000000005,671247,5915,75.336342000000002
2017-03-21 04:00:00+00:00,75.569999999999993,75.980000000000004,74.909999999999997,75.310000000000002,904398,9031,75.394918000000004
2017-03-22 04:00:00+00:00,75.709999999999994,75.75,74.540000000000006,75.469999999999999,888750,8914,75.347378000000006
2017-03-23 04:00:00+00:00,75.530000000000001,76.200000000000003,75.019999999999996,75.5,1135469,9848,75.615707
2017-03-24 04:00:00+00:00,75.790000000000006,75.900000000000006,74.799999999999997,75.040000000000006,655865,6700,75.206389000000001
2017-03-27 04:00:00+00:00,75.230000000000004,75.280000000000001,74.049999999999997,74.459999999999994,770806,8622,74.507581000000002
2017-03-28 04:00:00+00:00,74.569999999999993,74.810000000000002,73.650000000000006,74.760000000000005,625358,6716,74.493521000000001
2017-03-29 04:00:00+00:00,74.540000000000006,74.540000000000006,73.409999999999997,74.060000000000002,890312,10460,73.852793000000005
2017-03-30 04:00:00+00:00,73.689999999999998,74.069999999999993,72.879999999999995,74,647685,6189,73.779069000000007
2017-03-31 04:00:00+00:00,73.760000000000005,74.799999999999997,73.700000000000003,74.390000000000001,1299539,10317,74.374504000000002
2017-04-03 04:00:00+00:00,75.010000000000005,76.030000000000001,74.549999999999997,75.540000000000006,1473888,14560,75.412244000000001
2017-04-04 04:00:00+00:00,75.450000000000003,76.650000000000006,75.290000000000006,76.140000000000001,1157356,11950,76.101493000000005
2017-04-05 04:00:00+00:00,76.150000000000006,77.474999999999994,75.989999999999995,77.379999999999995,1053257,10369,77.067097000000004
2017-04-06 04:00:00+00:00,77.340000000000003,78,76.944699999999997,77.689999999999998,803953,7857,77.649967000000004
2017-04-07 04:00:00+00:00,77.739999999999995,78.140000000000001,77.325000000000003,78.069999999999993,897255,9633,77.930554000000001
2017-04-10 04:00:00+00:00,78.079999999999998,78.840000000000003,77.739999999999995,78.780000000000001,837840,8015,78.608176
2017-04-11 04:00:00+00:00,78.780000000000001,79.489999999999995,78.510000000000005,78.680000000000007,611773,7239,78.790893999999994
2017-04-12 04:00:00+00:00,78.5,78.709999999999994,77.519999999999996,77.930000000000007,1452409,14333,78.075519999999997
2017-04-13 04:00:00+00:00,78.030000000000001,78.239999999999995,77.510000000000005,78.099999999999994,893588,8415,78.053775999999999
2017-04-17 04:00:00+00:00,78.469999999999999,80.4499,78.350899999999996,80.430000000000007,1160734,11817,79.613873999999996
2017-04-18 04:00:00+00:00,80,81.030000000000001,79.980000000000004,80.799999999999997,628568,6657,80.738229000000004
2017-04-19 04:00:00+00:00,80.870000000000005,81.209999999999994,80.290000000000006,80.469999999999999,536059,5761,80.581412999999998
2017-04-20 04:00:00+00:00,80.680000000000007,80.689999999999998,80.060000000000002,80.620000000000005,980011,7304,80.449316999999994
2017-04-21 04:00:00+00:00,80.549999999999997,81.189999999999998,80.234999999999999,80.469999999999999,1221014,10951,80.681053000000006
2017-04-24 04:00:00+00:00,80.519999999999996,81,78.420100000000005,78.939999999999998,1995851,18380,79.190647999999996
2017-04-25 04:00:00+00:00,79.129999999999995,79.439999999999998,78.219999999999999,78.579999999999998,1255703,10860,78.693528999999998
2017-04-26 04:00:00+00:00,78.650000000000006,79.189999999999998,78.129999999999995,78.969999999999999,1285498,11626,78.839917999999997
2017-04-27 04:00:00+00:00,79.700000000000003,79.75,75.739999999999995,76.049999999999997,1422670,12731,76.958844999999997
2017-04-28 04:00:00+00:00,75.640000000000001,76.090000000000003,74.510000000000005,75.530000000000001,1445993,14872,75.305569000000006
2017-05-01 04:00:00+00:00,75.719999999999999,75.840000000000003,74.819999999999993,75.430000000000007,1149143,12333,75.288228000000004
2017-05-02 04:00:00+00:00,75.489999999999995,75.605000000000004,73.260000000000005,73.540000000000006,1765920,14846,74.004998999999998
2017-05-03 04:00:00+00:00,73.799999999999997,74.019999999999996,72.560000000000002,72.829999999999998,1056595,10994,72.972892999999999
2017-05-04 04:00:00+00:00,72.700000000000003,73.400000000000006,71.439999999999998,73.310000000000002,1083659,8522,72.669516999999999
2017-05-05 04:00:00+00:00,73.409999999999997,74,72.989999999999995,73.390000000000001,708236,6725,73.335297999999995
2017-05-08 04:00:00+00:00,73.629999999999995,73.685400000000001,72.644999999999996,73.209999999999994,707566,6844,73.125649999999993
2017-05-09 04:00:00+00:00,73.200000000000003,73.709999999999994,72.659999999999997,73.140000000000001,871050,7855,72.990657999999996
2017-05-10 04:00:00+00:00,73.159999999999997,74.159999999999997,72.969999999999999,73.150000000000006,753747,5944,73.383488999999997
2017-05-11 04:00:00+00:00,73,73.069999999999993,72.439999999999998,72.510000000000005,2010237,11713,72.620515999999995
2017-05-12 04:00:00+00:00,72.689999999999998,72.799999999999997,72.269999999999996,72.420000000000002,1202539,9860,72.495345999999998
2017-05-15 04:00:00+00:00,72.420000000000002,73.709999999999994,72.25,73.25,1350778,11127,73.139280999999997
2017-05-16 04:00:00+00:00,73.290000000000006,73.290000000000006,71.340000000000003,71.790000000000006,1936291,12820,71.778495000000007
2017-05-17 04:00:00+00:00,71.799999999999997,75.400000000000006,71.75,75.269999999999996,2267887,19735,74.446263000000002
2017-05-18 04:00:00+00:00,75.230000000000004,79.140000000000001,74.709999999999994,75.900000000000006,1601797,14134,75.721305999999998
2017-05-19 04:00:00+00:00,76.060000000000002,77.010000000000005,75.405600000000007,76.489999999999995,2457261,17946,76.389294000000007
2017-05-22 04:00:00+00:00,76.989999999999995,77.75,76.590000000000003,77.540000000000006,1778577,13118,77.446267000000006
2017-05-23 04:00:00+00:00,77.540000000000006,78.180000000000007,77.290000000000006,77.879999999999995,1087512,7999,77.795732000000001
2017-05-24 04:00:00+00:00,77.920000000000002,78.780000000000001,77.909999999999997,78.689999999999998,1011048,7978,78.455948000000006
2017-05-25 04:00:00+00:00,78.890000000000001,79.900000000000006,78.489999999999995,79.040000000000006,1959490,9684,79.537902000000003
2017-05-26 04:00:00+00:00,78.849999999999994,79.140000000000001,77.340000000000003,78,943127,8011,77.854365000000001
2017-05-30 04:00:00+00:00,77.980000000000004,78.421899999999994,77.120000000000005,77.170000000000002,948333,8948,77.713854999999995
2017-05-31 04:00:00+00:00,77.049999999999997,77.680000000000007,77.049999999999997,77.469999999999999,1801694,8539,77.421722000000003
2017-06-01 04:00:00+00:00,77.280000000000001,77.400000000000006,74.819999999999993,75.769999999999996,1513803,13707,75.746956999999995
2017-06-02 04:00:00+00:00,76.109999999999999,76.903400000000005,75.730000000000004,76.459999999999994,1379828,11881,76.254382000000007
2017-06-05 04:00:00+00:00,76.219999999999999,76.379999999999995,74.959999999999994,75.680000000000007,536004,5971,75.605635000000007
2017-06-06 04:00:00+00:00,75.430000000000007,75.989999999999995,74.400000000000006,74.480000000000004,666129,7433,74.847729000000001
2017-06-07 04:00:00+00:00,74.480000000000004,75.840000000000003,74.280000000000001,75.829999999999998,843908,7009,75.484917999999993
2017-06-08 04:00:00+00:00,75.870000000000005,75.870000000000005,74.239999999999995,75.170000000000002,700224,6892,75.086523
2017-06-09 04:00:00+00:00,74.849999999999994,75.310000000000002,74.370000000000005,74.519999999999996,732334,8028,74.675100999999998
2017-06-12 04:00:00+00:00,74.269999999999996,75.469999999999999,74.269999999999996,75.450000000000003,1006743,8789,74.956818999999996
2017-06-13 04:00:00+00:00,74.599999999999994,75.234999999999999,74.299999999999997,75.200000000000003,803152,7445,74.972639999999998
2017-06-14 04:00:00+00:00,75.870000000000005,76.049999999999997,74.620000000000005,75.400000000000006,906859,9005,75.264121000000003
2017-06-15 04:00:00+00:00,75.400000000000006,77.019999999999996,75.400000000000006,76.790000000000006,700739,7805,76.655173000000005
2017-06-16 04:00:00+00:00,76.909999999999997,78.569999999999993,76.370000000000005,78.5,1891890,10606,78.038336999999999
2017-06-19 04:00:00+00:00,78.290000000000006,78.670000000000002,77.269999999999996,77.920000000000002,1166476,11661,78.043047000000001
2017-06-20 04:00:00+00:00,77.939999999999998,78.599999999999994,77.055000000000007,78.290000000000006,755650,7481,77.811662999999996
2017-06-21 04:00:00+00:00,78.379999999999995,78.680000000000007,77.829999999999998,78.090000000000003,859810,6826,78.089843000000002
2017-06-22 04:00:00+00:00,77.879999999999995,77.879999999999995,76.819999999999993,77.310000000000002,700113,6282,77.350013000000004
2017-06-23 04:00:00+00:00,77.459999999999994,79.209999999999994,77.099999999999994,78.75,1332818,6684,78.623745
2017-06-26 04:00:00+00:00,78.989999999999995,79.379999999999995,78.280100000000004,78.760000000000005,532744,5835,78.719370999999995
2017-06-27 04:00:00+00:00,78.400000000000006,79.019999999999996,78.230000000000004,78.310000000000002,772749,8726,78.536868999999996
2017-06-28 04:00:00+00:00,78.5,78.769999999999996,77.950000000000003,77.950000000000003,1090297,7161,78.185498999999993
2017-06-29 04:00:00+00:00,77.180000000000007,78.117000000000004,76.939999999999998,77.530000000000001,892920,8167,77.632940000000005
2017-06-30 04:00:00+00:00,77.650000000000006,78.530000000000001,77.129999999999995,78,1117963,9625,77.815742
2017-07-03 04:00:00+00:00,78.629999999999995,79.370000000000005,77.609999999999999,78.489999999999995,842842,6921,78.368452000000005
2017-07-05 04:00:00+00:00,78.409999999999997,78.519999999999996,77,77.390000000000001,1024551,9358,77.516242000000005
2017-07-06 04:00:00+00:00,77.239999999999995,77.340000000000003,75.810000000000002,75.909999999999997,1274032,12125,76.282392999999999
2017-07-07 04:00:00+00:00,76.099999999999994,77.069999999999993,75.739999999999995,76.530000000000001,787537,7500,76.629891000000001
2017-07-10 04:00:00+00:00,76.540000000000006,76.780000000000001,74.730000000000004,74.760000000000005,1296902,12005,75.326907000000006
2017-07-11 04:00:00+00:00,75.010000000000005,75.010000000000005,73.700000000000003,74.129999999999995,1096698,10597,74.129311000000001
2017-07-12 04:00:00+00:00,74.650000000000006,75.829999999999998,74.650000000000006,75.430000000000007,907427,11749,75.377564000000007
2017-07-13 04:00:00+00:00,75.489999999999995,76.144999999999996,75.337999999999994,75.569999999999993,873103,6465,75.603380000000001
2017-07-14 04:00:00+00:00,76.120000000000005,76.765000000000001,76.079999999999998,76.680000000000007,1008579,6728,76.611549999999994
2017-07-17 04:00:00+00:00,76.620000000000005,77.769999999999996,76.599999999999994,77.400000000000006,1452959,11128,77.156908999999999
2017-07-18 04:00:00+00:00,77.319999999999993,77.829999999999998,76.549999999999997,77.480000000000004,1342535,6724,77.406412000000003
2017-07-19 04:00:00+00:00,77.540000000000006,78.939999999999998,77.25,78.790000000000006,1952220,8054,78.350202999999993
2017-07-20 04:00:00+00:00,78.25,78.879999999999995,77.549999999999997,78.230000000000004,1095845,10501,78.409069000000002
2017-07-21 04:00:00+00:00,78.120000000000005,79.069999999999993,78.114999999999995,78.969999999999999,725936,6241,78.749442999999999
2017-07-24 04:00:00+00:00,79,79.159999999999997,78.150000000000006,78.640000000000001,947907,8744,78.718384999999998
2017-07-25 04:00:00+00:00,78.599999999999994,79.519999999999996,78.144999999999996,79.480000000000004,1337846,11928,79.009816000000001
2017-07-26 04:00:00+00:00,79.599999999999994,81.060000000000002,79.390000000000001,80.299999999999997,1659885,12992,80.443854000000002
2017-07-27 04:00:00+00:00,78.939999999999998,79,75.780000000000001,76.5,2564311,28728,76.830431000000004
2017-07-28 04:00:00+00:00,76.560000000000002,77.969999999999999,76.394999999999996,77.920000000000002,1711443,20943,77.535846000000006
2017-07-31 04:00:00+00:00,77.909999999999997,80.060000000000002,77.340000000000003,79.5,4277583,13573,79.366872000000001
2017-08-01 04:00:00+00:00,79.700000000000003,80.069999999999993,78.349999999999994,79.290000000000006,1358127,13227,78.976579999999998
2017-08-02 04:00:00+00:00,80.450000000000003,82.530000000000001,78.900000000000006,79.260000000000005,2456841,19302,80.502077
2017-08-03 04:00:00+00:00,78.840000000000003,79.075000000000003,76.329999999999998,77.219999999999999,1988539,18018,77.384472000000002
2017-08-04 04:00:00+00:00,77.159999999999997,77.959999999999994,77.010000000000005,77.75,953366,12313,77.499234000000001
2017-08-07 04:00:00+00:00,77.790000000000006,78.620000000000005,77.319999999999993,77.870000000000005,1215789,9556,77.826926
2017-08-08 04:00:00+00:00,77.650000000000006,78.280000000000001,76.739999999999995,77,984453,9358,77.125403000000006
2017-08-09 04:00:00+00:00,77.099999999999994,77.135000000000005,76.450000000000003,76.590000000000003,1120568,10842,76.693489999999997
2017-08-10 04:00:00+00:00,76.459999999999994,76.609999999999999,75.870000000000005,76.230000000000004,1121726,11746,76.255168999999995
2017-08-11 04:00:00+00:00,76.439999999999998,76.459999999999994,75.569999999999993,76.310000000000002,1043882,8875,76.154422999999994
2017-08-14 04:00:00+00:00,76.530000000000001,77.094999999999999,76.280000000000001,76.870000000000005,724765,7046,76.822738000000001
2017-08-15 04:00:00+00:00,76.760000000000005,76.969999999999999,76.219999999999999,76.599999999999994,1230481,11335,76.510734999999997
2017-08-16 04:00:00+00:00,76.920000000000002,77.269999999999996,75.599999999999994,75.870000000000005,1608606,11821,76.046030000000002
2017-08-17 04:00:00+00:00,75.989999999999995,76.859999999999999,75.719999999999999,76.189999999999998,940061,8407,76.355058999999997
2017-08-18 04:00:00+00:00,76.090000000000003,76.239999999999995,74.719999999999999,74.739999999999995,918977,7745,75.069772
2017-08-21 04:00:00+00:00,74.75,75.620000000000005,74.439999999999998,75.519999999999996,956584,8985,75.301557000000003
2017-08-22 04:00:00+00:00,75.709999999999994,75.989999999999995,75.150000000000006,75.819999999999993,496601,4864,75.733632
2017-08-23 04:00:00+00:00,75.769999999999996,77.819999999999993,75.709999999999994,77.659999999999997,790247,6116,77.342792000000003
2017-08-24 04:00:00+00:00,77.730000000000004,78.349999999999994,77.349999999999994,77.530000000000001,1077010,7192,77.724022000000005
2017-08-25 04:00:00+00:00,77.870000000000005,77.966999999999999,76.75,76.900000000000006,548724,5130,77.052055999999993
2017-08-28 04:00:00+00:00,76.989999999999995,77.416200000000003,76.519999999999996,77.269999999999996,635307,6452,77.117599999999996
2017-08-29 04:00:00+00:00,77.489999999999995,78.200000000000003,77.230000000000004,78.079999999999998,766194,6958,77.999526000000003
2017-08-30 04:00:00+00:00,77.689999999999998,78.019999999999996,76.359999999999999,77.590000000000003,839910,6787,77.331630000000004
2017-08-31 04:00:00+00:00,77.780000000000001,78.209999999999994,77.409999999999997,77.629999999999995,1343553,10037,77.694389000000001
2017-09-01 04:00:00+00:00,77.719999999999999,78.480000000000004,77.390000000000001,77.780000000000001,614922,6978,78.022761000000003
2017-09-05 04:00:00+00:00,77.849999999999994,78.420000000000002,77.359999999999999,78.400000000000006,993926,9757,78.006304999999998
2017-09-06 04:00:00+00:00,78.5,79.900000000000006,78.230000000000004,79.390000000000001,1094418,10418,79.387024999999994
2017-09-07 04:00:00+00:00,79.629999999999995,81.930000000000007,79.370099999999994,81.239999999999995,1423409,12785,81.174104999999997
2017-09-08 04:00:00+00:00,80.989999999999995,83.230000000000004,80.769999999999996,82.25,1413114,10640,82.398392000000001
2017-09-11 04:00:00+00:00,81.209999999999994,81.209999999999994,79.109999999999999,79.730000000000004,1618005,14400,79.770285999999999
2017-09-12 04:00:00+00:00,79.540000000000006,79.549999999999997,77.349999999999994,77.469999999999999,1107201,10390,77.780430999999993
2017-09-13 04:00:00+00:00,77.579999999999998,77.939999999999998,77.150000000000006,77.680000000000007,948128,8141,77.558758999999995
2017-09-14 04:00:00+00:00,77,78.640000000000001,76.680000000000007,78.370000000000005,817572,6875,78.044149000000004
2017-09-15 04:00:00+00:00,78.239999999999995,79.170000000000002,78.239999999999995,79.069999999999993,1371614,7184,78.86739
2017-09-18 04:00:00+00:00,79.079999999999998,79.549999999999997,78.719999999999999,79.400000000000006,805740,6042,79.248766000000003
2017-09-19 04:00:00+00:00,79.400000000000006,79.590000000000003,78.924999999999997,79.439999999999998,1187417,9297,79.418937
2017-09-20 04:00:00+00:00,79.540000000000006,79.939999999999998,79.090000000000003,79.459999999999994,1062008,9798,79.569505000000007
2017-09-21 04:00:00+00:00,79.510000000000005,80.069999999999993,79.200000000000003,79.340000000000003,544411,4258,79.472229999999996
2017-09-22 04:00:00+00:00,79.530000000000001,79.709999999999994,78.75,78.890000000000001,467282,4807,79.102615
2017-09-25 04:00:00+00:00,78.969999999999999,79.840000000000003,78.799999999999997,79.689999999999998,722463,5146,79.598271999999994
2017-09-26 04:00:00+00:00,79.730000000000004,79.730000000000004,79.290000000000006,79.370000000000005,596917,5898,79.451638000000003
2017-09-27 04:00:00+00:00,79.049999999999997,79.280000000000001,77.650000000000006,78.040000000000006,710792,5711,78.006963999999996
2017-09-28 04:00:00+00:00,78.109999999999999,79.150000000000006,77.719999999999999,79.079999999999998,546610,5450,78.747376000000003
2017-09-29 04:00:00+00:00,78.859999999999999,80.069999999999993,78.829999999999998,79.920000000000002,1371699,10408,79.854203999999996
2017-10-02 04:00:00+00:00,80.219999999999999,80.409999999999997,79.129999999999995,79.599999999999994,1366239,11192,79.736208000000005
2017-10-03 04:00:00+00:00,79.700000000000003,79.920400000000001,78.540000000000006,79.019999999999996,732999,7102,78.997777999999997
2017-10-04 04:00:00+00:00,79.030000000000001,79.650000000000006,78.469999999999999,79.599999999999994,982140,7662,79.268389999999997
2017-10-05 04:00:00+00:00,79.769999999999996,80.489999999999995,79.430000000000007,80.459999999999994,765143,7167,80.212226000000001
2017-10-06 04:00:00+00:00,80.030000000000001,80.409999999999997,79.230000000000004,80.379999999999995,1135422,11265,79.962667999999994
2017-10-09 04:00:00+00:00,80.510000000000005,80.510000000000005,79.75,80.019999999999996,612526,6178,80.066846999999996
2017-10-10 04:00:00+00:00,80.140000000000001,80.680000000000007,79.890000000000001,80.200000000000003,602132,6039,80.143660999999994
2017-10-11 04:00:00+00:00,80.269999999999996,80.590000000000003,80.079999999999998,80.569999999999993,1149948,7549,80.442404999999994
2017-10-12 04:00:00+00:00,80.670000000000002,81.614999999999995,80.640000000000001,81.609999999999999,1360618,9445,81.391617999999994
2017-10-13 04:00:00+00:00,81.969999999999999,82.969999999999999,81.480000000000004,82.709999999999994,1080942,6997,82.521735000000007
2017-10-16 04:00:00+00:00,82.790000000000006,83,81.450000000000003,81.870000000000005,718686,6094,81.922639000000004
2017-10-17 04:00:00+00:00,81.730000000000004,82.200000000000003,81.400000000000006,82.189999999999998,968302,5895,81.989705000000001
2017-10-18 04:00:00+00:00,82.040000000000006,82.189999999999998,81.180000000000007,81.920000000000002,740543,7263,81.841334000000003
2017-10-19 04:00:00+00:00,82.120000000000005,82.390000000000001,81.209999999999994,81.700000000000003,724161,5957,81.752703999999994
2017-10-20 04:00:00+00:00,81.519999999999996,81.930000000000007,81.280000000000001,81.769999999999996,1129542,8629,81.626515999999995
2017-10-23 04:00:00+00:00,81.760000000000005,82.400000000000006,81.450000000000003,81.870000000000005,682304,6575,81.839546999999996
2017-10-24 04:00:00+00:00,81.790000000000006,81.989900000000006,79.579999999999998,80.409999999999997,1183035,12810,80.522531999999998
2017-10-25 04:00:00+00:00,79.890000000000001,81.040000000000006,79.810000000000002,80.650000000000006,1486718,11339,80.593198999999998
2017-10-26 04:00:00+00:00,80.650000000000006,80.650000000000006,76.549999999999997,78.700000000000003,2759681,23176,77.885482999999994
2017-10-27 04:00:00+00:00,78.530000000000001,80.489999999999995,78.530000000000001,80.299999999999997,1181729,8634,80.006079999999997
2017-10-30 04:00:00+00:00,80.239999999999995,81.159999999999997,79.939999999999998,81.090000000000003,786304,7319,80.850739000000004
2017-10-31 04:00:00+00:00,80.989999999999995,81.730000000000004,80.170000000000002,81.590000000000003,1002088,8801,81.293909999999997
2017-11-01 04:00:00+00:00,81.590000000000003,82,80.510000000000005,81.599999999999994,1424455,12969,81.493848999999997
2017-11-02 04:00:00+00:00,81.670000000000002,85.920000000000002,81.5,83.120000000000005,2421856,19026,83.689567999999994
2017-11-03 04:00:00+00:00,82.939999999999998,85.620000000000005,82.760000000000005,85.040000000000006,1300309,12648,84.683285999999995
2017-11-06 05:00:00+00:00,85.280000000000001,86.75,85.230000000000004,86.019999999999996,1287862,9223,86.162909999999997
2017-11-07 05:00:00+00:00,86.310000000000002,87.310000000000002,85.299999999999997,85.680000000000007,1408320,13243,86.046346999999997
2017-11-08 05:00:00+00:00,86,86.989999999999995,85.790000000000006,86.010000000000005,1332927,12164,86.043643000000003
2017-11-09 05:00:00+00:00,85.879999999999995,86.310000000000002,85.150000000000006,85.450000000000003,797221,10019,85.593305000000001
2017-11-10 05:00:00+00:00,85.269999999999996,86.060000000000002,84.859999999999999,86,763503,5777,85.850581000000005
2017-11-13 05:00:00+00:00,86.390000000000001,87.109999999999999,85.980000000000004,86.870000000000005,1052916,8657,86.754181000000003
2017-11-14 05:00:00+00:00,86.879999999999995,87.099999999999994,85.980000000000004,86.340000000000003,913311,7860,86.377099999999999
2017-11-15 05:00:00+00:00,86.340000000000003,86.920000000000002,85.530000000000001,85.670000000000002,783971,7610,85.925920000000005
2017-11-16 05:00:00+00:00,85.640000000000001,87.359999999999999,85.219999999999999,87.200000000000003,1690091,12730,87.04683
2017-11-17 05:00:00+00:00,86.909999999999997,87.480000000000004,86.670000000000002,87.200000000000003,1679855,14298,87.215772999999999
2017-11-20 05:00:00+00:00,87.349999999999994,87.890000000000001,87.120000000000005,87.349999999999994,951428,8118,87.400136000000003
2017-11-21 05:00:00+00:00,87.700000000000003,88.049999999999997,87.319999999999993,87.659999999999997,922729,7806,87.646743999999998
2017-11-22 05:00:00+00:00,87.409999999999997,87.75,86.709999999999994,87.420000000000002,906480,5951,87.207094999999995
2017-11-24 05:00:00+00:00,87.709999999999994,87.769999999999996,87.299999999999997,87.379999999999995,302264,3480,87.459311
2017-11-27 05:00:00+00:00,87.569999999999993,87.810000000000002,87.319999999999993,87.400000000000006,1225671,10131,87.500643999999994
2017-11-28 05:00:00+00:00,87.400000000000006,87.525000000000006,83.920000000000002,85.209999999999994,1466182,13268,85.334280000000007
2017-11-29 05:00:00+00:00,85.299999999999997,86.180000000000007,84.890000000000001,85.060000000000002,1205313,13075,85.372166000000007
2017-11-30 05:00:00+00:00,85.329999999999998,85.950000000000003,85.010000000000005,85.359999999999999,1927815,13743,85.381416999999999
2017-12-01 05:00:00+00:00,85.579999999999998,86.079999999999998,84.781000000000006,85.200000000000003,1237767,12627,85.260912000000005
2017-12-04 05:00:00+00:00,85.219999999999999,85.620000000000005,84.709999999999994,84.849999999999994,1257995,9765,84.967147999999995
2017-12-05 05:00:00+00:00,85.150000000000006,85.739999999999995,84.620000000000005,84.870000000000005,765271,7067,85.002831999999998
2017-12-06 05:00:00+00:00,84.930000000000007,85.780000000000001,84.706100000000006,85.439999999999998,948212,8654,85.447812999999996
2017-12-07 05:00:00+00:00,85.700000000000003,85.700000000000003,84.390000000000001,85.25,965445,8682,84.980148
2017-12-08 05:00:00+00:00,85.540000000000006,86.640000000000001,85.194999999999993,86.280000000000001,987751,7824,86.082656999999998
2017-12-11 05:00:00+00:00,86.140000000000001,88,85.954999999999998,87.819999999999993,1027323,8725,87.601992999999993
2017-12-12 05:00:00+00:00,87.730000000000004,88.400000000000006,87.290000000000006,87.859999999999999,1239403,10232,87.938530999999998
2017-12-13 05:00:00+00:00,88.5,88.560000000000002,87.579999999999998,87.599999999999994,1094596,8798,87.747086999999993
2017-12-14 05:00:00+00:00,87.109999999999999,87.200000000000003,86.579999999999998,86.599999999999994,986169,7629,86.781912000000005
2017-12-15 05:00:00+00:00,86.819999999999993,87.709999999999994,86.5,87.560000000000002,1949537,7271,87.348284000000007
2017-12-18 05:00:00+00:00,87.609999999999999,88.319999999999993,87.439999999999998,87.579999999999998,806950,7214,87.744528000000003
2017-12-19 05:00:00+00:00,87.5,87.730000000000004,85.890000000000001,86.200000000000003,1322254,10082,86.406548999999998
2017-12-20 05:00:00+00:00,86.079999999999998,86.560000000000002,85.609999999999999,85.659999999999997,1010322,8581,85.948419999999999
2017-12-21 05:00:00+00:00,85.829999999999998,86.069999999999993,84.900000000000006,85.170000000000002,757305,7568,85.266839000000004
2017-12-22 05:00:00+00:00,85.359999999999999,86.120000000000005,85.064999999999998,86.120000000000005,701389,4777,85.960606999999996
2017-12-26 05:00:00+00:00,86.310000000000002,87.049999999999997,85.900000000000006,86.799999999999997,547087,5659,86.795603
2017-12-27 05:00:00+00:00,87.030000000000001,87.739999999999995,87.019999999999996,87.409999999999997,484085,5793,87.428353000000001
2017-12-28 05:00:00+00:00,87.5,87.909999999999997,87.049999999999997,87.760000000000005,677023,6712,87.674873000000005
2017-12-29 05:00:00+00:00,87.829999999999998,88.030000000000001,87.359999999999999,87.450000000000003,734273,5541,87.574432999999999
2018-01-02 05:00:00+00:00,87.75,87.829999999999998,85.549999999999997,85.680000000000007,1419390,8573,86.070029000000005
2018-01-03 05:00:00+00:00,85.780000000000001,87.015000000000001,85.5,85.859999999999999,818435,7825,85.992268999999993
2018-01-04 05:00:00+00:00,85.760000000000005,86.090000000000003,83.819999999999993,84.299999999999997,755762,7667,84.417794000000001
2018-01-05 05:00:00+00:00,84.439999999999998,84.744399999999999,83.810100000000006,83.900000000000006,1115477,6761,83.982400999999996
2018-01-08 05:00:00+00:00,84.099999999999994,85.359999999999999,83.959999999999994,85.170000000000002,1205892,7406,84.985911999999999
2018-01-09 05:00:00+00:00,84.859999999999999,85.439999999999998,83.009799999999998,83.109999999999999,1107400,10068,83.417586
2018-01-10 05:00:00+00:00,82.739999999999995,82.790000000000006,80.480099999999993,82.359999999999999,1112633,11335,81.814081999999999
2018-01-11 05:00:00+00:00,82.379999999999995,83.159999999999997,82.135000000000005,82.25,891171,7930,82.467939999999999
2018-01-12 05:00:00+00:00,82.280000000000001,82.290000000000006,81.359999999999999,82.25,960288,7130,82.110653999999997
2018-01-16 05:00:00+00:00,82.359999999999999,84.109999999999999,82.359999999999999,82.709999999999994,975389,7863,82.980098999999996
2018-01-17 05:00:00+00:00,83.030000000000001,84.040000000000006,82.875,83.459999999999994,1288763,9132,83.383900999999994
2018-01-18 05:00:00+00:00,83.459999999999994,83.459999999999994,82.129999999999995,82.700000000000003,1201731,9579,82.609835000000004
2018-01-19 05:00:00+00:00,82.790000000000006,83.650000000000006,82.540000000000006,83.640000000000001,1212025,8172,83.387474999999995
2018-01-22 05:00:00+00:00,83.799999999999997,85.430000000000007,83.329999999999998,85.150000000000006,1329828,12180,84.718267999999995
2018-01-23 05:00:00+00:00,85.379999999999995,87.040000000000006,85.129999999999995,86.719999999999999,1344432,11416,86.620258000000007
2018-01-24 05:00:00+00:00,86.689999999999998,86.989999999999995,85.069999999999993,85.540000000000006,884812,8103,85.748889000000005
2018-01-25 05:00:00+00:00,85.219999999999999,85.299999999999997,84.239999999999995,85,909773,9066,84.835335999999998
2018-01-26 05:00:00+00:00,85.25,85.25,83.780000000000001,84.209999999999994,1085781,9722,84.258131000000006
2018-01-29 05:00:00+00:00,83.909999999999997,83.909999999999997,82.340000000000003,82.790000000000006,1297546,12259,82.862720999999993
2018-01-30 05:00:00+00:00,82.319999999999993,83.290000000000006,81.659999999999997,82.909999999999997,1099287,11098,82.667012999999997
2018-01-31 05:00:00+00:00,82.939999999999998,83.890000000000001,82.719999999999999,83.480000000000004,5898494,15476,83.397019
2018-02-01 05:00:00+00:00,83.540000000000006,83.540000000000006,81.719999999999999,82.060000000000002,1269237,9485,82.453899000000007
2018-02-02 05:00:00+00:00,81.599999999999994,82.549899999999994,80.650000000000006,81.840000000000003,1442326,11510,81.753028
2018-02-05 05:00:00+00:00,81.319999999999993,82.140000000000001,78.920000000000002,79.870000000000005,1224555,11586,80.511713
2018-02-06 05:00:00+00:00,79.060000000000002,80.890000000000001,77.599999999999994,79.730000000000004,1420028,13435,79.168184999999994
2018-02-07 05:00:00+00:00,79.519999999999996,81.099999999999994,79.280000000000001,80.420000000000002,1192263,10115,80.594212999999996
2018-02-08 05:00:00+00:00,80.25,80.599999999999994,77.530000000000001,77.560000000000002,1397082,10900,78.782019000000005
2018-02-09 05:00:00+00:00,78.170000000000002,81.099999999999994,77.629999999999995,80.390000000000001,2457612,24117,79.679871000000006
2018-02-12 05:00:00+00:00,80.670000000000002,81.090000000000003,78.609999999999999,80.799999999999997,1366971,11937,80.270696999999998
2018-02-13 05:00:00+00:00,80.799999999999997,83.019999999999996,80.719999999999999,82.579999999999998,1079823,11057,82.169280000000001
2018-02-14 05:00:00+00:00,81.459999999999994,81.670000000000002,80.180000000000007,81.140000000000001,1172803,11041,81.057384999999996
2018-02-15 05:00:00+00:00,81.709999999999994,82.870000000000005,81.450000000000003,82.510000000000005,1336134,10718,82.363665999999995
2018-02-16 05:00:00+00:00,82.370000000000005,83.159999999999997,81.370000000000005,82.200000000000003,1301279,11048,82.135560999999996
2018-02-20 05:00:00+00:00,82,82.489999999999995,80.609999999999999,80.75,1300302,12605,81.353603000000007
2018-02-21 05:00:00+00:00,82.629999999999995,86,81.400000000000006,81.5,2784199,21623,82.838352
2018-02-22 05:00:00+00:00,81.769999999999996,84.709999999999994,80.180000000000007,84.430000000000007,1606788,14064,84.009033000000002
2018-02-23 05:00:00+00:00,84.909999999999997,86.629999999999995,84.430000000000007,86.599999999999994,1075256,10013,86.090680000000006
2018-02-26 05:00:00+00:00,87.140000000000001,87.790000000000006,86.359999999999999,86.659999999999997,1400912,14276,86.816511000000006
2018-02-27 05:00:00+00:00,86.859999999999999,87.239999999999995,84.870000000000005,84.879999999999995,1031042,10671,85.628175999999996
2018-02-28 05:00:00+00:00,85.010000000000005,86.549999999999997,84.799999999999997,85.049999999999997,2144950,9476,85.309313000000003
2018-03-01 05:00:00+00:00,85.120000000000005,86.859999999999999,85.019999999999996,85.859999999999999,1049815,14015,85.993256000000002
2018-03-02 05:00:00+00:00,85.739999999999995,86.299999999999997,84.170000000000002,85.049999999999997,973699,9212,85.023289000000005
2018-03-05 05:00:00+00:00,84.640000000000001,87.019999999999996,84.640000000000001,86.219999999999999,966955,9057,86.226369000000005
2018-03-06 05:00:00+00:00,85.989999999999995,86.590000000000003,84.75,86.25,754247,7143,85.682980999999998
2018-03-07 05:00:00+00:00,86.120000000000005,86.870000000000005,85.540000000000006,86.189999999999998,745743,7321,86.142225999999994
2018-03-08 05:00:00+00:00,86.180000000000007,87.129999999999995,85.730000000000004,87.049999999999997,652601,7016,86.900079000000005
2018-03-09 05:00:00+00:00,87.489999999999995,88.189999999999998,86.629999999999995,88.189999999999998,829908,8256,87.762805999999998
2018-03-12 04:00:00+00:00,88.260000000000005,88.478999999999999,87.290000000000006,87.560000000000002,1240268,10559,87.655293
2018-03-13 04:00:00+00:00,87.780000000000001,88.239999999999995,87.137,87.909999999999997,1954385,9961,87.888364999999993
2018-03-14 04:00:00+00:00,87.340000000000003,87.469999999999999,85.816100000000006,86.159999999999997,1194956,9830,86.245759000000007
2018-03-15 04:00:00+00:00,85.930000000000007,86.469999999999999,85.640000000000001,86.230000000000004,1026396,8601,86.122270999999998
2018-03-16 04:00:00+00:00,85.959999999999994,86.280000000000001,85.700000000000003,85.980000000000004,1859238,13630,85.981260000000006
2018-03-19 04:00:00+00:00,85.980000000000004,86.019999999999996,84.379999999999995,85.099999999999994,1425405,12573,85.153789000000003
2018-03-20 04:00:00+00:00,85.340000000000003,86.170000000000002,84.989999999999995,85.519999999999996,996322,9198,85.531182000000001
2018-03-21 04:00:00+00:00,85.430000000000007,86.140000000000001,84.459999999999994,85.189999999999998,890142,9353,85.272490000000005
2018-03-22 04:00:00+00:00,85.180000000000007,85.730000000000004,84.230000000000004,84.310000000000002,1107107,8984,84.831192999999999
2018-03-23 04:00:00+00:00,84.109999999999999,84.700000000000003,82.799999999999997,82.980000000000004,965721,10111,83.545692000000003
2018-03-26 04:00:00+00:00,83.670000000000002,84.560000000000002,82.870000000000005,84.359999999999999,1443329,14500,83.716480000000004
2018-03-27 04:00:00+00:00,84.370000000000005,86.670000000000002,83.450000000000003,85.549999999999997,1321126,12574,85.585127999999997
2018-03-28 04:00:00+00:00,85.969999999999999,87.799999999999997,85.674999999999997,87.359999999999999,1215601,12536,87.201470999999998
2018-03-29 04:00:00+00:00,87.159999999999997,87.730000000000004,85.739999999999995,87.359999999999999,1364798,11870,87.155293999999998
2018-04-02 04:00:00+00:00,87.489999999999995,87.569999999999993,84.980000000000004,85.760000000000005,1010497,10492,85.757549999999995
2018-04-03 04:00:00+00:00,85.819999999999993,87.075000000000003,84.730000000000004,86.459999999999994,912634,7999,86.321540999999996
2018-04-04 04:00:00+00:00,86.109999999999999,88.180000000000007,85.936000000000007,87.700000000000003,1017230,11241,87.314428000000007
2018-04-05 04:00:00+00:00,87.799999999999997,87.930000000000007,86.079999999999998,87.780000000000001,1136159,11440,87.222767000000005
2018-04-06 04:00:00+00:00,87.849999999999994,88.349999999999994,86.579999999999998,86.819999999999993,680587,6045,87.070334000000003
2018-04-09 04:00:00+00:00,86.799999999999997,87.530000000000001,86.769999999999996,86.870000000000005,828731,6874,87.057790999999995
2018-04-10 04:00:00+00:00,87.260000000000005,88.180000000000007,86.659999999999997,87.579999999999998,883520,7662,87.712208000000004
2018-04-11 04:00:00+00:00,87.469999999999999,87.950000000000003,86.75,87.480000000000004,1310474,9601,87.509810999999999
2018-04-12 04:00:00+00:00,87.560000000000002,87.560000000000002,84.930000000000007,85.489999999999995,947064,8878,85.551075999999995
2018-04-13 04:00:00+00:00,86.060000000000002,87.170000000000002,85.510000000000005,87.079999999999998,838821,8736,86.574383999999995
2018-04-16 04:00:00+00:00,87.25,87.939999999999998,86.739999999999995,87.349999999999994,696849,7368,87.460601999999994
2018-04-17 04:00:00+00:00,87.549999999999997,89.590000000000003,87.459999999999994,89.129999999999995,1111329,12000,88.876230000000007
2018-04-18 04:00:00+00:00,89.140000000000001,89.620000000000005,88.819999999999993,89.560000000000002,1044964,10516,89.413139999999999
2018-04-19 04:00:00+00:00,88.950000000000003,89.25,86.75,87.400000000000006,1015060,10615,87.619443000000004
2018-04-20 04:00:00+00:00,87.510000000000005,87.609999999999999,85.890000000000001,86.090000000000003,831675,7485,86.495041000000001
2018-04-23 04:00:00+00:00,86.159999999999997,86.670000000000002,85.5,85.909999999999997,655657,6073,85.878684000000007
2018-04-24 04:00:00+00:00,86.140000000000001,87.060000000000002,85.769999999999996,86.700000000000003,708794,6428,86.592883
2018-04-25 04:00:00+00:00,86.390000000000001,86.870000000000005,85.650000000000006,86.280000000000001,660610,5681,86.265410000000003
2018-04-26 04:00:00+00:00,86.510000000000005,89.099999999999994,86.510000000000005,88.469999999999999,1126453,12199,88.506566000000007
2018-04-27 04:00:00+00:00,88.189999999999998,90.040000000000006,88.129999999999995,89.769999999999996,700803,7845,89.565644000000006
2018-04-30 04:00:00+00:00,90.170000000000002,90.400000000000006,89.109999999999999,89.590000000000003,947998,6955,89.601237999999995
2018-05-01 04:00:00+00:00,89.659999999999997,90.569999999999993,89.635000000000005,90.409999999999997,1414044,13117,90.176081999999994
2018-05-02 04:00:00+00:00,88.989999999999995,90.959999999999994,87.689999999999998,89.560000000000002,1560528,12729,89.434988000000004
2018-05-03 04:00:00+00:00,89.939999999999998,92.150000000000006,89.251000000000005,91.739999999999995,2044584,14233,91.413213999999996
2018-05-04 04:00:00+00:00,91.579999999999998,92.319999999999993,91.055000000000007,92.189999999999998,933237,7625,91.972778000000005
2018-05-07 04:00:00+00:00,92.310000000000002,93.540000000000006,91.849999999999994,93.439999999999998,869505,7963,92.964748999999998
2018-05-08 04:00:00+00:00,93.670000000000002,93.950000000000003,92.409999999999997,93.530000000000001,924863,8421,93.512191999999999
2018-05-09 04:00:00+00:00,94,94.359999999999999,93.480000000000004,94.310000000000002,604507,5258,94.181369000000004
2018-05-10 04:00:00+00:00,94.950000000000003,95.379999999999995,94.489999999999995,95.159999999999997,693519,6607,95.095404000000002
2018-05-11 04:00:00+00:00,95.420000000000002,95.959999999999994,95.015000000000001,95.25,862032,8579,95.332718
2018-05-14 04:00:00+00:00,95.150000000000006,95.170000000000002,93.715000000000003,94.340000000000003,963454,8500,94.430300000000003
2018-05-15 04:00:00+00:00,93.890000000000001,93.890000000000001,92.150000000000006,92.519999999999996,1294082,8054,92.562070000000006
2018-05-16 04:00:00+00:00,92.730000000000004,92.890000000000001,91.730000000000004,92.189999999999998,886041,7417,92.129361000000003
2018-05-17 04:00:00+00:00,92.090000000000003,92.420000000000002,91.629999999999995,92.019999999999996,597273,6588,91.984110000000001
2018-05-18 04:00:00+00:00,91.980000000000004,92.329999999999998,91.25,91.980000000000004,644430,6051,91.819642999999999
2018-05-21 04:00:00+00:00,92.319999999999993,93.109999999999999,91.670000000000002,92.980000000000004,766798,6147,92.699229000000003
2018-05-22 04:00:00+00:00,92.849999999999994,93.310000000000002,92.049999999999997,92.579999999999998,1090818,8927,92.477219000000005
2018-05-23 04:00:00+00:00,92.859999999999999,94.239999999999995,92.734999999999999,93.739999999999995,1193887,10870,93.670257000000007
2018-05-24 04:00:00+00:00,93.689999999999998,95.109999999999999,93.420000000000002,95.099999999999994,1556576,11044,94.545046999999997
2018-05-25 04:00:00+00:00,95.239999999999995,96.180000000000007,94.930000000000007,95.150000000000006,954721,9508,95.347582000000003
2018-05-29 04:00:00+00:00,94.930000000000007,96.180000000000007,94.620000000000005,95.650000000000006,1384635,10833,95.543609000000004
2018-05-30 04:00:00+00:00,95.299999999999997,97.340000000000003,94.670000000000002,96.939999999999998,768297,8021,96.695648000000006
2018-05-31 04:00:00+00:00,96.799999999999997,96.819999999999993,95.939999999999998,96.25,1312945,9836,96.321942000000007
2018-06-01 04:00:00+00:00,96.489999999999995,96.629999999999995,95.519999999999996,96.609999999999999,661174,7075,96.234420999999998
2018-06-04 04:00:00+00:00,97.200000000000003,98.950000000000003,96.730000000000004,98.829999999999998,1013191,9287,98.377252999999996
2018-06-05 04:00:00+00:00,98.879999999999995,99.560000000000002,97.620000000000005,97.670000000000002,1255839,11098,97.953586000000001
2018-06-06 04:00:00+00:00,97.209999999999994,98.230000000000004,97.189999999999998,97.489999999999995,1122789,8933,97.492830999999995
2018-06-07 04:00:00+00:00,97.670000000000002,98.040000000000006,97.069999999999993,97.730000000000004,847948,7505,97.668785999999997
2018-06-08 04:00:00+00:00,97.879999999999995,98.560000000000002,97.519999999999996,98.019999999999996,682743,6703,98.016390999999999
2018-06-11 04:00:00+00:00,97.950000000000003,98.260000000000005,97.159999999999997,97.859999999999999,722786,6929,97.726265999999995
2018-06-12 04:00:00+00:00,97.629999999999995,99.420000000000002,97.299999999999997,98.430000000000007,885201,7759,98.565569999999994
2018-06-13 04:00:00+00:00,98.609999999999999,99.189999999999998,96.329999999999998,96.959999999999994,1337801,9551,97.176749999999998
2018-06-14 04:00:00+00:00,96.730000000000004,97.969999999999999,96.5,97.530000000000001,826880,6616,97.469053000000002
2018-06-15 04:00:00+00:00,97.629999999999995,98.049999999999997,96.579999999999998,96.709999999999994,1429730,7572,96.971074000000002
2018-06-18 04:00:00+00:00,96.859999999999999,97.599999999999994,96.590000000000003,97.180000000000007,730235,7784,97.139809999999997
2018-06-19 04:00:00+00:00,96.810000000000002,98.030000000000001,96.730000000000004,97.340000000000003,899116,7456,97.383724999999998
2018-06-20 04:00:00+00:00,97.450000000000003,98.650000000000006,97.450000000000003,98.200000000000003,873070,7364,98.188086999999996
2018-06-21 04:00:00+00:00,98.409999999999997,99.75,98.079999999999998,99.689999999999998,910537,9611,99.276120000000006
2018-06-22 04:00:00+00:00,99.719999999999999,99.920000000000002,99.219999999999999,99.269999999999996,979005,7512,99.397685999999993
2018-06-25 04:00:00+00:00,99.790000000000006,100.77500000000001,98.879999999999995,100.01000000000001,1444841,12902,99.767864000000003
2018-06-26 04:00:00+00:00,100,101.955,99.635000000000005,100.95999999999999,1838304,15199,101.171933
2018-06-27 04:00:00+00:00,101.28,101.79000000000001,99.569999999999993,99.650000000000006,1182961,11356,100.238589
2018-06-28 04:00:00+00:00,99.980000000000004,101.43000000000001,99.670000000000002,100.09999999999999,950381,10381,100.052415
2018-06-29 04:00:00+00:00,99.780000000000001,100.45999999999999,98.480000000000004,99.810000000000002,1857697,11953,99.863873999999996
2018-07-02 04:00:00+00:00,99.730000000000004,100.3,98.219999999999999,98.849999999999994,1086980,10003,98.841795000000005
2018-07-03 04:00:00+00:00,98.819999999999993,100.17,98.620000000000005,99.280000000000001,638668,6718,99.445098999999999
2018-07-05 04:00:00+00:00,99.459999999999994,100.73999999999999,98.829999999999998,100.67,1102649,10782,100.018445
2018-07-06 04:00:00+00:00,100.77,101.14,100.33,100.76000000000001,715967,7776,100.704151
2018-07-09 04:00:00+00:00,100.97,100.97,98.700000000000003,99.310000000000002,1096731,10599,99.444046999999998
2018-07-10 04:00:00+00:00,99.310000000000002,100.08499999999999,98.840000000000003,99.230000000000004,1273810,12083,99.269541000000004
2018-07-11 04:00:00+00:00,98.790000000000006,99.310000000000002,98.480000000000004,98.890000000000001,1036440,10205,98.969759999999994
2018-07-12 04:00:00+00:00,98.579999999999998,99.159999999999997,98.090000000000003,98.659999999999997,1225240,12117,98.709230000000005
2018-07-13 04:00:00+00:00,98.879999999999995,99.510000000000005,96.549999999999997,96.810000000000002,1381158,13371,97.451993000000002
2018-07-16 04:00:00+00:00,96.609999999999999,96.885000000000005,95.450000000000003,96.709999999999994,1327980,11982,96.483483000000007
2018-07-17 04:00:00+00:00,96.709999999999994,96.75,94.254999999999995,94.680000000000007,1542703,13249,94.881808000000007
2018-07-18 04:00:00+00:00,93.5,94.650000000000006,93.159999999999997,94.390000000000001,1829065,13118,94.157597999999993
2018-07-19 04:00:00+00:00,94.549999999999997,95.540000000000006,93.819999999999993,95.120000000000005,835342,8066,94.963100999999995
2018-07-20 04:00:00+00:00,94.709999999999994,95.230000000000004,94.189999999999998,94.569999999999993,549699,5064,94.576065
2018-07-23 04:00:00+00:00,94.519999999999996,94.599999999999994,93.579999999999998,93.980000000000004,511749,5389,93.917438000000004
2018-07-24 04:00:00+00:00,94.010000000000005,94.349999999999994,93.280000000000001,93.609999999999999,1231547,9552,93.696179999999998
2018-07-25 04:00:00+00:00,93.959999999999994,94.465000000000003,93.388300000000001,94.25,1135401,8909,94.098293999999996
2018-07-26 04:00:00+00:00,94.579999999999998,95.359999999999999,94.480000000000004,94.700000000000003,1606654,11456,94.828667999999993
2018-07-27 04:00:00+00:00,94.980000000000004,94.980000000000004,92.700000000000003,92.900000000000006,766939,7402,93.063644999999994
2018-07-30 04:00:00+00:00,93.209999999999994,93.799999999999997,92.180000000000007,93.510000000000005,1314652,9111,93.375876000000005
2018-07-31 04:00:00+00:00,94.049999999999997,94.769999999999996,93.739999999999995,93.969999999999999,1157783,8692,94.099041999999997
2018-08-01 04:00:00+00:00,91.769999999999996,92.659999999999997,90.459999999999994,92.629999999999995,1501859,14353,91.798361
2018-08-02 04:00:00+00:00,92.569999999999993,93.969999999999999,90.709999999999994,90.950000000000003,2451627,16681,91.879693000000003
2018-08-03 04:00:00+00:00,91.359999999999999,92.739999999999995,91.030000000000001,92.200000000000003,1556684,13489,91.842979999999997
2018-08-06 04:00:00+00:00,92.359999999999999,93.998900000000006,92.209999999999994,93.420000000000002,1265914,12750,93.228814
2018-08-07 04:00:00+00:00,93.469999999999999,93.790000000000006,92.650000000000006,93.650000000000006,697146,8166,93.450926999999993
2018-08-08 04:00:00+00:00,93.769999999999996,93.984999999999999,93.430000000000007,93.579999999999998,412952,4378,93.661169000000001
2018-08-09 04:00:00+00:00,93.640000000000001,94,93.239999999999995,93.299999999999997,708972,6075,93.413838999999996
2018-08-10 04:00:00+00:00,93.040000000000006,93.890000000000001,92.319999999999993,92.900000000000006,561969,5366,93.053189000000003
2018-08-13 04:00:00+00:00,92.870000000000005,93.625,92.629999999999995,92.799999999999997,662935,6147,92.891211999999996
2018-08-14 04:00:00+00:00,92.890000000000001,93.469999999999999,92.359999999999999,92.560000000000002,923118,9368,92.785341000000003
2018-08-15 04:00:00+00:00,92.469999999999999,93.239999999999995,92.290000000000006,92.950000000000003,648803,8367,92.898382999999995
2018-08-16 04:00:00+00:00,92.989999999999995,94.299999999999997,92.980000000000004,94.269999999999996,795145,6672,94.044325999999998
2018-08-17 04:00:00+00:00,94.329999999999998,95.489999999999995,94.185000000000002,95.180000000000007,695604,5855,95.092543000000006
2018-08-20 04:00:00+00:00,95.239999999999995,95.780000000000001,94.829999999999998,94.890000000000001,576027,5976,95.104988000000006
2018-08-21 04:00:00+00:00,94.890000000000001,94.890000000000001,93.409999999999997,93.650000000000006,1078985,10406,93.748744000000002
2018-08-22 04:00:00+00:00,93.719999999999999,93.819999999999993,90.910200000000003,91.670000000000002,1120495,11252,91.754382000000007
2018-08-23 04:00:00+00:00,91.75,92.010000000000005,91.030000000000001,91.510000000000005,569541,5771,91.423479
2018-08-24 04:00:00+00:00,91.590000000000003,92.640000000000001,91.519999999999996,92.530000000000001,520675,5567,92.438832000000005
2018-08-27 04:00:00+00:00,92.75,92.75,90.840000000000003,91.640000000000001,906246,7776,91.487140999999994
2018-08-28 04:00:00+00:00,91.739999999999995,92.379999999999995,91.170000000000002,92.370000000000005,931292,8316,92.024461000000002
2018-08-29 04:00:00+00:00,92.280000000000001,92.640000000000001,91.760000000000005,92.049999999999997,628538,6262,92.094229999999996
2018-08-30 04:00:00+00:00,92.230000000000004,92.359999999999999,91.590000000000003,91.840000000000003,745198,7517,91.859658999999994
2018-08-31 04:00:00+00:00,92,92.659999999999997,91.530000000000001,92.209999999999994,884805,6426,92.151818000000006
2018-09-04 04:00:00+00:00,92.109999999999999,92.859999999999999,91.480000000000004,91.900000000000006,687084,6842,91.898674
2018-09-05 04:00:00+00:00,91.579999999999998,93.180000000000007,91.200000000000003,92.379999999999995,804324,7628,92.432163000000003
2018-09-06 04:00:00+00:00,92.680000000000007,93.310000000000002,92.5,92.709999999999994,1123118,10909,92.931713000000002
2018-09-07 04:00:00+00:00,92.159999999999997,92.349999999999994,90.019999999999996,90.129999999999995,748997,7467,90.490133
2018-09-10 04:00:00+00:00,90.560000000000002,91.849999999999994,90.329999999999998,90.909999999999997,1059846,11058,91.168400000000005
2018-09-11 04:00:00+00:00,90.430000000000007,91.163700000000006,90.150000000000006,90.349999999999994,1413253,10729,90.540668999999994
2018-09-12 04:00:00+00:00,90.379999999999995,90.709999999999994,89.810000000000002,90.370000000000005,1158426,9791,90.399276999999998
2018-09-13 04:00:00+00:00,90.040000000000006,90.765000000000001,89.829999999999998,90.030000000000001,881320,8268,90.209867000000003
2018-09-14 04:00:00+00:00,89.760000000000005,89.760000000000005,88,88.409999999999997,1471477,13584,88.349712999999994
2018-09-17 04:00:00+00:00,88.370000000000005,89.329999999999998,88.290000000000006,89.319999999999993,1409451,8630,89.232410999999999
2018-09-18 04:00:00+00:00,89.400000000000006,89.625600000000006,87.799999999999997,87.920000000000002,716057,7270,88.176311999999996
2018-09-19 04:00:00+00:00,88.079999999999998,88.219999999999999,86.799999999999997,86.840000000000003,1137437,8615,87.160241999999997
2018-09-20 04:00:00+00:00,86.950000000000003,87.620000000000005,86.599999999999994,87.379999999999995,1717924,13005,87.298693
2018-09-21 04:00:00+00:00,87.25,88.340000000000003,86.780000000000001,87.689999999999998,1999249,8727,87.725381999999996
2018-09-24 04:00:00+00:00,87.629999999999995,87.778999999999996,86.200000000000003,87.030000000000001,1148993,9576,86.857819000000006
2018-09-25 04:00:00+00:00,87.180000000000007,87.409999999999997,86.510000000000005,86.900000000000006,1281990,9360,86.943061
2018-09-26 04:00:00+00:00,87.060000000000002,87.540000000000006,86.390000000000001,86.430000000000007,1079495,10144,86.802950999999993
2018-09-27 04:00:00+00:00,86.620000000000005,87.009900000000002,85.325000000000003,85.530000000000001,832932,8050,85.729253
2018-09-28 04:00:00+00:00,85.530000000000001,86.680000000000007,85.420000000000002,86.640000000000001,1987467,13664,86.154824000000005
2018-10-01 04:00:00+00:00,86.930000000000007,87.079999999999998,85.730000000000004,85.739999999999995,824179,7904,86.076092000000003
2018-10-02 04:00:00+00:00,85.989999999999995,86.319999999999993,85.5,85.810000000000002,889034,7380,85.905334999999994
2018-10-03 04:00:00+00:00,85.709999999999994,86.060000000000002,84.599999999999994,85,1011237,8019,85.166228000000004
2018-10-04 04:00:00+00:00,84.730000000000004,84.959999999999994,83.700000000000003,84.810000000000002,788640,7716,84.533747000000005
2018-10-05 04:00:00+00:00,84.689999999999998,85.519999999999996,84.609999999999999,85.310000000000002,895664,7286,85.258993000000004
2018-10-08 04:00:00+00:00,85.5,86.829999999999998,85.129999999999995,86.040000000000006,1039894,8549,86.138701999999995
2018-10-09 04:00:00+00:00,85.920000000000002,87.150000000000006,85.450000000000003,87.099999999999994,961385,8811,86.701682000000005
2018-10-10 04:00:00+00:00,87,87.5,86.319999999999993,86.319999999999993,1054082,10368,86.779532000000003
2018-10-11 04:00:00+00:00,86.689999999999998,86.719999999999999,84.609999999999999,84.609999999999999,1504631,14445,85.349688999999998
2018-10-12 04:00:00+00:00,85.069999999999993,85.450000000000003,84.489999999999995,84.859999999999999,779969,8979,84.933770999999993
2018-10-15 04:00:00+00:00,84.689999999999998,86.530000000000001,84.689999999999998,85.530000000000001,749551,8979,85.842907999999994
2018-10-16 04:00:00+00:00,85.689999999999998,87.099999999999994,85.290000000000006,86.75,1109991,8575,86.617638999999997
2018-10-17 04:00:00+00:00,86.579999999999998,87.099999999999994,85.319999999999993,86.060000000000002,898232,8582,86.057839000000001
2018-10-18 04:00:00+00:00,86.049999999999997,87.150000000000006,86.040000000000006,86.370000000000005,663546,7453,86.441372000000001
2018-10-19 04:00:00+00:00,86.650000000000006,87.469999999999999,86.459999999999994,87.180000000000007,705609,7170,87.041342999999998
2018-10-22 04:00:00+00:00,87.519999999999996,88.290000000000006,85.909999999999997,85.930000000000007,626566,7794,86.447356999999997
2018-10-23 04:00:00+00:00,85.760000000000005,86.849999999999994,85.120000000000005,86.439999999999998,546680,6831,86.160539
2018-10-24 04:00:00+00:00,86.629999999999995,88.370000000000005,86.280000000000001,87.739999999999995,1106888,8816,87.760401999999999
2018-10-25 04:00:00+00:00,87.870000000000005,88.680000000000007,87.148399999999995,88.269999999999996,698847,9627,88.235574
2018-10-26 04:00:00+00:00,88.299999999999997,88.670000000000002,86.269999999999996,87.689999999999998,1653718,12819,87.707785000000001
2018-10-29 04:00:00+00:00,88.079999999999998,90.939999999999998,88.010000000000005,90.599999999999994,1252778,13230,90.264464000000004
2018-10-30 04:00:00+00:00,90.5,91.819999999999993,89.829999999999998,90.969999999999999,2181943,17789,91.066083000000006
2018-10-31 04:00:00+00:00,91,92.439999999999998,89.989999999999995,90.060000000000002,1808328,14966,90.736834000000002
2018-11-01 04:00:00+00:00,90.170000000000002,91.290000000000006,89.751000000000005,90.379999999999995,1394880,10957,90.357276999999996
2018-11-02 04:00:00+00:00,90.349999999999994,90.349999999999994,86.409999999999997,87.219999999999999,1543817,14817,87.302511999999993
2018-11-05 05:00:00+00:00,87.170000000000002,89.170000000000002,86.995199999999997,88.870000000000005,1479380,15413,88.543013000000002
2018-11-06 05:00:00+00:00,88.859999999999999,89.430000000000007,88.450000000000003,88.700000000000003,1010973,9616,88.770109000000005
2018-11-07 05:00:00+00:00,88.969999999999999,89.700000000000003,88.540000000000006,89.530000000000001,942412,8330,89.375591999999997
2018-11-08 05:00:00+00:00,89.489999999999995,90.280000000000001,89.265000000000001,90.280000000000001,792050,8092,89.852333000000002
2018-11-09 05:00:00+00:00,90.25,91.280000000000001,90.25,90.75,792019,8288,90.757582999999997
2018-11-12 05:00:00+00:00,91.010000000000005,92.349999999999994,90.469999999999999,91.379999999999995,856487,9638,91.692204000000004
2018-11-13 05:00:00+00:00,91.709999999999994,91.920000000000002,90.569999999999993,91.780000000000001,817449,8829,91.587647000000004
2018-11-14 05:00:00+00:00,91.959999999999994,93.5,91.920000000000002,93,1409614,13871,92.889159000000006
2018-11-15 05:00:00+00:00,92.560000000000002,93.180000000000007,91.980000000000004,92.859999999999999,1056014,10664,92.716172
2018-11-16 05:00:00+00:00,92.859999999999999,94.989999999999995,92.590000000000003,94.939999999999998,3687649,13016,94.758436000000003
2018-11-19 05:00:00+00:00,94.950000000000003,95.760000000000005,94.040000000000006,95.400000000000006,2858102,10956,95.014589999999998
2018-11-20 05:00:00+00:00,95.799999999999997,96.219999999999999,94.079999999999998,94.5,1109329,13124,94.913274999999999
2018-11-21 05:00:00+00:00,94.290000000000006,94.430000000000007,92.879999999999995,92.890000000000001,723154,8642,93.418723
2018-11-23 05:00:00+00:00,92.829999999999998,93.409999999999997,92.019999999999996,93.090000000000003,228058,3064,92.970501999999996
2018-11-26 05:00:00+00:00,93.359999999999999,93.450000000000003,92.379999999999995,92.620000000000005,1129468,9012,92.677333000000004
2018-11-27 05:00:00+00:00,92.659999999999997,93.260000000000005,92.379999999999995,93.239999999999995,1002451,11338,92.946971000000005
2018-11-28 05:00:00+00:00,93.120000000000005,94.420000000000002,92.569999999999993,93.790000000000006,883951,10296,93.698589999999996
2018-11-29 05:00:00+00:00,93.609999999999999,94.870000000000005,92.989999999999995,94.390000000000001,841318,9468,94.159195999999994
2018-11-30 05:00:00+00:00,94.680000000000007,95.989999999999995,94.200000000000003,95.980000000000004,2475287,16420,95.598709999999997
2018-12-03 05:00:00+00:00,95.950000000000003,97.040000000000006,95.629999999999995,97.010000000000005,1575178,15362,96.503050999999999
2018-12-04 05:00:00+00:00,97.069999999999993,97.829999999999998,96.370000000000005,96.900000000000006,1243387,13763,96.975617999999997
2018-12-06 05:00:00+00:00,96.829999999999998,99.989999999999995,96.090000000000003,99.819999999999993,1500614,15491,98.455723000000006
2018-12-07 05:00:00+00:00,99.769999999999996,99.769999999999996,98.370000000000005,98.700000000000003,1145154,10958,98.855773999999997
2018-12-10 05:00:00+00:00,98.829999999999998,98.829999999999998,96.400000000000006,97.680000000000007,749189,9700,97.453299000000001
2018-12-11 05:00:00+00:00,97.870000000000005,98.870000000000005,97.549999999999997,98.310000000000002,720188,9586,98.376705000000001
2018-12-12 05:00:00+00:00,98.810000000000002,99.120000000000005,96.859999999999999,97.299999999999997,1581784,14212,97.454083999999995
2018-12-13 05:00:00+00:00,96.560000000000002,98.120000000000005,96.400000000000006,97.400000000000006,1499708,12141,97.535480000000007
2018-12-14 05:00:00+00:00,97.180000000000007,98.150000000000006,96.799999999999997,97.319999999999993,1481558,11886,97.502881000000002
2018-12-17 05:00:00+00:00,97.670000000000002,97.670000000000002,93,93.200000000000003,1599376,14728,94.043234999999996
2018-12-18 05:00:00+00:00,93.870000000000005,94.650000000000006,93.170000000000002,93.709999999999994,1190101,12970,93.816546000000002
2018-12-19 05:00:00+00:00,94.159999999999997,94.670000000000002,93.099999999999994,93.780000000000001,905470,9494,93.948093999999998
2018-12-20 05:00:00+00:00,93.629999999999995,94.049999999999997,92.269999999999996,93.040000000000006,1477980,13294,93.135504999999995
2018-12-21 05:00:00+00:00,92.799999999999997,94.909999999999997,92.459999999999994,92.579999999999998,2202466,12546,92.959507000000002
2018-12-24 05:00:00+00:00,92.530000000000001,92.530000000000001,88.569999999999993,88.599999999999994,493986,5832,89.414102
2018-12-26 05:00:00+00:00,88.870000000000005,90.379999999999995,87.790000000000006,90.310000000000002,854587,10061,89.352469999999997
2018-12-27 05:00:00+00:00,89.829999999999998,90.769999999999996,87.769999999999996,90.700000000000003,896157,8592,89.899885999999995
2018-12-28 05:00:00+00:00,91.280000000000001,91.480000000000004,89.329999999999998,89.959999999999994,890309,10924,90.048484999999999
2018-12-31 05:00:00+00:00,89.959999999999994,90.480000000000004,89.370000000000005,90.480000000000004,673330,6310,90.257624000000007
2019-01-02 05:00:00+00:00,90.109999999999999,90.109999999999999,86.989999999999995,87.439999999999998,979883,11162,87.683695
2019-01-03 05:00:00+00:00,87.450000000000003,89.379999999999995,87.450000000000003,88.459999999999994,853729,8899,88.477984000000006
2019-01-04 05:00:00+00:00,88.650000000000006,89.825000000000003,87.719999999999999,87.840000000000003,987999,9337,88.170158999999998
2019-01-07 05:00:00+00:00,88.049999999999997,88.790000000000006,87.620000000000005,87.700000000000003,988766,10332,87.890364000000005
2019-01-08 05:00:00+00:00,87.920000000000002,89.239999999999995,87.510000000000005,89.090000000000003,1205879,12704,88.649023
2019-01-09 05:00:00+00:00,89.370000000000005,89.370000000000005,87.709999999999994,88.510000000000005,578289,7855,88.305509999999998
2019-01-10 05:00:00+00:00,88.540000000000006,90.329999999999998,88.362799999999993,89.969999999999999,1040297,10022,89.875640000000004
2019-01-11 05:00:00+00:00,90.120000000000005,90.459999999999994,89.079999999999998,89.730000000000004,752325,7200,89.638779
2019-01-14 05:00:00+00:00,89.689999999999998,91.170000000000002,89.090000000000003,90.030000000000001,836976,8070,90.175337999999996
2019-01-15 05:00:00+00:00,90.230000000000004,91.799999999999997,89.969999999999999,91.579999999999998,558137,6221,91.314820999999995
2019-01-16 05:00:00+00:00,91.349999999999994,92.540000000000006,90.728499999999997,92.010000000000005,828792,8921,91.901297
2019-01-17 05:00:00+00:00,91.760000000000005,92.760000000000005,91.099999999999994,92.140000000000001,579287,5765,91.890833999999998
2019-01-18 05:00:00+00:00,92.129999999999995,92.420000000000002,91.659999999999997,92.329999999999998,607979,6598,92.170820000000006
2019-01-22 05:00:00+00:00,92.480000000000004,92.680000000000007,91.629999999999995,92.349999999999994,764304,9262,92.230948999999995
2019-01-23 05:00:00+00:00,92.379999999999995,92.810000000000002,91.469999999999999,92.129999999999995,756374,8528,91.950501000000003
2019-01-24 05:00:00+00:00,92.200000000000003,92.420000000000002,91.849999999999994,92.030000000000001,566747,6258,92.104014000000006
2019-01-25 05:00:00+00:00,92.040000000000006,93.219999999999999,92.040000000000006,93.150000000000006,1018777,8956,92.897177999999997
2019-01-28 05:00:00+00:00,93.180000000000007,94.935000000000002,92.659999999999997,94.769999999999996,979905,7963,94.301150000000007
2019-01-29 05:00:00+00:00,94.980000000000004,96.579999999999998,94.659999999999997,96.549999999999997,762054,9244,95.983622999999994
2019-01-30 05:00:00+00:00,96.260000000000005,97.670000000000002,96.060000000000002,97.530000000000001,1430504,11471,97.135632000000001
2019-01-31 05:00:00+00:00,97.469999999999999,98.730000000000004,96.689999999999998,98.609999999999999,1173277,11405,98.356610000000003
2019-02-01 05:00:00+00:00,98.670000000000002,98.670000000000002,95.944999999999993,97.620000000000005,781379,9705,97.285377999999994
2019-02-04 05:00:00+00:00,97.180000000000007,98.019999999999996,96.879999999999995,98.010000000000005,479280,5241,97.717234000000005
2019-02-05 05:00:00+00:00,98.510000000000005,98.510000000000005,97.177499999999995,98.030000000000001,786001,8505,97.730136000000002
2019-02-06 05:00:00+00:00,98.019999999999996,98.299999999999997,97.549999999999997,98.25,744655,8242,98.078838000000005
2019-02-07 05:00:00+00:00,98.329999999999998,99.849999999999994,97.979900000000001,99.599999999999994,849471,7829,99.380482000000001
2019-02-08 05:00:00+00:00,99.719999999999999,100.64,99.560000000000002,100.38,976260,7523,100.285358
2019-02-11 05:00:00+00:00,100.19,100.56999999999999,99.739999999999995,99.959999999999994,719664,8332,100.034902
2019-02-12 05:00:00+00:00,99.760000000000005,100.20999999999999,98.049999999999997,99,764586,8334,98.804146000000003
2019-02-13 05:00:00+00:00,98.730000000000004,99.719999999999999,98.469999999999999,99.319999999999993,743281,8081,99.266155999999995
2019-02-14 05:00:00+00:00,99.450000000000003,99.650000000000006,98.5,98.980000000000004,745521,9104,99.021795999999995
2019-02-15 05:00:00+00:00,99.340000000000003,99.790000000000006,98.564999999999998,99.719999999999999,1085938,7209,99.563438000000005
2019-02-19 05:00:00+00:00,99.640000000000001,99.730000000000004,98.930000000000007,99.109999999999999,863663,8386,99.218574000000004
2019-02-20 05:00:00+00:00,99.040000000000006,99.280000000000001,95.650000000000006,96,1780300,19109,96.350523999999993
2019-02-21 05:00:00+00:00,94.079999999999998,94.079999999999998,91,92.280000000000001,2856805,23497,92.381231999999997
2019-02-22 05:00:00+00:00,92.879999999999995,94.569999999999993,92.159999999999997,94.560000000000002,1539614,13915,93.960454999999996
2019-02-25 05:00:00+00:00,94.560000000000002,94.620000000000005,92.129999999999995,93.480000000000004,1472436,15546,93.167021000000005
2019-02-26 05:00:00+00:00,93.75,93.795000000000002,92.680000000000007,93.489999999999995,1066808,10511,93.312555000000003
2019-02-27 05:00:00+00:00,93.129999999999995,94.680000000000007,92.569999999999993,94.359999999999999,1107275,11700,93.755373000000006
2019-02-28 05:00:00+00:00,94.379999999999995,96.540000000000006,93.689099999999996,95.939999999999998,2166702,16193,95.936380999999997
2019-03-01 05:00:00+00:00,95.790000000000006,95.918000000000006,94.569999999999993,95.579999999999998,1204534,10959,95.297026000000002
2019-03-04 05:00:00+00:00,95.989999999999995,96.489999999999995,95.269999999999996,96.299999999999997,1024689,11045,95.863657000000003
2019-03-05 05:00:00+00:00,96.109999999999999,97.849999999999994,96.109999999999999,97.799999999999997,1104728,10789,97.525554999999997
2019-03-06 05:00:00+00:00,98.049999999999997,98.180000000000007,97.079999999999998,97.25,675793,8383,97.508146999999994
2019-03-07 05:00:00+00:00,97.560000000000002,98.099999999999994,96.540000000000006,96.930000000000007,792649,9756,97.084374999999994
2019-03-08 05:00:00+00:00,96.930000000000007,97.590000000000003,96.310000000000002,97.060000000000002,523994,7152,96.889201
2019-03-11 04:00:00+00:00,97.319999999999993,98.930000000000007,97.319999999999993,98.890000000000001,798223,9012,98.480952000000002
2019-03-12 04:00:00+00:00,99,99.689999999999998,98.689999999999998,99.640000000000001,591134,7352,99.442966999999996
2019-03-13 04:00:00+00:00,99.650000000000006,101.25,99.5,100.15000000000001,712455,8783,100.224216
2019-03-14 04:00:00+00:00,99.599999999999994,100.23,97.689999999999998,100.05,1450138,13853,100.009462
2019-03-15 04:00:00+00:00,100.09999999999999,100.5,99.349999999999994,99.780000000000001,2205947,11963,99.888919000000001
2019-03-18 04:00:00+00:00,99.780000000000001,99.930000000000007,98.659999999999997,99.150000000000006,1084648,8511,99.178974999999994
2019-03-19 04:00:00+00:00,99.260000000000005,99.480000000000004,98.480000000000004,98.930000000000007,1004666,8931,98.933588
2019-03-20 04:00:00+00:00,98.709999999999994,99.590000000000003,98.060000000000002,99.269999999999996,1147674,11601,98.928895999999995
2019-03-21 04:00:00+00:00,98.659999999999997,100.78,98.454999999999998,100.66,610999,7796,100.440988
2019-03-22 04:00:00+00:00,101,102.29000000000001,100.39,100.61,978617,9803,101.127498
2019-03-25 04:00:00+00:00,100.65000000000001,101.91,100.2563,101.34,557036,6657,101.38643399999999
2019-03-26 04:00:00+00:00,101.48,101.84999999999999,100.53,101.79000000000001,779608,8458,101.408687
2019-03-27 04:00:00+00:00,101.95,102.02,100.55,101.15000000000001,745808,8597,101.16622
2019-03-28 04:00:00+00:00,101.48,102.78,101.13,102.76000000000001,580497,6900,102.266289
2019-03-29 04:00:00+00:00,102.63,102.75,101.55,101.91,1057440,8326,101.900172
2019-04-01 04:00:00+00:00,101,101.3,99.844999999999999,101.18000000000001,1084128,11831,100.80840999999999
2019-04-02 04:00:00+00:00,101.25,102.28,100.15000000000001,102.09,2045996,9912,101.574985
2019-04-03 04:00:00+00:00,102.15000000000001,102.61,101,102.19,1168157,8012,102.166309
2019-04-04 04:00:00+00:00,102.12,102.31,100.65000000000001,100.92,519113,5462,100.95562099999999
2019-04-05 04:00:00+00:00,101.14,101.70999999999999,100.8,101.64,504576,6698,101.433629
2019-04-08 04:00:00+00:00,101.23,101.34,99.620000000000005,100.13,1519869,8580,100.193138
2019-04-09 04:00:00+00:00,100.44,101.67,99.920000000000002,100.98999999999999,725915,8450,101.035374
2019-04-10 04:00:00+00:00,101.36,102.31,101.31999999999999,101.98999999999999,917954,8125,101.853555
2019-04-11 04:00:00+00:00,102.18000000000001,102.53,100.97,101.59999999999999,798308,8172,101.534403
2019-04-12 04:00:00+00:00,101.56999999999999,102.20999999999999,100.8,102.19,500063,5078,101.76424900000001
2019-04-15 04:00:00+00:00,102.36,102.69,101.23,101.68000000000001,574718,6028,101.62769299999999
2019-04-16 04:00:00+00:00,101.62,101.62,99.394999999999996,100.03,495000,6904,100.12987699999999
2019-04-17 04:00:00+00:00,100.11,100.33,98.950000000000003,99.790000000000006,834348,10405,99.720780000000005
2019-04-18 04:00:00+00:00,99.810000000000002,100.92,99.5,100.7,783045,5730,100.61950299999999
2019-04-22 04:00:00+00:00,100.23,100.52,97.950000000000003,99.239999999999995,821369,11046,98.798541999999998
2019-04-23 04:00:00+00:00,99.689999999999998,100.31,99.295000000000002,100.09,630436,7453,99.93083
2019-04-24 04:00:00+00:00,100.56,101.98999999999999,100.29000000000001,101.81,585735,6926,101.59032500000001
2019-04-25 04:00:00+00:00,101.45999999999999,102.36,101.16500000000001,102.04000000000001,642557,7827,101.935956
2019-04-26 04:00:00+00:00,102.44,104.03,101.77,103.56,1209323,11058,103.45139
2019-04-29 04:00:00+00:00,103.58,103.90000000000001,102,102.65000000000001,1563321,14435,102.79570699999999
2019-04-30 04:00:00+00:00,102.97,104.43000000000001,102.40000000000001,103.69,1634013,11717,103.667124
2019-05-01 04:00:00+00:00,103.5,108.06999999999999,103.09999999999999,105.98999999999999,1768310,16339,106.48951599999999
2019-05-02 04:00:00+00:00,106.02,107.09,105.09999999999999,106.45999999999999,1143203,11025,106.294793
2019-05-03 04:00:00+00:00,106.75,107.18000000000001,105.72,106.28,707787,7672,106.32307299999999
2019-05-06 04:00:00+00:00,106.20999999999999,106.685,105.435,106.25,454324,5150,106.147953
2019-05-07 04:00:00+00:00,106.03,106.04000000000001,103.55,104.16,1227317,11154,104.339834
2019-05-08 04:00:00+00:00,104.26000000000001,105.28,103.09999999999999,103.43000000000001,1533004,14663,103.847026
2019-05-09 04:00:00+00:00,103.25,104.14,102.88500000000001,103.79000000000001,1113514,10404,103.731379
2019-05-10 04:00:00+00:00,103.84,106.16,103.84,105.88,613280,8040,105.495632
2019-05-13 04:00:00+00:00,105.17,107.62,105.17,107.62,1776675,14926,107.248182
2019-05-14 04:00:00+00:00,107.77,108.2,105.73,106.63,1314764,12046,106.56702300000001
2019-05-15 04:00:00+00:00,106.81999999999999,107.84999999999999,106.31,106.53,746633,8592,106.861729
2019-05-16 04:00:00+00:00,106.18000000000001,107.09,106.18000000000001,106.25,799995,9294,106.504064
2019-05-17 04:00:00+00:00,105.97,106.27500000000001,105.45999999999999,105.98999999999999,1273576,10980,105.939787
2019-05-20 04:00:00+00:00,105.98,106.47,105.37,105.87,612142,7986,105.93204900000001
2019-05-21 04:00:00+00:00,106.04000000000001,106.87,105.70999999999999,106.51000000000001,847502,8197,106.564943
2019-05-22 04:00:00+00:00,106.67,107,106.11,106.25,550714,5610,106.397319
2019-05-23 04:00:00+00:00,106.02,107.02,106.02,106.69,1276113,11483,106.735596
2019-05-24 04:00:00+00:00,107.22,107.83,106.73999999999999,106.98,803724,9539,107.006834
2019-05-28 04:00:00+00:00,107.39,107.855,105.26000000000001,105.3,2322010,10627,105.552465
2019-05-29 04:00:00+00:00,105.47,105.47,103.94,104.77,1197486,13277,104.553786
2019-05-30 04:00:00+00:00,104.92,105.79000000000001,104.73,105.66,653231,7944,105.508123
2019-05-31 04:00:00+00:00,105.65000000000001,107.59,105.3,107.16,831780,8323,107.01426600000001
2019-06-03 04:00:00+00:00,107.58,107.90000000000001,105.8,107.05,1050673,10657,106.67962
2019-06-04 04:00:00+00:00,106.88,106.88,105.40900000000001,106.37,1014372,10079,106.25323
2019-06-05 04:00:00+00:00,107.04000000000001,109.82989999999999,106.59,109.73,867568,11344,109.094065
2019-06-06 04:00:00+00:00,109.73999999999999,109.94499999999999,108.38,108.91,838029,10182,108.97357100000001
2019-06-07 04:00:00+00:00,109.64,110.79000000000001,109.23,109.48,930717,6876,109.975371
2019-06-10 04:00:00+00:00,109.48999999999999,109.56999999999999,108.64,109.12,508951,6011,109.12889300000001
2019-06-11 04:00:00+00:00,109.26000000000001,109.51000000000001,107.95999999999999,109.11,706133,7241,108.811448
2019-06-12 04:00:00+00:00,109.40000000000001,110.43000000000001,108.76000000000001,108.83,637101,6741,109.048832
2019-06-13 04:00:00+00:00,108.03,108.44,107.55,108.05,992456,9077,108.01135600000001
2019-06-14 04:00:00+00:00,108.01000000000001,108.88,107.90000000000001,108.06,998387,11060,108.23776100000001
2019-06-17 04:00:00+00:00,108.53,109.23,108.31999999999999,108.76000000000001,803949,10817,108.73009999999999
2019-06-18 04:00:00+00:00,109.23,109.23,107.17,108.34999999999999,1110523,13131,108.1795
2019-06-19 04:00:00+00:00,107.84,109.62,107.06999999999999,109.09,849074,10106,108.558661
2019-06-20 04:00:00+00:00,109.76000000000001,109.76000000000001,108.59999999999999,109.08,997869,10139,109.139196
2019-06-21 04:00:00+00:00,108.98999999999999,108.98999999999999,106.89,107.73999999999999,1954950,13549,107.830844
2019-06-24 04:00:00+00:00,107.95,108.26000000000001,106.87,107.23,932624,9354,107.348817
2019-06-25 04:00:00+00:00,107.58,107.88,106.39,106.39,882576,8677,107.11727
2019-06-26 04:00:00+00:00,106.42,106.426,104.12,105.06,1412041,13016,105.18763300000001
2019-06-27 04:00:00+00:00,105.73999999999999,106.38,105.17,105.61,693861,9011,105.762134
2019-06-28 04:00:00+00:00,105.48999999999999,106.55500000000001,105.482,106.09999999999999,1551659,10735,106.100179
2019-07-01 04:00:00+00:00,106.65000000000001,106.65000000000001,104.22,105.70999999999999,797171,10363,105.42569899999999
2019-07-02 04:00:00+00:00,106.16,108.56,106.16,107.31,1892374,17739,107.49873100000001
2019-07-03 04:00:00+00:00,107.39,108.62,107.39,108.5,595431,6019,108.226918
2019-07-05 04:00:00+00:00,107.95,108.90000000000001,106.77,108.5,443689,6454,108.31762999999999
2019-07-08 04:00:00+00:00,108.53,109.825,108.29000000000001,109.42,698571,7232,109.31187199999999
2019-07-09 04:00:00+00:00,109.40000000000001,110.8,109.34999999999999,110.56,589747,7168,110.380443
2019-07-10 04:00:00+00:00,110.87,111.56999999999999,109.745,111.44,658285,7989,111.18810000000001
2019-07-11 04:00:00+00:00,111.18000000000001,111.62,110.06,110.59999999999999,596635,6683,110.58288400000001
2019-07-12 04:00:00+00:00,110.84999999999999,111.12,110.08,110.86,401551,6591,110.738148
2019-07-15 04:00:00+00:00,111.3,112.62,110.94,111.98999999999999,862954,11230,112.01318000000001
2019-07-16 04:00:00+00:00,111.72,111.95,111.01000000000001,111.40000000000001,570059,7775,111.47262600000001
2019-07-17 04:00:00+00:00,111.81999999999999,112.27,110.65000000000001,111.34,496453,6112,111.266066
2019-07-18 04:00:00+00:00,110.98,111.53,110.23,111.09,595838,6313,110.96828600000001
2019-07-19 04:00:00+00:00,111.22,111.37,108.5,108.69,719345,9421,109.116894
2019-07-22 04:00:00+00:00,108.84999999999999,109.31999999999999,108.01000000000001,108.69,496576,7077,108.79337700000001
2019-07-23 04:00:00+00:00,108.63,110.02,108.25,110,405584,4867,109.73541400000001
2019-07-24 04:00:00+00:00,110.13,110.15000000000001,108.95,109.81999999999999,722181,6359,109.68770499999999
2019-07-25 04:00:00+00:00,109.95999999999999,110.23999999999999,109.17,109.95,567823,6351,109.89772499999999
2019-07-26 04:00:00+00:00,110.01000000000001,110.7,109.44,110.26000000000001,528556,6081,110.093165
2019-07-29 04:00:00+00:00,110.7,112.18000000000001,110.47,111.41,620813,7575,111.47864199999999
2019-07-30 04:00:00+00:00,111.29000000000001,112.81999999999999,111.13,111.90000000000001,766990,10025,111.812544
2019-07-31 04:00:00+00:00,111.84999999999999,114.27,111.7,112.39,1698022,13234,112.70962
2019-08-01 04:00:00+00:00,112.79000000000001,114.45999999999999,111.81,114.15000000000001,798505,10762,113.636229
2019-08-02 04:00:00+00:00,114.34,115.40000000000001,113.16500000000001,114.81,804135,9549,114.81520500000001
2019-08-05 04:00:00+00:00,114.90000000000001,115.58499999999999,112.63,114.12,1159750,14402,114.206636
2019-08-06 04:00:00+00:00,113.81999999999999,116.15600000000001,113.62,115.25,1159884,12438,115.089265
2019-08-07 04:00:00+00:00,115.25,117.62,114.47,116.98,965457,12075,116.75901399999999
2019-08-08 04:00:00+00:00,116.84,118.81,115.94,118.70999999999999,943892,11484,118.238834
2019-08-09 04:00:00+00:00,118.73,119.19,117.45999999999999,118.64,1376696,12611,118.442184
2019-08-12 04:00:00+00:00,118.61,119.25,118.06999999999999,118.89,584222,7793,118.775446
2019-08-13 04:00:00+00:00,119.05,119.37,117.48999999999999,119.01000000000001,876444,9741,118.888661
2019-08-14 04:00:00+00:00,119.06999999999999,119.41500000000001,117.88,117.97,654844,9207,118.457942
2019-08-15 04:00:00+00:00,118.29000000000001,121.09,118.06999999999999,120.8,875764,11959,120.525273
2019-08-16 04:00:00+00:00,121.13,121.36,120.39,120.62,1217833,9329,120.754206
2019-08-19 04:00:00+00:00,121.05,122.03,120.175,121.70999999999999,700040,8956,121.403379
2019-08-20 04:00:00+00:00,122.83,122.87,120.62,120.95999999999999,873035,9699,121.16543299999999
2019-08-21 04:00:00+00:00,121.31,121.87,120.64,120.77,1172409,12244,121.14883500000001
2019-08-22 04:00:00+00:00,121,121.65000000000001,120.20999999999999,121.37,1496080,13319,121.121033
2019-08-23 04:00:00+00:00,121.75,123.16,120.53,121,1010884,12035,121.470534
2019-08-26 04:00:00+00:00,121.22,121.73,120.34,121.52,636861,8820,121.205144
2019-08-27 04:00:00+00:00,121.95,122.81999999999999,121.17,121.23,877927,7987,121.530005
2019-08-28 04:00:00+00:00,121.58,121.93000000000001,120.97,121,695783,9359,121.20907699999999
2019-08-29 04:00:00+00:00,121.45999999999999,121.67,120.54000000000001,121.20999999999999,879457,9683,121.23577400000001
2019-08-30 04:00:00+00:00,121.45,122.28,120.72499999999999,121.92,821314,9593,121.832972
2019-09-03 04:00:00+00:00,121.79000000000001,123.37,121.64,122.45999999999999,1023420,11794,122.59003800000001
2019-09-04 04:00:00+00:00,122.98999999999999,124.455,122.69,123.52,1190219,14459,123.51872899999999
2019-09-05 04:00:00+00:00,123.17,123.73999999999999,120.77,121.2,1087042,14230,121.37707899999999
2019-09-06 04:00:00+00:00,121.54000000000001,121.87,119.66,119.73999999999999,1059437,10861,120.03821600000001
2019-09-09 04:00:00+00:00,119.64,119.875,117.73,118.28,1408384,15921,118.505138
2019-09-10 04:00:00+00:00,117.61,118.14,115.01000000000001,115.78,1157847,14294,115.787691
2019-09-11 04:00:00+00:00,115.34,116.935,114.63,116.54000000000001,922389,10906,116.348769
2019-09-12 04:00:00+00:00,118.09999999999999,118.92,116.65000000000001,117,1191427,10659,117.073279
2019-09-13 04:00:00+00:00,116.27,116.845,115.54000000000001,116.12,1230844,16318,116.045869
2019-09-16 04:00:00+00:00,115.06999999999999,117.27,114.27,117.12,1090383,13367,116.706507
2019-09-17 04:00:00+00:00,117.72,118.465,117.155,117.72,956738,11218,117.74536999999999
2019-09-18 04:00:00+00:00,117.92,118.15000000000001,115.81999999999999,116.83,813435,7822,116.970102
2019-09-19 04:00:00+00:00,117.45,117.58,116.19,116.84999999999999,896186,9115,116.895141
2019-09-20 04:00:00+00:00,117.38,117.81,115.70999999999999,115.98,2213841,12423,116.40392799999999
2019-09-23 04:00:00+00:00,115.52,116.23999999999999,115.36,115.73999999999999,1099402,11627,115.804661
2019-09-24 04:00:00+00:00,116.12,116.87,115.325,116.34,1521763,13701,116.13256199999999
2019-09-25 04:00:00+00:00,116.40000000000001,117.15000000000001,116.09,117.06999999999999,881628,11567,116.776308
2019-09-26 04:00:00+00:00,117.41,118.25,116.83,117.98,1034657,9071,117.767465
2019-09-27 04:00:00+00:00,118.04000000000001,118.08,115.90000000000001,116.69,724253,8760,116.86554700000001
2019-09-30 04:00:00+00:00,116.44,117.78,116.44,116.81999999999999,962907,7943,116.890552
2019-10-01 04:00:00+00:00,116.51000000000001,116.70999999999999,113.93000000000001,115.67,881842,12324,115.37310600000001
2019-10-02 04:00:00+00:00,115.81999999999999,116.73999999999999,114.98999999999999,115.2,941813,10286,115.42343700000001
2019-10-03 04:00:00+00:00,115.47,117.20999999999999,115.42,116.65000000000001,1532409,12995,116.53215299999999
2019-10-04 04:00:00+00:00,116.83,117.83499999999999,116.31,117.45,733178,9253,117.232073
2019-10-07 04:00:00+00:00,116.89,117.485,116.55,116.75,716161,8162,116.82853799999999
2019-10-08 04:00:00+00:00,116.89,117.81,115.76000000000001,117.02,1248308,10381,117.03899
2019-10-09 04:00:00+00:00,117.34,117.81,116.65000000000001,116.86,535697,8033,117.039154
2019-10-10 04:00:00+00:00,116.62,116.98999999999999,115.69,116.28,592322,8309,116.418989
2019-10-11 04:00:00+00:00,116,116.33,115.45999999999999,115.67,788728,10328,115.869079
2019-10-14 04:00:00+00:00,115.81999999999999,116,114.86,115.23999999999999,510552,7510,115.26342200000001
2019-10-15 04:00:00+00:00,115.25,115.55500000000001,113.81,115,659803,8951,114.943129
2019-10-16 04:00:00+00:00,114.89,115.19499999999999,114.105,115.17,936446,7879,114.995738
2019-10-17 04:00:00+00:00,115.05,115.52,114.23,114.3,690051,7756,114.61633500000001
2019-10-18 04:00:00+00:00,114.3,114.54689999999999,113.43000000000001,114.23999999999999,1031053,10621,114.14510900000001
2019-10-21 04:00:00+00:00,114.03,115.92,114.03,115.64,1080484,12145,115.42058
2019-10-22 04:00:00+00:00,115.75,116.52,114.985,115.22,970810,12425,115.548704
2019-10-23 04:00:00+00:00,115.29000000000001,115.95,114.55,115.68000000000001,1174668,10658,115.50357
2019-10-24 04:00:00+00:00,115.87,116.505,115,115.55,680762,8731,115.80802799999999
2019-10-25 04:00:00+00:00,114.54000000000001,114.78,112.03,112.23,860267,11784,112.634826
2019-10-28 04:00:00+00:00,112.12,112.81999999999999,111.59,112.06999999999999,1064508,11783,112.21789200000001
2019-10-29 04:00:00+00:00,112.16,113.52,111.95,112.73,867637,11027,112.904792
2019-10-30 04:00:00+00:00,112.14,112.41,108.0488,110.84999999999999,2243173,21170,110.40275200000001
2019-10-31 04:00:00+00:00,111.17,112.37,110.98,112.27,1359288,12415,111.93691099999999
2019-11-01 04:00:00+00:00,112.36,113.04000000000001,110.09999999999999,111.22,1027945,10884,111.041009
2019-11-04 05:00:00+00:00,110.98,110.98,108.69,109.01000000000001,1158317,12023,109.347838
2019-11-05 05:00:00+00:00,108.37,108.73999999999999,105.93000000000001,107.11,1701653,16124,106.914011
2019-11-06 05:00:00+00:00,107.56,109.06999999999999,107.06,108.90000000000001,1021057,10732,108.68781799999999
2019-11-07 05:00:00+00:00,108.43000000000001,109.005,107.64,107.97,927140,10527,108.105841
2019-11-08 05:00:00+00:00,107.84999999999999,108.18000000000001,106.06,106.29000000000001,841383,11199,106.525498
2019-11-11 05:00:00+00:00,106.20999999999999,106.8,105.37,105.66,919977,12000,105.714643
2019-11-12 05:00:00+00:00,105.83,107.14,104.39,104.47,839005,10058,105.11791599999999
2019-11-13 05:00:00+00:00,104.84999999999999,106.09999999999999,104.56999999999999,105.36,889214,10443,105.43444100000001
2019-11-14 05:00:00+00:00,105.66,107.23,105.66,107.11,807510,9632,106.829843
2019-11-15 05:00:00+00:00,107.20999999999999,107.36,106.66,107.2,1096647,7987,107.139905
2019-11-18 05:00:00+00:00,107,107.73999999999999,106.09,106.5,1357772,10521,106.58278
2019-11-19 05:00:00+00:00,106.77,107.18000000000001,105.8,106.8,1315135,11306,106.639645
2019-11-20 05:00:00+00:00,107.22,107.59999999999999,106.02,106.97,716846,8293,106.941653
2019-11-21 05:00:00+00:00,106.55,106.63,105.2,105.64,928055,11642,105.612717
2019-11-22 05:00:00+00:00,105.98999999999999,106,104.48,105.59999999999999,1025530,11515,105.34999500000001
2019-11-25 05:00:00+00:00,105.97,106.42,104.84999999999999,105.06,1446004,10387,105.276782
2019-11-26 05:00:00+00:00,105.37,107.01000000000001,104.94,107,3539554,10651,106.803693
2019-11-27 05:00:00+00:00,106.5,106.51000000000001,105.68000000000001,106.20999999999999,649709,9138,106.234115
2019-11-29 05:00:00+00:00,106.42,106.91,105.72,106.05,573598,5168,106.07895499999999
2019-12-02 05:00:00+00:00,105.73,105.95999999999999,104.31999999999999,104.61,888143,12569,104.818387
2019-12-03 05:00:00+00:00,104.91,106.39,104.91,106.23999999999999,988889,10865,106.15428
2019-12-04 05:00:00+00:00,105.7,106.98,105.55,106.45,1151761,11856,106.49758799999999
2019-12-05 05:00:00+00:00,106.31,107.08,106.01000000000001,107.08,671620,7310,106.781835
2019-12-06 05:00:00+00:00,107.08,107.88,106.59,107.5,1065351,12045,107.44675100000001
2019-12-09 05:00:00+00:00,107.64,107.65000000000001,106.39,106.63,1043203,9239,106.854067
2019-12-10 05:00:00+00:00,106.56,106.73,104.2,105.42,1080596,12773,105.08898000000001
2019-12-11 05:00:00+00:00,105.61,105.81,104.03,104.95999999999999,1509151,13016,104.920452
2019-12-12 05:00:00+00:00,104.93000000000001,105.13,101.86,102.40000000000001,1815297,14368,102.783378
2019-12-13 05:00:00+00:00,101.90000000000001,102.61,100.83,102.29000000000001,1286091,15291,101.937477
2019-12-16 05:00:00+00:00,102.41,103.45999999999999,101.63500000000001,103.23999999999999,1393817,11394,102.823125
2019-12-17 05:00:00+00:00,103.29000000000001,103.79000000000001,102.43000000000001,102.69,1163866,11804,102.66782600000001
2019-12-18 05:00:00+00:00,102.7,103.92,102.59999999999999,103.51000000000001,1080736,9645,103.472548
2019-12-19 05:00:00+00:00,103.31,104.19,103.09,103.84999999999999,762785,9222,103.839782
2019-12-20 05:00:00+00:00,104.31999999999999,105.13,103.83,104.47,2114874,10897,104.46198099999999
2019-12-23 05:00:00+00:00,104.75,105.14,103.65000000000001,103.8,554440,7073,103.950847
2019-12-24 05:00:00+00:00,103.95,104.55,103.48,104.40000000000001,200642,2770,104.232997
2019-12-26 05:00:00+00:00,104.55,104.65000000000001,103.65000000000001,104.59999999999999,454075,5708,104.444333
2019-12-27 05:00:00+00:00,104.87,105.14,104.06999999999999,104.51000000000001,524202,6575,104.475696
2019-12-30 05:00:00+00:00,104.20999999999999,104.8,103.59,104.31999999999999,794647,9260,104.125545
2019-12-31 05:00:00+00:00,104.45,105.62,104.25,105.62,1357061,9747,105.412312
2020-01-02 05:00:00+00:00,105.88,105.93000000000001,104.23,104.73,1194012,12934,104.70275599999999
2020-01-03 05:00:00+00:00,104.58,107.78,104.40000000000001,106.52,905495,11487,106.30360400000001
2020-01-06 05:00:00+00:00,106.51000000000001,107.02,105.70999999999999,106.45,1499906,14177,106.452755
2020-01-07 05:00:00+00:00,105.81,106.26000000000001,105.26000000000001,105.97,1033949,13031,105.87543599999999
2020-01-08 05:00:00+00:00,105.98999999999999,106.41,105.15000000000001,106.18000000000001,973017,12224,106.00827200000001
2020-01-09 05:00:00+00:00,105.88,106.81999999999999,105.64,105.88,747030,9800,105.993291
2020-01-10 05:00:00+00:00,106.06999999999999,107.86,105.895,107.77,1064006,10757,107.46226799999999
2020-01-13 05:00:00+00:00,107.77,108.23,107.08,108.12,1154002,12004,107.92032500000001
2020-01-14 05:00:00+00:00,108,108.39,107.02,108.34999999999999,1227723,10319,107.937757
2020-01-15 05:00:00+00:00,108.84,109.80500000000001,108.67,109.59,1379598,15509,109.295723
2020-01-16 05:00:00+00:00,109.81,110.95999999999999,109.44,110.91,989743,10952,110.622933
2020-01-17 05:00:00+00:00,111.12,112,110.20999999999999,111.56,1884988,14859,111.628474
2020-01-21 05:00:00+00:00,111.86,112.97,111.5,112.75,848639,9802,112.51118
2020-01-22 05:00:00+00:00,113,113.29000000000001,109.19,109.70999999999999,1375596,13850,110.122969
2020-01-23 05:00:00+00:00,109.94,110.83,109.40000000000001,110.56,900930,11030,110.393218
2020-01-24 05:00:00+00:00,110.62,111.05,110.25,110.93000000000001,426280,7782,110.82077200000001
2020-01-27 05:00:00+00:00,110.68000000000001,111.55,110.41,111,509663,7455,111.024327
2020-01-28 05:00:00+00:00,110.86,111.54000000000001,110.18000000000001,110.52,686814,7945,110.705541
2020-01-29 05:00:00+00:00,110.65000000000001,110.70999999999999,109.04000000000001,109.45,1359785,13124,109.49967100000001
2020-01-30 05:00:00+00:00,109.3,110.65000000000001,109.01000000000001,110.58,631977,10906,110.258495
2020-01-31 05:00:00+00:00,110.68000000000001,111.09999999999999,109.97,110.68000000000001,854945,10121,110.648124
2020-02-03 05:00:00+00:00,110.72,111.19,109.47,109.58,741284,8710,109.845806
2020-02-04 05:00:00+00:00,109.41,110.59,109.41,110.20999999999999,616914,8315,110.098821
2020-02-05 05:00:00+00:00,109.84,110.31,109.18000000000001,109.47,889395,8147,109.69549600000001
2020-02-06 05:00:00+00:00,109.45999999999999,110.59999999999999,109.45999999999999,110.02,543633,6431,110.04721000000001
2020-02-07 05:00:00+00:00,110.43000000000001,111.06999999999999,110.08,110.20999999999999,463507,6142,110.345583
2020-02-10 05:00:00+00:00,110.89,111.25,110.37,111.25,491060,7015,111.011574
2020-02-11 05:00:00+00:00,111.23,112.04000000000001,111.09,111.55,504632,7824,111.522246
2020-02-12 05:00:00+00:00,111.33,112.76000000000001,111.17,112.16,712734,8111,112.180187
2020-02-13 05:00:00+00:00,112.31999999999999,113.3,112.175,113.04000000000001,728624,6941,112.90493600000001
2020-02-14 05:00:00+00:00,113.37,115.45,113.16500000000001,115.43000000000001,762645,11200,115.097482
2020-02-18 05:00:00+00:00,115.62,115.81,114.78,115.40000000000001,948998,12876,115.267574
2020-02-19 05:00:00+00:00,112.67,112.68000000000001,106.45999999999999,107.48,2149883,23147,108.218734
2020-02-20 05:00:00+00:00,107.44,108.11,105.22,107.31,1363206,16074,106.579809
2020-02-21 05:00:00+00:00,107.12,109.8,107.08,109.2,1229115,9564,109.12096
2020-02-24 05:00:00+00:00,108.92,111.3,108.3,108.81,1361352,15144,109.25405600000001
2020-02-25 05:00:00+00:00,109.06999999999999,109.06999999999999,105.70999999999999,107,1379158,13608,106.895172
2020-02-26 05:00:00+00:00,106.67,109.76000000000001,105.94,107.66,1598607,18239,108.043212
2020-02-27 05:00:00+00:00,107.03,107.84,100.67,100.69,1737060,20017,102.886769
2020-02-28 05:00:00+00:00,100.20999999999999,101.53,97.079999999999998,100.36,2525411,27641,100.048203
2020-03-02 05:00:00+00:00,101.16,105.88,101.11499999999999,105.40000000000001,1446075,18035,104.320691
2020-03-03 05:00:00+00:00,105.39,107.39,104.04000000000001,105.65000000000001,1393686,18398,105.841965
2020-03-04 05:00:00+00:00,107.26000000000001,112.44,106.63,109.79000000000001,1700599,14943,109.412097
2020-03-05 05:00:00+00:00,108.76000000000001,110.87,107.81999999999999,110.56,1106679,16001,110.18643299999999
2020-03-06 05:00:00+00:00,108.28,110.40000000000001,106.47499999999999,110.02,1121572,13530,108.92939
2020-03-09 04:00:00+00:00,105.63,108.26000000000001,104.05,105.90000000000001,1559642,18565,106.336566
2020-03-10 04:00:00+00:00,107.52,108.31999999999999,101.29000000000001,107.58,1758971,25006,105.205206
2020-03-11 04:00:00+00:00,105.29000000000001,105.92,103.52,104.40000000000001,1600796,20314,104.625758
2020-03-12 04:00:00+00:00,99.799999999999997,102.89,95.909999999999997,96.280000000000001,2294925,29716,98.027140000000003
2020-03-13 04:00:00+00:00,99.060000000000002,100.27,92.822500000000005,96.579999999999998,2325104,27793,96.143754999999999
2020-03-16 04:00:00+00:00,90.609999999999999,92.5,81.390000000000001,81.640000000000001,2235285,28963,86.195927999999995
2020-03-17 04:00:00+00:00,82.829999999999998,88.25,81.959999999999994,86.230000000000004,2101604,24796,85.703616999999994
2020-03-18 04:00:00+00:00,81.640000000000001,92.409999999999997,80.599999999999994,89.969999999999999,3100135,28729,86.810028000000003
2020-03-19 04:00:00+00:00,89.260000000000005,90.709999999999994,84.299999999999997,86.700000000000003,2458635,26344,87.164428999999998
2020-03-20 04:00:00+00:00,86.730000000000004,86.730000000000004,77.700000000000003,79.719999999999999,2422083,19578,82.088004999999995
2020-03-23 04:00:00+00:00,79.719999999999999,80.230000000000004,72.700000000000003,74.609999999999999,1840677,27349,75.526067999999995
2020-03-24 04:00:00+00:00,76.480000000000004,79.480000000000004,74.870000000000005,78.319999999999993,2166941,25608,77.464611000000005
2020-03-25 04:00:00+00:00,77.530000000000001,87.180000000000007,77.150000000000006,83.040000000000006,1269902,14283,83.049158000000006
2020-03-26 04:00:00+00:00,82.939999999999998,90.290000000000006,82.180000000000007,89.829999999999998,1642536,17857,87.997363000000007
2020-03-27 04:00:00+00:00,87.900000000000006,97.159999999999997,87.620000000000005,96.019999999999996,1932220,19330,94.728577000000001
2020-03-30 04:00:00+00:00,96.700000000000003,98.805000000000007,93.629999999999995,96.75,2620235,27516,96.183524000000006
2020-03-31 04:00:00+00:00,95.680000000000007,97.019999999999996,93.599999999999994,95.760000000000005,3000878,26976,95.459678999999994
2020-04-01 04:00:00+00:00,92.549999999999997,96.689999999999998,91.810000000000002,94,2488702,29249,93.946689000000006
2020-04-02 04:00:00+00:00,92.670000000000002,96.959999999999994,91.140000000000001,95.959999999999994,2502481,24980,94.077128999999999
2020-04-03 04:00:00+00:00,95.239999999999995,97.569999999999993,94.359999999999999,96.129999999999995,1879768,20724,95.807021000000006
2020-04-06 04:00:00+00:00,97.900000000000006,100.29000000000001,97.019999999999996,99.879999999999995,1625713,18696,99.254402999999996
2020-04-07 04:00:00+00:00,101,102.41,97.209999999999994,97.469999999999999,1580008,18036,99.053230999999997
2020-04-08 04:00:00+00:00,96.890000000000001,98.730000000000004,95.665000000000006,98.189999999999998,1918416,18601,97.243696999999997
2020-04-09 04:00:00+00:00,98.709999999999994,105.02,98.388000000000005,102.91,1799054,22634,102.54183500000001
2020-04-13 04:00:00+00:00,101.98999999999999,102.33,95.780000000000001,96.450000000000003,1476026,15141,97.358119000000002
2020-04-14 04:00:00+00:00,97.340000000000003,99.450000000000003,95.234999999999999,95.620000000000005,1789635,20255,96.887129000000002
2020-04-15 04:00:00+00:00,95.510000000000005,96.25,91.879999999999995,93,1621712,18221,93.528312
2020-04-16 04:00:00+00:00,93.299999999999997,94.5,91.280000000000001,91.379999999999995,1383624,14356,92.296557000000007
2020-04-17 04:00:00+00:00,91.319999999999993,93.885000000000005,91.319999999999993,93.099999999999994,1280704,11510,92.859559000000004
2020-04-20 04:00:00+00:00,92.560000000000002,93.325000000000003,89.299999999999997,89.359999999999999,1183592,12941,90.413990999999996
2020-04-21 04:00:00+00:00,88.069999999999993,89.379999999999995,86.650000000000006,88.819999999999993,1039898,11504,88.352110999999994
2020-04-22 04:00:00+00:00,89.920000000000002,91.670000000000002,89.5,91.5,883334,11729,91.257867000000005
2020-04-23 04:00:00+00:00,91.170000000000002,91.590000000000003,87.745000000000005,87.920000000000002,1259584,12385,89.647125000000003
2020-04-24 04:00:00+00:00,88.75,89.599999999999994,88,88.890000000000001,1384174,13827,88.874660000000006
2020-04-27 04:00:00+00:00,89.329999999999998,91.700000000000003,88.189999999999998,91.659999999999997,989547,11509,90.689408999999998
2020-04-28 04:00:00+00:00,93.109999999999999,94.409999999999997,91.959999999999994,92.670000000000002,1392253,17670,93.444969
2020-04-29 04:00:00+00:00,94.040000000000006,94.859999999999999,89.280000000000001,89.540000000000006,1264375,15858,90.681605000000005
2020-04-30 04:00:00+00:00,88.5,89.180000000000007,87.109999999999999,88.239999999999995,1160100,13190,88.016293000000005
2020-05-01 04:00:00+00:00,86.180000000000007,87.560000000000002,83.069999999999993,87.159999999999997,1500840,16048,85.8001
2020-05-04 04:00:00+00:00,87.709999999999994,87.719999999999999,84.409999999999997,85.299999999999997,1076558,11828,85.407545999999996
2020-05-05 04:00:00+00:00,85.549999999999997,87.450000000000003,85.150000000000006,85.900000000000006,778284,10178,86.189494999999994
2020-05-06 04:00:00+00:00,86.120000000000005,86.120000000000005,83.329999999999998,84,924796,10198,84.111710000000002
2020-05-07 04:00:00+00:00,84.920000000000002,88.560000000000002,84.629999999999995,88.170000000000002,1428742,16528,87.577917999999997
2020-05-08 04:00:00+00:00,89.480000000000004,92.031400000000005,89.099999999999994,91.689999999999998,914968,12638,91.364742000000007
2020-05-11 04:00:00+00:00,90.959999999999994,93,90.275000000000006,91.879999999999995,963671,13942,92.031266000000002
2020-05-12 04:00:00+00:00,92,92.295000000000002,84.510000000000005,85.310000000000002,1314570,14495,85.950503999999995
2020-05-13 04:00:00+00:00,84.829999999999998,86.480000000000004,83.769999999999996,84.390000000000001,1150949,14800,84.763045000000005
2020-05-14 04:00:00+00:00,83.629999999999995,84.370000000000005,81.030000000000001,84.200000000000003,847579,12317,83.470433
2020-05-15 04:00:00+00:00,83.769999999999996,83.829999999999998,80.855000000000004,81.810000000000002,1284012,14043,81.668237000000005
2020-05-18 04:00:00+00:00,83.599999999999994,87.719999999999999,83.599999999999994,87.129999999999995,1092876,14497,86.519840000000002
2020-05-19 04:00:00+00:00,86.620000000000005,88.060000000000002,85.390000000000001,87.450000000000003,831388,12610,87.308363999999997
2020-05-20 04:00:00+00:00,88.099999999999994,88.620000000000005,86.140000000000001,87.620000000000005,864122,10436,87.575749000000002
2020-05-21 04:00:00+00:00,87.049999999999997,88.299999999999997,86.299999999999997,86.930000000000007,585036,8864,87.016654000000003
2020-05-22 04:00:00+00:00,86.840000000000003,87.659999999999997,85.879999999999995,86.230000000000004,567911,10614,86.498491000000001
2020-05-26 04:00:00+00:00,88.189999999999998,92.459999999999994,88.019999999999996,92.189999999999998,1160088,14937,91.631506999999999
2020-05-27 04:00:00+00:00,93.390000000000001,94.739999999999995,92.689999999999998,94.379999999999995,1052985,12904,93.821869000000007
2020-05-28 04:00:00+00:00,94.680000000000007,97.340000000000003,93.629999999999995,97.219999999999999,1041491,13061,96.389178000000001
2020-05-29 04:00:00+00:00,96.760000000000005,97.079999999999998,94.230000000000004,96.75,1611080,16646,96.195311000000004
2020-06-01 04:00:00+00:00,96.840000000000003,99.219999999999999,95.260000000000005,98.819999999999993,1016680,14064,98.233198000000002
2020-06-02 04:00:00+00:00,100,100.605,97.890000000000001,100.18000000000001,1865884,15416,99.834508
2020-06-03 04:00:00+00:00,100.28,103.27,100.28,102.38,1377581,15700,102.367199
2020-06-04 04:00:00+00:00,101.95,102.2,100.01000000000001,101.45999999999999,921228,12562,101.25303599999999
2020-06-05 04:00:00+00:00,103.95999999999999,106.37,103.09,103.34,1389808,19302,104.38293400000001
2020-06-08 04:00:00+00:00,103.86,106.34999999999999,103.53,104.56,1082374,12223,104.386229
2020-06-09 04:00:00+00:00,103.09999999999999,103.66,101.33,102.95,903631,11676,102.74536500000001
2020-06-10 04:00:00+00:00,103.09,103.09,100,100.66,754911,9643,100.966076
2020-06-11 04:00:00+00:00,98.129999999999995,98.870000000000005,93.959999999999994,94.120000000000005,1389164,18703,94.961388999999997
2020-06-12 04:00:00+00:00,95.879999999999995,97.254999999999995,93.549999999999997,96.709999999999994,944669,14928,96.128637999999995
2020-06-15 04:00:00+00:00,94.769999999999996,98.040000000000006,94.030000000000001,97.420000000000002,1157117,11640,96.964101999999997
2020-06-16 04:00:00+00:00,100.18000000000001,100.29000000000001,96.829999999999998,97.620000000000005,1066817,14535,97.817040000000006
2020-06-17 04:00:00+00:00,98.180000000000007,98.659999999999997,96.280000000000001,96.989999999999995,758618,8403,97.122203999999996
2020-06-18 04:00:00+00:00,96.049999999999997,96.230000000000004,94.159999999999997,95.519999999999996,789718,10359,95.286169999999998
2020-06-19 04:00:00+00:00,96.900000000000006,96.900000000000006,92.730000000000004,92.969999999999999,3987970,13086,93.403897000000001
2020-06-22 04:00:00+00:00,92.450000000000003,93.829999999999998,90.799999999999997,92.819999999999993,873687,11893,92.631191999999999
2020-06-23 04:00:00+00:00,93.719999999999999,94.349999999999994,91.5,91.670000000000002,947532,11097,92.119129999999998
2020-06-24 04:00:00+00:00,90.769999999999996,91.709999999999994,88.879999999999995,90.480000000000004,1208112,13568,90.303520000000006
2020-06-25 04:00:00+00:00,90.260000000000005,91.890000000000001,89.840000000000003,91.790000000000006,835984,11160,91.066261999999995
2020-06-26 04:00:00+00:00,91.769999999999996,92.810000000000002,90.310000000000002,91.010000000000005,1533677,12180,90.987660000000005
2020-06-29 04:00:00+00:00,91.849999999999994,92.140000000000001,90.790000000000006,91.829999999999998,591281,9359,91.579762000000002
2020-06-30 04:00:00+00:00,92,93.959999999999994,91.359999999999999,92.370000000000005,1436981,15359,92.534115
2020-07-01 04:00:00+00:00,92.519999999999996,97.239999999999995,92.040000000000006,96.959999999999994,958132,12589,95.883860999999996
2020-07-02 04:00:00+00:00,98.079999999999998,98.700000000000003,96.709999999999994,97.25,938197,11194,97.410981000000007
2020-07-06 04:00:00+00:00,99.040000000000006,99.219999999999999,95.819999999999993,96.209999999999994,668750,9000,96.390654999999995
2020-07-07 04:00:00+00:00,95.280000000000001,96.299999999999997,94.581400000000002,95.079999999999998,719184,8455,95.438659999999999
2020-07-08 04:00:00+00:00,95.129999999999995,95.909999999999997,94.670000000000002,95.670000000000002,1089985,12346,95.507180000000005
2020-07-09 04:00:00+00:00,95.409999999999997,95.834999999999994,93.787000000000006,95.209999999999994,487852,7471,94.960769999999997
2020-07-10 04:00:00+00:00,95.430000000000007,96.670000000000002,95.430000000000007,96.25,1018495,10317,96.233598999999998
2020-07-13 04:00:00+00:00,96.650000000000006,96.870000000000005,95.629999999999995,96,888894,11743,96.161022000000003
2020-07-14 04:00:00+00:00,96.439999999999998,97.790000000000006,96.079999999999998,97.299999999999997,794628,10293,97.296087999999997
2020-07-15 04:00:00+00:00,98.079999999999998,98.609999999999999,97.349999999999994,98.079999999999998,1030404,9273,97.992759000000007
2020-07-16 04:00:00+00:00,97.790000000000006,98.379999999999995,96.415000000000006,96.700000000000003,1071261,11673,97.065218000000002
2020-07-17 04:00:00+00:00,96.890000000000001,99.090000000000003,95.784999999999997,98.680000000000007,1295877,10901,98.309287999999995
2020-07-20 04:00:00+00:00,98.480000000000004,98.790000000000006,96.640000000000001,96.969999999999999,1281113,8085,97.100847999999999
2020-07-21 04:00:00+00:00,97.469999999999999,97.989999999999995,96.400000000000006,96.769999999999996,849491,9348,96.959826000000007
2020-07-22 04:00:00+00:00,96.239999999999995,98.420000000000002,95.829999999999998,97.939999999999998,644497,10218,97.826485000000005
2020-07-23 04:00:00+00:00,97.510000000000005,97.974999999999994,96.409999999999997,96.959999999999994,636055,7683,97.062594000000004
2020-07-24 04:00:00+00:00,97.700000000000003,98.064999999999998,95.25,95.400000000000006,887473,11738,95.841168999999994
2020-07-27 04:00:00+00:00,95.150000000000006,95.870000000000005,94.099999999999994,95.560000000000002,634556,9135,95.319237999999999
2020-07-28 04:00:00+00:00,95.769999999999996,99.709999999999994,95.769999999999996,99.590000000000003,991249,9970,98.685142999999997
2020-07-29 04:00:00+00:00,99.879999999999995,101.19,99.290000000000006,100.86,961327,10613,100.359126
2020-07-30 04:00:00+00:00,99.859999999999999,101.81,99.430000000000007,101.51000000000001,1724786,11576,101.220984
2020-07-31 04:00:00+00:00,101.39,103.44,100.15000000000001,103.34,1482928,9892,102.92538399999999
2020-08-03 04:00:00+00:00,102.56,102.56,101.16,101.92,1059764,13601,101.913152
2020-08-04 04:00:00+00:00,102.11,105.79000000000001,101.59,105.12,1183374,11891,104.699449
2020-08-05 04:00:00+00:00,105.67,105.95999999999999,101.28,102.27,1368157,12518,102.69390300000001
2020-08-06 04:00:00+00:00,100.94,101.56999999999999,97.400000000000006,101.09999999999999,1207410,15103,100.486273
2020-08-07 04:00:00+00:00,100.81,104.26000000000001,100.595,103.76000000000001,1143065,13779,103.489481
2020-08-10 04:00:00+00:00,104.11,105.78,103.675,105.03,705494,10805,104.99882599999999
2020-08-11 04:00:00+00:00,105.90000000000001,106.355,102.59999999999999,102.98999999999999,713538,9807,103.66727400000001
2020-08-12 04:00:00+00:00,103.31999999999999,103.72499999999999,101.97,103.48999999999999,886545,9075,103.217673
2020-08-13 04:00:00+00:00,103.11,104.65000000000001,102.51000000000001,103.03,649276,7829,103.220933
2020-08-14 04:00:00+00:00,103.03,105.22,103.03,104.20999999999999,718447,8463,104.325068
2020-08-17 04:00:00+00:00,104.22,104.72,103.42,104.68000000000001,772493,8678,104.24461100000001
2020-08-18 04:00:00+00:00,104.75,105.52,103.98,105.09,687833,9152,105.005528
2020-08-19 04:00:00+00:00,104.5,104.76000000000001,101.98,102.2,568912,6770,102.583637
2020-08-20 04:00:00+00:00,102.01000000000001,104.20999999999999,101.89,104.16,884359,8055,104.03267099999999
2020-08-21 04:00:00+00:00,104.53,105.43000000000001,104.04000000000001,105.31,1126500,7975,105.147203
2020-08-24 04:00:00+00:00,105.31,106.73999999999999,104.75,106.23999999999999,587462,8181,106.025329
2020-08-25 04:00:00+00:00,106.43000000000001,106.69,104.65000000000001,106.06,894050,10602,105.599616
2020-08-26 04:00:00+00:00,105.31,105.84,103.86,105.8,737447,8444,105.421418
2020-08-27 04:00:00+00:00,106.38,106.955,106.19499999999999,106.53,641591,8321,106.58158899999999
2020-08-28 04:00:00+00:00,106.54000000000001,106.76000000000001,105.23,106.73999999999999,753751,9727,106.358214
2020-08-31 04:00:00+00:00,106.02,106.965,105.40000000000001,106.55,1006665,9121,106.490064
2020-09-01 04:00:00+00:00,106.98999999999999,107.41,105.65000000000001,106.84999999999999,502993,8248,106.790598
2020-09-02 04:00:00+00:00,106.79000000000001,108.51000000000001,106.13500000000001,108.45999999999999,1078318,10172,108.084266
2020-09-03 04:00:00+00:00,109.3,109.95,107.31,108.15000000000001,530195,9820,108.080967
2020-09-04 04:00:00+00:00,108.13,109.20999999999999,106.27,108.34999999999999,804087,11116,108.088815
2020-09-08 04:00:00+00:00,107.90000000000001,109.25,106.47,108.03,757869,10049,107.983774
2020-09-09 04:00:00+00:00,108.8,112.5,108.8,110.81999999999999,1203374,11351,110.660196
2020-09-10 04:00:00+00:00,110.42,110.70999999999999,109.31,109.88,534588,8453,110.04358999999999
2020-09-11 04:00:00+00:00,109.98,112.34,108.95,111.19,739962,9977,111.289502
2020-09-14 04:00:00+00:00,110.89,111.62,110.58,111.33,999607,10216,111.340524
2020-09-15 04:00:00+00:00,111.18000000000001,112.51000000000001,110.31999999999999,111.15000000000001,672447,8337,111.261982
2020-09-16 04:00:00+00:00,111.67,113.18989999999999,111.06999999999999,112.29000000000001,1262021,10641,112.415791
2020-09-17 04:00:00+00:00,111.42,112.36,109.92,111.20999999999999,928169,11199,110.965935
2020-09-18 04:00:00+00:00,110.2,111,109.245,109.31999999999999,1727035,12057,109.60822899999999
2020-09-21 04:00:00+00:00,107.78,109.61,105.55,107.56,1209233,14146,107.8056
2020-09-22 04:00:00+00:00,107.25,109.185,107.25,107.84,1112698,13028,107.981877
2020-09-23 04:00:00+00:00,107.84999999999999,107.84999999999999,103.58,104.39,1563540,13785,104.95541799999999
2020-09-24 04:00:00+00:00,104.97,105.465,103.09999999999999,103.92,965121,12540,104.141052
2020-09-25 04:00:00+00:00,103.43000000000001,105.70999999999999,102.735,105.45,1592424,17468,104.677415
2020-09-28 04:00:00+00:00,107.02,108.73,106.37,108.12,887706,10932,107.91324400000001
2020-09-29 04:00:00+00:00,107.89,108.56,106.39,107.23999999999999,876188,8480,107.26989500000001
2020-09-30 04:00:00+00:00,107.69,108.3,106.13500000000001,106.98999999999999,1275604,12324,107.214907
2020-10-01 04:00:00+00:00,107.31,109.78,107.09,109.23999999999999,1171507,13795,108.815298
2020-10-02 04:00:00+00:00,108.69,112.86,107.48,112.39,1622443,11983,111.78677399999999
2020-10-05 04:00:00+00:00,112.89,113.14,108.61,112.79000000000001,1325012,14282,111.808854
2020-10-06 04:00:00+00:00,113.43000000000001,114.29000000000001,110.95,111.95,2135470,15757,112.201661
2020-10-07 04:00:00+00:00,112.58,113.19,111.28,112.53,1236151,12368,112.48917
2020-10-08 04:00:00+00:00,112.76000000000001,113.95999999999999,112.59,113.75,1115623,10921,113.489609
2020-10-09 04:00:00+00:00,114.47,114.54000000000001,112.18000000000001,113.34999999999999,1301633,10611,113.299396
2020-10-12 04:00:00+00:00,113.42,114.09999999999999,111.75,113.91,852534,9418,113.67965700000001
2020-10-13 04:00:00+00:00,114.34,114.40000000000001,110.64,113.15000000000001,2568232,21404,112.423965
2020-10-14 04:00:00+00:00,113.48,113.81999999999999,112.70999999999999,113.37,1026830,13130,113.33225400000001
2020-10-15 04:00:00+00:00,112.88,115.11499999999999,112.795,114.94,1488734,16770,114.66670000000001
2020-10-16 04:00:00+00:00,114.7,115.5,114.13,114.63,1438880,13884,114.754548
2020-10-19 04:00:00+00:00,114.81,115.06999999999999,113.45,113.73,1111612,11434,113.837394
2020-10-20 04:00:00+00:00,114.58,115.47,113.93000000000001,114.37,946990,11738,114.50425799999999
2020-10-21 04:00:00+00:00,114.67,116.34,114.23999999999999,115.34999999999999,1570015,11791,115.25797
2020-10-22 04:00:00+00:00,115.08,117.65000000000001,115.08,117.45999999999999,1121137,12641,117.18080999999999
2020-10-23 04:00:00+00:00,118,118.7,117.06,118.66,1103306,12226,118.34697300000001
2020-10-26 04:00:00+00:00,118.04000000000001,118.72,116.13,118.61,1580785,17777,117.93080999999999
2020-10-27 04:00:00+00:00,118.77,120.29000000000001,116.98999999999999,117.09,1180561,13531,117.62333
2020-10-28 04:00:00+00:00,116.59999999999999,117.52,114.38500000000001,115.7,1403383,13096,115.780248
2020-10-29 04:00:00+00:00,115.72,117.02,115.04000000000001,116.31999999999999,1998683,15511,116.254936
2020-10-30 04:00:00+00:00,115.58,116.985,114.31999999999999,115.95,926658,11403,115.71197600000001
2020-11-02 05:00:00+00:00,116.55,117.545,115.14,115.84999999999999,1280105,16884,116.07156999999999
2020-11-03 05:00:00+00:00,116.83,117.53,115.59999999999999,116.84999999999999,2030366,24506,116.67944
2020-11-04 05:00:00+00:00,117,119.62,116.31999999999999,117.34999999999999,1619599,19691,117.998587
2020-11-05 05:00:00+00:00,117.45999999999999,119.03,113.55,113.90000000000001,1651719,15217,114.623553
2020-11-06 05:00:00+00:00,114.88,116.04000000000001,112.44499999999999,112.72,2320973,17077,113.28589599999999
2020-11-09 05:00:00+00:00,119.64,121.06999999999999,106.77,106.92,2360839,29608,110.931982
2020-11-10 05:00:00+00:00,106.92,115.51000000000001,106.33,115.51000000000001,1901065,23413,114.00706700000001
2020-11-11 05:00:00+00:00,116.06,118.12,114.63,117.98999999999999,1526761,15735,117.38428
2020-11-12 05:00:00+00:00,118.17,118.3,114.45999999999999,115.58,710811,11785,115.61578299999999
2020-11-13 05:00:00+00:00,117.56999999999999,117.92,116.139,117.72,1086105,10541,117.481555
2020-11-16 05:00:00+00:00,119.2,119.31999999999999,115.05,117.91,1137313,14810,117.255933
2020-11-17 05:00:00+00:00,117.23,118.33,116.23,117.87,999676,12816,117.870808
2020-11-18 05:00:00+00:00,117.84,117.91,113.12,113.12,801294,12868,114.69690300000001
2020-11-19 05:00:00+00:00,112.84,113.61,111.25,112.62,756298,12247,112.30152699999999
2020-11-20 05:00:00+00:00,112.33,113.01000000000001,111.34,112.69,950776,9658,112.57746
2020-11-23 05:00:00+00:00,112.84999999999999,113.94,110.55,110.89,1205529,11700,111.47123999999999
2020-11-24 05:00:00+00:00,111.64,111.80500000000001,109.5,110,1625129,11824,110.047388
2020-11-25 05:00:00+00:00,110.41,112.23,109.955,111.98999999999999,828998,8546,111.771565
2020-11-27 05:00:00+00:00,111.87,111.87,109.25,110,313292,4062,110.090791
2020-11-30 05:00:00+00:00,109.64,112.73999999999999,109.64,112.73,1376532,13636,112.293837
2020-12-01 05:00:00+00:00,112.93000000000001,114.18000000000001,111.66,113.66,1242470,13764,113.429844
2020-12-02 05:00:00+00:00,113.27,114.48999999999999,111.06,111.42,719460,9594,111.717313
2020-12-03 05:00:00+00:00,111.63,113.59999999999999,111.29000000000001,113.5,1055008,10258,113.13207800000001
2020-12-04 05:00:00+00:00,113.72,114.90000000000001,112.51000000000001,114.34999999999999,699649,9168,113.986384
2020-12-07 05:00:00+00:00,113.59999999999999,115.355,113.59999999999999,115,1573216,12304,114.935203
2020-12-08 05:00:00+00:00,114.95999999999999,115,113.16,113.58,942014,10986,113.75107300000001
2020-12-09 05:00:00+00:00,113.56999999999999,113.8,111.3,112.5,814794,10867,112.42465300000001
2020-12-10 05:00:00+00:00,112.06999999999999,113.43000000000001,109.98999999999999,110.02,1188229,14190,110.585814
2020-12-11 05:00:00+00:00,109.93000000000001,111.69,109.645,110.40000000000001,1230471,13192,110.67946600000001
2020-12-14 05:00:00+00:00,110.56999999999999,112.91,109.61,109.88,1226099,14712,110.569159
2020-12-15 05:00:00+00:00,110.34,111.72,108.53,111.65000000000001,2144242,17060,111.243432
2020-12-16 05:00:00+00:00,111.98,112.34,110.15000000000001,111.06999999999999,2436853,19066,110.77091900000001
2020-12-17 05:00:00+00:00,112.19,114.43000000000001,111.75,114.17,1203750,11523,113.549359
2020-12-18 05:00:00+00:00,113.79000000000001,114.5,111.76000000000001,112.48999999999999,2042508,12848,112.66306899999999
2020-12-21 05:00:00+00:00,112.34,114.64,111.56,114.22,872977,10322,113.835668
2020-12-22 05:00:00+00:00,114.22,115.59999999999999,113.8,115.19,705928,9618,115.11333999999999
2020-12-23 05:00:00+00:00,115.7,115.7,112.72,112.83,803666,7894,113.281829
2020-12-24 05:00:00+00:00,113.25,114.44,112.86,114.39,152718,2132,114.089859
2020-12-28 05:00:00+00:00,114.8,114.8,112.73,113.8,567112,6642,113.653074
2020-12-29 05:00:00+00:00,114.02,114.83499999999999,112.61,113.81,413131,7368,113.624933
2020-12-30 05:00:00+00:00,113.98999999999999,115.19499999999999,113.77,114.70999999999999,801352,9583,114.669563
2020-12-31 05:00:00+00:00,114.89,116.01000000000001,113.26000000000001,115.86,826994,7405,115.57007299999999
2021-01-04 05:00:00+00:00,115.73,116.145,110.2,110.29000000000001,935491,13163,110.895854
2021-01-05 05:00:00+00:00,110.05,111,108.52,108.88,983785,10931,108.977718
2021-01-06 05:00:00+00:00,108.54000000000001,109.48,106.56,108.70999999999999,1117159,12127,108.430012
2021-01-07 05:00:00+00:00,108.42,109.19,107.78,108.97,1066926,10637,108.76173
2021-01-08 05:00:00+00:00,109.34999999999999,112.22,109.27,112.05,825738,11131,111.601748
2021-01-11 05:00:00+00:00,111.64,112.01000000000001,110.125,111.34999999999999,608684,8058,111.22451100000001
2021-01-12 05:00:00+00:00,110.97,112.63,110.36,111.90000000000001,688660,9448,111.865129
2021-01-13 05:00:00+00:00,111.25,112.95999999999999,111.01000000000001,111.86,1028281,11176,111.879313
2021-01-14 05:00:00+00:00,112.16,112.18000000000001,109.42,110.28,1165952,11941,110.178276
2021-01-15 05:00:00+00:00,110.56999999999999,112.34,109.86,112.18000000000001,1419486,11423,111.475279
2021-01-19 05:00:00+00:00,112.45999999999999,112.56999999999999,110.93000000000001,111.66,691061,8976,111.715406
2021-01-20 05:00:00+00:00,111.25,115.19,110.565,114.81,991422,10475,114.60559499999999
2021-01-21 05:00:00+00:00,113.8,115.21850000000001,113.44,114.69,720381,8928,114.639438
2021-01-22 05:00:00+00:00,114.7,115.94,113.98999999999999,115.41,1108056,10671,115.470541
2021-01-25 05:00:00+00:00,115.25,116.81,114.19,115.95,732601,11629,115.729793
2021-01-26 05:00:00+00:00,115.94,117.455,115.48,116.98,896702,12132,116.922342
2021-01-27 05:00:00+00:00,116.43000000000001,117.93000000000001,114.47,115.12,843372,13872,115.303197
2021-01-28 05:00:00+00:00,115.01000000000001,116.325,113.23,113.28,838042,12370,113.940243
2021-01-29 05:00:00+00:00,112.62,115.29000000000001,111.54000000000001,113.79000000000001,1392587,10579,113.76904
2021-02-01 05:00:00+00:00,115,116.7,112.73,116.62,904701,11820,115.887238
2021-02-02 05:00:00+00:00,116.58,117.58,115.14,117.12,967849,9853,116.836883
2021-02-03 05:00:00+00:00,116.31999999999999,116.69,114.5,116.01000000000001,691249,9145,115.874627
2021-02-04 05:00:00+00:00,116.59,118.1699,115.81999999999999,116.94,745856,10063,117.101573
2021-02-05 05:00:00+00:00,117.34,117.34,116.18000000000001,116.62,892865,6907,116.637334
2021-02-08 05:00:00+00:00,116.42,117.25,115.73,117.18000000000001,564957,7952,116.921525
2021-02-09 05:00:00+00:00,117.69,119.70999999999999,117.29000000000001,119.65000000000001,512070,7240,119.32016900000001
2021-02-10 05:00:00+00:00,120.87,120.98999999999999,117.63,118.31,606503,9971,118.60639399999999
2021-02-11 05:00:00+00:00,117.63,118.40000000000001,117.09,117.73,845749,7466,117.65352900000001
2021-02-12 05:00:00+00:00,117.55,117.55,115.87,116.88,536663,8046,116.62921900000001
2021-02-16 05:00:00+00:00,116.8,117.93000000000001,115.13,117.19,1133426,10798,116.90163099999999
2021-02-17 05:00:00+00:00,117.27,118.44,116.48999999999999,117.78,754312,10056,117.667824
2021-02-18 05:00:00+00:00,117.19,119.93000000000001,117.17,118.33,747774,12268,118.635519
2021-02-19 05:00:00+00:00,118.7,120.37,117.34999999999999,119.63,2944913,12480,119.59266700000001
2021-02-22 05:00:00+00:00,119.36,121.83,118.39,120.73999999999999,1327198,14777,120.612188
2021-02-23 05:00:00+00:00,125.41,131.06,125.18300000000001,126.5,1393059,18446,127.63329299999999
2021-02-24 05:00:00+00:00,126.44,129.52000000000001,125.95,127.09999999999999,990899,14087,127.445217
2021-02-25 05:00:00+00:00,126.87,131.59,126.87,129.53,1009983,14987,130.01865699999999
2021-02-26 05:00:00+00:00,129.19,130.59999999999999,125.56,125.7,1430039,15062,126.58763500000001
2021-03-01 05:00:00+00:00,126.81999999999999,128.59,123.73,123.79000000000001,1036799,14096,124.738544
2021-03-02 05:00:00+00:00,124.81999999999999,126.19,122.86,124.73,1166417,14732,124.773563
2021-03-03 05:00:00+00:00,124.12,124.86,122.73999999999999,123.38,1020102,10274,123.57941700000001
2021-03-04 05:00:00+00:00,124.28,125.14,121.09,122.02,1238893,15557,122.623439
2021-03-05 05:00:00+00:00,122.8,124.34999999999999,120.91,123.8,726405,12971,123.209571
2021-03-08 05:00:00+00:00,124.5,128.08000000000001,123.59,126.61,721936,14068,126.489825
2021-03-09 05:00:00+00:00,126.23999999999999,129.16999999999999,126.23999999999999,127.73,801458,11818,127.859172
2021-03-10 05:00:00+00:00,128.77000000000001,130.61000000000001,127.56999999999999,129.06999999999999,908473,13409,129.223221
2021-03-11 05:00:00+00:00,128.75,130.65000000000001,128.74000000000001,129.34999999999999,1047412,10753,129.47545500000001
2021-03-12 05:00:00+00:00,128.59,131.81,128.19,131.71000000000001,879703,10749,130.92354599999999
2021-03-15 04:00:00+00:00,132.31999999999999,134.52000000000001,131.84,133.50999999999999,1209771,14729,133.06710799999999
2021-03-16 04:00:00+00:00,133.46000000000001,134.41,132.68000000000001,133.94999999999999,711109,9670,133.685562
2021-03-17 04:00:00+00:00,133.94999999999999,133.94999999999999,130.69999999999999,131.34,963471,11347,131.84042299999999
2021-03-18 04:00:00+00:00,130.87,132.47999999999999,129.74000000000001,132.09999999999999,1031996,13961,131.51954799999999
2021-03-19 04:00:00+00:00,130.46000000000001,130.78999999999999,126.04000000000001,126.34999999999999,3457863,18160,127.015486
2021-03-22 04:00:00+00:00,126.29000000000001,128.55000000000001,126.05,128.16,752991,10113,127.976259
2021-03-23 04:00:00+00:00,128.44,130.88999999999999,127.48,130.40000000000001,1253353,12441,130.15158600000001
2021-03-24 04:00:00+00:00,130.16999999999999,131.56999999999999,130.06,130.97,1320551,12318,130.92343399999999
2021-03-25 04:00:00+00:00,131.66999999999999,131.66999999999999,128.39500000000001,131,775347,11160,130.84292300000001
2021-03-26 04:00:00+00:00,131.52000000000001,132.63999999999999,129.99000000000001,132.59,729835,10601,131.75381200000001
2021-03-29 04:00:00+00:00,133.03,134.66,130.94999999999999,133.19999999999999,974728,15084,133.224637
2021-03-30 04:00:00+00:00,133.38999999999999,133.875,131.94999999999999,133,755508,11923,132.98633899999999
2021-03-31 04:00:00+00:00,132.61000000000001,134.75999999999999,131.06999999999999,132.55000000000001,1886333,14783,132.75320199999999
2021-04-01 04:00:00+00:00,133.12,135.46000000000001,132.99000000000001,135.44999999999999,1262323,14603,134.716174
2021-04-05 04:00:00+00:00,135.37,135.53999999999999,132.99000000000001,135.00999999999999,1036593,11930,134.684515
2021-04-06 04:00:00+00:00,135,137.44999999999999,134.13999999999999,137.16,1109587,12942,136.90396699999999
2021-04-07 04:00:00+00:00,137.40000000000001,138.06999999999999,136.41999999999999,137.59999999999999,895477,10665,137.443591
2021-04-08 04:00:00+00:00,137.25,139.035,137.25,137.58000000000001,699677,8809,137.72295
2021-04-09 04:00:00+00:00,137.94,138.90000000000001,137.33000000000001,138.38,557967,7313,138.28603000000001
2021-04-12 04:00:00+00:00,138.88,139.34,137.31,139.27000000000001,885777,9503,138.93592100000001
2021-04-13 04:00:00+00:00,139.65000000000001,141.74000000000001,139.31,141.15000000000001,856692,9261,141.029574
2021-04-14 04:00:00+00:00,140.40000000000001,140.72999999999999,138.58000000000001,139.03,1091263,10968,139.38832199999999
2021-04-15 04:00:00+00:00,139.94999999999999,142.22,139.78,142.18000000000001,702243,9688,141.77810700000001
2021-04-16 04:00:00+00:00,142.55000000000001,143.08000000000001,141.43000000000001,142.61000000000001,696056,8655,142.581154
2021-04-19 04:00:00+00:00,143.00999999999999,143.93000000000001,143.00999999999999,143.93000000000001,227973,2,143.914681
2021-04-20 04:00:00+00:00,144.41999999999999,148.28,144.41999999999999,146.38999999999999,1412902,14895,146.64608799999999
2021-04-21 04:00:00+00:00,146.56999999999999,147.68000000000001,146.00999999999999,146.38,568913,10650,146.67781199999999
2021-04-22 04:00:00+00:00,146.41,148.15000000000001,145.81,147,656809,9476,147.18265099999999
2021-04-23 04:00:00+00:00,146.72999999999999,148,146.3349,147.53999999999999,681607,8300,147.500212
2021-04-26 04:00:00+00:00,148.34999999999999,148.88999999999999,145.87,146.59,701623,10973,146.93804600000001
2021-04-27 04:00:00+00:00,146.66999999999999,147.55000000000001,145.53,147.25999999999999,535001,10080,147.133253
2021-04-28 04:00:00+00:00,147.86000000000001,148.30500000000001,145.93000000000001,146.58000000000001,640928,9727,146.646772
2021-04-29 04:00:00+00:00,147.16999999999999,149.03999999999999,145.63999999999999,146.81999999999999,1547968,16470,146.62491700000001
2021-04-30 04:00:00+00:00,146.66,149.43000000000001,145.84999999999999,148.69,1400256,12327,148.50081599999999
2021-05-03 04:00:00+00:00,148.69999999999999,148.96000000000001,145.16999999999999,145.62,837514,14736,145.928595
2021-05-04 04:00:00+00:00,145.93000000000001,148.37,145.93000000000001,148.24000000000001,786974,13683,147.89105699999999
2021-05-05 04:00:00+00:00,147.63999999999999,147.63999999999999,144.02000000000001,145.84999999999999,876632,12799,145.87816799999999
2021-05-06 04:00:00+00:00,146.19,146.68000000000001,144.97,145.56,778928,11901,145.766099
2021-05-07 04:00:00+00:00,145.28999999999999,147.52500000000001,145.03,147.24000000000001,728573,11929,146.939618
2021-05-10 04:00:00+00:00,148.02000000000001,149.22,147.46000000000001,147.84,645427,9461,148.05949899999999
2021-05-11 04:00:00+00:00,147.13,147.13,143.78999999999999,145.09999999999999,643518,11968,144.86172099999999
2021-05-12 04:00:00+00:00,145.16999999999999,145.66999999999999,141.66999999999999,141.80000000000001,627647,10689,142.41495
2021-05-13 04:00:00+00:00,142.02000000000001,146.21000000000001,141.84620000000001,144.99000000000001,540249,10124,144.91087099999999
2021-05-14 04:00:00+00:00,143.63,145.25999999999999,143.63,144.63,560112,9983,144.643608
2021-05-17 04:00:00+00:00,145.21000000000001,146.41999999999999,144.59999999999999,145.61000000000001,698942,10356,145.67443299999999
2021-05-18 04:00:00+00:00,145,146.47999999999999,144.15000000000001,145.25,733449,12300,145.38130799999999
2021-05-19 04:00:00+00:00,144.88,145.06,142.51499999999999,144.93000000000001,1076942,13349,144.39916600000001
2021-05-20 04:00:00+00:00,145.28,146.12,145.09999999999999,146.03999999999999,1175388,13542,145.74858900000001
2021-05-21 04:00:00+00:00,145.99000000000001,146.84,145.13999999999999,145.83000000000001,917567,8805,145.84880699999999
2021-05-24 04:00:00+00:00,146.06999999999999,147.56,145.63999999999999,146.91,773495,10267,146.95183800000001
2021-05-25 04:00:00+00:00,146.88,148.47999999999999,145.66999999999999,147.77000000000001,724528,11763,147.795491
2021-05-26 04:00:00+00:00,147.36000000000001,148.91,146.77000000000001,147.28999999999999,845558,13309,147.69642300000001
2021-05-27 04:00:00+00:00,147.47999999999999,148.28999999999999,145.96000000000001,147.30000000000001,1154353,13486,147.414987
2021-05-28 04:00:00+00:00,148.43000000000001,150.22999999999999,148.28999999999999,149.81,1317509,12760,149.65067999999999
2021-06-01 04:00:00+00:00,149.84999999999999,152.03,149,152.00999999999999,940661,13252,151.29369399999999
2021-06-02 04:00:00+00:00,152.71000000000001,154.31,151.63,154,1010721,13717,153.702213
2021-06-03 04:00:00+00:00,154.16999999999999,154.28,152.75,153.78,866476,8957,153.82301200000001
2021-06-04 04:00:00+00:00,154.66,154.99000000000001,153.15000000000001,154.16999999999999,859945,13052,154.083136
2021-06-07 04:00:00+00:00,154.71000000000001,157.34999999999999,154.31,156.58000000000001,1382177,18288,156.38668999999999
2021-06-08 04:00:00+00:00,156.81,158.72999999999999,156.56999999999999,158.50999999999999,1013883,15651,158.07908499999999
2021-06-09 04:00:00+00:00,158.75,159.53999999999999,158.13999999999999,158.56999999999999,670658,10651,158.72260800000001
2021-06-10 04:00:00+00:00,158.34,159.96000000000001,157.88,159.16,696800,11250,159.140176
2021-06-11 04:00:00+00:00,158.78999999999999,159.63999999999999,157.46000000000001,159.44999999999999,738351,12422,159.06900999999999
2021-06-14 04:00:00+00:00,158.66999999999999,159.97999999999999,157.77000000000001,159.94,823652,11022,159.48992200000001
2021-06-15 04:00:00+00:00,160,160.37,158.74000000000001,159.97999999999999,609295,11069,159.89109300000001
2021-06-16 04:00:00+00:00,160.56999999999999,161.38,159.34,159.53,1561996,17418,159.98417699999999
2021-06-17 04:00:00+00:00,159.31999999999999,161.69,158.34,161.36000000000001,1129250,15954,160.62539000000001
2021-06-18 04:00:00+00:00,161.87,162.81999999999999,159.34,159.41,1983652,16435,160.198812
2021-06-21 04:00:00+00:00,159.90000000000001,163.84999999999999,159.90000000000001,163.66,687528,10740,163.122983
2021-06-22 04:00:00+00:00,163.78,164.84999999999999,162.88,162.93000000000001,516200,9384,163.372649
2021-06-23 04:00:00+00:00,162.47999999999999,165.19,162.07140000000001,164.78,793433,12787,164.35521700000001
2021-06-24 04:00:00+00:00,164.84999999999999,165.36000000000001,163.125,163.72999999999999,825998,12532,164.183367
2021-06-25 04:00:00+00:00,164,170.03999999999999,163.28,166.38999999999999,3449273,14607,166.27297200000001
2021-06-28 04:00:00+00:00,166.25,166.25999999999999,164.34,165.59,641021,11539,165.55026699999999
2021-06-29 04:00:00+00:00,165.94999999999999,166.58000000000001,164.19,164.63,653696,11155,165.04179199999999
2021-06-30 04:00:00+00:00,164.69,166.13,163.41,163.81999999999999,1372007,14651,163.93980999999999
2021-07-01 04:00:00+00:00,163.19,165.94,162.77000000000001,164.91,970122,13933,164.94959499999999
2021-07-02 04:00:00+00:00,165.44999999999999,166.94999999999999,165.18000000000001,166.86000000000001,672765,8514,166.51912799999999
2021-07-06 04:00:00+00:00,166.94999999999999,171.43000000000001,166.13,170.84,886154,12052,170.019488
2021-07-07 04:00:00+00:00,170.47,172.245,169.19999999999999,171.5,1415250,18312,171.46382199999999
2021-07-08 04:00:00+00:00,170.44999999999999,171.78,169.31,169.52000000000001,951672,14042,170.042022
2021-07-09 04:00:00+00:00,170.22999999999999,173.37,169.12,173.19,630236,12494,172.03401099999999
2021-07-12 04:00:00+00:00,172.94999999999999,174.88999999999999,172.69999999999999,174.68000000000001,666333,11228,174.39710099999999
2021-07-13 04:00:00+00:00,174.37,174.68000000000001,171.30000000000001,171.59,686521,11529,172.2285
2021-07-14 04:00:00+00:00,171.80000000000001,173.63999999999999,171.80000000000001,172.36000000000001,850562,11698,172.63252199999999
2021-07-15 04:00:00+00:00,172.47,173.63999999999999,172.19,172.72999999999999,1212258,13957,172.87123
2021-07-16 04:00:00+00:00,173.16,173.72999999999999,171.75999999999999,171.94,1210118,13463,172.65640200000001
2021-07-19 04:00:00+00:00,171.31999999999999,171.91,166.65000000000001,168.47999999999999,1502406,21123,168.11314899999999
2021-07-20 04:00:00+00:00,169.36000000000001,171.74000000000001,169.36000000000001,170.65000000000001,1290480,17513,170.76981499999999
2021-07-21 04:00:00+00:00,170.19999999999999,170.62,167.28999999999999,167.44999999999999,1264866,15466,168.00335899999999
2021-07-22 04:00:00+00:00,167.44,168.96000000000001,167.09999999999999,168.77000000000001,884467,12587,168.51302699999999
2021-07-23 04:00:00+00:00,169,171.96000000000001,168.44,171.41,482911,9235,171.12558300000001
2021-07-26 04:00:00+00:00,171.00999999999999,171.78999999999999,169.42500000000001,170.75999999999999,821000,12953,170.55755500000001
2021-07-27 04:00:00+00:00,170.78,173.31,169.55000000000001,171.80000000000001,1010237,14601,172.01474300000001
2021-07-28 04:00:00+00:00,172.46000000000001,173.75,170.16,172.56999999999999,1003884,13109,172.52677499999999
2021-07-29 04:00:00+00:00,173.34,174.66,172.53,173.74000000000001,587970,11028,173.846665
2021-07-30 04:00:00+00:00,174.37,177,174.11000000000001,174.13999999999999,954384,13454,174.66853499999999
2021-08-02 04:00:00+00:00,176.22,176.88999999999999,175.18000000000001,175.28999999999999,1076843,19839,175.73847799999999
2021-08-03 04:00:00+00:00,175.72999999999999,176.62,174.59999999999999,176.55000000000001,1734162,18529,176.04718700000001
2021-08-04 04:00:00+00:00,176.69999999999999,178.2175,174.86000000000001,175.72999999999999,812381,13278,175.817216
2021-08-05 04:00:00+00:00,176.43000000000001,176.75999999999999,173.41999999999999,175.84999999999999,736435,10965,175.11572000000001
2021-08-06 04:00:00+00:00,176.28,177.36000000000001,174.78999999999999,175.50999999999999,686160,10616,175.49327400000001
2021-08-09 04:00:00+00:00,175.44999999999999,176.19999999999999,174.43000000000001,175.34,693124,10919,175.21456800000001
2021-08-10 04:00:00+00:00,173.56999999999999,175.80000000000001,173.47,173.65000000000001,833971,13017,174.23737700000001
2021-08-11 04:00:00+00:00,174.55000000000001,174.82499999999999,172.99000000000001,173.41999999999999,744600,10733,173.63202100000001
2021-08-12 04:00:00+00:00,173.88999999999999,175.25999999999999,173.41,174.66,612677,10528,174.367774
2021-08-13 04:00:00+00:00,175.21000000000001,176.24000000000001,174.25,175.68000000000001,698924,8835,175.344266
2021-08-16 04:00:00+00:00,175.49000000000001,176.38,174.68000000000001,175.30000000000001,999580,14081,175.34966700000001
2021-08-17 04:00:00+00:00,174.72999999999999,176.41999999999999,174.56999999999999,176.38,900055,13524,175.69618700000001
2021-08-18 04:00:00+00:00,176.58000000000001,176.84999999999999,174.27000000000001,174.47,1049506,14532,174.79546300000001
2021-08-19 04:00:00+00:00,173.66999999999999,176.56999999999999,173.24000000000001,176.5,855792,13627,175.596372
2021-08-20 04:00:00+00:00,176.72,179.29050000000001,175.77000000000001,177.56,821704,13723,177.967578
2021-08-23 04:00:00+00:00,177.43000000000001,178.78999999999999,176.5,177.40000000000001,619743,10594,177.474774
2021-08-24 04:00:00+00:00,177.88999999999999,178.41999999999999,175.81,177.80000000000001,837139,14670,177.484422
2021-08-25 04:00:00+00:00,177.80000000000001,181.25479999999999,177.52000000000001,180.22999999999999,857635,13299,180.15704600000001
2021-08-26 04:00:00+00:00,180.72999999999999,183.65000000000001,180.71000000000001,181.5,969166,15554,181.82499200000001
2021-08-27 04:00:00+00:00,182.53999999999999,183.87979999999999,181.86000000000001,183.44999999999999,543982,11519,183.34414899999999
2021-08-30 04:00:00+00:00,183.47999999999999,185.65000000000001,183.15000000000001,185.65000000000001,661968,11566,185.15721400000001
2021-08-31 04:00:00+00:00,185.5,187.33000000000001,184.19,186.91,1144657,12947,186.751183
2021-09-01 04:00:00+00:00,187.25,190.125,186.34,189.78,996646,16065,189.02396400000001
2021-09-02 04:00:00+00:00,190.21000000000001,191.96559999999999,189.36000000000001,191.61000000000001,1007641,15498,191.05231699999999
2021-09-03 04:00:00+00:00,191.63999999999999,193.90000000000001,190.27000000000001,193.71000000000001,1248320,10954,193.44871800000001
2021-09-07 04:00:00+00:00,192.84999999999999,193.69999999999999,188.69,190.90000000000001,700751,12109,190.59230199999999
2021-09-08 04:00:00+00:00,190.5,194.66999999999999,190.28999999999999,192.40000000000001,727366,10099,192.49943200000001
2021-09-09 04:00:00+00:00,192.25999999999999,192.80000000000001,186.96000000000001,187.13999999999999,1040597,14860,189.492188
2021-09-10 04:00:00+00:00,187.63,189.08000000000001,186.55000000000001,187.05000000000001,870657,12361,187.62843699999999
2021-09-13 04:00:00+00:00,188.5,189.78999999999999,186.41,186.44999999999999,636898,10802,187.13771199999999
2021-09-14 04:00:00+00:00,185.80000000000001,186.815,182.80000000000001,183.56,550213,10677,183.96454900000001
2021-09-15 04:00:00+00:00,183.90000000000001,185.55000000000001,183.31229999999999,184.13999999999999,499305,10818,184.24875399999999
2021-09-16 04:00:00+00:00,184.72,185.41999999999999,182.41,182.94,498882,9660,183.11494300000001
2021-09-17 04:00:00+00:00,183.5,185.28999999999999,179.75999999999999,180.11000000000001,1720434,12328,180.809605
2021-09-20 04:00:00+00:00,178.75999999999999,181.99000000000001,177.77000000000001,180.16999999999999,780454,13111,179.92738399999999
2021-09-21 04:00:00+00:00,180.5,182.09999999999999,179.49000000000001,179.74000000000001,561008,6905,180.208135
2021-09-22 04:00:00+00:00,180.68000000000001,180.95500000000001,178.73500000000001,179.18000000000001,728818,9239,179.321585
2021-09-23 04:00:00+00:00,179.41,180.46000000000001,176.63999999999999,177.19999999999999,616799,11143,177.536753
2021-09-24 04:00:00+00:00,176.55000000000001,177.50999999999999,172.47,172.61000000000001,1190468,15162,173.17307299999999
2021-09-27 04:00:00+00:00,172.75,174.16999999999999,169.41999999999999,169.47999999999999,828784,13668,170.41530700000001
2021-09-28 04:00:00+00:00,168.22999999999999,171.96000000000001,166.84999999999999,171.34,922695,16937,170.78030100000001
2021-09-29 04:00:00+00:00,172.03,173.31999999999999,171.31,172.00999999999999,483185,10467,172.133509
2021-09-30 04:00:00+00:00,172.93000000000001,173.31,167.77000000000001,167.99000000000001,1122352,11877,168.46890099999999
2021-10-01 04:00:00+00:00,169.28999999999999,170.19,166.90000000000001,168.94,598010,11592,168.85199499999999
2021-10-04 04:00:00+00:00,168.53999999999999,170.03,166.61000000000001,168.30000000000001,756385,13793,168.076269
2021-10-05 04:00:00+00:00,169.09,169.22,166.77000000000001,167.88999999999999,537195,11264,168.121241
2021-10-06 04:00:00+00:00,167.31,170.72,165.971,170.53,539528,11965,169.449623
2021-10-07 04:00:00+00:00,171.53,174,171.40000000000001,172.43000000000001,681276,12431,172.63159300000001
2021-10-08 04:00:00+00:00,172.25,173.40000000000001,170.86000000000001,171.06999999999999,411025,8444,171.534616
2021-10-11 04:00:00+00:00,170.34999999999999,172.49000000000001,169.6559,172.38,577932,9334,171.65670700000001
2021-10-12 04:00:00+00:00,173.69999999999999,177.99000000000001,173.06,176.66,667062,10983,176.64447699999999
2021-10-13 04:00:00+00:00,176.80000000000001,180,176.25,179.75999999999999,538300,11528,179.16689299999999
2021-10-14 04:00:00+00:00,180.88,183.90000000000001,180.24000000000001,183.69999999999999,534318,11016,183.166675
2021-10-15 04:00:00+00:00,184.59,184.75,182.03,182.97,905894,13392,183.27386200000001
2021-10-18 04:00:00+00:00,182.06999999999999,184.69,182.00999999999999,184.16999999999999,794416,9752,184.04130799999999
2021-10-19 04:00:00+00:00,184.66999999999999,184.96000000000001,183,183.46000000000001,433603,9721,183.88730699999999
2021-10-20 04:00:00+00:00,183.59999999999999,185.46000000000001,183.46000000000001,184.99000000000001,545620,8395,184.84320199999999
2021-10-21 04:00:00+00:00,185.84,185.84,184.38999999999999,185.12,393479,8537,185.13681299999999
2021-10-22 04:00:00+00:00,185.91,187.41999999999999,185.41999999999999,185.93000000000001,639071,8136,186.05848
2021-10-25 04:00:00+00:00,186.34999999999999,188.47,186.34999999999999,188.47,60499,3,188.21722800000001
2021-10-26 04:00:00+00:00,188.31,188.31,186.40000000000001,187.28,453305,9230,187.46178900000001
2021-10-27 04:00:00+00:00,187.88999999999999,187.88999999999999,183.31,183.86000000000001,665873,13055,184.578283
2021-10-28 04:00:00+00:00,183.5,193.94,183.5,193.59999999999999,892016,17510,191.87434099999999
2021-10-29 04:00:00+00:00,193.13999999999999,198.36000000000001,192.03,197.37,1700447,18353,196.77376899999999
2021-11-01 04:00:00+00:00,197.81999999999999,197.81999999999999,192.22999999999999,197.08000000000001,637703,14286,196.03706399999999
2021-11-02 04:00:00+00:00,197.96000000000001,202.81999999999999,197.69999999999999,202.03999999999999,880791,14061,201.39934
2021-11-03 04:00:00+00:00,202.87,203.99000000000001,196.81,199.41999999999999,728129,13807,199.09980400000001
2021-11-04 04:00:00+00:00,199.41999999999999,201.69,197.84,198.88,480977,10419,199.31594999999999
2021-11-05 04:00:00+00:00,199.53999999999999,200,192.53,194.59999999999999,658363,14338,194.90669600000001
2021-11-08 05:00:00+00:00,196,197.52500000000001,193.15000000000001,197.43000000000001,509664,10293,196.90642500000001
2021-11-09 05:00:00+00:00,197.43000000000001,199.22,196.46000000000001,197.71000000000001,536620,8537,197.55986100000001
2021-11-10 05:00:00+00:00,197.56999999999999,199.11000000000001,196.90000000000001,197.15000000000001,512101,8590,197.46029100000001
2021-11-11 05:00:00+00:00,197.15000000000001,198.58000000000001,196.0429,198.38999999999999,360166,6754,198.11080200000001
2021-11-12 05:00:00+00:00,198.40000000000001,199.94999999999999,196.56999999999999,197.96000000000001,484622,7754,197.97713100000001
2021-11-15 05:00:00+00:00,197.96000000000001,199.99000000000001,195.91,199.93000000000001,553113,9222,199.12404699999999
2021-11-16 05:00:00+00:00,200.13999999999999,200.47,196.78999999999999,198.78,712428,11938,198.85306299999999
2021-11-17 05:00:00+00:00,198.5,201.63,195.25,201.27000000000001,702207,15435,199.68659
2021-11-18 05:00:00+00:00,202.06999999999999,204.50999999999999,201.74000000000001,203.31,946489,15868,203.27003300000001
2021-11-19 05:00:00+00:00,203.66999999999999,204.74000000000001,201.13,202.16,948864,14250,202.67076299999999
2021-11-22 05:00:00+00:00,203.19,203.19,199.22,199.90000000000001,643808,12707,200.377681
2021-11-23 05:00:00+00:00,199.90000000000001,202.09,198.44,200.38999999999999,1076143,11177,200.50211999999999
2021-11-24 05:00:00+00:00,200.38999999999999,204.68000000000001,199.34999999999999,204.31999999999999,698478,9573,203.76281900000001
2021-11-26 05:00:00+00:00,202.05000000000001,202.80000000000001,197.34999999999999,198.78999999999999,446502,9351,199.86701199999999
2021-11-29 05:00:00+00:00,200.65000000000001,204.97999999999999,198.80000000000001,203.05000000000001,1232784,14127,202.97276500000001
2021-11-30 05:00:00+00:00,201.74000000000001,203.91,197.06999999999999,200,5064948,21171,200.248457
2021-12-01 05:00:00+00:00,202.03,207.56100000000001,199.00999999999999,199.53999999999999,950295,18728,201.83484200000001
2021-12-02 05:00:00+00:00,200.63999999999999,206.61000000000001,200,205.41,839205,14836,205.10441399999999
2021-12-03 05:00:00+00:00,206.25,206.91999999999999,199.71000000000001,201.47999999999999,992551,16591,201.600979
2021-12-06 05:00:00+00:00,202.56999999999999,207.19999999999999,201.90000000000001,205.19,991935,17757,204.79795200000001
2021-12-07 05:00:00+00:00,206.62,211.19999999999999,206.16999999999999,208.69999999999999,750925,16300,208.85647299999999
2021-12-08 05:00:00+00:00,208.78,210.38,207.52000000000001,209.36000000000001,538936,11608,209.23469399999999
2021-12-09 05:00:00+00:00,208.88999999999999,208.88999999999999,205.38999999999999,205.52000000000001,555461,11555,206.482225
2021-12-10 05:00:00+00:00,206.77000000000001,209.28,204.09999999999999,208.71000000000001,704823,14037,208.381517
2021-12-13 05:00:00+00:00,208.96000000000001,214.44999999999999,208.87,212.84999999999999,848329,15889,212.83866399999999
2021-12-14 05:00:00+00:00,210.97,212.34,206.34,209.75999999999999,883207,17876,209.19471200000001
2021-12-15 05:00:00+00:00,209.93000000000001,215.22999999999999,209.93000000000001,214.41,694465,12077,213.84854300000001
2021-12-16 05:00:00+00:00,213.88999999999999,214.83000000000001,211.63999999999999,214.41,637336,10089,214.05453600000001
2021-12-17 05:00:00+00:00,214.72999999999999,217.72999999999999,214.255,215.15000000000001,2762731,16666,215.25079600000001
2021-12-20 05:00:00+00:00,211.86000000000001,216.50999999999999,210.11000000000001,215.80000000000001,825718,17675,214.586656
2021-12-21 05:00:00+00:00,217,218.86000000000001,214.75999999999999,215.72999999999999,938123,16689,216.155598
2021-12-22 05:00:00+00:00,217.12,219.49420000000001,216.53,219.05000000000001,542337,10405,218.59444400000001
2021-12-23 05:00:00+00:00,219.58000000000001,219.58000000000001,216.28890000000001,218,465786,9579,218.027795
2021-12-27 05:00:00+00:00,218.62,221.81999999999999,217.75,221.75,377438,8166,220.72554500000001
2021-12-28 05:00:00+00:00,221.53999999999999,223.90000000000001,221.31,222.55000000000001,471120,9502,222.45006699999999
2021-12-29 05:00:00+00:00,223.24000000000001,226.31999999999999,221.55000000000001,225.41999999999999,390417,8914,224.833348
2021-12-30 05:00:00+00:00,225.47,227.33000000000001,224.34999999999999,225.56999999999999,497567,8935,225.689517
2021-12-31 05:00:00+00:00,225.58000000000001,228.83500000000001,225.58000000000001,226.72999999999999,740911,8945,226.93213
2022-01-03 05:00:00+00:00,227,227.1773,215.21000000000001,219.22999999999999,707395,15317,219.399979
2022-01-04 05:00:00+00:00,219.36000000000001,224.34999999999999,219.36000000000001,221.59,856020,16899,222.174958
2022-01-05 05:00:00+00:00,220.81,221.52000000000001,217.16999999999999,217.74000000000001,750569,17225,219.05443500000001
2022-01-06 05:00:00+00:00,217.37,219.53999999999999,214.65000000000001,217.65000000000001,774036,15271,217.39395200000001
2022-01-07 05:00:00+00:00,217,217.83500000000001,208.035,208.44999999999999,1083202,17952,209.67848499999999
2022-01-10 05:00:00+00:00,204.33000000000001,208.68000000000001,203.49000000000001,208.50999999999999,937568,16795,207.042745
2022-01-11 05:00:00+00:00,209.44,210.36000000000001,206.18000000000001,210.06,669530,13140,209.436949
2022-01-12 05:00:00+00:00,209.84,212.88499999999999,209.78,211.71000000000001,614585,12189,211.67782700000001
2022-01-13 05:00:00+00:00,211.96000000000001,212,206.03,206.61000000000001,668191,11797,207.74868000000001
2022-01-14 05:00:00+00:00,206.27000000000001,206.44999999999999,200.44,203.61000000000001,992752,16175,203.05666199999999
2022-01-18 05:00:00+00:00,201.86000000000001,201.86000000000001,197.72,200.21000000000001,919554,16910,200.13891100000001
2022-01-19 05:00:00+00:00,201.40000000000001,203.19999999999999,198.33000000000001,198.41,801757,12654,200.00437500000001
2022-01-20 05:00:00+00:00,200.30000000000001,202.03,195,195.38,667648,12199,196.90678199999999
2022-01-21 05:00:00+00:00,197.22999999999999,198.245,194.99000000000001,195.47999999999999,720859,13977,196.01326800000001
2022-01-24 05:00:00+00:00,193.97999999999999,195.97999999999999,188.22999999999999,195,1177305,20322,193.305308
2022-01-25 05:00:00+00:00,193,197.49000000000001,190,195.47,1577985,20102,194.779145
2022-01-26 05:00:00+00:00,196.12,199.05000000000001,191.63,193.05000000000001,908333,16426,194.34415200000001
2022-01-27 05:00:00+00:00,195,196.36500000000001,189.90000000000001,190.34,1020679,17579,191.526464
2022-01-28 05:00:00+00:00,190.41,197.22,186.71000000000001,196.91,994724,17592,194.91915299999999
2022-01-31 05:00:00+00:00,196.78,199.25999999999999,195.19,198.19,981536,16338,197.32768200000001
2022-02-01 05:00:00+00:00,198.86000000000001,200.16,194.16999999999999,197.56,980788,16394,197.224222
2022-02-02 05:00:00+00:00,198.96000000000001,207.44,198.96000000000001,206.81,1244693,21179,205.658908
2022-02-03 05:00:00+00:00,205.31,206.65000000000001,203.59999999999999,204.53999999999999,970322,14236,204.880031
2022-02-04 05:00:00+00:00,203.16,204.24000000000001,199.36000000000001,201.46000000000001,714411,13143,202.02972199999999
2022-02-07 05:00:00+00:00,201.46000000000001,202.03999999999999,199.19,199.75,588176,11976,200.133747
2022-02-08 05:00:00+00:00,199.59,201.06999999999999,198.15000000000001,199.16,836697,14462,199.62100899999999
2022-02-09 05:00:00+00:00,202.34,205.78999999999999,201.83000000000001,205.33000000000001,515926,13654,204.52593200000001
2022-02-10 05:00:00+00:00,201.47,204.52000000000001,197.40000000000001,198.86000000000001,588317,14259,199.74794
2022-02-11 05:00:00+00:00,199.75999999999999,200.44999999999999,195.18000000000001,196.91999999999999,1080486,15563,197.02729600000001
2022-02-14 05:00:00+00:00,196.87,198.285,193.21000000000001,194.21000000000001,637133,12993,194.59719899999999
2022-02-15 05:00:00+00:00,196.15000000000001,196.41999999999999,191.25,192.18000000000001,682490,13755,192.65429
2022-02-16 05:00:00+00:00,193.06999999999999,193.33000000000001,188.03999999999999,190.75999999999999,759543,14474,190.51173800000001
2022-02-17 05:00:00+00:00,188.33000000000001,190.52500000000001,188.03999999999999,188.72999999999999,679412,12148,188.80954399999999
2022-02-18 05:00:00+00:00,188.58000000000001,190.44999999999999,187.41,187.47999999999999,541700,11338,188.01696899999999
2022-02-22 05:00:00+00:00,187.37,188.41999999999999,184.31999999999999,185.28,789025,14137,185.83937700000001
2022-02-23 05:00:00+00:00,187.11000000000001,191.38999999999999,186.24000000000001,186.61000000000001,1100246,23028,187.86383599999999
2022-02-24 05:00:00+00:00,178.11000000000001,190.44,175.26249999999999,189.74000000000001,1042567,21645,187.05358100000001
2022-02-25 05:00:00+00:00,189.88999999999999,194.31999999999999,188.55000000000001,194.18000000000001,725984,14106,193.41734299999999
2022-02-28 05:00:00+00:00,192.22,192.31,186.26499999999999,188.15000000000001,1199174,18632,188.11941100000001
2022-03-01 05:00:00+00:00,190.63,193.02000000000001,188.53999999999999,191.38,894964,17844,190.852687
2022-03-02 05:00:00+00:00,191.69999999999999,194.63,191.69999999999999,193.72,898826,15006,193.56301199999999
2022-03-03 05:00:00+00:00,195.62,196.02000000000001,191.94999999999999,195.24000000000001,591802,11464,194.87782999999999
2022-03-04 05:00:00+00:00,193.77000000000001,201.25999999999999,192.96000000000001,200.88999999999999,796081,16581,199.970541
2022-03-07 05:00:00+00:00,200.52000000000001,202.22999999999999,197.47999999999999,200.25,1178955,17282,200.63803999999999
2022-03-08 05:00:00+00:00,199.55000000000001,199.55000000000001,196.59,196.59,104456,6,196.76129599999999
2022-03-09 05:00:00+00:00,199.63999999999999,200.66999999999999,196.88999999999999,197.97,696600,13378,198.48474300000001
2022-03-10 05:00:00+00:00,197.09,197.96000000000001,194.10499999999999,196.28,674699,13537,196.02192600000001
2022-03-11 05:00:00+00:00,196.75999999999999,199.22,195.72999999999999,196.50999999999999,717167,13634,196.83358100000001
2022-03-14 04:00:00+00:00,196,196.50999999999999,190.81,191.34999999999999,1003690,14240,192.21642700000001
2022-03-15 04:00:00+00:00,193.58000000000001,193.78,187.22999999999999,189.69,1129997,15830,190.25315399999999
2022-03-16 04:00:00+00:00,189.80000000000001,194.33500000000001,189.24000000000001,193.41,1163873,17377,193.06138000000001
2022-03-17 04:00:00+00:00,193.40000000000001,196.48500000000001,193.16999999999999,196.03,901694,15372,195.61344099999999
2022-03-18 04:00:00+00:00,195,198.00999999999999,193.31999999999999,194.41999999999999,1957118,15938,194.726595
2022-03-21 04:00:00+00:00,194.99000000000001,196.88,193.56,195.91999999999999,568044,11586,195.868503
2022-03-22 04:00:00+00:00,196.74000000000001,198.24000000000001,194.91999999999999,195.74000000000001,834307,13848,195.81569200000001
2022-03-23 04:00:00+00:00,195.75999999999999,195.77000000000001,192.13999999999999,193.56,493839,10863,193.80183199999999
2022-03-24 04:00:00+00:00,193.84,195.05000000000001,193.19,194.86000000000001,526352,8372,194.66210599999999
2022-03-25 04:00:00+00:00,196.19,197.93000000000001,195.13999999999999,197.56,609538,9052,197.33765399999999
2022-03-28 04:00:00+00:00,198.56,201.9341,198.02000000000001,200.63,1267816,13199,200.63130000000001
2022-03-29 04:00:00+00:00,202.11000000000001,210.36000000000001,200.95500000000001,209.30000000000001,1164307,19606,207.81185099999999
2022-03-30 04:00:00+00:00,209.08000000000001,211.05000000000001,208.47,208.94999999999999,846782,12947,209.21398099999999
2022-03-31 04:00:00+00:00,210.94999999999999,211.01499999999999,205.56999999999999,205.59999999999999,1412254,17538,206.82745199999999
2022-04-01 04:00:00+00:00,205.84999999999999,210.09999999999999,205.78,209.56999999999999,607613,12098,208.69896700000001
2022-04-04 04:00:00+00:00,209.50999999999999,210.80000000000001,203.24000000000001,206.19,727471,14495,205.92475999999999
2022-04-05 04:00:00+00:00,205.91,209.25,204.40000000000001,205.47,844644,15411,206.58689100000001
2022-04-06 04:00:00+00:00,205.19999999999999,212.84,204.16,212.37,947840,17705,211.08643499999999
2022-04-07 04:00:00+00:00,211.30000000000001,214.77000000000001,209.84999999999999,213.36000000000001,768791,13840,213.025589
2022-04-08 04:00:00+00:00,214.75,214.90989999999999,212.53,213.71000000000001,533640,12221,213.773628
2022-04-11 04:00:00+00:00,213.71000000000001,214.53999999999999,209.01499999999999,210.59999999999999,470862,11657,210.762441
2022-04-12 04:00:00+00:00,210.34999999999999,214.47999999999999,210.19999999999999,212.84999999999999,540885,12596,212.650352
2022-04-13 04:00:00+00:00,213.41,213.99000000000001,210.59999999999999,212.61000000000001,441190,9398,212.48322099999999
2022-04-14 04:00:00+00:00,213.53,214.90000000000001,211.19,212.55000000000001,476435,7767,212.84636
2022-04-18 04:00:00+00:00,212,214.05000000000001,211.62,212.44,457675,9786,212.69303500000001
2022-04-19 04:00:00+00:00,212.88,219.69999999999999,212.83000000000001,218.31999999999999,1030533,20723,217.57341
2022-04-20 04:00:00+00:00,218.61000000000001,222.35499999999999,218.61000000000001,219.94999999999999,732937,14467,220.44597099999999
2022-04-21 04:00:00+00:00,220.56,221.38999999999999,216.91999999999999,217.00999999999999,640712,14580,218.260175
2022-04-22 04:00:00+00:00,216.83000000000001,216.83000000000001,212.43000000000001,212.56,787188,15180,213.391524
2022-04-25 04:00:00+00:00,211.43000000000001,211.51499999999999,205.53,208.53999999999999,879385,21398,208.290479
2022-04-26 04:00:00+00:00,208.19999999999999,209.80000000000001,204.31,204.47,562506,13390,205.606202
2022-04-27 04:00:00+00:00,204.91999999999999,208.58000000000001,203.66999999999999,203.97999999999999,596921,12028,205.14546000000001
2022-04-28 04:00:00+00:00,204.78,208.84999999999999,203.55000000000001,208.03999999999999,521822,11646,207.05309399999999
2022-04-29 04:00:00+00:00,206.71000000000001,207.13800000000001,189.05000000000001,190,1682659,24300,191.94572500000001
2022-05-02 04:00:00+00:00,191.30000000000001,192.13999999999999,177.99000000000001,182.94999999999999,1549294,31358,183.37290400000001
2022-05-03 04:00:00+00:00,183.27000000000001,184.30500000000001,179.91999999999999,183.09,1003537,21364,182.73165800000001
2022-05-04 04:00:00+00:00,190.36000000000001,196.49000000000001,185,195.56999999999999,1744950,30236,193.08846700000001
2022-05-05 04:00:00+00:00,195.93000000000001,197.25999999999999,188.58000000000001,189.69999999999999,1028965,21822,190.99715900000001
2022-05-06 04:00:00+00:00,187.41999999999999,188.81999999999999,180.30000000000001,181.66,1128703,19121,182.64976999999999
2022-05-09 04:00:00+00:00,179.11000000000001,179.11000000000001,168.34999999999999,169.43000000000001,1434688,28074,171.125697
2022-05-10 04:00:00+00:00,172.28,177.72499999999999,172.28,175.28,1409157,27399,175.277807
2022-05-11 04:00:00+00:00,175.12,180.04939999999999,174.75999999999999,174.96000000000001,1004760,20075,176.06240700000001
2022-05-12 04:00:00+00:00,175.28999999999999,175.46000000000001,171.5,174.72,994279,19473,173.79106400000001
2022-05-13 04:00:00+00:00,176.72999999999999,179.06,174.53999999999999,178.96000000000001,649990,14186,178.00573399999999
2022-05-16 04:00:00+00:00,178.62,180.28,177.66,178.68000000000001,613953,13958,178.889724
2022-05-17 04:00:00+00:00,180.44999999999999,180.44999999999999,176.46000000000001,178.84,1064475,17964,178.600785
2022-05-18 04:00:00+00:00,178.18000000000001,178.77000000000001,170.465,171.15000000000001,754108,17342,172.346261
2022-05-19 04:00:00+00:00,169.91999999999999,171.86000000000001,168.55000000000001,169.65000000000001,734347,17846,169.97305700000001
2022-05-20 04:00:00+00:00,171.87,172.44,167.94,171.38,727180,13228,170.75877
2022-05-23 04:00:00+00:00,173.97,175.20500000000001,170.84,174.34,630247,13342,174.01964699999999
2022-05-24 04:00:00+00:00,174.12,175.55000000000001,171.63,175.16999999999999,796492,17261,174.37607800000001
2022-05-25 04:00:00+00:00,173.44,173.50999999999999,170.78,172.44999999999999,1069056,21025,172.41904299999999
2022-05-26 04:00:00+00:00,173.63,175.745,172.86000000000001,174.66999999999999,649149,13607,174.65676099999999
2022-05-27 04:00:00+00:00,176.27000000000001,180.94999999999999,176.27000000000001,180.03,723516,16167,179.72474199999999
2022-05-31 04:00:00+00:00,178.63999999999999,179.41499999999999,176.292,178.19999999999999,2007064,18335,178.23388700000001
2022-06-01 04:00:00+00:00,178.86000000000001,180.41,176.13,178.65000000000001,688723,15780,178.647671
2022-06-02 04:00:00+00:00,178.34999999999999,179.97,174.87,179.83000000000001,652796,17139,178.645983
2022-06-03 04:00:00+00:00,178.05000000000001,180.76499999999999,176.56999999999999,178.30000000000001,533123,13345,178.77547300000001
2022-06-06 04:00:00+00:00,179.72,179.965,174.99000000000001,175.09,724202,17502,176.146288
2022-06-07 04:00:00+00:00,174.41999999999999,180.40000000000001,173.02109999999999,180.05000000000001,1101566,17220,178.26379900000001
2022-06-08 04:00:00+00:00,178.94999999999999,180.06,171.19,172.11000000000001,982054,19703,173.256846
2022-06-09 04:00:00+00:00,171.46000000000001,174.53,169.22999999999999,169.33000000000001,693622,14219,170.954711
2022-06-10 04:00:00+00:00,167.49000000000001,170.33000000000001,166.21000000000001,166.91999999999999,971037,18444,167.609118
2022-06-13 04:00:00+00:00,162.68000000000001,165.41,158.66499999999999,159.47,865950,18738,160.665851
2022-06-14 04:00:00+00:00,158.62,160.77000000000001,156.69999999999999,158.74000000000001,887314,20783,158.680612
2022-06-15 04:00:00+00:00,160.33000000000001,164.12,159.71000000000001,161.5,1289715,20032,161.47969599999999
2022-06-16 04:00:00+00:00,157.71000000000001,161.97,157.59999999999999,159.94,823036,17237,159.869743
2022-06-17 04:00:00+00:00,161.38999999999999,163,158.66,159.47,1868831,17408,160.012305
2022-06-21 04:00:00+00:00,159.91999999999999,163.94,159.55000000000001,161.81999999999999,748567,15085,162.126915
2022-06-22 04:00:00+00:00,162.28,167.13,161.13,164.66,1116789,14751,164.562614
2022-06-23 04:00:00+00:00,165.63,169.21000000000001,165.63,167.88,839736,16783,167.60009600000001
2022-06-24 04:00:00+00:00,169.77000000000001,172.58000000000001,167.57499999999999,172.37,1023414,14989,172.05203299999999
2022-06-27 04:00:00+00:00,172.15000000000001,173.94,170.54499999999999,171.97,637938,14144,172.29242400000001
2022-06-28 04:00:00+00:00,173.11000000000001,175.58000000000001,170.59010000000001,171.02000000000001,541307,14601,172.14635100000001
2022-06-29 04:00:00+00:00,170.06,171.66999999999999,169.52500000000001,170.94999999999999,520130,11540,170.623649
2022-06-30 04:00:00+00:00,169.93000000000001,173.52789999999999,168.63999999999999,170.12,970718,15525,170.276284
2022-07-01 04:00:00+00:00,171.00999999999999,175.13999999999999,170.71000000000001,174.38,596640,12404,173.38346300000001
2022-07-05 04:00:00+00:00,172.91,172.91,167.68000000000001,171.87,450051,11269,170.90337
2022-07-06 04:00:00+00:00,172.78,175.66,171.55000000000001,174.25999999999999,570004,12307,174.05762300000001
2022-07-07 04:00:00+00:00,174.97999999999999,176,172.30000000000001,173.06,459832,9469,173.48357100000001
2022-07-08 04:00:00+00:00,172.75999999999999,174.26499999999999,171.81,173.09,317924,7684,173.04039599999999
2022-07-11 04:00:00+00:00,171.86000000000001,174.75,171.523,172.03999999999999,450318,8879,172.32330099999999
2022-07-12 04:00:00+00:00,170.53999999999999,172.24000000000001,165.41999999999999,167,604607,13484,167.49032099999999
2022-07-13 04:00:00+00:00,165.47,169.13999999999999,164.69999999999999,167.62,399455,9788,167.485649
2022-07-14 04:00:00+00:00,164.15000000000001,168.72999999999999,163.09,167.47,422164,10424,167.29842099999999
2022-07-15 04:00:00+00:00,169.75999999999999,171.40000000000001,167.66,169.56999999999999,500824,9895,169.493315
2022-07-18 04:00:00+00:00,170.66,171.41999999999999,167.75999999999999,168.59999999999999,513261,9905,169.00934899999999
2022-07-19 04:00:00+00:00,169.94,172.72,169.24000000000001,172.12,538113,9812,171.86204599999999
2022-07-20 04:00:00+00:00,172.22999999999999,174.97,171.54740000000001,172.78999999999999,325898,8483,172.940021
2022-07-21 04:00:00+00:00,173.11000000000001,175.47,171.90000000000001,175.43000000000001,507576,11816,174.64005
2022-07-22 04:00:00+00:00,176.50999999999999,179.12,175.745,177.91,603266,13651,177.56526400000001
2022-07-25 04:00:00+00:00,177.53999999999999,178.65000000000001,176.56,178.03999999999999,597024,11403,177.92260899999999
2022-07-26 04:00:00+00:00,178.34,179.68000000000001,177.16999999999999,179.12,379164,9549,178.97206
2022-07-27 04:00:00+00:00,179.02000000000001,181.16,177.66999999999999,181.00999999999999,471821,12985,180.13018199999999
2022-07-28 04:00:00+00:00,182.34,188.50999999999999,182.21000000000001,188.13999999999999,621990,15504,186.87055899999999
2022-07-29 04:00:00+00:00,188.18000000000001,190.41,187,189.52000000000001,919331,15672,189.33920000000001
2022-08-01 04:00:00+00:00,188.06999999999999,189.31,186,189.00999999999999,701554,12733,188.47103200000001
2022-08-02 04:00:00+00:00,189.03,189.97,186.47,187,991378,16214,187.572551
2022-08-03 04:00:00+00:00,190,197.96000000000001,189.505,194.34,1374861,26620,195.05114499999999
2022-08-04 04:00:00+00:00,194.5,196.47020000000001,192.28999999999999,195.25,727355,14609,195.01518899999999
2022-08-05 04:00:00+00:00,193.69999999999999,197.56999999999999,192.5,197.22,654357,13278,196.071652
2022-08-08 04:00:00+00:00,198.34999999999999,200.62,197.49000000000001,200.36000000000001,677680,14156,199.81319999999999
2022-08-09 04:00:00+00:00,200.97,203.46000000000001,198.83000000000001,203.41,879469,13610,202.80742000000001
2022-08-10 04:00:00+00:00,205.96000000000001,207.00999999999999,204.08000000000001,206.84,863973,15367,206.12710999999999
2022-08-11 04:00:00+00:00,207.78,209.47999999999999,206.13,207.44999999999999,701785,13100,207.741052
2022-08-12 04:00:00+00:00,208.59999999999999,212.22,208.06999999999999,211.96000000000001,848737,11592,211.12222600000001
2022-08-15 04:00:00+00:00,211.41999999999999,213.84,210.99000000000001,213.78999999999999,818373,13303,213.189391
2022-08-16 04:00:00+00:00,212.5,214.08500000000001,211.28999999999999,212.74000000000001,689239,12830,212.731649
2022-08-17 04:00:00+00:00,211.43000000000001,216.30500000000001,211.03999999999999,215.05000000000001,858990,14158,213.80372399999999
2022-08-18 04:00:00+00:00,216.16,216.52000000000001,212.28999999999999,213.11000000000001,747587,10845,213.334361
2022-08-19 04:00:00+00:00,213,213,210.77000000000001,211.65000000000001,753688,11825,211.800026
2022-08-22 04:00:00+00:00,210.09,211.03999999999999,208.08000000000001,209.02000000000001,722258,12537,209.20648199999999
2022-08-23 04:00:00+00:00,208.31,208.41,204.03,205.63999999999999,946894,14155,205.74836199999999
2022-08-24 04:00:00+00:00,206.19,210,206.03,207.68000000000001,690628,12664,207.67723799999999
2022-08-25 04:00:00+00:00,207.96000000000001,210.97,207.34440000000001,210.74000000000001,760376,13525,210.236119
2022-08-26 04:00:00+00:00,210.74000000000001,211.58500000000001,206.09,207.13,663862,11449,207.39478800000001
2022-08-29 04:00:00+00:00,205.52000000000001,206.28999999999999,204.06,205.33000000000001,769963,12957,205.30742100000001
2022-08-30 04:00:00+00:00,205.33000000000001,205.755,199.65000000000001,201.06999999999999,821904,14674,201.453428
2022-08-31 04:00:00+00:00,202.09999999999999,202.53999999999999,197.85499999999999,198.72999999999999,1313154,17935,199.08668900000001
2022-09-01 04:00:00+00:00,197.53,201.03,197.00999999999999,200.94,585753,13339,199.964775
2022-09-02 04:00:00+00:00,202.22999999999999,203.90000000000001,198.63999999999999,199.59999999999999,585131,13459,199.99102500000001
2022-09-06 04:00:00+00:00,200.19,203.55500000000001,199.23580000000001,202.47,651263,15560,202.10845699999999
2022-09-07 04:00:00+00:00,202.31,205.56,202.285,205.12,824806,16417,204.717938
2022-09-08 04:00:00+00:00,205.13,206.285,200.78,203.46000000000001,849273,14600,203.35781900000001
2022-09-09 04:00:00+00:00,203.68000000000001,204.48500000000001,201.56,201.84999999999999,806408,17635,202.39012299999999
2022-09-12 04:00:00+00:00,201.84999999999999,202.28,199.61000000000001,200.03999999999999,913568,18589,200.36476200000001
2022-09-13 04:00:00+00:00,197.43000000000001,197.60499999999999,192.91999999999999,194.5,1128966,22258,194.71033399999999
2022-09-14 04:00:00+00:00,191.05000000000001,192.5,189.47499999999999,191.65000000000001,1460011,19281,191.34865099999999
2022-09-15 04:00:00+00:00,191.24000000000001,191.24000000000001,186.12,186.65000000000001,994812,19258,187.98264800000001
2022-09-16 04:00:00+00:00,185.99000000000001,186.50999999999999,181.815,184.19,2116139,26162,184.22350599999999
2022-09-19 04:00:00+00:00,182.34,183.49000000000001,179.81999999999999,182.31,968334,19040,181.79727600000001
2022-09-20 04:00:00+00:00,180.66,181.64500000000001,177.94999999999999,179.08000000000001,1047555,25091,179.12534299999999
2022-09-21 04:00:00+00:00,180.61000000000001,182.17500000000001,176.81,177.25999999999999,1050197,18960,178.36534599999999
2022-09-22 04:00:00+00:00,176.53999999999999,176.63499999999999,172.90000000000001,174.5,1353844,25354,174.37548799999999
2022-09-23 04:00:00+00:00,172.81,175.15000000000001,170.75,172.72999999999999,1078874,21388,172.77218500000001
2022-09-26 04:00:00+00:00,172.09,172.22999999999999,167.53999999999999,169.78,1133185,21547,169.79235600000001
2022-09-27 04:00:00+00:00,171.33000000000001,172.00999999999999,165.96000000000001,166.97,1080689,21276,167.55509900000001
2022-09-28 04:00:00+00:00,168.53,171.52000000000001,166.80500000000001,170.66999999999999,1108864,19951,170.35006899999999
2022-09-29 04:00:00+00:00,168.99000000000001,169.38,165.67500000000001,168.83000000000001,877463,20917,168.34695600000001
2022-09-30 04:00:00+00:00,170.86000000000001,173.41,169.63999999999999,172.71000000000001,1448544,22954,172.48596699999999
2022-10-03 04:00:00+00:00,174.94,175.03999999999999,171.01499999999999,173.59999999999999,961389,19668,173.37737200000001
2022-10-04 04:00:00+00:00,175.22999999999999,179.68000000000001,174.72,179.47,1463232,25386,178.57556600000001
2022-10-05 04:00:00+00:00,177.22,178.78999999999999,173.31,178.11000000000001,1090895,22223,177.063525
2022-10-06 04:00:00+00:00,177.97999999999999,178.31999999999999,171.88,172.11000000000001,886426,17930,173.59302199999999
2022-10-07 04:00:00+00:00,170.40000000000001,171.83000000000001,164.005,165.16999999999999,1130395,25176,166.48695699999999
2022-10-10 04:00:00+00:00,165.63999999999999,166.95500000000001,164.31999999999999,165.62,590164,15670,165.67856
2022-10-11 04:00:00+00:00,165.28999999999999,168.59999999999999,164.99000000000001,168.22,936168,21338,167.55230800000001
2022-10-12 04:00:00+00:00,168.43000000000001,169.59,166.33000000000001,166.80000000000001,895835,19025,167.66624200000001
2022-10-13 04:00:00+00:00,163.03999999999999,167.66999999999999,162.22999999999999,166.78999999999999,829611,18264,165.809065
2022-10-14 04:00:00+00:00,168.41,168.88,160.59999999999999,160.81,791765,18385,162.060149
2022-10-17 04:00:00+00:00,164.16,168.44999999999999,163.79499999999999,167.91,686149,15748,167.480986
2022-10-18 04:00:00+00:00,170.46000000000001,173.12,168.66999999999999,170.88,647289,14453,170.66209699999999
2022-10-19 04:00:00+00:00,168.66999999999999,169.48070000000001,165.065,165.91999999999999,734847,15506,166.332627
2022-10-20 04:00:00+00:00,166.58000000000001,167.81,164.74000000000001,165.78,515562,12301,165.87921499999999
2022-10-21 04:00:00+00:00,165.99000000000001,166.02000000000001,162.63999999999999,165.96000000000001,827385,17989,165.16403600000001
2022-10-24 04:00:00+00:00,167.83000000000001,168.13999999999999,164.71000000000001,165.00999999999999,942570,19440,165.56708399999999
2022-10-25 04:00:00+00:00,165.91999999999999,173.52000000000001,165.91999999999999,173.37,947608,22070,171.01562100000001
2022-10-26 04:00:00+00:00,172.93000000000001,175.25,171.06999999999999,171.44,1023717,22380,172.149407
2022-10-27 04:00:00+00:00,172.66999999999999,173.22,170.58000000000001,171.87,843620,17263,171.914074
2022-10-28 04:00:00+00:00,171.28,179.83000000000001,171.27000000000001,178.71000000000001,981577,21992,177.896525
2022-10-31 04:00:00+00:00,177.97999999999999,180.75999999999999,177.41,177.44,1002589,15984,177.90232900000001
2022-11-01 04:00:00+00:00,179.28999999999999,179.71000000000001,176.88499999999999,177.88999999999999,770628,16278,178.157488
2022-11-02 04:00:00+00:00,168.00999999999999,168.18000000000001,156.71000000000001,158.46000000000001,3390106,59072,159.63786999999999
2022-11-03 04:00:00+00:00,156,156.16999999999999,152.19,154.25,1562843,27490,154.49266499999999
2022-11-04 04:00:00+00:00,155.96000000000001,156.28999999999999,152.31999999999999,153.87,1292615,24567,153.802143
2022-11-07 05:00:00+00:00,154.56,156.06999999999999,149.78,152,1330051,26297,152.09746699999999
2022-11-08 05:00:00+00:00,152.46000000000001,155.43000000000001,151.89500000000001,153.75999999999999,1168279,25145,153.905418
2022-11-09 05:00:00+00:00,152.63,154.99000000000001,151.63,151.63,1724457,22305,153.524315
2022-11-10 05:00:00+00:00,158.46000000000001,163.74000000000001,157.67500000000001,163.09,1371504,18588,160.51519500000001
2022-11-11 05:00:00+00:00,163.09,164.34,157.33000000000001,158.33000000000001,1264938,25761,159.237548
2022-11-14 05:00:00+00:00,157.86000000000001,158.28649999999999,154.31,154.33000000000001,993292,17000,155.560427
2022-11-15 05:00:00+00:00,156.78999999999999,157.25999999999999,152.63,154.84999999999999,997928,18295,154.164773
2022-11-16 05:00:00+00:00,155.16,159.44999999999999,155.0138,156.93000000000001,1045177,19095,157.49469500000001
2022-11-17 05:00:00+00:00,154.90000000000001,157.03,153.78,155.30000000000001,534404,12746,155.33316300000001
2022-11-18 05:00:00+00:00,157.72,158.16,155.65000000000001,158.13999999999999,722149,13068,157.315
2022-11-21 05:00:00+00:00,156.83000000000001,159.10499999999999,156.62,157.59,819159,15940,157.347306
2022-11-22 05:00:00+00:00,158.37,158.84,156.36000000000001,156.74000000000001,1243267,15937,156.86869100000001
2022-11-23 05:00:00+00:00,156.99000000000001,157.34,155.28,156.49000000000001,1120092,14971,156.28170600000001
2022-11-25 05:00:00+00:00,157.31999999999999,158.34690000000001,154.75999999999999,155.62,362399,7899,155.78326100000001
2022-11-28 05:00:00+00:00,154.78999999999999,155.785,152.36000000000001,152.55000000000001,1495733,27039,152.93857299999999
2022-11-29 05:00:00+00:00,153.08000000000001,154.03999999999999,152.52500000000001,153.52000000000001,1212011,23098,153.25021699999999
2022-11-30 05:00:00+00:00,152.61000000000001,161.00999999999999,152.61000000000001,160.69,1593360,21676,159.12195800000001
2022-12-01 05:00:00+00:00,160.78,161.84,158.02000000000001,160.05000000000001,1296316,26846,159.51455100000001
2022-12-02 05:00:00+00:00,158.84,159.84,157.56,159,978376,22499,158.84686500000001
2022-12-05 05:00:00+00:00,157.66,159.59,155.61000000000001,156.84999999999999,1508430,27875,156.793012
2022-12-06 05:00:00+00:00,157.18000000000001,157.18000000000001,153.28,156.03999999999999,1511723,33191,155.12283500000001
2022-12-07 05:00:00+00:00,156.15000000000001,159.40000000000001,155.53999999999999,157.16,928649,22478,157.38762299999999
2022-12-08 05:00:00+00:00,157.43000000000001,161.61000000000001,157.161,157.46000000000001,1385739,24335,158.68049099999999
2022-12-09 05:00:00+00:00,157.16999999999999,158.24000000000001,156.53,156.58000000000001,702638,15321,157.115004
2022-12-12 05:00:00+00:00,156.5,158.78999999999999,155.13,158.62,1002538,16919,157.33832799999999
2022-12-13 05:00:00+00:00,162.47999999999999,163.97999999999999,157,157.63999999999999,1292360,24371,159.00079299999999
2022-12-14 05:00:00+00:00,157.28999999999999,158.63,154.71000000000001,156.00999999999999,1298224,24124,156.66546700000001
2022-12-15 05:00:00+00:00,153.99000000000001,156.58000000000001,152.18000000000001,155.62,1472372,27496,155.07368299999999
2022-12-16 05:00:00+00:00,153.71000000000001,153.84,147.05000000000001,149.30000000000001,2549399,31131,149.98229599999999
2022-12-19 05:00:00+00:00,148.63,148.72499999999999,145.53,146.71000000000001,697257,18280,146.81748200000001
2022-12-20 05:00:00+00:00,145.56999999999999,147.11000000000001,144,145.99000000000001,667706,13747,145.93858499999999
2022-12-21 05:00:00+00:00,147.06,148.47999999999999,145.91,146.97,548725,12074,147.36502100000001
2022-12-22 05:00:00+00:00,145.66,146.28,143.59180000000001,146.08000000000001,598531,14762,145.42229699999999
2022-12-23 05:00:00+00:00,144.99000000000001,146.96000000000001,144.47,146.91,492112,11146,146.302313
2022-12-27 05:00:00+00:00,146.84,147.86000000000001,145.00999999999999,147.53999999999999,608904,14074,146.87351200000001
2022-12-28 05:00:00+00:00,148.03999999999999,148.93000000000001,145.05000000000001,145.33000000000001,557058,14166,146.07228599999999
2022-12-29 05:00:00+00:00,146.74000000000001,149.30000000000001,146.06,149.00999999999999,541757,14702,148.63523900000001
2022-12-30 05:00:00+00:00,147.99000000000001,148.38999999999999,145.44,147.18000000000001,589412,13481,147.01011600000001
2023-01-03 05:00:00+00:00,147.78,148.31,142.46000000000001,144.28999999999999,760847,17474,144.487988
2023-01-04 05:00:00+00:00,146.06,147.61500000000001,143.66,144.47,782373,17002,145.38669200000001
2023-01-05 05:00:00+00:00,142.86000000000001,143.495,139.97,141.03999999999999,752012,17050,141.12658999999999
2023-01-06 05:00:00+00:00,141.83000000000001,144.86000000000001,141.06999999999999,144,875851,18680,143.70319499999999
2023-01-09 05:00:00+00:00,145.62,148.69999999999999,144.09999999999999,147.30000000000001,1210143,20436,147.32392200000001
2023-01-10 05:00:00+00:00,146.96000000000001,147.16,144.32499999999999,146.47999999999999,718002,15493,145.86935199999999
2023-01-11 05:00:00+00:00,148.91,154.03,148.55000000000001,153.81999999999999,987860,22515,152.23283799999999
2023-01-12 05:00:00+00:00,154.75999999999999,154.8699,152.34999999999999,154.11000000000001,921976,16234,153.645332
2023-01-13 05:00:00+00:00,152.58000000000001,153.97,151.83000000000001,151.90000000000001,726632,12581,152.420354
2023-01-17 05:00:00+00:00,151.46000000000001,154.55000000000001,151.31999999999999,153.09999999999999,980693,16368,153.262069
2023-01-18 05:00:00+00:00,153,153.75200000000001,150.61000000000001,150.81999999999999,696265,13548,151.53200000000001
2023-01-19 05:00:00+00:00,150,152.25,149.81,150,682789,14982,150.43037100000001
2023-01-20 05:00:00+00:00,149.74000000000001,151.08000000000001,148.36000000000001,150.91,1386983,19571,150.043049
2023-01-23 05:00:00+00:00,151.37,152.15000000000001,150.02000000000001,151.28,792782,16186,151.25189800000001
2023-01-24 05:00:00+00:00,151.59999999999999,153.36000000000001,150.34,152.09,1536427,16970,151.952258
2023-01-25 05:00:00+00:00,151.55000000000001,153.11000000000001,150.19999999999999,151.72999999999999,1167372,16192,151.48489499999999
2023-01-26 05:00:00+00:00,152.69999999999999,156.30000000000001,151.68010000000001,156.25,1175106,17454,154.49255400000001
2023-01-27 05:00:00+00:00,156,158.22,155.55000000000001,157.59,844063,15995,157.31209000000001
2023-01-30 05:00:00+00:00,156.18000000000001,158.28,152.93000000000001,153,1101080,21321,154.170423
2023-01-31 05:00:00+00:00,152.68000000000001,157.93000000000001,152.18000000000001,157.83000000000001,1660567,17767,157.462345
2023-02-01 05:00:00+00:00,156.74000000000001,159.3425,154.94999999999999,158.44,631471,14487,157.342455
2023-02-02 05:00:00+00:00,160.46000000000001,166.31999999999999,160.46000000000001,165.11000000000001,725442,16855,164.47920199999999
2023-02-03 05:00:00+00:00,162.59999999999999,164.09,160.47999999999999,163.13,938881,18496,162.648008
2023-02-06 05:00:00+00:00,161.47,169.1157,161.47,167.99000000000001,2506712,37565,167.37771900000001
2023-02-07 05:00:00+00:00,165.68000000000001,168.78999999999999,164.66999999999999,167.65000000000001,2332488,37297,166.690325
2023-02-08 05:00:00+00:00,167.08000000000001,167.75,165.72999999999999,166.31,1522143,21413,166.73773700000001
2023-02-09 05:00:00+00:00,166.99000000000001,167.66,164.5,165.66999999999999,1574052,25352,165.900057
2023-02-10 05:00:00+00:00,164.16999999999999,164.70500000000001,160.28,161.75,877191,18874,161.85459399999999
2023-02-13 05:00:00+00:00,162.16999999999999,163.90100000000001,161.27000000000001,162.93000000000001,848941,15795,162.837073
2023-02-14 05:00:00+00:00,162.31,164.18000000000001,159.72,159.96000000000001,977540,17365,160.887944
2023-02-15 05:00:00+00:00,159.13999999999999,162.21000000000001,158.58000000000001,162.18000000000001,535598,12560,161.044329
2023-02-16 05:00:00+00:00,159.71000000000001,160.72999999999999,158.63,158.84,570655,12915,159.58095700000001
2023-02-17 05:00:00+00:00,158.87,160.15000000000001,157.65000000000001,158.99000000000001,776735,15780,158.75533899999999
2023-02-21 05:00:00+00:00,157.84,158.97,157.06999999999999,158.52000000000001,648151,16543,158.41020599999999
2023-02-22 05:00:00+00:00,158.38,158.97999999999999,153.44499999999999,154.30000000000001,1202726,23706,154.75299799999999
2023-02-23 05:00:00+00:00,155.65000000000001,158.88,152.65000000000001,158.63999999999999,1663349,27589,157.05907999999999
2023-02-24 05:00:00+00:00,157.06999999999999,161.69,157.06999999999999,160.78999999999999,1461563,25605,160.41623300000001
2023-02-27 05:00:00+00:00,162.44,164.15000000000001,159.61000000000001,161.88,989753,18569,161.89643699999999
2023-02-28 05:00:00+00:00,161.72999999999999,166.88,160.80000000000001,164.65000000000001,1679978,25687,164.918162
2023-03-01 05:00:00+00:00,162.49000000000001,163.84999999999999,160.71000000000001,163.66,1709623,27607,162.746488
2023-03-02 05:00:00+00:00,162.91,167.28999999999999,162.08500000000001,166.91999999999999,1397959,23668,165.59176500000001
2023-03-03 05:00:00+00:00,168.03999999999999,170.30000000000001,168.03999999999999,169.11000000000001,1029032,18700,169.192509
2023-03-06 05:00:00+00:00,169.66,169.66,166.69499999999999,167.27000000000001,642562,14163,167.650206
2023-03-07 05:00:00+00:00,166.96000000000001,168.03,163.63,163.78,670014,15503,164.62042299999999
2023-03-08 05:00:00+00:00,163.34,166.28,163.25,163.74000000000001,640910,14584,164.342748
2023-03-09 05:00:00+00:00,164.03999999999999,165.72,160.33000000000001,160.41,688981,15140,162.368236
2023-03-10 05:00:00+00:00,160,160.11000000000001,153.47999999999999,153.55000000000001,1156894,23380,155.24901399999999
2023-03-13 04:00:00+00:00,152.63,161.05000000000001,152.13,157.59,976995,20339,158.19358800000001
2023-03-14 04:00:00+00:00,158.06999999999999,159.49000000000001,154.56999999999999,157.37,1554688,25947,156.72982500000001
2023-03-15 04:00:00+00:00,157.02000000000001,158.11000000000001,154.48500000000001,157.58000000000001,855438,19272,157.00010499999999
2023-03-16 04:00:00+00:00,156.69999999999999,161.22,154.85059999999999,159.96000000000001,898610,20123,159.453316
2023-03-17 04:00:00+00:00,159.90000000000001,160.91,158.73500000000001,159.52000000000001,1253287,17245,159.79407699999999
2023-03-20 04:00:00+00:00,160.05000000000001,160.86000000000001,157.79499999999999,160.34,793958,16447,160.021356
2023-03-21 04:00:00+00:00,160.74000000000001,160.75,155.41999999999999,158.66,752346,16400,157.983904
2023-03-22 04:00:00+00:00,157.37,158.65000000000001,149.47999999999999,149.53999999999999,1814710,33516,154.174612
2023-03-23 04:00:00+00:00,150.03999999999999,153.36000000000001,148.88999999999999,149.27000000000001,713445,15396,150.33406299999999
2023-03-24 04:00:00+00:00,148.69999999999999,153.25999999999999,148.38,153.19999999999999,681732,15471,151.726821
2023-03-27 04:00:00+00:00,153.56999999999999,155.63999999999999,152.74000000000001,153.34999999999999,690697,15245,154.030575
2023-03-28 04:00:00+00:00,151.84999999999999,153.46000000000001,150.62,151.13999999999999,511311,10673,151.37026
2023-03-29 04:00:00+00:00,153,155.87,152.62620000000001,155.66,653742,13418,155.00536299999999
2023-03-30 04:00:00+00:00,158.19999999999999,158.97999999999999,157.68000000000001,158.83000000000001,668945,12610,158.46140700000001
2023-03-31 04:00:00+00:00,160.00999999999999,163.08000000000001,158.59,162.93000000000001,1041508,18008,161.60542799999999
2023-04-03 04:00:00+00:00,152.75999999999999,155.91,151.53,154.50999999999999,11954194,170785,153.85023699999999
2023-04-04 04:00:00+00:00,156.97999999999999,160.87,155.55000000000001,160.16999999999999,5085187,76929,158.69347500000001
2023-04-05 04:00:00+00:00,160.25,161.31999999999999,158.315,160.02000000000001,3308404,46869,159.60584499999999
2023-04-06 04:00:00+00:00,161.13,162.78999999999999,159.22999999999999,162.78999999999999,2199527,34792,160.93432100000001
2023-04-10 04:00:00+00:00,161.41,164.27000000000001,161.41,164.22,2025312,30994,163.19487100000001
2023-04-11 04:00:00+00:00,164.38,165.13,163.44499999999999,164.68000000000001,1805685,26073,164.507903
2023-04-12 04:00:00+00:00,165.56,165.84999999999999,163.24010000000001,163.41999999999999,1198943,20604,163.83103399999999
2023-04-13 04:00:00+00:00,163,163,157.09,158.78999999999999,2060756,36427,159.283175
2023-04-14 04:00:00+00:00,158.53,161.16999999999999,154.44,155.11000000000001,1623547,29327,156.76152500000001
2023-04-17 04:00:00+00:00,155.81999999999999,156.58000000000001,153.69499999999999,156.31,1260201,21952,155.44349299999999
2023-04-18 04:00:00+00:00,155.88999999999999,156.41999999999999,152.61000000000001,154.97999999999999,1387351,23668,154.69957500000001
2023-04-19 04:00:00+00:00,153.96000000000001,155.40000000000001,153.00999999999999,153.06999999999999,1828010,28257,154.05021600000001
2023-04-20 04:00:00+00:00,152.34,153.22,150.50999999999999,151.91999999999999,1701266,24818,151.62510800000001
2023-04-21 04:00:00+00:00,152.59,153.34999999999999,150.81,151.16,1237285,19053,151.76641900000001
2023-04-24 04:00:00+00:00,152.03,152.58000000000001,150.79499999999999,152.22,1170057,18046,151.95600400000001
2023-04-25 04:00:00+00:00,152.08000000000001,152.53,150.22999999999999,150.34,990518,18025,151.17544100000001
2023-04-26 04:00:00+00:00,150.41999999999999,151.48990000000001,148.87,149.38999999999999,687812,12082,149.843627
2023-04-27 04:00:00+00:00,149.33000000000001,151.62,149.33000000000001,151.12,1185623,21369,150.76004599999999
2023-04-28 04:00:00+00:00,151.03999999999999,152.77000000000001,150.24000000000001,152.03999999999999,974163,18099,151.61356799999999
2023-05-01 04:00:00+00:00,151.33000000000001,152.63,150.63499999999999,152.40000000000001,770623,17086,151.96942899999999
2023-05-02 04:00:00+00:00,151.77000000000001,152.33000000000001,149.64949999999999,151.21000000000001,1094806,20523,150.89965100000001
2023-05-03 04:00:00+00:00,150.19,150.77000000000001,145.59,147.25999999999999,2143985,33313,148.110851
2023-05-04 04:00:00+00:00,147.71000000000001,151.78,147.27000000000001,150.78999999999999,1296711,19409,150.312882
2023-05-05 04:00:00+00:00,151.09999999999999,154.84999999999999,151.02000000000001,154.74000000000001,1586914,21284,153.64749900000001
2023-05-08 04:00:00+00:00,154.09999999999999,157.38999999999999,153.47999999999999,156.97999999999999,1145853,20866,155.883984
2023-05-09 04:00:00+00:00,155.84,157.25,153.69999999999999,156.43000000000001,983285,20211,155.98090999999999
2023-05-10 04:00:00+00:00,157.44999999999999,157.91999999999999,155.25,156.80000000000001,1101610,19268,156.63556500000001
2023-05-11 04:00:00+00:00,156.16999999999999,156.43000000000001,152.31,152.56999999999999,642843,15336,153.25936899999999
2023-05-12 04:00:00+00:00,152.36000000000001,153.59899999999999,151.66999999999999,153.53999999999999,513936,12397,152.929202
2023-05-15 04:00:00+00:00,153.71000000000001,154.25,151.81,152.22,874835,18488,152.61407
2023-05-16 04:00:00+00:00,151.62,152.33000000000001,149.05500000000001,149.12,624529,12556,149.826829
2023-05-17 04:00:00+00:00,149.65000000000001,150.37,148.28,149.19999999999999,809351,16560,149.16028700000001
2023-05-18 04:00:00+00:00,149.19999999999999,149.77000000000001,148.27500000000001,149.18000000000001,732385,15702,149.067103
2023-05-19 04:00:00+00:00,150,150.52500000000001,147.65000000000001,148.09999999999999,724601,15176,148.73259999999999
2023-05-22 04:00:00+00:00,148.55000000000001,149.5,147.25,148.65000000000001,584939,13212,148.588438
2023-05-23 04:00:00+00:00,148.47999999999999,149.33000000000001,147.75,148.09,514216,13356,148.33944700000001
2023-05-24 04:00:00+00:00,147.55000000000001,148.995,145.68000000000001,146.46000000000001,865971,19775,146.82050000000001
2023-05-25 04:00:00+00:00,147.30000000000001,147.30000000000001,144.39500000000001,145.38999999999999,650231,16055,145.626036
2023-05-26 04:00:00+00:00,145.99000000000001,146.80000000000001,144.595,146.58000000000001,679028,16432,146.119969
2023-05-30 04:00:00+00:00,147.28,148.86000000000001,145.30000000000001,146.16999999999999,943097,19439,146.59528800000001
2023-05-31 04:00:00+00:00,146.83000000000001,147.5,143.33000000000001,144.27000000000001,2091157,26386,144.45733799999999
2023-06-01 04:00:00+00:00,143.88,144.31,141.41999999999999,143.36000000000001,1016680,21448,143.30200500000001
2023-06-02 04:00:00+00:00,144.53,146.91,143.28999999999999,146.05000000000001,828253,18422,145.41503900000001
2023-06-05 04:00:00+00:00,145.69,147.1858,144.19,144.44,716477,18972,145.03431699999999
2023-06-06 04:00:00+00:00,145.37,145.37,142.58000000000001,143.31999999999999,1022119,35067,143.70857799999999
2023-06-07 04:00:00+00:00,144,149.935,142.93000000000001,149.5,1179354,22765,147.593999
2023-06-08 04:00:00+00:00,148.91999999999999,149.18000000000001,145.34999999999999,146.15000000000001,981324,18162,146.31453500000001
2023-06-09 04:00:00+00:00,145.94999999999999,145.94999999999999,143.15000000000001,144.5,1089784,20161,144.438029
2023-06-12 04:00:00+00:00,146,146,141.86000000000001,145.37,1208306,22646,144.70139699999999
2023-06-13 04:00:00+00:00,143.47999999999999,146.69999999999999,142.31999999999999,145.88999999999999,2155758,28262,145.378795
2023-06-14 04:00:00+00:00,144.27000000000001,144.86000000000001,142.78,143.31999999999999,1210808,30859,143.76146800000001
2023-06-15 04:00:00+00:00,143.19,146.55000000000001,142.56999999999999,145.78,843228,18185,145.30206000000001
2023-06-16 04:00:00+00:00,145.00999999999999,147.09999999999999,144.44999999999999,145.28,1573721,21958,145.26044899999999
2023-06-20 04:00:00+00:00,144.27000000000001,144.55000000000001,142.23500000000001,143.80000000000001,1070235,20202,143.62503699999999
2023-06-21 04:00:00+00:00,143.46000000000001,146.33000000000001,142.36500000000001,146.00999999999999,841794,16417,145.55100300000001
2023-06-22 04:00:00+00:00,146.49000000000001,146.58000000000001,142.28,143.21000000000001,887343,14990,143.39891299999999
2023-06-23 04:00:00+00:00,143.24000000000001,144.69,141.86000000000001,141.96000000000001,1200660,18424,142.34631999999999
2023-06-26 04:00:00+00:00,141.59999999999999,145.91999999999999,141.59,145.71000000000001,1147861,19785,144.95057199999999
2023-06-27 04:00:00+00:00,146.47,148.00999999999999,145.13,147.13,944918,17490,147.00725700000001
2023-06-28 04:00:00+00:00,147,148.25,146.44,148,1488035,22303,147.651692
2023-06-29 04:00:00+00:00,147.41999999999999,149.13,145.97,147.97,854280,17990,147.485252
2023-06-30 04:00:00+00:00,149.25,150.46000000000001,145.90000000000001,148.84999999999999,1421461,22690,148.428685
2023-07-03 04:00:00+00:00,148.66999999999999,151.25999999999999,148.13,150.41999999999999,481012,10864,150.231313
2023-07-05 04:00:00+00:00,150.19999999999999,150.99000000000001,146.58000000000001,149.65000000000001,1046653,22627,149.609824
2023-07-06 04:00:00+00:00,147.72999999999999,148.72,144.75999999999999,148.44999999999999,1176093,22882,147.58876799999999
2023-07-07 04:00:00+00:00,147.06999999999999,148.93000000000001,146.70500000000001,148.12,992681,20196,148.06849800000001
2023-07-10 04:00:00+00:00,147.62,150.03999999999999,147.25999999999999,149.52000000000001,976237,19243,148.90517399999999
2023-07-11 04:00:00+00:00,149.78999999999999,152.33000000000001,148.88,151.96000000000001,1228800,23689,151.247895
2023-07-12 04:00:00+00:00,152.44,154.72999999999999,151.55000000000001,151.88,1665023,23574,152.55732599999999
2023-07-13 04:00:00+00:00,151.75999999999999,154.50999999999999,150.72999999999999,154.44999999999999,992832,18417,153.391257
2023-07-14 04:00:00+00:00,154.13999999999999,156.34,153.19999999999999,155.75999999999999,1155489,18578,154.949747
2023-07-17 04:00:00+00:00,155.90000000000001,157.66999999999999,155.15000000000001,156.41999999999999,1612182,28630,156.77860899999999
2023-07-18 04:00:00+00:00,157.34999999999999,157.38999999999999,150.00999999999999,150.31,4987302,45314,150.961974
2023-07-19 04:00:00+00:00,151.08000000000001,155.51499999999999,148.58000000000001,148.96000000000001,5960289,40480,149.39417800000001
2023-07-20 04:00:00+00:00,149.18000000000001,150.38999999999999,146.65000000000001,146.81999999999999,2171795,35903,147.65452400000001
2023-07-21 04:00:00+00:00,147.28,148.005,145.75999999999999,146.06999999999999,17569501,40975,146.276881
2023-07-24 04:00:00+00:00,146.78999999999999,148.56,144.91,146.38999999999999,2380547,34734,146.01463899999999
2023-07-25 04:00:00+00:00,146.18000000000001,146.53999999999999,143.57499999999999,145.16999999999999,3196809,41839,144.78109799999999
2023-07-26 04:00:00+00:00,144.88999999999999,147.655,143.61000000000001,144.56,1815972,23595,145.20798300000001
2023-07-27 04:00:00+00:00,145,145.96000000000001,141.93000000000001,141.99000000000001,1601323,23860,142.659605
2023-07-28 04:00:00+00:00,142.84999999999999,142.99000000000001,140.19550000000001,140.84,1353754,21499,141.13102499999999
2023-07-31 04:00:00+00:00,141.06999999999999,141.91999999999999,139.41999999999999,139.56999999999999,2401025,28307,139.880481
2023-08-01 04:00:00+00:00,139.97999999999999,141.41,137.09999999999999,137.56,1535206,24012,138.31050099999999
2023-08-02 04:00:00+00:00,136.66,137.77000000000001,136.15000000000001,136.84999999999999,2052798,28359,136.84522799999999
2023-08-03 04:00:00+00:00,136.62,139.5,135.15000000000001,139.44999999999999,2298934,36053,138.147559
2023-08-04 04:00:00+00:00,129.63999999999999,130.03999999999999,123.67,125.7,6340667,77702,126.633833
2023-08-07 04:00:00+00:00,126.40000000000001,131.28,126.39,131.09999999999999,2812729,44486,130.18346299999999
2023-08-08 04:00:00+00:00,130.03999999999999,130.27000000000001,127.83,128.75,1991116,29069,128.936902
2023-08-09 04:00:00+00:00,128.09999999999999,131.09,127.11,130.12,2294961,24668,130.10306299999999
2023-08-10 04:00:00+00:00,130.08000000000001,131.21000000000001,129.19999999999999,129.88,2078951,29961,129.888116
2023-08-11 04:00:00+00:00,129.15000000000001,131.24000000000001,129.15000000000001,131.00999999999999,2072438,27739,130.61258000000001
2023-08-14 04:00:00+00:00,130.72999999999999,131.93000000000001,129.55000000000001,130.16999999999999,1970299,25800,130.18490800000001
2023-08-15 04:00:00+00:00,129,130.77000000000001,128.93000000000001,128.94,2239657,22363,129.29572899999999
2023-08-16 04:00:00+00:00,129.13999999999999,129.31999999999999,127.79000000000001,128.03999999999999,2031801,23657,128.539559
2023-08-17 04:00:00+00:00,127.63,129.03,126.41,126.44,2322682,23120,127.478994
2023-08-18 04:00:00+00:00,125.66,127.075,125.31,126.86,2240995,22294,126.653098
2023-08-21 04:00:00+00:00,126.5,127.81999999999999,125.37,127.33,1521340,22590,126.72929600000001
2023-08-22 04:00:00+00:00,127.84,127.95,125.98999999999999,126.5,1645889,18779,126.44247
2023-08-23 04:00:00+00:00,127.54000000000001,128.47999999999999,126.79000000000001,127.51000000000001,1688748,20737,127.533761
2023-08-24 04:00:00+00:00,128,129.50999999999999,127.22,127.45999999999999,1936342,23922,128.09919199999999
2023-08-25 04:00:00+00:00,128.09,128.46000000000001,126.39,127.93000000000001,1243278,16787,127.748999
2023-08-28 04:00:00+00:00,128.25,129.81999999999999,127.98999999999999,128.53,1114780,17071,128.63240300000001
2023-08-29 04:00:00+00:00,128.25999999999999,130.63,128.16999999999999,130.58000000000001,1095611,15467,129.68896799999999
2023-08-30 04:00:00+00:00,130.72999999999999,131.215,129.77000000000001,130.63,905353,13995,130.48599300000001
2023-08-31 04:00:00+00:00,130.41999999999999,130.58500000000001,128.46000000000001,128.68000000000001,1148738,15781,128.93978000000001
2023-09-01 04:00:00+00:00,129.61000000000001,131.13,128.06999999999999,128.83000000000001,967632,17408,128.67654300000001
2023-09-05 04:00:00+00:00,128.49000000000001,128.97,127.61,127.7,1333052,20083,127.974091
2023-09-06 04:00:00+00:00,127.88,128.185,125.42,126.56,1659487,25593,126.355227
2023-09-07 04:00:00+00:00,126.29000000000001,127.66,125.87,127.23999999999999,1245833,20551,126.875826
2023-09-08 04:00:00+00:00,127.5,127.75,126.34,126.39,1132399,17169,126.80503899999999
2023-09-11 04:00:00+00:00,126.55,127.19,125.52,126.79000000000001,922979,21075,126.41083500000001
2023-09-12 04:00:00+00:00,126.28,126.91,125.395,126.8,909906,17309,126.535504
2023-09-13 04:00:00+00:00,126.45999999999999,126.61499999999999,123.86,124.65000000000001,1078689,21145,124.719294
2023-09-14 04:00:00+00:00,125,126.38,124.36,126.20999999999999,1709578,24362,125.575568
2023-09-15 04:00:00+00:00,125.40000000000001,128.41999999999999,124.84,128.06,2479599,28671,127.565119
2023-09-18 04:00:00+00:00,128,128,125.6639,126.59999999999999,1091544,19377,126.50039099999999
2023-09-19 04:00:00+00:00,126.91,128.06999999999999,126.875,127.69,1158700,16734,127.65491900000001
2023-09-20 04:00:00+00:00,128.83000000000001,129.13999999999999,127.44,127.54000000000001,851113,11934,128.105298
2023-09-21 04:00:00+00:00,126.16,126.5979,122.36,122.59,1424278,22342,123.84544099999999
2023-09-22 04:00:00+00:00,122.59,124.97,122.26000000000001,124.06,1807603,20789,124.126558
2023-09-25 04:00:00+00:00,123.37,123.41,121.81999999999999,122.44,917169,17584,122.43106
2023-09-26 04:00:00+00:00,121.42,122.325,120.27,120.77,957965,17846,121.069378
2023-09-27 04:00:00+00:00,122.14,123.09,119.898,120.51000000000001,1082386,17517,121.02936099999999
2023-09-28 04:00:00+00:00,120.94,121.77,119.98,120.81999999999999,850952,15286,120.86903
2023-09-29 04:00:00+00:00,122.70999999999999,122.84,120.63,121.58,1399225,19363,121.62298
2023-10-02 04:00:00+00:00,121.44,122.3,118.63,119.27,943995,17598,119.998963
2023-10-03 04:00:00+00:00,118.73,119.66,116.68000000000001,116.79000000000001,1395182,27611,117.427621
2023-10-04 04:00:00+00:00,117.97,118.20999999999999,115.25,116.37,1693277,23836,116.316333
2023-10-05 04:00:00+00:00,116.39,116.87,115.2,116.56999999999999,1212687,18043,116.027631
2023-10-06 04:00:00+00:00,115.68000000000001,118.81999999999999,115.33,118.52,1087466,19805,117.597635
2023-10-09 04:00:00+00:00,117.86,121.09999999999999,117.75,120.67,811181,14775,120.123306
2023-10-10 04:00:00+00:00,120.86,121.97,119.34999999999999,121.23,759450,13181,121.123425
2023-10-11 04:00:00+00:00,122.37,122.59,121.02500000000001,122.25,1120033,14398,121.942345
2023-10-12 04:00:00+00:00,121.54000000000001,121.75,119.41,120.11,916883,14084,120.425814
2023-10-13 04:00:00+00:00,120.44,120.61,117.16,118.06999999999999,1305021,21954,118.197079
2023-10-16 04:00:00+00:00,119.08,120.3,117.72,119.48999999999999,1266383,19930,119.63172400000001
2023-10-17 04:00:00+00:00,118.44,120.33,117.95,118.79000000000001,1069173,16980,118.82561699999999
2023-10-18 04:00:00+00:00,117.72,118.03,115.245,116,746793,15495,116.283816
2023-10-19 04:00:00+00:00,115.38,116.22,112.45,112.5,1222329,18615,114.27471799999999
2023-10-20 04:00:00+00:00,112.95999999999999,113.06999999999999,109.16,109.59,1111774,20903,110.72746600000001
2023-10-23 04:00:00+00:00,108.52,110.55,107.845,108.13,1377794,22135,109.263566
2023-10-24 04:00:00+00:00,107.59,108.55,105.78,106.47,1367011,28346,107.028474
2023-10-25 04:00:00+00:00,105.28,105.64,102.3,103.08,1228844,29029,103.341213
2023-10-26 04:00:00+00:00,103.70999999999999,106.01000000000001,103.52500000000001,105.22,1710849,33048,105.02157699999999
2023-10-27 04:00:00+00:00,105.68000000000001,105.97,103.712,104.39,1256853,27424,104.77685
2023-10-30 04:00:00+00:00,103.65000000000001,104.53,101.83,103.93000000000001,1439153,23192,103.579994
2023-10-31 04:00:00+00:00,104.94,105.27,101.75,103.59,1456979,23434,103.233383
2023-11-01 04:00:00+00:00,103.93000000000001,104,101.19,103.33,1402250,24881,102.690973
2023-11-02 04:00:00+00:00,104.72,106.92,104.72,105.37,1888767,27996,105.610765
2023-11-03 04:00:00+00:00,107.67,109.6075,106.93000000000001,106.97,3401360,40633,107.859398
2023-11-06 05:00:00+00:00,106.84,107.33,105.25,105.81999999999999,1666485,31266,105.842904
2023-11-07 05:00:00+00:00,106.48999999999999,107.59,104.88,107.2,2180663,37328,106.982787
2023-11-08 05:00:00+00:00,115,118.89,114.34999999999999,118.53,3495399,51185,117.042993
2023-11-09 05:00:00+00:00,118.69,120.76000000000001,117.39,118.09999999999999,2398021,37335,118.66775699999999
2023-11-10 05:00:00+00:00,119.31,120.25,118.61,119.11,1878077,35647,119.317634
2023-11-13 05:00:00+00:00,117.72,118.75,116.23,117.58,1182396,21427,117.466972
2023-11-14 05:00:00+00:00,122.02,129.97,122.02,129.55000000000001,2725160,42645,128.17920799999999
2023-11-15 05:00:00+00:00,129.11000000000001,131.15000000000001,129.11000000000001,130,1787201,31002,130.27141700000001
2023-11-16 05:00:00+00:00,130.71000000000001,133.24000000000001,130.06999999999999,130.09999999999999,1789089,27475,131.34536600000001
2023-11-17 05:00:00+00:00,131.58000000000001,131.58000000000001,127.83,128.25999999999999,1445664,24063,128.64591100000001
2023-11-20 05:00:00+00:00,128.09999999999999,129.69,127.19499999999999,129.47999999999999,1060796,19414,129.20694700000001
2023-11-21 05:00:00+00:00,128.5,129.45500000000001,127.56,128,826214,17215,128.19831300000001
2023-11-22 05:00:00+00:00,129.18000000000001,129.18000000000001,126.20999999999999,126.81999999999999,756572,17327,127.111924
2023-11-24 05:00:00+00:00,126.29000000000001,127.56999999999999,125.31999999999999,127.12,282374,6602,126.971695
2023-11-27 05:00:00+00:00,127.14,127.25,126.2,126.73,826642,17862,126.747699
2023-11-28 05:00:00+00:00,126.11,127.53,125.815,127.29000000000001,823686,18270,127.150515
2023-11-29 05:00:00+00:00,128.55000000000001,131.16,128.55000000000001,129.53,867070,20866,129.90002200000001
2023-11-30 05:00:00+00:00,129.36000000000001,130.84999999999999,129.22999999999999,130.16999999999999,1310258,21963,130.07082700000001
2023-12-01 05:00:00+00:00,130.69,134.52000000000001,130.05000000000001,134.37,1067727,20945,133.66072700000001
2023-12-04 05:00:00+00:00,134.11000000000001,137.28999999999999,134.11000000000001,137.06999999999999,1226013,24440,136.55760699999999
2023-12-05 05:00:00+00:00,136.36000000000001,137.10939999999999,135.13,136.16999999999999,865779,17517,136.025949
2023-12-06 05:00:00+00:00,136.87,138.30500000000001,136.18000000000001,136.62,1259589,20558,137.10414299999999
2023-12-07 05:00:00+00:00,137,138.93000000000001,136.5,137.11000000000001,940229,16104,137.37403
2023-12-08 05:00:00+00:00,137.06,138.83000000000001,136.41999999999999,138.68000000000001,994344,16846,138.22024999999999
2023-12-11 05:00:00+00:00,137.72,138.5,136.28,138.12,842680,17463,137.708685
2023-12-12 05:00:00+00:00,138.08000000000001,139.55000000000001,136.83000000000001,139.03999999999999,946766,16793,138.44265999999999
2023-12-13 05:00:00+00:00,139.69,147.37,139.16999999999999,146,2047188,32820,144.826896
2023-12-14 05:00:00+00:00,147.81999999999999,154.88,147.72499999999999,154.71000000000001,2976599,43678,153.245936
2023-12-15 05:00:00+00:00,153.52000000000001,154.71000000000001,150.84,153.72999999999999,3261535,35870,153.17247499999999
2023-12-18 05:00:00+00:00,152.53999999999999,153.55000000000001,151.12,151.61000000000001,1378936,22214,152.02828600000001
2023-12-19 05:00:00+00:00,152.62,155.50999999999999,152.34,153.59,1255258,21493,154.135469
2023-12-20 05:00:00+00:00,153.96000000000001,156.16999999999999,152.13999999999999,152.21000000000001,1192603,19723,153.423642
2023-12-21 05:00:00+00:00,154.50999999999999,156.36000000000001,153.535,156.09999999999999,933313,17101,155.42288500000001
2023-12-22 05:00:00+00:00,156.38,158.49000000000001,155.80000000000001,156.53999999999999,806310,15128,156.78222500000001
2023-12-26 05:00:00+00:00,156.91999999999999,160.18000000000001,156.69999999999999,159.44999999999999,710287,16686,159.12039999999999
2023-12-27 05:00:00+00:00,159.72,161.83000000000001,159.27500000000001,161.09,1133282,20325,160.919217
2023-12-28 05:00:00+00:00,160.88999999999999,162.38,160.59999999999999,162.16,848664,17895,161.704441
2023-12-29 05:00:00+00:00,160.74000000000001,162.01499999999999,160.28,160.33000000000001,1018079,18241,160.74004400000001
2024-01-02 05:00:00+00:00,159.87,164.99000000000001,159.02000000000001,164.40000000000001,1183271,22876,163.763667
2024-01-03 05:00:00+00:00,162.61000000000001,163,158.05000000000001,158.80000000000001,1356780,24058,159.743786
2024-01-04 05:00:00+00:00,157.58000000000001,159.21000000000001,156.31,156.94999999999999,1141212,18934,157.45583300000001
2024-01-05 05:00:00+00:00,156.31999999999999,159.25,154.70009999999999,158.08000000000001,796308,17512,157.9203
2024-01-08 05:00:00+00:00,157.38999999999999,160.56,156.94,159.84,1101860,19430,159.36648600000001
2024-01-09 05:00:00+00:00,158.5,158.96000000000001,156.91999999999999,158.03,1055648,18715,158.066304
2024-01-10 05:00:00+00:00,157.16,158.24000000000001,155.69300000000001,156.84,1098878,17216,157.07347100000001
2024-01-11 05:00:00+00:00,155.81999999999999,155.81999999999999,149.91,150.74000000000001,2673832,33066,151.904944
2024-01-12 05:00:00+00:00,152.03,153.125,149.84,152.31999999999999,1563493,23634,152.113834
2024-01-16 05:00:00+00:00,151.16,151.34999999999999,149.34999999999999,150.44999999999999,1383821,24543,150.266739
2024-01-17 05:00:00+00:00,148.28,150.22999999999999,147.06,148.16999999999999,1438083,26285,148.08938000000001
2024-01-18 05:00:00+00:00,148.31,148.78999999999999,144.65000000000001,146.44,1439544,21769,146.352013
2024-01-19 05:00:00+00:00,147,147.72999999999999,145.02000000000001,146.75999999999999,1143343,19417,146.73207099999999
2024-01-22 05:00:00+00:00,147.36000000000001,150.22,147.36000000000001,148.69,794334,14942,148.748884
2024-01-23 05:00:00+00:00,149.16999999999999,149.80000000000001,146.65000000000001,147.24000000000001,858715,18176,147.55699899999999
2024-01-24 05:00:00+00:00,149.05000000000001,149.78899999999999,146.43000000000001,146.91,874806,16480,147.569714
2024-01-25 05:00:00+00:00,149.16,149.99000000000001,147.64500000000001,148.83000000000001,881793,18981,148.81531200000001
2024-01-26 05:00:00+00:00,149.66999999999999,149.96000000000001,147.28,147.47,547550,12894,147.81093300000001
2024-01-29 05:00:00+00:00,147.43000000000001,148.41999999999999,146.11000000000001,148.05000000000001,706211,16813,147.45895899999999
2024-01-30 05:00:00+00:00,146.41999999999999,147.81,144.55000000000001,145.56,743219,15408,145.988463
2024-01-31 05:00:00+00:00,146.25,148.28999999999999,143.58000000000001,144.44,1752670,20927,144.90697900000001
2024-02-01 05:00:00+00:00,144.12,146.34999999999999,143.19,146.06999999999999,1393642,23098,145.26231300000001
2024-02-02 05:00:00+00:00,143.91999999999999,144.55000000000001,141.43000000000001,143.53,944213,20364,143.29743999999999
2024-02-05 05:00:00+00:00,141.37,141.94999999999999,139.41999999999999,139.68000000000001,1101622,18317,140.265683
2024-02-06 05:00:00+00:00,140.03,143.21000000000001,139.5607,142.72999999999999,974094,17623,142.11188899999999
2024-02-07 05:00:00+00:00,142.77000000000001,144.93000000000001,142.06999999999999,142.41,947100,15203,143.25108499999999
2024-02-08 05:00:00+00:00,143.38,144.37,142.68000000000001,143.47,807995,14152,143.721272
2024-02-09 05:00:00+00:00,143.15000000000001,144.18000000000001,142.38999999999999,143.38,756915,16742,143.088627
2024-02-12 05:00:00+00:00,143.71000000000001,144.33000000000001,141.65000000000001,142.02000000000001,866212,17476,142.293239
2024-02-13 05:00:00+00:00,138.27000000000001,139.18459999999999,136.06,138.55000000000001,1190074,23746,138.21294599999999
2024-02-14 05:00:00+00:00,139.13999999999999,140.38,137.56999999999999,139.59999999999999,1219576,18236,139.47638499999999
2024-02-15 05:00:00+00:00,141.91,142.75999999999999,140.38,141.77000000000001,1550058,20457,141.53993500000001
2024-02-16 05:00:00+00:00,139.81,141.94999999999999,139.71000000000001,141.56999999999999,1788118,22339,141.24549400000001
2024-02-20 05:00:00+00:00,140.90000000000001,141.55000000000001,139.69,141.41999999999999,1043248,18614,141.08058600000001
2024-02-21 05:00:00+00:00,145.84999999999999,146.44999999999999,141.5,143.11000000000001,1237913,22872,143.36855199999999
2024-02-22 05:00:00+00:00,142.84999999999999,143.25800000000001,141.25,141.38999999999999,1032645,17549,141.73011199999999
2024-02-23 05:00:00+00:00,141.15000000000001,141.47999999999999,140.05000000000001,140.06,986794,19516,140.67942500000001
2024-02-26 05:00:00+00:00,139.53999999999999,141.53999999999999,138.44999999999999,139.19999999999999,1362488,15299,139.24475200000001
2024-02-27 05:00:00+00:00,140.49000000000001,141.79499999999999,140.13,140.22,1310887,24576,140.85481799999999
2024-02-28 05:00:00+00:00,135.49000000000001,139.56999999999999,132.2201,138.28999999999999,2506978,38199,137.519473
2024-02-29 05:00:00+00:00,139.78,141.77500000000001,137.42500000000001,140.97,1788916,28798,140.64113699999999
2024-03-01 05:00:00+00:00,140.63,143.56999999999999,138.63,143.36000000000001,1165594,24100,142.21142599999999
2024-03-04 05:00:00+00:00,142.68000000000001,147.58500000000001,142.19,147.47999999999999,1492976,27150,146.380371
2024-03-05 05:00:00+00:00,146.62,147.52500000000001,141.815,142.58000000000001,932987,19105,143.94561899999999
2024-03-06 05:00:00+00:00,145.09,145.09,142.58500000000001,144.03,815688,17266,143.80658700000001
2024-03-07 05:00:00+00:00,144.56,146.65000000000001,143.36000000000001,146.46000000000001,1123730,17630,145.35498699999999
2024-03-08 05:00:00+00:00,147.66999999999999,151.22999999999999,147.47,150.59999999999999,1126948,21017,149.895633
2024-03-11 04:00:00+00:00,151.38999999999999,152.33000000000001,147.69,149.41,1248683,21439,149.50886399999999
2024-03-12 04:00:00+00:00,148.40000000000001,151.15000000000001,147.03,150.59999999999999,1161422,20722,149.693907
2024-03-13 04:00:00+00:00,150.5,151.56999999999999,147.19999999999999,147.84,1173205,22080,148.400758
2024-03-14 04:00:00+00:00,145,146.22,140.76499999999999,142.31,1208631,20350,142.62002899999999
2024-03-15 04:00:00+00:00,140.31,142.53,139.02000000000001,139.33000000000001,2428626,20968,139.804441
2024-03-18 04:00:00+00:00,139.28,140.06999999999999,137.91999999999999,138.06999999999999,938003,18386,138.604555
2024-03-19 04:00:00+00:00,137.15000000000001,139.66999999999999,137.15000000000001,138.40000000000001,839141,13799,138.537128
2024-03-20 04:00:00+00:00,137.66999999999999,141.63999999999999,137.25,140.5,1828452,16002,140.25442699999999
2024-03-21 04:00:00+00:00,141.53999999999999,143.59999999999999,140.34,142.34999999999999,1376324,23920,142.12999600000001
2024-03-22 04:00:00+00:00,142.81,142.83000000000001,140.34,141.36000000000001,1200935,17588,141.563602
2024-03-25 04:00:00+00:00,141.59999999999999,142.535,140.27500000000001,140.5,922756,14426,140.96391800000001
2024-03-26 04:00:00+00:00,140.59999999999999,141.99000000000001,140.46000000000001,140.46000000000001,798106,14333,140.97951499999999
2024-03-27 04:00:00+00:00,142.16,147.36000000000001,141.83000000000001,146.75,1116715,20301,145.999854
2024-03-28 04:00:00+00:00,147.21000000000001,148.62,146.14259999999999,147,1214485,16775,147.079217
2024-04-01 04:00:00+00:00,147.00999999999999,147.72999999999999,145.83000000000001,146.74000000000001,843816,18708,146.753964
2024-04-02 04:00:00+00:00,145.24000000000001,146.14500000000001,143.84999999999999,145.49000000000001,1231303,23503,145.055081
2024-04-03 04:00:00+00:00,145.41999999999999,145.75,142.6491,145.06,1091408,20163,144.46111099999999
2024-04-04 04:00:00+00:00,146,149.36000000000001,143.72,144.52000000000001,1033514,20355,145.73280800000001
2024-04-05 04:00:00+00:00,144.53,146.55000000000001,143.66999999999999,146.31999999999999,946136,14545,145.93330399999999
2024-04-08 04:00:00+00:00,147.38999999999999,149.19,146.50999999999999,149.06999999999999,932328,18635,148.18962999999999
2024-04-09 04:00:00+00:00,150,152.56,149.83000000000001,152.38999999999999,963728,21071,151.98142000000001
2024-04-10 04:00:00+00:00,148.09999999999999,148.09999999999999,141.20500000000001,142.5,1295980,23241,142.784144
2024-04-11 04:00:00+00:00,143.44999999999999,144.06999999999999,140.03999999999999,143.19999999999999,827283,18292,142.50012699999999
2024-04-12 04:00:00+00:00,142.28999999999999,142.61160000000001,140.00999999999999,140.69,687188,14755,140.877759
2024-04-15 04:00:00+00:00,140.5,141.18000000000001,136.31,137.72999999999999,1490549,22193,137.93706900000001
2024-04-16 04:00:00+00:00,137.19,137.43000000000001,134.37,135.81,1171077,20095,135.64841799999999
2024-04-17 04:00:00+00:00,136.09,138.25,135.935,136.09999999999999,891769,17686,136.62366399999999
2024-04-18 04:00:00+00:00,136.28,136.86000000000001,133.63999999999999,134.19999999999999,1013495,16303,134.67723000000001
2024-04-19 04:00:00+00:00,134.47999999999999,134.80000000000001,131.88,132.46000000000001,1481536,27825,132.97059899999999
2024-04-22 04:00:00+00:00,133.19,134.05000000000001,131.84,132.74000000000001,1220955,23910,132.926548
2024-04-23 04:00:00+00:00,132.75,135.08000000000001,132.59999999999999,133.28,1162800,20701,133.80204699999999
2024-04-24 04:00:00+00:00,132.40000000000001,136,131.02000000000001,134.63999999999999,1147468,20405,134.706582
2024-04-25 04:00:00+00:00,132.75,134.31999999999999,131.78999999999999,133.83000000000001,998685,21613,133.488777
2024-04-26 04:00:00+00:00,134.38,136.34999999999999,133.33500000000001,133.47,716541,17422,134.43077400000001
2024-04-29 04:00:00+00:00,135.19,137.96000000000001,135.19,137.38,1101152,20208,137.07463999999999
2024-04-30 04:00:00+00:00,135.47,137.38,134.16999999999999,134.28,1800316,32030,135.442633
2024-05-01 04:00:00+00:00,138.81,142.78999999999999,136.44,138.69999999999999,2020467,32923,139.01194599999999
2024-05-02 04:00:00+00:00,140.03,140.58000000000001,137.60499999999999,139.78999999999999,1586888,23833,139.28876199999999
2024-05-03 04:00:00+00:00,142.41999999999999,143.84,141.08000000000001,141.87,969162,18737,141.91254599999999
2024-05-06 04:00:00+00:00,143.36000000000001,143.78999999999999,140.40000000000001,142.68000000000001,1070719,17965,141.60569899999999
2024-05-07 04:00:00+00:00,144,144.69999999999999,142.96000000000001,143.30000000000001,1128970,22076,143.51695599999999
2024-05-08 04:00:00+00:00,142.41999999999999,142.52000000000001,140.59999999999999,140.94999999999999,632754,13609,141.21364700000001
2024-05-09 04:00:00+00:00,141.69,146.25,141.12,146.22,945139,18420,144.464023
2024-05-10 04:00:00+00:00,146.44,147.06,145.09999999999999,146.66999999999999,710313,14826,146.31078099999999
2024-05-13 04:00:00+00:00,147.63999999999999,149.08000000000001,146.655,147.88999999999999,609317,12221,147.68193400000001
2024-05-14 04:00:00+00:00,149.24000000000001,151.16999999999999,148.18000000000001,148.65000000000001,720353,15648,149.122006
2024-05-15 04:00:00+00:00,151.83000000000001,152.38999999999999,150.38,152.08000000000001,943124,17256,151.707863
2024-05-16 04:00:00+00:00,151.09999999999999,153.63,151.09999999999999,151.34999999999999,718735,13665,151.748864
2024-05-17 04:00:00+00:00,152.41,152.41999999999999,150.83000000000001,151.88999999999999,566918,12045,151.786745
2024-05-20 04:00:00+00:00,151.50999999999999,152.47999999999999,150.21000000000001,150.28999999999999,735526,13962,150.90706900000001
2024-05-21 04:00:00+00:00,149.65000000000001,150.21000000000001,144.49000000000001,146.08000000000001,1856731,25305,146.36451600000001
2024-05-22 04:00:00+00:00,145.87,148.18000000000001,145.49000000000001,146.37,768013,15766,146.857923
2024-05-23 04:00:00+00:00,146.16,146.16,142.41999999999999,142.63,593541,13052,143.16364999999999
2024-05-24 04:00:00+00:00,143.37,143.44,142.09,142.58000000000001,459699,10379,142.65254899999999
2024-05-28 04:00:00+00:00,143.94,144.91499999999999,142.315,142.36000000000001,816711,17015,142.99025599999999
2024-05-29 04:00:00+00:00,140.13,140.94,137.55000000000001,138.40000000000001,610193,15519,138.43765200000001
2024-05-30 04:00:00+00:00,140.05000000000001,141.75,139.44,141.68000000000001,539386,13488,141.15844000000001
2024-05-31 04:00:00+00:00,143.13,145.40000000000001,142.58500000000001,144.77000000000001,1249006,16464,144.705601
2024-06-03 04:00:00+00:00,145.75999999999999,145.75999999999999,143.80000000000001,144.94999999999999,545685,11921,144.89326
2024-06-04 04:00:00+00:00,144.90000000000001,149.53999999999999,144.46000000000001,148.06,739317,17346,148.173675
2024-06-05 04:00:00+00:00,148.56999999999999,149.97,147,148.46000000000001,873380,16646,148.45305200000001
2024-06-06 04:00:00+00:00,147.34,149.065,146.12,148.47999999999999,553012,13800,148.209945
2024-06-07 04:00:00+00:00,146.16999999999999,149.36000000000001,145.75,148.09999999999999,1015520,19521,147.89425700000001
2024-06-10 04:00:00+00:00,147.19,150.47,145.58000000000001,149.78999999999999,1182032,21908,149.259184
2024-06-11 04:00:00+00:00,148.66999999999999,151.94499999999999,147.87,151.28999999999999,1004093,19468,151.065923
2024-06-12 04:00:00+00:00,155,158.91999999999999,154.12,154.77000000000001,1560914,28134,156.15241
2024-06-13 04:00:00+00:00,155.41999999999999,159.36000000000001,154.81,158.53,1233783,21560,157.873741
2024-06-14 04:00:00+00:00,156.49000000000001,158.22999999999999,154.78,156.56999999999999,1284212,20046,156.12400199999999
2024-06-17 04:00:00+00:00,155.24000000000001,157.09999999999999,154.11000000000001,154.91,1318073,21116,155.05644799999999
2024-06-18 04:00:00+00:00,155.08000000000001,159.91999999999999,154.56,159.28,1500437,26565,158.25387699999999
2024-06-20 04:00:00+00:00,158.47999999999999,158.88999999999999,156.33000000000001,158,865892,18995,157.84014300000001
2024-06-21 04:00:00+00:00,158.28,159.22999999999999,156.88499999999999,158.93000000000001,1576504,17280,158.51896600000001
2024-06-24 04:00:00+00:00,158.34999999999999,160.99000000000001,157.19999999999999,159.33000000000001,926583,17124,159.53406799999999
2024-06-25 04:00:00+00:00,159.38999999999999,159.38999999999999,156.37,157.19999999999999,776353,14019,157.342175
2024-06-26 04:00:00+00:00,156.38,157.535,155.41999999999999,156.99000000000001,1114555,17707,156.76067399999999
2024-06-27 04:00:00+00:00,157.31999999999999,158.16999999999999,154.31999999999999,155.74000000000001,1318129,15937,155.961387
2024-06-28 04:00:00+00:00,156.33000000000001,157.47,153.47999999999999,155.41,2307433,23540,155.04403199999999
2024-07-01 04:00:00+00:00,154.25,156.05000000000001,151.68000000000001,151.91999999999999,796237,16453,152.41421800000001
2024-07-02 04:00:00+00:00,151.91999999999999,154.24000000000001,151.65000000000001,153.72,637103,13632,153.46466899999999
2024-07-03 04:00:00+00:00,153.72,155.49000000000001,152.99000000000001,154.19999999999999,261357,6045,154.212322
2024-07-05 04:00:00+00:00,154.80000000000001,154.80000000000001,152.78,154.36000000000001,484502,11599,154.19343799999999
2024-07-08 04:00:00+00:00,154.91,155.78999999999999,153.94999999999999,154.56999999999999,462017,10227,154.55865600000001
2024-07-09 04:00:00+00:00,154.65000000000001,154.65000000000001,151.69,153.53,584246,11341,153.583687
2024-07-10 04:00:00+00:00,154.53,154.88999999999999,152.36000000000001,153.72,726122,12747,153.461938
2024-07-11 04:00:00+00:00,156.18000000000001,159.38,155.25999999999999,158.91,890457,15023,158.246207
2024-07-12 04:00:00+00:00,160.16999999999999,163.15000000000001,159.80500000000001,161.91999999999999,804073,16244,162.00187600000001
2024-07-15 04:00:00+00:00,162.61000000000001,162.71000000000001,159.28,162.40000000000001,669056,13317,161.84245300000001
2024-07-16 04:00:00+00:00,163.46000000000001,165.63999999999999,162.88999999999999,164.81,825543,17073,164.74019699999999
2024-07-17 04:00:00+00:00,165.03,167.96000000000001,164.78999999999999,167.81,1034281,19121,167.0729
2024-07-18 04:00:00+00:00,166.75,171.46000000000001,165.3784,167.22,1054303,18972,167.81146899999999
2024-07-19 04:00:00+00:00,167.65000000000001,167.65000000000001,163.61000000000001,164.09999999999999,754115,14416,164.833742
2024-07-22 04:00:00+00:00,164.53,165.84,162.34999999999999,165.77000000000001,714253,14252,164.93452099999999
2024-07-23 04:00:00+00:00,165.31999999999999,167.11000000000001,164.72,166.47999999999999,854094,17404,166.30825200000001
2024-07-24 04:00:00+00:00,166.30000000000001,167.59999999999999,161.52000000000001,161.87,852322,16066,163.87243900000001
2024-07-25 04:00:00+00:00,163.09,164.38999999999999,160.16,160.69,1013008,18064,161.83638199999999
2024-07-26 04:00:00+00:00,162.53,165.93000000000001,160.72999999999999,164.61000000000001,742322,14496,164.32767000000001
2024-07-29 04:00:00+00:00,164.30000000000001,165.25999999999999,161.74000000000001,163.99000000000001,1024232,18582,163.69745900000001
2024-07-30 04:00:00+00:00,164.33000000000001,165.75,161.94999999999999,163.09999999999999,1142099,19962,163.16667899999999
2024-07-31 04:00:00+00:00,163.53,164.03999999999999,156.66999999999999,159.62,1687763,27782,160.32938300000001
2024-08-01 04:00:00+00:00,162.06999999999999,162.80000000000001,157.9358,159.86000000000001,1286396,23025,159.45901900000001
2024-08-02 04:00:00+00:00,159.88999999999999,165.63999999999999,159.88999999999999,164.94999999999999,1446380,21348,164.005368
2024-08-05 04:00:00+00:00,162.72999999999999,164.41999999999999,157.88999999999999,158.74000000000001,1797381,29099,160.680162
2024-08-06 04:00:00+00:00,157.86000000000001,165.33000000000001,157.03999999999999,163.19999999999999,1502870,21584,163.02134599999999
2024-08-07 04:00:00+00:00,163.5,165.56999999999999,160.53,161.63,1155275,17994,162.979399
2024-08-08 04:00:00+00:00,160.88999999999999,163.28999999999999,159.97999999999999,163.18000000000001,701803,14887,162.327766
2024-08-09 04:00:00+00:00,163.88,165.18000000000001,162,164.38999999999999,500665,11167,164.11843500000001
2024-08-12 04:00:00+00:00,163.83000000000001,164.71000000000001,162.345,164.11000000000001,546473,13102,163.72468000000001
2024-08-13 04:00:00+00:00,165.78999999999999,166.17500000000001,163.345,165.94,494403,11422,165.48482200000001
2024-08-14 04:00:00+00:00,165.97999999999999,167.88499999999999,165.56999999999999,166.68000000000001,869953,14365,166.53502800000001
2024-08-15 04:00:00+00:00,166.93000000000001,167.91999999999999,165.16,166.16999999999999,816391,14545,166.47896
2024-08-16 04:00:00+00:00,166.13,168.52000000000001,165.16499999999999,167.27000000000001,870971,15074,166.80791500000001
2024-08-19 04:00:00+00:00,167.80000000000001,169.22999999999999,166.96000000000001,169.22999999999999,450732,10294,168.79550399999999
2024-08-20 04:00:00+00:00,169.44999999999999,170,168.44,169.36000000000001,477066,10571,169.163996
2024-08-21 04:00:00+00:00,169.97999999999999,171.28,167.58000000000001,171.02000000000001,439294,8246,170.35516699999999
2024-08-22 04:00:00+00:00,171.83000000000001,173.81,171.215,173.69999999999999,675042,15950,173.07547700000001
2024-08-23 04:00:00+00:00,174.22999999999999,178.62989999999999,173.25,178.22,792933,13802,177.25498400000001
2024-08-26 04:00:00+00:00,178.96000000000001,179.23240000000001,176.91,177.69999999999999,722675,13298,177.63288499999999
2024-08-27 04:00:00+00:00,176.56,178.94,175.715,178.28,507645,9526,178.15650600000001
2024-08-28 04:00:00+00:00,177.40000000000001,178.36000000000001,173.47,174.71000000000001,709449,14704,174.962838
2024-08-29 04:00:00+00:00,174.71000000000001,176.88999999999999,173.66,175.53999999999999,516566,13059,175.43852999999999
2024-08-30 04:00:00+00:00,176.36000000000001,177.30000000000001,174.30000000000001,177,767387,11775,176.777852
2024-09-03 04:00:00+00:00,176.40000000000001,177.91499999999999,174.49000000000001,176.09999999999999,753029,15439,176.247569
2024-09-04 04:00:00+00:00,176.25999999999999,178.53999999999999,174.65000000000001,175.74000000000001,889509,15912,175.67346599999999
2024-09-05 04:00:00+00:00,177.13,178,173.15000000000001,173.56,808067,17407,174.199207
2024-09-06 04:00:00+00:00,173.46000000000001,174.07499999999999,171.22,173.58000000000001,993178,19512,173.019431
2024-09-09 04:00:00+00:00,174.06,176.33500000000001,172.71000000000001,174.74000000000001,906837,17713,175.11816899999999
2024-09-10 04:00:00+00:00,175.55000000000001,178.33000000000001,175.33500000000001,177.44999999999999,837181,16945,177.11715699999999
2024-09-11 04:00:00+00:00,174.68000000000001,176.29499999999999,172.19999999999999,176.02000000000001,854674,15018,175.05730700000001
2024-09-12 04:00:00+00:00,176.27000000000001,177.53999999999999,174.7475,177.28,744514,14127,176.64848799999999
2024-09-13 04:00:00+00:00,178.13999999999999,178.93000000000001,176.24000000000001,177.90000000000001,791558,15395,177.419861
2024-09-16 04:00:00+00:00,176.97,178.34,175.62,177.63,1273994,17162,177.625471
2024-09-17 04:00:00+00:00,177.47999999999999,179.41999999999999,176.28,178.78,1638012,23776,178.64247399999999
2024-09-18 04:00:00+00:00,181.59,184.87,180.57499999999999,181.65000000000001,1419401,24471,181.82425900000001
2024-09-19 04:00:00+00:00,183.49000000000001,183.49000000000001,178.91,180.09,1263681,17448,180.09821700000001
2024-09-20 04:00:00+00:00,178.34,180.59999999999999,177.19999999999999,180.41,2421629,20034,179.78097299999999
2024-09-23 04:00:00+00:00,181.66999999999999,183.22,180.34999999999999,183.13999999999999,1086387,16437,182.18699000000001
2024-09-24 04:00:00+00:00,182.19999999999999,183.08000000000001,181.22,182.16,727854,12161,182.132554
2024-09-25 04:00:00+00:00,182.53999999999999,182.88999999999999,180.99000000000001,181.34,636334,10449,181.52582699999999
2024-09-26 04:00:00+00:00,181.31999999999999,181.52260000000001,175.44,176.61000000000001,2348147,19804,177.888834
2024-09-27 04:00:00+00:00,178,178.40000000000001,176.3801,177.22999999999999,1558774,18081,177.35164900000001
2024-09-30 04:00:00+00:00,176.44,180.66,176.25999999999999,180.19,1609518,18353,179.474222
2024-10-01 04:00:00+00:00,181.41999999999999,181.41999999999999,177.22999999999999,178.28,762815,16379,178.53460799999999
2024-10-02 04:00:00+00:00,176.12,177.44,174.53,177.22999999999999,565831,11600,176.58695299999999
2024-10-03 04:00:00+00:00,177.53999999999999,177.66999999999999,174.84,176.31,641679,10352,176.11963700000001
2024-10-04 04:00:00+00:00,174.63,174.63,169.30000000000001,169.47999999999999,991981,19682,170.37677299999999
2024-10-07 04:00:00+00:00,169.18000000000001,169.43000000000001,166.78,169.40000000000001,833449,17752,168.743573
2024-10-08 04:00:00+00:00,170.53999999999999,171.56,169.75999999999999,170.96000000000001,1263304,17114,170.83325099999999
2024-10-09 04:00:00+00:00,171.00999999999999,172.31,170.21000000000001,172.00999999999999,895938,13286,171.31839400000001
2024-10-10 04:00:00+00:00,170.99000000000001,172.72,169.44999999999999,169.77000000000001,1187361,14866,170.10093499999999
2024-10-11 04:00:00+00:00,170.37,171.15000000000001,169.22999999999999,170.53999999999999,630462,11632,170.214977
2024-10-14 04:00:00+00:00,169.19,171.56,168.59,171.13999999999999,527429,11433,170.891492
2024-10-15 04:00:00+00:00,171.97,174.65000000000001,170.69,171.13,938360,18789,172.27005199999999
2024-10-16 04:00:00+00:00,171.16999999999999,172.88,170.91,172.12,1016418,15319,172.248222
2024-10-17 04:00:00+00:00,172.05000000000001,172.56,169.50999999999999,170.03,1260553,13841,170.18217200000001
2024-10-18 04:00:00+00:00,170.91999999999999,171.86000000000001,169.12,171.28,980880,15045,170.91529600000001
2024-10-21 04:00:00+00:00,169.12,170.18000000000001,164.59999999999999,164.80000000000001,676699,14599,165.552222
2024-10-22 04:00:00+00:00,164.59999999999999,167.09999999999999,164.19999999999999,166.15000000000001,629449,13736,165.961704
2024-10-23 04:00:00+00:00,166.28,169.91999999999999,165.66999999999999,169.06,815288,12631,168.90806499999999
2024-10-24 04:00:00+00:00,169.15000000000001,170.035,168.16,168.28,597788,10527,168.58734000000001
2024-10-25 04:00:00+00:00,168.38999999999999,169.27500000000001,166.01750000000001,166.40000000000001,462136,11040,166.846137
2024-10-28 04:00:00+00:00,167.94999999999999,169.56999999999999,166.53,167.46000000000001,564980,13196,167.46830800000001
2024-10-29 04:00:00+00:00,166.53,167.97999999999999,165.03,165.62,1336330,17106,165.894473
2024-10-30 04:00:00+00:00,164.63999999999999,168.95249999999999,163.69,164.74000000000001,1525166,25143,165.37092699999999
2024-10-31 04:00:00+00:00,163.69,166.97,162.40000000000001,163.30000000000001,1332471,20978,164.394777
2024-11-01 04:00:00+00:00,163.30000000000001,165.255,161.12,161.13,749578,16399,162.06044600000001
2024-11-04 05:00:00+00:00,162.09999999999999,163.72999999999999,161.12,163.52000000000001,1162241,17369,162.80967799999999
2024-11-05 05:00:00+00:00,162.63,168.69999999999999,161.56999999999999,168.53999999999999,778194,14624,167.22678400000001
2024-11-06 05:00:00+00:00,168.18000000000001,169.00999999999999,156.78999999999999,161.03999999999999,1678622,29630,160.12816599999999
2024-11-07 05:00:00+00:00,162.40000000000001,164.46000000000001,161.03999999999999,164.13999999999999,747274,17148,163.51016300000001
2024-11-08 05:00:00+00:00,165.00999999999999,169.38,164.46000000000001,167.69999999999999,708867,16624,167.88331199999999
2024-11-11 05:00:00+00:00,166.84,168.68000000000001,165.25,165.47999999999999,858082,16211,166.074692
2024-11-12 05:00:00+00:00,164.38,165.78999999999999,161.91999999999999,162.56,1422313,19896,163.45120900000001
2024-11-13 05:00:00+00:00,165.15000000000001,165.31,162.88,164.03999999999999,709377,14606,164.006157
2024-11-14 05:00:00+00:00,163.44,165.15000000000001,161.84,163.43000000000001,872647,17557,163.45628400000001
2024-11-15 05:00:00+00:00,161.25999999999999,165.12,161.25999999999999,164.56,1131986,18931,164.08216200000001
2024-11-18 05:00:00+00:00,163.47999999999999,165.18000000000001,163.3801,164.90000000000001,769795,15329,164.65356800000001
2024-11-19 05:00:00+00:00,164.90000000000001,166.5,164.245,165.50999999999999,922295,14527,165.47123099999999
2024-11-20 05:00:00+00:00,164.22999999999999,165.55500000000001,162.25999999999999,165.03999999999999,710622,13250,164.75996000000001
2024-11-21 05:00:00+00:00,165.06,168.19,163.97,166.88,685998,12466,166.838854
2024-11-22 05:00:00+00:00,167.55000000000001,168.68000000000001,167.09,168.13999999999999,547242,13521,168.01507599999999
2024-11-25 05:00:00+00:00,169.53,174.19999999999999,169.3946,170.41,1359209,19987,171.07612700000001
2024-11-26 05:00:00+00:00,169.91,172.38999999999999,168.61500000000001,171.68000000000001,623468,15069,171.12654900000001
2024-11-27 05:00:00+00:00,173.31,175.57499999999999,172.66,172.68000000000001,614087,14060,173.44653
2024-11-29 05:00:00+00:00,172.41,173.81,170.78999999999999,170.96000000000001,1273975,11228,171.61189200000001
2024-12-02 05:00:00+00:00,170.96000000000001,171.24000000000001,169.15000000000001,169.72999999999999,633680,15458,169.930914
2024-12-03 05:00:00+00:00,170.50999999999999,170.50999999999999,165.05000000000001,165.53999999999999,1085464,16146,166.007656
2024-12-04 05:00:00+00:00,165,165.55500000000001,163.74000000000001,164,598159,12184,164.16655700000001
2024-12-05 05:00:00+00:00,163.33000000000001,164.28,162.59999999999999,163.63999999999999,516732,12012,163.50555900000001
2024-12-06 05:00:00+00:00,164,165.535,162.41999999999999,163.53999999999999,632686,12774,163.40856700000001
2024-12-09 05:00:00+00:00,164.09,165.46000000000001,162.65000000000001,164.50999999999999,997774,17603,163.986445
2024-12-10 05:00:00+00:00,164.50999999999999,164.50999999999999,159.60749999999999,160.38,1379944,20052,160.564379
2024-12-11 05:00:00+00:00,160.84999999999999,162.21000000000001,158.31,159.52000000000001,725169,15770,159.40072699999999
2024-12-12 05:00:00+00:00,159.02000000000001,160.94,158.38999999999999,158.91999999999999,876129,13890,159.14559
2024-12-13 05:00:00+00:00,158.72999999999999,159.48500000000001,157.46000000000001,158.19999999999999,876133,15861,158.24628999999999
2024-12-16 05:00:00+00:00,156.78999999999999,158.19,155.40000000000001,155.59999999999999,796231,16831,156.458528
2024-12-17 05:00:00+00:00,154.83000000000001,156.35499999999999,154.13,154.49000000000001,1124530,16627,154.84037799999999
2024-12-18 05:00:00+00:00,153.86000000000001,154.84999999999999,147.5,147.66,1061126,20479,149.66884099999999
2024-12-19 05:00:00+00:00,147.34,148.74000000000001,142.09,142.34999999999999,1463107,25408,143.60005799999999
2024-12-20 05:00:00+00:00,144.00999999999999,149.47999999999999,143.56,147,3596131,26849,146.65253000000001
2024-12-23 05:00:00+00:00,146.25,148.31,145.595,147.91999999999999,1034788,16279,147.771636
2024-12-24 05:00:00+00:00,147.16,149.56,146.59,149.56,435708,7565,148.86654100000001
2024-12-26 05:00:00+00:00,148.28999999999999,150.00999999999999,147.02000000000001,149.59999999999999,570064,12382,149.549162
2024-12-27 05:00:00+00:00,148.55000000000001,150.08500000000001,147.75999999999999,148.09,594090,12612,148.392741
2024-12-30 05:00:00+00:00,147.40000000000001,147.77000000000001,145.71000000000001,147.25,829968,13488,147.076785
2024-12-31 05:00:00+00:00,148.22999999999999,149.75,147.59,149.59999999999999,932758,15278,149.18903299999999
2025-01-02 05:00:00+00:00,149.44,149.88999999999999,146.65000000000001,147.78999999999999,774455,16794,147.983363
2025-01-03 05:00:00+00:00,148,151.16999999999999,147.5,151.03999999999999,810222,13790,150.53918100000001
2025-01-06 05:00:00+00:00,150.47,151.16,148.43000000000001,148.56,991871,22382,149.13875899999999
2025-01-07 05:00:00+00:00,149.62,150.38999999999999,147.06999999999999,148.43000000000001,807397,16435,148.49012999999999
2025-01-08 05:00:00+00:00,148,148.74000000000001,146.38999999999999,148.00999999999999,961020,16712,147.83191099999999
2025-01-10 05:00:00+00:00,147.24000000000001,147.78,145.5,146.78999999999999,1450170,22012,146.774361
2025-01-13 05:00:00+00:00,146.91,148.18000000000001,145.59,147.40000000000001,1454618,20980,147.34549000000001
2025-01-14 05:00:00+00:00,147.90000000000001,149.56999999999999,147.435,148.83000000000001,1172203,17174,148.820379
2025-01-15 05:00:00+00:00,152.97999999999999,153.56999999999999,148.93000000000001,149.49000000000001,1173394,17494,150.21906100000001
2025-01-16 05:00:00+00:00,149.78999999999999,152.33500000000001,148.15000000000001,151.59999999999999,1685384,27561,150.870959
2025-01-17 05:00:00+00:00,152.53999999999999,152.61000000000001,150.59,150.59999999999999,1183684,19137,151.43478200000001
2025-01-21 05:00:00+00:00,151.11000000000001,153.11000000000001,150.12,151.91,870482,17294,151.94750999999999
2025-01-22 05:00:00+00:00,150.69,151,149.46000000000001,150.06999999999999,1192516,18023,150.013837
2025-01-23 05:00:00+00:00,150.59,152,149.24000000000001,151.5,2274609,20678,151.089416
2025-01-24 05:00:00+00:00,151.30000000000001,153.03999999999999,151.28999999999999,152.03,2334783,18366,152.13025200000001
2025-01-27 05:00:00+00:00,152.72999999999999,157.04310000000001,152.72999999999999,156,1522942,24391,155.84770599999999
2025-01-28 05:00:00+00:00,154.90000000000001,155.7604,154.05000000000001,155.09999999999999,1136399,21360,155.03055699999999
2025-01-29 05:00:00+00:00,154.84,155.58000000000001,151.88999999999999,153.02000000000001,1230270,18794,153.567725
2025-01-30 05:00:00+00:00,155.15000000000001,156.56,153.25999999999999,154.71000000000001,2228530,18279,155.31245799999999
2025-01-31 05:00:00+00:00,154.59,155.63,153.25,154,2292183,23911,154.21841800000001
2025-02-03 05:00:00+00:00,153,154.08000000000001,150.625,152.74000000000001,894075,20271,152.92948100000001
2025-02-04 05:00:00+00:00,151.09999999999999,152.88,150.84,152,1152160,18657,151.93487200000001
2025-02-05 05:00:00+00:00,154.16999999999999,155.41999999999999,152.875,155,1202921,18019,154.52873299999999
2025-02-06 05:00:00+00:00,155.80000000000001,156.06999999999999,155.03,156.05000000000001,767419,15980,155.75554199999999
2025-02-07 05:00:00+00:00,155.81,157.13999999999999,154.91999999999999,156,1189271,20344,156.153693
2025-02-10 05:00:00+00:00,156.34,156.62,154.99000000000001,156.56,810403,16232,156.234938
2025-02-11 05:00:00+00:00,155.87,157.53,154.94,157.5,942716,18350,156.268046
2025-02-12 05:00:00+00:00,154.18000000000001,155.83000000000001,153.05000000000001,154.80000000000001,764271,16996,154.79056700000001
2025-02-13 05:00:00+00:00,154.78999999999999,156.315,154.25999999999999,155.94999999999999,816140,18964,155.57923199999999
2025-02-14 05:00:00+00:00,156.55000000000001,157.19,154.81999999999999,154.91999999999999,1409702,24162,155.29106400000001
2025-02-18 05:00:00+00:00,154.80000000000001,155.86000000000001,154.13,154.94,751009,16059,155.09252499999999
2025-02-19 05:00:00+00:00,154.27000000000001,154.52500000000001,153.40000000000001,153.77000000000001,1233578,22126,153.995622
2025-02-20 05:00:00+00:00,153.50999999999999,156.11000000000001,153.19499999999999,155.94,1461825,22951,154.954836
2025-02-21 05:00:00+00:00,156.12,156.405,153.99000000000001,155.94999999999999,1124679,18197,155.41402500000001
2025-02-24 05:00:00+00:00,155.74000000000001,159.97999999999999,154.45500000000001,159.03999999999999,1550871,26687,158.843941
2025-02-25 05:00:00+00:00,160.25,162.77000000000001,159.09,161.28,1438051,27071,161.357663
2025-02-26 05:00:00+00:00,160.86000000000001,161.5,153,153.91,2297265,34117,154.626431
2025-02-27 05:00:00+00:00,153.75,155.24000000000001,153.16999999999999,153.44999999999999,1340876,23432,153.95623699999999
2025-02-28 05:00:00+00:00,153.78,155.685,150.99000000000001,152.56,3524060,38212,152.13941600000001
2025-03-03 05:00:00+00:00,152.43000000000001,154.505,151.56999999999999,153.99000000000001,2069385,36217,153.49304699999999
2025-03-04 05:00:00+00:00,154.72,156.44499999999999,153.22999999999999,153.41999999999999,1188207,21620,153.83596399999999
2025-03-05 05:00:00+00:00,152.16999999999999,157.28,151.87119999999999,157.09,1251703,19819,156.32840400000001
2025-03-06 05:00:00+00:00,156.55000000000001,156.96000000000001,153.58500000000001,155.05000000000001,1054869,18147,155.103195
2025-03-07 05:00:00+00:00,155.78,157.91999999999999,154.52000000000001,157.27000000000001,1807243,26180,156.614463
2025-03-10 04:00:00+00:00,157.30000000000001,160.58000000000001,155.33000000000001,155.75999999999999,1506429,25240,156.973061
2025-03-11 04:00:00+00:00,155.47999999999999,155.815,151.53,151.84999999999999,1888979,24891,152.51711299999999
2025-03-12 04:00:00+00:00,151.96000000000001,152.91999999999999,149.06,149.22,909168,22866,149.65467799999999
2025-03-13 04:00:00+00:00,149.63999999999999,150.66,144.37,144.5,1233206,25770,145.99021200000001
2025-03-14 04:00:00+00:00,142.88,145.15000000000001,142.25,144.99000000000001,1543786,25350,144.12732299999999
2025-03-17 04:00:00+00:00,144.69,147.13,144.22,146.63,1125185,22590,146.40227200000001
2025-03-18 04:00:00+00:00,145.74000000000001,148.03999999999999,145.25,147.91999999999999,1336587,23593,147.311432
2025-03-19 04:00:00+00:00,147.03,148.48500000000001,145.51490000000001,146.78999999999999,1192128,22345,147.015524
2025-03-20 04:00:00+00:00,147.44,147.99000000000001,145.495,145.87,1288252,19825,146.11907299999999
2025-03-21 04:00:00+00:00,145.56999999999999,145.56999999999999,143.3801,143.80000000000001,1769891,19018,144.42481100000001
2025-03-24 04:00:00+00:00,144.38,146.41999999999999,143.905,145.99000000000001,1248164,19779,145.667914
2025-03-25 04:00:00+00:00,146.11000000000001,146.78129999999999,143,144.59,1034925,18740,144.770072
2025-03-26 04:00:00+00:00,145.19999999999999,145.995,143.69999999999999,145.58000000000001,532721,12945,145.51621
2025-03-27 04:00:00+00:00,146.33000000000001,148.44,144.78999999999999,145.19,650363,14936,145.880313
2025-03-28 04:00:00+00:00,146.38999999999999,146.38999999999999,144.59999999999999,145.46000000000001,612743,13906,145.36668299999999
2025-03-31 04:00:00+00:00,146.08000000000001,149.43000000000001,146.08000000000001,148.49000000000001,1355012,22302,148.30949699999999
2025-04-01 04:00:00+00:00,149.21000000000001,149.66999999999999,146.44999999999999,147.84,829957,19862,147.64096599999999
2025-04-02 04:00:00+00:00,147.31999999999999,148.15000000000001,145.44999999999999,147.47,1442625,24308,147.26716999999999
2025-04-03 04:00:00+00:00,146.05000000000001,148.53999999999999,143.40000000000001,144.16,1530032,26835,144.943116
2025-04-04 04:00:00+00:00,142.84,144.28999999999999,137.90000000000001,138.21000000000001,1378935,31791,140.04471599999999
2025-04-07 04:00:00+00:00,137.47999999999999,138.81,130.74000000000001,132.38,1775843,36162,132.85111000000001
2025-04-08 04:00:00+00:00,134.93000000000001,134.93000000000001,124.9098,126.61,1634508,28536,128.78584799999999
2025-04-09 04:00:00+00:00,124.20999999999999,136.21000000000001,121.03,135.69,1863935,36789,131.971408
2025-04-10 04:00:00+00:00,134.75999999999999,137.24000000000001,128.90000000000001,131.84,2067935,29294,131.955476
2025-04-11 04:00:00+00:00,130.74000000000001,133.99000000000001,128.5453,133.87,1346111,23918,132.388217
2025-04-14 04:00:00+00:00,134.30000000000001,137.80000000000001,134,137.66999999999999,1139924,24144,137.049058
2025-04-15 04:00:00+00:00,137.52000000000001,139.25,136.91,138.24000000000001,1170981,18335,138.414569
2025-04-16 04:00:00+00:00,139.00999999999999,140.06,137.08000000000001,138.22,632760,14974,138.40217999999999
2025-04-17 04:00:00+00:00,139.5,142.09999999999999,139.05000000000001,141.18000000000001,714501,14275,141.01301699999999
2025-04-21 04:00:00+00:00,139.75999999999999,140.72999999999999,136.34,138.19999999999999,946723,16213,138.08264600000001
2025-04-22 04:00:00+00:00,140.61000000000001,142.88,139.905,141.83000000000001,789700,17851,141.62191999999999
2025-04-23 04:00:00+00:00,144.16,144.44499999999999,140.24000000000001,141.30000000000001,798342,16553,141.60800800000001
2025-04-24 04:00:00+00:00,141.74000000000001,143.27000000000001,140.47999999999999,141.86000000000001,906088,18920,141.98998900000001
2025-04-25 04:00:00+00:00,141.75999999999999,142.44,139.72,141.05000000000001,730000,15811,140.93689699999999
2025-04-28 04:00:00+00:00,140.56,142.12,140.34999999999999,141.91,804143,17279,141.54686000000001
2025-04-29 04:00:00+00:00,141.53999999999999,142.28980000000001,140.0856,141.43000000000001,1154398,21615,141.42627300000001
2025-04-30 04:00:00+00:00,143.44999999999999,146.88,141.465,146.52000000000001,1783028,31655,145.87665999999999
2025-05-01 04:00:00+00:00,146.62,150.06999999999999,145.50999999999999,148.28,1467697,28064,148.43797499999999
2025-05-02 04:00:00+00:00,150.75999999999999,151.58000000000001,148.87,149.56,838078,18143,149.61233899999999
2025-05-05 04:00:00+00:00,149.22999999999999,150.31999999999999,148.15000000000001,149.38,833046,22215,149.47160099999999
2025-05-06 04:00:00+00:00,148.13,149.18000000000001,147.11750000000001,147.22,654877,14516,147.584926
2025-05-07 04:00:00+00:00,147.37,149,146.87,147.22999999999999,995993,18140,147.46489700000001
2025-05-08 04:00:00+00:00,147.52000000000001,148.97999999999999,145.68000000000001,147.43000000000001,925167,15654,147.57391799999999
2025-05-09 04:00:00+00:00,147.55000000000001,149.42500000000001,147.55000000000001,148.41999999999999,522260,12052,148.556749
2025-05-12 04:00:00+00:00,150.12,151.07499999999999,147.13999999999999,148.88999999999999,876100,18091,148.67318900000001
2025-05-13 04:00:00+00:00,149.58000000000001,149.93000000000001,145.94,147.02000000000001,914545,18750,147.00247899999999
2025-05-14 04:00:00+00:00,146.12,146.47810000000001,144.66,145.81,1001735,15600,145.83337499999999
2025-05-15 04:00:00+00:00,146.44,148.69999999999999,146.06999999999999,148.58000000000001,687113,14431,147.867628
2025-05-16 04:00:00+00:00,148.65000000000001,151.88999999999999,148.46000000000001,151.75999999999999,646594,12876,150.86764600000001
2025-05-19 04:00:00+00:00,149.97999999999999,152.83000000000001,149.745,152.59,699168,13852,152.18577500000001
2025-05-20 04:00:00+00:00,151.68000000000001,153.37,151.22999999999999,152.06,928237,17379,152.188514
2025-05-21 04:00:00+00:00,150.86000000000001,151.49000000000001,144.74000000000001,145.41,849115,16828,146.128603
2025-05-22 04:00:00+00:00,145.25999999999999,145.84999999999999,142.81,144.78,1425911,20926,144.78239300000001
2025-05-23 04:00:00+00:00,145.13,146.13999999999999,144.13999999999999,145.72999999999999,829246,14520,145.530114
2025-05-27 04:00:00+00:00,147.25999999999999,148.2492,145.56,147.91999999999999,844741,15567,147.59501700000001
2025-05-28 04:00:00+00:00,147.81,148.63,146.8811,148.49000000000001,753253,15412,147.94551999999999
2025-05-29 04:00:00+00:00,149.06999999999999,151.47999999999999,148.4101,150.81,759561,16329,150.424263
2025-05-30 04:00:00+00:00,150.00999999999999,151.58000000000001,149.21000000000001,151.15000000000001,1450387,15317,150.96498800000001
2025-06-02 04:00:00+00:00,150.33000000000001,153.24000000000001,148.81999999999999,152.99000000000001,1123035,19395,151.942939
2025-06-03 04:00:00+00:00,152.19,152.47999999999999,149.36500000000001,149.93000000000001,1008024,20956,150.292351
2025-06-04 04:00:00+00:00,149.21000000000001,150.43000000000001,148.13999999999999,149.66999999999999,1105899,16305,149.65034399999999
2025-06-05 04:00:00+00:00,149.59,150.38,148.66999999999999,149.43000000000001,694792,14253,149.58687499999999
2025-06-06 04:00:00+00:00,150.08000000000001,151.39500000000001,148.50999999999999,149.83000000000001,692689,14451,149.64289600000001
2025-06-09 04:00:00+00:00,149.77000000000001,151.94,148.81999999999999,150.44,1219506,18232,150.67695900000001
2025-06-10 04:00:00+00:00,150.81,152.15000000000001,150.31,151.62,776140,13823,151.470517
2025-06-11 04:00:00+00:00,152.25,152.95150000000001,149.72,150.27000000000001,789169,13412,151.13557800000001
2025-06-12 04:00:00+00:00,150.44,151.31,149.595,150.50999999999999,812626,16590,150.37886700000001
2025-06-13 04:00:00+00:00,149.03,150.06,148.16999999999999,149.59999999999999,945917,18231,149.41149100000001
2025-06-16 04:00:00+00:00,148.68000000000001,150.66,148.06,148.97,874486,18022,149.01556500000001
2025-06-17 04:00:00+00:00,148.66999999999999,149.47999999999999,146.91999999999999,147.88999999999999,635854,14491,148.01035300000001
2025-06-18 04:00:00+00:00,148.19,148.34,146.28999999999999,146.44999999999999,948239,18095,146.98661100000001
2025-06-20 04:00:00+00:00,146.47,148.19,145.88999999999999,146.06999999999999,2164127,20574,146.32134199999999
2025-06-23 04:00:00+00:00,146.50999999999999,149.245,146.44,148.97,993295,16625,148.68343400000001
2025-06-24 04:00:00+00:00,148.47,149.30000000000001,146.46000000000001,148.53,1224407,19797,148.452595
2025-06-25 04:00:00+00:00,147.81,148.84,145.08000000000001,145.44,1051357,17186,145.647469
2025-06-26 04:00:00+00:00,145.88,146.12,143.74250000000001,145.65000000000001,1328433,21255,145.361546
2025-06-27 04:00:00+00:00,146,148.00999999999999,145.27000000000001,145.86000000000001,1431465,20253,146.21391800000001
2025-06-30 04:00:00+00:00,145.75999999999999,147.56999999999999,142.69999999999999,147.44,1396185,21979,146.825444
2025-07-01 04:00:00+00:00,147.38,152.22999999999999,147.25999999999999,150.5,1598435,30931,150.29797099999999
2025-07-02 04:00:00+00:00,150.19,152.11500000000001,149.94999999999999,151.78,1326110,24486,151.35955100000001
2025-07-03 04:00:00+00:00,152.96000000000001,153.41,151.25999999999999,152.88,835966,14069,152.673754
2025-07-07 04:00:00+00:00,152.90000000000001,154,148.47499999999999,148.99000000000001,1225546,21125,149.55271099999999
2025-07-08 04:00:00+00:00,147.80000000000001,150.61000000000001,147.80000000000001,149.83000000000001,998931,19556,149.79389800000001
2025-07-09 04:00:00+00:00,149.93000000000001,150.55000000000001,148.30000000000001,148.71000000000001,798446,16473,148.869957
2025-07-10 04:00:00+00:00,148.38999999999999,151.02000000000001,147.84,148.81999999999999,1052859,21115,149.42061200000001
2025-07-11 04:00:00+00:00,148.75,150.59999999999999,147.44,150.24000000000001,1142663,21425,149.57361599999999
2025-07-14 04:00:00+00:00,149.62,150.97999999999999,149.41999999999999,150.44999999999999,1078377,19009,150.37664799999999
2025-07-15 04:00:00+00:00,150.15000000000001,151.09999999999999,147.88,147.94999999999999,1488956,28950,148.897052
2025-07-16 04:00:00+00:00,148.43000000000001,149.13,147,148.94999999999999,1041170,19711,148.54166799999999
2025-07-17 04:00:00+00:00,148.83000000000001,149.93000000000001,146.68000000000001,147.27000000000001,1231150,18991,147.704747
2025-07-18 04:00:00+00:00,147.08000000000001,148.16,145.94,148.11000000000001,761317,17330,147.573307
2025-07-21 04:00:00+00:00,148.62,149.31,147.58000000000001,147.80000000000001,1146327,19885,148.14190500000001
2025-07-22 04:00:00+00:00,148.08000000000001,151.44999999999999,147.31,151.33000000000001,689368,17153,150.59119100000001
2025-07-23 04:00:00+00:00,151.00999999999999,151.74000000000001,150,150.97999999999999,908064,17709,150.90285700000001
2025-07-24 04:00:00+00:00,150.27000000000001,151.09999999999999,149.28999999999999,150.50999999999999,889537,16712,150.514646
2025-07-25 04:00:00+00:00,150.66999999999999,151.96000000000001,149.02000000000001,150.86000000000001,866681,18534,150.53163900000001
2025-07-28 04:00:00+00:00,150.02000000000001,150.68000000000001,148.19,148.31,939062,19149,149.06106700000001
2025-07-29 04:00:00+00:00,149.31999999999999,151.96000000000001,148.10839999999999,151.91,1125622,20227,150.89157700000001
2025-07-30 04:00:00+00:00,152.03,152.90000000000001,148.66999999999999,149.34,1423761,26802,150.38753700000001
2025-07-31 04:00:00+00:00,144.38499999999999,144.47,134.36000000000001,134.36000000000001,4363462,59287,136.246047
2025-08-01 04:00:00+00:00,137.24000000000001,140.31999999999999,135.44999999999999,139.30000000000001,3193450,52631,138.44215
2025-08-04 04:00:00+00:00,138.38,139.98990000000001,137.97,138.06,1309628,23473,138.57873799999999
2025-08-05 04:00:00+00:00,138.66,139.18000000000001,136.91999999999999,138.61000000000001,1484267,24245,138.35234500000001
2025-08-06 04:00:00+00:00,139.13999999999999,139.34,137.79499999999999,138.05000000000001,1106579,17921,138.28902299999999
2025-08-07 04:00:00+00:00,138.63999999999999,138.77500000000001,136.59999999999999,138.28999999999999,828461,21266,137.99114499999999
2025-08-08 04:00:00+00:00,138.65000000000001,139.05000000000001,136.12,136.36000000000001,839473,17331,136.829297
2025-08-11 04:00:00+00:00,136.095,136.72999999999999,134.86000000000001,135.22999999999999,1321667,22961,135.53176999999999
2025-08-12 04:00:00+00:00,135.88,136.69999999999999,134.86000000000001,135.53999999999999,1049619,19814,135.50186199999999
2025-08-13 04:00:00+00:00,136.02000000000001,138.35499999999999,135.40000000000001,138.21000000000001,1183322,21992,137.326109
2025-08-14 04:00:00+00:00,137.09,137.18000000000001,135.37,136.63,1475693,21809,136.42635100000001
2025-08-15 04:00:00+00:00,137.25,137.56,135.70009999999999,137.05000000000001,1194971,19313,136.960767
2025-08-18 04:00:00+00:00,136.97999999999999,137.22499999999999,136.2199,136.86000000000001,1217100,21000,136.833933
2025-08-19 04:00:00+00:00,137.56999999999999,139.63999999999999,137.50999999999999,139.46000000000001,912397,16180,139.13011499999999
2025-08-20 04:00:00+00:00,140.38999999999999,141.69,139.55000000000001,139.63999999999999,1085297,20215,139.96190999999999
2025-08-21 04:00:00+00:00,138.25999999999999,139.77000000000001,138.25999999999999,139.03,725874,14499,139.054844
2025-08-22 04:00:00+00:00,139.88,144.28,139.33500000000001,142.75,940484,19959,143.154776
2025-08-25 04:00:00+00:00,142.30000000000001,142.99000000000001,140.08000000000001,140.19,562126,13372,140.70012800000001
2025-08-26 04:00:00+00:00,141.94,142.28,140.02000000000001,140.56,1295954,20685,140.64289400000001
2025-08-27 04:00:00+00:00,141.86000000000001,142.46000000000001,140.11000000000001,141.56999999999999,1086812,15121,141.603385
2025-08-28 04:00:00+00:00,141.78,142.41999999999999,141.22999999999999,142.31999999999999,648963,13432,141.98913200000001
2025-08-29 04:00:00+00:00,142.37,143.78,142.36000000000001,143.58000000000001,857380,14891,143.38374300000001
2025-09-02 04:00:00+00:00,142.09999999999999,142.63,140.47,140.86000000000001,1185746,23365,141.12028699999999
2025-09-03 04:00:00+00:00,140.63999999999999,143.19999999999999,140.56,143.19999999999999,925917,21342,142.79015000000001
2025-09-04 04:00:00+00:00,144.16999999999999,144.31,141.96119999999999,143.84,1435490,22249,143.216173
2025-09-05 04:00:00+00:00,144.97999999999999,148.00219999999999,144.69,147.28,1229015,23324,146.85126600000001
2025-09-08 04:00:00+00:00,145.16999999999999,147.15000000000001,144.11000000000001,147.02000000000001,1434148,28979,146.209881
2025-09-09 04:00:00+00:00,146.09,146.97999999999999,143.91499999999999,144.88,1206036,23677,144.93657400000001
2025-09-10 04:00:00+00:00,145,145.59999999999999,144.58000000000001,145,944947,19165,145.093502
2025-09-11 04:00:00+00:00,145.03999999999999,148.56,145.00999999999999,148.31,959083,19339,147.879648
2025-09-12 04:00:00+00:00,148.31,149.31,147.06,147.15000000000001,1176659,19596,147.64827700000001
2025-09-15 04:00:00+00:00,146.45500000000001,147.15000000000001,143.58000000000001,143.72999999999999,892922,19686,144.27373499999999
2025-09-16 04:00:00+00:00,143.36000000000001,144.34999999999999,142.72,143.41999999999999,981596,18826,143.41333900000001
2025-09-17 04:00:00+00:00,144.00999999999999,145.84,142.66,143.18000000000001,738130,16427,143.70223300000001
2025-09-18 04:00:00+00:00,142.84,143.72999999999999,142.01009999999999,142.69,875212,17496,142.87005600000001
2025-09-19 04:00:00+00:00,142.31,143.09,139.28,139.31999999999999,2182108,20125,140.15147999999999
2025-09-22 04:00:00+00:00,140.19999999999999,140.19999999999999,138.56999999999999,138.59999999999999,884265,17648,138.92123900000001
2025-09-23 04:00:00+00:00,138.49000000000001,139.5,138.185,138.55000000000001,1113297,18488,138.704713
2025-09-24 04:00:00+00:00,138.27000000000001,139.03999999999999,137.375,137.66,797375,18432,137.887979
2025-09-25 04:00:00+00:00,137.66999999999999,138.78,137.28,137.71000000000001,800307,17091,137.77931799999999
2025-09-26 04:00:00+00:00,138.19999999999999,140.72999999999999,137.93000000000001,139.83000000000001,896151,15981,139.647525
2025-09-29 04:00:00+00:00,139.71000000000001,141.46000000000001,138.90000000000001,141.44999999999999,1099457,20999,141.03699499999999
2025-09-30 04:00:00+00:00,141.72999999999999,141.88,139.50999999999999,140.94,827995,16588,140.692643
2025-10-01 04:00:00+00:00,141.58000000000001,142.095,140.53999999999999,141.13,889560,16407,141.31741600000001
2025-10-02 04:00:00+00:00,141.03,141.80000000000001,140.24250000000001,141.47,922492,19941,141.19350600000001
2025-10-03 04:00:00+00:00,142.5,144.19999999999999,141.81999999999999,142.81999999999999,812438,16590,143.09109900000001
2025-10-06 04:00:00+00:00,143.13,143.35499999999999,140.94999999999999,141.58000000000001,1145239,19644,141.71216999999999
2025-10-07 04:00:00+00:00,141.21000000000001,143.06,140.59,142.87,973174,19470,142.338066
2025-10-08 04:00:00+00:00,141.58000000000001,143.11000000000001,141.16999999999999,142.41,1064523,19532,142.246308
2025-10-09 04:00:00+00:00,142.59,143.90000000000001,141.935,143.08000000000001,859792,15229,142.909873
2025-10-10 04:00:00+00:00,143,144.77000000000001,141.68000000000001,141.97999999999999,1040388,20635,142.32288299999999
2025-10-13 04:00:00+00:00,142.34,145.25,142.25,145.02000000000001,1162740,23819,144.19706500000001
2025-10-14 04:00:00+00:00,145.44,148.65000000000001,144.72499999999999,147.84,1284337,25559,147.41178600000001
2025-10-15 04:00:00+00:00,148.75,152.05000000000001,148.44,149.19,1161276,23403,149.890253
2025-10-16 04:00:00+00:00,149.69,152.94,149.07499999999999,152,961056,21003,151.78184300000001
2025-10-17 04:00:00+00:00,151.80000000000001,152.60499999999999,150.41,151.53999999999999,1191205,22404,151.41008600000001
2025-10-20 04:00:00+00:00,152.37,153.46000000000001,150.43000000000001,151.47,742325,16242,151.42512600000001
2025-10-21 04:00:00+00:00,151.72999999999999,152.09,150.31,150.55000000000001,789301,16301,150.81794500000001
2025-10-22 04:00:00+00:00,150.44499999999999,152.55000000000001,150.22,152.09,715715,16483,152.03615600000001
2025-10-23 04:00:00+00:00,152.77000000000001,152.77000000000001,149.47999999999999,150.81,575518,13640,150.76377500000001
2025-10-24 04:00:00+00:00,152.06,152.63999999999999,150.215,150.25999999999999,604123,15255,150.63485900000001
2025-10-27 04:00:00+00:00,149.84,150.31,148.94499999999999,149.50999999999999,889766,16622,149.56762499999999
2025-10-28 04:00:00+00:00,149.56999999999999,149.56999999999999,146.74000000000001,146.91999999999999,685651,18167,147.32743199999999
2025-10-29 04:00:00+00:00,145.30000000000001,146.53,141.53,141.75999999999999,1228473,23667,142.810654
2025-10-30 04:00:00+00:00,137.59,139,130.66999999999999,134.80000000000001,3030767,56335,134.615827
2025-10-31 04:00:00+00:00,133.81999999999999,135.23500000000001,133.02000000000001,133.53999999999999,2550805,37462,133.88249300000001
2025-11-03 05:00:00+00:00,131.97,132.86500000000001,130.25,131.19999999999999,1575572,31943,131.24842699999999
2025-11-04 05:00:00+00:00,131.69999999999999,131.69999999999999,129.72,131.41999999999999,1333765,29855,131.04359199999999
2025-11-05 05:00:00+00:00,131.97999999999999,133.28999999999999,131.53999999999999,133.00999999999999,1380730,24435,132.69024300000001
2025-11-06 05:00:00+00:00,132.19999999999999,133.03999999999999,130.78,131.06,1055563,20323,131.308708
2025-11-07 05:00:00+00:00,131.63999999999999,133.33000000000001,130.56,133.18000000000001,866888,20692,132.73049900000001
2025-11-10 05:00:00+00:00,132.06999999999999,132.995,129.24000000000001,130.5,953772,20625,130.30343199999999
2025-11-11 05:00:00+00:00,131.50999999999999,133.97,131.50999999999999,133.93000000000001,1248005,23457,133.15956600000001
2025-11-12 05:00:00+00:00,133.47999999999999,134.55000000000001,132.16999999999999,132.63,1745184,20312,133.13030599999999
2025-11-13 05:00:00+00:00,132.5,133.58000000000001,131.7124,131.94,1202029,20006,132.15999400000001
2025-11-14 05:00:00+00:00,132.56999999999999,133.31999999999999,131.68000000000001,132.91,1171345,22944,132.74752699999999
2025-11-17 05:00:00+00:00,133.27000000000001,133.345,130.19999999999999,130.55000000000001,1138728,22893,131.32190600000001
2025-11-18 05:00:00+00:00,130.13,131.12,129.00999999999999,130.34,878427,19649,130.25824800000001
2025-11-19 05:00:00+00:00,130.93000000000001,130.93000000000001,128.16499999999999,129.41999999999999,838102,19110,129.178436
2025-11-20 05:00:00+00:00,130.34999999999999,130.62,128.25999999999999,128.81,1490959,30897,129.212019
2025-11-21 05:00:00+00:00,129.38999999999999,133.25999999999999,129.345,131.46000000000001,1154178,23423,131.53971200000001
2025-11-24 05:00:00+00:00,131.68000000000001,132.19499999999999,129.52000000000001,130.34999999999999,1126395,21381,130.37838099999999
2025-11-25 05:00:00+00:00,131.19,133.5,131.1465,132.37,980902,20745,132.66985399999999
2025-11-26 05:00:00+00:00,132.24000000000001,134.09999999999999,132.24000000000001,133.28999999999999,936596,17825,133.485319
2025-11-28 05:00:00+00:00,132.81999999999999,134.38999999999999,132.81999999999999,133.16999999999999,371005,9227,133.47959700000001
2025-12-01 05:00:00+00:00,132.25,133.27000000000001,131.155,131.94,992957,17003,132.183423
2025-12-02 05:00:00+00:00,132.50999999999999,133.00999999999999,131.01009999999999,132.52000000000001,997683,15898,132.00129699999999
2025-12-03 05:00:00+00:00,132.86000000000001,133.65000000000001,131.93000000000001,132.24000000000001,991496,18967,132.48148699999999
2025-12-04 05:00:00+00:00,132.08000000000001,132.63,130.88999999999999,131.09,974519,19866,131.31782899999999
2025-12-05 05:00:00+00:00,130.25,130.78999999999999,129.24000000000001,129.56,1158185,22975,129.73169999999999
2025-12-08 05:00:00+00:00,129.25,130.41999999999999,128.42500000000001,128.53999999999999,1103896,20425,129.185596
2025-12-09 05:00:00+00:00,128.75,129.80000000000001,125.70999999999999,126.69,1538615,29051,126.637597
2025-12-10 05:00:00+00:00,126.81999999999999,130.19,126.81999999999999,129.77000000000001,1924872,35730,129.075649
2025-12-11 05:00:00+00:00,130.86000000000001,133.05000000000001,130.25,133.02000000000001,1351078,28413,132.62748999999999
2025-12-12 05:00:00+00:00,134.24000000000001,134.68000000000001,133.55000000000001,134.47999999999999,1728865,29454,134.28397799999999
2025-12-15 05:00:00+00:00,133.49000000000001,134.16,132.41999999999999,133.30000000000001,1625633,24281,133.28482700000001
2025-12-16 05:00:00+00:00,133.27000000000001,133.78999999999999,130.66,130.69999999999999,1337656,23489,131.25952000000001
2025-12-17 05:00:00+00:00,131.34999999999999,133.37,129.45009999999999,131.88,1571735,23219,131.72702200000001
2025-12-18 05:00:00+00:00,132.21000000000001,132.655,130.52000000000001,130.88999999999999,1224904,25229,131.22694999999999
2025-12-19 05:00:00+00:00,130.53999999999999,131.0686,129.3749,130.06999999999999,2880504,20601,130.29483099999999
2025-12-22 05:00:00+00:00,129.53,131.67500000000001,129.02000000000001,130.75999999999999,1152715,21788,130.83813000000001
2025-12-23 05:00:00+00:00,130.90000000000001,131,129.13999999999999,129.40000000000001,1330649,22205,129.63511500000001
2025-12-24 05:00:00+00:00,129.25999999999999,130.61000000000001,129.13,130.25999999999999,496722,11605,130.159772
2025-12-26 05:00:00+00:00,130.13,130.97900000000001,129.82499999999999,130.78999999999999,532449,14816,130.46347299999999
2025-12-29 05:00:00+00:00,131.38999999999999,131.40000000000001,130.28139999999999,130.74000000000001,708786,15690,130.696653
2025-12-30 05:00:00+00:00,130.50999999999999,131.72,130.0001,131.56,734958,18021,131.32699700000001
2025-12-31 05:00:00+00:00,131.5,131.75,130.19,130.22,806805,15067,130.47087400000001
2026-01-02 05:00:00+00:00,130.06,131.09,129.345,130.97,1429420,19493,130.689234
2026-01-05 05:00:00+00:00,130.56999999999999,132.13999999999999,130.185,131.09999999999999,1597310,25941,131.230673
2026-01-06 05:00:00+00:00,129.41,136.58000000000001,129.41,135.46000000000001,1583063,27125,134.785673
2026-01-07 05:00:00+00:00,136.06,136.53,133.16499999999999,133.88,1501757,26858,134.12141099999999
2026-01-08 05:00:00+00:00,132.41999999999999,136.74000000000001,131.97,136.34999999999999,1621841,23259,135.694253
2026-01-09 05:00:00+00:00,136.41,139.815,136.41,139.19999999999999,1307878,22215,138.93285900000001
2026-01-12 05:00:00+00:00,139.68000000000001,141.5,139.05000000000001,140.37,1137145,21339,140.52287799999999
2026-01-13 05:00:00+00:00,139.47999999999999,140.65000000000001,137.24000000000001,140.5,1157658,23037,139.41557499999999
2026-01-14 05:00:00+00:00,140.18000000000001,145.155,139.995,144.72,1729051,31166,144.11326299999999
2026-01-15 05:00:00+00:00,145.47999999999999,147.25999999999999,143.03,147.13,1270864,22692,146.65031500000001
2026-01-16 05:00:00+00:00,146.06,149.99000000000001,145.09,148.87,1677427,26224,148.503229
2026-01-20 05:00:00+00:00,148.83000000000001,148.83000000000001,145.52000000000001,145.53,1657565,29752,146.132215
2026-01-21 05:00:00+00:00,146.06,146.63,143.88999999999999,145.41999999999999,1681316,30492,145.177583
2026-01-22 05:00:00+00:00,145.27000000000001,146.28999999999999,143.53,143.75999999999999,1202141,24957,144.189773
2026-01-23 05:00:00+00:00,144.31,144.47999999999999,141.375,141.52000000000001,1229186,24139,142.06437299999999
2026-01-26 05:00:00+00:00,141.59999999999999,142.03,139.87,140.09,968637,22046,140.34675999999999
2026-01-27 05:00:00+00:00,139.34,140.66999999999999,138.72999999999999,139.78999999999999,1189045,24492,139.870733
2026-01-28 05:00:00+00:00,140.38999999999999,141.19,136.66999999999999,137.16,958841,22801,137.992063
2026-01-29 05:00:00+00:00,137.81999999999999,139.5,136.75,138.87,1660390,31323,138.507464
2026-01-30 05:00:00+00:00,138.00999999999999,138.20500000000001,136.31,137.97,2289099,24887,137.77374599999999
2026-02-02 05:00:00+00:00,137.78999999999999,138.25999999999999,135.09,135.19999999999999,1091529,21190,136.01363799999999
2026-02-03 05:00:00+00:00,135.71000000000001,139.66,135.41999999999999,138.12,1887975,33990,137.84004400000001
2026-02-04 05:00:00+00:00,138.84,142.69999999999999,138.13,141.71000000000001,1737260,28382,141.412499
2026-02-05 05:00:00+00:00,139.61000000000001,140.48820000000001,137.69999999999999,138.53999999999999,1300345,27935,138.79664
2026-02-06 05:00:00+00:00,139.30000000000001,140.47999999999999,138.56999999999999,140.00999999999999,1260044,24585,139.80982499999999
2026-02-09 05:00:00+00:00,140.59,141.02000000000001,139.054,140.36000000000001,912780,19731,140.143035
2026-02-10 05:00:00+00:00,140.53,142.68000000000001,138.81,141.44,1071305,21630,141.05584300000001
2026-02-11 05:00:00+00:00,141.22,142.53,139.68000000000001,142.47999999999999,1052339,23928,141.66636299999999
2026-02-12 05:00:00+00:00,143.06,145.54499999999999,142,144.34,2230833,42517,144.24986799999999
2026-02-13 05:00:00+00:00,143.59999999999999,146.43000000000001,140.55000000000001,146.36000000000001,2160716,34527,144.89956000000001
2026-02-17 05:00:00+00:00,147.15000000000001,149.03,145.91999999999999,147.84,1324464,28501,147.63797299999999
2026-02-18 05:00:00+00:00,147.53,148.72999999999999,144.7817,145.18000000000001,1627880,29184,145.777095
2026-02-19 05:00:00+00:00,143.33000000000001,146.50999999999999,143.33000000000001,146.09,1321759,27006,145.59845200000001
2026-02-20 05:00:00+00:00,150.27000000000001,153.19999999999999,146.44,152.75,2265973,38717,151.15947600000001
2026-02-23 05:00:00+00:00,152.15000000000001,155.19,149.58000000000001,150.41,1702127,31616,151.18896799999999
2026-02-24 05:00:00+00:00,150.09,151.02000000000001,148.27000000000001,149.68000000000001,1131097,21989,149.77098799999999
2026-02-25 05:00:00+00:00,150.22,150.40000000000001,146.78999999999999,146.87,1087980,22282,147.290235
2026-02-26 05:00:00+00:00,147.91,148.80000000000001,146.59999999999999,147.63999999999999,946118,18317,147.65544
2026-02-27 05:00:00+00:00,147,151.58500000000001,146.68000000000001,151.03,1794151,25878,150.711152
2026-03-02 05:00:00+00:00,149.53999999999999,153.49000000000001,149.28999999999999,152.65000000000001,1211903,25217,152.41190900000001
2026-03-03 05:00:00+00:00,149.99000000000001,151.06,147.16999999999999,149.75999999999999,851851,18094,149.51591300000001
2026-03-04 05:00:00+00:00,149.28,150.52000000000001,146.90000000000001,150.36000000000001,914152,19175,149.67300800000001
2026-03-05 05:00:00+00:00,147.80000000000001,148.22,146.72999999999999,147.5,831586,19842,147.46848700000001
2026-03-06 05:00:00+00:00,147.34999999999999,147.34999999999999,144.60499999999999,146.62,1051417,20798,146.292644
2026-03-09 04:00:00+00:00,145.19,146.94999999999999,142.13999999999999,146.28999999999999,889514,19752,145.52641600000001
2026-03-10 04:00:00+00:00,145.99000000000001,148.44,144.34999999999999,146.68000000000001,985435,18869,147.02903599999999
2026-03-11 04:00:00+00:00,145.96000000000001,145.96000000000001,140.88,141.52000000000001,1271462,26632,142.007947
2026-03-12 04:00:00+00:00,139.94,141.59999999999999,138.75999999999999,140.18000000000001,1504949,27354,140.09941000000001
2026-03-13 04:00:00+00:00,142.22999999999999,142.56999999999999,140.47,141.37,839552,18754,141.45114100000001
2026-03-16 04:00:00+00:00,141.75999999999999,142.83000000000001,138.63499999999999,139.5,1533935,30936,139.91663500000001
2026-03-17 04:00:00+00:00,143.41999999999999,143.41999999999999,137.83500000000001,138.36000000000001,2118002,32047,139.75814800000001
2026-03-18 04:00:00+00:00,138.25999999999999,139.28999999999999,136.19999999999999,136.37,1159990,21071,137.049105
2026-03-19 04:00:00+00:00,135.91999999999999,137.03999999999999,135,135.99000000000001,1088774,21212,135.86347499999999
2026-03-20 04:00:00+00:00,135.03999999999999,136.06999999999999,129.47,130.25999999999999,2102745,26688,131.64068700000001
2026-03-23 04:00:00+00:00,133.09999999999999,134.53,130.96000000000001,131.83000000000001,1380573,25004,132.33115699999999
2026-03-24 04:00:00+00:00,130.72,131.78999999999999,129.42500000000001,129.78999999999999,1481447,24349,130.271255
2026-03-25 04:00:00+00:00,130.80000000000001,131.23519999999999,127.65000000000001,129.99000000000001,1250910,30479,129.89481699999999
2026-03-26 04:00:00+00:00,129.31999999999999,131.75999999999999,129.19,130.49000000000001,1007464,29359,130.573588
2026-03-27 04:00:00+00:00,130.13999999999999,131.215,128.78999999999999,128.96000000000001,1106880,23454,129.41535999999999
2026-03-30 04:00:00+00:00,130.81,131.72999999999999,127.66500000000001,128.28,998530,20445,129.04344800000001
2026-03-31 04:00:00+00:00,129.78999999999999,131.97999999999999,128.25,131.13,1493915,23920,130.62008599999999
2026-04-01 04:00:00+00:00,130.83000000000001,132.74000000000001,130.41999999999999,132.49000000000001,1129641,26409,132.17797899999999
2026-04-02 04:00:00+00:00,132.00999999999999,134.22,131.41,133.86000000000001,858549,19261,133.469797
2026-04-06 04:00:00+00:00,133.94,134.59,133.00999999999999,134.06,536115,12829,134.072371
2026-04-07 04:00:00+00:00,133.90000000000001,134.36000000000001,132.19999999999999,132.94999999999999,1163493,23328,132.99741
2026-04-08 04:00:00+00:00,135.21000000000001,138.84,135.06999999999999,137.72999999999999,1701603,28453,137.634535
2026-04-09 04:00:00+00:00,136.75,139.6199,136.68000000000001,139.21000000000001,1299445,20650,138.82719499999999
2026-04-10 04:00:00+00:00,139.59999999999999,140.78,138.24000000000001,138.87,971736,16567,139.15917200000001
2026-04-13 04:00:00+00:00,137.99000000000001,139.905,137.11000000000001,139.75,828524,16775,139.24182999999999
2026-04-14 04:00:00+00:00,139.77000000000001,141.71000000000001,139.03,141.43000000000001,1025041,20122,141.290862
2026-04-15 04:00:00+00:00,140.66,141.12,138.88999999999999,141.06,1275094,24290,140.42125300000001
2026-04-16 04:00:00+00:00,141.61000000000001,142.38999999999999,140.91999999999999,141.63999999999999,800279,19771,141.62645699999999
2026-04-17 04:00:00+00:00,141.55000000000001,146.19,141.55000000000001,145.36000000000001,1140920,19884,144.926929
2026-04-20 04:00:00+00:00,144.52000000000001,146.97,144.09,146.94999999999999,1083068,18813,146.36307199999999
2026-04-21 04:00:00+00:00,146.66,147.245,143.63999999999999,143.63999999999999,1267132,25041,144.448857
2026-04-22 04:00:00+00:00,144.38999999999999,145.02000000000001,140.55000000000001,141.28999999999999,1201414,23819,141.980073
2026-04-23 04:00:00+00:00,142.38,143.38999999999999,140.83000000000001,142.66,1447048,23904,142.33165500000001
2026-04-24 04:00:00+00:00,142.74000000000001,143.72900000000001,141.52000000000001,142.09,1277292,19627,142.46685400000001
2026-04-27 04:00:00+00:00,142.05000000000001,142.80000000000001,139.50999999999999,139.53999999999999,1138042,23375,140.188883
2026-04-28 04:00:00+00:00,140.34999999999999,141.65000000000001,137.995,141.02000000000001,2525150,36119,140.548754
2026-04-29 04:00:00+00:00,139.97,142.36000000000001,138.81999999999999,140.53,1987798,35629,140.62587300000001
2026-04-30 04:00:00+00:00,139.72,143.71000000000001,139.56999999999999,143.33000000000001,1915207,29437,142.837592
2026-05-01 04:00:00+00:00,143.56,143.65000000000001,141.72,142.02000000000001,1084441,21452,142.25456399999999
2026-05-04 04:00:00+00:00,140.97999999999999,141.72,138.81999999999999,139.33000000000001,782040,19623,139.573275
2026-05-05 04:00:00+00:00,139.65000000000001,140.44,138.56999999999999,139.78999999999999,1019367,19053,139.59898200000001
2026-05-06 04:00:00+00:00,141.88999999999999,145.55000000000001,140.61500000000001,143.84999999999999,1143477,20453,143.98073299999999
2026-05-07 04:00:00+00:00,143.56999999999999,144.24000000000001,142.13,143.27000000000001,1262812,18811,143.23495199999999
2026-05-08 04:00:00+00:00,143.53999999999999,144.62,143.08000000000001,143.30000000000001,647705,14566,143.550668
2026-05-11 04:00:00+00:00,143.83000000000001,144.82499999999999,143.38999999999999,144.58000000000001,939138,19833,144.425434
2026-05-12 04:00:00+00:00,144.94,145.59999999999999,142.64930000000001,144.78999999999999,770304,17429,144.74898999999999
2026-05-13 04:00:00+00:00,144.15000000000001,144.21000000000001,141.81,142.41,761262,19096,142.88391100000001
2026-05-14 04:00:00+00:00,143.63,144.90000000000001,141.38999999999999,142.19,953523,16867,142.18096700000001
2026-05-15 04:00:00+00:00,140.75,141.27500000000001,136.69,136.90000000000001,1010525,20348,137.616423
2026-05-18 04:00:00+00:00,137.88999999999999,139.66999999999999,136.702,139.27000000000001,908850,16504,138.992715
2026-05-19 04:00:00+00:00,138.77000000000001,140.69,136.94499999999999,140.31,936610,20779,139.98480599999999
2026-05-20 04:00:00+00:00,139.53999999999999,144.23500000000001,139.53999999999999,142.25,1072710,21130,142.49193199999999
2026-05-21 04:00:00+00:00,141.13999999999999,144,140.12,143.91,1852603,21015,142.495836
2026-05-22 04:00:00+00:00,144.58000000000001,145.43000000000001,142.28,143.30000000000001,802143,18931,143.388037
2026-05-26 04:00:00+00:00,143.43000000000001,144.59999999999999,142.5,143.99000000000001,967968,19699,144.00277399999999
2026-05-27 04:00:00+00:00,144.31999999999999,145.72989999999999,143.26499999999999,144.43000000000001,822539,16356,144.56846200000001
2026-05-28 04:00:00+00:00,144.22999999999999,147.22,142.47999999999999,145.81,796613,20120,145.715192
2026-05-29 04:00:00+00:00,144.90000000000001,145.56999999999999,143.30000000000001,144.31,1286289,19188,144.42930699999999
2026-06-01 04:00:00+00:00,142.87,143.44,140.24000000000001,140.31999999999999,729655,17484,140.79438999999999
2026-06-02 04:00:00+00:00,140.44,142.34,139.88,142.28999999999999,818601,16889,141.954511
2026-06-03 04:00:00+00:00,142.62,145.63999999999999,142.56999999999999,143.03999999999999,1214739,24597,143.72900999999999
2026-06-04 04:00:00+00:00,145.49000000000001,146.51519999999999,143.88499999999999,145.87,747563,18734,145.48968400000001
2026-06-05 04:00:00+00:00,144.99000000000001,147.56,144.69999999999999,145.31,1321821,28322,145.91716400000001
2026-06-08 04:00:00+00:00,145.91,145.91,143.91,145,858518,20250,144.861661
2026-06-09 04:00:00+00:00,146.31999999999999,150.40000000000001,146.02000000000001,148.22999999999999,1662483,32448,148.62059300000001
2026-06-10 04:00:00+00:00,148.31,151.75,148.31,149.59999999999999,1305493,24737,150.29884300000001
2026-06-11 04:00:00+00:00,150.52000000000001,151.65000000000001,148.69,150.25999999999999,1307308,26935,150.279132
2026-06-12 04:00:00+00:00,149.58000000000001,151.69999999999999,149.06999999999999,150.59999999999999,890465,22471,150.509062
2026-06-15 04:00:00+00:00,149.94999999999999,149.94999999999999,146.49000000000001,146.65000000000001,1249528,23590,147.10798399999999
2026-06-16 04:00:00+00:00,149.06999999999999,149.31649999999999,146.18000000000001,146.40000000000001,1382371,25258,146.83031399999999
2026-06-17 04:00:00+00:00,145.5,146.22999999999999,142.78,143.91999999999999,1562157,23679,144.199793
2026-06-18 04:00:00+00:00,145.05000000000001,146.59999999999999,144.24000000000001,145.33000000000001,2607243,24469,145.35774599999999
2026-06-22 04:00:00+00:00,144.49000000000001,146.97800000000001,144.49000000000001,146.08000000000001,1381761,22441,146.096735
2026-06-23 04:00:00+00:00,146.56,148.52000000000001,145.77000000000001,147.75999999999999,1272585,20332,147.794872
2026-06-24 04:00:00+00:00,149.03,149.09,144.56999999999999,145.86000000000001,1697406,29972,146.16720900000001
2026-06-25 04:00:00+00:00,146.90000000000001,147.53999999999999,144.05000000000001,147.19,1320619,22985,146.573959
2026-06-26 04:00:00+00:00,148.02000000000001,149.63,147.76249999999999,149.21000000000001,1668194,21603,149.03101100000001
2026-06-29 04:00:00+00:00,148.47,148.47,146.46000000000001,148.25999999999999,1001515,20950,147.80309299999999
2026-06-30 04:00:00+00:00,146.78,146.78,144.78,145.30000000000001,1358784,21112,145.561419
2026-07-01 04:00:00+00:00,145.74000000000001,148.02000000000001,145.74000000000001,147.28999999999999,971483,18341,147.30843400000001
2026-07-02 04:00:00+00:00,148.84999999999999,149.69999999999999,147.97999999999999,149.34,782513,15615,149.17948999999999
2026-07-06 04:00:00+00:00,148.94999999999999,148.94999999999999,144.94,146.13999999999999,716770,17707,146.20251500000001
2026-07-07 04:00:00+00:00,147.06999999999999,149.53,146.56999999999999,147.72999999999999,561653,16107,147.97291300000001
2026-07-08 04:00:00+00:00,146.94999999999999,146.94999999999999,143.53,143.99000000000001,717152,19110,144.29216
2026-07-09 04:00:00+00:00,144.16,145.35990000000001,142.31,142.68000000000001,759028,21397,143.013577
2026-07-10 04:00:00+00:00,143.19999999999999,144.5,142.58000000000001,143.96000000000001,877182,19135,143.69665900000001
2026-07-13 04:00:00+00:00,144.13999999999999,146.19,144.13999999999999,145.31999999999999,871634,18752,145.23555300000001
2026-07-14 04:00:00+00:00,146.08000000000001,146.25,145.09,145.5,1093122,18819,145.593006
2026-07-15 04:00:00+00:00,146.47,147.72999999999999,144.38999999999999,144.63999999999999,1175764,20631,144.99918500000001
2026-07-16 04:00:00+00:00,145.34999999999999,150.46000000000001,144.81999999999999,150.33000000000001,1169698,22072,149.52109100000001
2026-07-17 04:00:00+00:00,150.38999999999999,152.72,147.61500000000001,148.16,843793,19361,148.93000000000001
2026-07-20 04:00:00+00:00,147.88999999999999,147.88999999999999,145.935,147.28,771194,17241,147.20127099999999
2026-07-21 04:00:00+00:00,146.99000000000001,147.43000000000001,144.77000000000001,145.55000000000001,1190054,22305,145.777939
2026-07-22 04:00:00+00:00,145.47,146.13999999999999,144.27000000000001,145.05000000000001,1827452,24413,144.92973000000001
2026-07-23 04:00:00+00:00,144.22,146.59999999999999,144.16999999999999,145.41999999999999,1672415,26835,145.41223199999999
2026-07-24 04:00:00+00:00,146.66999999999999,148.34999999999999,144.42250000000001,147.71000000000001,1048724,23918,147.72387699999999
2026-07-27 04:00:00+00:00,146.94999999999999,150.66,146.94999999999999,148.28999999999999,1500580,21313,148.57828000000001
2026-07-28 04:00:00+00:00,149.52000000000001,153.34,149.19,152.21000000000001,1970550,33964,152.13041100000001
2026-07-29 04:00:00+00:00,155.63,158.88,152.30000000000001,152.84999999999999,2783162,44811,154.73160899999999
2026-07-30 04:00:00+00:00,152.84,152.84,146.5,148.21000000000001,2020672,35381,148.12849900000001
2026-07-31 04:00:00+00:00,148.19999999999999,148.88,145.72,148.03999999999999,1576138,25083,148.09722300000001
2026-08-03 04:00:00+00:00,149,150.87,148.81999999999999,149.72999999999999,1689381,22222,149.59746100000001
2026-08-04 04:00:00+00:00,148.38,150.16,147.34999999999999,149.86000000000001,1209439,21337,149.34862799999999
2026-08-05 04:00:00+00:00,150.34,150.44,148.49000000000001,150.03999999999999,898826,14766,149.74365299999999
2026-08-06 04:00:00+00:00,152.59999999999999,152.59999999999999,149.20500000000001,149.53999999999999,965311,17286,149.973603
2026-08-07 04:00:00+00:00,149.49000000000001,151.34999999999999,148.86000000000001,149.53999999999999,872870,16554,149.606335
2026-08-10 04:00:00+00:00,148.30000000000001,148.30000000000001,145.34,146.66,810869,17131,146.36467500000001
2026-08-11 04:00:00+00:00,145.99000000000001,147.68000000000001,145.75999999999999,146.55000000000001,561540,13711,146.52701400000001
2026-08-12 04:00:00+00:00,146.53,147.41,145.25,146.75999999999999,821655,16298,146.76372000000001
2026-08-13 04:00:00+00:00,147.87,149.55000000000001,147.25999999999999,149.40000000000001,574421,13579,149.06696199999999
2026-08-14 04:00:00+00:00,148.75,149.99000000000001,147.87,147.90000000000001,851237,14428,148.09015600000001
2026-08-17 04:00:00+00:00,147.24000000000001,147.69999999999999,146.22999999999999,146.88999999999999,731648,15954,146.92047299999999
2026-08-18 04:00:00+00:00,148.69999999999999,148.81,146.84999999999999,146.91999999999999,731916,16900,147.47536099999999
2026-08-19 04:00:00+00:00,147.97,149.97,147.56,147.91,796518,14752,148.17047199999999
2026-08-20 04:00:00+00:00,146.69,148.375,146.47,147.25999999999999,662907,16548,147.46983800000001
2026-08-21 04:00:00+00:00,147.40000000000001,147.62,146.16,146.81,644659,14511,146.871106
2026-08-24 04:00:00+00:00,146.03,147.78999999999999,144.88999999999999,146.25,782231,17741,146.192488
2026-08-25 04:00:00+00:00,146.19,146.99000000000001,144.34999999999999,144.87,868540,17233,144.934529
2026-08-26 04:00:00+00:00,144.81,145.81,143.81999999999999,144.09,725988,16636,144.41750099999999
2026-08-27 04:00:00+00:00,144.43000000000001,145.28,142.50749999999999,142.78999999999999,1005953,17980,143.38396399999999
2026-08-28 04:00:00+00:00,143.31999999999999,143.78999999999999,142.72,142.91,813508,18748,143.02765500000001
2026-08-31 04:00:00+00:00,141.97,142.465,139.88,141.09999999999999,1217918,22506,140.70670000000001
2026-09-01 04:00:00+00:00,141.08000000000001,141.96000000000001,138.94749999999999,140.12,1562590,24020,139.869091
2026-09-02 04:00:00+00:00,139.75,140.66999999999999,137.91999999999999,139.93000000000001,1174910,24538,139.90218899999999
2026-09-03 04:00:00+00:00,141.28999999999999,141.63,139.56559999999999,140.97999999999999,1003482,19678,140.65122
2026-09-04 04:00:00+00:00,140.25,141.83500000000001,139.13999999999999,139.25,967532,18175,140.05600100000001
2026-09-08 04:00:00+00:00,138.5,140.44999999999999,138.5,139.16,1140674,21994,139.54757900000001
2026-09-09 04:00:00+00:00,139.36000000000001,140.19,135.52000000000001,135.63,858220,21346,136.169804
2026-09-10 04:00:00+00:00,135.47,137.15000000000001,135.16,136.44999999999999,2134403,31015,136.533849
2026-09-11 04:00:00+00:00,137.44,138.69999999999999,136.26499999999999,137.63999999999999,1864284,29994,137.66565399999999
2026-09-14 04:00:00+00:00,138.69999999999999,140.40000000000001,137.42500000000001,139.40000000000001,2298638,35060,139.228251
2026-09-15 04:00:00+00:00,137.91999999999999,139.21000000000001,136.46000000000001,137.30000000000001,1304654,25181,137.55104800000001
2026-09-16 04:00:00+00:00,136.50999999999999,138.59999999999999,135.84,136.43000000000001,1111319,19930,136.67668699999999
2026-09-17 04:00:00+00:00,138.11000000000001,139.13999999999999,137.65000000000001,139.03,1345556,24185,138.766966
2026-09-18 04:00:00+00:00,138.5,139.53999999999999,136.71000000000001,136.71000000000001,3121294,26767,137.470215
2026-09-21 04:00:00+00:00,137.13999999999999,138.41,136.625,137.46000000000001,1384279,24663,137.59982400000001
2026-09-22 04:00:00+00:00,137.96000000000001,138.30500000000001,134.72,134.99000000000001,2105915,33401,135.868022
2026-09-23 04:00:00+00:00,133.78999999999999,135.03999999999999,132.97999999999999,133.84,2411576,34047,133.85490200000001
2026-09-24 04:00:00+00:00,134.25,134.84999999999999,132.00999999999999,132.22999999999999,1452560,28173,132.63399699999999
2026-09-25 04:00:00+00:00,132.44999999999999,133.38,131.53,133.34999999999999,1061481,21308,132.98526000000001
2026-09-28 04:00:00+00:00,133.05000000000001,133.56999999999999,130.77000000000001,131.68000000000001,1207283,25650,131.846136
2026-09-29 04:00:00+00:00,131.05000000000001,133.94329999999999,130.69999999999999,133.49000000000001,1497185,23351,133.05170100000001
2026-09-30 04:00:00+00:00,134.43000000000001,134.43000000000001,131.173,131.50999999999999,1254517,21032,131.75754800000001
2026-10-01 04:00:00+00:00,131.16,133.46090000000001,130.63999999999999,133.08000000000001,1652768,28251,132.775139
2026-10-02 04:00:00+00:00,134.27000000000001,135.18000000000001,132.92500000000001,133.25,999399,20904,133.413071
2026-10-05 04:00:00+00:00,133.16,133.84,131.87029999999999,132.91,1118653,19654,132.92537400000001
2026-10-06 04:00:00+00:00,133.44999999999999,135.53999999999999,132.91,133.88999999999999,1689065,23010,134.32259999999999
