timestamp,open,high,low,close,volume,trade_count,vwap
2016-01-04 05:00:00+00:00,16.949999999999999,18.344999999999999,15.58,16.239999999999998,183416,1452,16.13241
2016-01-05 05:00:00+00:00,16.260000000000002,16.34,15.869999999999999,15.949999999999999,126534,1054,16.030235000000001
2016-01-06 05:00:00+00:00,15.779999999999999,16.069199999999999,15.369999999999999,15.58,169037,1146,15.650224
2016-01-07 05:00:00+00:00,15.25,15.44,15.140000000000001,15.26,171781,999,15.27257
2016-01-08 05:00:00+00:00,15.42,15.66,14.9411,14.98,135845,1166,15.143171000000001
2016-01-11 05:00:00+00:00,15.07,15.300000000000001,15.029999999999999,15.24,261874,1983,15.200294
2016-01-12 05:00:00+00:00,15.33,15.66,15.140000000000001,15.380000000000001,112826,681,15.379749
2016-01-13 05:00:00+00:00,15.4,15.436999999999999,14.66,14.83,100650,829,14.8894
2016-01-14 05:00:00+00:00,14.91,15.109999999999999,14.68,14.77,237208,1767,14.949389
2016-01-15 05:00:00+00:00,14.42,14.59,13.99,14.449999999999999,130469,1139,14.338290000000001
2016-01-19 05:00:00+00:00,14.58,14.58,14.125,14.4,155509,1204,14.349714000000001
2016-01-20 05:00:00+00:00,14.369999999999999,14.9,14.19,14.720000000000001,184002,1352,14.477499999999999
2016-01-21 05:00:00+00:00,14.800000000000001,14.800000000000001,14.43,14.699999999999999,111029,963,14.68332
2016-01-22 05:00:00+00:00,14.800000000000001,14.9,14.42,14.630000000000001,216822,1144,14.680567999999999
2016-01-25 05:00:00+00:00,14.529999999999999,14.529999999999999,14.06,14.15,191486,1127,14.275558999999999
2016-01-26 05:00:00+00:00,14.17,14.27,14.039999999999999,14.140000000000001,74919,758,14.155828
2016-01-27 05:00:00+00:00,14.130000000000001,14.26,13.85,14.220000000000001,171540,1036,14.041422000000001
2016-01-28 05:00:00+00:00,14.27,14.859999999999999,14.109999999999999,14.19,71721,737,14.260415999999999
2016-01-29 05:00:00+00:00,14.27,14.84,14.26,14.789999999999999,132255,873,14.673049000000001
2016-02-01 05:00:00+00:00,14.720000000000001,15.69,14.550000000000001,15.390000000000001,187842,1548,15.304053
2016-02-02 05:00:00+00:00,15.289999999999999,15.565300000000001,14.58,14.640000000000001,81061,633,14.880905
2016-02-03 05:00:00+00:00,14.69,14.720000000000001,14.25,14.640000000000001,118403,995,14.532588000000001
2016-02-04 05:00:00+00:00,14.630000000000001,15.18,14.58,14.99,63953,626,14.874987000000001
2016-02-05 05:00:00+00:00,14.880000000000001,15.25,14.845000000000001,15,231267,1301,15.00733
2016-02-08 05:00:00+00:00,14.92,15.109999999999999,14.6,14.92,98960,858,14.891953000000001
2016-02-09 05:00:00+00:00,14.720000000000001,15,14.33,14.44,88153,860,14.643960999999999
2016-02-10 05:00:00+00:00,14.529999999999999,14.720000000000001,14.15,14.17,68710,709,14.396611
2016-02-11 05:00:00+00:00,13.970000000000001,14.390000000000001,13.970000000000001,14.15,55098,616,14.186401
2016-02-12 05:00:00+00:00,14.18,14.630000000000001,14.119999999999999,14.56,97849,650,14.454791
2016-02-16 05:00:00+00:00,14.720000000000001,14.92,14.58,14.81,55498,589,14.771501000000001
2016-02-17 05:00:00+00:00,14.85,15.050000000000001,14.619999999999999,14.77,100937,685,14.835902000000001
2016-02-18 05:00:00+00:00,14.75,15.01,14.66,14.73,137909,971,14.773096000000001
2016-02-19 05:00:00+00:00,14.68,14.779999999999999,14.460000000000001,14.69,116145,594,14.672359
2016-02-22 05:00:00+00:00,14.77,14.949999999999999,14.385,14.630000000000001,179820,872,14.564558
2016-02-23 05:00:00+00:00,14.65,14.69,14.484999999999999,14.550000000000001,65095,647,14.591487000000001
2016-02-24 05:00:00+00:00,14.41,14.609999999999999,14.279999999999999,14.460000000000001,49878,1094,14.471069999999999
2016-02-25 05:00:00+00:00,14.43,14.59,14.300000000000001,14.41,84696,858,14.450010000000001
2016-02-26 05:00:00+00:00,14.48,14.82,14.315,14.82,208737,1294,14.49511
2016-02-29 05:00:00+00:00,14.779999999999999,15.09,14.779999999999999,14.93,273269,1352,14.961577
2016-03-01 05:00:00+00:00,17,17.68,15.68,16.829999999999998,610706,3778,16.977105999999999
2016-03-02 05:00:00+00:00,16.760000000000002,16.98,16.420000000000002,16.84,359546,2855,16.658842
2016-03-03 05:00:00+00:00,16.870000000000001,16.995000000000001,16.149999999999999,16.5,871522,1438,16.219580000000001
2016-03-04 05:00:00+00:00,16.440000000000001,16.899999999999999,16.440000000000001,16.82,79675,986,16.758327000000001
2016-03-07 05:00:00+00:00,16.809999999999999,17.52,16.015000000000001,17.510000000000002,325085,2377,17.265432000000001
2016-03-08 05:00:00+00:00,17.350000000000001,17.68,17.02,17.489999999999998,197878,1513,17.373975999999999
2016-03-09 05:00:00+00:00,17.48,17.890000000000001,16.390000000000001,17.670000000000002,105654,986,17.649967
2016-03-10 05:00:00+00:00,17.739999999999998,18.2728,17.09,17.370000000000001,119134,1094,17.461973
2016-03-11 05:00:00+00:00,16.289999999999999,16.420000000000002,15.76,15.99,1164101,6712,16.030446000000001
2016-03-14 04:00:00+00:00,16.100000000000001,16.48,15.960000000000001,16.100000000000001,317823,2238,16.21386
2016-03-15 04:00:00+00:00,16.059999999999999,16.129999999999999,15.699999999999999,15.76,199521,1699,15.849534
2016-03-16 04:00:00+00:00,15.779999999999999,15.960000000000001,15.630000000000001,15.77,189044,1768,15.797646
2016-03-17 04:00:00+00:00,16.23,16.23,15.470000000000001,15.99,306983,2517,15.901700999999999
2016-03-18 04:00:00+00:00,16.07,16.350000000000001,15.99,16.149999999999999,359880,2296,16.122541999999999
2016-03-21 04:00:00+00:00,16.02,16.25,15.960000000000001,16.16,332598,1673,16.104685
2016-03-22 04:00:00+00:00,16.039999999999999,16.23,15.935,16.18,168387,1174,16.168968
2016-03-23 04:00:00+00:00,16.16,16.489899999999999,15.890000000000001,15.98,131053,1122,16.060479000000001
2016-03-24 04:00:00+00:00,15.93,16.140000000000001,15.57,15.91,423657,2107,15.930227
2016-03-28 04:00:00+00:00,15.91,16.170000000000002,15.81,15.9,111319,907,15.986902000000001
2016-03-29 04:00:00+00:00,15.91,16.140000000000001,15.720000000000001,16.140000000000001,213722,1803,16.050761999999999
2016-03-30 04:00:00+00:00,16.120000000000001,16.27,15.779999999999999,16.010000000000002,231023,1330,16.036807
2016-03-31 04:00:00+00:00,15.960000000000001,16.010000000000002,15.73,15.81,124379,823,15.854331999999999
2016-04-01 04:00:00+00:00,15.869999999999999,15.880000000000001,15.35,15.859999999999999,180988,1369,15.74568
2016-04-04 04:00:00+00:00,15.85,16.140000000000001,15.4701,15.619999999999999,150233,1312,15.712668000000001
2016-04-05 04:00:00+00:00,15.5,15.699999999999999,15.4,15.470000000000001,85453,747,15.49789
2016-04-06 04:00:00+00:00,15.529999999999999,15.720000000000001,15.18,15.5,125399,1785,15.414282999999999
2016-04-07 04:00:00+00:00,15.31,15.59,15.279999999999999,15.460000000000001,356293,1986,15.458361999999999
2016-04-08 04:00:00+00:00,15.539999999999999,15.74,15.34,15.59,283476,2026,15.559559999999999
2016-04-11 04:00:00+00:00,15.630000000000001,15.859999999999999,15.48,15.710000000000001,160253,1274,15.675687999999999
2016-04-12 04:00:00+00:00,15.68,15.890000000000001,15.67,15.75,126432,943,15.770058000000001
2016-04-13 04:00:00+00:00,15.869999999999999,16.370000000000001,15.869999999999999,16.34,121954,929,16.229382999999999
2016-04-14 04:00:00+00:00,16.300000000000001,16.34,16.010000000000002,16.170000000000002,387727,1753,16.157558999999999
2016-04-15 04:00:00+00:00,16.120000000000001,16.550000000000001,16.109999999999999,16.52,625934,2334,16.211863999999998
2016-04-18 04:00:00+00:00,16.460000000000001,16.940000000000001,16.395,16.829999999999998,97629,1131,16.751785000000002
2016-04-19 04:00:00+00:00,16.91,16.91,16.57,16.739999999999998,79843,979,16.730757000000001
2016-04-20 04:00:00+00:00,16.800000000000001,16.949999999999999,16.66,16.77,89953,864,16.810061999999999
2016-04-21 04:00:00+00:00,16.82,17.129999999999999,16.780000000000001,16.859999999999999,141161,1103,16.891566999999998
2016-04-22 04:00:00+00:00,16.920000000000002,17.149999999999999,16.870000000000001,17.09,82347,799,17.030607
2016-04-25 04:00:00+00:00,17.100000000000001,17.260000000000002,16.969999999999999,17.16,120182,1117,17.123474000000002
2016-04-26 04:00:00+00:00,17.309999999999999,17.609999999999999,17.210000000000001,17.530000000000001,106279,1209,17.466419999999999
2016-04-27 04:00:00+00:00,17.57,17.57,17.239999999999998,17.370000000000001,115129,1105,17.362749000000001
2016-04-28 04:00:00+00:00,17.370000000000001,17.370000000000001,17.190000000000001,17.300000000000001,135180,1214,17.295418000000002
2016-04-29 04:00:00+00:00,17.329999999999998,17.329999999999998,17.045000000000002,17.309999999999999,117874,881,17.245459
2016-05-02 04:00:00+00:00,17.280000000000001,17.300000000000001,17.129999999999999,17.149999999999999,92659,1054,17.189489999999999
2016-05-03 04:00:00+00:00,17.140000000000001,17.489999999999998,16.91,17.440000000000001,202524,1649,17.289749
2016-05-04 04:00:00+00:00,17.420000000000002,17.579999999999998,17.059999999999999,17.510000000000002,187005,1700,17.436712
2016-05-05 04:00:00+00:00,17.75,18.309999999999999,17.25,17.370000000000001,217986,2064,17.701532
2016-05-06 04:00:00+00:00,17.379999999999999,17.640000000000001,17.190000000000001,17.41,209719,1718,17.387712000000001
2016-05-09 04:00:00+00:00,17.359999999999999,17.420000000000002,16.864999999999998,17.355,135239,1296,17.297729
2016-05-10 04:00:00+00:00,17.469999999999999,17.469999999999999,17.16,17.219999999999999,88039,946,17.250927000000001
2016-05-11 04:00:00+00:00,17.25,17.25,16.789999999999999,16.809999999999999,64562,600,16.906192000000001
2016-05-12 04:00:00+00:00,16.789999999999999,16.829999999999998,16.390000000000001,16.420000000000002,79469,974,16.536183999999999
2016-05-13 04:00:00+00:00,16.420000000000002,16.559200000000001,16.109999999999999,16.16,68416,789,16.240987000000001
2016-05-16 04:00:00+00:00,16.18,16.210000000000001,15.300000000000001,16.07,207175,1446,16.069344000000001
2016-05-17 04:00:00+00:00,16.079999999999998,16.079999999999998,15.4,15.630000000000001,152090,1147,15.663569000000001
2016-05-18 04:00:00+00:00,15.619999999999999,15.77,15.43,15.75,96133,997,15.69266
2016-05-19 04:00:00+00:00,15.710000000000001,15.779999999999999,15.43,15.5,66746,731,15.525442999999999
2016-05-20 04:00:00+00:00,15.6,15.82,15.6,15.789999999999999,49412,447,15.722734000000001
2016-05-23 04:00:00+00:00,15.76,16,15.470000000000001,15.6,91940,821,15.669748
2016-05-24 04:00:00+00:00,15.630000000000001,16.210000000000001,15.630000000000001,16.100000000000001,86190,895,16.048517
2016-05-25 04:00:00+00:00,16.109999999999999,16.239999999999998,16.050000000000001,16.210000000000001,55031,526,16.168187
2016-05-26 04:00:00+00:00,16.280000000000001,16.440000000000001,16.039999999999999,16.43,86878,818,16.337909
2016-05-27 04:00:00+00:00,16.370000000000001,16.449999999999999,16.079999999999998,16.41,73319,940,16.362791000000001
2016-05-31 04:00:00+00:00,16.5,16.649999999999999,16.379999999999999,16.640000000000001,72296,741,16.548307999999999
2016-06-01 04:00:00+00:00,16.510000000000002,16.819500000000001,16.27,16.609999999999999,135051,1286,16.490932000000001
2016-06-02 04:00:00+00:00,16.59,16.920000000000002,16.559999999999999,16.829999999999998,57473,629,16.803542
2016-06-03 04:00:00+00:00,16.780000000000001,17,16.6601,16.949999999999999,167206,730,16.865247
2016-06-06 04:00:00+00:00,16.989999999999998,17.07,16.870000000000001,17.039999999999999,129145,1988,17.010242999999999
2016-06-07 04:00:00+00:00,17.109999999999999,17.489999999999998,17.030000000000001,17.420000000000002,163982,697,17.377853000000002
2016-06-08 04:00:00+00:00,17.440000000000001,18.260000000000002,17.440000000000001,18.170000000000002,515320,1234,17.986340999999999
2016-06-09 04:00:00+00:00,18.109999999999999,18.289999999999999,17.82,18.02,173301,913,18.013439999999999
2016-06-10 04:00:00+00:00,17.899999999999999,18.169899999999998,17.73,18,91196,853,17.996205
2016-06-13 04:00:00+00:00,17.989999999999998,18.145,17.925000000000001,18,155394,1064,18.004366000000001
2016-06-14 04:00:00+00:00,17.93,18.09,17.864999999999998,18.030000000000001,120630,855,17.988992
2016-06-15 04:00:00+00:00,18.050000000000001,18.09,17.960000000000001,18.02,55394,491,18.020520000000001
2016-06-16 04:00:00+00:00,17.859999999999999,18.140000000000001,17.835000000000001,18.109999999999999,71691,583,18.012646
2016-06-17 04:00:00+00:00,18.039999999999999,18.239899999999999,17.84,18.149999999999999,369182,1230,18.089839999999999
2016-06-20 04:00:00+00:00,18.350000000000001,18.760000000000002,18.27,18.370000000000001,118167,1040,18.524445
2016-06-21 04:00:00+00:00,18.41,18.420000000000002,18.146899999999999,18.359999999999999,74410,866,18.292199
2016-06-22 04:00:00+00:00,18.32,18.579999999999998,18.140000000000001,18.329999999999998,115145,969,18.403645999999998
2016-06-23 04:00:00+00:00,18.5,18.550000000000001,18.199999999999999,18.25,86898,862,18.32619
2016-06-24 04:00:00+00:00,17.579999999999998,17.609999999999999,16.330100000000002,17.23,1166475,1580,17.231404000000001
2016-06-27 04:00:00+00:00,17.120000000000001,17.120000000000001,16.57,16.649999999999999,139387,1202,16.672930999999998
2016-06-28 04:00:00+00:00,16.809999999999999,17.02,16.636199999999999,16.91,86518,852,16.878055
2016-06-29 04:00:00+00:00,17.030000000000001,17.350000000000001,16.280000000000001,17.34,129691,1009,17.203192000000001
2016-06-30 04:00:00+00:00,17.329999999999998,17.43,16.82,17.370000000000001,593655,1422,17.275988000000002
2016-07-01 04:00:00+00:00,17.399999999999999,17.754999999999999,17.309999999999999,17.440000000000001,69319,623,17.502493000000001
2016-07-05 04:00:00+00:00,17.440000000000001,17.98,16.921399999999998,17.260000000000002,93291,823,17.234808000000001
2016-07-06 04:00:00+00:00,17.129999999999999,17.440000000000001,16.940000000000001,17.27,72381,665,17.256601
2016-07-07 04:00:00+00:00,17.280000000000001,17.545000000000002,17.140000000000001,17.300000000000001,72837,780,17.289923000000002
2016-07-08 04:00:00+00:00,17.489999999999998,17.91,17.460000000000001,17.670000000000002,154960,1115,17.682431999999999
2016-07-11 04:00:00+00:00,17.800000000000001,17.940000000000001,17.690000000000001,17.75,89752,740,17.804136
2016-07-12 04:00:00+00:00,17.91,17.98,17.785299999999999,17.899999999999999,80699,755,17.896294000000001
2016-07-13 04:00:00+00:00,18,18.25,17.300000000000001,17.75,335433,1253,17.774867
2016-07-14 04:00:00+00:00,17.920000000000002,18.3399,17.68,18.280000000000001,321350,1392,17.981553999999999
2016-07-15 04:00:00+00:00,18.420000000000002,18.440000000000001,18,18.289999999999999,222015,1051,18.275151999999999
2016-07-18 04:00:00+00:00,18.300000000000001,18.739999999999998,18.283000000000001,18.600000000000001,100989,653,18.556469
2016-07-19 04:00:00+00:00,18.52,18.699999999999999,18.475000000000001,18.510000000000002,98337,502,18.541378999999999
2016-07-20 04:00:00+00:00,18.609999999999999,18.84,18.32,18.5,101531,455,18.515032999999999
2016-07-21 04:00:00+00:00,18.420000000000002,18.600000000000001,18.390000000000001,18.5,197411,595,18.521909999999998
2016-07-22 04:00:00+00:00,18.510000000000002,18.710000000000001,18.280000000000001,18.620000000000001,158055,581,18.50956
2016-07-25 04:00:00+00:00,18.530000000000001,18.550000000000001,18.280000000000001,18.539999999999999,114802,671,18.451577
2016-07-26 04:00:00+00:00,18.539999999999999,19.100000000000001,18.539999999999999,19.039999999999999,254233,1706,18.984835
2016-07-27 04:00:00+00:00,19.140000000000001,19.309999999999999,18.850000000000001,19.300000000000001,128626,940,19.180046000000001
2016-07-28 04:00:00+00:00,19.27,19.27,18.895,19.190000000000001,117533,986,19.145910000000001
2016-07-29 04:00:00+00:00,19.27,19.399999999999999,19.07,19.190000000000001,181684,882,19.157943
2016-08-01 04:00:00+00:00,19.309999999999999,19.309999999999999,18.989999999999998,19.09,99746,857,19.097375
2016-08-02 04:00:00+00:00,19.120000000000001,19.245000000000001,18.8491,18.890000000000001,188248,802,18.908835
2016-08-03 04:00:00+00:00,18.82,18.899999999999999,18.57,18.890000000000001,71786,616,18.806170000000002
2016-08-04 04:00:00+00:00,19.5,21.050000000000001,19.300000000000001,20.25,334220,2967,20.163656
2016-08-05 04:00:00+00:00,20.52,20.649999999999999,19.850000000000001,19.960000000000001,332288,2027,20.081223999999999
2016-08-08 04:00:00+00:00,19.850000000000001,20.262899999999998,19.809999999999999,20.140000000000001,253441,1531,20.125679000000002
2016-08-09 04:00:00+00:00,18.809999999999999,19.18,18.550000000000001,19.010000000000002,1770161,10420,18.944032
2016-08-10 04:00:00+00:00,19,19.18,18.82,18.940000000000001,312451,2323,18.973696
2016-08-11 04:00:00+00:00,18.98,19.030000000000001,18.57,18.649999999999999,204982,2128,18.733661000000001
2016-08-12 04:00:00+00:00,18.68,18.690000000000001,18.09,18.539999999999999,176014,1442,18.446335999999999
2016-08-15 04:00:00+00:00,18.52,18.640000000000001,18.41,18.510000000000002,234886,1502,18.541900999999999
2016-08-16 04:00:00+00:00,18.399999999999999,18.949999999999999,18.129999999999999,18.699999999999999,236887,1762,18.570546
2016-08-17 04:00:00+00:00,18.640000000000001,18.98,18.420000000000002,18.52,180851,1635,18.637423999999999
2016-08-18 04:00:00+00:00,18.5,18.75,18.390000000000001,18.550000000000001,142566,1346,18.508814999999998
2016-08-19 04:00:00+00:00,18.5,18.77,18.234999999999999,18.710000000000001,338785,1303,18.67726
2016-08-22 04:00:00+00:00,18.66,18.710000000000001,18.52,18.629999999999999,76117,741,18.611678000000001
2016-08-23 04:00:00+00:00,18.649999999999999,19.100000000000001,18.649999999999999,19.09,204557,1660,18.963536000000001
2016-08-24 04:00:00+00:00,19.199999999999999,19.93,19.199999999999999,19.91,346698,2963,19.680776999999999
2016-08-25 04:00:00+00:00,19.789999999999999,20.440000000000001,19.75,20.34,265485,2477,20.219311000000001
2016-08-26 04:00:00+00:00,20.41,20.699999999999999,20.16,20.550000000000001,277776,2014,20.475711
2016-08-29 04:00:00+00:00,20.629999999999999,20.850000000000001,20.559999999999999,20.710000000000001,287744,1762,20.722019
2016-08-30 04:00:00+00:00,20.789999999999999,20.920000000000002,20.460000000000001,20.579999999999998,395605,1704,20.665763999999999
2016-08-31 04:00:00+00:00,20.640000000000001,20.780000000000001,20.469999999999999,20.760000000000002,266467,1685,20.677323999999999
2016-09-01 04:00:00+00:00,20.710000000000001,21.059999999999999,20.670100000000001,21.02,189114,1532,20.891776
2016-09-02 04:00:00+00:00,21,21.210000000000001,21,21.109999999999999,162262,1423,21.117816999999999
2016-09-06 04:00:00+00:00,21.219999999999999,21.309999999999999,20.98,21.059999999999999,226727,1677,21.060690000000001
2016-09-07 04:00:00+00:00,21.120000000000001,21.25,21,21.239999999999998,186133,1138,21.176929999999999
2016-09-08 04:00:00+00:00,21.199999999999999,21.199999999999999,21.050000000000001,21.149999999999999,145348,923,21.145002999999999
2016-09-09 04:00:00+00:00,21.100000000000001,21.164999999999999,20.550000000000001,20.57,524001,1661,20.822279999999999
2016-09-12 04:00:00+00:00,20.5,20.609999999999999,20,20.609999999999999,308719,2516,20.455276999999999
2016-09-13 04:00:00+00:00,20.5,20.73,20.399999999999999,20.550000000000001,206490,1959,20.550212999999999
2016-09-14 04:00:00+00:00,20.640000000000001,20.940000000000001,20.390000000000001,20.899999999999999,168993,1237,20.821327
2016-09-15 04:00:00+00:00,20.800000000000001,21.199999999999999,20.7592,20.84,305739,1602,20.935635000000001
2016-09-16 04:00:00+00:00,20.82,20.93,20.34,20.879999999999999,394811,1740,20.759482999999999
2016-09-19 04:00:00+00:00,20.879999999999999,21.195,20.510000000000002,20.530000000000001,117634,1084,20.685313000000001
2016-09-20 04:00:00+00:00,20.5,20.579999999999998,20.329999999999998,20.449999999999999,72398,752,20.463951000000002
2016-09-21 04:00:00+00:00,21.960000000000001,22.369900000000001,21.530000000000001,21.82,2686529,18519,21.835483
2016-09-22 04:00:00+00:00,21.82,22.289999999999999,21.789999999999999,22.120000000000001,5118764,6384,22.119679000000001
2016-09-23 04:00:00+00:00,22.109999999999999,22.460000000000001,21.960000000000001,22.420000000000002,400363,3036,22.299334000000002
2016-09-26 04:00:00+00:00,22.210000000000001,22.32,22.120000000000001,22.199999999999999,242361,2150,22.2211
2016-09-27 04:00:00+00:00,22.16,22.460000000000001,22.02,22.309999999999999,395150,3105,22.277602000000002
2016-09-28 04:00:00+00:00,22.420000000000002,22.59,22.079999999999998,22.329999999999998,205430,1868,22.274366000000001
2016-09-29 04:00:00+00:00,22.239999999999998,22.239999999999998,21.920000000000002,22.129999999999999,231544,2563,22.090906
2016-09-30 04:00:00+00:00,22.699999999999999,23.079999999999998,22.460000000000001,22.969999999999999,363287,3276,22.881927999999998
2016-10-03 04:00:00+00:00,22.870000000000001,23.518999999999998,22.829999999999998,22.920000000000002,237254,2210,22.930150999999999
2016-10-04 04:00:00+00:00,22.920000000000002,22.98,22.550000000000001,22.600000000000001,166347,1561,22.690933000000001
2016-10-05 04:00:00+00:00,22.600000000000001,22.809999999999999,22.559999999999999,22.640000000000001,175076,1502,22.649149999999999
2016-10-06 04:00:00+00:00,22.559999999999999,22.559999999999999,22.219999999999999,22.34,136281,1262,22.336084
2016-10-07 04:00:00+00:00,22.289999999999999,22.420000000000002,21.98,22.219999999999999,245221,1812,22.245360000000002
2016-10-10 04:00:00+00:00,22.219999999999999,22.710000000000001,22.219999999999999,22.649999999999999,199090,1711,22.539202
2016-10-11 04:00:00+00:00,22.640000000000001,22.739999999999998,22.23,22.390000000000001,172556,1669,22.386517999999999
2016-10-12 04:00:00+00:00,22.289999999999999,22.649999999999999,22.280000000000001,22.52,199429,1732,22.492611
2016-10-13 04:00:00+00:00,22.199999999999999,22.530000000000001,22.09,22.210000000000001,175533,1555,22.345914
2016-10-14 04:00:00+00:00,22.25,22.960000000000001,22.039999999999999,22.100000000000001,159716,1367,22.14143
2016-10-17 04:00:00+00:00,22,22.399999999999999,22,22.300000000000001,220772,1566,22.251303
2016-10-18 04:00:00+00:00,22.5,22.600000000000001,21.75,21.850000000000001,180175,1387,22.000029999999999
2016-10-19 04:00:00+00:00,21.800000000000001,22.199999999999999,21.699999999999999,21.949999999999999,123931,971,21.953976000000001
2016-10-20 04:00:00+00:00,22.100000000000001,22.149999999999999,21.649999999999999,21.850000000000001,181232,1453,21.892137999999999
2016-10-21 04:00:00+00:00,21.75,21.949999999999999,21.649999999999999,21.949999999999999,111347,1015,21.863937
2016-10-24 04:00:00+00:00,21.899999999999999,22.149999999999999,21.449999999999999,21.75,183855,1420,21.743137999999998
2016-10-25 04:00:00+00:00,21.649999999999999,21.75,21.100000000000001,21.300000000000001,170687,1416,21.29439
2016-10-26 04:00:00+00:00,21.149999999999999,21.649999999999999,21.149999999999999,21.5,116400,942,21.505217999999999
2016-10-27 04:00:00+00:00,21.600000000000001,21.800000000000001,21.300000000000001,21.550000000000001,130079,1255,21.553175
2016-10-28 04:00:00+00:00,21.600000000000001,22,21.5,21.75,186992,1354,21.833259999999999
2016-10-31 04:00:00+00:00,21.699999999999999,21.75,21.399999999999999,21.699999999999999,231738,1265,21.67435
2016-11-01 04:00:00+00:00,21.75,21.875,20.600000000000001,20.649999999999999,222853,1771,21.017340000000001
2016-11-02 04:00:00+00:00,20.600000000000001,21.149999999999999,20,20.399999999999999,371400,2693,20.689084000000001
2016-11-03 04:00:00+00:00,21.399999999999999,21.399999999999999,19.649999999999999,20.199999999999999,255303,2104,20.303778000000001
2016-11-04 04:00:00+00:00,20.149999999999999,20.550000000000001,20.050000000000001,20.25,199705,1639,20.314954
2016-11-07 05:00:00+00:00,20.300000000000001,20.899999999999999,19.899999999999999,20.75,196960,1348,20.641617
2016-11-08 05:00:00+00:00,20.600000000000001,21.050000000000001,20.449999999999999,21,191173,1343,20.794657999999998
2016-11-09 05:00:00+00:00,20.800000000000001,21.699999999999999,20.25,21.600000000000001,245427,2012,21.378067000000001
2016-11-10 05:00:00+00:00,21.800000000000001,22.699999999999999,21.550000000000001,22.699999999999999,327296,2553,22.296544000000001
2016-11-11 05:00:00+00:00,22.699999999999999,23.550000000000001,22.625,23.199999999999999,333441,2595,23.184170999999999
2016-11-14 05:00:00+00:00,23.399999999999999,24.225000000000001,22.800000000000001,22.949999999999999,342952,2644,23.363026999999999
2016-11-15 05:00:00+00:00,23,23.800000000000001,22.899999999999999,23.300000000000001,246857,1994,23.193871999999999
2016-11-16 05:00:00+00:00,23.100000000000001,23.5,22.699999999999999,22.75,284717,2278,22.917297000000001
2016-11-17 05:00:00+00:00,21.050000000000001,22.399999999999999,21,22.149999999999999,3724952,19441,21.808482000000001
2016-11-18 05:00:00+00:00,22.350000000000001,23.149999999999999,22.149999999999999,22.800000000000001,464833,2715,22.634136000000002
2016-11-21 05:00:00+00:00,22.649999999999999,23.524999999999999,22.600000000000001,23.399999999999999,385071,2611,23.130288
2016-11-22 05:00:00+00:00,23.550000000000001,24.699999999999999,23.5,24.399999999999999,369139,2750,24.339117999999999
2016-11-23 05:00:00+00:00,24.399999999999999,25.676200000000001,24.149999999999999,25.350000000000001,1231903,4896,25.258711999999999
2016-11-25 05:00:00+00:00,25.300000000000001,25.649999999999999,25.100000000000001,25.399999999999999,154728,1092,25.413724999999999
2016-11-28 05:00:00+00:00,25.699999999999999,25.699999999999999,24.399999999999999,25,384638,2722,24.954751000000002
2016-11-29 05:00:00+00:00,24.949999999999999,25.300000000000001,24.149999999999999,24.300000000000001,247608,2346,24.585222000000002
2016-11-30 05:00:00+00:00,24.5,25.350000000000001,24.399999999999999,25.100000000000001,536871,2292,24.978528000000001
2016-12-01 05:00:00+00:00,25.199999999999999,25.699999999999999,25.050000000000001,25.649999999999999,416849,2375,25.441542999999999
2016-12-02 05:00:00+00:00,25.449999999999999,25.600000000000001,24.949999999999999,25.199999999999999,590673,2569,25.232692
2016-12-05 05:00:00+00:00,24.949999999999999,25.949999999999999,24.629999999999999,25.699999999999999,332414,2300,25.688029
2016-12-06 05:00:00+00:00,25.699999999999999,26.199999999999999,25.5,25.949999999999999,245410,1961,25.923283999999999
2016-12-07 05:00:00+00:00,26.050000000000001,26.75,25.899999999999999,26.449999999999999,439489,2428,26.444766999999999
2016-12-08 05:00:00+00:00,26,26.75,26,26.600000000000001,349657,2639,26.511718999999999
2016-12-09 05:00:00+00:00,26.550000000000001,26.949999999999999,26.350000000000001,26.800000000000001,466337,3053,26.680589000000001
2016-12-12 05:00:00+00:00,26.649999999999999,26.75,26.149999999999999,26.600000000000001,198908,1844,26.452172999999998
2016-12-13 05:00:00+00:00,26.649999999999999,27,26,26.699999999999999,340243,3045,26.75489
2016-12-14 05:00:00+00:00,26.649999999999999,26.699999999999999,25.399999999999999,26.375,219814,1720,26.372367000000001
2016-12-15 05:00:00+00:00,26.350000000000001,26.899999999999999,25.350000000000001,26.449999999999999,374266,3066,26.419007000000001
2016-12-16 05:00:00+00:00,25.600000000000001,27,25.600000000000001,26.899999999999999,490077,2206,26.709074999999999
2016-12-19 05:00:00+00:00,27,27.300000000000001,26.75,27.300000000000001,228575,1939,27.065355
2016-12-20 05:00:00+00:00,27.5,27.600000000000001,27,27.199999999999999,265132,1567,27.279169
2016-12-21 05:00:00+00:00,27.100000000000001,28.25,27.100000000000001,27.75,270749,2348,27.785492000000001
2016-12-22 05:00:00+00:00,27.75,27.850000000000001,26.975000000000001,27.050000000000001,241359,1817,27.271844999999999
2016-12-23 05:00:00+00:00,27,27.25,26.600000000000001,27.25,116342,1049,26.988419
2016-12-27 05:00:00+00:00,27.300000000000001,27.850000000000001,27.155000000000001,27.449999999999999,91041,825,27.500250999999999
2016-12-28 05:00:00+00:00,27.350000000000001,27.550000000000001,27.149999999999999,27.350000000000001,139717,1270,27.320428
2016-12-29 05:00:00+00:00,27.350000000000001,27.850000000000001,27.350000000000001,27.649999999999999,174072,1518,27.572611999999999
2016-12-30 05:00:00+00:00,27.75,27.899999999999999,27.136199999999999,27.75,168849,1352,27.646650999999999
2017-01-03 05:00:00+00:00,27.149999999999999,27.949999999999999,26.050000000000001,26.850000000000001,737530,4655,26.562365
2017-01-04 05:00:00+00:00,27.5,28.050000000000001,27.300000000000001,27.899999999999999,486083,3662,27.81578
2017-01-05 05:00:00+00:00,28,28.199999999999999,27.75,27.949999999999999,291115,2473,27.941859000000001
2017-01-06 05:00:00+00:00,28.050000000000001,28.050000000000001,27.399999999999999,27.649999999999999,244501,1697,27.636085000000001
2017-01-09 05:00:00+00:00,27.649999999999999,27.899999999999999,27.25,27.5,265095,1815,27.495044
2017-01-10 05:00:00+00:00,27.649999999999999,28.050000000000001,27.350000000000001,28.050000000000001,305610,2067,27.872599999999998
2017-01-11 05:00:00+00:00,27.850000000000001,28.175000000000001,27.699999999999999,28.100000000000001,164662,1302,27.976859999999999
2017-01-12 05:00:00+00:00,27.949999999999999,28.149999999999999,26.850000000000001,27.050000000000001,228773,1949,27.139809
2017-01-13 05:00:00+00:00,27.25,27.449999999999999,26.550000000000001,27,175056,1366,26.951208999999999
2017-01-17 05:00:00+00:00,26.899999999999999,26.949999999999999,26.5,26.649999999999999,149526,1346,26.722638
2017-01-18 05:00:00+00:00,26.649999999999999,26.850000000000001,25.649999999999999,26.850000000000001,260245,2150,26.556784
2017-01-19 05:00:00+00:00,26.949999999999999,27.300000000000001,26.300000000000001,26.649999999999999,152156,1434,26.634798
2017-01-20 05:00:00+00:00,26.649999999999999,26.800000000000001,26.175000000000001,26.399999999999999,271601,2201,26.428753
2017-01-23 05:00:00+00:00,26.399999999999999,26.850000000000001,25.699999999999999,25.949999999999999,253781,2303,25.987631
2017-01-24 05:00:00+00:00,25.949999999999999,26.449999999999999,25.800000000000001,26.350000000000001,177608,1993,26.189501
2017-01-25 05:00:00+00:00,26.399999999999999,26.699999999999999,26.050000000000001,26.550000000000001,299674,2418,26.397978999999999
2017-01-26 05:00:00+00:00,26.449999999999999,26.574999999999999,25.899999999999999,26.300000000000001,168571,1484,26.200882
2017-01-27 05:00:00+00:00,26.399999999999999,26.399999999999999,25.350000000000001,25.449999999999999,260657,2484,25.710151
2017-01-30 05:00:00+00:00,25.350000000000001,25.899999999999999,25.25,25.600000000000001,315979,2592,25.560782
2017-01-31 05:00:00+00:00,25.449999999999999,26.149999999999999,25.449999999999999,25.899999999999999,209990,2098,25.882863
2017-02-01 05:00:00+00:00,25.949999999999999,26.399999999999999,25.75,26.300000000000001,180975,1598,26.168234000000002
2017-02-02 05:00:00+00:00,26.199999999999999,26.199999999999999,25.850000000000001,26.050000000000001,159868,1432,25.995201999999999
2017-02-03 05:00:00+00:00,26.199999999999999,26.350000000000001,25.75,26.050000000000001,189220,1433,25.970424000000001
2017-02-06 05:00:00+00:00,26,26.550000000000001,25.949999999999999,26.550000000000001,155456,1204,26.396169
2017-02-07 05:00:00+00:00,26.5,26.699999999999999,26.25,26.300000000000001,173003,1536,26.445906000000001
2017-02-08 05:00:00+00:00,26.350000000000001,26.75,25.850000000000001,26.5,129122,1111,26.333693
2017-02-09 05:00:00+00:00,26.449999999999999,26.899999999999999,26.449999999999999,26.649999999999999,137173,1160,26.686641999999999
2017-02-10 05:00:00+00:00,26.800000000000001,27,26.600000000000001,26.899999999999999,149721,1055,26.784669000000001
2017-02-13 05:00:00+00:00,26.850000000000001,27.350000000000001,26.850000000000001,27.300000000000001,125245,976,27.133994999999999
2017-02-14 05:00:00+00:00,27.300000000000001,27.699999999999999,27.300000000000001,27.649999999999999,126084,1150,27.548061000000001
2017-02-15 05:00:00+00:00,27.699999999999999,27.699999999999999,27.300000000000001,27.550000000000001,90226,920,27.516501999999999
2017-02-16 05:00:00+00:00,27.449999999999999,28,27.449999999999999,28,166470,1491,27.787067
2017-02-17 05:00:00+00:00,27.949999999999999,27.949999999999999,26.899999999999999,27,232826,1250,27.157478999999999
2017-02-21 05:00:00+00:00,27,27.800000000000001,26.6767,27.699999999999999,94647,1092,27.515188999999999
2017-02-22 05:00:00+00:00,27.75,28.350000000000001,27.3368,28.100000000000001,118184,1157,28.040894000000002
2017-02-23 05:00:00+00:00,28.050000000000001,28.449999999999999,27.449999999999999,27.5,149712,774,27.891604999999998
2017-02-24 05:00:00+00:00,27.25,27.399999999999999,26.949999999999999,27.300000000000001,131421,1206,27.171574
2017-02-27 05:00:00+00:00,27.25,27.399999999999999,26.699999999999999,27,226986,1999,26.953189999999999
2017-02-28 05:00:00+00:00,26.850000000000001,27.75,26.699999999999999,26.800000000000001,205305,1692,27.019110999999999
2017-03-01 05:00:00+00:00,27.149999999999999,27.875,26.949999999999999,27.149999999999999,332705,2749,27.303809000000001
2017-03-02 05:00:00+00:00,29.050000000000001,30.149999999999999,28.350000000000001,28.649999999999999,877247,6942,28.99315
2017-03-03 05:00:00+00:00,28.75,29.050000000000001,28.649999999999999,28.899999999999999,234545,1785,28.890248
2017-03-06 05:00:00+00:00,28.699999999999999,29.5,28.350000000000001,28.399999999999999,255363,1994,28.559867000000001
2017-03-07 05:00:00+00:00,28.399999999999999,28.649999999999999,28.182099999999998,28.399999999999999,165997,1505,28.42652
2017-03-08 05:00:00+00:00,27.300000000000001,28.350000000000001,26.600000000000001,26.649999999999999,2753915,15805,27.201340999999999
2017-03-09 05:00:00+00:00,26.600000000000001,26.949999999999999,25.850000000000001,25.899999999999999,529306,4059,26.241408
2017-03-10 05:00:00+00:00,25.949999999999999,26.699999999999999,25.800000000000001,26.399999999999999,461631,4051,26.374352999999999
2017-03-13 04:00:00+00:00,26.399999999999999,26.675000000000001,26.25,26.449999999999999,254796,2084,26.458845
2017-03-14 04:00:00+00:00,26.699999999999999,26.699999999999999,25.738600000000002,26.550000000000001,686047,3870,26.511327999999999
2017-03-15 04:00:00+00:00,26.649999999999999,26.949999999999999,26.5,26.75,312861,2097,26.753140999999999
2017-03-16 04:00:00+00:00,26.850000000000001,27.125,26.004999999999999,27.050000000000001,262982,1898,26.994644999999998
2017-03-17 04:00:00+00:00,27,27.25,26.800000000000001,27.199999999999999,741828,2362,27.143771999999998
2017-03-20 04:00:00+00:00,27.100000000000001,27.949999999999999,26.899999999999999,27.649999999999999,480823,3290,27.735322
2017-03-21 04:00:00+00:00,27.949999999999999,27.949999999999999,27.050000000000001,27.149999999999999,268717,2178,27.370940999999998
2017-03-22 04:00:00+00:00,26.75,27.399999999999999,26,27.350000000000001,194000,1630,27.193294999999999
2017-03-23 04:00:00+00:00,27.300000000000001,27.850000000000001,27.100000000000001,27.649999999999999,195588,1769,27.562708000000001
2017-03-24 04:00:00+00:00,27.600000000000001,28.5,27.5,28.5,1803462,2604,28.459503000000002
2017-03-27 04:00:00+00:00,28.25,28.875,27.850000000000001,28.800000000000001,195440,1899,28.506385000000002
2017-03-28 04:00:00+00:00,28.800000000000001,28.850000000000001,28.100000000000001,28.699999999999999,194631,1400,28.574840999999999
2017-03-29 04:00:00+00:00,28.649999999999999,28.899999999999999,28.5,28.649999999999999,113291,1025,28.684037
2017-03-30 04:00:00+00:00,28.75,28.850000000000001,28.5,28.600000000000001,386356,1605,28.575036000000001
2017-03-31 04:00:00+00:00,28.550000000000001,28.949999999999999,28.300000000000001,28.699999999999999,409943,2093,28.746079000000002
2017-04-03 04:00:00+00:00,28.75,28.75,27.699999999999999,28.149999999999999,292027,2291,28.101008
2017-04-04 04:00:00+00:00,28.050000000000001,28.5,27.800000000000001,28.399999999999999,260194,2375,28.333988999999999
2017-04-05 04:00:00+00:00,28.5,28.649999999999999,27.800000000000001,27.800000000000001,222955,2081,28.050138
2017-04-06 04:00:00+00:00,27.800000000000001,28,27.550000000000001,27.800000000000001,293082,2467,27.786964999999999
2017-04-07 04:00:00+00:00,27.649999999999999,27.800000000000001,27.449999999999999,27.550000000000001,453351,1492,27.569959000000001
2017-04-10 04:00:00+00:00,27.550000000000001,27.550000000000001,27.024999999999999,27.149999999999999,262447,2147,27.204041
2017-04-11 04:00:00+00:00,27.050000000000001,27.25,26.600000000000001,26.800000000000001,254947,2065,26.863444999999999
2017-04-12 04:00:00+00:00,26.75,27.125,26.550000000000001,26.850000000000001,308275,2072,26.834415
2017-04-13 04:00:00+00:00,26.75,26.899999999999999,26.399999999999999,26.699999999999999,217921,1766,26.688199999999998
2017-04-17 04:00:00+00:00,26.850000000000001,26.949999999999999,26.399999999999999,26.899999999999999,213490,1830,26.732638999999999
2017-04-18 04:00:00+00:00,26.699999999999999,27.5,26.699999999999999,27.399999999999999,132266,1273,27.284344000000001
2017-04-19 04:00:00+00:00,27.5,27.850000000000001,27.432400000000001,27.75,112935,1052,27.692874
2017-04-20 04:00:00+00:00,27.850000000000001,28.550000000000001,27.75,28.350000000000001,217106,1565,28.300045999999998
2017-04-21 04:00:00+00:00,28.350000000000001,28.600000000000001,28,28.550000000000001,164437,1203,28.399802999999999
2017-04-24 04:00:00+00:00,28.899999999999999,29.949999999999999,28.75,29.5,297432,2505,29.556887
2017-04-25 04:00:00+00:00,29.75,30,28.949999999999999,29.449999999999999,595000,3100,29.441409
2017-04-26 04:00:00+00:00,29.350000000000001,30.5,29.350000000000001,30,644901,2940,29.939232000000001
2017-04-27 04:00:00+00:00,30,30.495000000000001,29.921500000000002,30,235161,1668,30.046379000000002
2017-04-28 04:00:00+00:00,30.100000000000001,30.199999999999999,29.649999999999999,30.050000000000001,161168,1275,29.978470000000002
2017-05-01 04:00:00+00:00,30.199999999999999,30.75,29.800000000000001,30.600000000000001,283622,2145,30.493341999999998
2017-05-02 04:00:00+00:00,30.699999999999999,30.75,29.949999999999999,30.199999999999999,244388,1965,30.136056
2017-05-03 04:00:00+00:00,30.149999999999999,30.350000000000001,29.800000000000001,29.850000000000001,204807,1574,29.957813999999999
2017-05-04 04:00:00+00:00,31.199999999999999,32.700000000000003,30.5,32.149999999999999,775592,5099,31.762723000000001
2017-05-05 04:00:00+00:00,32.149999999999999,32.450000000000003,31.199999999999999,31.399999999999999,215606,1662,31.565245999999998
2017-05-08 04:00:00+00:00,31.449999999999999,32.5,31.25,31.800000000000001,272344,2174,31.708445999999999
2017-05-09 04:00:00+00:00,32,32.350000000000001,31.600000000000001,31.850000000000001,251227,1777,31.940556999999998
2017-05-10 04:00:00+00:00,31.850000000000001,32.049999999999997,31.600000000000001,31.800000000000001,201725,1549,31.841532000000001
2017-05-11 04:00:00+00:00,31.800000000000001,32.600000000000001,31.600000000000001,32.399999999999999,245643,1891,32.145485999999998
2017-05-12 04:00:00+00:00,32.25,32.799999999999997,32.25,32.649999999999999,184300,1659,32.600864999999999
2017-05-15 04:00:00+00:00,32.899999999999999,33.549999999999997,32.799999999999997,33.25,254992,2195,33.234740000000002
2017-05-16 04:00:00+00:00,33.25,34,32.899999999999999,33.899999999999999,277455,2006,33.623640999999999
2017-05-17 04:00:00+00:00,31.350000000000001,32.75,31,32.049999999999997,558306,3932,32.053823000000001
2017-05-18 04:00:00+00:00,32,33.200000000000003,31.850000000000001,33.100000000000001,462989,3888,32.821922000000001
2017-05-19 04:00:00+00:00,33.100000000000001,33.549999999999997,32.299999999999997,32.399999999999999,346373,2581,32.812855999999996
2017-05-22 04:00:00+00:00,32.450000000000003,32.850000000000001,32.25,32.350000000000001,239878,2060,32.428803000000002
2017-05-23 04:00:00+00:00,32.600000000000001,32.799999999999997,32.149999999999999,32.700000000000003,192355,1768,32.592641999999998
2017-05-24 04:00:00+00:00,32.649999999999999,33.350000000000001,32.450000000000003,33.200000000000003,236388,1953,32.964556999999999
2017-05-25 04:00:00+00:00,33.25,33.549999999999997,32.799999999999997,33.149999999999999,181770,1598,33.137450999999999
2017-05-26 04:00:00+00:00,33,33.299999999999997,32.850000000000001,33.200000000000003,162856,1524,33.153771999999996
2017-05-30 04:00:00+00:00,33.149999999999999,33.299999999999997,32.899999999999999,33.200000000000003,105297,1166,33.142535000000002
2017-05-31 04:00:00+00:00,33.25,33.25,32.549999999999997,32.850000000000001,299774,1485,32.896135999999998
2017-06-01 04:00:00+00:00,31.949999999999999,32.575000000000003,31.149999999999999,32.549999999999997,285761,2303,31.993214999999999
2017-06-02 04:00:00+00:00,32.350000000000001,33.200000000000003,32.350000000000001,32.649999999999999,239920,2025,32.788856000000003
2017-06-05 04:00:00+00:00,32.75,33,32.549999999999997,32.700000000000003,142212,1314,32.755645999999999
2017-06-06 04:00:00+00:00,32.649999999999999,32.799999999999997,32,32.299999999999997,202746,1781,32.279370999999998
2017-06-07 04:00:00+00:00,32.299999999999997,32.825000000000003,32.200000000000003,32.799999999999997,142085,1377,32.630082999999999
2017-06-08 04:00:00+00:00,32.799999999999997,32.950000000000003,32.200000000000003,32.399999999999999,339050,2706,32.553607999999997
2017-06-09 04:00:00+00:00,32.299999999999997,32.950000000000003,32.25,32.700000000000003,308247,2150,32.653996999999997
2017-06-12 04:00:00+00:00,32.649999999999999,33.399999999999999,32.615000000000002,33,286537,2713,32.965043999999999
2017-06-13 04:00:00+00:00,33.200000000000003,33.200000000000003,32.600000000000001,33,180363,1959,32.974044999999997
2017-06-14 04:00:00+00:00,33.100000000000001,33.5,32.524999999999999,32.850000000000001,291717,2195,32.911081000000003
2017-06-15 04:00:00+00:00,32.399999999999999,32.600000000000001,31.899999999999999,32.5,162831,1900,32.397449000000002
2017-06-16 04:00:00+00:00,32.149999999999999,32.75,31.550000000000001,32.700000000000003,579906,2330,32.472481999999999
2017-06-19 04:00:00+00:00,32.950000000000003,33.25,32.549999999999997,33,245930,2023,32.922550999999999
2017-06-20 04:00:00+00:00,33,33,32.399999999999999,32.649999999999999,335692,1950,32.575676000000001
2017-06-21 04:00:00+00:00,32.700000000000003,32.924999999999997,32.5,32.700000000000003,253052,2017,32.743957000000002
2017-06-22 04:00:00+00:00,32.75,32.75,31.949999999999999,32.049999999999997,268553,2409,32.210113
2017-06-23 04:00:00+00:00,32.100000000000001,32.700000000000003,31.699999999999999,32.600000000000001,2630581,3359,32.570188000000002
2017-06-26 04:00:00+00:00,32.850000000000001,33.75,32.75,33.450000000000003,399631,3225,33.350673999999998
2017-06-27 04:00:00+00:00,33.450000000000003,33.649999999999999,33.200000000000003,33.399999999999999,272774,2032,33.457963999999997
2017-06-28 04:00:00+00:00,33.5,35.674999999999997,33.450000000000003,35.350000000000001,789057,5388,34.928916000000001
2017-06-29 04:00:00+00:00,35.399999999999999,35.5,34.549999999999997,35,499033,3243,34.997441000000002
2017-06-30 04:00:00+00:00,35.049999999999997,35.700000000000003,34.549999999999997,35.600000000000001,447495,3244,35.312626999999999
2017-07-03 04:00:00+00:00,35.850000000000001,36.950000000000003,35.799999999999997,36.350000000000001,256277,2083,36.357306000000001
2017-07-05 04:00:00+00:00,36.549999999999997,36.549999999999997,35.850000000000001,36.100000000000001,533504,3584,36.033575999999996
2017-07-06 04:00:00+00:00,36.049999999999997,36.049999999999997,35.25,35.299999999999997,735932,3664,35.362828999999998
2017-07-07 04:00:00+00:00,35.399999999999999,36.200000000000003,35.25,35.899999999999999,292386,2386,35.713196000000003
2017-07-10 04:00:00+00:00,36.200000000000003,38.399999999999999,36.049999999999997,36.899999999999999,2157898,12106,37.335771999999999
2017-07-11 04:00:00+00:00,36.700000000000003,37.692999999999998,36.5,36.850000000000001,364946,2160,36.948062999999998
2017-07-12 04:00:00+00:00,36.350000000000001,36.975000000000001,36.100000000000001,36.299999999999997,472422,3747,36.40128
2017-07-13 04:00:00+00:00,36.450000000000003,36.799999999999997,36.174999999999997,36.5,329097,2659,36.530901999999998
2017-07-14 04:00:00+00:00,36.700000000000003,36.899999999999999,36.149999999999999,36.75,402893,2674,36.653061999999998
2017-07-17 04:00:00+00:00,36.700000000000003,36.950000000000003,36.649999999999999,36.799999999999997,340927,2701,36.769385999999997
2017-07-18 04:00:00+00:00,36.600000000000001,37.049999999999997,36.450000000000003,37,289061,2149,36.799937
2017-07-19 04:00:00+00:00,37.049999999999997,37.700000000000003,36.75,37.600000000000001,296112,2715,37.358891999999997
2017-07-20 04:00:00+00:00,37.75,37.950000000000003,37.399999999999999,37.75,319796,1793,37.744939000000002
2017-07-21 04:00:00+00:00,37.950000000000003,37.950000000000003,37.299999999999997,37.600000000000001,383646,1963,37.747982
2017-07-24 04:00:00+00:00,37.850000000000001,37.850000000000001,37.399999999999999,37.600000000000001,247895,2067,37.710416000000002
2017-07-25 04:00:00+00:00,37.899999999999999,38.045000000000002,37.649999999999999,37.799999999999997,222719,1966,37.849625000000003
2017-07-26 04:00:00+00:00,37.850000000000001,38.200000000000003,37.600000000000001,38.049999999999997,177190,1337,37.991942999999999
2017-07-27 04:00:00+00:00,38.149999999999999,38.674999999999997,37.700000000000003,38.399999999999999,307476,2141,38.272517999999998
2017-07-28 04:00:00+00:00,38.350000000000001,38.649999999999999,38.200000000000003,38.549999999999997,218793,1836,38.523238999999997
2017-07-31 04:00:00+00:00,38.649999999999999,38.75,38.075000000000003,38.450000000000003,389830,2585,38.398685
2017-08-01 04:00:00+00:00,38.700000000000003,38.850000000000001,37.850000000000001,37.950000000000003,462459,3605,38.276949999999999
2017-08-02 04:00:00+00:00,37.899999999999999,38.5,37.649999999999999,38.25,362787,3445,38.021296
2017-08-03 04:00:00+00:00,38.149999999999999,38.211799999999997,37.524999999999999,37.700000000000003,316335,2428,37.812531
2017-08-04 04:00:00+00:00,38.149999999999999,39.225000000000001,37.850000000000001,38.899999999999999,610991,4270,38.840913
2017-08-07 04:00:00+00:00,39,39.5,38.5,39.5,499861,3929,39.064866000000002
2017-08-08 04:00:00+00:00,39.200000000000003,39.600000000000001,38.899999999999999,39,418044,3275,39.208168000000001
2017-08-09 04:00:00+00:00,39.100000000000001,39.100000000000001,37.549999999999997,37.899999999999999,445931,2848,38.068652
2017-08-10 04:00:00+00:00,37.549999999999997,38.25,36.950000000000003,37.450000000000003,473339,3970,37.546103000000002
2017-08-11 04:00:00+00:00,37.399999999999999,37.700000000000003,36.700000000000003,36.75,449640,3456,36.934873000000003
2017-08-14 04:00:00+00:00,36.899999999999999,37.850000000000001,36.399999999999999,37.5,479277,3554,37.430169999999997
2017-08-15 04:00:00+00:00,37.600000000000001,37.700000000000003,36.399999999999999,36.549999999999997,283793,2473,36.731743999999999
2017-08-16 04:00:00+00:00,36.200000000000003,37.600000000000001,36.049999999999997,37.299999999999997,452390,4625,37.053286999999997
2017-08-17 04:00:00+00:00,37.049999999999997,37.299999999999997,36.649999999999999,36.950000000000003,379530,3240,37.044170000000001
2017-08-18 04:00:00+00:00,36.700000000000003,37.950000000000003,36.619999999999997,37.700000000000003,418292,3241,37.420938
2017-08-21 04:00:00+00:00,37.700000000000003,37.950000000000003,37.450000000000003,37.899999999999999,202541,1905,37.731405000000002
2017-08-22 04:00:00+00:00,38.100000000000001,38.799999999999997,38.100000000000001,38.75,215335,1711,38.596544999999999
2017-08-23 04:00:00+00:00,38.549999999999997,39.045000000000002,38.350000000000001,38.350000000000001,172492,1413,38.662742999999999
2017-08-24 04:00:00+00:00,38.5,38.9422,38.200000000000003,38.399999999999999,192001,3004,38.432146000000003
2017-08-25 04:00:00+00:00,38.649999999999999,38.850000000000001,38.299999999999997,38.75,148427,1484,38.625644999999999
2017-08-28 04:00:00+00:00,38.799999999999997,39.899999999999999,38.700000000000003,39.799999999999997,289168,3269,39.544786000000002
2017-08-29 04:00:00+00:00,39.549999999999997,39.75,38.850000000000001,39.549999999999997,218958,1751,39.444617999999998
2017-08-30 04:00:00+00:00,39.600000000000001,40.149999999999999,39.549999999999997,39.799999999999997,344332,3376,39.789538999999998
2017-08-31 04:00:00+00:00,39.899999999999999,40.149999999999999,39.450000000000003,40,237997,2290,39.888081999999997
2017-09-01 04:00:00+00:00,40.149999999999999,40.5,39.924999999999997,40,184115,1721,40.099283999999997
2017-09-05 04:00:00+00:00,40.200000000000003,40.200000000000003,39.149999999999999,39.200000000000003,295463,2693,39.497258000000002
2017-09-06 04:00:00+00:00,39.350000000000001,39.549999999999997,39.049999999999997,39.350000000000001,236878,3191,39.309387000000001
2017-09-07 04:00:00+00:00,39.399999999999999,39.549999999999997,39,39.200000000000003,167238,1814,39.238168999999999
2017-09-08 04:00:00+00:00,39.149999999999999,39.549999999999997,38.899999999999999,38.950000000000003,265737,2367,39.059581000000001
2017-09-11 04:00:00+00:00,39.149999999999999,40.049999999999997,39.049999999999997,40,328180,2660,39.863560999999997
2017-09-12 04:00:00+00:00,40,40.75,39.899999999999999,40.75,241546,2370,40.442582000000002
2017-09-13 04:00:00+00:00,40.649999999999999,42.049999999999997,40.450000000000003,41.450000000000003,385390,2983,41.480302999999999
2017-09-14 04:00:00+00:00,41.299999999999997,41.899999999999999,40.899999999999999,41.100000000000001,247109,2006,41.237274999999997
2017-09-15 04:00:00+00:00,41.200000000000003,41.600000000000001,40.75,41.5,1096495,2397,41.348363999999997
2017-09-18 04:00:00+00:00,41.600000000000001,41.850000000000001,41,41.700000000000003,270888,2848,41.462389999999999
2017-09-19 04:00:00+00:00,41.700000000000003,42.200000000000003,41.700000000000003,41.899999999999999,181730,1406,41.946176000000001
2017-09-20 04:00:00+00:00,41.950000000000003,42.25,41.600000000000001,41.649999999999999,291063,2041,41.922624999999996
2017-09-21 04:00:00+00:00,41.75,41.899999999999999,41.200000000000003,41.25,389865,3440,41.480083999999998
2017-09-22 04:00:00+00:00,41.350000000000001,41.700000000000003,40.649999999999999,41.5,411290,2769,41.511892000000003
2017-09-25 04:00:00+00:00,41.600000000000001,42.549999999999997,41.549999999999997,42.549999999999997,304909,2494,42.215071999999999
2017-09-26 04:00:00+00:00,42.600000000000001,43.174999999999997,42.600000000000001,42.950000000000003,243526,2094,42.979430999999998
2017-09-27 04:00:00+00:00,43.100000000000001,43.450000000000003,42.950000000000003,43.100000000000001,329881,2813,43.166257999999999
2017-09-28 04:00:00+00:00,43.049999999999997,43.344999999999999,42.450000000000003,43.100000000000001,239614,2010,42.982748000000001
2017-09-29 04:00:00+00:00,43.200000000000003,43.549999999999997,42.950000000000003,43.100000000000001,394262,2303,43.152752999999997
2017-10-02 04:00:00+00:00,43.100000000000001,43.25,42.549999999999997,43.100000000000001,362859,3272,42.914625999999998
2017-10-03 04:00:00+00:00,43.350000000000001,43.558799999999998,41.299999999999997,41.700000000000003,455457,4599,41.968591000000004
2017-10-04 04:00:00+00:00,41.600000000000001,44.350000000000001,41.149999999999999,43.850000000000001,697392,6081,43.316654999999997
2017-10-05 04:00:00+00:00,44.049999999999997,46.799999999999997,43.049999999999997,43.549999999999997,1441486,10860,45.113036000000001
2017-10-06 04:00:00+00:00,43.350000000000001,43.75,42.5,43.75,354224,2649,43.243592
2017-10-09 04:00:00+00:00,43.75,44.200000000000003,43.450000000000003,44.100000000000001,325147,2177,44.018270000000001
2017-10-10 04:00:00+00:00,44.299999999999997,44.5,43.899999999999999,43.950000000000003,216795,1574,44.095695999999997
2017-10-11 04:00:00+00:00,43.850000000000001,44.174999999999997,43.600000000000001,43.600000000000001,173965,1106,43.727888999999998
2017-10-12 04:00:00+00:00,43.600000000000001,43.649999999999999,42.649999999999999,43.100000000000001,214033,2100,43.181589000000002
2017-10-13 04:00:00+00:00,41.950000000000003,42.020000000000003,40.604999999999997,41.5,629434,4308,41.342032000000003
2017-10-16 04:00:00+00:00,41.399999999999999,41.950000000000003,40.899999999999999,41.700000000000003,413149,3212,41.577236999999997
2017-10-17 04:00:00+00:00,41.75,42.549999999999997,41.649999999999999,42.049999999999997,267669,2717,42.154510000000002
2017-10-18 04:00:00+00:00,42.299999999999997,42.744999999999997,41.850000000000001,42.299999999999997,266058,2145,42.399236999999999
2017-10-19 04:00:00+00:00,41.950000000000003,43.825000000000003,41.700000000000003,43.450000000000003,505129,3570,42.873562
2017-10-20 04:00:00+00:00,43.799999999999997,44.850000000000001,43.649999999999999,44.200000000000003,283783,2234,44.218473000000003
2017-10-23 04:00:00+00:00,44.399999999999999,44.399999999999999,42.75,43.049999999999997,440768,4155,43.213327
2017-10-24 04:00:00+00:00,43.450000000000003,44.450000000000003,43.450000000000003,44.049999999999997,208695,2627,44.080885000000002
2017-10-25 04:00:00+00:00,43.850000000000001,44,42.899999999999999,43.899999999999999,207029,2207,43.671166999999997
2017-10-26 04:00:00+00:00,43.899999999999999,44.399999999999999,43.549999999999997,43.850000000000001,102368,1088,43.955249999999999
2017-10-27 04:00:00+00:00,43.799999999999997,44.25,43.350000000000001,44.174999999999997,130969,1977,44.035367000000001
2017-10-30 04:00:00+00:00,44.049999999999997,44.25,42.924999999999997,42.950000000000003,215768,2277,43.287565999999998
2017-10-31 04:00:00+00:00,43.299999999999997,43.299999999999997,42.450000000000003,42.549999999999997,319968,2940,42.822861000000003
2017-11-01 04:00:00+00:00,43.100000000000001,43.5,42.049999999999997,42.200000000000003,271904,2277,42.453690000000002
2017-11-02 04:00:00+00:00,41.600000000000001,41.649999999999999,37.75,40.225000000000001,792760,6326,39.688602000000003
2017-11-03 04:00:00+00:00,40.399999999999999,40.399999999999999,39.924999999999997,40.274999999999999,419896,3049,40.110342000000003
2017-11-06 05:00:00+00:00,40.149999999999999,40.700000000000003,39.924999999999997,40.049999999999997,500844,3842,40.129370999999999
2017-11-07 05:00:00+00:00,39.899999999999999,40.399999999999999,39.899999999999999,40.049999999999997,408992,4120,40.055624999999999
2017-11-08 05:00:00+00:00,39.75,40.649999999999999,39.200000000000003,39.25,649940,4116,39.550505000000001
2017-11-09 05:00:00+00:00,39.049999999999997,39.399999999999999,38.5,38.899999999999999,300490,3311,38.972968999999999
2017-11-10 05:00:00+00:00,38.75,39,38.5,38.549999999999997,378153,2704,38.644607999999998
2017-11-13 05:00:00+00:00,38.350000000000001,38.899999999999999,38.049999999999997,38.549999999999997,494083,3445,38.602415999999998
2017-11-14 05:00:00+00:00,38.5,38.799999999999997,38.325000000000003,38.549999999999997,593251,4469,38.530071999999997
2017-11-15 05:00:00+00:00,38.299999999999997,38.299999999999997,37.600000000000001,37.649999999999999,396228,2926,37.849589999999999
2017-11-16 05:00:00+00:00,37.600000000000001,37.770299999999999,36.549999999999997,36.850000000000001,383271,3270,36.967233999999998
2017-11-17 05:00:00+00:00,36.700000000000003,37.350000000000001,36.350000000000001,37.350000000000001,304522,2288,37.004572000000003
2017-11-20 05:00:00+00:00,37.399999999999999,38.299999999999997,37.25,38.100000000000001,245357,2494,38.043016000000001
2017-11-21 05:00:00+00:00,38.100000000000001,38.600000000000001,38,38.299999999999997,424545,1880,38.261691999999996
2017-11-22 05:00:00+00:00,38.450000000000003,38.450000000000003,37.899999999999999,38.25,185997,1254,38.235940999999997
2017-11-24 05:00:00+00:00,38.299999999999997,38.399999999999999,37.950000000000003,38.049999999999997,79614,774,38.093601
2017-11-27 05:00:00+00:00,38,38.299999999999997,37.805,38.049999999999997,183743,1445,38.039906999999999
2017-11-28 05:00:00+00:00,38.200000000000003,38.850000000000001,38.195300000000003,38.799999999999997,219778,1790,38.687669
2017-11-29 05:00:00+00:00,38.75,39.299999999999997,38.75,38.899999999999999,193055,2309,39.053891999999998
2017-11-30 05:00:00+00:00,39.049999999999997,39.25,38.549999999999997,39,215114,2127,38.922215000000001
2017-12-01 05:00:00+00:00,39,39.350000000000001,37.799999999999997,39.149999999999999,621690,4259,39.009014000000001
2017-12-04 05:00:00+00:00,39.700000000000003,41.149999999999999,39.575000000000003,39.75,501477,4011,40.035938000000002
2017-12-05 05:00:00+00:00,39.549999999999997,39.649999999999999,39.049999999999997,39.049999999999997,293862,2407,39.253957
2017-12-06 05:00:00+00:00,39,39.450000000000003,38.825000000000003,39.049999999999997,203419,2072,39.089120999999999
2017-12-07 05:00:00+00:00,39.100000000000001,40.049999999999997,39.100000000000001,39.549999999999997,245782,1597,39.568326999999996
2017-12-08 05:00:00+00:00,39.700000000000003,40,39.399999999999999,39.649999999999999,211680,1805,39.689540999999998
2017-12-11 05:00:00+00:00,39.700000000000003,39.899999999999999,39.450000000000003,39.700000000000003,298837,2369,39.679304000000002
2017-12-12 05:00:00+00:00,39.75,40,39.200000000000003,39.649999999999999,192183,1868,39.533962000000002
2017-12-13 05:00:00+00:00,39.700000000000003,39.950000000000003,38.950000000000003,39.100000000000001,343345,2744,39.213329999999999
2017-12-14 05:00:00+00:00,39.100000000000001,39.395000000000003,37.75,37.799999999999997,431490,2992,38.177908000000002
2017-12-15 05:00:00+00:00,37.899999999999999,38.799999999999997,37.200000000000003,38.600000000000001,626511,3407,38.181575000000002
2017-12-18 05:00:00+00:00,38.899999999999999,39.600000000000001,38.600000000000001,38.850000000000001,238503,1595,38.901183000000003
2017-12-19 05:00:00+00:00,38.700000000000003,39.299999999999997,38.450000000000003,38.5,322538,2385,38.780298999999999
2017-12-20 05:00:00+00:00,38.850000000000001,39.674999999999997,38.450000000000003,39.299999999999997,341562,2406,39.207253000000001
2017-12-21 05:00:00+00:00,39.399999999999999,39.700000000000003,39.100000000000001,39.299999999999997,351354,2638,39.314422999999998
2017-12-22 05:00:00+00:00,39.350000000000001,39.350000000000001,38.799999999999997,39,262866,821,39.010725000000001
2017-12-26 05:00:00+00:00,39.149999999999999,39.299999999999997,38.649999999999999,39,126263,938,39.019540999999997
2017-12-27 05:00:00+00:00,39.049999999999997,39.213999999999999,38.649999999999999,38.899999999999999,106220,1123,38.899835000000003
2017-12-28 05:00:00+00:00,38.899999999999999,39.225000000000001,38.75,39.049999999999997,128009,988,39.034199000000001
2017-12-29 05:00:00+00:00,39.299999999999997,39.5,38.674999999999997,38.850000000000001,263106,1944,38.949457000000002
2018-01-02 05:00:00+00:00,38.950000000000003,38.953099999999999,38.549999999999997,38.75,209089,1774,38.742567999999999
2018-01-03 05:00:00+00:00,38.700000000000003,39.200000000000003,38.600000000000001,38.850000000000001,235905,2052,38.845886999999998
2018-01-04 05:00:00+00:00,38.950000000000003,39.5,38.950000000000003,39.299999999999997,156847,1502,39.270442000000003
2018-01-05 05:00:00+00:00,39.350000000000001,39.899999999999999,39,39.450000000000003,274411,1944,39.524833999999998
2018-01-08 05:00:00+00:00,39.299999999999997,39.350000000000001,38.299999999999997,38.350000000000001,399097,2535,38.520786000000001
2018-01-09 05:00:00+00:00,38.399999999999999,38.450000000000003,37.700000000000003,37.799999999999997,273828,2446,37.947172000000002
2018-01-10 05:00:00+00:00,37.899999999999999,37.950000000000003,36.850000000000001,37.700000000000003,214248,1818,37.451680000000003
2018-01-11 05:00:00+00:00,37.799999999999997,38.950000000000003,37.799999999999997,38.850000000000001,369325,2133,38.404187999999998
2018-01-12 05:00:00+00:00,38.899999999999999,39.649999999999999,38,39.450000000000003,176789,1290,39.331071000000001
2018-01-16 05:00:00+00:00,39.649999999999999,40.350000000000001,39.399999999999999,39.600000000000001,271267,2291,39.728034999999998
2018-01-17 05:00:00+00:00,39.850000000000001,40.350000000000001,39.350000000000001,40.200000000000003,162999,1530,40.068271000000003
2018-01-18 05:00:00+00:00,40.100000000000001,40.100000000000001,39.299999999999997,39.350000000000001,140144,1509,39.532583000000002
2018-01-19 05:00:00+00:00,39.350000000000001,40.100000000000001,39.104999999999997,40,154947,1036,39.844687999999998
2018-01-22 05:00:00+00:00,39.950000000000003,40.049999999999997,38.850000000000001,39.149999999999999,262281,1610,39.188383000000002
2018-01-23 05:00:00+00:00,39,39.25,38.700000000000003,38.950000000000003,87046,786,39.008391000000003
2018-01-24 05:00:00+00:00,39.200000000000003,39.450000000000003,38.399999999999999,39,178264,1303,38.944310000000002
2018-01-25 05:00:00+00:00,39.25,39.950000000000003,38.649999999999999,39.899999999999999,290065,1739,39.660724999999999
2018-01-26 05:00:00+00:00,40.200000000000003,40.200000000000003,39.200000000000003,39.450000000000003,136962,1205,39.538395000000001
2018-01-29 05:00:00+00:00,39.299999999999997,39.850000000000001,39.200000000000003,39.299999999999997,94113,881,39.461233999999997
2018-01-30 05:00:00+00:00,38.799999999999997,39.450000000000003,38.081000000000003,38.950000000000003,119864,1060,39.030489000000003
2018-01-31 05:00:00+00:00,39,39.200000000000003,37.996699999999997,38.350000000000001,252137,2096,38.303925
2018-02-01 05:00:00+00:00,38,38.325000000000003,37.549999999999997,37.799999999999997,298187,1416,37.871862999999998
2018-02-02 05:00:00+00:00,37.700000000000003,37.75,36.5,36.549999999999997,190190,1565,36.859644000000003
2018-02-05 05:00:00+00:00,36.350000000000001,36.5,35.200000000000003,35.200000000000003,282826,1586,35.655484000000001
2018-02-06 05:00:00+00:00,34.850000000000001,36.700000000000003,33.5,36.5,250370,1891,35.819339999999997
2018-02-07 05:00:00+00:00,36.399999999999999,37.049999999999997,36.350000000000001,36.850000000000001,179132,1356,36.765503000000002
2018-02-08 05:00:00+00:00,36.799999999999997,38.200000000000003,36.399999999999999,38.049999999999997,585608,3465,37.590119999999999
2018-02-09 05:00:00+00:00,39.049999999999997,39.899999999999999,37.450000000000003,39.299999999999997,467588,3744,38.75882
2018-02-12 05:00:00+00:00,39.549999999999997,39.950000000000003,38.950000000000003,39.200000000000003,235338,2206,39.407764
2018-02-13 05:00:00+00:00,39,39.744999999999997,38.649999999999999,39.200000000000003,167318,1396,39.060716999999997
2018-02-14 05:00:00+00:00,38.799999999999997,39.850000000000001,38.649999999999999,39.799999999999997,151367,1836,39.467292
2018-02-15 05:00:00+00:00,39.899999999999999,40.200000000000003,39.350000000000001,39.5,182465,1795,39.582639
2018-02-16 05:00:00+00:00,39.350000000000001,39.600000000000001,38.600000000000001,38.649999999999999,191327,1318,38.850721999999998
2018-02-20 05:00:00+00:00,38.5,39.350000000000001,38.049999999999997,38.75,193142,1880,38.871746000000002
2018-02-21 05:00:00+00:00,38.799999999999997,39.5,38.700000000000003,38.799999999999997,123821,1303,39.053165999999997
2018-02-22 05:00:00+00:00,38.850000000000001,38.950000000000003,38.350000000000001,38.450000000000003,93026,956,38.548036000000003
2018-02-23 05:00:00+00:00,38.649999999999999,39.450000000000003,38.450000000000003,39.399999999999999,139109,1340,39.133068999999999
2018-02-26 05:00:00+00:00,39.350000000000001,40.5,39.100000000000001,40.200000000000003,192649,1677,39.928438999999997
2018-02-27 05:00:00+00:00,40.25,40.649999999999999,38.600000000000001,38.649999999999999,257609,1990,38.977355000000003
2018-02-28 05:00:00+00:00,41.049999999999997,41.049999999999997,37.549999999999997,37.549999999999997,505871,5034,38.729298
2018-03-01 05:00:00+00:00,37.5,37.5,35.600000000000001,36.600000000000001,506240,4037,36.121746999999999
2018-03-02 05:00:00+00:00,36.350000000000001,37.5,36.100000000000001,36.549999999999997,291026,3117,36.741540000000001
2018-03-05 05:00:00+00:00,36.399999999999999,37,36.149999999999999,36.75,299496,1760,36.661769
2018-03-06 05:00:00+00:00,36.850000000000001,36.950000000000003,36.350000000000001,36.950000000000003,241866,2191,36.77863
2018-03-07 05:00:00+00:00,36.450000000000003,36.899999999999999,36.200000000000003,36.549999999999997,242584,2140,36.495835999999997
2018-03-08 05:00:00+00:00,36.649999999999999,36.649999999999999,36,36.100000000000001,283059,1490,36.133153999999998
2018-03-09 05:00:00+00:00,36.299999999999997,36.850000000000001,36.100000000000001,36.799999999999997,136446,1215,36.657125999999998
2018-03-12 04:00:00+00:00,36.799999999999997,37.25,36.600000000000001,36.799999999999997,133247,1209,36.818995999999999
2018-03-13 04:00:00+00:00,37,37.600000000000001,36.950000000000003,37.350000000000001,183243,1400,37.325122999999998
2018-03-14 04:00:00+00:00,37.399999999999999,37.899999999999999,37.149999999999999,37.700000000000003,174758,1715,37.631093999999997
2018-03-15 04:00:00+00:00,37.649999999999999,37.850000000000001,37.375,37.649999999999999,651926,2898,37.657666999999996
2018-03-16 04:00:00+00:00,37.700000000000003,38.100000000000001,37.5,38,1161119,4835,37.809612999999999
2018-03-19 04:00:00+00:00,37.799999999999997,37.899999999999999,35.25,37.850000000000001,224813,2335,37.627437
2018-03-20 04:00:00+00:00,37.799999999999997,38.100000000000001,36.875,37.299999999999997,260913,2061,37.252716999999997
2018-03-21 04:00:00+00:00,37.299999999999997,38.100000000000001,37.299999999999997,37.350000000000001,418724,1687,37.755834999999998
2018-03-22 04:00:00+00:00,36.899999999999999,37.700000000000003,36.5,36.5,164235,1538,36.9343
2018-03-23 04:00:00+00:00,36.5,36.600000000000001,34.649999999999999,34.700000000000003,540880,3437,35.496839999999999
2018-03-26 04:00:00+00:00,35.149999999999999,35.600000000000001,34.255000000000003,35,441426,3790,34.742930000000001
2018-03-27 04:00:00+00:00,35.100000000000001,35.100000000000001,34.549999999999997,34.75,352371,2514,34.742860999999998
2018-03-28 04:00:00+00:00,34.850000000000001,35,34.100000000000001,34.350000000000001,165506,1634,34.423859
2018-03-29 04:00:00+00:00,34.350000000000001,35,34.299999999999997,34.899999999999999,519855,2471,34.814332999999998
2018-04-02 04:00:00+00:00,34.899999999999999,35.25,34.350000000000001,34.399999999999999,347924,2625,34.706453000000003
2018-04-03 04:00:00+00:00,34.549999999999997,34.850000000000001,34.25,34.5,242963,2101,34.456045000000003
2018-04-04 04:00:00+00:00,34.200000000000003,34.600000000000001,34.049999999999997,34.5,626142,5127,34.385446999999999
2018-04-05 04:00:00+00:00,34.700000000000003,35,34.475000000000001,34.649999999999999,783752,4187,34.611685000000001
2018-04-06 04:00:00+00:00,34.5,34.899999999999999,34.100000000000001,34.549999999999997,428781,2683,34.513263000000002
2018-04-09 04:00:00+00:00,34.75,35.299999999999997,34.450000000000003,34.950000000000003,243934,2397,35.007081999999997
2018-04-10 04:00:00+00:00,35.450000000000003,35.450000000000003,34.850000000000001,34.899999999999999,164367,1601,35.033208999999999
2018-04-11 04:00:00+00:00,34.700000000000003,35.149999999999999,34.700000000000003,34.899999999999999,172477,1610,34.942830999999998
2018-04-12 04:00:00+00:00,35.049999999999997,35.649999999999999,35,35.450000000000003,203458,1885,35.344346000000002
2018-04-13 04:00:00+00:00,35.649999999999999,35.649999999999999,35.100000000000001,35.200000000000003,300015,1862,35.280155000000001
2018-04-16 04:00:00+00:00,35.350000000000001,35.575000000000003,35.049999999999997,35.299999999999997,137431,1153,35.318956999999997
2018-04-17 04:00:00+00:00,35.549999999999997,35.799999999999997,35.049999999999997,35.200000000000003,265657,2131,35.257989000000002
2018-04-18 04:00:00+00:00,35.399999999999999,36,35.25,35.850000000000001,326177,2678,35.722842
2018-04-19 04:00:00+00:00,35.799999999999997,35.850000000000001,34.888199999999998,35,159068,1824,35.071758000000003
2018-04-20 04:00:00+00:00,34.850000000000001,35.149999999999999,34.149999999999999,35.049999999999997,208568,1975,34.982228999999997
2018-04-23 04:00:00+00:00,35,35.549999999999997,34.950000000000003,35.049999999999997,474686,1900,35.119475999999999
2018-04-24 04:00:00+00:00,35.200000000000003,35.299999999999997,34.549999999999997,34.75,114532,1308,34.866866000000002
2018-04-25 04:00:00+00:00,34.700000000000003,34.850000000000001,34.200000000000003,34.25,134226,1330,34.364645000000003
2018-04-26 04:00:00+00:00,34.399999999999999,35.899999999999999,33.899999999999999,34.100000000000001,133386,1232,34.105722
2018-04-27 04:00:00+00:00,34.149999999999999,34.200000000000003,33.700000000000003,33.700000000000003,143059,1510,33.899462
2018-04-30 04:00:00+00:00,33.850000000000001,34.049999999999997,33.200000000000003,33.25,255406,2040,33.437516000000002
2018-05-01 04:00:00+00:00,34.299999999999997,35.75,34.299999999999997,35.600000000000001,796033,5797,35.403401000000002
2018-05-02 04:00:00+00:00,35.700000000000003,35.899999999999999,35.700000000000003,35.899999999999999,10147,2,35.862983999999997
2018-05-03 04:00:00+00:00,35.75,35.75,35.049999999999997,35.049999999999997,19434,2,35.131979999999999
2018-05-04 04:00:00+00:00,35.049999999999997,35.524999999999999,34.799999999999997,35.100000000000001,637450,3147,35.208556000000002
2018-05-07 04:00:00+00:00,35.350000000000001,35.600000000000001,34.75,35.5,278217,2629,35.230839000000003
2018-05-08 04:00:00+00:00,35.450000000000003,35.899999999999999,35.299999999999997,35.5,171582,2097,35.510663999999998
2018-05-09 04:00:00+00:00,35.600000000000001,35.850000000000001,35.25,35.649999999999999,149041,1390,35.616289999999999
2018-05-10 04:00:00+00:00,35.75,36,35.324399999999997,35.649999999999999,210851,1639,35.559694
2018-05-11 04:00:00+00:00,35.549999999999997,36.149999999999999,35.5,35.799999999999997,125049,1368,35.738320000000002
2018-05-14 04:00:00+00:00,35.850000000000001,36.5,35.850000000000001,36.450000000000003,158538,1451,36.341222999999999
2018-05-15 04:00:00+00:00,36.399999999999999,36.825000000000003,36.299999999999997,36.75,136989,1451,36.668353000000003
2018-05-16 04:00:00+00:00,36.799999999999997,37.700000000000003,36.799999999999997,37.350000000000001,229811,1564,37.353521000000001
2018-05-17 04:00:00+00:00,37.299999999999997,38.049999999999997,37.049999999999997,37.850000000000001,143938,1572,37.811962999999999
2018-05-18 04:00:00+00:00,38,38.350000000000001,37.850000000000001,38.25,185212,1464,38.170318999999999
2018-05-21 04:00:00+00:00,38.399999999999999,38.924999999999997,38.100000000000001,38.799999999999997,155553,1371,38.666117999999997
2018-05-22 04:00:00+00:00,38.950000000000003,39,38.350000000000001,38.5,157561,1551,38.695700000000002
2018-05-23 04:00:00+00:00,38.350000000000001,38.850000000000001,38.299999999999997,38.549999999999997,124459,1412,38.629838999999997
2018-05-24 04:00:00+00:00,38.399999999999999,39,38.149999999999999,39,254773,1384,38.814439999999998
2018-05-25 04:00:00+00:00,38.950000000000003,39.450000000000003,38.950000000000003,39.299999999999997,128199,1174,39.251361000000003
2018-05-29 04:00:00+00:00,39.049999999999997,39.399999999999999,38.700000000000003,39.100000000000001,211559,1575,39.06973
2018-05-30 04:00:00+00:00,39.25,39.799999999999997,39.25,39.700000000000003,128790,1296,39.648873999999999
2018-05-31 04:00:00+00:00,39.75,40,39.450000000000003,39.75,214169,1736,39.749516999999997
2018-06-01 04:00:00+00:00,39.899999999999999,40.700000000000003,39.700000000000003,40.5,247827,2271,40.3354
2018-06-04 04:00:00+00:00,40.549999999999997,41.399999999999999,40.549999999999997,41,171864,1784,41.009326000000001
2018-06-05 04:00:00+00:00,41,41.899999999999999,41,41.850000000000001,118335,1321,41.510326999999997
2018-06-06 04:00:00+00:00,41.799999999999997,42.524999999999999,41.204999999999998,42.399999999999999,158520,1474,42.185639000000002
2018-06-07 04:00:00+00:00,42.5,42.850000000000001,40.515000000000001,42.700000000000003,200571,2023,42.548487999999999
2018-06-08 04:00:00+00:00,42.600000000000001,43,42,42.200000000000003,180483,1610,42.302683000000002
2018-06-11 04:00:00+00:00,42.200000000000003,43.420000000000002,42.049999999999997,42.399999999999999,135285,1752,42.308819
2018-06-12 04:00:00+00:00,42.549999999999997,42.899999999999999,42.049999999999997,42.25,175379,1784,42.298336999999997
2018-06-13 04:00:00+00:00,42.25,42.850000000000001,42.174999999999997,42.700000000000003,124718,1473,42.624602000000003
2018-06-14 04:00:00+00:00,42.850000000000001,44,42.700000000000003,43.700000000000003,166932,2062,43.525817000000004
2018-06-15 04:00:00+00:00,43.450000000000003,43.600000000000001,42.799999999999997,43.399999999999999,398348,1473,43.378734999999999
2018-06-18 04:00:00+00:00,43.399999999999999,44.350000000000001,43,43.899999999999999,166326,1785,43.943323999999997
2018-06-19 04:00:00+00:00,43.75,44.200000000000003,43.299999999999997,44.100000000000001,266527,1880,43.722282999999997
2018-06-20 04:00:00+00:00,44.700000000000003,46,44.350000000000001,45.75,267029,2365,45.594991
2018-06-21 04:00:00+00:00,46.049999999999997,46.5,45.25,46.100000000000001,222178,2037,45.935267000000003
2018-06-22 04:00:00+00:00,46.299999999999997,46.5,45.774999999999999,46.5,574765,1747,46.446528000000001
2018-06-25 04:00:00+00:00,46.450000000000003,46.450000000000003,45.450000000000003,45.899999999999999,487800,3033,45.935718000000001
2018-06-26 04:00:00+00:00,46,47.5,45.600000000000001,47.399999999999999,296462,2342,46.746733999999996
2018-06-27 04:00:00+00:00,47.549999999999997,48,46.450000000000003,46.450000000000003,208074,2125,47.029280999999997
2018-06-28 04:00:00+00:00,46.450000000000003,46.549999999999997,45.350000000000001,46.350000000000001,185957,1877,46.179343000000003
2018-06-29 04:00:00+00:00,46.549999999999997,46.700000000000003,46,46.549999999999997,235408,1763,46.497782000000001
2018-07-02 04:00:00+00:00,46.299999999999997,47.799999999999997,45.899999999999999,47.75,269640,2408,47.073521999999997
2018-07-03 04:00:00+00:00,48.049999999999997,49.100000000000001,48.049999999999997,49,138158,1328,48.749940000000002
2018-07-05 04:00:00+00:00,49.450000000000003,51.600000000000001,49.399999999999999,51.350000000000001,438856,4002,50.606701999999999
2018-07-06 04:00:00+00:00,51.600000000000001,53.049999999999997,51.5,52.899999999999999,581477,4943,52.293816999999997
2018-07-09 04:00:00+00:00,52.899999999999999,53.350000000000001,51.5,52.149999999999999,561351,3673,52.161633999999999
2018-07-10 04:00:00+00:00,52,52.950000000000003,52,52.899999999999999,209306,1929,52.581361000000001
2018-07-11 04:00:00+00:00,53.100000000000001,53.200000000000003,52.200000000000003,52.600000000000001,331613,2618,52.682276999999999
2018-07-12 04:00:00+00:00,52.75,52.75,52.125,52.200000000000003,180801,2536,52.390307999999997
2018-07-13 04:00:00+00:00,52.049999999999997,52.600000000000001,52.049999999999997,52.200000000000003,107025,1195,52.264381
2018-07-16 04:00:00+00:00,53,53.950000000000003,52.200000000000003,52.600000000000001,270292,2085,52.601349999999996
2018-07-17 04:00:00+00:00,52.649999999999999,52.950000000000003,52.200000000000003,52.450000000000003,208309,1447,52.477634000000002
2018-07-18 04:00:00+00:00,52.399999999999999,52.899999999999999,52.200000000000003,52.450000000000003,185181,1786,52.479488000000003
2018-07-19 04:00:00+00:00,52.399999999999999,52.5,51.649999999999999,51.799999999999997,254888,2247,51.859265999999998
2018-07-20 04:00:00+00:00,51.799999999999997,52.646700000000003,50.725000000000001,50.950000000000003,246377,2077,51.077393999999998
2018-07-23 04:00:00+00:00,50.649999999999999,51.524999999999999,50.450000000000003,51.149999999999999,261085,2744,51.171242999999997
2018-07-24 04:00:00+00:00,51.5,51.75,50.549999999999997,50.850000000000001,244298,2505,50.958578000000003
2018-07-25 04:00:00+00:00,50.75,50.75,49.450000000000003,50,280335,3039,49.941369000000002
2018-07-26 04:00:00+00:00,49.950000000000003,50.450000000000003,49.600000000000001,50,190744,2031,50.005746000000002
2018-07-27 04:00:00+00:00,50,50.25,48.75,49.149999999999999,148528,1524,49.209803999999998
2018-07-30 04:00:00+00:00,49.049999999999997,49.5,47.149999999999999,49.049999999999997,164961,1890,49.083393000000001
2018-07-31 04:00:00+00:00,49.200000000000003,50,49.049999999999997,49.700000000000003,283561,2265,49.658265
2018-08-01 04:00:00+00:00,49.700000000000003,50.200000000000003,49.200000000000003,49.5,188169,1937,49.572282999999999
2018-08-02 04:00:00+00:00,51.549999999999997,62.25,50.049999999999997,61.75,668282,6167,59.743833000000002
2018-08-03 04:00:00+00:00,61.700000000000003,62.799999999999997,60.299999999999997,61.450000000000003,298516,2811,61.422643999999998
2018-08-06 04:00:00+00:00,61.799999999999997,62.75,60,62.549999999999997,362184,3187,61.543595000000003
2018-08-07 04:00:00+00:00,62.549999999999997,64.900000000000006,62.399999999999999,63.25,340703,2653,63.571268000000003
2018-08-08 04:00:00+00:00,63.299999999999997,64.025000000000006,62.200000000000003,63.950000000000003,155866,1739,63.408602000000002
2018-08-09 04:00:00+00:00,63.75,64.5,63,63.75,111644,1360,63.766753000000001
2018-08-10 04:00:00+00:00,63.450000000000003,64.557900000000004,62.954999999999998,63.799999999999997,175294,2088,63.868845999999998
2018-08-13 04:00:00+00:00,63.700000000000003,64.549999999999997,63.100000000000001,64.400000000000006,321825,3344,64.002105999999998
2018-08-14 04:00:00+00:00,64.75,68.299999999999997,64.75,67.200000000000003,266859,2987,67.331524999999999
2018-08-15 04:00:00+00:00,67.150000000000006,67.150000000000006,64.299999999999997,64.5,367580,4493,64.856202999999994
2018-08-16 04:00:00+00:00,65,66.299999999999997,64.525000000000006,64.849999999999994,310730,3383,65.095119999999994
2018-08-17 04:00:00+00:00,64.349999999999994,64.400000000000006,63.424999999999997,63.899999999999999,281527,2728,63.887937000000001
2018-08-20 04:00:00+00:00,63.899999999999999,64.25,63.75,63.75,253276,2216,63.889853000000002
2018-08-21 04:00:00+00:00,63.950000000000003,65.099999999999994,63.400300000000001,64.599999999999994,341656,2722,64.458427999999998
2018-08-22 04:00:00+00:00,64.450000000000003,64.950000000000003,63.899999999999999,64.299999999999997,297555,2923,64.327848000000003
2018-08-23 04:00:00+00:00,64.150000000000006,65.349999999999994,63.899999999999999,64.150000000000006,147966,1909,64.504716000000002
2018-08-24 04:00:00+00:00,64.099999999999994,65.299999999999997,64.099999999999994,64.75,183565,1627,64.735275999999999
2018-08-27 04:00:00+00:00,65.150000000000006,65.700000000000003,64.799999999999997,65.049999999999997,148370,1748,65.254963000000004
2018-08-28 04:00:00+00:00,65.049999999999997,65.049999999999997,63.049999999999997,63.850000000000001,225586,2144,63.887802999999998
2018-08-29 04:00:00+00:00,63.899999999999999,65.150000000000006,62.600000000000001,65,168941,2146,64.523752000000002
2018-08-30 04:00:00+00:00,65.25,65.599999999999994,64.450000000000003,64.700000000000003,179142,1922,64.941553999999996
2018-08-31 04:00:00+00:00,64.400000000000006,66.25,64.400000000000006,66.049999999999997,200376,2014,65.664841999999993
2018-09-04 04:00:00+00:00,65.900000000000006,67.150000000000006,65.450000000000003,66.799999999999997,170747,2205,66.612011999999993
2018-09-05 04:00:00+00:00,67,68.75,65.380300000000005,68.25,369897,3174,67.912518000000006
2018-09-06 04:00:00+00:00,68.25,69.098299999999995,67.299999999999997,68.349999999999994,305228,2947,68.153756999999999
2018-09-07 04:00:00+00:00,68.200000000000003,69.25,67.400000000000006,68,190306,2865,68.123057000000003
2018-09-10 04:00:00+00:00,68.450000000000003,70.349999999999994,68.1755,69.75,318549,2541,69.601228000000006
2018-09-11 04:00:00+00:00,69.549999999999997,70.849999999999994,68.650000000000006,70.549999999999997,232796,2445,70.239692000000005
2018-09-12 04:00:00+00:00,70.599999999999994,71.799999999999997,69.849999999999994,69.849999999999994,314215,2608,70.345568999999998
2018-09-13 04:00:00+00:00,69.900000000000006,70.599999999999994,67.900000000000006,68.150000000000006,350478,3350,68.379119000000003
2018-09-14 04:00:00+00:00,68.400000000000006,70.200000000000003,67.099999999999994,69.950000000000003,353629,3033,69.250200000000007
2018-09-17 04:00:00+00:00,69.799999999999997,69.900000000000006,68,68.849999999999994,393655,3056,68.726163
2018-09-18 04:00:00+00:00,69,70.299999999999997,68.650000000000006,69.75,224084,2530,69.543245999999996
2018-09-19 04:00:00+00:00,69.700000000000003,71.549999999999997,69.549999999999997,71.049999999999997,499879,2800,71.021923999999999
2018-09-20 04:00:00+00:00,71.799999999999997,72.799999999999997,70.75,72.099999999999994,646149,3584,72.066963999999999
2018-09-21 04:00:00+00:00,72.299999999999997,73.099999999999994,71.650000000000006,71.849999999999994,895396,2892,72.021154999999993
2018-09-24 04:00:00+00:00,71.650000000000006,71.650000000000006,69.799999999999997,71,501869,2524,70.905945000000003
2018-09-25 04:00:00+00:00,70.799999999999997,70.799999999999997,69.450000000000003,69.950000000000003,465170,2707,69.996763000000001
2018-09-26 04:00:00+00:00,70.099999999999994,71,69.650000000000006,69.849999999999994,277446,1864,70.228077999999996
2018-09-27 04:00:00+00:00,69.900000000000006,70.900000000000006,68.905000000000001,70,218658,1697,70.265900000000002
2018-09-28 04:00:00+00:00,69.450000000000003,71.474999999999994,69.450000000000003,70.049999999999997,390449,2430,70.256663000000003
2018-10-01 04:00:00+00:00,70.489999999999995,70.969999999999999,66.700000000000003,66.870000000000005,289475,3758,67.764797999999999
2018-10-02 04:00:00+00:00,66.400000000000006,68.221900000000005,65.760000000000005,67.530000000000001,223216,2872,67.527593999999993
2018-10-03 04:00:00+00:00,67.760000000000005,69,67.709999999999994,68.319999999999993,195890,2086,68.304421000000005
2018-10-04 04:00:00+00:00,68.120000000000005,68.284999999999997,66.040000000000006,66.5,185405,2259,66.744484
2018-10-05 04:00:00+00:00,66.560000000000002,67.129999999999995,65.280000000000001,66.129999999999995,264730,2903,66.098011999999997
2018-10-08 04:00:00+00:00,65.890000000000001,66.280000000000001,64.510000000000005,65.060000000000002,284866,2776,65.136111
2018-10-09 04:00:00+00:00,64.989999999999995,65.489999999999995,63.689999999999998,64.25,265026,2185,64.252831
2018-10-10 04:00:00+00:00,64,64,59.979999999999997,60.07,426075,4255,60.909458999999998
2018-10-11 04:00:00+00:00,59.899999999999999,61.350000000000001,58.8384,58.920000000000002,441052,4306,59.969633999999999
2018-10-12 04:00:00+00:00,59.969999999999999,61.119900000000001,58.509999999999998,59.270000000000003,277029,2399,59.361823000000001
2018-10-15 04:00:00+00:00,59.270000000000003,60.68,58.840000000000003,59.659999999999997,171806,2923,59.764673999999999
2018-10-16 04:00:00+00:00,60.189999999999998,61.539999999999999,59.659999999999997,61.299999999999997,304770,1988,61.030862999999997
2018-10-17 04:00:00+00:00,61.200000000000003,62.490000000000002,59.240000000000002,60.390000000000001,172135,1934,60.368907999999998
2018-10-18 04:00:00+00:00,60,60.340000000000003,58.229999999999997,58.539999999999999,182210,1896,58.825111
2018-10-19 04:00:00+00:00,58.939999999999998,59.119999999999997,56.914999999999999,57.299999999999997,202945,2835,57.70384
2018-10-22 04:00:00+00:00,57.310000000000002,58.090000000000003,56.384999999999998,56.909999999999997,241080,2895,57.060841000000003
2018-10-23 04:00:00+00:00,56.009999999999998,56.009999999999998,52.729999999999997,55.210000000000001,422846,4468,54.626455
2018-10-24 04:00:00+00:00,54.960000000000001,55.229999999999997,51.409999999999997,51.579999999999998,423564,3664,52.535449
2018-10-25 04:00:00+00:00,52,53,51.695,52.390000000000001,361547,2661,52.552636999999997
2018-10-26 04:00:00+00:00,51.560000000000002,52.920000000000002,50.020000000000003,51.780000000000001,306863,2807,51.959426000000001
2018-10-29 04:00:00+00:00,52.549999999999997,53.700000000000003,49.969999999999999,50.659999999999997,188123,1794,51.427017999999997
2018-10-30 04:00:00+00:00,50.520000000000003,51.920000000000002,50.200000000000003,51.68,257036,2622,51.346938000000002
2018-10-31 04:00:00+00:00,52.149999999999999,54,52.149999999999999,53.729999999999997,396982,3028,53.494022999999999
2018-11-01 04:00:00+00:00,61.280000000000001,66.920000000000002,59.409999999999997,63.18,946340,8172,63.479531000000001
2018-11-02 04:00:00+00:00,63.630000000000003,64.409999999999997,62.130000000000003,63.920000000000002,414879,4341,63.450896
2018-11-05 05:00:00+00:00,63.969999999999999,66.049999999999997,63.524999999999999,65.159999999999997,418189,4100,65.256422999999998
2018-11-06 05:00:00+00:00,65.170000000000002,67.659999999999997,64.780000000000001,67.349999999999994,318770,3803,66.725170000000006
2018-11-07 05:00:00+00:00,67.560000000000002,73.540000000000006,66.859999999999999,69.209999999999994,933394,7973,70.905023999999997
2018-11-08 05:00:00+00:00,69.079999999999998,69.079999999999998,66.319999999999993,67.700000000000003,260703,2519,67.568678000000006
2018-11-09 05:00:00+00:00,67.010000000000005,67.049999999999997,64.629999999999995,66.930000000000007,238733,2453,66.453131999999997
2018-11-12 05:00:00+00:00,67.230000000000004,68.290000000000006,65.730000000000004,67.269999999999996,197011,2190,67.278126999999998
2018-11-13 05:00:00+00:00,67.829999999999998,70.069999999999993,66.969999999999999,68.939999999999998,315851,2541,69.028222999999997
2018-11-14 05:00:00+00:00,69.530000000000001,70.088999999999999,68.010000000000005,68.689999999999998,263420,1785,68.790175000000005
2018-11-15 05:00:00+00:00,68.019999999999996,71.689999999999998,66.950000000000003,71.680000000000007,291442,3122,70.474619000000004
2018-11-16 05:00:00+00:00,70.980000000000004,75.489999999999995,70.840000000000003,75.170000000000002,963766,6674,74.087215999999998
2018-11-19 05:00:00+00:00,75.349999999999994,76.769900000000007,71.010000000000005,72.760000000000005,389362,3777,73.029383999999993
2018-11-20 05:00:00+00:00,71.159999999999997,71.974999999999994,66.900000000000006,67.150000000000006,422917,3923,68.922036000000006
2018-11-21 05:00:00+00:00,67.439999999999998,69.400000000000006,67.349999999999994,67.590000000000003,274639,3091,68.160798999999997
2018-11-23 05:00:00+00:00,65.459999999999994,65.459999999999994,61.409999999999997,63.189999999999998,320544,2549,63.039686000000003
2018-11-26 05:00:00+00:00,63.780000000000001,66.090000000000003,63.484099999999998,65.900000000000006,237869,2655,65.264472999999995
2018-11-27 05:00:00+00:00,65.909999999999997,66.480000000000004,63.07,63.270000000000003,387678,2654,63.564188999999999
2018-11-28 05:00:00+00:00,63.280000000000001,64.825000000000003,62.240000000000002,64.680000000000007,426491,3769,64.050396000000006
2018-11-29 05:00:00+00:00,64.549999999999997,66.879999999999995,64.239999999999995,65.950000000000003,266078,2699,65.853977999999998
2018-11-30 05:00:00+00:00,65.569999999999993,67.855000000000004,63.287700000000001,63.710000000000001,783655,4733,63.983654999999999
2018-12-03 05:00:00+00:00,65.340000000000003,66.379999999999995,63.780000000000001,64.900000000000006,469797,4031,64.895285999999999
2018-12-04 05:00:00+00:00,64.670000000000002,65.969999999999999,61.956000000000003,63.25,287020,3441,63.637993000000002
2018-12-06 05:00:00+00:00,62.329999999999998,64.284999999999997,60.479999999999997,64.049999999999997,428206,3887,63.186923
2018-12-07 05:00:00+00:00,64.219999999999999,65.465199999999996,61.170000000000002,61.700000000000003,259601,2692,62.329611999999997
2018-12-10 05:00:00+00:00,62.07,64.469999999999999,60.909999999999997,64.189999999999998,427720,4916,63.657187999999998
2018-12-11 05:00:00+00:00,65.409999999999997,67.969999999999999,63.700000000000003,65.489999999999995,538605,5895,66.011827999999994
2018-12-12 05:00:00+00:00,66.359999999999999,67.819999999999993,64.620000000000005,65.260000000000005,325476,3359,65.381883999999999
2018-12-13 05:00:00+00:00,65.439999999999998,66.760000000000005,62.969999999999999,64.049999999999997,231593,3264,64.390877000000003
2018-12-14 05:00:00+00:00,63.18,64.555000000000007,60.950000000000003,61.479999999999997,362900,3604,62.265925000000003
2018-12-17 05:00:00+00:00,61.509999999999998,63.501899999999999,59.119999999999997,59.420000000000002,479586,4128,60.015051
2018-12-18 05:00:00+00:00,60.200000000000003,61.3352,59.590000000000003,60.009999999999998,498153,4371,60.194310999999999
2018-12-19 05:00:00+00:00,60.329999999999998,63.490000000000002,58.640000000000001,58.740000000000002,537096,3607,59.600588999999999
2018-12-20 05:00:00+00:00,58.700000000000003,59.450000000000003,55.770000000000003,56,536130,4200,56.485790000000001
2018-12-21 05:00:00+00:00,56.090000000000003,57.725000000000001,53.969999999999999,54.030000000000001,924084,4438,54.654429999999998
2018-12-24 05:00:00+00:00,53.450000000000003,54.990000000000002,52.579999999999998,53.729999999999997,135257,1752,53.725904
2018-12-26 05:00:00+00:00,54.229999999999997,56.534999999999997,52.82,56.289999999999999,289535,3947,55.152126000000003
2018-12-27 05:00:00+00:00,55.289999999999999,58.039999999999999,54.740000000000002,58.030000000000001,299248,3490,57.269618999999999
2018-12-28 05:00:00+00:00,58.310000000000002,61.335000000000001,57.719999999999999,59.93,727078,5327,59.699770000000001
2018-12-31 05:00:00+00:00,60.32,60.780000000000001,58.020000000000003,58.869999999999997,408963,3766,58.994103000000003
2019-01-02 05:00:00+00:00,57.810000000000002,59.465000000000003,56.509999999999998,56.990000000000002,386647,2654,57.106569999999998
2019-01-03 05:00:00+00:00,56.640000000000001,57.5,54.210000000000001,56.219999999999999,319630,5102,56.176523000000003
2019-01-04 05:00:00+00:00,57.07,59.649999999999999,56.189999999999998,59.289999999999999,205651,2704,58.800263000000001
2019-01-07 05:00:00+00:00,59.310000000000002,61.060000000000002,58.399999999999999,60.390000000000001,294265,3524,60.093302000000001
2019-01-08 05:00:00+00:00,60.93,62.450000000000003,58.219999999999999,62.390000000000001,249778,2994,61.754578000000002
2019-01-09 05:00:00+00:00,62.740000000000002,65.140000000000001,62.450000000000003,64.620000000000005,265563,2941,64.301382000000004
2019-01-10 05:00:00+00:00,64.019999999999996,65.260000000000005,63.600000000000001,64.870000000000005,294350,3441,64.790272000000002
2019-01-11 05:00:00+00:00,64.920000000000002,65.715000000000003,62.549999999999997,62.950000000000003,298110,3137,63.390616000000001
2019-01-14 05:00:00+00:00,62.439999999999998,63.789999999999999,62,62.509999999999998,202353,3229,62.876598999999999
2019-01-15 05:00:00+00:00,62.359999999999999,63.094999999999999,61.649999999999999,62.899999999999999,241941,2401,62.565573000000001
2019-01-16 05:00:00+00:00,63.049999999999997,64.310000000000002,61.829999999999998,63.82,262477,3305,63.477882999999999
2019-01-17 05:00:00+00:00,63.390000000000001,64.640000000000001,63.259999999999998,64.390000000000001,301376,3341,64.006766999999996
2019-01-18 05:00:00+00:00,64.390000000000001,64.390000000000001,62.5,63.909999999999997,261363,3113,63.615952999999998
2019-01-22 05:00:00+00:00,63.490000000000002,64.170000000000002,60.610300000000002,61.130000000000003,256711,3631,61.834532000000003
2019-01-23 05:00:00+00:00,61.479999999999997,62.332000000000001,60.090000000000003,60.649999999999999,211435,2465,60.758341999999999
2019-01-24 05:00:00+00:00,60.659999999999997,61.409999999999997,60.384999999999998,60.979999999999997,254046,2133,60.959215999999998
2019-01-25 05:00:00+00:00,61.530000000000001,61.617800000000003,60.369999999999997,60.759999999999998,186818,2342,60.871631000000001
2019-01-28 05:00:00+00:00,60.229999999999997,60.799999999999997,59.409999999999997,60.060000000000002,162240,1732,60.091209999999997
2019-01-29 05:00:00+00:00,59.920000000000002,60.564999999999998,59.100000000000001,59.420000000000002,158381,1878,59.599314999999997
2019-01-30 05:00:00+00:00,59.859999999999999,60.229999999999997,58.649999999999999,59.399999999999999,189855,2231,59.362889000000003
2019-01-31 05:00:00+00:00,59.369999999999997,59.729999999999997,57.880000000000003,59.329999999999998,487114,4659,58.932113999999999
2019-02-01 05:00:00+00:00,59.32,61.710000000000001,58.7605,59.539999999999999,785367,4591,59.655757000000001
2019-02-04 05:00:00+00:00,59.490000000000002,63.200000000000003,58.859999999999999,61.979999999999997,279610,3097,61.798054999999998
2019-02-05 05:00:00+00:00,62.140000000000001,62.909999999999997,61.490000000000002,61.740000000000002,222298,2842,62.156025999999997
2019-02-06 05:00:00+00:00,61.729999999999997,62.170000000000002,60.840000000000003,60.890000000000001,209372,1628,61.231718999999998
2019-02-07 05:00:00+00:00,60.289999999999999,60.75,58.689999999999998,60.189999999999998,273313,3190,59.901255999999997
2019-02-08 05:00:00+00:00,59.890000000000001,61.189999999999998,58.100000000000001,60.579999999999998,587592,4213,60.378934000000001
2019-02-11 05:00:00+00:00,60.810000000000002,61.920000000000002,59.899999999999999,61.869999999999997,250581,3511,61.224618
2019-02-12 05:00:00+00:00,62.039999999999999,62.82,60.909999999999997,62.340000000000003,253616,2563,61.893300000000004
2019-02-13 05:00:00+00:00,62.479999999999997,63.197899999999997,59.630000000000003,60.229999999999997,276072,2918,60.455984000000001
2019-02-14 05:00:00+00:00,59.850000000000001,60.359999999999999,59.509999999999998,59.859999999999999,275887,2826,59.883414000000002
2019-02-15 05:00:00+00:00,60.380000000000003,61.259999999999998,58.399999999999999,61.159999999999997,1097526,6774,60.398378999999998
2019-02-19 05:00:00+00:00,61.439999999999998,62.93,60.740000000000002,61.890000000000001,362759,3245,62.105753
2019-02-20 05:00:00+00:00,61.969999999999999,62.420000000000002,60.869999999999997,61.869999999999997,277614,2380,61.834243000000001
2019-02-21 05:00:00+00:00,61.799999999999997,62.5,60.530000000000001,62.030000000000001,135514,2015,61.872619
2019-02-22 05:00:00+00:00,62.369999999999997,62.770000000000003,61.289999999999999,61.670000000000002,178055,1831,61.825254000000001
2019-02-25 05:00:00+00:00,62.049999999999997,62.93,61.310499999999998,62.850000000000001,262137,2680,62.46611
2019-02-26 05:00:00+00:00,62.689999999999998,63.130000000000003,61.130000000000003,61.130000000000003,331660,4373,62.184694999999998
2019-02-27 05:00:00+00:00,64.840000000000003,69.870000000000005,62.689999999999998,63.43,896984,8536,64.964817999999994
2019-02-28 05:00:00+00:00,63.880000000000003,63.880000000000003,60.350000000000001,63.380000000000003,363415,3504,62.731628999999998
2019-03-01 05:00:00+00:00,63.909999999999997,64.909999999999997,62.549999999999997,64.510000000000005,301605,4018,64.141496000000004
2019-03-04 05:00:00+00:00,64.680000000000007,65.010000000000005,63.5,64.150000000000006,238087,2440,64.237145999999996
2019-03-05 05:00:00+00:00,64.420000000000002,65,63.159999999999997,64.349999999999994,198153,2695,64.435460000000006
2019-03-06 05:00:00+00:00,64.329999999999998,65,63.310000000000002,63.520000000000003,588241,4378,63.885491999999999
2019-03-07 05:00:00+00:00,63.229999999999997,63.674999999999997,61.950000000000003,63.350000000000001,189652,2087,63.204452000000003
2019-03-08 05:00:00+00:00,62.770000000000003,63.670000000000002,62.770000000000003,63.57,145985,1835,63.361820999999999
2019-03-11 04:00:00+00:00,65,67.700000000000003,64.569999999999993,67.420000000000002,305410,3552,66.578288999999998
2019-03-12 04:00:00+00:00,67.560000000000002,67.875900000000001,66.974999999999994,67.359999999999999,174216,1912,67.404380000000003
2019-03-13 04:00:00+00:00,68,68.329999999999998,67.120000000000005,67.200000000000003,482068,2818,67.644576999999998
2019-03-14 04:00:00+00:00,67.239999999999995,67.239999999999995,66.260000000000005,66.430000000000007,182728,2077,66.549220000000005
2019-03-15 04:00:00+00:00,66.5,66.890000000000001,66.079999999999998,66.680000000000007,470215,1888,66.587597000000002
2019-03-18 04:00:00+00:00,66.700000000000003,69.140000000000001,66.680000000000007,68.930000000000007,335447,3625,68.102620999999999
2019-03-19 04:00:00+00:00,69.459999999999994,69.459999999999994,68.674999999999997,69.019999999999996,248946,2501,68.977429000000001
2019-03-20 04:00:00+00:00,69.290000000000006,71.700000000000003,68.359999999999999,70,326501,3641,69.950635000000005
2019-03-21 04:00:00+00:00,69.549999999999997,71.299999999999997,69.290000000000006,70.819999999999993,290814,2706,70.604196999999999
2019-03-22 04:00:00+00:00,70.519999999999996,70.519999999999996,68.609999999999999,68.629999999999995,343221,3210,69.177959999999999
2019-03-25 04:00:00+00:00,68.629999999999995,70.965000000000003,68.254999999999995,70.329999999999998,234612,2999,69.981078999999994
2019-03-26 04:00:00+00:00,70.920000000000002,71.430000000000007,69.420000000000002,69.590000000000003,350029,3411,70.197950000000006
2019-03-27 04:00:00+00:00,69.530000000000001,69.599999999999994,67.439999999999998,68.680000000000007,163200,2043,68.606232000000006
2019-03-28 04:00:00+00:00,69.019999999999996,70.268000000000001,68.640000000000001,69.670000000000002,214700,2028,69.609780000000001
2019-03-29 04:00:00+00:00,70.340000000000003,70.370000000000005,69.379999999999995,69.890000000000001,278936,1691,69.861784
2019-04-01 04:00:00+00:00,70.370000000000005,73.400000000000006,70.359999999999999,73.310000000000002,289587,3373,72.516351
2019-04-02 04:00:00+00:00,73.640000000000001,74.240300000000005,71.189999999999998,72.219999999999999,223692,2407,72.085902000000004
2019-04-03 04:00:00+00:00,73.170000000000002,73.989999999999995,72.689999999999998,73.620000000000005,138338,1865,73.486011000000005
2019-04-04 04:00:00+00:00,73.760000000000005,75.150000000000006,73.689999999999998,74.950000000000003,147812,2109,74.602152000000004
2019-04-05 04:00:00+00:00,75.159999999999997,75.512900000000002,74.069999999999993,74.879999999999995,184602,2372,74.781655999999998
2019-04-08 04:00:00+00:00,74.670000000000002,75.090000000000003,74.165000000000006,74.989999999999995,174167,2200,74.777756999999994
2019-04-09 04:00:00+00:00,74.640000000000001,75.019999999999996,74.019999999999996,74.25,201559,1873,74.439474000000004
2019-04-10 04:00:00+00:00,74.329999999999998,76.370000000000005,74.120000000000005,75.989999999999995,207958,2461,75.604473999999996
2019-04-11 04:00:00+00:00,75.950000000000003,76.140000000000001,74.680000000000007,75.409999999999997,182137,2647,75.260576
2019-04-12 04:00:00+00:00,76.269999999999996,78.040000000000006,75.870000000000005,77.530000000000001,238288,3298,77.197790999999995
2019-04-15 04:00:00+00:00,77.549999999999997,77.995000000000005,76.409999999999997,77.870000000000005,217245,2773,77.429625999999999
2019-04-16 04:00:00+00:00,78.359999999999999,79.040000000000006,77.810000000000002,79,260929,2179,78.624950999999996
2019-04-17 04:00:00+00:00,79.459999999999994,79.459999999999994,78.010000000000005,78.510000000000005,323879,3608,78.634079999999997
2019-04-18 04:00:00+00:00,78.200000000000003,78.260000000000005,77.120000000000005,77.890000000000001,175554,2370,77.920038000000005
2019-04-22 04:00:00+00:00,77.689999999999998,78.662099999999995,76.920000000000002,77.450000000000003,163500,2367,77.739457000000002
2019-04-23 04:00:00+00:00,77.650000000000006,78.375,75.280000000000001,77.439999999999998,262109,2654,77.045795999999996
2019-04-24 04:00:00+00:00,77.439999999999998,78.799999999999997,77.010000000000005,77.760000000000005,133863,1700,77.851296000000005
2019-04-25 04:00:00+00:00,77.650000000000006,77.650000000000006,75.689999999999998,77.290000000000006,126761,2072,76.837335999999993
2019-04-26 04:00:00+00:00,77.530000000000001,79.069999999999993,77.375,78.239999999999995,129919,1757,78.324478999999997
2019-04-29 04:00:00+00:00,78.579999999999998,78.579999999999998,76.885000000000005,77.370000000000005,132065,2530,77.592862999999994
2019-04-30 04:00:00+00:00,76.959999999999994,77.870000000000005,76.349999999999994,77.599999999999994,279699,2617,77.390872000000002
2019-05-01 04:00:00+00:00,77.620000000000005,77.620000000000005,75.424999999999997,75.739999999999995,445032,2715,75.882193000000001
2019-05-02 04:00:00+00:00,70.299999999999997,76.75,70,75.319999999999993,271104,3070,74.416302000000002
2019-05-03 04:00:00+00:00,76.049999999999997,77.739999999999995,74.560000000000002,77.519999999999996,203597,2939,76.638437999999994
2019-05-06 04:00:00+00:00,75.829999999999998,76.890000000000001,74.733599999999996,76.829999999999998,215211,2878,76.498654999999999
2019-05-07 04:00:00+00:00,75.969999999999999,76.299999999999997,74.079999999999998,74.939999999999998,198052,2816,75.136656000000002
2019-05-08 04:00:00+00:00,74.549999999999997,75.739999999999995,72.560000000000002,74.280000000000001,413272,4289,74.179811000000001
2019-05-09 04:00:00+00:00,73.420000000000002,74.790000000000006,72.859999999999999,74.590000000000003,268932,3242,74.138705000000002
2019-05-10 04:00:00+00:00,74.349999999999994,76.159999999999997,72.680000000000007,75.950000000000003,199788,2717,74.976939999999999
2019-05-13 04:00:00+00:00,74.150000000000006,74.5,70.849999999999994,71.129999999999995,277780,3860,72.161063999999996
2019-05-14 04:00:00+00:00,71.519999999999996,72.340000000000003,71.010000000000005,71.629999999999995,174485,1970,71.667772999999997
2019-05-15 04:00:00+00:00,70.75,72.379999999999995,70.200000000000003,72.120000000000005,139797,1928,71.687357000000006
2019-05-16 04:00:00+00:00,72.280000000000001,72.969999999999999,70.590000000000003,70.730000000000004,193470,3190,71.492479000000003
2019-05-17 04:00:00+00:00,70,70.790000000000006,69.120000000000005,69.370000000000005,155422,1936,69.692812000000004
2019-05-20 04:00:00+00:00,68.730000000000004,69.329999999999998,67.560000000000002,69.079999999999998,144077,1750,68.826363999999998
2019-05-21 04:00:00+00:00,69.609999999999999,70.700000000000003,68.879999999999995,70.489999999999995,141147,2137,70.290670000000006
2019-05-22 04:00:00+00:00,70.150000000000006,70.939999999999998,67.989999999999995,68,184318,2218,68.517482000000001
2019-05-23 04:00:00+00:00,67.340000000000003,67.5,65.069999999999993,65.650000000000006,398405,4129,65.654381999999998
2019-05-24 04:00:00+00:00,66.140000000000001,67.969999999999999,65.950000000000003,67.930000000000007,127398,2000,67.505607999999995
2019-05-28 04:00:00+00:00,68.040000000000006,69.974999999999994,67.359999999999999,67.709999999999994,249111,3650,68.485536999999994
2019-05-29 04:00:00+00:00,67.170000000000002,67.819999999999993,66.379999999999995,67.700000000000003,164466,2229,67.389359999999996
2019-05-30 04:00:00+00:00,67.640000000000001,68.280000000000001,66.935000000000002,67.510000000000005,129521,2426,67.385689999999997
2019-05-31 04:00:00+00:00,66.180000000000007,67.4499,66.159999999999997,67.019999999999996,199315,2233,66.882446999999999
2019-06-03 04:00:00+00:00,67.810000000000002,68.310000000000002,66.629999999999995,67.469999999999999,390498,4496,67.365244000000004
2019-06-04 04:00:00+00:00,68.780000000000001,69.909999999999997,67.530000000000001,69.900000000000006,194312,2629,69.300730000000001
2019-06-05 04:00:00+00:00,70,70.400000000000006,68.006399999999999,70.040000000000006,240886,2467,69.509221999999994
2019-06-06 04:00:00+00:00,70.170000000000002,70.5274,68.040000000000006,69.959999999999994,221887,2670,69.308445000000006
2019-06-07 04:00:00+00:00,70,71.829999999999998,69.790000000000006,71.5,180591,2215,71.234592000000006
2019-06-10 04:00:00+00:00,72.049999999999997,74.810000000000002,71.739999999999995,72.530000000000001,180664,2869,73.261488
2019-06-11 04:00:00+00:00,73.409999999999997,73.510000000000005,70.670000000000002,72.099999999999994,319513,3585,72.043282000000005
2019-06-12 04:00:00+00:00,72.170000000000002,74.359999999999999,72.040000000000006,73.510000000000005,253074,3263,73.293253000000007
2019-06-13 04:00:00+00:00,74.060000000000002,74.390000000000001,72.719999999999999,73.489999999999995,230398,3005,73.340293000000003
2019-06-14 04:00:00+00:00,73.349999999999994,74.25,72.5,72.840000000000003,157886,1773,72.902122000000006
2019-06-17 04:00:00+00:00,73.170000000000002,74.159999999999997,72.109999999999999,73.25,213418,2870,73.354793000000001
2019-06-18 04:00:00+00:00,74.030000000000001,75.150000000000006,73.349999999999994,74.519999999999996,140521,1817,74.406350000000003
2019-06-19 04:00:00+00:00,74.599999999999994,77.180000000000007,73.750500000000002,77,188135,2731,76.028260000000003
2019-06-20 04:00:00+00:00,78.049999999999997,78.879999999999995,77.769999999999996,78.569999999999993,211740,3108,78.309087000000005
2019-06-21 04:00:00+00:00,78.189999999999998,80.840000000000003,77.859999999999999,80.109999999999999,411321,3380,79.639722000000006
2019-06-24 04:00:00+00:00,80.549999999999997,80.744200000000006,79.079999999999998,79.090000000000003,265320,3467,79.763447999999997
2019-06-25 04:00:00+00:00,79.129999999999995,80.030000000000001,77.75,78.420000000000002,325716,3268,78.873227
2019-06-26 04:00:00+00:00,78.849999999999994,79.810000000000002,78,79.780000000000001,195486,3161,79.254694000000001
2019-06-27 04:00:00+00:00,80.640000000000001,81.920000000000002,79.930000000000007,81.510000000000005,249232,3560,81.268333999999996
2019-06-28 04:00:00+00:00,81.769999999999996,83.739999999999995,81.75,82.510000000000005,1040621,5310,82.627392999999998
2019-07-01 04:00:00+00:00,83.819999999999993,85.040000000000006,83.150000000000006,84.590000000000003,294300,3974,84.375432000000004
2019-07-02 04:00:00+00:00,84.349999999999994,84.840000000000003,82.534999999999997,82.859999999999999,240261,2621,83.154292999999996
2019-07-03 04:00:00+00:00,83.430000000000007,83.799999999999997,82.329999999999998,83.670000000000002,77562,1069,83.401122000000001
2019-07-05 04:00:00+00:00,83.739999999999995,84.390000000000001,83.319999999999993,84.159999999999997,122070,2118,83.860166000000007
2019-07-08 04:00:00+00:00,83.569999999999993,84.180000000000007,81.920000000000002,82.310000000000002,186746,2820,82.551224000000005
2019-07-09 04:00:00+00:00,81.719999999999999,82.019999999999996,79.680000000000007,80.609999999999999,239724,3351,80.466707999999997
2019-07-10 04:00:00+00:00,81.049999999999997,81.959999999999994,80.034999999999997,80.349999999999994,136909,2571,80.723113999999995
2019-07-11 04:00:00+00:00,80.120000000000005,80.75,79.040000000000006,79.659999999999997,177856,2175,79.689984999999993
2019-07-12 04:00:00+00:00,80.129999999999995,81.245000000000005,79.310000000000002,80.939999999999998,204548,2789,80.914828999999997
2019-07-15 04:00:00+00:00,81.189999999999998,81.540000000000006,80.200000000000003,81.180000000000007,140439,2564,80.943157999999997
2019-07-16 04:00:00+00:00,80.890000000000001,82.099999999999994,80.560000000000002,81.569999999999993,157897,2517,81.601324000000005
2019-07-17 04:00:00+00:00,81.900000000000006,82.040000000000006,80.724999999999994,81.629999999999995,157118,2427,81.572126999999995
2019-07-18 04:00:00+00:00,81.260000000000005,82.109999999999999,80.540000000000006,81.099999999999994,119241,3151,81.128387000000004
2019-07-19 04:00:00+00:00,81.290000000000006,82.280000000000001,79.136600000000001,80.640000000000001,194510,2093,81.203567000000007
2019-07-22 04:00:00+00:00,80.849999999999994,82.310000000000002,80.120000000000005,80.25,134898,2129,81.111397999999994
2019-07-23 04:00:00+00:00,80.75,83.450000000000003,80.75,83.400000000000006,164402,3183,82.531709000000006
2019-07-24 04:00:00+00:00,83.109999999999999,86.75,82.430000000000007,86.269999999999996,214590,3561,85.300644000000005
2019-07-25 04:00:00+00:00,85.959999999999994,86.849999999999994,85.469999999999999,85.890000000000001,219740,3245,86.107699999999994
2019-07-26 04:00:00+00:00,86.310000000000002,86.790000000000006,85.379999999999995,86.420000000000002,177060,2382,86.242059999999995
2019-07-29 04:00:00+00:00,86.349999999999994,86.909999999999997,83.204999999999998,83.319999999999993,263634,3291,84.063383999999999
2019-07-30 04:00:00+00:00,82.400000000000006,83.129999999999995,80.909999999999997,82.840000000000003,261416,3453,82.356050999999994
2019-07-31 04:00:00+00:00,83.090000000000003,84.510000000000005,79.834999999999994,80.079999999999998,365637,4168,81.202342999999999
2019-08-01 04:00:00+00:00,85.640000000000001,85.640000000000001,71.450100000000006,77.299999999999997,690854,8079,76.578432000000006
2019-08-02 04:00:00+00:00,76.799999999999997,76.799999999999997,73.469999999999999,75.650000000000006,218117,3300,75.423539000000005
2019-08-05 04:00:00+00:00,74.049999999999997,74.980000000000004,72.430000000000007,74.040000000000006,323451,3564,73.449952999999994
2019-08-06 04:00:00+00:00,74.689999999999998,75.810000000000002,73.079999999999998,73.980000000000004,162435,2331,73.957498999999999
2019-08-07 04:00:00+00:00,72.790000000000006,73.299999999999997,71.590000000000003,72.390000000000001,300539,3215,72.505955999999998
2019-08-08 04:00:00+00:00,73.25,74.194999999999993,72.359999999999999,74.069999999999993,156037,2367,73.876204000000001
2019-08-09 04:00:00+00:00,73.569999999999993,74.150000000000006,72.469999999999999,74,210856,3179,73.739818999999997
2019-08-12 04:00:00+00:00,73.219999999999999,73.849999999999994,70.739999999999995,73.510000000000005,198186,3100,73.333406999999994
2019-08-13 04:00:00+00:00,73.340000000000003,75.959999999999994,72.510000000000005,75.439999999999998,218832,3263,74.949419000000006
2019-08-14 04:00:00+00:00,74.030000000000001,74.319999999999993,72.959999999999994,73.959999999999994,279090,3866,73.746965000000003
2019-08-15 04:00:00+00:00,73.659999999999997,74.129999999999995,72.5,73.200000000000003,234479,3035,73.196181999999993
2019-08-16 04:00:00+00:00,73.959999999999994,75.459999999999994,73.469999999999999,74.709999999999994,176489,2526,74.470048000000006
2019-08-19 04:00:00+00:00,76,76.569999999999993,75.099999999999994,76.25,182772,2820,76.012353000000004
2019-08-20 04:00:00+00:00,76.159999999999997,76.439999999999998,75.25,75.379999999999995,181331,2339,75.647698000000005
2019-08-21 04:00:00+00:00,76.340000000000003,77,75.349999999999994,76.400000000000006,157846,2048,76.385437999999994
2019-08-22 04:00:00+00:00,76.370000000000005,77.329999999999998,75.420000000000002,76.159999999999997,176267,2132,76.348624999999998
2019-08-23 04:00:00+00:00,75.540000000000006,76.120000000000005,72.790000000000006,73.310000000000002,229674,2936,73.762137999999993
2019-08-26 04:00:00+00:00,74.340000000000003,74.905000000000001,73.129999999999995,73.790000000000006,120701,1694,73.850493999999998
2019-08-27 04:00:00+00:00,74.420000000000002,74.739999999999995,73.349999999999994,73.870000000000005,172812,2070,73.920468
2019-08-28 04:00:00+00:00,73.370000000000005,73.659999999999997,70.640000000000001,70.790000000000006,387362,3546,72.350776999999994
2019-08-29 04:00:00+00:00,71.900000000000006,73.290000000000006,71.640000000000001,72.609999999999999,146610,2124,72.639072999999996
2019-08-30 04:00:00+00:00,72.969999999999999,73.090000000000003,71.670000000000002,72.040000000000006,202717,2187,72.190987000000007
2019-09-03 04:00:00+00:00,71.909999999999997,71.980000000000004,67.870000000000005,68.269999999999996,266599,3357,68.717229000000003
2019-09-04 04:00:00+00:00,68.840000000000003,69.950000000000003,66.659999999999997,67.299999999999997,184660,2886,67.509563999999997
2019-09-05 04:00:00+00:00,68.439999999999998,69.950000000000003,67.989999999999995,68.75,311309,3605,68.774223000000006
2019-09-06 04:00:00+00:00,69,69.269999999999996,66.090000000000003,66.590000000000003,330159,4284,67.051777999999999
2019-09-09 04:00:00+00:00,66.989999999999995,68.040000000000006,66.5,66.900000000000006,225862,3357,67.048755999999997
2019-09-10 04:00:00+00:00,66.620000000000005,68.25,64.840100000000007,67.620000000000005,252802,4541,66.734157999999994
2019-09-11 04:00:00+00:00,68.099999999999994,69.819999999999993,67.099999999999994,69.170000000000002,214415,4880,69.075094000000007
2019-09-12 04:00:00+00:00,69.459999999999994,69.939999999999998,67.159999999999997,67.599999999999994,241945,3808,68.117679999999993
2019-09-13 04:00:00+00:00,68.129999999999995,68.798000000000002,67.010000000000005,67.75,340634,5711,67.737706000000003
2019-09-16 04:00:00+00:00,67.319999999999993,68.209999999999994,66.019999999999996,66.560000000000002,331462,3624,66.996058000000005
2019-09-17 04:00:00+00:00,66.450000000000003,67.614999999999995,65.180000000000007,67.390000000000001,265662,3363,66.890512000000001
2019-09-18 04:00:00+00:00,67.980000000000004,67.980000000000004,63.945,65.109999999999999,346976,4080,65.709970999999996
2019-09-19 04:00:00+00:00,65.450000000000003,65.450000000000003,63.219999999999999,63.579999999999998,297312,3574,64.373896999999999
2019-09-20 04:00:00+00:00,63.149999999999999,64.560000000000002,62.340000000000003,63.299999999999997,695258,5216,63.351109000000001
2019-09-23 04:00:00+00:00,62.969999999999999,63.719999999999999,61.770000000000003,62.659999999999997,296203,4703,62.548144000000001
2019-09-24 04:00:00+00:00,62.93,63.399999999999999,60.659999999999997,61.100000000000001,289588,3475,61.751176000000001
2019-09-25 04:00:00+00:00,61.159999999999997,62.200000000000003,60.539999999999999,61.799999999999997,217245,2896,61.485737999999998
2019-09-26 04:00:00+00:00,61.729999999999997,61.899999999999999,59.630000000000003,60.43,357075,4429,60.361446000000001
2019-09-27 04:00:00+00:00,61.030000000000001,62,60.240000000000002,61.619999999999997,264332,3939,61.340161999999999
2019-09-30 04:00:00+00:00,61.619999999999997,62.75,61.259999999999998,62.240000000000002,314263,3294,62.122292000000002
2019-10-01 04:00:00+00:00,62.200000000000003,63.25,61.670000000000002,61.990000000000002,399426,5928,62.185606
2019-10-02 04:00:00+00:00,60.950000000000003,61.649999999999999,59.609999999999999,60.740000000000002,413620,4242,60.570546
2019-10-03 04:00:00+00:00,60.350000000000001,60.740000000000002,59.560000000000002,60.619999999999997,332934,4115,60.140458000000002
2019-10-04 04:00:00+00:00,60.560000000000002,61.5,59.700000000000003,60.210000000000001,248686,2968,60.294960000000003
2019-10-07 04:00:00+00:00,59.409999999999997,60.93,58.975099999999998,60.409999999999997,378550,4485,60.308805
2019-10-08 04:00:00+00:00,59.759999999999998,60.560000000000002,59.490000000000002,59.810000000000002,436115,5633,59.968696000000001
2019-10-09 04:00:00+00:00,60.350000000000001,61.409999999999997,59.780999999999999,61.020000000000003,170606,2506,60.786842
2019-10-10 04:00:00+00:00,61.130000000000003,61.899999999999999,60.859999999999999,60.950000000000003,186733,2609,61.221941999999999
2019-10-11 04:00:00+00:00,61.890000000000001,64.709999999999994,60.469999999999999,63.960000000000001,379559,4804,63.852970999999997
2019-10-14 04:00:00+00:00,63.630000000000003,64.510000000000005,63.229999999999997,63.579999999999998,143434,2465,63.639600000000002
2019-10-15 04:00:00+00:00,63.799999999999997,64.989999999999995,63.799999999999997,64.400000000000006,117240,2478,64.517841000000004
2019-10-16 04:00:00+00:00,64.260000000000005,66.180000000000007,64.260000000000005,65.969999999999999,184570,2917,65.659368000000001
2019-10-17 04:00:00+00:00,66.189999999999998,67.040000000000006,65.739999999999995,66.760000000000005,236643,2638,66.630129999999994
2019-10-18 04:00:00+00:00,66.420000000000002,67.239999999999995,65.980000000000004,66.25,211277,2437,66.385644999999997
2019-10-21 04:00:00+00:00,66.780000000000001,67.019999999999996,63.240000000000002,63.289999999999999,320102,4117,64.815842000000004
2019-10-22 04:00:00+00:00,63.299999999999997,63.32,62.219999999999999,62.399999999999999,268795,3206,62.607593000000001
2019-10-23 04:00:00+00:00,62.32,62.850000000000001,61.659999999999997,62.810000000000002,192751,2727,62.522573999999999
2019-10-24 04:00:00+00:00,62.810000000000002,63.140000000000001,62.219999999999999,62.82,218925,2660,62.752395
2019-10-25 04:00:00+00:00,62.880000000000003,63.5867,62.310000000000002,62.380000000000003,168093,2216,62.777906999999999
2019-10-28 04:00:00+00:00,62.630000000000003,64.379999999999995,62.405000000000001,63.5,229138,3107,63.449747000000002
2019-10-29 04:00:00+00:00,63.280000000000001,64.359999999999999,62.909999999999997,64.299999999999997,199061,2435,64.057276000000002
2019-10-30 04:00:00+00:00,63.799999999999997,64.799999999999997,63.759999999999998,63.979999999999997,223367,3081,64.091808
2019-10-31 04:00:00+00:00,64,64.099999999999994,59.799999999999997,60.939999999999998,759526,6396,60.889113999999999
2019-11-01 04:00:00+00:00,60.619999999999997,62.649999999999999,60.530000000000001,62.100000000000001,244983,3373,61.879337
2019-11-04 05:00:00+00:00,62.590000000000003,64.370000000000005,61.899999999999999,62.93,293466,4527,63.409996999999997
2019-11-05 05:00:00+00:00,62.869999999999997,64.5,62.253500000000003,63.439999999999998,211973,3359,63.467945
2019-11-06 05:00:00+00:00,63.560000000000002,64.079999999999998,63.210000000000001,63.789999999999999,196918,2434,63.592588999999997
2019-11-07 05:00:00+00:00,64.420000000000002,66.159999999999997,63.969999999999999,64.549999999999997,242210,3274,64.902418999999995
2019-11-08 05:00:00+00:00,64.459999999999994,65.394999999999996,64.200000000000003,65.390000000000001,119293,2298,64.957265000000007
2019-11-11 05:00:00+00:00,64.909999999999997,65.109999999999999,64.049999999999997,64.819999999999993,140440,2836,64.579273000000001
2019-11-12 05:00:00+00:00,64.75,65,62.899999999999999,63.219999999999999,156529,2863,63.823965000000001
2019-11-13 05:00:00+00:00,62.740000000000002,63.899999999999999,62.399999999999999,62.880000000000003,141722,2864,63.100380000000001
2019-11-14 05:00:00+00:00,62.520000000000003,63.920000000000002,62.039999999999999,63.689999999999998,153044,2929,63.512121999999998
2019-11-15 05:00:00+00:00,64.25,64.450000000000003,62.979999999999997,63.520000000000003,153959,1803,63.622734000000001
2019-11-18 05:00:00+00:00,63.420000000000002,64.280000000000001,62.670000000000002,64.180000000000007,136932,2323,63.927885000000003
2019-11-19 05:00:00+00:00,64.549999999999997,64.849999999999994,62.739400000000003,62.939999999999998,166588,2536,63.193131000000001
2019-11-20 05:00:00+00:00,62.859999999999999,64.069999999999993,61.93,62.409999999999997,267670,3107,62.601638000000001
2019-11-21 05:00:00+00:00,62.600000000000001,62.920000000000002,60.789999999999999,60.979999999999997,238708,3925,61.315829000000001
2019-11-22 05:00:00+00:00,61.359999999999999,62.659999999999997,61.109999999999999,62.460000000000001,166382,2461,62.156871000000002
2019-11-25 05:00:00+00:00,62.829999999999998,66.329999999999998,62.579999999999998,66.269999999999996,210648,2711,65.811323000000002
2019-11-26 05:00:00+00:00,66,66.75,65.469999999999999,66.480000000000004,238375,2687,66.353838999999994
2019-11-27 05:00:00+00:00,66.920000000000002,66.920000000000002,65.849999999999994,66.819999999999993,134337,2419,66.677392999999995
2019-11-29 05:00:00+00:00,66.450000000000003,66.719999999999999,65.780000000000001,65.930000000000007,81431,1305,66.041437000000002
2019-12-02 05:00:00+00:00,66.200000000000003,66.840000000000003,65.754999999999995,66.189999999999998,165935,2586,66.173726000000002
2019-12-03 05:00:00+00:00,65.239999999999995,65.640000000000001,63.689999999999998,64.150000000000006,136071,2218,64.499841000000004
2019-12-04 05:00:00+00:00,64.680000000000007,67.030000000000001,64.665000000000006,66.319999999999993,331310,3189,66.324866
2019-12-05 05:00:00+00:00,66.430000000000007,66.778899999999993,64.359999999999999,64.939999999999998,210084,2744,64.978806000000006
2019-12-06 05:00:00+00:00,65.439999999999998,66.140000000000001,65.280000000000001,65.730000000000004,215666,2334,65.756546
2019-12-09 05:00:00+00:00,65.510000000000005,65.719999999999999,63.789999999999999,63.840000000000003,167100,2352,64.093503999999996
2019-12-10 05:00:00+00:00,64.099999999999994,66.120000000000005,63.57,65.909999999999997,155861,2932,65.219058000000004
2019-12-11 05:00:00+00:00,66.099999999999994,66.590000000000003,65.200000000000003,66.480000000000004,127981,1832,66.018618000000004
2019-12-12 05:00:00+00:00,66.379999999999995,68.189999999999998,66.090000000000003,67.900000000000006,181816,2365,67.679658000000003
2019-12-13 05:00:00+00:00,67.900000000000006,68.191699999999997,64.310000000000002,64.780000000000001,147172,2083,65.468463999999997
2019-12-16 05:00:00+00:00,65.510000000000005,67.189999999999998,65.420000000000002,65.719999999999999,170651,2406,66.047270999999995
2019-12-17 05:00:00+00:00,65.989999999999995,67.555000000000007,65.329999999999998,66.769999999999996,144051,2897,66.572451000000001
2019-12-18 05:00:00+00:00,66.969999999999999,68.379999999999995,66.290000000000006,68.219999999999999,155296,2404,67.734200000000001
2019-12-19 05:00:00+00:00,68.090000000000003,68.508899999999997,67.159999999999997,67.894999999999996,181800,2771,67.897879000000003
2019-12-20 05:00:00+00:00,68.439999999999998,68.989999999999995,67.480000000000004,68.099999999999994,595410,3065,68.226947999999993
2019-12-23 05:00:00+00:00,68.590000000000003,69.469999999999999,68.124300000000005,69.390000000000001,118829,2351,69.103887999999998
2019-12-24 05:00:00+00:00,69.379999999999995,69.420000000000002,68.540000000000006,69.409999999999997,55758,961,69.150442999999996
2019-12-26 05:00:00+00:00,69.510000000000005,69.599999999999994,67.870000000000005,68.239999999999995,112626,2354,68.526825000000002
2019-12-27 05:00:00+00:00,68.840000000000003,69.625,68.319999999999993,69.299999999999997,166471,2028,69.211020000000005
2019-12-30 05:00:00+00:00,69.379999999999995,69.909999999999997,68.459999999999994,69.659999999999997,111367,2067,69.541854000000001
2019-12-31 05:00:00+00:00,69.319999999999993,69.989999999999995,69.087500000000006,69.569999999999993,154143,1918,69.581078000000005
2020-01-02 05:00:00+00:00,70.019999999999996,71.069999999999993,69.260000000000005,70.950000000000003,155198,2826,70.472510999999997
2020-01-03 05:00:00+00:00,69.939999999999998,70.829999999999998,69.420000000000002,69.780000000000001,206893,2734,69.999949999999998
2020-01-06 05:00:00+00:00,69.569999999999993,69.569999999999993,67.219999999999999,67.530000000000001,227051,3648,67.638046000000003
2020-01-07 05:00:00+00:00,67.540000000000006,68.109999999999999,67.099999999999994,67.989999999999995,120660,2657,67.854652000000002
2020-01-08 05:00:00+00:00,67.930000000000007,68.944999999999993,67.930000000000007,68.230000000000004,159523,2575,68.348372999999995
2020-01-09 05:00:00+00:00,68.650000000000006,68.836699999999993,67.189999999999998,67.299999999999997,167000,2582,67.616388000000001
2020-01-10 05:00:00+00:00,67.5,67.989999999999995,66.810000000000002,66.859999999999999,184532,2183,67.117075999999997
2020-01-13 05:00:00+00:00,67,67.564999999999998,66.400000000000006,67.200000000000003,294421,3446,67.145536000000007
2020-01-14 05:00:00+00:00,67.099999999999994,69.379999999999995,67.053299999999993,68.290000000000006,227772,2503,68.369631999999996
2020-01-15 05:00:00+00:00,67.950000000000003,69.075000000000003,65.469999999999999,65.900000000000006,246501,3372,66.286085
2020-01-16 05:00:00+00:00,66.569999999999993,68.069999999999993,66.525000000000006,67.069999999999993,214449,3336,67.216136000000006
2020-01-17 05:00:00+00:00,67.689999999999998,68.849999999999994,66.909999999999997,68.75,206626,3361,68.299094999999994
2020-01-21 05:00:00+00:00,68.209999999999994,69.989999999999995,68.209999999999994,69.260000000000005,182713,2651,69.344815999999994
2020-01-22 05:00:00+00:00,69.709999999999994,70.700000000000003,68.849999999999994,70.060000000000002,89889,1825,69.947444000000004
2020-01-23 05:00:00+00:00,69.859999999999999,71.450000000000003,69.069999999999993,71.189999999999998,227232,2063,70.847682000000006
2020-01-24 05:00:00+00:00,71.099999999999994,71.099999999999994,69.599999999999994,70.090000000000003,153826,2400,70.132513000000003
2020-01-27 05:00:00+00:00,68.579999999999998,69.977900000000005,68.579999999999998,69,82494,1208,69.191050000000004
2020-01-28 05:00:00+00:00,69.359999999999999,71.150000000000006,68.969999999999999,70.819999999999993,116344,2349,70.4238
2020-01-29 05:00:00+00:00,71.049999999999997,71.439999999999998,69.379999999999995,69.560000000000002,93293,1660,69.859091000000006
2020-01-30 05:00:00+00:00,68.930000000000007,70.319999999999993,67.489999999999995,68.219999999999999,209894,2358,68.645413000000005
2020-01-31 05:00:00+00:00,67.939999999999998,68.200000000000003,65.269999999999996,65.819999999999993,198663,2686,65.958072000000001
2020-02-03 05:00:00+00:00,66.569999999999993,70.209999999999994,65.980000000000004,69.980000000000004,291136,3838,69.628287
2020-02-04 05:00:00+00:00,71.439999999999998,72.105000000000004,70.75,71.450000000000003,120182,2678,71.486210999999997
2020-02-05 05:00:00+00:00,72.390000000000001,72.390000000000001,70.079999999999998,71.299999999999997,170077,2493,71.065516000000002
2020-02-06 05:00:00+00:00,71.680000000000007,71.709999999999994,67.629999999999995,68.480000000000004,148928,2142,68.701099999999997
2020-02-07 05:00:00+00:00,68.079999999999998,69.219999999999999,67.674999999999997,68.599999999999994,91598,1441,68.577577000000005
2020-02-10 05:00:00+00:00,68.390000000000001,69.340000000000003,67.974999999999994,68.680000000000007,132909,1305,68.623215000000002
2020-02-11 05:00:00+00:00,69.010000000000005,69.840000000000003,68.542599999999993,68.75,90425,1725,69.008964000000006
2020-02-12 05:00:00+00:00,69.159999999999997,69.159999999999997,67.859999999999999,68.75,224569,2971,68.568263999999999
2020-02-13 05:00:00+00:00,71.790000000000006,79.189999999999998,71.790000000000006,76.180000000000007,538019,6938,76.299335999999997
2020-02-14 05:00:00+00:00,76.200000000000003,77.950000000000003,74.685000000000002,75.280000000000001,219341,2764,75.189020999999997
2020-02-18 05:00:00+00:00,75.099999999999994,75.365799999999993,73.620000000000005,73.879999999999995,124989,1995,74.132626999999999
2020-02-19 05:00:00+00:00,74,74,71.379999999999995,71.859999999999999,169099,2668,72.216964000000004
2020-02-20 05:00:00+00:00,71.450000000000003,73.379999999999995,71.064400000000006,72.840000000000003,134903,1699,72.422657999999998
2020-02-21 05:00:00+00:00,72.760000000000005,73.400000000000006,72.185000000000002,72.969999999999999,145948,2028,72.805113000000006
2020-02-24 05:00:00+00:00,70.120000000000005,73.049999999999997,69.920000000000002,72.25,200650,3326,72.063866000000004
2020-02-25 05:00:00+00:00,72.879999999999995,72.989999999999995,69.530000000000001,70.090000000000003,254212,4339,70.836944000000003
2020-02-26 05:00:00+00:00,70.430000000000007,70.950000000000003,67.010000000000005,67.469999999999999,110601,2277,67.986440999999999
2020-02-27 05:00:00+00:00,65.870000000000005,68.349999999999994,65.25,65.849999999999994,225165,2839,66.362178
2020-02-28 05:00:00+00:00,63.640000000000001,65.629999999999995,61.914999999999999,63.399999999999999,338731,3829,63.509321
2020-03-02 05:00:00+00:00,63.740000000000002,65.120000000000005,61.869999999999997,63.439999999999998,284679,4588,63.553866999999997
2020-03-03 05:00:00+00:00,63.439999999999998,64.650000000000006,59.25,60.689999999999998,407266,5403,61.245043000000003
2020-03-04 05:00:00+00:00,67.719999999999999,69.849999999999994,61.590000000000003,64.810000000000002,506125,6705,64.275265000000005
2020-03-05 05:00:00+00:00,63.539999999999999,65.260000000000005,61.560000000000002,62.350000000000001,378793,4281,62.683799999999998
2020-03-06 05:00:00+00:00,60.609999999999999,62.310000000000002,60.219999999999999,62.049999999999997,336116,4432,61.252948000000004
2020-03-09 04:00:00+00:00,59.009999999999998,59.57,56.75,57.880000000000003,555721,8066,58.206215999999998
2020-03-10 04:00:00+00:00,59.700000000000003,59.700000000000003,51.950000000000003,57.039999999999999,420155,5961,55.732284
2020-03-11 04:00:00+00:00,55.460000000000001,56.159999999999997,52.340000000000003,54.140000000000001,273630,4580,54.348582999999998
2020-03-12 04:00:00+00:00,50.490000000000002,53.009,47.5,48.335000000000001,339467,5352,48.988638999999999
2020-03-13 04:00:00+00:00,51.259999999999998,54.100000000000001,48.210000000000001,51.5,461432,6144,50.796126999999998
2020-03-16 04:00:00+00:00,46.729999999999997,48.960000000000001,43.899999999999999,45.979999999999997,479064,6478,46.358308999999998
2020-03-17 04:00:00+00:00,46.840000000000003,52.530000000000001,44.884999999999998,50.960000000000001,560044,7004,50.003728000000002
2020-03-18 04:00:00+00:00,47.829999999999998,48.872100000000003,45.0732,47.07,463994,5535,46.690379
2020-03-19 04:00:00+00:00,46.880000000000003,56.960000000000001,45.9756,55.880000000000003,559584,6935,53.150219
2020-03-20 04:00:00+00:00,56.549999999999997,58.965000000000003,47.850000000000001,48.409999999999997,596279,6819,51.519132999999997
2020-03-23 04:00:00+00:00,48.299999999999997,48.299999999999997,43.210000000000001,45.079999999999998,317411,5110,45.125543999999998
2020-03-24 04:00:00+00:00,47.619999999999997,51.490000000000002,44.875399999999999,50.340000000000003,437663,5257,49.834322
2020-03-25 04:00:00+00:00,49.810000000000002,50.130000000000003,42.409999999999997,43.399999999999999,658507,7564,44.925359
2020-03-26 04:00:00+00:00,43.539999999999999,46.659999999999997,40.100000000000001,43.350000000000001,814940,9604,42.936304999999997
2020-03-27 04:00:00+00:00,41.240000000000002,43.829999999999998,39.299999999999997,39.579999999999998,532968,8038,40.701909999999998
2020-03-30 04:00:00+00:00,37.229999999999997,42.799999999999997,35.511000000000003,41.670000000000002,663275,6791,38.977120999999997
2020-03-31 04:00:00+00:00,42.539999999999999,43.18,39.634999999999998,42,519297,6299,41.720872999999997
2020-04-01 04:00:00+00:00,40.640000000000001,41.82,37.009999999999998,37.479999999999997,484132,7106,39.023581
2020-04-02 04:00:00+00:00,37.009999999999998,38.299999999999997,34.579999999999998,36.149999999999999,332181,4860,36.170426999999997
2020-04-03 04:00:00+00:00,36.240000000000002,37.509999999999998,35.539999999999999,36.149999999999999,380297,4139,36.431375000000003
2020-04-06 04:00:00+00:00,37.399999999999999,42.829999999999998,37.399999999999999,42.289999999999999,408964,5463,41.528407999999999
2020-04-07 04:00:00+00:00,44.560000000000002,47.450000000000003,43.909999999999997,45.109999999999999,506957,6023,45.725963999999998
2020-04-08 04:00:00+00:00,45.5,48.340000000000003,44.640000000000001,47.850000000000001,377127,5453,47.174532999999997
2020-04-09 04:00:00+00:00,49.020000000000003,50.93,47.982399999999998,50.460000000000001,263107,3544,49.995409000000002
2020-04-13 04:00:00+00:00,49.689999999999998,49.689999999999998,42.200000000000003,42.960000000000001,714382,8418,43.756281000000001
2020-04-14 04:00:00+00:00,43.909999999999997,48.390000000000001,43.100000000000001,47.695,731133,7148,47.023029999999999
2020-04-15 04:00:00+00:00,46.659999999999997,46.659999999999997,40.68,42.009999999999998,694123,9301,42.560689000000004
2020-04-16 04:00:00+00:00,42.340000000000003,43.999400000000001,41.710000000000001,42.829999999999998,463925,6049,42.577663000000001
2020-04-17 04:00:00+00:00,44.649999999999999,46.149999999999999,43.130000000000003,43.25,482012,7275,44.072490000000002
2020-04-20 04:00:00+00:00,42,43,41.174999999999997,42.090000000000003,332504,5470,42.103358999999998
2020-04-21 04:00:00+00:00,40.270000000000003,41.394399999999997,39.530000000000001,40.149999999999999,234416,3031,40.143948999999999
2020-04-22 04:00:00+00:00,41.009999999999998,41.729999999999997,39.920000000000002,41.399999999999999,200093,2853,41.124243999999997
2020-04-23 04:00:00+00:00,41.68,43.307299999999998,41.494999999999997,41.890000000000001,271921,3914,42.375366999999997
2020-04-24 04:00:00+00:00,42.289999999999999,44.060000000000002,40.515000000000001,43.229999999999997,303776,4087,43.179177000000003
2020-04-27 04:00:00+00:00,43.979999999999997,46,43.759999999999998,45.439999999999998,284434,3755,45.088881999999998
2020-04-28 04:00:00+00:00,47.07,49.159999999999997,46.710000000000001,49.149999999999999,471716,6018,48.415387000000003
2020-04-29 04:00:00+00:00,51.409999999999997,56.490000000000002,50.935000000000002,55.630000000000003,895269,9852,55.167014999999999
2020-04-30 04:00:00+00:00,54.049999999999997,54.420000000000002,50.450000000000003,51.009999999999998,533486,6900,51.592073999999997
2020-05-01 04:00:00+00:00,49.439999999999998,50.5,47.140000000000001,50.020000000000003,377945,5466,49.164341
2020-05-04 04:00:00+00:00,49.340000000000003,50.619999999999997,48.670000000000002,50.140000000000001,312582,4428,49.818207999999998
2020-05-05 04:00:00+00:00,51.670000000000002,53.020000000000003,50.619999999999997,52,370234,5248,52.205725999999999
2020-05-06 04:00:00+00:00,52.780000000000001,54.090000000000003,51.420000000000002,54,350842,4615,53.654485000000001
2020-05-07 04:00:00+00:00,52.130000000000003,55.560000000000002,50.909999999999997,54.200000000000003,681280,9606,54.010148000000001
2020-05-08 04:00:00+00:00,55.649999999999999,58.090000000000003,54.829999999999998,56.770000000000003,369244,5561,56.776870000000002
2020-05-11 04:00:00+00:00,55.409999999999997,58.780000000000001,54.909999999999997,57.950000000000003,424161,5202,57.468764
2020-05-12 04:00:00+00:00,58.039999999999999,60.07,58.039999999999999,59.049999999999997,606985,10437,59.180616000000001
2020-05-13 04:00:00+00:00,58.130000000000003,58.670000000000002,55.969999999999999,56.200000000000003,825555,10650,57.221977000000003
2020-05-14 04:00:00+00:00,54.649999999999999,55.009999999999998,51.630000000000003,53.93,537739,8137,53.425089
2020-05-15 04:00:00+00:00,53.560000000000002,56.369999999999997,52.740000000000002,56.100000000000001,359478,4416,55.439869000000002
2020-05-18 04:00:00+00:00,59.329999999999998,66.239999999999995,59.07,63.659999999999997,608508,8573,63.647795000000002
2020-05-19 04:00:00+00:00,61.380000000000003,64.890000000000001,60.810000000000002,62.700000000000003,487223,6728,63.293776999999999
2020-05-20 04:00:00+00:00,64.109999999999999,65.450000000000003,63.615000000000002,63.770000000000003,713053,7726,64.109763999999998
2020-05-21 04:00:00+00:00,64.069999999999993,65.640000000000001,62.75,65.019999999999996,368198,5973,64.591420999999997
2020-05-22 04:00:00+00:00,65.159999999999997,67.799999999999997,64.534999999999997,67.540000000000006,238724,3848,66.671260000000004
2020-05-26 04:00:00+00:00,71.290000000000006,72.349999999999994,68.480000000000004,69.489999999999995,533330,5875,69.838980000000006
2020-05-27 04:00:00+00:00,70.859999999999999,75.760000000000005,69.480000000000004,75.680000000000007,443011,6785,73.481121000000002
2020-05-28 04:00:00+00:00,77.090000000000003,77.090000000000003,67.75,68.030000000000001,404127,6327,70.116794999999996
2020-05-29 04:00:00+00:00,70.599999999999994,72.880700000000004,68.939999999999998,72.109999999999999,645800,7491,71.799226000000004
2020-06-01 04:00:00+00:00,72.200000000000003,73.890000000000001,70.620999999999995,73.109999999999999,350001,5117,73.071499000000003
2020-06-02 04:00:00+00:00,73.790000000000006,75.269999999999996,72.630099999999999,73.939999999999998,306090,4758,74.050413000000006
2020-06-03 04:00:00+00:00,75.239999999999995,79.739999999999995,75.200000000000003,76,485583,6823,76.654500999999996
2020-06-04 04:00:00+00:00,75.290000000000006,81.689999999999998,74.629999999999995,80.530000000000001,365099,4950,79.232394999999997
2020-06-05 04:00:00+00:00,86.939999999999998,91.840000000000003,84,88.670000000000002,810228,10700,89.051174000000003
2020-06-08 04:00:00+00:00,89.280000000000001,90.689999999999998,85.599999999999994,87.510000000000005,342519,6638,87.323122999999995
2020-06-09 04:00:00+00:00,85.459999999999994,89.200000000000003,85.459999999999994,86.980000000000004,261798,5119,87.450852999999995
2020-06-10 04:00:00+00:00,86.739999999999995,86.920000000000002,81.935699999999997,85.109999999999999,287844,5246,84.470457999999994
2020-06-11 04:00:00+00:00,77.519999999999996,81.805000000000007,77.349999999999994,78.469999999999999,348655,6998,78.930147000000005
2020-06-12 04:00:00+00:00,81.219999999999999,84.069999999999993,79.525000000000006,82.290000000000006,296830,5376,81.854100000000003
2020-06-15 04:00:00+00:00,79.519999999999996,86.260000000000005,78.769999999999996,84.930000000000007,282184,4857,84.220213999999999
2020-06-16 04:00:00+00:00,86.409999999999997,89.140000000000001,83.140000000000001,83.829999999999998,319437,6053,84.817545999999993
2020-06-17 04:00:00+00:00,84.430000000000007,84.890000000000001,80.760000000000005,82.480000000000004,259304,3939,82.435165999999995
2020-06-18 04:00:00+00:00,76.25,81.939999999999998,76.1404,78.120000000000005,2123553,20638,78.879277000000002
2020-06-19 04:00:00+00:00,78.5,80.469999999999999,76.504999999999995,78.219999999999999,743690,7626,78.536231000000001
2020-06-22 04:00:00+00:00,78.510000000000005,81.560000000000002,77.099999999999994,80.409999999999997,521752,8901,80.119175999999996
2020-06-23 04:00:00+00:00,82.040000000000006,84.349999999999994,81.109999999999999,81.859999999999999,428025,8919,82.663326999999995
2020-06-24 04:00:00+00:00,80.939999999999998,82.650000000000006,77.620000000000005,78.510000000000005,358280,7179,79.061415999999994
2020-06-25 04:00:00+00:00,77.930000000000007,82.200000000000003,76.670000000000002,81.840000000000003,608952,6680,81.056404000000001
2020-06-26 04:00:00+00:00,81.120000000000005,82.739999999999995,78.629999999999995,79.545000000000002,1619153,8268,79.708381000000003
2020-06-29 04:00:00+00:00,80.900000000000006,83.400000000000006,79.6798,81.629999999999995,386524,7498,81.719676000000007
2020-06-30 04:00:00+00:00,81.280000000000001,84.829999999999998,80.209000000000003,82.609999999999999,437159,7792,83.034041000000002
2020-07-01 04:00:00+00:00,82.480000000000004,83.140000000000001,80.579999999999998,81.549999999999997,300725,6774,81.498467000000005
2020-07-02 04:00:00+00:00,83.590000000000003,83.590000000000003,80.680000000000007,81.849999999999994,266057,5350,81.967516000000003
2020-07-06 04:00:00+00:00,84.599999999999994,88.409999999999997,83.840000000000003,88.379999999999995,705906,8119,87.083675999999997
2020-07-07 04:00:00+00:00,87.469999999999999,87.730000000000004,83.540000000000006,84.359999999999999,326586,4824,84.767634000000001
2020-07-08 04:00:00+00:00,84.450000000000003,86.915000000000006,82.019999999999996,83.930000000000007,261371,5540,83.898401000000007
2020-07-09 04:00:00+00:00,84.040000000000006,85.299999999999997,80.114999999999995,82.150000000000006,226315,4755,82.101428999999996
2020-07-10 04:00:00+00:00,82.290000000000006,83.870000000000005,80.933000000000007,83.310000000000002,203400,4321,82.978966999999997
2020-07-13 04:00:00+00:00,85.400000000000006,86.530000000000001,82.079999999999998,84.010000000000005,354391,5616,84.548661999999993
2020-07-14 04:00:00+00:00,79.530000000000001,82.140000000000001,71.370000000000005,80.870000000000005,942591,11851,77.465878000000004
2020-07-15 04:00:00+00:00,83.030000000000001,85.75,81.530000000000001,84.680000000000007,358368,5710,83.868530000000007
2020-07-16 04:00:00+00:00,83.780000000000001,85.340000000000003,82.019999999999996,84.769999999999996,272688,5394,84.370650999999995
2020-07-17 04:00:00+00:00,84.269999999999996,86.450000000000003,82.739999999999995,83.260000000000005,238669,4678,83.694250999999994
2020-07-20 04:00:00+00:00,82.890000000000001,84.040000000000006,79.449799999999996,82.180000000000007,197021,4107,82.363253999999998
2020-07-21 04:00:00+00:00,83.629999999999995,85.010000000000005,81.370000000000005,83.859999999999999,190810,3750,83.981438999999995
2020-07-22 04:00:00+00:00,84.060000000000002,86.670000000000002,83.409999999999997,86.569999999999993,240054,3144,86.200411000000003
2020-07-23 04:00:00+00:00,87.019999999999996,89.739999999999995,85.109999999999999,86.140000000000001,356080,4586,87.245300999999998
2020-07-24 04:00:00+00:00,84.859999999999999,88.340000000000003,81.881,85.959999999999994,252285,4158,86.331790999999996
2020-07-27 04:00:00+00:00,86.189999999999998,90.680000000000007,84.769999999999996,90.090000000000003,261561,4872,89.501279999999994
2020-07-28 04:00:00+00:00,89.659999999999997,90.480000000000004,87.329999999999998,89.090000000000003,309674,5237,89.161759000000004
2020-07-29 04:00:00+00:00,89.939999999999998,94.379999999999995,89.670000000000002,93.079999999999998,367863,5669,92.821500999999998
2020-07-30 04:00:00+00:00,91.849999999999994,91.870000000000005,89.140000000000001,90.439999999999998,243362,5367,90.567963000000006
2020-07-31 04:00:00+00:00,90.890000000000001,90.974999999999994,86.560000000000002,89,320480,4413,88.417274000000006
2020-08-03 04:00:00+00:00,90.700000000000003,96.400000000000006,88.5,95.310000000000002,403988,8307,94.760767999999999
2020-08-04 04:00:00+00:00,95.090000000000003,96.420000000000002,91.959999999999994,93.159999999999997,376815,5405,93.097671000000005
2020-08-05 04:00:00+00:00,94.980000000000004,98.189999999999998,93.560000000000002,98.019999999999996,423114,5800,96.695877999999993
2020-08-06 04:00:00+00:00,98.069999999999993,109.12,94.319999999999993,106.72,692878,11779,104.201342
2020-08-07 04:00:00+00:00,106.40000000000001,111.98,106,107.63,420899,6081,108.447883
2020-08-10 04:00:00+00:00,108,109.72,104.31,106.92,441498,6378,106.189076
2020-08-11 04:00:00+00:00,107.92,111.20999999999999,106.93000000000001,108.2,384922,6380,108.975717
2020-08-12 04:00:00+00:00,110.29000000000001,112.40000000000001,108.90000000000001,110.16,276566,4913,110.576007
2020-08-13 04:00:00+00:00,110.14,111.895,108.8905,111.29000000000001,244954,4351,110.60669900000001
2020-08-14 04:00:00+00:00,110.84,112.52500000000001,110.54000000000001,111.37,184311,3494,111.36020000000001
2020-08-17 04:00:00+00:00,112.40000000000001,113.41,110.22,110.47,280185,4769,111.319191
2020-08-18 04:00:00+00:00,110.41,111.98,108.2338,109.77,294638,4982,109.94011
2020-08-19 04:00:00+00:00,109,111.55,107.34,107.95999999999999,553208,9826,108.620395
2020-08-20 04:00:00+00:00,106.05,107.33,103.47,106.86,273713,5339,106.275407
2020-08-21 04:00:00+00:00,106.15000000000001,107,104.27,106.13,273976,4255,105.86169200000001
2020-08-24 04:00:00+00:00,107.58,108.59999999999999,105.76000000000001,107.70999999999999,215658,5154,107.10423400000001
2020-08-25 04:00:00+00:00,108.5,108.5,103,106.31,222014,4478,106.35968699999999
2020-08-26 04:00:00+00:00,107.16,108.2,105.16,105.28,320773,7603,106.161057
2020-08-27 04:00:00+00:00,104.84999999999999,106.6999,102.44,102.67,197370,3569,103.68176200000001
2020-08-28 04:00:00+00:00,103.51000000000001,105.48,99.816800000000001,103.5,220911,3467,103.534502
2020-08-31 04:00:00+00:00,103.34,104.3,100.62,100.81,375670,5114,101.605318
2020-09-01 04:00:00+00:00,100.65000000000001,100.81999999999999,99.620000000000005,100,355616,6540,100.20742300000001
2020-09-02 04:00:00+00:00,101.2,102.03,97.819999999999993,98.819999999999993,492006,8414,98.848095000000001
2020-09-03 04:00:00+00:00,98.540000000000006,98.790000000000006,90.915000000000006,91.810000000000002,458650,7390,93.463977
2020-09-04 04:00:00+00:00,92.930000000000007,94.530000000000001,83.900000000000006,88.280000000000001,690599,8478,88.259880999999993
2020-09-08 04:00:00+00:00,82.519999999999996,84.605000000000004,79.599999999999994,80.939999999999998,1049377,16674,81.768067000000002
2020-09-09 04:00:00+00:00,82.430000000000007,83.972999999999999,78.560000000000002,81.989999999999995,624063,12231,81.324005999999997
2020-09-10 04:00:00+00:00,82.599999999999994,83.010000000000005,78.920000000000002,79.299999999999997,495903,9285,80.269634999999994
2020-09-11 04:00:00+00:00,79.859999999999999,80.109999999999999,75.469999999999999,76.799999999999997,428217,7770,77.203902999999997
2020-09-14 04:00:00+00:00,77.420000000000002,77.420000000000002,74.340000000000003,76.170000000000002,440166,6685,75.901999000000004
2020-09-15 04:00:00+00:00,76.620000000000005,78,73.545000000000002,74.319999999999993,440356,7427,74.777551000000003
2020-09-16 04:00:00+00:00,74.299999999999997,74.349999999999994,72.599999999999994,73.209999999999994,597715,10337,73.296469000000002
2020-09-17 04:00:00+00:00,71.400000000000006,76.239999999999995,71.319999999999993,75.590000000000003,591823,8984,75.115667999999999
2020-09-18 04:00:00+00:00,78.939999999999998,82.680000000000007,72.390000000000001,73.620000000000005,13482880,21050,73.896328999999994
2020-09-21 04:00:00+00:00,72.230000000000004,73.930000000000007,70.579999999999998,73.120000000000005,611549,10037,72.437347000000003
2020-09-22 04:00:00+00:00,75.090000000000003,76.359999999999999,72.280000000000001,76.040000000000006,778918,13204,74.986295999999996
2020-09-23 04:00:00+00:00,75.459999999999994,76.859999999999999,71.819999999999993,72.099999999999994,813782,9764,73.303141999999994
2020-09-24 04:00:00+00:00,71.290000000000006,74.109999999999999,69.950000000000003,72.739999999999995,425467,7837,72.604929999999996
2020-09-25 04:00:00+00:00,72.590000000000003,74.189999999999998,71.909999999999997,73.060000000000002,344691,5019,73.053770999999998
2020-09-28 04:00:00+00:00,74.890000000000001,76.019999999999996,73.474999999999994,75.799999999999997,373513,5020,75.005377999999993
2020-09-29 04:00:00+00:00,75.769999999999996,77.019999999999996,73.819999999999993,74.090000000000003,333954,5845,74.603999000000002
2020-09-30 04:00:00+00:00,74.359999999999999,76.739999999999995,73.140000000000001,74.329999999999998,810097,6243,74.772810000000007
2020-10-01 04:00:00+00:00,74.469999999999999,76.540000000000006,73.525000000000006,76.430000000000007,531307,5011,75.805209000000005
2020-10-02 04:00:00+00:00,74.329999999999998,78.719999999999999,74.010000000000005,78.280000000000001,341404,5812,77.715559999999996
2020-10-05 04:00:00+00:00,79.439999999999998,82.469999999999999,79.435000000000002,81.469999999999999,418074,6752,81.398264999999995
2020-10-06 04:00:00+00:00,81.950000000000003,83.359999999999999,80.349999999999994,80.989999999999995,284448,4174,81.441660999999996
2020-10-07 04:00:00+00:00,82.010000000000005,85.549999999999997,82.010000000000005,85.459999999999994,390609,5183,84.945903999999999
2020-10-08 04:00:00+00:00,87.079999999999998,87.420000000000002,84.030000000000001,85.060000000000002,370464,6595,85.430498
2020-10-09 04:00:00+00:00,85.900000000000006,88.487499999999997,83.689999999999998,87.700000000000003,444031,5360,87.343261999999996
2020-10-12 04:00:00+00:00,87.739999999999995,88.480000000000004,85.579999999999998,87.019999999999996,249017,4076,86.958764000000002
2020-10-13 04:00:00+00:00,86.079999999999998,89.469999999999999,86.079999999999998,88.5,305694,4515,88.498891
2020-10-14 04:00:00+00:00,89.189999999999998,89.769999999999996,87.079999999999998,87.340000000000003,141596,3470,87.813447999999994
2020-10-15 04:00:00+00:00,86.829999999999998,88.959999999999994,85.609999999999999,88.819999999999993,148471,3774,87.889371999999995
2020-10-16 04:00:00+00:00,88.680000000000007,89.203000000000003,86.534999999999997,87.209999999999994,184975,3950,87.584687000000002
2020-10-19 04:00:00+00:00,87.709999999999994,89.200000000000003,85.489999999999995,85.730000000000004,248948,4354,86.795169999999999
2020-10-20 04:00:00+00:00,87.019999999999996,87.650000000000006,83.5,84.079999999999998,273390,5107,84.977857999999998
2020-10-21 04:00:00+00:00,85.025000000000006,85.635000000000005,82.650000000000006,82.680000000000007,270422,3820,83.737440000000007
2020-10-22 04:00:00+00:00,83.090000000000003,85.25,82.780000000000001,84.790000000000006,294196,4089,84.324128000000002
2020-10-23 04:00:00+00:00,85.890000000000001,87.290000000000006,84.150000000000006,86.299999999999997,164548,3410,86.083786000000003
2020-10-26 04:00:00+00:00,84.959999999999994,85.939999999999998,82.540000000000006,85.890000000000001,332121,3913,85.515934000000001
2020-10-27 04:00:00+00:00,85.609999999999999,86.503100000000003,84.659999999999997,85.659999999999997,135576,3466,85.690377999999995
2020-10-28 04:00:00+00:00,83.530000000000001,85.569999999999993,82.480000000000004,85.219999999999999,402731,6485,84.794077999999999
2020-10-29 04:00:00+00:00,85.209999999999994,88.560000000000002,84.280000000000001,87.400000000000006,413476,8285,87.107252000000003
2020-10-30 04:00:00+00:00,86.659999999999997,87.400000000000006,82.739999999999995,84.079999999999998,508020,6855,84.442233999999999
2020-11-02 05:00:00+00:00,85.420000000000002,88.810000000000002,83.344999999999999,87.450000000000003,303162,5950,87.458663000000001
2020-11-03 05:00:00+00:00,88.540000000000006,91.430000000000007,87.189999999999998,90.840000000000003,288601,5706,90.535754999999995
2020-11-04 05:00:00+00:00,89.819999999999993,91.390000000000001,88.459999999999994,91.159999999999997,274726,3539,90.717662000000004
2020-11-05 05:00:00+00:00,92.590000000000003,96.379999999999995,90.692499999999995,96.090000000000003,305672,3977,95.355570999999998
2020-11-06 05:00:00+00:00,96.109999999999999,98.010000000000005,93.189999999999998,97.319999999999993,271433,4423,96.717195000000004
2020-11-09 05:00:00+00:00,104.23,105.25,83.430000000000007,83.480000000000004,703368,11989,89.635926999999995
2020-11-10 05:00:00+00:00,85.140000000000001,87.969999999999999,80.049999999999997,85.350099999999998,698121,8770,84.164108999999996
2020-11-11 05:00:00+00:00,85.360100000000003,94.719999999999999,85.360100000000003,93.640000000000001,560633,9825,92.720714000000001
2020-11-12 05:00:00+00:00,95.489999999999995,95.489999999999995,86.25,87,299853,5691,88.240752000000001
2020-11-13 05:00:00+00:00,87.5,89.010000000000005,84,85.25,284804,5607,85.398635999999996
2020-11-16 05:00:00+00:00,86.170000000000002,86.170000000000002,81.900000000000006,81.969999999999999,474445,7204,82.660632000000007
2020-11-17 05:00:00+00:00,82.724999999999994,83.829999999999998,81.109999999999999,83.590000000000003,507645,9418,82.649772999999996
2020-11-18 05:00:00+00:00,84.019999999999996,87.129999999999995,83.680000000000007,85.549999999999997,438115,7598,85.631229000000005
2020-11-19 05:00:00+00:00,85.319999999999993,85.752700000000004,79.109999999999999,80.049999999999997,631843,8532,81.076352999999997
2020-11-20 05:00:00+00:00,80.659999999999997,82.980000000000004,78.203400000000002,81.230000000000004,690194,7485,80.886313000000001
2020-11-23 05:00:00+00:00,82.219999999999999,87.689999999999998,81.849999999999994,86.530000000000001,286483,5362,85.892662000000001
2020-11-24 05:00:00+00:00,87.459999999999994,88.469999999999999,84.579999999999998,88.260000000000005,294624,4892,87.342376000000002
2020-11-25 05:00:00+00:00,87.829999999999998,89.150000000000006,87.002499999999998,88.959999999999994,251716,4263,88.361504999999994
2020-11-27 05:00:00+00:00,88.849999999999994,90.450000000000003,87.769999999999996,90.299999999999997,140896,2810,89.468753000000007
2020-11-30 05:00:00+00:00,89.760000000000005,91.269999999999996,85.290000000000006,87.269999999999996,413483,5780,87.216671000000005
2020-12-01 05:00:00+00:00,88,91.129999999999995,87.230000000000004,89.890000000000001,432275,8872,89.678324000000003
2020-12-02 05:00:00+00:00,88.620000000000005,90.459999999999994,87.150000000000006,89.879999999999995,213402,3854,89.534554999999997
2020-12-03 05:00:00+00:00,90.379999999999995,91.859999999999999,89.519999999999996,90.189999999999998,216877,4936,90.498374999999996
2020-12-04 05:00:00+00:00,89.870000000000005,94.590000000000003,89.870000000000005,94.459999999999994,270503,4709,93.846812999999997
2020-12-07 05:00:00+00:00,94.239999999999995,95.859999999999999,93.25,95.439999999999998,214551,3976,95.179464999999993
2020-12-08 05:00:00+00:00,94.959999999999994,98.5,94.150000000000006,98.189999999999998,293793,4983,97.433284999999998
2020-12-09 05:00:00+00:00,99.049999999999997,101.02,98.724999999999994,99.019999999999996,275805,5273,99.475176000000005
2020-12-10 05:00:00+00:00,97.469999999999999,99.569999999999993,96.847499999999997,98.489999999999995,174872,3549,98.340726000000004
2020-12-11 05:00:00+00:00,97.709999999999994,99.239999999999995,94.549999999999997,96.700000000000003,242337,5157,96.540509
2020-12-14 05:00:00+00:00,97.060000000000002,98.650000000000006,96.859999999999999,97.129999999999995,246365,4268,97.305556999999993
2020-12-15 05:00:00+00:00,98.579999999999998,98.930000000000007,95.629999999999995,98.680000000000007,304806,6168,97.615328000000005
2020-12-16 05:00:00+00:00,98.75,100.25,97.099999999999994,99.829999999999998,253547,5462,99.107646000000003
2020-12-17 05:00:00+00:00,100.09,103.26000000000001,97.890000000000001,101.59,353751,6915,101.49760499999999
2020-12-18 05:00:00+00:00,103.73,105.22,102.05,102.14,857469,5104,102.85092899999999
2020-12-21 05:00:00+00:00,104.83,107.84,102.25,103.91,395098,7596,104.312714
2020-12-22 05:00:00+00:00,104.67,106.45,102.39,104.68000000000001,263411,4867,104.471282
2020-12-23 05:00:00+00:00,105.03,107.01000000000001,104.51000000000001,105.88,161714,3296,105.729012
2020-12-24 05:00:00+00:00,105.84999999999999,107.09,103.86,106.59,100748,1672,106.030203
2020-12-28 05:00:00+00:00,108.19,108.89,106.77,106.86,227827,4450,107.418851
2020-12-29 05:00:00+00:00,106.61,106.61,104.09,105.45,178726,3277,105.22116200000001
2020-12-30 05:00:00+00:00,105.5,107.59,104.9902,107.25,192962,3135,106.836102
2020-12-31 05:00:00+00:00,107.78,108.11,104.81,105.70999999999999,261728,4183,106.08272100000001
2021-01-04 05:00:00+00:00,106.36,107.5,101.8154,103.41,223541,3913,103.60193
2021-01-05 05:00:00+00:00,103.62,108.63,103.56,108.16,281033,4340,107.458423
2021-01-06 05:00:00+00:00,108.94,114.56999999999999,108.94,113.45,386994,5826,112.95079
2021-01-07 05:00:00+00:00,114.75,118.45,114.75,118.2,245483,4754,117.58568099999999
2021-01-08 05:00:00+00:00,119.43000000000001,120,117.47,119.04000000000001,284927,3934,118.95936500000001
2021-01-11 05:00:00+00:00,118.29000000000001,124.15000000000001,109,123.59999999999999,271581,4113,122.65889
2021-01-12 05:00:00+00:00,123.83,128.90000000000001,122.755,127.25,249285,3711,127.21257199999999
2021-01-13 05:00:00+00:00,126.45,128.02000000000001,125.41,125.83,253847,5202,126.227571
2021-01-14 05:00:00+00:00,127.09,128.5,125.14,127.37,294293,3951,126.817381
2021-01-15 05:00:00+00:00,125.77,126.87,120.37,124.55,299600,4180,124.292118
2021-01-19 05:00:00+00:00,126.94,127.27,123.015,124.04000000000001,279997,5050,124.239105
2021-01-20 05:00:00+00:00,125.8,130.86000000000001,125.66500000000001,128.55000000000001,278210,3864,128.737528
2021-01-21 05:00:00+00:00,129.44999999999999,129.52000000000001,126.01000000000001,126.09,216908,3945,126.948679
2021-01-22 05:00:00+00:00,125.52,127.12,123.52,124.65000000000001,271452,4056,124.88789199999999
2021-01-25 05:00:00+00:00,123.91,127.41,120.54000000000001,124.36,267165,3034,123.989487
2021-01-26 05:00:00+00:00,125.23999999999999,126.2296,123.23999999999999,124.23999999999999,142968,3165,124.42787300000001
2021-01-27 05:00:00+00:00,120.44,126.02,120.09999999999999,122.88,262192,4356,122.87776700000001
2021-01-28 05:00:00+00:00,124.7,126.06999999999999,120.2,121.98,201478,3599,122.452636
2021-01-29 05:00:00+00:00,124.2,125.31999999999999,118.11,119.64,214196,4255,120.21394100000001
2021-02-01 05:00:00+00:00,121.83,124.92,118.56999999999999,124.31,181479,3488,123.189628
2021-02-02 05:00:00+00:00,126.65000000000001,129.11000000000001,124.28,127.36,198923,2886,127.228497
2021-02-03 05:00:00+00:00,127.06,129.69,124.43000000000001,129.24000000000001,173080,2609,128.75476599999999
2021-02-04 05:00:00+00:00,129.94,133.13999999999999,129.38,130.69999999999999,223268,3155,130.96750499999999
2021-02-05 05:00:00+00:00,132.83000000000001,136.05000000000001,131.53999999999999,135.91,222092,2990,134.87051199999999
2021-02-08 05:00:00+00:00,138.28,141.34,137,139.81999999999999,185007,3947,139.22119499999999
2021-02-09 05:00:00+00:00,140.34999999999999,142.74000000000001,138.09,139.62,339154,4299,139.80300700000001
2021-02-10 05:00:00+00:00,141.71000000000001,143.28999999999999,136.18000000000001,137.5,219266,3283,138.007261
2021-02-11 05:00:00+00:00,138.94999999999999,140.40000000000001,132.31,134.43000000000001,347180,5659,134.66567699999999
2021-02-12 05:00:00+00:00,133.66,135.91,131.36600000000001,134.34,327291,5184,133.44815500000001
2021-02-16 05:00:00+00:00,135.72999999999999,138.91,132.66,133.78,172120,4328,134.42679100000001
2021-02-17 05:00:00+00:00,132.06999999999999,135.97,131.11500000000001,135.06,232208,4665,133.47116299999999
2021-02-18 05:00:00+00:00,135.93000000000001,139.56999999999999,134.28999999999999,134.50999999999999,284020,4527,135.29522
2021-02-19 05:00:00+00:00,135.59,140.38,135.46000000000001,137.88,816959,4279,138.19898800000001
2021-02-22 05:00:00+00:00,135.66999999999999,141.285,135.66999999999999,138.94,344856,4569,138.698621
2021-02-23 05:00:00+00:00,136.09999999999999,140.66999999999999,130.90000000000001,140.24000000000001,304707,5972,137.24444399999999
2021-02-24 05:00:00+00:00,140.06999999999999,144.255,139.49250000000001,141.75,264181,4474,141.956965
2021-02-25 05:00:00+00:00,140.80000000000001,141.88,130.69999999999999,131,390140,6400,134.44868
2021-02-26 05:00:00+00:00,128.91999999999999,132.83000000000001,126.06,127.15000000000001,477807,7193,127.978165
2021-03-01 05:00:00+00:00,130.34999999999999,136.96000000000001,128.53,134.28,224027,5528,134.10495599999999
2021-03-02 05:00:00+00:00,133.13999999999999,133.13999999999999,127.855,128.61000000000001,411145,4556,129.43874600000001
2021-03-03 05:00:00+00:00,130.40000000000001,132.88999999999999,127.15000000000001,127.27,425267,4982,128.63049100000001
2021-03-04 05:00:00+00:00,126.44,127.33,118.05,121.70999999999999,311526,7176,121.873963
2021-03-05 05:00:00+00:00,124.12,124.265,117.59,124.17,306065,7788,122.39240100000001
2021-03-08 05:00:00+00:00,125.36,129.99000000000001,123.87,126.12,248021,4990,127.231399
2021-03-09 05:00:00+00:00,128.83000000000001,133.27000000000001,126.48999999999999,132.46000000000001,597041,7083,130.94249300000001
2021-03-10 05:00:00+00:00,134.61000000000001,139.255,134.47999999999999,136.58000000000001,259574,4995,136.718478
2021-03-11 05:00:00+00:00,137.72,137.81999999999999,133.16999999999999,135.31,294364,5481,135.17988299999999
2021-03-12 05:00:00+00:00,134.06,136.81999999999999,132.47999999999999,136.53,364731,6003,135.39918700000001
2021-03-15 04:00:00+00:00,136.84999999999999,139.59999999999999,132.98500000000001,139.22999999999999,303263,6365,137.60477599999999
2021-03-16 04:00:00+00:00,138.94999999999999,142.71000000000001,137.44,140.88,238355,4351,140.85775100000001
2021-03-17 04:00:00+00:00,139.12,141,135.88,140.25999999999999,290765,4569,139.29800299999999
2021-03-18 04:00:00+00:00,138.80000000000001,139.66999999999999,130.78,131.40000000000001,223327,4860,133.55776399999999
2021-03-19 04:00:00+00:00,130.44999999999999,136.19,129.5,134.38,869776,5282,132.89255199999999
2021-03-22 04:00:00+00:00,135.11000000000001,135.11000000000001,129.61000000000001,133.16,236823,4066,132.77852799999999
2021-03-23 04:00:00+00:00,131.21000000000001,132,127.58,128.81,337101,5946,129.33024599999999
2021-03-24 04:00:00+00:00,130.09,131.83699999999999,122.28,122.31999999999999,261581,5136,126.65386599999999
2021-03-25 04:00:00+00:00,120.95999999999999,127.34,118.84,126.69,214620,5879,125.040328
2021-03-26 04:00:00+00:00,127.77,130.81,123.6125,129.88,182134,3710,129.233767
2021-03-29 04:00:00+00:00,129.19999999999999,130.26750000000001,125,125.5,220995,4306,126.586479
2021-03-30 04:00:00+00:00,125.13,127.86,123.48999999999999,127.43000000000001,239217,5474,126.668329
2021-03-31 04:00:00+00:00,128.63,130.11000000000001,126.75,127.06,434609,5909,127.25854200000001
2021-04-01 04:00:00+00:00,128.56,132.28,126.5,130.63,254485,4803,130.39520099999999
2021-04-05 04:00:00+00:00,132.77000000000001,132.78,129.96000000000001,132.5,156815,3148,132.05098000000001
2021-04-06 04:00:00+00:00,132.88,134.92429999999999,132,132.80000000000001,133506,2571,133.01799399999999
2021-04-07 04:00:00+00:00,133.06,133.06,128.77000000000001,129.61000000000001,149138,3611,130.371465
2021-04-08 04:00:00+00:00,130.74000000000001,132.84999999999999,128.24860000000001,132.84999999999999,132431,3008,132.18242699999999
2021-04-09 04:00:00+00:00,132.12,133.995,129.27000000000001,133.59,185262,3323,132.101023
2021-04-12 04:00:00+00:00,134.25,135.80000000000001,132.88999999999999,134.78,148552,2854,134.908016
2021-04-13 04:00:00+00:00,135.62,137.06,133.86000000000001,136.74000000000001,146076,3068,135.83354
2021-04-14 04:00:00+00:00,137.06,139.69999999999999,135.67250000000001,137.28,171254,3625,137.39327299999999
2021-04-15 04:00:00+00:00,139.06,139.5,134.94,139.28,166863,2411,136.83580799999999
2021-04-16 04:00:00+00:00,140.69,142.28,139.94,141.22,154879,2809,141.14081400000001
2021-04-19 04:00:00+00:00,141.06999999999999,141.06999999999999,135.94,140.46000000000001,272962,4299,138.91586799999999
2021-04-20 04:00:00+00:00,139.75999999999999,142.74000000000001,139.28999999999999,142.56,533186,8399,140.737818
2021-04-21 04:00:00+00:00,142.5,147.61680000000001,141.66999999999999,145.15000000000001,457556,5468,145.07229000000001
2021-04-22 04:00:00+00:00,146.59,150.33000000000001,141.16,149.38,453421,6744,148.55077199999999
2021-04-23 04:00:00+00:00,150.66,160.22,150.53999999999999,157.66999999999999,733839,10014,157.37064100000001
2021-04-26 04:00:00+00:00,159.49000000000001,165.55000000000001,156.67009999999999,164.78999999999999,685070,5973,162.398358
2021-04-27 04:00:00+00:00,165,166.88,159.94999999999999,163.38,781077,8298,163.67033699999999
2021-04-28 04:00:00+00:00,163.38,165.87,158.94999999999999,159.61000000000001,357579,5964,161.36823899999999
2021-04-29 04:00:00+00:00,161.41999999999999,161.41999999999999,156.13999999999999,156.99000000000001,271892,4967,157.86678499999999
2021-04-30 04:00:00+00:00,152.94,156,150.97,153.22999999999999,454320,7149,153.20107200000001
2021-05-03 04:00:00+00:00,154.94,155.41999999999999,152.06999999999999,153.38,277364,5991,153.84655000000001
2021-05-04 04:00:00+00:00,152.19,154.31,148.11000000000001,153.78,552082,5131,152.19961699999999
2021-05-05 04:00:00+00:00,155.25,155.25,149.65000000000001,150.03,187464,4548,151.365602
2021-05-06 04:00:00+00:00,150.28999999999999,151.95500000000001,146.8116,150.71000000000001,254942,5306,149.151636
2021-05-07 04:00:00+00:00,158.99000000000001,164.68790000000001,154.53999999999999,160.30000000000001,585178,11051,160.49860899999999
2021-05-10 04:00:00+00:00,158.755,159.90000000000001,155.09,156.12,334598,5828,157.171209
2021-05-11 04:00:00+00:00,151.38999999999999,156.09999999999999,149.37,155.09,343567,6330,153.90814900000001
2021-05-12 04:00:00+00:00,152.52000000000001,154.03,149.00999999999999,150,437438,6489,150.86521300000001
2021-05-13 04:00:00+00:00,151.34999999999999,155.83000000000001,151.05000000000001,152.61000000000001,581836,8481,152.606268
2021-05-14 04:00:00+00:00,153.99000000000001,159.0275,153.24000000000001,156.53,351529,5890,156.81024099999999
2021-05-17 04:00:00+00:00,156.43000000000001,159.97989999999999,153.41999999999999,158.27000000000001,202544,4732,157.14988199999999
2021-05-18 04:00:00+00:00,158.63,159.72,156.31,156.43000000000001,410320,3836,157.87112099999999
2021-05-19 04:00:00+00:00,153.94999999999999,156.52000000000001,151.84999999999999,155.74000000000001,177583,4928,154.75954100000001
2021-05-20 04:00:00+00:00,157.09999999999999,157.11000000000001,152.75,154.16999999999999,202288,4968,154.30894799999999
2021-05-21 04:00:00+00:00,156.13,157.97999999999999,153.38,154.31999999999999,169137,3816,155.00635199999999
2021-05-24 04:00:00+00:00,155.52000000000001,156.59999999999999,153.22999999999999,153.63999999999999,148474,3486,154.32568900000001
2021-05-25 04:00:00+00:00,155.18000000000001,156.5,152.03999999999999,152.06999999999999,372951,3836,153.656901
2021-05-26 04:00:00+00:00,152.84999999999999,155.08500000000001,151.36000000000001,154.65000000000001,278560,4447,153.95959199999999
2021-05-27 04:00:00+00:00,156.59999999999999,161.22999999999999,154,154.08000000000001,571222,7909,156.08272199999999
2021-05-28 04:00:00+00:00,153.68000000000001,155.47999999999999,150.13999999999999,155.47999999999999,283485,4740,153.98827900000001
2021-06-01 04:00:00+00:00,156.99000000000001,158.58000000000001,155.535,156.08000000000001,161937,3604,156.399204
2021-06-02 04:00:00+00:00,157.44999999999999,157.97499999999999,151.46000000000001,152.55000000000001,274250,4883,152.93608399999999
2021-06-03 04:00:00+00:00,152.33000000000001,153.91999999999999,147.25999999999999,149.19999999999999,292493,5822,149.42225300000001
2021-06-04 04:00:00+00:00,150.46000000000001,153.25,147.88,150.34,204219,4484,150.13494700000001
2021-06-07 04:00:00+00:00,150.47999999999999,151.86000000000001,148.78999999999999,149.25999999999999,158395,3875,149.58666199999999
2021-06-08 04:00:00+00:00,149.84999999999999,149.84999999999999,147.56,147.94,326097,3187,148.42131499999999
2021-06-09 04:00:00+00:00,147.55000000000001,147.55000000000001,144.40000000000001,144.68000000000001,215075,4609,145.22262900000001
2021-06-10 04:00:00+00:00,145.22,146.59999999999999,142.16999999999999,142.88999999999999,179607,3914,143.307772
2021-06-11 04:00:00+00:00,143.66,144.59,141.94999999999999,144.52000000000001,228078,5025,143.291831
2021-06-14 04:00:00+00:00,145.09999999999999,145.19999999999999,141.93000000000001,142.61000000000001,190684,3710,142.75395499999999
2021-06-15 04:00:00+00:00,142.19999999999999,144.81,141.97999999999999,144.09,224279,4308,143.80518699999999
2021-06-16 04:00:00+00:00,143.69,144.78999999999999,141.33000000000001,144.24000000000001,208094,4333,143.727858
2021-06-17 04:00:00+00:00,144.63999999999999,144.66999999999999,139.41,143.84,275909,5855,143.05655100000001
2021-06-18 04:00:00+00:00,143.43000000000001,144.88,140.80000000000001,141.31999999999999,696128,6576,142.36384799999999
2021-06-21 04:00:00+00:00,143.63999999999999,148.33000000000001,142.48500000000001,146.5,257943,5114,146.482358
2021-06-22 04:00:00+00:00,145.91999999999999,147.88,144.25,146.78,129070,3106,146.47697099999999
2021-06-23 04:00:00+00:00,147.49000000000001,150.02500000000001,147.09999999999999,147.97,231871,3669,148.23122799999999
2021-06-24 04:00:00+00:00,150.13999999999999,151.71000000000001,149.56,151.25999999999999,121634,3470,151.02205599999999
2021-06-25 04:00:00+00:00,152.12,154.31,150.97499999999999,153.93000000000001,593216,4839,153.74291500000001
2021-06-28 04:00:00+00:00,154.77000000000001,155.63,152.38999999999999,154.84999999999999,166826,4502,154.41478900000001
2021-06-29 04:00:00+00:00,156.13,157.0607,154.71000000000001,156.55000000000001,129224,3433,156.11676299999999
2021-06-30 04:00:00+00:00,155.28999999999999,159.11000000000001,155.28,155.66,410293,5081,156.01038500000001
2021-07-01 04:00:00+00:00,156.84,158.63999999999999,155.84,156.28,192532,3140,156.50497100000001
2021-07-02 04:00:00+00:00,157.06999999999999,157.33000000000001,154.93000000000001,155.25,117401,2346,155.61797799999999
2021-07-06 04:00:00+00:00,155.65000000000001,155.99000000000001,150.69999999999999,152.53999999999999,132188,2762,152.467398
2021-07-07 04:00:00+00:00,152.47999999999999,155.96000000000001,150.5,155.41,139296,3039,154.802997
2021-07-08 04:00:00+00:00,152.61000000000001,155.25999999999999,150.00999999999999,153.97,135966,3531,153.674136
2021-07-09 04:00:00+00:00,155.81,158.28999999999999,154.99000000000001,157.86000000000001,110179,2816,157.588212
2021-07-12 04:00:00+00:00,157.81,159.22999999999999,156.31,159.05000000000001,150297,3226,158.038264
2021-07-13 04:00:00+00:00,157.81999999999999,159.5899,152.88999999999999,153.97,131684,3208,154.788329
2021-07-14 04:00:00+00:00,155.13999999999999,156.32749999999999,152.90000000000001,153.97999999999999,85046,2060,154.04767100000001
2021-07-15 04:00:00+00:00,153.59,154.81,150.155,151.56999999999999,132813,4017,151.845528
2021-07-16 04:00:00+00:00,152.97999999999999,152.97999999999999,148.46000000000001,148.61000000000001,126062,2960,149.76389599999999
2021-07-19 04:00:00+00:00,145.81,154.88999999999999,144.09999999999999,153.09,248326,5387,152.17013800000001
2021-07-20 04:00:00+00:00,153.44,160.63999999999999,152.3475,158.65000000000001,274364,3950,158.67002099999999
2021-07-21 04:00:00+00:00,159.59,162.25,156.69,157.28999999999999,186240,3544,157.62426300000001
2021-07-22 04:00:00+00:00,158.13999999999999,159.65029999999999,156.99000000000001,157.96000000000001,119623,2706,158.04588799999999
2021-07-23 04:00:00+00:00,158.96000000000001,164.56989999999999,156.80000000000001,164.02000000000001,154731,2810,162.99289899999999
2021-07-26 04:00:00+00:00,164.38,166.88999999999999,159.19999999999999,160.84999999999999,230532,4607,161.75481199999999
2021-07-27 04:00:00+00:00,160,160.13999999999999,154.69,155.13,196756,4069,156.05978200000001
2021-07-28 04:00:00+00:00,156.52000000000001,159.53999999999999,154.74000000000001,157.99000000000001,178958,3998,157.40785099999999
2021-07-29 04:00:00+00:00,160.19999999999999,166.15000000000001,160.16,163.24000000000001,153793,3920,163.27178799999999
2021-07-30 04:00:00+00:00,162.15000000000001,164.94999999999999,160.77000000000001,161.53999999999999,155306,2664,161.83337700000001
2021-08-02 04:00:00+00:00,163.13999999999999,164.37,159.40000000000001,159.71000000000001,123143,2563,160.68266700000001
2021-08-03 04:00:00+00:00,160.41,162.38,160.03,161.09,188401,3384,161.25703899999999
2021-08-04 04:00:00+00:00,159.87,161.00999999999999,155.13999999999999,155.15000000000001,202802,4781,156.574184
2021-08-05 04:00:00+00:00,156.18000000000001,160.40000000000001,154.27090000000001,159.22999999999999,227612,4899,157.49954199999999
2021-08-06 04:00:00+00:00,159.565,172.25,154.08000000000001,158.18000000000001,159609,3450,159.495161
2021-08-09 04:00:00+00:00,156.97,156.97,153.83000000000001,155.77000000000001,113954,2709,155.91797700000001
2021-08-10 04:00:00+00:00,155.24000000000001,161.86000000000001,154.482,160.12,167293,4195,159.398233
2021-08-11 04:00:00+00:00,161.09999999999999,161.99000000000001,158.91,161.5,113878,2687,161.093389
2021-08-12 04:00:00+00:00,160.77000000000001,160.77000000000001,158.07499999999999,158.47999999999999,108766,2372,158.82059000000001
2021-08-13 04:00:00+00:00,158.11000000000001,158.88,155.22,158.50999999999999,95412,2234,158.13645600000001
2021-08-16 04:00:00+00:00,158.00999999999999,161.72999999999999,156.44,160.40000000000001,103160,2816,159.60459599999999
2021-08-17 04:00:00+00:00,158.06,158.06,149.255,152.19,197471,3662,152.34669
2021-08-18 04:00:00+00:00,152.30000000000001,153.86000000000001,148.30000000000001,148.59,167626,4450,150.03395699999999
2021-08-19 04:00:00+00:00,146.83000000000001,151.55000000000001,144.66,146.40000000000001,132417,3586,146.14352099999999
2021-08-20 04:00:00+00:00,145.94999999999999,152.24000000000001,145.94999999999999,151.91999999999999,124404,3094,150.148551
2021-08-23 04:00:00+00:00,153.55000000000001,155.38999999999999,152.22,152.68000000000001,121973,2935,153.32144700000001
2021-08-24 04:00:00+00:00,152.80000000000001,155.5,150.78,155.27000000000001,106729,2542,154.896693
2021-08-25 04:00:00+00:00,155.97,157.13409999999999,154.34999999999999,155.13999999999999,102150,2974,155.525836
2021-08-26 04:00:00+00:00,155.72999999999999,156.50999999999999,149.53999999999999,149.88,112783,2804,150.92707799999999
2021-08-27 04:00:00+00:00,149.75999999999999,156.38,149.75999999999999,155,202159,2915,154.78993800000001
2021-08-30 04:00:00+00:00,155.52000000000001,155.87,152,153.81,157650,2905,153.701607
2021-08-31 04:00:00+00:00,154.40000000000001,154.40000000000001,149.75,153.66999999999999,167959,3526,152.852307
2021-09-01 04:00:00+00:00,153.55000000000001,153.55000000000001,148.75,149.06,210544,4700,150.41826399999999
2021-09-02 04:00:00+00:00,150,153.209,147.94499999999999,152.61000000000001,165501,3790,151.832144
2021-09-03 04:00:00+00:00,152.47999999999999,152.47999999999999,149.74000000000001,151.69,99826,2383,151.411598
2021-09-07 04:00:00+00:00,151.84,156.21000000000001,150.53,151.38999999999999,156926,3654,152.00246100000001
2021-09-08 04:00:00+00:00,150.55000000000001,150.80000000000001,146.60040000000001,148.13999999999999,97282,3041,148.15143699999999
2021-09-09 04:00:00+00:00,148.53,152.66,145.24000000000001,151.15000000000001,157834,2592,150.77395899999999
2021-09-10 04:00:00+00:00,152.65000000000001,154.52000000000001,149.22999999999999,151.41,177567,3660,152.112538
2021-09-13 04:00:00+00:00,153.40000000000001,156.71369999999999,148.59999999999999,149.96000000000001,96037,3044,149.999268
2021-09-14 04:00:00+00:00,151.08000000000001,152.02000000000001,146.59,147.19,109086,3084,147.69756699999999
2021-09-15 04:00:00+00:00,147.19,150.25,145.62,148.63,212609,4427,148.53930600000001
2021-09-16 04:00:00+00:00,147.63,148.52500000000001,143.52000000000001,144.75,208753,3619,145.05966599999999
2021-09-17 04:00:00+00:00,145.55000000000001,148.5,142.02000000000001,144.96000000000001,949912,5065,144.93132499999999
2021-09-20 04:00:00+00:00,140.87,142.98500000000001,137.43000000000001,142.91,248873,5564,140.914222
2021-09-21 04:00:00+00:00,145.59,146.13,142,145.37,176432,4173,145.047922
2021-09-22 04:00:00+00:00,146.22,152.21000000000001,146.03999999999999,150.5,227136,3820,149.83458400000001
2021-09-23 04:00:00+00:00,152.47,155.66,151.69,154.25999999999999,187096,4202,154.390612
2021-09-24 04:00:00+00:00,152.66,153.00999999999999,148.40000000000001,148.47999999999999,208345,3833,150.039254
2021-09-27 04:00:00+00:00,147.77000000000001,149.71000000000001,146.94,147.47999999999999,173377,3930,147.90364400000001
2021-09-28 04:00:00+00:00,146.66,148.49000000000001,145.02000000000001,145.65000000000001,229045,4424,146.216587
2021-09-29 04:00:00+00:00,147.44999999999999,148.06999999999999,144.80500000000001,146.30000000000001,206427,4325,146.448094
2021-09-30 04:00:00+00:00,147.38999999999999,147.38999999999999,143.30500000000001,144.53999999999999,464869,5750,144.74063899999999
2021-10-01 04:00:00+00:00,145.99000000000001,148.88999999999999,141.38999999999999,147.5,187659,4671,146.59823800000001
2021-10-04 04:00:00+00:00,147.91,148.43260000000001,143.43010000000001,147.22,201668,4713,146.870215
2021-10-05 04:00:00+00:00,147.44,150.67140000000001,146.41,148.97,243977,5502,148.54471100000001
2021-10-06 04:00:00+00:00,146.52000000000001,146.66999999999999,142.40000000000001,144.46000000000001,144041,4964,144.41801599999999
2021-10-07 04:00:00+00:00,145.87,150.19999999999999,144.97,147.06999999999999,172682,3566,147.295525
2021-10-08 04:00:00+00:00,148.80000000000001,149.94,146.66999999999999,148.81999999999999,95723,2355,148.86809500000001
2021-10-11 04:00:00+00:00,148.06999999999999,149.71000000000001,147.16,147.34,138585,3371,147.99502799999999
2021-10-12 04:00:00+00:00,148.83000000000001,150.75999999999999,147.56,149.08000000000001,162608,3639,149.50392600000001
2021-10-13 04:00:00+00:00,149.69,151.63999999999999,148.32499999999999,151.06,121219,3694,150.25608
2021-10-14 04:00:00+00:00,153,156.69999999999999,151.16999999999999,156.31999999999999,181287,3949,155.88078899999999
2021-10-15 04:00:00+00:00,158.78999999999999,161.33000000000001,156.94999999999999,157.19999999999999,185573,3387,158.125337
2021-10-18 04:00:00+00:00,155.90000000000001,157.59999999999999,154.90000000000001,156.13,136143,3234,156.144507
2021-10-19 04:00:00+00:00,156.30000000000001,157.16,151.88999999999999,152,140404,4217,153.187974
2021-10-20 04:00:00+00:00,152,153.55000000000001,148.25999999999999,148.87,123186,3235,149.791698
2021-10-21 04:00:00+00:00,149.47,151.71000000000001,149.47,150.75,99324,2070,150.64080799999999
2021-10-22 04:00:00+00:00,151.40000000000001,154.59,149.26499999999999,153.81999999999999,97387,2614,153.295196
2021-10-25 04:00:00+00:00,155.09999999999999,159.94999999999999,153,159.16999999999999,129237,4010,158.545242
2021-10-26 04:00:00+00:00,158.97999999999999,158.97999999999999,153.38,154.78,176356,5483,155.117254
2021-10-27 04:00:00+00:00,155.19,155.19,150.05000000000001,151.65000000000001,144612,4647,152.07832500000001
2021-10-28 04:00:00+00:00,153.43000000000001,154.5,151.80000000000001,154.08000000000001,144499,3698,153.64480599999999
2021-10-29 04:00:00+00:00,153.91999999999999,161.19499999999999,153.91999999999999,160.94999999999999,199063,4200,160.070628
2021-11-01 04:00:00+00:00,161.31,165.34999999999999,161.06,163.22,240981,5222,163.43384900000001
2021-11-02 04:00:00+00:00,163.77000000000001,169.36000000000001,161.005,168.34999999999999,225344,4795,166.70605399999999
2021-11-03 04:00:00+00:00,168.84999999999999,175.78999999999999,167.34,173.66,324247,5671,173.21307100000001
2021-11-04 04:00:00+00:00,174,177.53999999999999,173.25999999999999,174.08000000000001,255792,5798,174.404372
2021-11-05 04:00:00+00:00,181.21000000000001,189.58000000000001,177.19,180.59,345690,6468,182.33586700000001
2021-11-08 05:00:00+00:00,181.05000000000001,181.61000000000001,177.00999999999999,178.66999999999999,216873,4816,179.13429600000001
2021-11-09 05:00:00+00:00,179.69,184.66,178.36500000000001,184.37,297645,6774,182.504606
2021-11-10 05:00:00+00:00,182.72999999999999,184.58000000000001,180.44,182.28999999999999,191065,5102,182.703406
2021-11-11 05:00:00+00:00,184.03,184.99000000000001,181.55000000000001,182.33000000000001,107911,2732,182.99431200000001
2021-11-12 05:00:00+00:00,183,184.40899999999999,180.84100000000001,183.28,78715,2779,183.25826900000001
2021-11-15 05:00:00+00:00,184.88,187.94,182.09,187.93000000000001,138242,4292,186.540537
2021-11-16 05:00:00+00:00,187.68000000000001,190.28999999999999,186.81,187.81,180005,4413,188.264769
2021-11-17 05:00:00+00:00,187.81,189.08000000000001,185.77000000000001,187.18000000000001,200395,4514,187.07207700000001
2021-11-18 05:00:00+00:00,188.31,188.31,184.72999999999999,187.63999999999999,208321,3965,187.30816300000001
2021-11-19 05:00:00+00:00,187.90000000000001,188.655,183.28999999999999,184.49000000000001,117243,4049,185.46548899999999
2021-11-22 05:00:00+00:00,185.38,186.98500000000001,182.465,184.99000000000001,165318,4089,185.085036
2021-11-23 05:00:00+00:00,185.66,186.71000000000001,181.41999999999999,185.31,105886,2883,184.876925
2021-11-24 05:00:00+00:00,183.84999999999999,184.31,181.09999999999999,183.44,94333,3165,182.999571
2021-11-26 05:00:00+00:00,177.36000000000001,178.03999999999999,172.94999999999999,175.34999999999999,124238,3390,175.36063799999999
2021-11-29 05:00:00+00:00,179.16999999999999,179.69999999999999,173.84999999999999,175.59,161649,4947,175.69153600000001
2021-11-30 05:00:00+00:00,175.24000000000001,177.86000000000001,172.7174,175.77000000000001,206199,5667,175.523437
2021-12-01 05:00:00+00:00,180.69,182.37,172.93000000000001,173.19999999999999,227124,6197,176.63490899999999
2021-12-02 05:00:00+00:00,174.37,181.38999999999999,172.21899999999999,179.99000000000001,183494,4455,178.672875
2021-12-03 05:00:00+00:00,180.72999999999999,182.99000000000001,175.2295,177.5,164380,5021,177.524531
2021-12-06 05:00:00+00:00,179.75,183.03999999999999,177.14500000000001,181.65000000000001,126087,4364,181.30936600000001
2021-12-07 05:00:00+00:00,183.81999999999999,188.47999999999999,182.34,182.50999999999999,206689,5019,184.09068500000001
2021-12-08 05:00:00+00:00,182.75,184.16999999999999,180.02000000000001,182.25,165766,4729,182.47334000000001
2021-12-09 05:00:00+00:00,180.59,185.29499999999999,176.90000000000001,177.69999999999999,148412,3789,178.144913
2021-12-10 05:00:00+00:00,180.05000000000001,180.19999999999999,175.97999999999999,176.75,180811,4645,177.10030499999999
2021-12-13 05:00:00+00:00,176.19999999999999,177.54499999999999,172.87,174.37,135608,3505,174.450976
2021-12-14 05:00:00+00:00,173.81999999999999,174.88999999999999,171.03999999999999,172.52000000000001,174432,4727,172.62473600000001
2021-12-15 05:00:00+00:00,172.28,172.28,166.05500000000001,168.84999999999999,266031,8372,168.77375599999999
2021-12-16 05:00:00+00:00,170.56999999999999,170.56999999999999,160.34999999999999,160.53,255184,7190,162.55567099999999
2021-12-17 05:00:00+00:00,157.96000000000001,163.47,157.53,158.90000000000001,651087,6011,158.897818
2021-12-20 05:00:00+00:00,156.56,158.13900000000001,151.03999999999999,155.00999999999999,217989,4941,154.95942700000001
2021-12-21 05:00:00+00:00,157.36000000000001,159.21000000000001,156.38,158.90000000000001,171429,4759,158.49876499999999
2021-12-22 05:00:00+00:00,158.49000000000001,163.78,158.49000000000001,162.65000000000001,150260,3988,162.33190099999999
2021-12-23 05:00:00+00:00,164.63,165.92500000000001,162.97999999999999,163.69,111316,3096,164.00450699999999
2021-12-27 05:00:00+00:00,163.40000000000001,166.43000000000001,163.40000000000001,165.49000000000001,134055,3696,165.006067
2021-12-28 05:00:00+00:00,165.65000000000001,166.21000000000001,162.91,164.34999999999999,117156,3408,164.525745
2021-12-29 05:00:00+00:00,164.47999999999999,165.80000000000001,163.44,165.16,80483,2208,164.807121
2021-12-30 05:00:00+00:00,165.09,168.84999999999999,164.69999999999999,167.71000000000001,129517,3985,167.55037999999999
2021-12-31 05:00:00+00:00,167.71000000000001,170.69999999999999,167.71000000000001,170.09999999999999,113661,3177,169.86804699999999
2022-01-03 05:00:00+00:00,171.58000000000001,171.80000000000001,162.49000000000001,164.38999999999999,170731,4313,165.31458799999999
2022-01-04 05:00:00+00:00,165.31999999999999,168.66999999999999,163.86000000000001,166.59999999999999,155975,4506,166.456051
2022-01-05 05:00:00+00:00,167.80000000000001,167.80000000000001,156.755,157.25999999999999,160657,5241,160.57657499999999
2022-01-06 05:00:00+00:00,158.38,164.22999999999999,154.24000000000001,161.94999999999999,182551,5338,160.173496
2022-01-07 05:00:00+00:00,161.13,161.21000000000001,156.63,159.84999999999999,190377,4554,159.27193700000001
2022-01-10 05:00:00+00:00,157.34999999999999,158.56,153.13999999999999,158.08000000000001,134268,4214,156.90687299999999
2022-01-11 05:00:00+00:00,159.72999999999999,159.72999999999999,155.38,158.28,156064,3667,157.804408
2022-01-12 05:00:00+00:00,159.06,161.565,155.90000000000001,156.05000000000001,172677,4432,156.70865900000001
2022-01-13 05:00:00+00:00,157.49000000000001,158.62,151.28,152.34,120923,3072,153.71150700000001
2022-01-14 05:00:00+00:00,150.06999999999999,152.75,147.28999999999999,149.41999999999999,149065,3872,149.51707400000001
2022-01-18 05:00:00+00:00,146.88,147.31,142.29499999999999,143.28,180557,4487,144.27941899999999
2022-01-19 05:00:00+00:00,142.66999999999999,145.42500000000001,138.06,142.38,281399,5171,142.02937399999999
2022-01-20 05:00:00+00:00,143.91999999999999,143.91999999999999,134,134.46000000000001,280437,6244,139.41843900000001
2022-01-21 05:00:00+00:00,133.5,134.44,127.47,127.48999999999999,251554,6045,130.28954200000001
2022-01-24 05:00:00+00:00,125.09,133.90000000000001,121.23999999999999,133.56999999999999,396640,7994,127.825676
2022-01-25 05:00:00+00:00,131.25,133,125.01000000000001,128.66,211490,5176,128.60981100000001
2022-01-26 05:00:00+00:00,133.00999999999999,138.41,123.42,124.84999999999999,312450,6605,128.105006
2022-01-27 05:00:00+00:00,125.69,128.81,121.64,122.44,328848,6408,124.20541299999999
2022-01-28 05:00:00+00:00,123.14,125.22,118.42,124.91,443196,6459,122.38013100000001
2022-01-31 05:00:00+00:00,125.05,134.06,125.05,133.06999999999999,476325,7166,132.02446800000001
2022-02-01 05:00:00+00:00,133.97999999999999,134.75470000000001,130.28,134.03999999999999,167656,3989,133.42918900000001
2022-02-02 05:00:00+00:00,134.31,136.81999999999999,128.36500000000001,128.84999999999999,242408,5707,129.93917999999999
2022-02-03 05:00:00+00:00,127.06,130.03,125.68000000000001,126.39,205382,5353,127.021046
2022-02-04 05:00:00+00:00,125,126.8,123.02,125.59,157194,5266,125.27319
2022-02-07 05:00:00+00:00,125.33,129.27000000000001,123.8075,128.25999999999999,205255,4855,127.634962
2022-02-08 05:00:00+00:00,128.38,133.05000000000001,127.895,131.91999999999999,154164,4317,131.564696
2022-02-09 05:00:00+00:00,133.78999999999999,135.69999999999999,133.34,134.37,133654,5099,134.359058
2022-02-10 05:00:00+00:00,130.09999999999999,134.595,127.27,128.66999999999999,230356,6608,129.382598
2022-02-11 05:00:00+00:00,129.69999999999999,132.28999999999999,123.69,124.03,240748,5242,125.640811
2022-02-14 05:00:00+00:00,124.73,128.61000000000001,124.73,125.73999999999999,319189,6213,126.22468000000001
2022-02-15 05:00:00+00:00,128.43000000000001,129.74000000000001,126.53,127.91,168037,5029,127.966747
2022-02-16 05:00:00+00:00,126.84,129.59999999999999,125.30500000000001,129.03,146227,3953,128.253547
2022-02-17 05:00:00+00:00,127.27,129.02000000000001,123.545,123.88,133996,3694,124.424612
2022-02-18 05:00:00+00:00,123.61,123.61,119.43000000000001,121.54000000000001,323498,6241,121.400121
2022-02-22 05:00:00+00:00,121.41,123.685,119.45,120.90000000000001,158458,4483,121.051272
2022-02-23 05:00:00+00:00,122.68000000000001,122.68000000000001,116.425,116.92,389789,6366,117.877791
2022-02-24 05:00:00+00:00,111.97,124.76000000000001,110.64,124.66,323777,12706,121.49029299999999
2022-02-25 05:00:00+00:00,130,131.72,121.23,123.34999999999999,476706,15197,125.029411
2022-02-28 05:00:00+00:00,121.89,124.44,117.6375,118.02,439862,7513,118.731949
2022-03-01 05:00:00+00:00,117.56,118.23999999999999,107.14,108.65000000000001,580080,10834,109.428297
2022-03-02 05:00:00+00:00,110.59999999999999,116.11499999999999,110.565,115.54000000000001,505517,11938,114.00806
2022-03-03 05:00:00+00:00,116.39,116.39,107.95,108.81999999999999,175788,5230,109.67475899999999
2022-03-04 05:00:00+00:00,107.92,108.78,102.67,103.58,402215,9308,104.01067399999999
2022-03-07 05:00:00+00:00,104.33,104.33,96.069999999999993,96.560000000000002,497715,11551,97.965941000000001
2022-03-08 05:00:00+00:00,97.629999999999995,100.95999999999999,94.659999999999997,95.340000000000003,512749,9750,97.140373999999994
2022-03-09 05:00:00+00:00,99.010000000000005,103.79000000000001,98.579999999999998,101.75,551419,10216,101.54824000000001
2022-03-10 05:00:00+00:00,99,102.44,97.260000000000005,100.55,289945,6364,99.915829000000002
2022-03-11 05:00:00+00:00,101.64,103.05,98.799999999999997,101.575,462725,8155,100.811831
2022-03-14 04:00:00+00:00,102.55,104.77500000000001,100.965,103.98,564589,12781,103.107449
2022-03-15 04:00:00+00:00,103.98,105.36499999999999,101.84,101.90000000000001,323668,7957,103.02826
2022-03-16 04:00:00+00:00,103.61,105,100.06999999999999,103.28,445445,7273,103.182159
2022-03-17 04:00:00+00:00,101.75,105.15000000000001,101.44499999999999,104.93000000000001,181433,4964,104.426513
2022-03-18 04:00:00+00:00,104.33,108.29000000000001,103.40000000000001,107.88,464270,5438,106.328678
2022-03-21 04:00:00+00:00,107.41,107.77,104.075,105.15000000000001,175891,4300,105.007971
2022-03-22 04:00:00+00:00,105.53,107.02,104.33,106.2,206613,4685,105.97507299999999
2022-03-23 04:00:00+00:00,104.48,104.52,96.900000000000006,98,459431,9885,98.994896999999995
2022-03-24 04:00:00+00:00,98.980000000000004,98.980000000000004,93.420000000000002,98.430000000000007,488457,10187,96.000709999999998
2022-03-25 04:00:00+00:00,99.150000000000006,99.439999999999998,96.200000000000003,98.739999999999995,324890,6821,98.515705999999994
2022-03-28 04:00:00+00:00,99.25,99.709999999999994,96.709999999999994,99.489999999999995,238996,6236,98.741624999999999
2022-03-29 04:00:00+00:00,101.88,105.22,101.41,103.09999999999999,268656,5945,103.26791799999999
2022-03-30 04:00:00+00:00,101.95999999999999,105.1799,100.45999999999999,101.52,306422,6304,102.450262
2022-03-31 04:00:00+00:00,101.23999999999999,102.51000000000001,97.930000000000007,97.950000000000003,223597,4254,98.690053000000006
2022-04-01 04:00:00+00:00,99.370000000000005,100.27500000000001,97.25,100.09,263512,6292,99.506989000000004
2022-04-04 04:00:00+00:00,99.980000000000004,102.53,98.329999999999998,101.02,151330,4941,100.882536
2022-04-05 04:00:00+00:00,100.18000000000001,100.18000000000001,94.765000000000001,95.180000000000007,184350,5619,95.992873000000003
2022-04-06 04:00:00+00:00,93.819999999999993,94.111999999999995,90.935000000000002,93.180000000000007,245349,7110,92.601415000000003
2022-04-07 04:00:00+00:00,92.390000000000001,94.159999999999997,88.959999999999994,92.219999999999999,212555,6195,91.781015999999994
2022-04-08 04:00:00+00:00,92.370000000000005,92.879999999999995,90.719999999999999,91.090000000000003,113594,3950,91.542198999999997
2022-04-11 04:00:00+00:00,90.049999999999997,94.599999999999994,89.170000000000002,94.219999999999999,256030,6928,93.673732999999999
2022-04-12 04:00:00+00:00,96.129999999999995,98,91.329999999999998,91.469999999999999,226310,6337,93.060456000000002
2022-04-13 04:00:00+00:00,91.299999999999997,93.549999999999997,90.730000000000004,91.909999999999997,142178,4532,92.187161000000003
2022-04-14 04:00:00+00:00,92.310000000000002,93.894999999999996,90.439999999999998,91.090000000000003,275684,6373,91.997440999999995
2022-04-18 04:00:00+00:00,90.420000000000002,91.680000000000007,88.689999999999998,89.569999999999993,178094,4878,89.771845999999996
2022-04-19 04:00:00+00:00,89.390000000000001,94.560000000000002,89.379999999999995,93.659999999999997,278710,6377,93.247529999999998
2022-04-20 04:00:00+00:00,95.109999999999999,95.109999999999999,92.120000000000005,92.480000000000004,186684,4110,92.866684000000006
2022-04-21 04:00:00+00:00,94.5,94.5,86.364999999999995,87.980000000000004,313238,6107,88.216941000000006
2022-04-22 04:00:00+00:00,87.180000000000007,89,84.819999999999993,85.920000000000002,252665,7442,86.411085999999997
2022-04-25 04:00:00+00:00,85.760000000000005,87.579999999999998,84.060000000000002,87.370000000000005,290827,6296,86.589983000000004
2022-04-26 04:00:00+00:00,86.120000000000005,86.120000000000005,82.180000000000007,82.870000000000005,272715,6068,83.445313999999996
2022-04-27 04:00:00+00:00,83.510000000000005,84.629999999999995,81.530000000000001,82.819999999999993,240381,4994,82.873481999999996
2022-04-28 04:00:00+00:00,84.859999999999999,86.040000000000006,81.734999999999999,84.75,171571,3841,84.457543000000001
2022-04-29 04:00:00+00:00,84.120000000000005,86.670000000000002,81.629999999999995,81.879999999999995,287572,6000,82.460350000000005
2022-05-02 04:00:00+00:00,81.370000000000005,85.269999999999996,80.530000000000001,85.150000000000006,253072,5764,84.401149000000004
2022-05-03 04:00:00+00:00,84.780000000000001,85.769999999999996,82.459999999999994,84.859999999999999,328322,5642,84.488355999999996
2022-05-04 04:00:00+00:00,85.599999999999994,87.870000000000005,82.879999999999995,87.659999999999997,298302,5249,85.628596999999999
2022-05-05 04:00:00+00:00,85.730000000000004,86.760000000000005,82.519999999999996,84.670000000000002,356789,7067,84.330994000000004
2022-05-06 04:00:00+00:00,83.209999999999994,84.510000000000005,77.209999999999994,81.290000000000006,533464,7574,80.944512000000003
2022-05-09 04:00:00+00:00,80.189999999999998,81.549999999999997,76.010000000000005,77.019999999999996,346653,7507,77.847949999999997
2022-05-10 04:00:00+00:00,78.370000000000005,79.704999999999998,74.670000000000002,78.799999999999997,513903,11299,78.521523999999999
2022-05-11 04:00:00+00:00,79.040000000000006,82.590000000000003,78.640000000000001,79.299999999999997,455622,8956,79.771180000000001
2022-05-12 04:00:00+00:00,78.859999999999999,83.189999999999998,77.854200000000006,82.069999999999993,531332,11149,81.924661
2022-05-13 04:00:00+00:00,83.879999999999995,85.325000000000003,82.760000000000005,83.159999999999997,387271,7517,83.642972
2022-05-16 04:00:00+00:00,82.159999999999997,83.004999999999995,79.900000000000006,81.640000000000001,289191,5901,81.416774000000004
2022-05-17 04:00:00+00:00,83.689999999999998,84.515000000000001,81.209999999999994,83.049999999999997,302773,6188,82.678730000000002
2022-05-18 04:00:00+00:00,81.359999999999999,83.709999999999994,80.549999999999997,81.219999999999999,340569,6558,81.536191000000002
2022-05-19 04:00:00+00:00,80.829999999999998,82.060000000000002,78.489999999999995,78.719999999999999,287574,5864,79.672856999999993
2022-05-20 04:00:00+00:00,80.430000000000007,84.289599999999993,76.510000000000005,78.959999999999994,388228,6884,78.114959999999996
2022-05-23 04:00:00+00:00,78.599999999999994,79.950000000000003,77.325000000000003,78.859999999999999,300194,7573,78.841288000000006
2022-05-24 04:00:00+00:00,77.920000000000002,78.129999999999995,74.370000000000005,76.609999999999999,298838,5455,76.259760999999997
2022-05-25 04:00:00+00:00,75.950000000000003,79.030000000000001,75.950000000000003,77.260000000000005,241278,6105,77.256052999999994
2022-05-26 04:00:00+00:00,78.420000000000002,80.480000000000004,77.519999999999996,79.010000000000005,192035,4543,79.266188
2022-05-27 04:00:00+00:00,80.030000000000001,80.920000000000002,79.305000000000007,80.099999999999994,178331,4635,80.081698000000003
2022-05-31 04:00:00+00:00,79.980000000000004,82.590000000000003,77.930000000000007,82.019999999999996,400496,6613,81.560329999999993
2022-06-01 04:00:00+00:00,82.5,83.900000000000006,80.954999999999998,81.599999999999994,223084,5830,81.860076000000007
2022-06-02 04:00:00+00:00,81.709999999999994,86.280000000000001,81.439999999999998,86.25,183244,6110,85.257907000000003
2022-06-03 04:00:00+00:00,85.019999999999996,86.269999999999996,83.007499999999993,83.799999999999997,242157,6902,83.724427000000006
2022-06-06 04:00:00+00:00,85.310000000000002,86.090000000000003,83.924800000000005,84.989999999999995,197296,5751,84.846377000000004
2022-06-07 04:00:00+00:00,83.75,85.719999999999999,82.819999999999993,85.640000000000001,257634,5410,85.267509000000004
2022-06-08 04:00:00+00:00,85.329999999999998,87.569999999999993,85,86.689999999999998,228097,5857,86.561974000000006
2022-06-09 04:00:00+00:00,85.849999999999994,87.780000000000001,85.575000000000003,86.170000000000002,238521,6111,86.404381999999998
2022-06-10 04:00:00+00:00,84.260000000000005,84.469999999999999,81.390000000000001,83.680000000000007,306798,7157,83.305723999999998
2022-06-13 04:00:00+00:00,80.540000000000006,81.989999999999995,76.950000000000003,77.609999999999999,248993,6763,78.106675999999993
2022-06-14 04:00:00+00:00,78.299999999999997,79.819999999999993,77.359999999999999,79.230000000000004,235016,5850,79.018403000000006
2022-06-15 04:00:00+00:00,80.890000000000001,81.620000000000005,77.625,79.120000000000005,315501,7264,79.154501999999994
2022-06-16 04:00:00+00:00,76.719999999999999,76.75,69.280000000000001,69.939999999999998,444711,10122,71.075778
2022-06-17 04:00:00+00:00,71.799999999999997,77.25,71.015000000000001,75.920000000000002,584761,11252,74.313682999999997
2022-06-21 04:00:00+00:00,77.340000000000003,77.730000000000004,75.209999999999994,75.25,216320,8282,75.744068999999996
2022-06-22 04:00:00+00:00,73.810000000000002,77.632000000000005,73.810000000000002,76.079999999999998,351364,6505,76.385108000000002
2022-06-23 04:00:00+00:00,76.340000000000003,79.129999999999995,76.010000000000005,79.019999999999996,185912,5199,78.358564999999999
2022-06-24 04:00:00+00:00,79.370000000000005,84.739999999999995,78.810000000000002,84.640000000000001,757291,9705,84.025498999999996
2022-06-27 04:00:00+00:00,85.280000000000001,86.489999999999995,83.094999999999999,85.480000000000004,366649,7648,85.420840999999996
2022-06-28 04:00:00+00:00,85.530000000000001,88,83.840000000000003,83.930000000000007,488624,5996,84.311622999999997
2022-06-29 04:00:00+00:00,83.650000000000006,83.650000000000006,80.540000000000006,82.239999999999995,253063,6198,81.865849999999995
2022-06-30 04:00:00+00:00,80.480000000000004,81.805000000000007,77.909999999999997,80.540000000000006,312955,7021,80.367089000000007
2022-07-01 04:00:00+00:00,79.969999999999999,83.969999999999999,79.969999999999999,83.049999999999997,284726,5541,82.552778000000004
2022-07-05 04:00:00+00:00,81.420000000000002,85.879999999999995,80.049999999999997,85.420000000000002,320572,7129,84.420507000000001
2022-07-06 04:00:00+00:00,85.5,85.5,83.5,85.209999999999994,188292,5456,84.863309999999998
2022-07-07 04:00:00+00:00,85.890000000000001,89.549999999999997,85.810000000000002,89.030000000000001,154198,5213,88.654443999999998
2022-07-08 04:00:00+00:00,88.25,90.140000000000001,87.180000000000007,88.590000000000003,212160,5664,88.866597999999996
2022-07-11 04:00:00+00:00,87.549999999999997,88.5899,85.75,86.849999999999994,186050,5326,86.956209999999999
2022-07-12 04:00:00+00:00,86.75,90.709999999999994,86.75,87.909999999999997,294431,6441,88.885649000000001
2022-07-13 04:00:00+00:00,86.010000000000005,89.155000000000001,85,88.939999999999998,166969,5233,88.482926000000006
2022-07-14 04:00:00+00:00,87.519999999999996,87.519999999999996,85.819999999999993,85.879999999999995,183780,4669,86.421762000000001
2022-07-15 04:00:00+00:00,88.219999999999999,88.855000000000004,86.299999999999997,87.239999999999995,256780,5290,87.345335000000006
2022-07-18 04:00:00+00:00,87.890000000000001,89.079999999999998,85.260000000000005,85.409999999999997,143816,4336,86.084489000000005
2022-07-19 04:00:00+00:00,86.090000000000003,89.540000000000006,86.090000000000003,89.359999999999999,268144,4639,88.854169999999996
2022-07-20 04:00:00+00:00,88.980000000000004,91.560000000000002,88.980000000000004,91.260000000000005,296066,6295,90.991600000000005
2022-07-21 04:00:00+00:00,90.480000000000004,92.105000000000004,90.430000000000007,91.640000000000001,255207,3992,91.487855999999994
2022-07-22 04:00:00+00:00,92.109999999999999,92.109999999999999,89.799999999999997,91.530000000000001,245125,5252,91.304101000000003
2022-07-25 04:00:00+00:00,91.530000000000001,91.530000000000001,88.840000000000003,89.420000000000002,212059,5020,89.913211000000004
2022-07-26 04:00:00+00:00,88.370000000000005,88.370000000000005,84.659999999999997,85.379999999999995,186882,5306,85.782544000000001
2022-07-27 04:00:00+00:00,85.650000000000006,90.280000000000001,85.159999999999997,89.480000000000004,217846,6064,88.184099000000003
2022-07-28 04:00:00+00:00,90.239999999999995,92.829999999999998,89.659999999999997,92.700000000000003,135387,3791,92.357934
2022-07-29 04:00:00+00:00,92.510000000000005,94.739999999999995,91.469999999999999,94.659999999999997,229339,4354,94.088071999999997
2022-08-01 04:00:00+00:00,93.540000000000006,96.209999999999994,92.969999999999999,95.310000000000002,262267,6615,95.138413999999997
2022-08-02 04:00:00+00:00,94.159999999999997,95.269999999999996,92.819999999999993,94.079999999999998,137416,3250,93.878026000000006
2022-08-03 04:00:00+00:00,95.069999999999993,98.445099999999996,94.890000000000001,98.349999999999994,201481,5482,97.540807000000001
2022-08-04 04:00:00+00:00,97.349999999999994,97.355000000000004,93.525000000000006,94.480000000000004,338252,6777,94.641047999999998
2022-08-05 04:00:00+00:00,103.81,110.98,101.06,106.05,703159,14611,106.93847700000001
2022-08-08 04:00:00+00:00,106.47,108.48999999999999,104.68000000000001,107,264084,6947,106.890299
2022-08-09 04:00:00+00:00,105.79000000000001,106.51000000000001,101.61,104.95,300098,6544,104.163372
2022-08-10 04:00:00+00:00,105,107.75,104.95,106.95,262243,6363,106.645216
2022-08-11 04:00:00+00:00,108.15000000000001,109.45,107,108.58,200903,4677,108.303
2022-08-12 04:00:00+00:00,109.66,111.51000000000001,107.69,111.45,164629,4450,110.64241
2022-08-15 04:00:00+00:00,109.62,111.06,107.76000000000001,110.88,258990,5490,110.09414700000001
2022-08-16 04:00:00+00:00,109.77,113.63,108.36,111.92,189351,5169,111.80133499999999
2022-08-17 04:00:00+00:00,109.97,110.03,105.31999999999999,106.81,294837,6844,107.141233
2022-08-18 04:00:00+00:00,107.7,108.58499999999999,106.48999999999999,107.22,206839,5227,107.466534
2022-08-19 04:00:00+00:00,106.90000000000001,110.23999999999999,102.93000000000001,103.23,312959,7228,103.889234
2022-08-22 04:00:00+00:00,101.53,103.59999999999999,100.2925,102.54000000000001,235206,5246,102.568979
2022-08-23 04:00:00+00:00,102.17,104.11499999999999,98.859999999999999,99.450000000000003,246476,5620,100.142852
2022-08-24 04:00:00+00:00,100.5,102.15000000000001,99.180000000000007,100.98999999999999,188979,4635,101.023042
2022-08-25 04:00:00+00:00,101.48,103.47,100.55,101.5,190714,4931,101.712563
2022-08-26 04:00:00+00:00,101.27,102.5,96.370000000000005,97.060000000000002,222427,5447,99.028751
2022-08-29 04:00:00+00:00,96.469999999999999,98.775000000000006,95.030000000000001,95.150000000000006,170099,4983,95.819338000000002
2022-08-30 04:00:00+00:00,95.5,97.469999999999999,92.989999999999995,93.540000000000006,183464,5045,93.698986000000005
2022-08-31 04:00:00+00:00,94.540000000000006,96.859999999999999,92.459999999999994,93.209999999999994,251930,5325,93.254166999999995
2022-09-01 04:00:00+00:00,92.579999999999998,93.227500000000006,90.359999999999999,91.859999999999999,255222,6467,91.418976000000001
2022-09-02 04:00:00+00:00,92.959999999999994,93.170000000000002,89.569999999999993,90.170000000000002,187975,6573,90.54562
2022-09-06 04:00:00+00:00,90.359999999999999,92.614999999999995,88.810000000000002,90.579999999999998,279142,7926,90.387298999999999
2022-09-07 04:00:00+00:00,90.579999999999998,93.879999999999995,90.579999999999998,93.409999999999997,222007,6739,92.891119000000003
2022-09-08 04:00:00+00:00,91.950000000000003,93.780000000000001,91.144999999999996,93.280000000000001,219005,5994,92.970599000000007
2022-09-09 04:00:00+00:00,93.519999999999996,94.650000000000006,91.25,94.459999999999994,201768,5967,94.151377999999994
2022-09-12 04:00:00+00:00,95.359999999999999,95.810000000000002,93.670000000000002,93.930000000000007,291155,9230,94.118953000000005
2022-09-13 04:00:00+00:00,90.329999999999998,90.909999999999997,87.260000000000005,88.099999999999994,273949,7685,88.630153000000007
2022-09-14 04:00:00+00:00,88.329999999999998,89.234999999999999,85.680000000000007,86.920000000000002,190828,7948,86.811334000000002
2022-09-15 04:00:00+00:00,86.260000000000005,88.629999999999995,84.5,85.599999999999994,248033,6061,86.266930000000002
2022-09-16 04:00:00+00:00,84.370000000000005,85.469999999999999,83.340000000000003,83.950000000000003,590386,6856,84.068285000000003
2022-09-19 04:00:00+00:00,83.040000000000006,85.659999999999997,83.040000000000006,85.489999999999995,178373,5635,85.006957999999997
2022-09-20 04:00:00+00:00,84.090000000000003,84.379999999999995,81.900000000000006,82.650000000000006,189289,4843,82.737841000000003
2022-09-21 04:00:00+00:00,83.109999999999999,85.659999999999997,81.379999999999995,82.329999999999998,258425,4817,83.482748999999998
2022-09-22 04:00:00+00:00,81.590000000000003,81.590000000000003,79.159999999999997,80.730000000000004,269606,5870,80.346537999999995
2022-09-23 04:00:00+00:00,79.319999999999993,79.870000000000005,77.450000000000003,79.590000000000003,274006,7143,78.998744000000002
2022-09-26 04:00:00+00:00,78.950000000000003,81.209999999999994,77.359999999999999,77.510000000000005,244421,7759,78.036372999999998
2022-09-27 04:00:00+00:00,78.760000000000005,80.375,77.340000000000003,80.010000000000005,357777,9425,79.387253000000001
2022-09-28 04:00:00+00:00,80.319999999999993,84.329999999999998,78.989999999999995,84.040000000000006,369922,9003,83.313094000000007
2022-09-29 04:00:00+00:00,82.189999999999998,82.920000000000002,79.795000000000002,81.239999999999995,292504,8192,81.015597
2022-09-30 04:00:00+00:00,80.489999999999995,81.995000000000005,78.980000000000004,79.079999999999998,360014,7696,79.713711000000004
2022-10-03 04:00:00+00:00,80.079999999999998,83.280000000000001,79.480000000000004,82.670000000000002,303104,8145,82.462289999999996
2022-10-04 04:00:00+00:00,84.859999999999999,86.439999999999998,83.969999999999999,85.189999999999998,280596,7005,85.149942999999993
2022-10-05 04:00:00+00:00,84.140000000000001,84.159999999999997,81.549999999999997,81.980000000000004,240920,8036,82.444282000000001
2022-10-06 04:00:00+00:00,81.359999999999999,84.200000000000003,81.299999999999997,84,217611,5331,83.576481999999999
2022-10-07 04:00:00+00:00,83.079999999999998,83.890000000000001,81.435000000000002,82.280000000000001,301993,7247,82.553584000000001
2022-10-10 04:00:00+00:00,82.079999999999998,83.400000000000006,80.670000000000002,82.439999999999998,170779,4683,82.450699999999998
2022-10-11 04:00:00+00:00,82.010000000000005,83.430000000000007,80.519999999999996,81.489999999999995,215570,5967,81.748778000000001
2022-10-12 04:00:00+00:00,81.920000000000002,82.840000000000003,79.290000000000006,81.799999999999997,136723,3597,81.706415000000007
2022-10-13 04:00:00+00:00,79.629999999999995,84.109999999999999,77.840000000000003,83.219999999999999,226002,5666,82.512187999999995
2022-10-14 04:00:00+00:00,83.719999999999999,83.719999999999999,78.579999999999998,78.819999999999993,160633,3881,79.591997000000006
2022-10-17 04:00:00+00:00,80.450000000000003,81.280000000000001,78.909999999999997,80.569999999999993,246966,5628,80.406862000000004
2022-10-18 04:00:00+00:00,83.079999999999998,84.084999999999994,81.25,82.920000000000002,195681,4688,82.655585000000002
2022-10-19 04:00:00+00:00,81.579999999999998,82.584999999999994,75.644999999999996,77.140000000000001,251054,6179,77.545439999999999
2022-10-20 04:00:00+00:00,77.25,78.269999999999996,74.030000000000001,74.799999999999997,271955,5873,75.271186
2022-10-21 04:00:00+00:00,75.040000000000006,76.917599999999993,73.049999999999997,76.709999999999994,347291,6591,75.416291999999999
2022-10-24 04:00:00+00:00,77,80.079999999999998,76.519999999999996,79.900000000000006,217687,4618,79.360862999999995
2022-10-25 04:00:00+00:00,80.180000000000007,82.310000000000002,80.180000000000007,81.920000000000002,234252,4969,81.698644000000002
2022-10-26 04:00:00+00:00,82.760000000000005,84.909999999999997,81.439999999999998,82.799999999999997,236843,5199,83.367894000000007
2022-10-27 04:00:00+00:00,84.060000000000002,87.219999999999999,82.545000000000002,85.819999999999993,246658,5836,85.524170999999996
2022-10-28 04:00:00+00:00,87.189999999999998,89,85.075000000000003,88.209999999999994,288597,6005,88.079517999999993
2022-10-31 04:00:00+00:00,87.420000000000002,88.819999999999993,87.079999999999998,87.849999999999994,263033,5518,87.828625000000002
2022-11-01 04:00:00+00:00,88.969999999999999,89.075000000000003,86.021500000000003,88.319999999999993,148396,4102,88.045961000000005
2022-11-02 04:00:00+00:00,87.650000000000006,88.079999999999998,78.810000000000002,78.980000000000004,477537,11203,80.599265000000003
2022-11-03 04:00:00+00:00,77.760000000000005,81.239999999999995,76.840000000000003,80.569999999999993,322408,9123,79.818078999999997
2022-11-04 04:00:00+00:00,82.209999999999994,92.510000000000005,82.209999999999994,87.969999999999999,462504,14406,88.06568
2022-11-07 05:00:00+00:00,89.120000000000005,90.609999999999999,87.055000000000007,90.159999999999997,208360,5719,89.616213000000002
2022-11-08 05:00:00+00:00,89.810000000000002,94.480000000000004,89.810000000000002,92.530000000000001,259282,5640,92.464768000000007
2022-11-09 05:00:00+00:00,90.980000000000004,93.319999999999993,89.280000000000001,89.900000000000006,310504,6384,90.467164999999994
2022-11-10 05:00:00+00:00,94.700000000000003,98.730000000000004,94.549999999999997,97.829999999999998,297703,6500,97.421288000000004
2022-11-11 05:00:00+00:00,98.189999999999998,103.59999999999999,97.090000000000003,103.33,308224,8544,102.60710899999999
2022-11-14 05:00:00+00:00,101.87,103.94,101.5,101.95999999999999,301540,6585,102.386183
2022-11-15 05:00:00+00:00,103.09,107.59,103.09,107.5,481288,10748,106.683937
2022-11-16 05:00:00+00:00,106.01000000000001,107.31999999999999,104.09999999999999,107.18000000000001,275690,7491,106.53322799999999
2022-11-17 05:00:00+00:00,104.48,108.06999999999999,104.065,104.98,353926,9137,105.631383
2022-11-18 05:00:00+00:00,107.56999999999999,108.15000000000001,103.62,106.15000000000001,280695,5972,105.65353500000001
2022-11-21 05:00:00+00:00,104.91,106.58,103.67,104.33,171501,4735,104.608811
2022-11-22 05:00:00+00:00,104.09999999999999,106.4444,103.235,104.81999999999999,136639,5145,104.776849
2022-11-23 05:00:00+00:00,104.81999999999999,107.41,104.23,105.98,121179,4079,106.07223500000001
2022-11-25 05:00:00+00:00,105.09,106.785,105.09,106.3,51529,1980,106.07105900000001
2022-11-28 05:00:00+00:00,104.73,105.675,102.91,103.33,176213,5530,103.822755
2022-11-29 05:00:00+00:00,103,104.22,102.29000000000001,102.63,166110,4389,102.83585600000001
2022-11-30 05:00:00+00:00,103.26000000000001,106.15000000000001,100.36,106.09999999999999,288880,5362,105.47596900000001
2022-12-01 05:00:00+00:00,106.69,110.3,106.69,109.3,183426,6283,109.08775900000001
2022-12-02 05:00:00+00:00,107.17,113.98,107.17,111.66,169022,5553,111.71096799999999
2022-12-05 05:00:00+00:00,111.06999999999999,111.06999999999999,107.27500000000001,108.70999999999999,173955,5723,108.607006
2022-12-06 05:00:00+00:00,108.06,108.06,102.43000000000001,103.19,190810,8258,103.777299
2022-12-07 05:00:00+00:00,101.69,104.985,100.2,102.90000000000001,297953,8571,102.658884
2022-12-08 05:00:00+00:00,104.11,105.12,102.62,104.95,312395,5736,104.648302
2022-12-09 05:00:00+00:00,103.45,104.425,99.629999999999995,99.930000000000007,230985,7669,101.20095000000001
2022-12-12 05:00:00+00:00,99.700000000000003,101.465,98.359999999999999,100.58,215821,6454,100.320547
2022-12-13 05:00:00+00:00,105.86,106.28870000000001,99.629999999999995,101.54000000000001,249525,7135,101.802549
2022-12-14 05:00:00+00:00,100.8,105.58,100.8,100.98,292651,6475,102.095963
2022-12-15 05:00:00+00:00,100.25,101.26000000000001,98.269999999999996,98.659999999999997,249547,6031,99.140170999999995
2022-12-16 05:00:00+00:00,98.310000000000002,100.13500000000001,95.150000000000006,96.319999999999993,603580,9727,96.802676000000005
2022-12-19 05:00:00+00:00,96.609999999999999,97,93.939999999999998,94.159999999999997,196563,6182,94.647525000000002
2022-12-20 05:00:00+00:00,93.730000000000004,95.109999999999999,92.194999999999993,92.430000000000007,232327,8202,93.101078000000001
2022-12-21 05:00:00+00:00,93.680000000000007,94.900000000000006,93.170000000000002,94.019999999999996,324923,6876,94.009435999999994
2022-12-22 05:00:00+00:00,92.530000000000001,93.030000000000001,90.379999999999995,92.109999999999999,420728,7384,92.082172999999997
2022-12-23 05:00:00+00:00,92.579999999999998,93.349999999999994,91.209999999999994,92.019999999999996,315520,5560,92.168261999999999
2022-12-27 05:00:00+00:00,91.680000000000007,92.196600000000004,90.349999999999994,90.469999999999999,165644,4284,91.024675999999999
2022-12-28 05:00:00+00:00,90.739999999999995,90.799999999999997,88.844999999999999,88.909999999999997,259852,6962,89.273818000000006
2022-12-29 05:00:00+00:00,89.900000000000006,92.390000000000001,89.239999999999995,92.390000000000001,290700,5501,91.639189000000002
2022-12-30 05:00:00+00:00,91.209999999999994,92.239999999999995,90.280000000000001,91.230000000000004,199093,4515,91.186345000000003
2023-01-03 05:00:00+00:00,92.900000000000006,93.709999999999994,90.609999999999999,91.730000000000004,197787,5869,91.814419999999998
2023-01-04 05:00:00+00:00,93.030000000000001,94.760000000000005,91.980000000000004,93.230000000000004,231211,5829,92.986953999999997
2023-01-05 05:00:00+00:00,92.299999999999997,92.510000000000005,90.810000000000002,91.060000000000002,204594,4975,91.185435999999996
2023-01-06 05:00:00+00:00,92.519999999999996,98.909999999999997,91.819999999999993,97.969999999999999,275269,7144,97.070499999999996
2023-01-09 05:00:00+00:00,98.909999999999997,102.26000000000001,98.219999999999999,99.900000000000006,213461,6782,100.035923
2023-01-10 05:00:00+00:00,99.900000000000006,104.11,99.900000000000006,104.03,140150,5353,103.26469899999999
2023-01-11 05:00:00+00:00,105.31,108.37,105.06,107.44,262424,6675,107.353769
2023-01-12 05:00:00+00:00,108.81,109.81999999999999,105.56999999999999,109.62,196477,5243,108.455037
2023-01-13 05:00:00+00:00,107.31,111.17,107.03,109.54000000000001,156621,5001,109.72629000000001
2023-01-17 05:00:00+00:00,108.34,110.25,107.45999999999999,107.93000000000001,178201,4235,108.178989
2023-01-18 05:00:00+00:00,109.28,109.54000000000001,104.62,105.33,240626,5434,106.023647
2023-01-19 05:00:00+00:00,104.06999999999999,105.7,102.56999999999999,103.63,174851,3769,103.95708
2023-01-20 05:00:00+00:00,104.59999999999999,105.34999999999999,102.77,103.7,245398,4592,103.94815199999999
2023-01-23 05:00:00+00:00,104.04000000000001,106.79000000000001,103.55,106.7,246761,4796,105.874304
2023-01-24 05:00:00+00:00,105.65000000000001,110.31,105.45999999999999,109.98999999999999,172470,3276,108.620487
2023-01-25 05:00:00+00:00,108.5,109.75,105.5,107.48,176497,4084,107.125559
2023-01-26 05:00:00+00:00,109.28,109.55,106.4798,109.18000000000001,175128,3495,108.320092
2023-01-27 05:00:00+00:00,108.88,117.655,108.88,114.28,411984,6707,113.45128699999999
2023-01-30 05:00:00+00:00,112.38,115.34,112.38,113.39,199602,5421,113.626092
2023-01-31 05:00:00+00:00,114.09999999999999,118.66,113.605,118.09,277287,6892,117.90783999999999
2023-02-01 05:00:00+00:00,117.59,120.37,115.02,119.34999999999999,284272,7289,118.23255899999999
2023-02-02 05:00:00+00:00,120.48999999999999,127.5399,120.48999999999999,124.53,321371,8587,125.362647
2023-02-03 05:00:00+00:00,121.61,123.93000000000001,120.56,123.48,245080,8697,123.151775
2023-02-06 05:00:00+00:00,122.62,124.685,122.16,123.08,159994,5819,123.13385599999999
2023-02-07 05:00:00+00:00,121.98,123.66,119.545,121.72,201097,5693,121.731419
2023-02-08 05:00:00+00:00,120.40000000000001,123.17,119.86,120.42,146335,3796,121.194644
2023-02-09 05:00:00+00:00,122.42,123.39,118.81,119.83,134527,4971,120.15422
2023-02-10 05:00:00+00:00,118.91,119.77,117.13,117.73,145777,4910,117.974549
2023-02-13 05:00:00+00:00,118.15000000000001,120.73,117.93000000000001,120.72,165972,4670,120.020415
2023-02-14 05:00:00+00:00,119.09999999999999,122.18000000000001,118.55,121.20999999999999,169509,4718,120.575327
2023-02-15 05:00:00+00:00,119.81,124.155,118.6525,123.81999999999999,129379,3873,123.021614
2023-02-16 05:00:00+00:00,120.81999999999999,125.43000000000001,120.0904,122.66,190312,4960,123.026608
2023-02-17 05:00:00+00:00,122.58,123.93000000000001,120.73999999999999,122.73,228780,5950,122.45393199999999
2023-02-21 05:00:00+00:00,120.79000000000001,121.55500000000001,119.73999999999999,120.05,174863,4765,120.18208300000001
2023-02-22 05:00:00+00:00,121.08,123.7,119.40000000000001,120.3,290619,5895,120.743934
2023-02-23 05:00:00+00:00,120.22,122.55,119.29000000000001,122.5,268774,6582,121.115431
2023-02-24 05:00:00+00:00,113.53,116.64,110.5,112.14,619813,10789,112.63805499999999
2023-02-27 05:00:00+00:00,113.81,116.41,113.71550000000001,115.8,504913,9412,115.151445
2023-02-28 05:00:00+00:00,115.25,118.55,115.25,117.5,308372,6030,117.52735699999999
2023-03-01 05:00:00+00:00,117.3,119.54000000000001,116.925,119.02,235976,5410,118.900554
2023-03-02 05:00:00+00:00,117.52,120.47499999999999,116.67,119.93000000000001,214557,5082,118.83113299999999
2023-03-03 05:00:00+00:00,121.11,123.155,120.11,122.73999999999999,187460,4777,122.57915
2023-03-06 05:00:00+00:00,123.18000000000001,123.31999999999999,120.44,121.55,183823,8507,121.81765
2023-03-07 05:00:00+00:00,121.61,122.95999999999999,119.08,119.20999999999999,128750,6613,119.924502
2023-03-08 05:00:00+00:00,119.78,121.925,117.76000000000001,119.51000000000001,152518,4211,119.382077
2023-03-09 05:00:00+00:00,119.52,120.34999999999999,117.53,117.83,162370,5195,118.323556
2023-03-10 05:00:00+00:00,117.29000000000001,117.75,113.03,113.95999999999999,316820,6996,114.299042
2023-03-13 04:00:00+00:00,110.56,116.86499999999999,109.7,114.86,230208,5104,114.536941
2023-03-14 04:00:00+00:00,118.25,121.89,116.06999999999999,118.58,288135,6827,118.183167
2023-03-15 04:00:00+00:00,114.8,117.005,114.3,116.11,240606,6656,115.99533599999999
2023-03-16 04:00:00+00:00,114.38,120.03,114.38,116.77,263385,6800,117.23617
2023-03-17 04:00:00+00:00,115.84,117.37,113.75,115.23999999999999,640325,6800,115.39804599999999
2023-03-20 04:00:00+00:00,116.02,118.64,115.93000000000001,118.01000000000001,182048,5572,117.653521
2023-03-21 04:00:00+00:00,120.37,121.86,118.64,118.93000000000001,165816,5888,119.609452
2023-03-22 04:00:00+00:00,119.02,120.13,115.56,115.68000000000001,183450,5387,117.325112
2023-03-23 04:00:00+00:00,116.84,118.63,114.76000000000001,116.59999999999999,185661,5909,116.873474
2023-03-24 04:00:00+00:00,115.09,117.98,114.37,117.93000000000001,172951,4461,117.449912
2023-03-27 04:00:00+00:00,119.64,120,116.98999999999999,119.73,156055,4875,119.48723099999999
2023-03-28 04:00:00+00:00,119.61,121.59,119.20999999999999,120.75,220450,5465,120.561266
2023-03-29 04:00:00+00:00,122.15000000000001,123.88,119.8,119.94,193441,4465,120.384319
2023-03-30 04:00:00+00:00,121.15000000000001,121.48999999999999,116.67,117.83,246064,6355,118.210177
2023-03-31 04:00:00+00:00,118.90000000000001,121.89749999999999,118.90000000000001,121.37,316034,7189,121.07916299999999
2023-04-03 04:00:00+00:00,120.55,122.37,118.94,122.2,240802,6656,121.34972399999999
2023-04-04 04:00:00+00:00,123.09,125.08,121.31,122.69,333981,7915,122.50620000000001
2023-04-05 04:00:00+00:00,118.95,120.04000000000001,106.64,107.05,532796,13411,109.87641600000001
2023-04-06 04:00:00+00:00,109.34999999999999,115.27,108.48999999999999,111.68000000000001,509181,12052,112.198127
2023-04-10 04:00:00+00:00,111.36,112.23,110.64,112.23,286968,7813,111.634471
2023-04-11 04:00:00+00:00,113.43000000000001,117.4545,113.43000000000001,115.51000000000001,218359,6991,115.70892600000001
2023-04-12 04:00:00+00:00,117,117,112.70999999999999,112.84999999999999,178156,5939,113.607553
2023-04-13 04:00:00+00:00,114.44,114.44,112.53,113.98999999999999,183553,5143,113.837583
2023-04-14 04:00:00+00:00,113.23999999999999,114.93000000000001,111.48999999999999,112.40000000000001,145029,3499,112.648397
2023-04-17 04:00:00+00:00,112.70999999999999,113.515,110.95999999999999,112.98999999999999,170394,4482,112.599807
2023-04-18 04:00:00+00:00,113.98,115.69,112.16,112.93000000000001,183262,5749,113.48234600000001
2023-04-19 04:00:00+00:00,111.97,113.45,111.52,112.70999999999999,125865,3781,112.677831
2023-04-20 04:00:00+00:00,111.36,113.47,110.66500000000001,112.14,193376,5424,112.139892
2023-04-21 04:00:00+00:00,112.09,112.825,110.66,112.66,233038,4530,112.348848
2023-04-24 04:00:00+00:00,113.17,113.30500000000001,110.97,112.78,156093,3826,112.320109
2023-04-25 04:00:00+00:00,112.09,113.51000000000001,111.23,111.76000000000001,212588,4956,111.99713
2023-04-26 04:00:00+00:00,110.78,111.06999999999999,108.66,109,186394,5049,109.56179400000001
2023-04-27 04:00:00+00:00,110.08,112.355,108.62,111.89,133921,4755,111.594122
2023-04-28 04:00:00+00:00,111.94,112.73,110.235,110.87,234630,5884,110.97428499999999
2023-05-01 04:00:00+00:00,110.90000000000001,112.08,109.73999999999999,110.28,188905,5400,110.781831
2023-05-02 04:00:00+00:00,109.68000000000001,110.87,108.61,110.31999999999999,180993,6465,109.682137
2023-05-03 04:00:00+00:00,110.23999999999999,112.91,109.90000000000001,110.27,201571,5951,110.642071
2023-05-04 04:00:00+00:00,109.95,112.73999999999999,105.565,106.70999999999999,256120,5923,106.798112
2023-05-05 04:00:00+00:00,100.95999999999999,101.14,93.219999999999999,97.420000000000002,804767,13591,96.450768999999994
2023-05-08 04:00:00+00:00,97.230000000000004,97.920000000000002,92.329999999999998,95.530000000000001,399379,11129,94.619874999999993
2023-05-09 04:00:00+00:00,94.670000000000002,96.099999999999994,93.709999999999994,95.090000000000003,269402,8481,95.246167
2023-05-10 04:00:00+00:00,96.930000000000007,96.930000000000007,93.75,95.269999999999996,281837,7080,95.491583000000006
2023-05-11 04:00:00+00:00,94.590000000000003,95.920000000000002,92.805000000000007,95.760000000000005,226525,7100,95.157290000000003
2023-05-12 04:00:00+00:00,95.939999999999998,96.989999999999995,94.799999999999997,95.849999999999994,204470,5579,95.897925000000001
2023-05-15 04:00:00+00:00,96.790000000000006,98.400000000000006,95.120000000000005,97.870000000000005,267393,5782,97.431569999999994
2023-05-16 04:00:00+00:00,96.569999999999993,98.275000000000006,96.239999999999995,96.400000000000006,271756,8289,96.926910000000007
2023-05-17 04:00:00+00:00,96.819999999999993,100.39,96.472499999999997,99.879999999999995,367180,8035,99.349474000000001
2023-05-18 04:00:00+00:00,99.5,99.646500000000003,95.439999999999998,96.859999999999999,265583,7261,96.774234000000007
2023-05-19 04:00:00+00:00,98.239999999999995,98.239999999999995,94.400000000000006,95.209999999999994,256690,5997,95.514809
2023-05-22 04:00:00+00:00,95.519999999999996,97.459999999999994,95.049999999999997,97.069999999999993,225493,6277,96.656441000000001
2023-05-23 04:00:00+00:00,96.409999999999997,97.120000000000005,95.010000000000005,95.489999999999995,345385,6893,96.018118999999999
2023-05-24 04:00:00+00:00,94.430000000000007,96.340000000000003,92.730000000000004,94.069999999999993,291503,6589,94.428946999999994
2023-05-25 04:00:00+00:00,93.689999999999998,94.760000000000005,90.890000000000001,92.049999999999997,175113,6527,91.992590000000007
2023-05-26 04:00:00+00:00,91.909999999999997,93.590000000000003,90.900000000000006,92.709999999999994,175001,5665,92.422065000000003
2023-05-30 04:00:00+00:00,92.849999999999994,93.359999999999999,89.349999999999994,89.760000000000005,337470,9242,90.467168000000001
2023-05-31 04:00:00+00:00,89.510000000000005,90.400000000000006,87.510000000000005,88.920000000000002,305135,6854,88.978105999999997
2023-06-01 04:00:00+00:00,89.299999999999997,90.174999999999997,88.700000000000003,89.129999999999995,163768,5206,89.288402000000005
2023-06-02 04:00:00+00:00,90.329999999999998,92.409999999999997,89.269999999999996,92.260000000000005,530076,14005,91.662514000000002
2023-06-05 04:00:00+00:00,91.519999999999996,91.519999999999996,89.190100000000001,90.909999999999997,187392,6196,90.574364000000003
2023-06-06 04:00:00+00:00,91.079999999999998,95.584999999999994,91.079999999999998,94.340000000000003,194918,6789,94.478001000000006
2023-06-07 04:00:00+00:00,94.840000000000003,96.689999999999998,93.534999999999997,96.030000000000001,338622,8181,95.731454999999997
2023-06-08 04:00:00+00:00,96.140000000000001,96.560000000000002,93.834999999999994,95.159999999999997,179510,5705,95.131478999999999
2023-06-09 04:00:00+00:00,95.359999999999999,95.959999999999994,92.790000000000006,93.370000000000005,146363,5167,93.691804000000005
2023-06-12 04:00:00+00:00,93.689999999999998,94.069999999999993,92.680000000000007,92.920000000000002,202782,6478,93.163870000000003
2023-06-13 04:00:00+00:00,94,95.200000000000003,93.260000000000005,94.629999999999995,395664,10494,94.532797000000002
2023-06-14 04:00:00+00:00,95,96.829999999999998,94.280000000000001,94.700000000000003,368760,8159,95.229517999999999
2023-06-15 04:00:00+00:00,93.969999999999999,96.849999999999994,93.450000000000003,96.709999999999994,271030,6996,95.743384000000006
2023-06-16 04:00:00+00:00,97.730000000000004,98.209999999999994,94.956699999999998,96.480000000000004,396723,6886,96.741310999999996
2023-06-20 04:00:00+00:00,96.159999999999997,97.719999999999999,95.200000000000003,96.75,320913,9334,96.768990000000002
2023-06-21 04:00:00+00:00,96.450000000000003,99.579999999999998,95.5,98.870000000000005,324511,10502,98.147187000000002
2023-06-22 04:00:00+00:00,98.609999999999999,100.06999999999999,97.609999999999999,98.030000000000001,332561,11510,98.846836999999994
2023-06-23 04:00:00+00:00,96.25,98.415000000000006,96,97.510000000000005,457426,12385,97.494915000000006
2023-06-26 04:00:00+00:00,97.180000000000007,100.62,96.719999999999999,99.950000000000003,303045,8200,99.918068000000005
2023-06-27 04:00:00+00:00,100.34999999999999,105.92,100.29000000000001,104.90000000000001,268543,9271,104.75574
2023-06-28 04:00:00+00:00,105.01000000000001,105.91,103.05,104.2,274702,6792,104.157149
2023-06-29 04:00:00+00:00,106.16,108.08,104.88,107.81999999999999,183659,5876,107.376305
2023-06-30 04:00:00+00:00,108.77,110.16,107.95,108.51000000000001,177041,4204,108.976444
2023-07-03 04:00:00+00:00,109.05,109.95,108.795,109.2,87009,3242,109.35864599999999
2023-07-05 04:00:00+00:00,108.11,108.18000000000001,106.73,107.34,191793,6522,107.358255
2023-07-06 04:00:00+00:00,106.84,106.84,104.01000000000001,105.69,206980,8466,105.325504
2023-07-07 04:00:00+00:00,105.69,107.31,104.08,104.26000000000001,228436,6285,105.440085
2023-07-10 04:00:00+00:00,103.31,107.26000000000001,101.84,106.53,295149,8232,106.067471
2023-07-11 04:00:00+00:00,106.75,109.56,106.5,108.20999999999999,150873,5160,108.105812
2023-07-12 04:00:00+00:00,109.83,110.995,108.70999999999999,109.98,106500,5136,109.897588
2023-07-13 04:00:00+00:00,110.47,111.5,109.47,111,113159,4978,110.97469
2023-07-14 04:00:00+00:00,110.79000000000001,111.375,109.23999999999999,111.28,211450,6141,110.662121
2023-07-17 04:00:00+00:00,111,113.16,110.02,112.66,169870,6138,112.369621
2023-07-18 04:00:00+00:00,112.87,114.78,112,113.54000000000001,156965,4942,113.66493699999999
2023-07-19 04:00:00+00:00,113.73999999999999,115.34999999999999,112.62,115.18000000000001,210985,5466,114.682293
2023-07-20 04:00:00+00:00,115.13,115.13,113.605,113.98,142647,5070,114.214905
2023-07-21 04:00:00+00:00,115.17,116.17,112.56999999999999,112.63,213027,6549,114.211403
2023-07-24 04:00:00+00:00,112.25,113.26000000000001,110.47,110.98999999999999,131612,5385,111.37172099999999
2023-07-25 04:00:00+00:00,110.38,110.705,109.5,110.27,190100,6029,110.150609
2023-07-26 04:00:00+00:00,110.13,113.12,109.56999999999999,112.95,134110,4303,112.40240300000001
2023-07-27 04:00:00+00:00,113.92,114.59,108.37,108.95999999999999,222874,7153,109.92654
2023-07-28 04:00:00+00:00,110.22,110.22,107.23,108.73999999999999,205995,6996,108.549728
2023-07-31 04:00:00+00:00,108.53,112.03,108.53,111.90000000000001,114409,4140,111.469044
2023-08-01 04:00:00+00:00,110.97,110.97,108.87,109.02,227748,6004,109.404974
2023-08-02 04:00:00+00:00,107.47,108.11,106.13,107.89,156171,5192,107.30530299999999
2023-08-03 04:00:00+00:00,107.23,107.51000000000001,105.94,106.29000000000001,257876,7110,106.513836
2023-08-04 04:00:00+00:00,103.09999999999999,110.91,97.840000000000003,110.51000000000001,535029,12845,107.72944099999999
2023-08-07 04:00:00+00:00,110.98999999999999,117.37,110.795,114.94,317768,10053,115.109422
2023-08-08 04:00:00+00:00,112.79000000000001,113.62,111.25,113.45,295292,7252,113.004992
2023-08-09 04:00:00+00:00,112.78,113.83,111.27,111.84,246252,5216,112.11090299999999
2023-08-10 04:00:00+00:00,112.31999999999999,117.68000000000001,112.29000000000001,114.54000000000001,284037,7169,114.873182
2023-08-11 04:00:00+00:00,113.81999999999999,116.68000000000001,110.90000000000001,111.5,138155,5918,112.219882
2023-08-14 04:00:00+00:00,110.34999999999999,111.97,109.6675,111.48999999999999,186209,5316,111.268158
2023-08-15 04:00:00+00:00,110.55,111.63,109.8,110.2,158068,4144,110.454623
2023-08-16 04:00:00+00:00,109.84999999999999,113.43000000000001,107.23,107.23,153256,4721,107.97726400000001
2023-08-17 04:00:00+00:00,107.40000000000001,107.65000000000001,103.5,103.61,222810,4499,104.76190099999999
2023-08-18 04:00:00+00:00,102.43000000000001,104.855,102.43000000000001,104.23,160518,5038,104.081248
2023-08-21 04:00:00+00:00,104.40000000000001,108.56,103.62,105.93000000000001,317771,5853,105.188728
2023-08-22 04:00:00+00:00,106.55,106.81999999999999,103.62,104.98,120128,4312,104.90641599999999
2023-08-23 04:00:00+00:00,105,105.63500000000001,104.33,105.16,124560,4731,105.11210199999999
2023-08-24 04:00:00+00:00,105.13,106.81999999999999,104.61,105.92,170335,6120,106.00937999999999
2023-08-25 04:00:00+00:00,106.31999999999999,108.33,104.68000000000001,105.73,116910,3256,105.876334
2023-08-28 04:00:00+00:00,106.42,107.81,106.37,106.93000000000001,92082,3632,106.999758
2023-08-29 04:00:00+00:00,106.62,109.69,106.45,109,336821,4718,108.342189
2023-08-30 04:00:00+00:00,108.43000000000001,110.08,108.31,109.7,98209,3524,109.454646
2023-08-31 04:00:00+00:00,109.65000000000001,112.84999999999999,109.65000000000001,110.81,168201,4647,110.98177800000001
2023-09-01 04:00:00+00:00,111.45,112.47,108.73,109.17,160796,5142,109.64484899999999
2023-09-05 04:00:00+00:00,108.01000000000001,108.01000000000001,104.84,105.91,151493,6237,106.219213
2023-09-06 04:00:00+00:00,106.25,106.97,105.44,106.11,93429,4765,106.05050900000001
2023-09-07 04:00:00+00:00,105.89,106.16500000000001,103.125,103.65000000000001,159992,6991,103.939939
2023-09-08 04:00:00+00:00,103.78,104.5,102.59,102.79000000000001,174646,4792,103.665407
2023-09-11 04:00:00+00:00,103.84999999999999,104.33,101.61,102.93000000000001,152622,5378,102.890608
2023-09-12 04:00:00+00:00,102.61,104.38500000000001,102,102.83,147070,5137,102.83139199999999
2023-09-13 04:00:00+00:00,103,103.185,101.20999999999999,102.09,133493,5295,102.10565699999999
2023-09-14 04:00:00+00:00,102.69,104.48999999999999,101.78,104.33,161098,5127,103.643677
2023-09-15 04:00:00+00:00,104.37,105.375,102.91,103.68000000000001,453079,7087,103.86982500000001
2023-09-18 04:00:00+00:00,103.73,104.41,102.005,102.25,190098,5094,102.59803100000001
2023-09-19 04:00:00+00:00,102.72,102.81999999999999,101.20999999999999,102.08,120662,4672,102.092218
2023-09-20 04:00:00+00:00,102.68000000000001,104.15000000000001,100.92,101.11,118336,3655,102.07357500000001
2023-09-21 04:00:00+00:00,100.22,100.22,97.5,98.010000000000005,161589,5023,98.385698000000005
2023-09-22 04:00:00+00:00,98.269999999999996,98.359999999999999,96.334999999999994,96.579999999999998,238923,5973,96.875116000000006
2023-09-25 04:00:00+00:00,96.829999999999998,98.810000000000002,95.269999999999996,98.409999999999997,216123,5272,98.236896000000002
2023-09-26 04:00:00+00:00,97.069999999999993,97.239999999999995,92.909999999999997,94.989999999999995,278786,7037,94.663342
2023-09-27 04:00:00+00:00,95.370000000000005,96.084999999999994,94.055000000000007,95.590000000000003,203041,5874,95.235681999999997
2023-09-28 04:00:00+00:00,95.379999999999995,99.224999999999994,94.579999999999998,98.859999999999999,178094,5200,97.945857000000004
2023-09-29 04:00:00+00:00,99.890000000000001,100.81999999999999,97.887600000000006,99.079999999999998,173866,4778,99.275847999999996
2023-10-02 04:00:00+00:00,98.909999999999997,99.745000000000005,97.200000000000003,97.799999999999997,124263,4670,98.000890999999996
2023-10-03 04:00:00+00:00,96.920000000000002,97.569999999999993,93.640000000000001,94.810000000000002,164571,5220,94.730003999999994
2023-10-04 04:00:00+00:00,95.030000000000001,96.459999999999994,93.430000000000007,95.390000000000001,160275,7754,95.289888000000005
2023-10-05 04:00:00+00:00,94.969999999999999,96.237300000000005,93.150000000000006,94.159999999999997,143176,4413,94.126866000000007
2023-10-06 04:00:00+00:00,93.189999999999998,97.049999999999997,93.189999999999998,95.939999999999998,183367,3481,95.523404999999997
2023-10-09 04:00:00+00:00,94.870000000000005,95.829999999999998,94.129999999999995,95,132345,4347,95.065723000000006
2023-10-10 04:00:00+00:00,95.540000000000006,97.359999999999999,94.959999999999994,95.599999999999994,159778,4919,95.903184999999993
2023-10-11 04:00:00+00:00,95.719999999999999,96.761300000000006,93.795000000000002,94.340000000000003,124250,3776,94.446365
2023-10-12 04:00:00+00:00,94.480000000000004,95.180000000000007,91.045000000000002,91.340000000000003,170042,4633,91.939600999999996
2023-10-13 04:00:00+00:00,91.189999999999998,92.959999999999994,89.799999999999997,92.079999999999998,192052,4924,91.688920999999993
2023-10-16 04:00:00+00:00,93.049999999999997,94.75,92.409800000000004,93.980000000000004,195040,5176,93.920564999999996
2023-10-17 04:00:00+00:00,92.879999999999995,96.060000000000002,92.879999999999995,94.379999999999995,235894,5214,94.858033000000006
2023-10-18 04:00:00+00:00,93.680000000000007,93.680000000000007,91.079999999999998,91.709999999999994,201836,5365,92.068783999999994
2023-10-19 04:00:00+00:00,91.120000000000005,91.810000000000002,88.260000000000005,88.989999999999995,305448,6177,89.980804000000006
2023-10-20 04:00:00+00:00,88.969999999999999,88.969999999999999,85.689999999999998,85.879999999999995,291628,6670,86.370300999999998
2023-10-23 04:00:00+00:00,85.569999999999993,86.079999999999998,83.560000000000002,83.609999999999999,279861,7548,84.825818999999996
2023-10-24 04:00:00+00:00,84.049999999999997,86.334999999999994,83.519999999999996,85.689999999999998,201723,5447,85.163045999999994
2023-10-25 04:00:00+00:00,84.709999999999994,85.340000000000003,83.459999999999994,84.010000000000005,158519,3735,84.118730999999997
2023-10-26 04:00:00+00:00,84.640000000000001,84.640000000000001,82.849999999999994,83.200000000000003,174033,4066,83.542727999999997
2023-10-27 04:00:00+00:00,83.469999999999999,83.900000000000006,80.469999999999999,80.900000000000006,183329,4811,81.498776000000007
2023-10-30 04:00:00+00:00,82.040000000000006,83.444999999999993,80.385000000000005,82.200000000000003,242010,4817,81.833399999999997
2023-10-31 04:00:00+00:00,82.689999999999998,83.079999999999998,80.969999999999999,81.469999999999999,209450,4734,81.739125999999999
2023-11-01 04:00:00+00:00,81.700000000000003,81.909999999999997,78.959999999999994,81.239999999999995,183723,4651,80.74633
2023-11-02 04:00:00+00:00,83.060000000000002,86.135000000000005,82.459999999999994,83.129999999999995,305812,8258,83.170990000000003
2023-11-03 04:00:00+00:00,58.5,60.799999999999997,49.119999999999997,60.530000000000001,6796479,74737,54.362412999999997
2023-11-06 05:00:00+00:00,61.509999999999998,64.234999999999999,59.829999999999998,60.880000000000003,1331199,26226,61.556871999999998
2023-11-07 05:00:00+00:00,60.859999999999999,61.780000000000001,59.240000000000002,60.270000000000003,813107,15704,60.220610000000001
2023-11-08 05:00:00+00:00,60.270000000000003,60.615000000000002,56.240000000000002,57.25,822395,18172,57.300769000000003
2023-11-09 05:00:00+00:00,57.460000000000001,58.015000000000001,54.619999999999997,55.020000000000003,805854,17577,55.623610999999997
2023-11-10 05:00:00+00:00,55.189999999999998,56.450000000000003,54.090000000000003,55.869999999999997,638572,13343,55.784210999999999
2023-11-13 05:00:00+00:00,55.799999999999997,56.670000000000002,54.810000000000002,56.509999999999998,539551,9690,56.066806999999997
2023-11-14 05:00:00+00:00,57.969999999999999,61.310000000000002,57.68,60.600000000000001,692242,11862,60.086271000000004
2023-11-15 05:00:00+00:00,60.600000000000001,62.719999999999999,60.380000000000003,62.060000000000002,620650,11373,61.674432000000003
2023-11-16 05:00:00+00:00,62.030000000000001,62.655000000000001,59.329999999999998,61.020000000000003,495705,9734,60.482672999999998
2023-11-17 05:00:00+00:00,61.439999999999998,62.479999999999997,61.049999999999997,61.399999999999999,340022,6989,61.521940000000001
2023-11-20 05:00:00+00:00,61.229999999999997,61.740000000000002,60.700000000000003,61.719999999999999,312746,7205,61.363069000000003
2023-11-21 05:00:00+00:00,61.240000000000002,61.710000000000001,60.43,60.840000000000003,196952,5776,60.876187999999999
2023-11-22 05:00:00+00:00,61.659999999999997,62.789999999999999,61.32,61.659999999999997,256126,6436,61.958934999999997
2023-11-24 05:00:00+00:00,61.890000000000001,62.524999999999999,61.725000000000001,62.229999999999997,121420,2824,62.222532999999999
2023-11-27 05:00:00+00:00,62,62.619999999999997,61.140000000000001,62.259999999999998,218082,5905,62.116264000000001
2023-11-28 05:00:00+00:00,62.119999999999997,62.530000000000001,61.210000000000001,61.299999999999997,374977,8870,61.517966000000001
2023-11-29 05:00:00+00:00,62.409999999999997,63.289900000000003,61.93,62.060000000000002,396728,7432,62.359786999999997
2023-11-30 05:00:00+00:00,62.07,62.859999999999999,61.340000000000003,62.509999999999998,358786,7955,62.348329
2023-12-01 05:00:00+00:00,62.170000000000002,64.280000000000001,61.509999999999998,63.829999999999998,454954,9276,63.328819000000003
2023-12-04 05:00:00+00:00,63.340000000000003,65.227999999999994,63.340000000000003,64.209999999999994,296860,7760,64.299542000000002
2023-12-05 05:00:00+00:00,64,65.057500000000005,62.780000000000001,62.890000000000001,246651,7420,63.133401999999997
2023-12-06 05:00:00+00:00,63.600000000000001,65.017499999999998,62.479999999999997,62.530000000000001,326148,7773,63.204880000000003
2023-12-07 05:00:00+00:00,62.759999999999998,62.82,61.490000000000002,62.670000000000002,382236,6804,62.205413999999998
2023-12-08 05:00:00+00:00,62.270000000000003,62.905000000000001,62.079999999999998,62.409999999999997,338491,7754,62.429506000000003
2023-12-11 05:00:00+00:00,62.109999999999999,62.494999999999997,61.060000000000002,61.149999999999999,629051,14667,61.518282999999997
2023-12-12 05:00:00+00:00,60.93,62.399999999999999,60.030000000000001,62.049999999999997,698224,11603,61.418717000000001
2023-12-13 05:00:00+00:00,61.700000000000003,64.480000000000004,60.600000000000001,63.75,682723,11120,62.896081000000002
2023-12-14 05:00:00+00:00,65.109999999999999,67.254999999999995,65.109999999999999,66.299999999999997,773508,13689,66.344376999999994
2023-12-15 05:00:00+00:00,67.019999999999996,67.099999999999994,64.819999999999993,64.950000000000003,859715,9012,65.764881000000003
2023-12-18 05:00:00+00:00,65.379999999999995,65.819999999999993,64.568299999999994,65,381955,8425,65.097285999999997
2023-12-19 05:00:00+00:00,65.549999999999997,67.819999999999993,65.469999999999999,67.670000000000002,341051,8182,67.188554999999994
2023-12-20 05:00:00+00:00,67.219999999999999,68.355000000000004,66.069999999999993,66.140000000000001,407154,10528,66.901770999999997
2023-12-21 05:00:00+00:00,66.819999999999993,68.230000000000004,66.670000000000002,67.549999999999997,179544,5617,67.399477000000005
2023-12-22 05:00:00+00:00,67.650000000000006,68.704599999999999,67.415000000000006,67.840000000000003,272037,7422,68.005347999999998
2023-12-26 05:00:00+00:00,67.840000000000003,68.930000000000007,67.840000000000003,68.530000000000001,141992,4394,68.493409999999997
2023-12-27 05:00:00+00:00,68.530000000000001,69.239999999999995,68.209999999999994,68.409999999999997,225702,5641,68.650115999999997
2023-12-28 05:00:00+00:00,68.150000000000006,68.879999999999995,67.944999999999993,68.310000000000002,235480,5726,68.371554000000003
2023-12-29 05:00:00+00:00,68.450000000000003,69.030000000000001,67.329999999999998,67.480000000000004,265574,6608,67.711678000000006
2024-01-02 05:00:00+00:00,67.040000000000006,70.129599999999996,66.810000000000002,68.310000000000002,309144,9882,68.601175999999995
2024-01-03 05:00:00+00:00,67.530000000000001,67.530000000000001,64.659999999999997,64.700000000000003,421576,11276,65.523184999999998
2024-01-04 05:00:00+00:00,64.849999999999994,65.409999999999997,64.620000000000005,64.909999999999997,328845,8721,65.000966000000005
2024-01-05 05:00:00+00:00,64.359999999999999,67.510000000000005,63.960000000000001,66.359999999999999,499814,11990,66.527343999999999
2024-01-08 05:00:00+00:00,66.109999999999999,67.799999999999997,66.060000000000002,67.670000000000002,316543,7866,67.317109000000002
2024-01-09 05:00:00+00:00,66.379999999999995,67.454999999999998,66.019999999999996,66.819999999999993,328090,8080,66.821173000000002
2024-01-10 05:00:00+00:00,66.819999999999993,67.159999999999997,66.189999999999998,66.920000000000002,239005,5993,66.853646999999995
2024-01-11 05:00:00+00:00,66.819999999999993,67.430000000000007,65.219999999999999,66.310000000000002,364591,8928,66.104381000000004
2024-01-12 05:00:00+00:00,67.099999999999994,67.390000000000001,64.829999999999998,65.010000000000005,222946,6177,65.420472000000004
2024-01-16 05:00:00+00:00,64.019999999999996,65.620000000000005,63.4101,65.040000000000006,334379,7541,64.901099000000002
2024-01-17 05:00:00+00:00,63.560000000000002,65.010000000000005,63.560000000000002,64.799999999999997,370627,8179,64.607969999999995
2024-01-18 05:00:00+00:00,65,66.129999999999995,64.719999999999999,66.129999999999995,273289,6662,65.591498000000001
2024-01-19 05:00:00+00:00,66.260000000000005,66.260000000000005,64.219999999999999,65.540000000000006,234253,6776,65.267393999999996
2024-01-22 05:00:00+00:00,66.310000000000002,67.349999999999994,65.689999999999998,65.939999999999998,242701,5875,66.245092999999997
2024-01-23 05:00:00+00:00,67.030000000000001,67.245000000000005,65.204999999999998,65.810000000000002,191720,5509,65.966290999999998
2024-01-24 05:00:00+00:00,66.640000000000001,67.260000000000005,63.490000000000002,63.560000000000002,264467,6033,64.002515000000002
2024-01-25 05:00:00+00:00,63.899999999999999,64.680000000000007,63,64.349999999999994,379563,6491,63.854050000000001
2024-01-26 05:00:00+00:00,65.090000000000003,65.719999999999999,63.933799999999998,64,227502,5653,64.485280000000003
2024-01-29 05:00:00+00:00,64.060000000000002,66.239999999999995,63.445,66.189999999999998,258526,6332,65.563135000000003
2024-01-30 05:00:00+00:00,65.730000000000004,66.055000000000007,64.120000000000005,64.459999999999994,345730,8244,64.613129999999998
2024-01-31 05:00:00+00:00,64.560000000000002,65.995000000000005,62.789999999999999,63.039999999999999,306376,6295,63.917361
2024-02-01 05:00:00+00:00,63.579999999999998,64.25,62.299999999999997,63.689999999999998,274837,7226,63.452565
2024-02-02 05:00:00+00:00,62.770000000000003,63.75,62.060000000000002,63.359999999999999,211505,5502,63.080457000000003
2024-02-05 05:00:00+00:00,62.289999999999999,62.299999999999997,60.829999999999998,61.560000000000002,311527,6784,61.665429000000003
2024-02-06 05:00:00+00:00,61.469999999999999,63.840000000000003,61.469999999999999,63.329999999999998,378680,8992,63.255845999999998
2024-02-07 05:00:00+00:00,63.700000000000003,64.769999999999996,62.909999999999997,63.789999999999999,326585,6465,64.012619000000001
2024-02-08 05:00:00+00:00,63.579999999999998,64.819999999999993,63.579999999999998,64.299999999999997,296797,7596,64.353752
2024-02-09 05:00:00+00:00,64.659999999999997,65.739999999999995,64.019999999999996,65.640000000000001,546363,12186,64.996137000000004
2024-02-12 05:00:00+00:00,65.489999999999995,69.465000000000003,65.489999999999995,69.409999999999997,397818,9607,68.761726999999993
2024-02-13 05:00:00+00:00,66.569999999999993,67.805000000000007,63.719999999999999,64.200000000000003,408487,10896,64.787358999999995
2024-02-14 05:00:00+00:00,65.560000000000002,66.75,64.885000000000005,66.299999999999997,288011,7195,66.041961999999998
2024-02-15 05:00:00+00:00,67.319999999999993,68.599999999999994,66.769999999999996,68.299999999999997,326977,7615,67.942874000000003
2024-02-16 05:00:00+00:00,67.920000000000002,68.848100000000002,67.129999999999995,67.150000000000006,326156,7703,67.871594000000002
2024-02-20 05:00:00+00:00,65.980000000000004,66.069999999999993,64.000100000000003,65.540000000000006,455104,9681,65.371009999999998
2024-02-21 05:00:00+00:00,65.540000000000006,65.625,64.409999999999997,65.150000000000006,326710,8050,65.002519000000007
2024-02-22 05:00:00+00:00,64.680000000000007,65.484999999999999,63.770000000000003,64.980000000000004,523775,12156,64.823487999999998
2024-02-23 05:00:00+00:00,46.710000000000001,49.119999999999997,44.100000000000001,47.549999999999997,3001876,38271,46.878923999999998
2024-02-26 05:00:00+00:00,48.5,50.225000000000001,46.600000000000001,48.789999999999999,1316835,25640,48.226236999999998
2024-02-27 05:00:00+00:00,49.57,50.780000000000001,48.210000000000001,50.619999999999997,836533,16501,49.987479
2024-02-28 05:00:00+00:00,50,50.399999999999999,49.579999999999998,50.289999999999999,638170,10764,50.128289000000002
2024-02-29 05:00:00+00:00,51.090000000000003,51.600000000000001,49.850000000000001,50.590000000000003,758883,10124,50.453673000000002
2024-03-01 05:00:00+00:00,50.609999999999999,52.950000000000003,49.869999999999997,52.869999999999997,813011,12625,52.286402000000002
2024-03-04 05:00:00+00:00,52.869999999999997,52.869999999999997,49.969999999999999,51.079999999999998,862765,13309,50.669697999999997
2024-03-05 05:00:00+00:00,51,51.585000000000001,50.119999999999997,50.439999999999998,659484,11101,50.822015
2024-03-06 05:00:00+00:00,50.829999999999998,51.259999999999998,50.039999999999999,50.75,331887,8414,50.701673
2024-03-07 05:00:00+00:00,50.799999999999997,51.695,50.715000000000003,51.060000000000002,413949,8953,51.052214999999997
2024-03-08 05:00:00+00:00,51.850000000000001,52.770000000000003,51.310000000000002,51.43,378344,7992,51.697330000000001
2024-03-11 04:00:00+00:00,51.43,52.399999999999999,51.399999999999999,51.729999999999997,455889,8004,51.712161000000002
2024-03-12 04:00:00+00:00,51.619999999999997,52.085000000000001,50.530000000000001,50.670000000000002,402676,7824,50.987698999999999
2024-03-13 04:00:00+00:00,50.219999999999999,51.210000000000001,49.899999999999999,50.75,661687,10629,50.711981999999999
2024-03-14 04:00:00+00:00,50.490000000000002,50.560000000000002,47.090000000000003,47.289999999999999,723880,13815,48.179921
2024-03-15 04:00:00+00:00,47.289999999999999,48.884999999999998,46.780000000000001,46.810000000000002,757612,10068,47.067737999999999
2024-03-18 04:00:00+00:00,47.100000000000001,48.810000000000002,46.280000000000001,47.600000000000001,504091,10346,47.845103000000002
2024-03-19 04:00:00+00:00,47.469999999999999,48.409999999999997,47.149999999999999,47.82,457583,9075,47.879015000000003
2024-03-20 04:00:00+00:00,47.840000000000003,48.670000000000002,46.770000000000003,48.460000000000001,582647,11901,47.743048999999999
2024-03-21 04:00:00+00:00,48.5,49.939999999999998,48.289999999999999,49.469999999999999,444505,8851,49.489077999999999
2024-03-22 04:00:00+00:00,49.649999999999999,49.649999999999999,48.390000000000001,48.920000000000002,457466,9836,48.864316000000002
2024-03-25 04:00:00+00:00,49.299999999999997,49.759999999999998,48.380000000000003,49.460000000000001,476252,8985,49.251109
2024-03-26 04:00:00+00:00,50.009999999999998,50.009999999999998,47.939999999999998,48.380000000000003,519576,10974,48.517811000000002
2024-03-27 04:00:00+00:00,48.659999999999997,50.460000000000001,48.390000000000001,50.189999999999998,518335,10918,49.844054999999997
2024-03-28 04:00:00+00:00,51.079999999999998,53.460000000000001,50.509999999999998,52.07,1402038,22876,52.392541000000001
2024-04-01 04:00:00+00:00,52.219999999999999,52.840000000000003,51.850000000000001,52.18,806576,15991,52.360114000000003
2024-04-02 04:00:00+00:00,51.5,51.68,49.969999999999999,50.07,7344401,15217,50.171398000000003
2024-04-03 04:00:00+00:00,49.659999999999997,50.564999999999998,48.741,49.100000000000001,570171,11935,49.354837000000003
2024-04-04 04:00:00+00:00,49.950000000000003,49.969999999999999,46.594999999999999,46.68,525843,10848,47.709764
2024-04-05 04:00:00+00:00,46.270000000000003,46.770000000000003,45.380000000000003,45.659999999999997,552104,10341,45.824432000000002
2024-04-08 04:00:00+00:00,46.020000000000003,46.890000000000001,45.600000000000001,45.810000000000002,778251,12590,46.025342999999999
2024-04-09 04:00:00+00:00,45.75,47.170000000000002,45.579999999999998,46.990000000000002,595480,10768,46.638112
2024-04-10 04:00:00+00:00,45.649999999999999,45.649999999999999,42.685000000000002,42.93,619408,13026,43.421514999999999
2024-04-11 04:00:00+00:00,42.950000000000003,43.299999999999997,41.799999999999997,42.700000000000003,560980,12257,42.630755000000001
2024-04-12 04:00:00+00:00,42.240000000000002,42.700000000000003,41.140000000000001,42.299999999999997,609357,12101,42.013441
2024-04-15 04:00:00+00:00,42.630000000000003,43.335000000000001,41.140000000000001,42.18,799176,14268,42.328051000000002
2024-04-16 04:00:00+00:00,41.659999999999997,41.975000000000001,41.270000000000003,41.829999999999998,520546,11028,41.769686999999998
2024-04-17 04:00:00+00:00,42.270000000000003,42.270000000000003,41.020000000000003,41.189999999999998,519133,11076,41.380381999999997
2024-04-18 04:00:00+00:00,41.509999999999998,42.039999999999999,40.689999999999998,40.740000000000002,489000,9826,41.165685000000003
2024-04-19 04:00:00+00:00,40.479999999999997,41.045000000000002,40.25,40.490000000000002,538220,11982,40.525077000000003
2024-04-22 04:00:00+00:00,40.530000000000001,40.960000000000001,40.149999999999999,40.659999999999997,595931,12271,40.530163999999999
2024-04-23 04:00:00+00:00,40.659999999999997,41.195,40.549999999999997,40.640000000000001,464685,11555,40.776009999999999
2024-04-24 04:00:00+00:00,40.359999999999999,40.530000000000001,39.170000000000002,39.880000000000003,766351,14293,39.812041000000001
2024-04-25 04:00:00+00:00,39.530000000000001,39.920000000000002,38.799999999999997,39.369999999999997,593401,10831,39.371316999999998
2024-04-26 04:00:00+00:00,39.57,40.530000000000001,39.369999999999997,40.450000000000003,411973,9437,40.266547000000003
2024-04-29 04:00:00+00:00,40.890000000000001,41.399999999999999,40.049999999999997,40.219999999999999,586437,10390,40.448914000000002
2024-04-30 04:00:00+00:00,39.43,39.549999999999997,37.979999999999997,38.920000000000002,909454,13475,38.675167999999999
2024-05-01 04:00:00+00:00,38.859999999999999,39.984999999999999,38.590000000000003,38.890000000000001,717925,14035,39.060147999999998
2024-05-02 04:00:00+00:00,39.240000000000002,39.420000000000002,38.390000000000001,39.420000000000002,1146581,20507,39.033487000000001
2024-05-03 04:00:00+00:00,41.630000000000003,44.905000000000001,41.130000000000003,43.520000000000003,1149487,19432,42.860543
2024-05-06 04:00:00+00:00,43.880000000000003,44.539999999999999,42.759999999999998,44.310000000000002,740129,15270,44.013388999999997
2024-05-07 04:00:00+00:00,44.390000000000001,45.130000000000003,43.619999999999997,43.700000000000003,541687,11623,44.156537
2024-05-08 04:00:00+00:00,42.659999999999997,45.770000000000003,42.659999999999997,45.670000000000002,1018693,17632,45.262306000000002
2024-05-09 04:00:00+00:00,45.630000000000003,47.799999999999997,45.630000000000003,47.460000000000001,1037175,19309,46.930982999999998
2024-05-10 04:00:00+00:00,47.520000000000003,48.159999999999997,46.289999999999999,47.5,895344,20024,47.304676999999998
2024-05-13 04:00:00+00:00,47.829999999999998,49.700000000000003,47.409999999999997,47.780000000000001,617849,14346,48.193559
2024-05-14 04:00:00+00:00,48.759999999999998,49.280000000000001,47.439999999999998,47.640000000000001,395320,12161,47.913496000000002
2024-05-15 04:00:00+00:00,48.409999999999997,48.409999999999997,46.210000000000001,47.909999999999997,536794,15554,47.540711000000002
2024-05-16 04:00:00+00:00,47.740000000000002,48.125,47.009999999999998,47.140000000000001,303968,8761,47.330205999999997
2024-05-17 04:00:00+00:00,47.100000000000001,47.600000000000001,46.371000000000002,46.969999999999999,351953,8314,46.743391000000003
2024-05-20 04:00:00+00:00,46.969999999999999,47.311100000000003,45.840000000000003,46.140000000000001,361973,10242,46.417783
2024-05-21 04:00:00+00:00,45.689999999999998,46.439999999999998,45.009999999999998,46.25,357082,8715,46.184489999999997
2024-05-22 04:00:00+00:00,46.109999999999999,46.950000000000003,45.886200000000002,46.539999999999999,390833,10578,46.45966
2024-05-23 04:00:00+00:00,46.530000000000001,46.759999999999998,43.469999999999999,43.770000000000003,578119,13338,44.031274000000003
2024-05-24 04:00:00+00:00,44.43,45.280000000000001,44.189999999999998,44.689999999999998,651125,11361,44.710177000000002
2024-05-28 04:00:00+00:00,44.990000000000002,45.234999999999999,44.200000000000003,44.68,352035,8714,44.604804999999999
2024-05-29 04:00:00+00:00,43.990000000000002,44.619999999999997,43.729999999999997,44.329999999999998,336915,9472,44.336106999999998
2024-05-30 04:00:00+00:00,44.369999999999997,45.880000000000003,44.369999999999997,45.840000000000003,364637,8847,45.560721999999998
2024-05-31 04:00:00+00:00,46.299999999999997,46.920000000000002,45.920000000000002,46.619999999999997,442284,9132,46.518940000000001
2024-06-03 04:00:00+00:00,46.82,48.020000000000003,46.809899999999999,47.490000000000002,407699,8198,47.374564999999997
2024-06-04 04:00:00+00:00,47.020000000000003,47.460000000000001,45.579999999999998,45.619999999999997,331595,7709,46.291435999999997
2024-06-05 04:00:00+00:00,45.710000000000001,46.149999999999999,45.058100000000003,45.840000000000003,396489,8706,45.743613000000003
2024-06-06 04:00:00+00:00,45.200000000000003,45.759999999999998,44.869999999999997,45.530000000000001,287310,8623,45.446508000000001
2024-06-07 04:00:00+00:00,44.590000000000003,45.670000000000002,44.090000000000003,44.590000000000003,310672,7358,44.767074000000001
2024-06-10 04:00:00+00:00,44.009999999999998,45.68,43.435000000000002,45.630000000000003,378374,9556,45.143462999999997
2024-06-11 04:00:00+00:00,45.299999999999997,45.299999999999997,43.659999999999997,45.030000000000001,394036,10197,44.759107
2024-06-12 04:00:00+00:00,47.259999999999998,48.479999999999997,46.609999999999999,46.789999999999999,510495,12807,47.297668000000002
2024-06-13 04:00:00+00:00,47.159999999999997,48.359999999999999,46.469999999999999,47.420000000000002,563462,11386,47.356935999999997
2024-06-14 04:00:00+00:00,46.689999999999998,47.009999999999998,46.049999999999997,46.340000000000003,541411,10985,46.341532000000001
2024-06-17 04:00:00+00:00,46.060000000000002,47.024999999999999,46.060000000000002,46.700000000000003,519977,11275,46.591842999999997
2024-06-18 04:00:00+00:00,46.710000000000001,48.869999999999997,46.494999999999997,48.799999999999997,619553,13353,48.286273999999999
2024-06-20 04:00:00+00:00,48.799999999999997,50.32,48.729999999999997,49.859999999999999,1108446,15356,49.760334
2024-06-21 04:00:00+00:00,49.869999999999997,51.215000000000003,49.390000000000001,51.140000000000001,4065234,16564,50.956282999999999
2024-06-24 04:00:00+00:00,50.979999999999997,51.965000000000003,50.390000000000001,51.719999999999999,807941,13680,51.495502000000002
2024-06-25 04:00:00+00:00,51.340000000000003,51.340000000000003,47.5,47.609999999999999,619871,13768,48.057642999999999
2024-06-26 04:00:00+00:00,47.340000000000003,48.93,47.210000000000001,48.140000000000001,459136,10346,48.150196000000001
2024-06-27 04:00:00+00:00,48.43,48.5,47.340000000000003,47.810000000000002,393202,10136,47.820084999999999
2024-06-28 04:00:00+00:00,48.140000000000001,48.854999999999997,47.520000000000003,48.189999999999998,2104135,10716,48.159889
2024-07-01 04:00:00+00:00,48.350000000000001,48.476799999999997,47,47.479999999999997,419119,8827,47.418067000000001
2024-07-02 04:00:00+00:00,47.329999999999998,48.859999999999999,47.210000000000001,48.600000000000001,319126,7686,48.373474000000002
2024-07-03 04:00:00+00:00,48.68,48.895000000000003,48.159999999999997,48.399999999999999,775525,6082,48.530347999999996
2024-07-05 04:00:00+00:00,48.100000000000001,48.273400000000002,45.859999999999999,46,322174,8273,46.480862999999999
2024-07-08 04:00:00+00:00,46.630000000000003,47.645000000000003,46.460000000000001,46.670000000000002,530312,9568,46.964705000000002
2024-07-09 04:00:00+00:00,46.350000000000001,46.350000000000001,44.07,44.18,468278,7926,44.640675999999999
2024-07-10 04:00:00+00:00,44.229999999999997,44.303600000000003,43.43,44.189999999999998,410514,9039,43.987079999999999
2024-07-11 04:00:00+00:00,46.039999999999999,49.640000000000001,45.340000000000003,49.359999999999999,700294,11431,48.094819999999999
2024-07-12 04:00:00+00:00,49.990000000000002,51.153700000000001,49.030000000000001,49.07,443497,9295,49.632973999999997
2024-07-15 04:00:00+00:00,49.409999999999997,50.505000000000003,48.82,49.170000000000002,417374,8311,49.462803000000001
2024-07-16 04:00:00+00:00,49.619999999999997,51.060000000000002,49.030000000000001,50.920000000000002,469813,10789,50.312826000000001
2024-07-17 04:00:00+00:00,50.350000000000001,51.630000000000003,50.350000000000001,50.810000000000002,487357,10527,50.985346999999997
2024-07-18 04:00:00+00:00,50.859999999999999,51.439999999999998,49.039999999999999,49.43,281833,9148,49.995373999999998
2024-07-19 04:00:00+00:00,49.32,49.399999999999999,47.75,48,426301,7538,48.192934999999999
2024-07-22 04:00:00+00:00,48.490000000000002,48.490000000000002,46.329999999999998,47.100000000000001,410486,8598,46.993608000000002
2024-07-23 04:00:00+00:00,46.659999999999997,47.494999999999997,45.700000000000003,47.299999999999997,668788,10886,46.807433000000003
2024-07-24 04:00:00+00:00,47.009999999999998,48.18,45.950000000000003,46.450000000000003,608700,10004,46.680723999999998
2024-07-25 04:00:00+00:00,46.789999999999999,51.049999999999997,46.289999999999999,51,581719,11442,49.903216
2024-07-26 04:00:00+00:00,52.149999999999999,52.289999999999999,50.740000000000002,52.079999999999998,478958,10927,51.688499999999998
2024-07-29 04:00:00+00:00,52.009999999999998,53.539999999999999,51.549999999999997,52.609999999999999,370360,9276,52.641449999999999
2024-07-30 04:00:00+00:00,52.920000000000002,53.310000000000002,51.935000000000002,52.579999999999998,401013,8405,52.610329999999998
2024-07-31 04:00:00+00:00,53.18,54.854999999999997,52.100000000000001,53.390000000000001,438912,8496,53.61318
2024-08-01 04:00:00+00:00,53.619999999999997,53.884500000000003,49.210000000000001,49.530000000000001,647274,12690,49.781379999999999
2024-08-02 04:00:00+00:00,44.579999999999998,45.850000000000001,40.090000000000003,41.479999999999997,1501707,22233,42.214635999999999
2024-08-05 04:00:00+00:00,38.5,41.43,37.479999999999997,41.299999999999997,901468,14514,40.177999
2024-08-06 04:00:00+00:00,41.909999999999997,41.960000000000001,39.340000000000003,40.100000000000001,802782,14527,40.103000999999999
2024-08-07 04:00:00+00:00,41.490000000000002,42.829999999999998,39.170000000000002,39.310000000000002,641423,10895,39.933638999999999
2024-08-08 04:00:00+00:00,39.640000000000001,40.450000000000003,38.859999999999999,40.310000000000002,515380,9801,39.734748000000003
2024-08-09 04:00:00+00:00,40.359999999999999,40.670000000000002,39.479999999999997,39.530000000000001,640884,10475,39.878878
2024-08-12 04:00:00+00:00,39.530000000000001,39.700000000000003,38.170000000000002,39.590000000000003,746820,11890,39.217725000000002
2024-08-13 04:00:00+00:00,39.759999999999998,40.450000000000003,39.289999999999999,40.170000000000002,493805,9985,39.977420000000002
2024-08-14 04:00:00+00:00,41.090000000000003,41.299999999999997,39.549999999999997,39.740000000000002,428928,9935,40.367358000000003
2024-08-15 04:00:00+00:00,41,42.560000000000002,40.869999999999997,41.649999999999999,349035,7994,41.782584999999997
2024-08-16 04:00:00+00:00,41.119999999999997,42.189999999999998,39.460000000000001,39.979999999999997,464504,10274,40.079951999999999
2024-08-19 04:00:00+00:00,40.100000000000001,42.420000000000002,40.100000000000001,41.549999999999997,454078,10236,41.631213000000002
2024-08-20 04:00:00+00:00,41.57,41.57,40.509999999999998,40.789999999999999,284833,6701,40.838669000000003
2024-08-21 04:00:00+00:00,41.460000000000001,41.708500000000001,40.310000000000002,40.460000000000001,478248,8125,40.568674000000001
2024-08-22 04:00:00+00:00,40.359999999999999,40.695,39.549999999999997,39.700000000000003,454998,8004,39.802573000000002
2024-08-23 04:00:00+00:00,39.969999999999999,41.899999999999999,39.590000000000003,41.210000000000001,571528,9785,41.107343
2024-08-26 04:00:00+00:00,41.780000000000001,41.780000000000001,39.759999999999998,40.049999999999997,452139,8271,40.291685999999999
2024-08-27 04:00:00+00:00,39.939999999999998,40.200000000000003,39.229999999999997,39.25,404072,6962,39.435166000000002
2024-08-28 04:00:00+00:00,38.75,40.145000000000003,38.32,39.780000000000001,656799,9074,39.403277000000003
2024-08-29 04:00:00+00:00,40.380000000000003,41.075000000000003,39.439999999999998,40.670000000000002,555127,9057,40.592914999999998
2024-08-30 04:00:00+00:00,40.890000000000001,41.090000000000003,39.390000000000001,40.479999999999997,438884,7318,40.190078999999997
2024-09-03 04:00:00+00:00,39.68,40.399999999999999,39.149999999999999,39.909999999999997,364621,9194,39.884287999999998
2024-09-04 04:00:00+00:00,39.579999999999998,40.390000000000001,39.25,40.049999999999997,266697,7220,39.880558999999998
2024-09-05 04:00:00+00:00,40.380000000000003,40.659999999999997,39.450000000000003,39.659999999999997,236811,5539,39.739427999999997
2024-09-06 04:00:00+00:00,39.649999999999999,39.869999999999997,38.170000000000002,38.420000000000002,357503,8357,38.574893000000003
2024-09-09 04:00:00+00:00,38.25,38.685000000000002,36.710000000000001,36.740000000000002,627123,10400,37.285162999999997
2024-09-10 04:00:00+00:00,36.539999999999999,36.869999999999997,35.619999999999997,35.850000000000001,469244,11604,35.948560000000001
2024-09-11 04:00:00+00:00,35.619999999999997,36.520000000000003,34.560000000000002,36.439999999999998,478054,9104,35.700896
2024-09-12 04:00:00+00:00,36.5,37.429900000000004,36.195,36.920000000000002,567406,10799,36.665917
2024-09-13 04:00:00+00:00,37.659999999999997,39.398000000000003,37.509999999999998,39.390000000000001,410760,8013,38.871648999999998
2024-09-16 04:00:00+00:00,39.5,40.159999999999997,38.950000000000003,39.710000000000001,378211,9005,39.498812999999998
2024-09-17 04:00:00+00:00,40.369999999999997,41.590000000000003,39.700000000000003,40.130000000000003,406181,9912,40.415371999999998
2024-09-18 04:00:00+00:00,40.210000000000001,41.380000000000003,39.18,39.630000000000003,747496,8689,39.892328999999997
2024-09-19 04:00:00+00:00,41.539999999999999,43.399999999999999,40.740000000000002,43.369999999999997,698014,10870,42.658054
2024-09-20 04:00:00+00:00,43.060000000000002,44,42.5,43.009999999999998,1154434,13657,43.063015
2024-09-23 04:00:00+00:00,43.159999999999997,43.319000000000003,41.920099999999998,42.920000000000002,552452,9772,42.790638000000001
2024-09-24 04:00:00+00:00,43.469999999999999,44.270000000000003,43.310000000000002,43.700000000000003,474046,8684,43.692672999999999
2024-09-25 04:00:00+00:00,43.359999999999999,43.810000000000002,41.369999999999997,41.439999999999998,855981,9748,42.087601999999997
2024-09-26 04:00:00+00:00,42.5,43,41.479999999999997,41.609999999999999,514434,9514,41.850960000000001
2024-09-27 04:00:00+00:00,42.770000000000003,43.390000000000001,41.414999999999999,41.810000000000002,491237,9174,42.100895000000001
2024-09-30 04:00:00+00:00,41.18,42.57,40.689999999999998,41.5,385298,8200,41.406906999999997
2024-10-01 04:00:00+00:00,41.390000000000001,41.649999999999999,40.780000000000001,41.109999999999999,265331,6942,41.106780000000001
2024-10-02 04:00:00+00:00,40.799999999999997,41.280000000000001,40.329999999999998,40.350000000000001,273926,8107,40.574067999999997
2024-10-03 04:00:00+00:00,39.759999999999998,40.340000000000003,38.979999999999997,39.32,261831,6611,39.326337000000002
2024-10-04 04:00:00+00:00,40.310000000000002,41.159999999999997,39.835000000000001,40.420000000000002,201957,6828,40.462544999999999
2024-10-07 04:00:00+00:00,39.979999999999997,40.329999999999998,39.390000000000001,39.640000000000001,241731,6093,39.703184
2024-10-08 04:00:00+00:00,39.450000000000003,39.454999999999998,38.384999999999998,39.039999999999999,308702,5824,38.921047999999999
2024-10-09 04:00:00+00:00,39.109999999999999,39.996499999999997,38.670000000000002,39.240000000000002,242685,6469,39.300218000000001
2024-10-10 04:00:00+00:00,38.590000000000003,39.359999999999999,38.329999999999998,39.07,291444,6590,39.044012000000002
2024-10-11 04:00:00+00:00,39.100000000000001,40.600000000000001,39.100000000000001,40.280000000000001,314970,6916,40.246457999999997
2024-10-14 04:00:00+00:00,40.100000000000001,40.204999999999998,39.18,39.82,234858,5747,39.84404
2024-10-15 04:00:00+00:00,39.57,40.82,39.359999999999999,39.590000000000003,214141,7742,39.918591999999997
2024-10-16 04:00:00+00:00,40,41.689999999999998,39.924999999999997,40.899999999999999,259038,6675,41.045071999999998
2024-10-17 04:00:00+00:00,40.799999999999997,41.420000000000002,40.006599999999999,41.009999999999998,330042,7445,40.897843999999999
2024-10-18 04:00:00+00:00,41.409999999999997,41.420000000000002,40.770000000000003,41.210000000000001,572892,6187,41.171849999999999
2024-10-21 04:00:00+00:00,41.270000000000003,41.520000000000003,38.649999999999999,38.789999999999999,360157,5924,39.543329999999997
2024-10-22 04:00:00+00:00,38.719999999999999,38.963099999999997,37.140000000000001,37.390000000000001,587200,9846,37.663155000000003
2024-10-23 04:00:00+00:00,37.020000000000003,37.390000000000001,36.601700000000001,37.020000000000003,340450,7525,36.982664999999997
2024-10-24 04:00:00+00:00,37.399999999999999,37.700000000000003,36.909999999999997,37.280000000000001,223610,6199,37.284219999999998
2024-10-25 04:00:00+00:00,37.810000000000002,38.109999999999999,36.539999999999999,37.170000000000002,244755,5714,37.114193
2024-10-28 04:00:00+00:00,37.810000000000002,38.357799999999997,37.170000000000002,37.5,348997,8293,37.525021000000002
2024-10-29 04:00:00+00:00,36.909999999999997,37.759999999999998,36.649999999999999,37.310000000000002,329907,7449,37.288164000000002
2024-10-30 04:00:00+00:00,36.969999999999999,37.840000000000003,36.420000000000002,37.049999999999997,484119,9088,36.921464
2024-10-31 04:00:00+00:00,36.93,37.210000000000001,35.960000000000001,35.990000000000002,724032,12026,36.575600999999999
2024-11-01 04:00:00+00:00,32.920000000000002,34.560000000000002,31.190000000000001,34.020000000000003,3211660,40725,32.950310999999999
2024-11-04 05:00:00+00:00,34,34.280000000000001,32.505000000000003,33.579999999999998,1444193,24922,33.602212999999999
2024-11-05 05:00:00+00:00,33.18,35.060000000000002,33.130000000000003,34.229999999999997,808466,14696,34.255020000000002
2024-11-06 05:00:00+00:00,36.490000000000002,37.695,35.229999999999997,35.979999999999997,858718,16761,36.029958000000001
2024-11-07 05:00:00+00:00,36.009999999999998,36.880000000000003,35.43,35.450000000000003,565477,13296,35.820821000000002
2024-11-08 05:00:00+00:00,35.159999999999997,35.359999999999999,33.8703,34.030000000000001,694599,15468,34.137321999999998
2024-11-11 05:00:00+00:00,34.07,35.149999999999999,34.07,34.759999999999998,569058,11797,34.764529000000003
2024-11-12 05:00:00+00:00,34.420000000000002,34.710000000000001,32.600000000000001,33.350000000000001,888460,16060,33.309854000000001
2024-11-13 05:00:00+00:00,33.670000000000002,34.259999999999998,33.365000000000002,33.759999999999998,791448,15131,33.825203999999999
2024-11-14 05:00:00+00:00,33.649999999999999,34.119999999999997,32.18,32.380000000000003,445998,10509,32.871490000000001
2024-11-15 05:00:00+00:00,32.619999999999997,32.659999999999997,31.440000000000001,32.170000000000002,522927,11115,32.056091000000002
2024-11-18 05:00:00+00:00,32.219999999999999,32.634999999999998,31.699999999999999,32.289999999999999,703359,11354,32.03398
2024-11-19 05:00:00+00:00,31.960000000000001,32.079999999999998,31.331700000000001,31.859999999999999,658068,11556,31.878114
2024-11-20 05:00:00+00:00,31.469999999999999,32.030000000000001,30.914999999999999,31.850000000000001,480771,10469,31.572073
2024-11-21 05:00:00+00:00,32.149999999999999,32.869999999999997,31.723199999999999,32.219999999999999,476676,9933,32.355538000000003
2024-11-22 05:00:00+00:00,32.560000000000002,33.5,32.25,32.43,606910,12043,32.620773
2024-11-25 05:00:00+00:00,32.710000000000001,34.799999999999997,32.710000000000001,33.390000000000001,1041727,17470,33.767991000000002
2024-11-26 05:00:00+00:00,32.880000000000003,32.920000000000002,31.199999999999999,31.73,1121351,17718,31.764244999999999
2024-11-27 05:00:00+00:00,32.43,33.689999999999998,32,32.299999999999997,923885,16081,32.530459999999998
2024-11-29 05:00:00+00:00,32.43,32.974899999999998,32.229999999999997,32.479999999999997,492616,6430,32.553455999999997
2024-12-02 05:00:00+00:00,32.689999999999998,33.159999999999997,32.219999999999999,32.939999999999998,1437482,19991,32.731022000000003
2024-12-03 05:00:00+00:00,32.840000000000003,33.299999999999997,31.190000000000001,31.5,1057470,13576,31.606107000000002
2024-12-04 05:00:00+00:00,31.32,32.229999999999997,31.25,31.620000000000001,1496590,17175,31.691801000000002
2024-12-05 05:00:00+00:00,31.41,31.690000000000001,30.129999999999999,30.800000000000001,960988,14647,30.714459000000002
2024-12-06 05:00:00+00:00,31.350000000000001,31.899999999999999,30.52,30.670000000000002,561128,12056,30.928902999999998
2024-12-09 05:00:00+00:00,31.190000000000001,33.07,30.870000000000001,32.009999999999998,2168293,22181,32.130378
2024-12-10 05:00:00+00:00,32.200000000000003,32.200000000000003,30.850000000000001,31.710000000000001,871628,12258,31.672135999999998
2024-12-11 05:00:00+00:00,33.149999999999999,33.729999999999997,32.439999999999998,32.789999999999999,733152,12397,32.882474000000002
2024-12-12 05:00:00+00:00,32.670000000000002,33.07,32.015000000000001,32.149999999999999,583971,8839,32.252029
2024-12-13 05:00:00+00:00,32.07,32.280099999999997,31.140000000000001,31.300000000000001,757191,11965,31.533362
2024-12-16 05:00:00+00:00,31.100000000000001,31.100000000000001,29.239999999999998,29.690000000000001,919252,15700,29.862355999999998
2024-12-17 05:00:00+00:00,29.73,30.440000000000001,28.93,30.390000000000001,697395,13133,29.888814
2024-12-18 05:00:00+00:00,30.5,31.18,29.219999999999999,29.629999999999999,713407,14223,30.024304999999998
2024-12-19 05:00:00+00:00,29.98,30.91,29.129999999999999,29.68,971729,16839,29.734814
2024-12-20 05:00:00+00:00,29.289999999999999,30.260000000000002,29.289999999999999,29.870000000000001,2809662,19800,29.846012999999999
2024-12-23 05:00:00+00:00,29.73,30.140000000000001,28.789999999999999,29.050000000000001,616753,11097,29.170576000000001
2024-12-24 05:00:00+00:00,29,29.395,28.75,29.170000000000002,240161,4555,29.073452
2024-12-26 05:00:00+00:00,28.789999999999999,29.780000000000001,28.330200000000001,29.719999999999999,535349,8752,29.340610000000002
2024-12-27 05:00:00+00:00,29.52,30.100000000000001,28.983599999999999,29.620000000000001,400568,7834,29.487307999999999
2024-12-30 05:00:00+00:00,29.379999999999999,30.09,28.5,29.870000000000001,631804,9715,29.747053000000001
2024-12-31 05:00:00+00:00,30.370000000000001,30.77,30.16,30.27,475934,9930,30.393718
2025-01-02 05:00:00+00:00,30.510000000000002,30.960000000000001,29.16,29.289999999999999,521597,10048,29.592521999999999
2025-01-03 05:00:00+00:00,29.289999999999999,30.414999999999999,28.609999999999999,30.170000000000002,549911,8165,29.875012999999999
2025-01-06 05:00:00+00:00,30.539999999999999,31.175000000000001,30.039999999999999,30.149999999999999,360565,8075,30.371464
2025-01-07 05:00:00+00:00,30.129999999999999,30.510000000000002,29.350000000000001,29.609999999999999,344002,7884,29.744319000000001
2025-01-08 05:00:00+00:00,29.030000000000001,29.074999999999999,28.280000000000001,28.859999999999999,521934,8206,28.789702999999999
2025-01-10 05:00:00+00:00,28.100000000000001,28.48,27.510000000000002,27.82,518949,10579,27.827985000000002
2025-01-13 05:00:00+00:00,27.960000000000001,27.960000000000001,27.25,27.280000000000001,459010,10082,27.461690999999998
2025-01-14 05:00:00+00:00,27.75,28.100000000000001,26.760000000000002,27.609999999999999,643790,10068,27.426297000000002
2025-01-15 05:00:00+00:00,28.440000000000001,28.989799999999999,28.109999999999999,28.199999999999999,365007,8257,28.280033
2025-01-16 05:00:00+00:00,28.199999999999999,28.73,27.670000000000002,28.550000000000001,434952,8749,28.387943
2025-01-17 05:00:00+00:00,28.82,29.16,28.469999999999999,28.620000000000001,309202,8301,28.698338
2025-01-21 05:00:00+00:00,29,29.670000000000002,28.655000000000001,29.329999999999998,483353,10138,29.298461
2025-01-22 05:00:00+00:00,29.010000000000002,29.420000000000002,28.710000000000001,28.859999999999999,330598,7423,28.962606000000001
2025-01-23 05:00:00+00:00,28.66,29.18,27.82,28.760000000000002,538993,8212,28.564060999999999
2025-01-24 05:00:00+00:00,28.760000000000002,29.440000000000001,28.699999999999999,29.18,365998,6708,29.110161000000002
2025-01-27 05:00:00+00:00,29.34,30.109999999999999,29.190000000000001,29.719999999999999,526825,10365,29.690321999999998
2025-01-28 05:00:00+00:00,29.309999999999999,29.456800000000001,28.370000000000001,28.440000000000001,356182,9048,28.707595999999999
2025-01-29 05:00:00+00:00,28.190000000000001,28.489999999999998,27.829999999999998,27.920000000000002,319928,6654,28.039459999999998
2025-01-30 05:00:00+00:00,28.379999999999999,28.710000000000001,27.850000000000001,28.260000000000002,355065,8677,28.323564000000001
2025-01-31 05:00:00+00:00,28.030000000000001,28.52,27.149999999999999,27.32,476355,9416,27.663958999999998
2025-02-03 05:00:00+00:00,26.5,26.890000000000001,25.59,25.91,455796,10610,26.061572000000002
2025-02-04 05:00:00+00:00,25.77,27.120000000000001,25.75,26.850000000000001,546923,11039,26.725135000000002
2025-02-05 05:00:00+00:00,26.760000000000002,27.045000000000002,26.43,26.629999999999999,334369,7215,26.714115
2025-02-06 05:00:00+00:00,26.91,27.059999999999999,26.210000000000001,26.280000000000001,300697,7793,26.431339000000001
2025-02-07 05:00:00+00:00,26.199999999999999,26.265000000000001,25.550000000000001,25.800000000000001,765230,10635,25.80341
2025-02-10 05:00:00+00:00,25.949999999999999,26.469999999999999,25.670000000000002,25.989999999999998,495408,9145,26.063855
2025-02-11 05:00:00+00:00,25.600000000000001,26.359999999999999,25.420000000000002,26.07,597912,12345,25.996679
2025-02-12 05:00:00+00:00,25.77,25.906600000000001,25.170000000000002,25.399999999999999,757702,12765,25.441700000000001
2025-02-13 05:00:00+00:00,25.550000000000001,25.995000000000001,25.510000000000002,25.699999999999999,419299,8986,25.731126
2025-02-14 05:00:00+00:00,26.02,26.395,25.43,25.800000000000001,499585,9056,25.722079999999998
2025-02-18 05:00:00+00:00,25.850000000000001,26.52,25.809999999999999,26.129999999999999,430442,9148,26.078303999999999
2025-02-19 05:00:00+00:00,25.82,26.989999999999998,25.719999999999999,26.82,428191,9675,26.630042
2025-02-20 05:00:00+00:00,26.850000000000001,27.32,26,26.48,495392,10783,26.370125000000002
2025-02-21 05:00:00+00:00,26.859999999999999,26.949999999999999,25.640000000000001,25.949999999999999,472800,9355,26.053122999999999
2025-02-24 05:00:00+00:00,26.09,26.59,25.579999999999998,25.98,645531,13111,26.203785
2025-02-25 05:00:00+00:00,26.260000000000002,27.010000000000002,26.060099999999998,26.440000000000001,612127,12057,26.380443
2025-02-26 05:00:00+00:00,26.609999999999999,26.93,25.66,26.16,533326,11722,26.128418
2025-02-27 05:00:00+00:00,25.899999999999999,26.710000000000001,25.449999999999999,25.48,783826,14640,26.024985999999998
2025-02-28 05:00:00+00:00,28.030000000000001,28.780000000000001,26.675000000000001,27.73,1433030,23344,27.898351000000002
2025-03-03 05:00:00+00:00,27.600000000000001,28.629999999999999,27.23,27.25,818131,15487,27.693249000000002
2025-03-04 05:00:00+00:00,26.629999999999999,26.629999999999999,25.710000000000001,26.140000000000001,642248,14212,26.141787000000001
2025-03-05 05:00:00+00:00,26.350000000000001,26.98,25.8856,26.670000000000002,525303,10795,26.506990999999999
2025-03-06 05:00:00+00:00,26.309999999999999,26.93,26.109999999999999,26.780000000000001,395007,12018,26.585034
2025-03-07 05:00:00+00:00,26.649999999999999,27.120000000000001,26.09,26.16,801401,13606,26.330452000000001
2025-03-10 04:00:00+00:00,25.93,27.039999999999999,25.93,26.550000000000001,621502,12925,26.606842
2025-03-11 04:00:00+00:00,26.579999999999998,26.699999999999999,24.690000000000001,24.77,757042,15658,25.117144
2025-03-12 04:00:00+00:00,24.809999999999999,25.550000000000001,24.215,25.190000000000001,938009,14719,24.987884999999999
2025-03-13 04:00:00+00:00,25.050000000000001,25.300000000000001,24.190000000000001,24.309999999999999,495596,10467,24.473285000000001
2025-03-14 04:00:00+00:00,24.48,25.039999999999999,23.91,24.800000000000001,764691,11588,24.617705000000001
2025-03-17 04:00:00+00:00,24.640000000000001,25.174399999999999,24.065000000000001,24.719999999999999,781164,13633,24.571452000000001
2025-03-18 04:00:00+00:00,24.350000000000001,25.260000000000002,24.039999999999999,24.98,575881,12678,24.910753
2025-03-19 04:00:00+00:00,24.829999999999998,25.43,24.52,25.41,565729,10709,25.165807999999998
2025-03-20 04:00:00+00:00,25,25.379999999999999,24.77,24.899999999999999,424379,10263,25.006637000000001
2025-03-21 04:00:00+00:00,24.59,25.32,24.329999999999998,25.02,1048560,8902,24.961863999999998
2025-03-24 04:00:00+00:00,25.460000000000001,26.010000000000002,25.300000000000001,25.780000000000001,456130,9338,25.744081999999999
2025-03-25 04:00:00+00:00,25.760000000000002,26.109999999999999,25.129999999999999,25.469999999999999,528136,11585,25.517658999999998
2025-03-26 04:00:00+00:00,25.670000000000002,26.239999999999998,25.629999999999999,26.16,441012,10434,26.009129999999999
2025-03-27 04:00:00+00:00,25.949999999999999,25.989999999999998,25.23,25.739999999999998,382243,9792,25.709126000000001
2025-03-28 04:00:00+00:00,25.649999999999999,25.649999999999999,23.795000000000002,24.260000000000002,565964,9127,24.260892999999999
2025-03-31 04:00:00+00:00,23.82,23.82,23.190000000000001,23.34,676854,11832,23.459524999999999
2025-04-01 04:00:00+00:00,23.48,23.947500000000002,22.760000000000002,23.449999999999999,575831,11199,23.360372999999999
2025-04-02 04:00:00+00:00,23.359999999999999,24.91,23.010000000000002,24.870000000000001,564673,12458,24.512971
2025-04-03 04:00:00+00:00,23.620000000000001,23.850000000000001,20.66,20.91,1070548,18012,21.414532000000001
2025-04-04 04:00:00+00:00,19.960000000000001,21.050000000000001,18.690000000000001,20.949999999999999,1015462,17074,20.158977
2025-04-07 04:00:00+00:00,20.050000000000001,21.440000000000001,19.210000000000001,20.059999999999999,971812,16715,19.967279999999999
2025-04-08 04:00:00+00:00,20.239999999999998,20.399999999999999,18.010000000000002,18.370000000000001,772197,15418,18.807908999999999
2025-04-09 04:00:00+00:00,18.18,22.210000000000001,17.949999999999999,21.969999999999999,1146741,22487,20.890705000000001
2025-04-10 04:00:00+00:00,20.59,20.899999999999999,19.210000000000001,19.879999999999999,699686,15593,19.818138999999999
2025-04-11 04:00:00+00:00,19.739999999999998,19.879899999999999,18.864999999999998,19.809999999999999,782699,13152,19.482437999999998
2025-04-14 04:00:00+00:00,20.219999999999999,20.93,18.5,19.620000000000001,745668,12206,19.292197000000002
2025-04-15 04:00:00+00:00,19.32,19.858699999999999,19.039999999999999,19.530000000000001,796198,12115,19.421686999999999
2025-04-16 04:00:00+00:00,19.5,19.77,18.73,19.25,604722,10280,19.295904
2025-04-17 04:00:00+00:00,19.079999999999998,19.82,18.864999999999998,19.66,668712,12475,19.472152000000001
2025-04-21 04:00:00+00:00,19.399999999999999,19.670000000000002,18.649999999999999,19.59,621299,9760,19.34065
2025-04-22 04:00:00+00:00,19.829999999999998,20.420000000000002,19.489999999999998,20.329999999999998,603052,9242,20.156072999999999
2025-04-23 04:00:00+00:00,21.370000000000001,21.98,20.199999999999999,20.350000000000001,527152,9520,20.566165000000002
2025-04-24 04:00:00+00:00,20.600000000000001,21.32,20.600000000000001,21.16,336736,7366,21.077047
2025-04-25 04:00:00+00:00,20.949999999999999,21.149999999999999,20.719999999999999,21.100000000000001,303851,7125,21.023492999999998
2025-04-28 04:00:00+00:00,21.100000000000001,21.521599999999999,20.490500000000001,20.600000000000001,342466,7851,20.690342999999999
2025-04-29 04:00:00+00:00,20.329999999999998,20.789999999999999,19.960000000000001,20.59,426804,8689,20.592571
2025-04-30 04:00:00+00:00,20.120000000000001,20.390000000000001,19.469999999999999,20.309999999999999,408424,7169,20.114242000000001
2025-05-01 04:00:00+00:00,20.48,20.98,20.18,20.66,317727,7501,20.679518000000002
2025-05-02 04:00:00+00:00,21.079999999999998,21.5,20.699999999999999,21.16,485575,9678,21.158922
2025-05-05 04:00:00+00:00,20.890000000000001,21.708100000000002,20.579999999999998,21.030000000000001,464491,10245,21.239124
2025-05-06 04:00:00+00:00,21.170000000000002,21.170000000000002,20.079999999999998,20.140000000000001,648135,14884,20.32845
2025-05-07 04:00:00+00:00,20.23,20.75,19.91,20.32,713303,13714,20.337537999999999
2025-05-08 04:00:00+00:00,20.550000000000001,21.550000000000001,20.379999999999999,21.350000000000001,722651,13187,21.189135
2025-05-09 04:00:00+00:00,24.25,25.609999999999999,23.356100000000001,23.780000000000001,2051259,27272,24.094795999999999
2025-05-12 04:00:00+00:00,25.609999999999999,26.73,24.84,25.760000000000002,1461008,22547,25.770223000000001
2025-05-13 04:00:00+00:00,25.239999999999998,26.73,25.07,26.329999999999998,848307,16162,26.279942999999999
2025-05-14 04:00:00+00:00,26.010000000000002,26.949999999999999,25.920000000000002,26.32,568249,11372,26.425505999999999
2025-05-15 04:00:00+00:00,25.710000000000001,25.960000000000001,25.239999999999998,25.780000000000001,677353,11732,25.754265
2025-05-16 04:00:00+00:00,25.809999999999999,26.246600000000001,25.425000000000001,26.039999999999999,655878,10389,26.031082000000001
2025-05-19 04:00:00+00:00,25.350000000000001,25.899999999999999,25.210000000000001,25.41,303446,7620,25.521908
2025-05-20 04:00:00+00:00,25.52,25.760000000000002,25.25,25.5,410969,7932,25.497601
2025-05-21 04:00:00+00:00,25.059999999999999,25.629999999999999,24.23,24.309999999999999,553529,8495,24.519711000000001
2025-05-22 04:00:00+00:00,24.420000000000002,25,24.100000000000001,24.420000000000002,721494,10404,24.397703
2025-05-23 04:00:00+00:00,23.690000000000001,24.16,23.16,24.030000000000001,766175,10159,23.873296
2025-05-27 04:00:00+00:00,24.539999999999999,25.1599,24.059999999999999,24.989999999999998,530113,7509,24.908940999999999
2025-05-28 04:00:00+00:00,25.129999999999999,25.129999999999999,24.41,24.600000000000001,382908,7944,24.781269999999999
2025-05-29 04:00:00+00:00,24.809999999999999,25.170000000000002,24.481000000000002,24.98,622622,7980,24.897983
2025-05-30 04:00:00+00:00,24.829999999999998,26.039999999999999,24.342600000000001,25.649999999999999,736299,11140,25.418140999999999
2025-06-02 04:00:00+00:00,25.510000000000002,25.68,24.655000000000001,25.280000000000001,672027,12320,25.285088999999999
2025-06-03 04:00:00+00:00,25.579999999999998,26.640000000000001,25,26.350000000000001,793419,12829,26.192163999999998
2025-06-04 04:00:00+00:00,26.399999999999999,26.841100000000001,26.120000000000001,26.140000000000001,534808,12101,26.389790999999999
2025-06-05 04:00:00+00:00,26,26.835000000000001,25.725000000000001,26.359999999999999,503374,9775,26.422476
2025-06-06 04:00:00+00:00,26.760000000000002,27.140000000000001,26.379999999999999,26.469999999999999,776409,13112,26.613150000000001
2025-06-09 04:00:00+00:00,26.760000000000002,27.579999999999998,26.59,27.289999999999999,497533,8933,27.265528
2025-06-10 04:00:00+00:00,27.66,28.109999999999999,27.315000000000001,27.550000000000001,596020,9943,27.588799999999999
2025-06-11 04:00:00+00:00,27.75,28.3399,27.420000000000002,27.719999999999999,567309,10761,27.817074000000002
2025-06-12 04:00:00+00:00,27.359999999999999,27.609999999999999,27.109999999999999,27.170000000000002,374973,8605,27.236103
2025-06-13 04:00:00+00:00,26.449999999999999,26.84,25.949999999999999,26.050000000000001,464801,8758,26.269221000000002
2025-06-16 04:00:00+00:00,26.5,26.5,25.809999999999999,26.100000000000001,390914,8975,26.174668
2025-06-17 04:00:00+00:00,25.98,26.100000000000001,24.965,25.07,453714,9224,25.241472999999999
2025-06-18 04:00:00+00:00,25.059999999999999,25.190000000000001,24.620000000000001,24.719999999999999,534271,8715,24.827120000000001
2025-06-20 04:00:00+00:00,25.010000000000002,25.169899999999998,24.260000000000002,24.379999999999999,603286,7745,24.515951000000001
2025-06-23 04:00:00+00:00,24.260000000000002,24.600000000000001,23.690000000000001,24.579999999999998,399240,8678,24.408563999999998
2025-06-24 04:00:00+00:00,24.920000000000002,25.219999999999999,24.431000000000001,24.890000000000001,501468,7317,24.878419000000001
2025-06-25 04:00:00+00:00,24.969999999999999,25.199999999999999,24.420000000000002,24.760000000000002,450615,8779,24.831551000000001
2025-06-26 04:00:00+00:00,24.98,25.34,24.5928,25.219999999999999,434661,9258,25.15793
2025-06-27 04:00:00+00:00,25.579999999999998,25.91,25.039999999999999,25.829999999999998,806223,8134,25.662537
2025-06-30 04:00:00+00:00,25.719999999999999,26.16,25.23,25.940000000000001,548762,10913,25.814502999999998
2025-07-01 04:00:00+00:00,25.719999999999999,28.690000000000001,25.300000000000001,27.93,736487,13125,27.972618000000001
2025-07-02 04:00:00+00:00,27.989999999999998,28.719999999999999,27.620000000000001,28.530000000000001,491831,9868,28.407667
2025-07-03 04:00:00+00:00,28.48,28.609999999999999,27.609999999999999,28.010000000000002,256346,5777,28.048745
2025-07-07 04:00:00+00:00,27.609999999999999,28.058499999999999,27.050000000000001,27.59,654354,9862,27.490732999999999
2025-07-08 04:00:00+00:00,27.98,28.857199999999999,27.800000000000001,27.969999999999999,602320,10420,28.057850999999999
2025-07-09 04:00:00+00:00,28.039999999999999,28.962299999999999,27.545000000000002,28.289999999999999,646616,10545,28.103041000000001
2025-07-10 04:00:00+00:00,28.23,29.559999999999999,27.914999999999999,28.940000000000001,638766,10369,29.053196
2025-07-11 04:00:00+00:00,28.469999999999999,29.059999999999999,28.180099999999999,28.93,389064,8443,28.782284000000001
2025-07-14 04:00:00+00:00,28.789999999999999,28.84,27.75,28.030000000000001,515514,10759,28.122116999999999
2025-07-15 04:00:00+00:00,28.199999999999999,28.4102,26.629999999999999,26.66,569323,11107,27.209429
2025-07-16 04:00:00+00:00,27.059999999999999,27.364999999999998,25.489999999999998,25.530000000000001,853234,12674,25.902279
2025-07-17 04:00:00+00:00,25.640000000000001,26.550000000000001,25.559999999999999,25.850000000000001,764185,10328,25.963173000000001
2025-07-18 04:00:00+00:00,26.260000000000002,26.289899999999999,25.289999999999999,25.800000000000001,493759,9845,25.698447999999999
2025-07-21 04:00:00+00:00,26.190000000000001,26.59,25.800000000000001,26.329999999999998,359654,8608,26.266807
2025-07-22 04:00:00+00:00,26.510000000000002,28.16,26.510000000000002,27.93,617624,12489,27.593702
2025-07-23 04:00:00+00:00,29.120000000000001,30.399999999999999,28.809999999999999,30.390000000000001,1197693,18087,29.799980999999999
2025-07-24 04:00:00+00:00,30.001000000000001,30.518999999999998,29.335000000000001,30.41,1051020,17447,30.206838000000001
2025-07-25 04:00:00+00:00,30.719999999999999,30.780000000000001,29.66,30.18,986399,14097,30.294674000000001
2025-07-28 04:00:00+00:00,30.27,30.359999999999999,29.239999999999998,29.379999999999999,577615,12212,29.590488000000001
2025-07-29 04:00:00+00:00,29.530000000000001,30.809999999999999,29.399999999999999,30.260000000000002,975676,15732,30.168714000000001
2025-07-30 04:00:00+00:00,30.289999999999999,31.18,29.800000000000001,30.260000000000002,873783,17908,30.503367000000001
2025-07-31 04:00:00+00:00,29.640000000000001,30.530000000000001,29.385000000000002,30.370000000000001,593639,14485,30.204065
2025-08-01 04:00:00+00:00,29.829999999999998,29.899999999999999,28.530000000000001,29.309999999999999,977568,18182,29.183095000000002
2025-08-04 04:00:00+00:00,29.469999999999999,30.010000000000002,29.41,29.850000000000001,664406,13020,29.804224999999999
2025-08-05 04:00:00+00:00,29.989999999999998,30.289999999999999,29.124099999999999,29.600000000000001,575297,12289,29.586870999999999
2025-08-06 04:00:00+00:00,29.649999999999999,30,29.18,29.219999999999999,668405,13282,29.393402999999999
2025-08-07 04:00:00+00:00,29.57,30.27,29.190000000000001,30.100000000000001,884030,16111,29.908512000000002
2025-08-08 04:00:00+00:00,28.600000000000001,29.039999999999999,26.850000000000001,28.07,1565414,30525,28.009350000000001
2025-08-11 04:00:00+00:00,27.98,28.199999999999999,26.390000000000001,27.710000000000001,1138945,21573,27.282140999999999
2025-08-12 04:00:00+00:00,28.190000000000001,29.18,27.879999999999999,28.629999999999999,611892,12591,28.708243
2025-08-13 04:00:00+00:00,28.629999999999999,30.745000000000001,28.504999999999999,30.039999999999999,1233431,18578,29.974824999999999
2025-08-14 04:00:00+00:00,29.440000000000001,29.82,29.109999999999999,29.670000000000002,540196,8925,29.569814000000001
2025-08-15 04:00:00+00:00,29.920000000000002,30.234999999999999,29.524999999999999,29.609999999999999,371749,7962,29.766611000000001
2025-08-18 04:00:00+00:00,29.77,30.07,28.945,29.02,381449,8441,29.153047000000001
2025-08-19 04:00:00+00:00,29.300000000000001,29.899999999999999,29.199999999999999,29.300000000000001,316490,8366,29.414701000000001
2025-08-20 04:00:00+00:00,29.260000000000002,29.399999999999999,28.719999999999999,28.91,367793,9122,28.932302
2025-08-21 04:00:00+00:00,28.600000000000001,29.055,27.890000000000001,28.379999999999999,468372,9797,28.395792
2025-08-22 04:00:00+00:00,28.629999999999999,30.379999999999999,28.442499999999999,30.350000000000001,462971,11304,30.128056999999998
2025-08-25 04:00:00+00:00,30.190000000000001,30.440000000000001,29.8612,30.170000000000002,256391,8394,30.210649
2025-08-26 04:00:00+00:00,30.059999999999999,30.559999999999999,29.550000000000001,29.609999999999999,287192,7883,29.724798
2025-08-27 04:00:00+00:00,29.41,29.954999999999998,29.27,29.699999999999999,238599,7350,29.660665999999999
2025-08-28 04:00:00+00:00,29.93,29.93,28.800000000000001,28.98,483562,10819,29.036756
2025-08-29 04:00:00+00:00,29.129999999999999,29.184999999999999,28.440000000000001,28.93,490621,11561,28.787773999999999
2025-09-02 04:00:00+00:00,28.469999999999999,28.879999999999999,27.890000000000001,28.09,280109,7382,28.079446000000001
2025-09-03 04:00:00+00:00,27.859999999999999,28.350000000000001,27.57,27.84,356075,9279,27.774747000000001
2025-09-04 04:00:00+00:00,27.890000000000001,28.440000000000001,27.52,28.329999999999998,590847,11094,28.233819
2025-09-05 04:00:00+00:00,28.5,29.649999999999999,28.5,29.23,503337,10666,29.142700999999999
2025-09-08 04:00:00+00:00,29.32,29.969999999999999,28.73,29.59,370517,9284,29.571287000000002
2025-09-09 04:00:00+00:00,29.420000000000002,29.645,28.98,29.010000000000002,299342,7668,29.122250999999999
2025-09-10 04:00:00+00:00,28.829999999999998,28.899999999999999,27.300000000000001,28,563299,11497,27.954592000000002
2025-09-11 04:00:00+00:00,28.18,28.98,28.18,28.809999999999999,562764,10420,28.685383000000002
2025-09-12 04:00:00+00:00,28.760000000000002,28.760000000000002,27.219999999999999,27.25,296118,7334,27.552917999999998
2025-09-15 04:00:00+00:00,27.350000000000001,27.469999999999999,26.760000000000002,27.100000000000001,503656,10823,27.117435
2025-09-16 04:00:00+00:00,27.100000000000001,27.195,26.699999999999999,27,290654,8210,26.996972
2025-09-17 04:00:00+00:00,27,27.16,25.670000000000002,26.02,626844,13764,26.296990000000001
2025-09-18 04:00:00+00:00,26.43,26.57,25.960000000000001,26.25,499507,9365,26.227761999999998
2025-09-19 04:00:00+00:00,26.219999999999999,26.219999999999999,25.440000000000001,25.780000000000001,945857,9941,25.794834000000002
2025-09-22 04:00:00+00:00,25.73,25.73,25.260000000000002,25.48,396592,8944,25.464908999999999
2025-09-23 04:00:00+00:00,25.719999999999999,26.309999999999999,25.5,25.579999999999998,436376,8906,25.725933999999999
2025-09-24 04:00:00+00:00,25.600000000000001,26.085000000000001,25.280000000000001,25.379999999999999,468508,8725,25.617799000000002
2025-09-25 04:00:00+00:00,25.190000000000001,25.254999999999999,24.550000000000001,25.109999999999999,412244,7674,24.999939000000001
2025-09-26 04:00:00+00:00,25.190000000000001,25.195,24.890000000000001,25.16,249153,6911,25.116029999999999
2025-09-29 04:00:00+00:00,25.289999999999999,25.289999999999999,24.109999999999999,24.77,713848,12934,24.575389000000001
2025-09-30 04:00:00+00:00,24.640000000000001,24.859999999999999,24.18,24.289999999999999,540776,9895,24.347082
2025-10-01 04:00:00+00:00,24.41,24.905000000000001,24.25,24.670000000000002,557234,11370,24.562747999999999
2025-10-02 04:00:00+00:00,24.739999999999998,25.355,24.739999999999998,25.18,815529,13692,25.113699
2025-10-03 04:00:00+00:00,25.399999999999999,26.015000000000001,24.940000000000001,25.600000000000001,491098,9410,25.463874000000001
2025-10-06 04:00:00+00:00,25.640000000000001,25.670000000000002,24.030000000000001,24.109999999999999,408489,9461,24.458008
2025-10-07 04:00:00+00:00,23.93,24.030000000000001,23.329999999999998,23.460000000000001,476982,11624,23.572087
2025-10-08 04:00:00+00:00,23.780000000000001,23.93,23.280000000000001,23.91,356972,8399,23.713173000000001
2025-10-09 04:00:00+00:00,23.920000000000002,23.920000000000002,23.120000000000001,23.149999999999999,332155,8686,23.295794999999998
2025-10-10 04:00:00+00:00,23.100000000000001,23.359999999999999,22.175000000000001,22.210000000000001,488051,11349,22.567035000000001
2025-10-13 04:00:00+00:00,22.670000000000002,22.859999999999999,22.379999999999999,22.66,288923,8099,22.672892000000001
2025-10-14 04:00:00+00:00,22.469999999999999,23.73,22.420000000000002,23.640000000000001,465166,9576,23.45805
2025-10-15 04:00:00+00:00,23.649999999999999,24,22.800000000000001,22.890000000000001,418957,8589,23.095227999999999
2025-10-16 04:00:00+00:00,23,23.364999999999998,22.620000000000001,22.879999999999999,553041,11416,22.970072999999999
2025-10-17 04:00:00+00:00,22.73,23.140000000000001,22.280000000000001,22.600000000000001,331373,8027,22.597632999999998
2025-10-20 04:00:00+00:00,22.719999999999999,23.43,22.719999999999999,22.98,396144,8287,22.996146
2025-10-21 04:00:00+00:00,23.010000000000002,23.754999999999999,22.920000000000002,23.579999999999998,574183,10466,23.337821000000002
2025-10-22 04:00:00+00:00,23.489999999999998,24.094999999999999,23.280000000000001,23.59,489510,10087,23.669270999999998
2025-10-23 04:00:00+00:00,23.739999999999998,24.16,23.460000000000001,24.100000000000001,310076,7645,23.953464
2025-10-24 04:00:00+00:00,24.18,25.43,24.18,24.879999999999999,413290,9400,24.943382
2025-10-27 04:00:00+00:00,24.899999999999999,25.350000000000001,23.975000000000001,24.34,516136,10725,24.414149999999999
2025-10-28 04:00:00+00:00,24.25,24.260000000000002,23.260400000000001,23.390000000000001,311111,7954,23.561160999999998
2025-10-29 04:00:00+00:00,23.149999999999999,23.243200000000002,22.190000000000001,22.350000000000001,332770,9652,22.598420000000001
2025-10-30 04:00:00+00:00,22.07,22.600000000000001,21.93,22.02,763635,12145,22.150046
2025-10-31 04:00:00+00:00,21.920000000000002,22.16,21.399999999999999,22.109999999999999,566045,10294,21.958531000000001
2025-11-03 05:00:00+00:00,22.100000000000001,22.675000000000001,21.539999999999999,22.600000000000001,1000229,14182,22.311035
2025-11-04 05:00:00+00:00,22.379999999999999,22.920000000000002,21.824999999999999,22.48,722880,12373,22.469722000000001
2025-11-05 05:00:00+00:00,22.48,23.07,22.32,22.890000000000001,534504,9921,22.845832999999999
2025-11-06 05:00:00+00:00,22.850000000000001,22.850000000000001,21.93,21.960000000000001,722936,12231,22.164065999999998
2025-11-07 05:00:00+00:00,16.690000000000001,17.234999999999999,16.039999999999999,16.370000000000001,3295896,40916,16.533745
2025-11-10 05:00:00+00:00,16.57,16.77,15.525,16,1662624,25993,15.936819
2025-11-11 05:00:00+00:00,16.09,16.09,14.925000000000001,15.029999999999999,2265329,23336,15.259561
2025-11-12 05:00:00+00:00,14.949999999999999,15.1,14.515000000000001,14.82,1360926,17825,14.815554000000001
2025-11-13 05:00:00+00:00,14.74,14.789999999999999,13.99,14.109999999999999,1104333,16998,14.202344
2025-11-14 05:00:00+00:00,13.960000000000001,14.34,13.630000000000001,14.119999999999999,1080056,17223,14.117020999999999
2025-11-17 05:00:00+00:00,14.09,14.125,13.08,13.220000000000001,1532894,18941,13.547440999999999
2025-11-18 05:00:00+00:00,13.699999999999999,14.390000000000001,13.699999999999999,14.210000000000001,1942629,21887,14.146017000000001
2025-11-19 05:00:00+00:00,14.16,14.234999999999999,13.42,13.49,1247225,17289,13.592767
2025-11-20 05:00:00+00:00,13.52,14.125,13.17,13.19,930804,14512,13.534719000000001
2025-11-21 05:00:00+00:00,13.199999999999999,14.02,13.119999999999999,13.91,950160,14590,13.810772
2025-11-24 05:00:00+00:00,13.869999999999999,14.32,13.6,14.1,949877,11743,14.083724999999999
2025-11-25 05:00:00+00:00,14.140000000000001,14.91,14.140000000000001,14.65,662773,12597,14.696673000000001
2025-11-26 05:00:00+00:00,14.470000000000001,14.885,14.386900000000001,14.69,861136,13817,14.713645
2025-11-28 05:00:00+00:00,14.800000000000001,14.9,14.705,14.789999999999999,227200,4859,14.803796
2025-12-01 05:00:00+00:00,14.619999999999999,15.68,14.619999999999999,15.35,854146,11959,15.365876999999999
2025-12-02 05:00:00+00:00,15.359999999999999,15.738899999999999,15.09,15.619999999999999,1063389,14339,15.516947
2025-12-03 05:00:00+00:00,15.74,16.870000000000001,15.720000000000001,16.344999999999999,1614851,18103,16.408662
2025-12-04 05:00:00+00:00,16.390000000000001,16.539999999999999,16,16.460000000000001,896091,13986,16.355240999999999
2025-12-05 05:00:00+00:00,16.359999999999999,16.629999999999999,16.245000000000001,16.559999999999999,847320,13602,16.510417
2025-12-08 05:00:00+00:00,16.600000000000001,16.686399999999999,15.65,15.94,1777684,22487,15.952337999999999
2025-12-09 05:00:00+00:00,15.85,16.515000000000001,15.84,16.379999999999999,981736,13561,16.304380999999999
2025-12-10 05:00:00+00:00,16.100000000000001,16.969999999999999,16.100000000000001,16.68,1238166,13398,16.631291000000001
2025-12-11 05:00:00+00:00,16.800000000000001,16.989999999999998,16.510000000000002,16.77,604226,10891,16.704114000000001
2025-12-12 05:00:00+00:00,16.77,17.100000000000001,16.73,17.039999999999999,894174,13902,16.967798999999999
2025-12-15 05:00:00+00:00,17.050000000000001,17.329999999999998,16.783200000000001,17.16,1013938,11859,17.159659000000001
2025-12-16 05:00:00+00:00,17.25,17.859999999999999,17.190000000000001,17.719999999999999,1169050,14245,17.671567
2025-12-17 05:00:00+00:00,17.399999999999999,17.98,17.309999999999999,17.469999999999999,1123792,11877,17.525278
2025-12-18 05:00:00+00:00,17.41,17.809999999999999,17.34,17.59,1152267,10970,17.572132
2025-12-19 05:00:00+00:00,17.449999999999999,17.84,16.925000000000001,17.309999999999999,1540036,10953,17.295051999999998
2025-12-22 05:00:00+00:00,17.32,17.75,17.094999999999999,17.469999999999999,829218,9803,17.410717999999999
2025-12-23 05:00:00+00:00,17.469999999999999,17.844999999999999,17.199999999999999,17.739999999999998,774327,9759,17.680236000000001
2025-12-24 05:00:00+00:00,17.629999999999999,17.829999999999998,17.510000000000002,17.649999999999999,300571,4794,17.686214
2025-12-26 05:00:00+00:00,17.530000000000001,17.815000000000001,17.41,17.739999999999998,466217,9021,17.683202999999999
2025-12-29 05:00:00+00:00,17.66,17.859999999999999,17.57,17.609999999999999,720923,9523,17.708969
2025-12-30 05:00:00+00:00,17.489999999999998,17.780000000000001,17.385000000000002,17.460000000000001,532038,9469,17.581405
2025-12-31 05:00:00+00:00,17.460000000000001,17.57,16.969999999999999,17.109999999999999,546272,9955,17.12961
2026-01-02 05:00:00+00:00,17.309999999999999,17.57,16.98,17.420000000000002,555828,10147,17.357355999999999
2026-01-05 05:00:00+00:00,17.280000000000001,17.890000000000001,17.25,17.539999999999999,984280,12585,17.570504
2026-01-06 05:00:00+00:00,17.280000000000001,18.18,16.989999999999998,18.16,694836,9987,17.667159000000002
2026-01-07 05:00:00+00:00,18.210000000000001,18.469999999999999,17.98,18.329999999999998,611165,9559,18.282108000000001
2026-01-08 05:00:00+00:00,18.079999999999998,19,18.079999999999998,18.539999999999999,527138,10453,18.548335000000002
2026-01-09 05:00:00+00:00,18.609999999999999,19.114999999999998,18.265000000000001,18.870000000000001,459035,9643,18.864542
2026-01-12 05:00:00+00:00,18.73,19.024999999999999,18.300000000000001,18.789999999999999,490020,8833,18.789086000000001
2026-01-13 05:00:00+00:00,18.780000000000001,18.984999999999999,18.43,18.690000000000001,451273,9100,18.692578000000001
2026-01-14 05:00:00+00:00,18.649999999999999,19.27,18.545000000000002,18.84,349632,8669,18.867526999999999
2026-01-15 05:00:00+00:00,18.84,19.390000000000001,18.565000000000001,19.300000000000001,545513,8517,19.250367000000001
2026-01-16 05:00:00+00:00,19.120000000000001,19.579999999999998,19.059999999999999,19.449999999999999,586487,9574,19.456496999999999
2026-01-20 05:00:00+00:00,19,19.649999999999999,18.899999999999999,19.100000000000001,703200,11005,19.315843000000001
2026-01-21 05:00:00+00:00,19.190000000000001,19.940000000000001,19.18,19.219999999999999,654023,10124,19.444873000000001
2026-01-22 05:00:00+00:00,19.390000000000001,19.870000000000001,19.210000000000001,19.309999999999999,581007,9317,19.429317999999999
2026-01-23 05:00:00+00:00,19.210000000000001,19.350000000000001,18.960000000000001,19.079999999999998,448151,8098,19.093737000000001
2026-01-26 05:00:00+00:00,18.940000000000001,19.390000000000001,18.940000000000001,19.16,465324,8205,19.193234
2026-01-27 05:00:00+00:00,19.09,19.419899999999998,18.829999999999998,19.190000000000001,407927,8104,19.074778999999999
2026-01-28 05:00:00+00:00,19.329999999999998,19.329999999999998,18.680800000000001,18.829999999999998,527455,9050,18.945024
2026-01-29 05:00:00+00:00,18.84,19.07,18.34,18.489999999999998,530041,8365,18.607921999999999
2026-01-30 05:00:00+00:00,18.300000000000001,18.855,18.07,18.399999999999999,665928,10257,18.462453
2026-02-02 05:00:00+00:00,18.300000000000001,18.82,18.199999999999999,18.390000000000001,430549,7996,18.485928999999999
2026-02-03 05:00:00+00:00,18.48,19.210000000000001,18.25,18.399999999999999,609602,13599,18.525873000000001
2026-02-04 05:00:00+00:00,18.710000000000001,19.109999999999999,18.690000000000001,19,802375,14418,18.945336999999999
2026-02-05 05:00:00+00:00,19,19.09,18.024999999999999,18.359999999999999,674833,13426,18.349360000000001
2026-02-06 05:00:00+00:00,18.25,19.355,18.25,19.199999999999999,519634,9505,19.059615999999998
2026-02-09 05:00:00+00:00,19.359999999999999,19.52,19.100000000000001,19.239999999999998,369219,6756,19.244482000000001
2026-02-10 05:00:00+00:00,19.469999999999999,20.27,19.3476,19.82,611073,12122,19.936668999999998
2026-02-11 05:00:00+00:00,19.600000000000001,20.140000000000001,19.600000000000001,20.030000000000001,383679,7814,19.922308999999998
2026-02-12 05:00:00+00:00,20.100000000000001,20.359999999999999,18.914999999999999,19.050000000000001,492916,10074,19.195864
2026-02-13 05:00:00+00:00,19.23,19.620000000000001,19.050000000000001,19.309999999999999,462083,9136,19.322068000000002
2026-02-17 05:00:00+00:00,19.210000000000001,19.530000000000001,18.77,19.059999999999999,404592,7429,19.064
2026-02-18 05:00:00+00:00,19.050000000000001,19.59,18.995000000000001,19.550000000000001,413823,11672,19.403179999999999
2026-02-19 05:00:00+00:00,19.260000000000002,19.359999999999999,18.66,19.190000000000001,468706,9224,19.107396999999999
2026-02-20 05:00:00+00:00,18.98,20,18.789999999999999,19.719999999999999,646113,13290,19.561726
2026-02-23 05:00:00+00:00,19.460000000000001,19.68,18.620000000000001,19.030000000000001,445337,12858,19.002983
2026-02-24 05:00:00+00:00,19.09,19.469999999999999,18.969999999999999,19.07,390284,9550,19.139973000000001
2026-02-25 05:00:00+00:00,19.25,19.280000000000001,18.780000000000001,19.02,582967,10391,19.017446
2026-02-26 05:00:00+00:00,19.039999999999999,19.5,18.020099999999999,18.359999999999999,607963,11531,18.421509
2026-02-27 05:00:00+00:00,18.109999999999999,19.229900000000001,16,16.84,2687525,40452,17.156020000000002
2026-03-02 05:00:00+00:00,16.309999999999999,17.780000000000001,15.9,17.465,954530,18327,17.384754999999998
2026-03-03 05:00:00+00:00,16.710000000000001,18.16,16.440000000000001,18.050000000000001,1032780,16619,17.695996999999998
2026-03-04 05:00:00+00:00,17.809999999999999,18.039999999999999,17.305,17.850000000000001,888622,15341,17.729429
2026-03-05 05:00:00+00:00,17.539999999999999,17.809999999999999,16.984999999999999,17.52,901780,15832,17.394316
2026-03-06 05:00:00+00:00,16.870000000000001,17.094999999999999,16.27,16.309999999999999,964499,16280,16.567042000000001
2026-03-09 04:00:00+00:00,15.85,16.510000000000002,15.25,16.370000000000001,1000324,16890,15.960058
2026-03-10 04:00:00+00:00,16.289999999999999,16.68,15.949999999999999,16.350000000000001,819325,13500,16.282015000000001
2026-03-11 04:00:00+00:00,16.170000000000002,16.579999999999998,15.619999999999999,16.07,674428,11433,15.921312
2026-03-12 04:00:00+00:00,15.85,16.16,15.609999999999999,15.83,507347,9001,15.879476
2026-03-13 04:00:00+00:00,15.82,16,15.355,15.5,926579,11193,15.546963999999999
2026-03-16 04:00:00+00:00,15.67,15.949999999999999,15.52,15.77,573991,8154,15.773474
2026-03-17 04:00:00+00:00,15.869999999999999,16.43,15.550000000000001,16.370000000000001,1309740,9526,16.230537999999999
2026-03-18 04:00:00+00:00,16.170000000000002,16.899999999999999,15.835000000000001,16.23,967188,13823,16.295127000000001
2026-03-19 04:00:00+00:00,16.120000000000001,16.48,15.75,16.379999999999999,809978,13946,16.23535
2026-03-20 04:00:00+00:00,16.43,16.5,15.859999999999999,16.079999999999998,1431271,12559,16.149132000000002
2026-03-23 04:00:00+00:00,16.670000000000002,17.184999999999999,16.52,16.75,830868,12354,16.851081000000001
2026-03-24 04:00:00+00:00,16.600000000000001,17.454999999999998,16.600000000000001,17.329999999999998,580882,10256,17.090399999999999
2026-03-25 04:00:00+00:00,17.350000000000001,17.829899999999999,17.216200000000001,17.760000000000002,484761,9848,17.608125000000001
2026-03-26 04:00:00+00:00,17.41,18.440000000000001,17.41,18.210000000000001,1083244,13565,18.189654999999998
2026-03-27 04:00:00+00:00,17.940000000000001,18.190000000000001,16.84,16.859999999999999,1118310,15393,17.268276
2026-03-30 04:00:00+00:00,16.98,17.25,16.469999999999999,16.530000000000001,454522,9387,16.625710999999999
2026-03-31 04:00:00+00:00,16.699999999999999,16.91,16.18,16.460000000000001,481127,10835,16.482786999999998
2026-04-01 04:00:00+00:00,16.510000000000002,17.120000000000001,16.27,17.030000000000001,508683,9903,16.923729999999999
2026-04-02 04:00:00+00:00,16.690000000000001,16.989999999999998,15.859999999999999,16.77,568443,11026,16.581823
2026-04-06 04:00:00+00:00,16.77,16.77,16.100000000000001,16.149999999999999,523935,6403,16.232433
2026-04-07 04:00:00+00:00,16.300000000000001,16.309999999999999,15.475,15.58,490173,9645,15.655260999999999
2026-04-08 04:00:00+00:00,16.504999999999999,17,16.27,16.760000000000002,524201,9723,16.731425999999999
2026-04-09 04:00:00+00:00,16.57,17.039999999999999,16.399999999999999,16.920000000000002,374184,7901,16.861049000000001
2026-04-10 04:00:00+00:00,17,17.16,16.555,16.829999999999998,248301,5767,16.847327
2026-04-13 04:00:00+00:00,16.739999999999998,17.010000000000002,16.530000000000001,16.809999999999999,290543,7630,16.795421000000001
2026-04-14 04:00:00+00:00,16.82,17.77,16.77,17.600000000000001,560730,8887,17.472882999999999
2026-04-15 04:00:00+00:00,17.399999999999999,17.559999999999999,16.600000000000001,16.699999999999999,721701,10775,16.858753
2026-04-16 04:00:00+00:00,16.57,16.940000000000001,15.91,16.460000000000001,563244,8389,16.455829000000001
2026-04-17 04:00:00+00:00,17.010000000000002,17.905000000000001,16.995000000000001,17.370000000000001,649308,12603,17.471847
2026-04-20 04:00:00+00:00,17.120000000000001,17.675000000000001,16.949999999999999,17.579999999999998,404314,7700,17.494513000000001
2026-04-21 04:00:00+00:00,17.449999999999999,18.199999999999999,17.399999999999999,17.600000000000001,367261,7468,17.708309
2026-04-22 04:00:00+00:00,17.559999999999999,17.870000000000001,17.18,17.23,232295,4623,17.337591
2026-04-23 04:00:00+00:00,17.359999999999999,17.649999999999999,17.07,17.300000000000001,372880,5981,17.275804999999998
2026-04-24 04:00:00+00:00,17.309999999999999,17.829999999999998,17.239999999999998,17.699999999999999,360379,7463,17.604063
2026-04-27 04:00:00+00:00,17.699999999999999,17.91,16.9175,17.149999999999999,614835,10496,17.192833
2026-04-28 04:00:00+00:00,17.260000000000002,17.710000000000001,16.93,17.690000000000001,337447,7471,17.487344
2026-04-29 04:00:00+00:00,17.379999999999999,17.800000000000001,17.09,17.18,303878,6087,17.235983000000001
2026-04-30 04:00:00+00:00,17.129999999999999,17.835000000000001,16.850000000000001,17.75,262858,5412,17.668755000000001
2026-05-01 04:00:00+00:00,17.585000000000001,17.890000000000001,17.460000000000001,17.739999999999998,337373,6735,17.701813999999999
2026-05-04 04:00:00+00:00,17.649999999999999,17.91,16.780000000000001,16.84,393761,7969,17.055935000000002
2026-05-05 04:00:00+00:00,16.789999999999999,17.780000000000001,16.614999999999998,17.66,549599,9434,17.577521000000001
2026-05-06 04:00:00+00:00,18.050000000000001,18.43,17.969999999999999,18.18,658498,14091,18.171655999999999
2026-05-07 04:00:00+00:00,18.289999999999999,18.809999999999999,17.960000000000001,18.57,763203,12430,18.486491000000001
2026-05-08 04:00:00+00:00,19.780000000000001,20.98,17.670000000000002,17.800000000000001,1276783,19525,18.361308000000001
2026-05-11 04:00:00+00:00,17.510000000000002,17.870000000000001,17.010000000000002,17.399999999999999,871620,12383,17.495636000000001
2026-05-12 04:00:00+00:00,17.32,17.48,16.420000000000002,16.829999999999998,854755,12489,16.914231000000001
2026-05-13 04:00:00+00:00,16.75,17.199999999999999,16.09,16.25,636837,10908,16.455684000000002
2026-05-14 04:00:00+00:00,16.449999999999999,16.920000000000002,16.120000000000001,16.149999999999999,424748,8201,16.369737000000001
2026-05-15 04:00:00+00:00,15.93,16.640000000000001,15.69,16.07,534482,9519,16.092195
2026-05-18 04:00:00+00:00,16.18,16.690000000000001,16.059999999999999,16.579999999999998,516647,8880,16.526751999999998
2026-05-19 04:00:00+00:00,16.5,16.5,15.880000000000001,16.059999999999999,517813,8129,16.171865
2026-05-20 04:00:00+00:00,15.99,16.460000000000001,15.755000000000001,16.359999999999999,356690,6516,16.251726000000001
2026-05-21 04:00:00+00:00,16.190000000000001,16.68,16,16.329999999999998,413050,7868,16.337332
2026-05-22 04:00:00+00:00,16.41,16.68,16.18,16.280000000000001,403561,7072,16.309698000000001
2026-05-26 04:00:00+00:00,16.34,16.7499,16.300000000000001,16.710000000000001,617751,8433,16.607621000000002
2026-05-27 04:00:00+00:00,17,18.274999999999999,16.954999999999998,18.16,733646,12869,17.926316
2026-05-28 04:00:00+00:00,18.16,18.969999999999999,17.949999999999999,18.829999999999998,591016,9425,18.665241999999999
2026-05-29 04:00:00+00:00,18.829999999999998,19.09,17.995000000000001,18.039999999999999,424063,6931,18.265747999999999
2026-06-01 04:00:00+00:00,17.670000000000002,17.899999999999999,17.199999999999999,17.789999999999999,508273,10324,17.685022
2026-06-02 04:00:00+00:00,17.789999999999999,18.18,17.780000000000001,18.039999999999999,320036,8627,17.956772999999998
2026-06-03 04:00:00+00:00,17.989999999999998,18.039999999999999,17.57,17.809999999999999,374538,10121,17.807300000000001
2026-06-04 04:00:00+00:00,18,18.140000000000001,17.600000000000001,17.75,457625,8769,17.767316000000001
2026-06-05 04:00:00+00:00,17.719999999999999,17.885000000000002,17.190000000000001,17.41,522180,10181,17.455058999999999
2026-06-08 04:00:00+00:00,17.420000000000002,18.169899999999998,17.420000000000002,17.66,681264,11799,17.768732
2026-06-09 04:00:00+00:00,17.77,18.420000000000002,17.585000000000001,18.129999999999999,698508,13978,18.026209000000001
2026-06-10 04:00:00+00:00,18.120000000000001,18.120000000000001,17.645,17.649999999999999,619956,10923,17.77703
2026-06-11 04:00:00+00:00,17.68,18.199999999999999,17.484999999999999,18.170000000000002,400264,7832,17.949864000000002
2026-06-12 04:00:00+00:00,18.25,18.690000000000001,18.030000000000001,18.09,369183,8433,18.203094
2026-06-15 04:00:00+00:00,18.289999999999999,18.82,18.25,18.41,352458,7339,18.477394
2026-06-16 04:00:00+00:00,18.510000000000002,18.84,17.920000000000002,18.140000000000001,588795,6973,18.149504
2026-06-17 04:00:00+00:00,17.960000000000001,18.559999999999999,17.489999999999998,17.640000000000001,726089,10797,17.857882
2026-06-18 04:00:00+00:00,17.920000000000002,18.949999999999999,17.920000000000002,18.670000000000002,912864,9376,18.627559000000002
2026-06-22 04:00:00+00:00,18.640000000000001,18.670000000000002,17.91,17.940000000000001,595145,7820,18.096606000000001
2026-06-23 04:00:00+00:00,17.550000000000001,18.239999999999998,17.489999999999998,17.550000000000001,711896,11287,17.662768
2026-06-24 04:00:00+00:00,17.550000000000001,18.789999999999999,17.465,18.510000000000002,367751,7230,18.399111000000001
2026-06-25 04:00:00+00:00,18.789999999999999,19.399999999999999,18.620000000000001,18.77,442619,8684,18.961283000000002
2026-06-26 04:00:00+00:00,18.52,19.25,18.510000000000002,18.91,1686160,8653,18.899784
2026-06-29 04:00:00+00:00,18.859999999999999,18.899999999999999,17.809999999999999,18.09,627051,10381,18.098659999999999
2026-06-30 04:00:00+00:00,17.199999999999999,17.434999999999999,15.675000000000001,16.945,1344237,18027,16.701988
2026-07-01 04:00:00+00:00,17.039999999999999,17.219999999999999,16.585000000000001,17.039999999999999,792310,13793,16.984905000000001
2026-07-02 04:00:00+00:00,17.219999999999999,17.48,16.300000000000001,16.510000000000002,623228,11183,16.581125
2026-07-06 04:00:00+00:00,16.550000000000001,16.879999999999999,16.309999999999999,16.719999999999999,527754,10275,16.611774
2026-07-07 04:00:00+00:00,16.739999999999998,17.074999999999999,16.460000000000001,17,529508,10521,16.827649000000001
2026-07-08 04:00:00+00:00,16.920000000000002,16.960000000000001,16.170000000000002,16.5,618824,10325,16.438766000000001
2026-07-09 04:00:00+00:00,16.5,17.100000000000001,16.239999999999998,16.620000000000001,407277,9283,16.727132999999998
2026-07-10 04:00:00+00:00,16.629999999999999,17.352499999999999,16.629999999999999,16.989999999999998,308838,8016,17.036712999999999
2026-07-13 04:00:00+00:00,17.09,17.719999999999999,17.09,17.329999999999998,419235,8858,17.338699999999999
2026-07-14 04:00:00+00:00,17.27,17.489999999999998,17,17.379999999999999,438091,8651,17.3245
2026-07-15 04:00:00+00:00,17.460000000000001,18.484999999999999,17.25,18.02,593276,11478,18.083190999999999
2026-07-16 04:00:00+00:00,18.140000000000001,19.780000000000001,17.945,19.530000000000001,927724,13913,19.370996000000002
2026-07-17 04:00:00+00:00,19.010000000000002,19.98,18.68,19.02,514260,10116,19.325275999999999
2026-07-20 04:00:00+00:00,19,19.379999999999999,18.239999999999998,18.370000000000001,454474,9314,18.488327999999999
2026-07-21 04:00:00+00:00,18.300000000000001,18.66,18.030000000000001,18.289999999999999,314177,8591,18.302081000000001
2026-07-22 04:00:00+00:00,18.370000000000001,18.760000000000002,18.039999999999999,18.609999999999999,265996,5513,18.505669999999999
2026-07-23 04:00:00+00:00,18.32,18.440000000000001,17.664999999999999,18.25,557931,8861,17.971478999999999
2026-07-24 04:00:00+00:00,18.359999999999999,19,18.309999999999999,18.510000000000002,400230,7746,18.620111999999999
2026-07-27 04:00:00+00:00,18.73,18.93,18.401,18.57,317056,6610,18.615435000000002
2026-07-28 04:00:00+00:00,18.859999999999999,19.550000000000001,18.859999999999999,19.09,439669,9647,19.209302999999998
2026-07-29 04:00:00+00:00,19.09,19.315000000000001,18.710000000000001,18.940000000000001,371526,8848,18.989912
2026-07-30 04:00:00+00:00,18.850000000000001,18.850000000000001,17.66,17.809999999999999,539674,8816,17.952487999999999
2026-07-31 04:00:00+00:00,17.809999999999999,18.039999999999999,17.120000000000001,18,791916,12483,17.597214000000001
2026-08-03 04:00:00+00:00,18.460000000000001,19.212700000000002,18.260000000000002,18.73,446225,10606,18.80537
2026-08-04 04:00:00+00:00,18.539999999999999,20,18.489999999999998,19.800000000000001,628399,10964,19.656465000000001
2026-08-05 04:00:00+00:00,19.640000000000001,19.82,19.504999999999999,19.66,287232,6315,19.649566
2026-08-06 04:00:00+00:00,19.850000000000001,19.850000000000001,18.760000000000002,18.859999999999999,980282,11670,18.91245
2026-08-07 04:00:00+00:00,21.23,21.460000000000001,19.760000000000002,21.129999999999999,1982710,24113,20.818704
2026-08-10 04:00:00+00:00,21.379999999999999,21.73,20.175000000000001,21.030000000000001,1237714,16310,20.815771000000002
2026-08-11 04:00:00+00:00,21.129999999999999,21.800000000000001,21.09,21.539999999999999,832528,13364,21.538684
2026-08-12 04:00:00+00:00,21.370000000000001,21.75,20.629999999999999,21.719999999999999,581512,10619,21.348293000000002
2026-08-13 04:00:00+00:00,21.760000000000002,22.09,20.920000000000002,21.079999999999998,515278,10988,21.363493999999999
2026-08-14 04:00:00+00:00,21.030000000000001,21.414999999999999,20.77,21.02,470358,9110,21.024621
2026-08-17 04:00:00+00:00,21.02,21.024999999999999,20.530000000000001,20.550000000000001,495325,9662,20.679983
2026-08-18 04:00:00+00:00,20.550000000000001,20.989999999999998,20.390000000000001,20.829999999999998,612147,10543,20.615373999999999
2026-08-19 04:00:00+00:00,21.140000000000001,21.989999999999998,21.140000000000001,21.68,360041,8666,21.730084000000002
2026-08-20 04:00:00+00:00,21.199999999999999,21.559999999999999,20.895,21.329999999999998,417780,8253,21.370533999999999
2026-08-21 04:00:00+00:00,21.5,22.079999999999998,21.5,21.850000000000001,332243,7108,21.858369
2026-08-24 04:00:00+00:00,21.98,22.039999999999999,21.449999999999999,21.649999999999999,272242,7422,21.648887999999999
2026-08-25 04:00:00+00:00,21.510000000000002,21.655000000000001,20.995000000000001,21.23,326934,6813,21.207215999999999
2026-08-26 04:00:00+00:00,21.379999999999999,21.43,20.859999999999999,21.059999999999999,305667,6116,21.100639999999999
2026-08-27 04:00:00+00:00,21,21.315000000000001,20.98,21.100000000000001,142220,4909,21.120827999999999
2026-08-28 04:00:00+00:00,21.140000000000001,21.280000000000001,20.510000000000002,20.559999999999999,480868,6847,20.84826
2026-08-31 04:00:00+00:00,20.48,20.670000000000002,20.09,20.43,374907,6656,20.426969
2026-09-01 04:00:00+00:00,20.239999999999998,20.614999999999998,19.829999999999998,20.039999999999999,415194,8650,20.150255000000001
2026-09-02 04:00:00+00:00,20.09,20.649899999999999,20.09,20.41,272950,6158,20.406604999999999
2026-09-03 04:00:00+00:00,20.760000000000002,20.949999999999999,20.309999999999999,20.760000000000002,400079,8047,20.697165999999999
2026-09-04 04:00:00+00:00,20.559999999999999,21.725000000000001,20.420000000000002,21.52,334225,6737,21.366174000000001
2026-09-08 04:00:00+00:00,21.370000000000001,21.449999999999999,20.105,20.260000000000002,545331,9277,20.411753000000001
2026-09-09 04:00:00+00:00,20.260000000000002,20.309999999999999,19.469999999999999,19.559999999999999,461718,8584,19.703316999999998
2026-09-10 04:00:00+00:00,19.190000000000001,19.859999999999999,19.030000000000001,19.620000000000001,497867,9404,19.569973999999998
2026-09-11 04:00:00+00:00,19.879999999999999,20.09,19.555,19.829999999999998,349609,8001,19.882883
2026-09-14 04:00:00+00:00,19.739999999999998,20.050000000000001,19.43,19.59,389877,9216,19.648703999999999
2026-09-15 04:00:00+00:00,19.43,19.43,19.02,19.16,434977,10233,19.155588000000002
2026-09-16 04:00:00+00:00,19.399999999999999,19.649999999999999,18.989999999999998,19.329999999999998,522831,11337,19.333127000000001
2026-09-17 04:00:00+00:00,19.710000000000001,19.785,19.219999999999999,19.379999999999999,344304,9444,19.421904000000001
2026-09-18 04:00:00+00:00,19.350000000000001,19.515000000000001,18.690000000000001,18.77,761756,8471,18.862770000000001
2026-09-21 04:00:00+00:00,19.219999999999999,19.219999999999999,18.460000000000001,18.469999999999999,424315,8332,18.647843000000002
2026-09-22 04:00:00+00:00,18.75,19.149999999999999,18.699999999999999,18.890000000000001,616445,9403,18.915579000000001
2026-09-23 04:00:00+00:00,18.609999999999999,18.809999999999999,18.135000000000002,18.66,382886,7686,18.605682999999999
2026-09-24 04:00:00+00:00,18.699999999999999,18.879999999999999,18.34,18.52,470933,10158,18.523166
2026-09-25 04:00:00+00:00,18.629999999999999,18.960000000000001,18.2821,18.550000000000001,362795,6771,18.602993999999999
2026-09-28 04:00:00+00:00,18.75,19.23,17.84,18.739999999999998,940589,13926,18.497333999999999
2026-09-29 04:00:00+00:00,18.719999999999999,18.84,18.059999999999999,18.699999999999999,880632,9409,18.507110000000001
2026-09-30 04:00:00+00:00,18.829999999999998,19.210000000000001,18.370000000000001,18.370000000000001,853179,12068,18.640027
2026-10-01 04:00:00+00:00,18.25,18.609999999999999,17.670000000000002,18.370000000000001,700537,11860,18.235724000000001
2026-10-02 04:00:00+00:00,18.68,18.82,18.27,18.649999999999999,692025,11152,18.630068000000001
2026-10-05 04:00:00+00:00,18.640000000000001,19.539999999999999,18.199999999999999,19.23,910580,12438,19.146861999999999
2026-10-06 04:00:00+00:00,19.32,19.75,19.25,19.390000000000001,443925,8049,19.420718000000001
