timestamp,open,high,low,close,volume,trade_count,vwap
2016-01-04 05:00:00+00:00,11.01,11.119999999999999,10.51,11.119999999999999,3976,53,10.872324000000001
2016-01-05 05:00:00+00:00,10.52,10.99,10.52,10.85,7788,35,10.658011999999999
2016-01-06 05:00:00+00:00,10.85,10.85,10.85,10.85,0,0,0
2016-01-07 05:00:00+00:00,10.91,10.92,10.619999999999999,10.699999999999999,5588,34,10.783099
2016-01-08 05:00:00+00:00,10.880000000000001,11.048999999999999,10.880000000000001,10.942,1901,4,10.944368000000001
2016-01-11 05:00:00+00:00,11.130000000000001,11.199999999999999,10.625299999999999,10.76,3373,22,10.863569
2016-01-12 05:00:00+00:00,10.779999999999999,10.779999999999999,10.59,10.6,6954,47,10.616241
2016-01-13 05:00:00+00:00,10.6,10.6,10.5,10.6,4625,26,10.537181
2016-01-14 05:00:00+00:00,10.869999999999999,10.9,10.73,10.73,822,9,10.868134
2016-01-15 05:00:00+00:00,10.289999999999999,10.32,10.08,10.17,7842,53,10.241638
2016-01-19 05:00:00+00:00,10.25,10.52,10.24,10.300000000000001,6471,27,10.384582
2016-01-20 05:00:00+00:00,10.300000000000001,10.300000000000001,10,10.1,17769,98,10.106216
2016-01-21 05:00:00+00:00,10.2464,10.2464,10.2464,10.2464,323,5,10.2464
2016-01-22 05:00:00+00:00,10.76,11.109999999999999,10.1074,10.300000000000001,11082,55,10.350762
2016-01-25 05:00:00+00:00,10.25,10.34,10.039999999999999,10.25,6359,43,10.221501999999999
2016-01-26 05:00:00+00:00,10.130000000000001,10.25,10.1,10.24,2963,26,10.130929
2016-01-27 05:00:00+00:00,10.4499,10.4499,10.4499,10.4499,1173,8,10.4499
2016-01-28 05:00:00+00:00,10.300000000000001,10.300000000000001,10,10.26,9602,74,10.131475
2016-01-29 05:00:00+00:00,10.616,10.800000000000001,10.5,10.59,9001,64,10.648205000000001
2016-02-01 05:00:00+00:00,10.59,10.6509,10.25,10.25,10739,66,10.356807999999999
2016-02-02 05:00:00+00:00,10.539899999999999,10.539899999999999,10.4,10.4,2823,19,10.485543
2016-02-03 05:00:00+00:00,10.4,10.4,10,10.16,4002,30,10.213542
2016-02-04 05:00:00+00:00,10.32,10.4,10.01,10.25,68298,65,10.111660000000001
2016-02-05 05:00:00+00:00,10.109999999999999,10.279999999999999,10,10.029999999999999,3820,18,10.075143000000001
2016-02-08 05:00:00+00:00,10.050000000000001,10.1,9.7400000000000002,9.9299999999999997,10790,80,9.8613210000000002
2016-02-09 05:00:00+00:00,10.029999999999999,10.08,9.9000000000000004,10.074999999999999,18757,87,10.021095000000001
2016-02-10 05:00:00+00:00,10.1104,10.1104,9.9600000000000009,10.086,2658,15,10.019277000000001
2016-02-11 05:00:00+00:00,10.025,10.08,9.9499999999999993,10,2789,20,9.9842689999999994
2016-02-12 05:00:00+00:00,9.9700000000000006,10.550000000000001,9.9700000000000006,10.17,8937,72,10.009539
2016-02-16 05:00:00+00:00,10,10.31,10,10.31,4032,37,10.107849
2016-02-17 05:00:00+00:00,10.140000000000001,10.35,10.06,10.3399,10427,77,10.230278999999999
2016-02-18 05:00:00+00:00,10.02,10.300000000000001,10,10.300000000000001,2969,24,10.095703
2016-02-19 05:00:00+00:00,10.300000000000001,10.460000000000001,10.25,10.31,2194,22,10.327468
2016-02-22 05:00:00+00:00,10.210000000000001,10.324199999999999,10.210000000000001,10.31,1396,5,10.250289
2016-02-23 05:00:00+00:00,10.25,10.43,10.210000000000001,10.300000000000001,2262,24,10.272821
2016-02-24 05:00:00+00:00,10.449999999999999,10.449999999999999,10.029999999999999,10.289999999999999,10152,79,10.20458
2016-02-25 05:00:00+00:00,10.029999999999999,10.25,10.029999999999999,10.25,3555,33,10.081535000000001
2016-02-26 05:00:00+00:00,10.23,10.449999999999999,10.23,10.449999999999999,4110,46,10.292417
2016-02-29 05:00:00+00:00,10.100099999999999,10.449999999999999,10.1,10.16,3679,29,10.23363
2016-03-01 05:00:00+00:00,10.42,10.42,10.199999999999999,10.247400000000001,3890,29,10.264519
2016-03-02 05:00:00+00:00,10.210000000000001,10.449999999999999,10.210000000000001,10.449999999999999,2070,15,10.371594
2016-03-03 05:00:00+00:00,10.279999999999999,10.404999999999999,10.15,10.16,4895,35,10.239943
2016-03-04 05:00:00+00:00,10.16,10.397600000000001,10.15,10.17,3805,15,10.211337
2016-03-07 05:00:00+00:00,10.109999999999999,10.17,10,10,3520,24,10.075537000000001
2016-03-08 05:00:00+00:00,10.050000000000001,10.08,9.9070999999999998,10.08,4893,37,10.009909
2016-03-09 05:00:00+00:00,10.050000000000001,10.140000000000001,10,10.08,2520,14,10.038534
2016-03-10 05:00:00+00:00,10.07,10.17,9.9299999999999997,10.01,6588,59,10.037364999999999
2016-03-11 05:00:00+00:00,10.050000000000001,10.199999999999999,10.002000000000001,10.1,4950,34,10.067831999999999
2016-03-14 04:00:00+00:00,10.1,10.289999999999999,10.1,10.289999999999999,2176,20,10.147
2016-03-15 04:00:00+00:00,10.289999999999999,10.289999999999999,10.289999999999999,10.289999999999999,0,0,0
2016-03-16 04:00:00+00:00,10.289999999999999,10.289999999999999,10.289999999999999,10.289999999999999,0,0,0
2016-03-17 04:00:00+00:00,10.300000000000001,10.32,10.268700000000001,10.32,6906,24,10.295472999999999
2016-03-18 04:00:00+00:00,10.17,10.550000000000001,10.17,10.550000000000001,1708,12,10.367652
2016-03-21 04:00:00+00:00,10.380000000000001,10.380000000000001,10.1052,10.34,2217,21,10.257663000000001
2016-03-22 04:00:00+00:00,10.414999999999999,10.414999999999999,10.414999999999999,10.414999999999999,144,4,10.414999999999999
2016-03-23 04:00:00+00:00,10.369999999999999,10.369999999999999,10.33,10.369999999999999,4279,25,10.358145
2016-03-24 04:00:00+00:00,10.75,10.779999999999999,10.75,10.779999999999999,2814,7,10.752196
2016-03-28 04:00:00+00:00,10.5046,10.539999999999999,10.199999999999999,10.199999999999999,4858,31,10.387167
2016-03-29 04:00:00+00:00,10.5,11,10.279999999999999,11,2580,14,10.509233
2016-03-30 04:00:00+00:00,10.640000000000001,10.9,10.630000000000001,10.6595,1722,10,10.657667999999999
2016-03-31 04:00:00+00:00,10.6783,10.800000000000001,10.300000000000001,10.31,2324,21,10.521182
2016-04-01 04:00:00+00:00,10.5,10.5,10.27,10.27,1211,10,10.431540999999999
2016-04-04 04:00:00+00:00,10.289999999999999,10.380000000000001,10.27,10.380000000000001,567,8,10.307980000000001
2016-04-05 04:00:00+00:00,10.41,10.41,10.27,10.27,270,6,10.340693
2016-04-06 04:00:00+00:00,10.27,10.27,10.27,10.27,0,0,0
2016-04-07 04:00:00+00:00,10.24,10.289999999999999,10.199999999999999,10.210000000000001,891,12,10.232856999999999
2016-04-08 04:00:00+00:00,10.279999999999999,10.279999999999999,10.15,10.24,4950,31,10.204364
2016-04-11 04:00:00+00:00,10.24,10.24,10.24,10.24,0,0,0
2016-04-12 04:00:00+00:00,10.15,10.153,10.15,10.153,524,8,10.1515
2016-04-13 04:00:00+00:00,10.25,10.300000000000001,10.25,10.25,6534,21,10.270543
2016-04-14 04:00:00+00:00,10.289899999999999,10.35,10.289899999999999,10.31,3847,32,10.309533999999999
2016-04-15 04:00:00+00:00,10.199999999999999,10.199999999999999,10.199999999999999,10.199999999999999,630,3,10.199999999999999
2016-04-18 04:00:00+00:00,10.49,10.5,10.25,10.25,2002,22,10.427503
2016-04-19 04:00:00+00:00,10.25,10.25,10.25,10.25,0,0,0
2016-04-20 04:00:00+00:00,10.481,10.5,10.481,10.5,1757,14,10.493205
2016-04-21 04:00:00+00:00,10.83,10.9999,10.746,10.85,3459,19,10.929145999999999
2016-04-22 04:00:00+00:00,10.75,11,10.5512,10.630000000000001,4295,25,10.71805
2016-04-25 04:00:00+00:00,10.75,10.75,10.27,10.300000000000001,6818,52,10.474686
2016-04-26 04:00:00+00:00,10.33,10.74,10.33,10.550000000000001,1487,14,10.461600000000001
2016-04-27 04:00:00+00:00,10.550000000000001,11.109999999999999,10.550000000000001,10.75,2650,13,10.660142
2016-04-28 04:00:00+00:00,10.76,10.8001,10.76,10.76,2300,18,10.764685999999999
2016-04-29 04:00:00+00:00,10.59,10.74,10.26,10.73,3658,33,10.449168999999999
2016-05-02 04:00:00+00:00,10.5,10.68,10.4999,10.5,4211,22,10.527682
2016-05-03 04:00:00+00:00,10.5,10.67,10.289999999999999,10.67,1782,16,10.540031000000001
2016-05-04 04:00:00+00:00,10.6685,10.669,10.654,10.654,496,6,10.664864
2016-05-05 04:00:00+00:00,10.654,10.654,10.654,10.654,0,0,0
2016-05-06 04:00:00+00:00,10.6699,10.6699,10.6699,10.6699,2000,1,10.6699
2016-05-09 04:00:00+00:00,10.67,10.67,10.5,10.5001,5321,15,10.524215
2016-05-10 04:00:00+00:00,10.550000000000001,10.630000000000001,10.5,10.5,5100,18,10.50531
2016-05-11 04:00:00+00:00,10.5,10.5,10.5,10.5,0,0,0
2016-05-12 04:00:00+00:00,10.534599999999999,10.579000000000001,10.5,10.5,2452,12,10.517134
2016-05-13 04:00:00+00:00,10.58,10.58,10.5,10.5,4702,8,10.510213
2016-05-16 04:00:00+00:00,10.5,10.59,10.449999999999999,10.51,7665,24,10.487633000000001
2016-05-17 04:00:00+00:00,10.5,10.58,10.5,10.51,1096,8,10.516579
2016-05-18 04:00:00+00:00,10.59,10.69,10.550000000000001,10.66,4000,26,10.635811
2016-05-19 04:00:00+00:00,10.651300000000001,10.66,10.6495,10.6495,2080,8,10.653841999999999
2016-05-20 04:00:00+00:00,10.74,11,10.6,10.789999999999999,7782,14,10.698429000000001
2016-05-23 04:00:00+00:00,10.59,10.75,10.59,10.75,7997,21,10.610974000000001
2016-05-24 04:00:00+00:00,10.66,10.6622,10.66,10.66,7065,15,10.660062999999999
2016-05-25 04:00:00+00:00,10.800000000000001,11.01,10.800000000000001,11.005000000000001,3256,10,10.835931
2016-05-26 04:00:00+00:00,10.83,11.1899,10.7258,10.99,15113,36,10.903603
2016-05-27 04:00:00+00:00,11.02,11.25,10.99,11.23,7755,75,11.067297
2016-05-31 04:00:00+00:00,11.119999999999999,11.26,10.9,10.94,16483,93,10.958758
2016-06-01 04:00:00+00:00,10.931699999999999,11.15,10.9,10.92,2652,33,10.958733000000001
2016-06-02 04:00:00+00:00,10.91,10.9543,10.9,10.93,2305,22,10.920401
2016-06-03 04:00:00+00:00,10.869999999999999,11.15,10.75,10.800000000000001,11575,37,10.818951999999999
2016-06-06 04:00:00+00:00,10.74,10.9,10.74,10.81,7978,78,10.839477
2016-06-07 04:00:00+00:00,10.98,11.18,10.92,11.050000000000001,4228,39,11.038611
2016-06-08 04:00:00+00:00,10.917999999999999,11.140000000000001,10.859999999999999,11.06,8090,24,10.976452999999999
2016-06-09 04:00:00+00:00,11.06,11.06,11.06,11.06,0,0,0
2016-06-10 04:00:00+00:00,11.06,11.17,11.06,11.08,563,6,11.09
2016-06-13 04:00:00+00:00,11.06,11.06,10.85,10.85,3361,21,10.914103000000001
2016-06-14 04:00:00+00:00,10.85,10.85,10.85,10.85,0,0,0
2016-06-15 04:00:00+00:00,10.99,10.999499999999999,10.859999999999999,10.859999999999999,1212,5,10.882458
2016-06-16 04:00:00+00:00,10.859999999999999,10.859999999999999,10.859999999999999,10.859999999999999,0,0,0
2016-06-17 04:00:00+00:00,10.98,10.98,10.98,10.98,520,2,10.98
2016-06-20 04:00:00+00:00,10.99,11,10.630000000000001,10.77,18063,172,10.795019
2016-06-21 04:00:00+00:00,10.77,10.77,10.77,10.77,0,0,0
2016-06-22 04:00:00+00:00,10.8666,10.945,10.85,10.85,13330,25,10.857339
2016-06-23 04:00:00+00:00,10.986000000000001,10.986000000000001,10.76,10.76,2031,9,10.875213
2016-06-24 04:00:00+00:00,10.84,10.84,10.77,10.77,4602,30,10.815687
2016-06-27 04:00:00+00:00,10.720000000000001,10.94,10.68,10.94,3223,20,10.732049999999999
2016-06-28 04:00:00+00:00,10.94,10.94,10.94,10.94,0,0,0
2016-06-29 04:00:00+00:00,10.630000000000001,10.99,10.630000000000001,10.83,10636,53,10.786098000000001
2016-06-30 04:00:00+00:00,11.050000000000001,11.050000000000001,10.869999999999999,10.869999999999999,2269,17,10.950332
2016-07-01 04:00:00+00:00,10.699999999999999,11.0199,10.699999999999999,10.82,1815,9,10.943882
2016-07-05 04:00:00+00:00,10.960000000000001,10.960000000000001,10.960000000000001,10.960000000000001,400,2,10.960000000000001
2016-07-06 04:00:00+00:00,10.960000000000001,10.960000000000001,10.960000000000001,10.960000000000001,0,0,0
2016-07-07 04:00:00+00:00,10.960000000000001,10.960000000000001,10.960000000000001,10.960000000000001,0,0,0
2016-07-08 04:00:00+00:00,10.77,10.869899999999999,10.69,10.69,3264,18,10.825832
2016-07-11 04:00:00+00:00,10.640000000000001,10.970000000000001,10.640000000000001,10.82,10573,27,10.74076
2016-07-12 04:00:00+00:00,10.848800000000001,10.85,10.640000000000001,10.789899999999999,24287,83,10.810696
2016-07-13 04:00:00+00:00,10.756600000000001,10.7599,10.756600000000001,10.7599,200,2,10.75825
2016-07-14 04:00:00+00:00,10.6999,11.15,10.6999,10.76,20304,68,10.866065000000001
2016-07-15 04:00:00+00:00,10.890000000000001,10.890000000000001,10.800000000000001,10.85,2016,15,10.854252000000001
2016-07-18 04:00:00+00:00,11.099,11.099,10.9,10.91,1470,7,11.053846
2016-07-19 04:00:00+00:00,10.91,10.91,10.91,10.91,0,0,0
2016-07-20 04:00:00+00:00,10.838100000000001,10.91,10.8368,10.91,2315,12,10.874243999999999
2016-07-21 04:00:00+00:00,10.94,11.01,10.85,11.01,1757,12,10.950312
2016-07-22 04:00:00+00:00,11.140000000000001,11.3413,11.07,11.32,12750,56,11.184062000000001
2016-07-25 04:00:00+00:00,11.32,11.32,11.32,11.32,0,0,0
2016-07-26 04:00:00+00:00,11.433199999999999,11.6,11.3901,11.43,12915,28,11.439446
2016-07-27 04:00:00+00:00,11.300000000000001,11.404999999999999,11.199999999999999,11.300000000000001,4205,38,11.322044
2016-07-28 04:00:00+00:00,11.3629,11.3629,11.3629,11.3629,311,4,11.3629
2016-07-29 04:00:00+00:00,11.44,11.44,11.25,11.25,1156,10,11.325763999999999
2016-08-01 04:00:00+00:00,11.199999999999999,11.460000000000001,11.199999999999999,11.33,5050,32,11.301875000000001
2016-08-02 04:00:00+00:00,11.489000000000001,11.59,11.300000000000001,11.380000000000001,9329,41,11.456158
2016-08-03 04:00:00+00:00,11.35,11.538,11.35,11.5,2017,12,11.508711999999999
2016-08-04 04:00:00+00:00,11.520099999999999,11.870799999999999,11.449999999999999,11.5,7768,26,11.563563
2016-08-05 04:00:00+00:00,11.630000000000001,11.648999999999999,11.449999999999999,11.59,7850,38,11.561128
2016-08-08 04:00:00+00:00,11.59,11.59,11.59,11.59,0,0,0
2016-08-09 04:00:00+00:00,11.4802,11.4802,11.4802,11.4802,226,3,11.4802
2016-08-10 04:00:00+00:00,11.4802,11.4802,11.4802,11.4802,0,0,0
2016-08-11 04:00:00+00:00,11.4802,11.4802,11.4802,11.4802,0,0,0
2016-08-12 04:00:00+00:00,11.359999999999999,11.550000000000001,11.359999999999999,11.550000000000001,300,3,11.423333
2016-08-15 04:00:00+00:00,11.359999999999999,11.550000000000001,11.359999999999999,11.49,11392,48,11.50562
2016-08-16 04:00:00+00:00,11.3896,11.560700000000001,11.3896,11.5,3834,21,11.484003
2016-08-17 04:00:00+00:00,11.612,11.612,11.612,11.612,110,1,11.612
2016-08-18 04:00:00+00:00,11.4122,11.43,11.35,11.41,18522,49,11.407657
2016-08-19 04:00:00+00:00,11.4,11.4,11.4,11.4,1850,5,11.4
2016-08-22 04:00:00+00:00,11.35,11.35,11.35,11.35,343,1,11.35
2016-08-23 04:00:00+00:00,11.4,11.4,11.390000000000001,11.390000000000001,939,8,11.393750000000001
2016-08-24 04:00:00+00:00,11.484,11.484,11.365,11.390000000000001,1958,14,11.452757
2016-08-25 04:00:00+00:00,11.389900000000001,11.4899,11.389900000000001,11.41,10061,30,11.429406
2016-08-26 04:00:00+00:00,11.5,12,11.5,12,8719,59,11.696299
2016-08-29 04:00:00+00:00,12,12.01,12,12.01,4846,9,12.000216999999999
2016-08-30 04:00:00+00:00,12.15,12.8988,12.15,12.19,10190,56,12.373968
2016-08-31 04:00:00+00:00,12.34,13.039999999999999,12.34,12.4999,7165,41,12.585433999999999
2016-09-01 04:00:00+00:00,12.3101,12.492000000000001,12.31,12.33,5630,32,12.356957
2016-09-02 04:00:00+00:00,12.49,12.56,12.31,12.31,8043,51,12.464358000000001
2016-09-06 04:00:00+00:00,12.34,12.5,12.32,12.32,4348,31,12.433301999999999
2016-09-07 04:00:00+00:00,12.44,12.44,12.41,12.41,3404,18,12.415521
2016-09-08 04:00:00+00:00,12.33,12.4213,12.31,12.4,1266,10,12.379058000000001
2016-09-09 04:00:00+00:00,12.42,12.4366,12.07,12.337,10290,59,12.325920999999999
2016-09-12 04:00:00+00:00,12.300000000000001,12.300000000000001,12.1,12.1,5735,35,12.214883
2016-09-13 04:00:00+00:00,12.109999999999999,12.300000000000001,12.109999999999999,12.199999999999999,4993,40,12.20295
2016-09-14 04:00:00+00:00,12.130000000000001,12.23,12.130000000000001,12.23,2438,17,12.207572000000001
2016-09-15 04:00:00+00:00,12.15,12.250299999999999,12.15,12.25,820,8,12.237613
2016-09-16 04:00:00+00:00,12.209099999999999,12.77,12.199999999999999,12.77,4832,33,12.505141
2016-09-19 04:00:00+00:00,12.619999999999999,12.619999999999999,12.49,12.530099999999999,4316,22,12.517281000000001
2016-09-20 04:00:00+00:00,12.529999999999999,12.529999999999999,12.210000000000001,12.210000000000001,3933,52,12.409278
2016-09-21 04:00:00+00:00,12.35,12.52,12.26,12.31,8235,82,12.439678000000001
2016-09-22 04:00:00+00:00,12.458,12.49,12.199999999999999,12.199999999999999,10215,41,12.352453000000001
2016-09-23 04:00:00+00:00,12.23,12.665800000000001,12.23,12.6,8058,33,12.539668000000001
2016-09-26 04:00:00+00:00,12.48,12.799899999999999,12.48,12.799899999999999,5133,18,12.619581999999999
2016-09-27 04:00:00+00:00,12.8019,12.8019,12.699999999999999,12.700100000000001,3370,11,12.758006999999999
2016-09-28 04:00:00+00:00,12.6823,12.77,12.529999999999999,12.529999999999999,3813,22,12.667752
2016-09-29 04:00:00+00:00,12.529999999999999,12.529999999999999,12.529999999999999,12.529999999999999,0,0,0
2016-09-30 04:00:00+00:00,12.529999999999999,12.529999999999999,12.529999999999999,12.529999999999999,0,0,0
2016-10-03 04:00:00+00:00,12.83,12.849,12.725,12.725,791,12,12.8146
2016-10-04 04:00:00+00:00,12.67,12.85,12.67,12.776899999999999,2526,14,12.826202
2016-10-05 04:00:00+00:00,12.699999999999999,12.853300000000001,12.699999999999999,12.84,749,4,12.808515
2016-10-06 04:00:00+00:00,12.84,12.84,12.84,12.84,0,0,0
2016-10-07 04:00:00+00:00,12.7501,12.77,12.75,12.75,5001,13,12.751620000000001
2016-10-10 04:00:00+00:00,12.75,12.75,12.75,12.75,0,0,0
2016-10-11 04:00:00+00:00,13.000500000000001,13.000500000000001,12.59,12.59,6200,23,12.790362
2016-10-12 04:00:00+00:00,12.566000000000001,12.566000000000001,12.566000000000001,12.566000000000001,204,7,12.566000000000001
2016-10-13 04:00:00+00:00,12.460000000000001,12.563000000000001,12.449999999999999,12.5,1752,17,12.500056000000001
2016-10-14 04:00:00+00:00,12.6433,12.6433,12.6433,12.6433,206,2,12.6433
2016-10-17 04:00:00+00:00,12.7126,12.7126,12.66,12.69,1926,18,12.693205000000001
2016-10-18 04:00:00+00:00,12.749000000000001,12.75,12.5,12.52,2052,12,12.593947
2016-10-19 04:00:00+00:00,12.5,12.5,12.35,12.449999999999999,3798,20,12.416876999999999
2016-10-20 04:00:00+00:00,12.449999999999999,12.449999999999999,12.449999999999999,12.449999999999999,0,0,0
2016-10-21 04:00:00+00:00,12.69,13,12.6861,12.715,7415,17,12.843116
2016-10-24 04:00:00+00:00,12.9452,12.9452,12.269399999999999,12.5,2968,25,12.592074999999999
2016-10-25 04:00:00+00:00,12.794,12.794,12.26,12.4,5129,25,12.484183
2016-10-26 04:00:00+00:00,12.449999999999999,13.25,12.449999999999999,12.75,38337,163,12.72326
2016-10-27 04:00:00+00:00,12.869999999999999,13.25,12.699999999999999,12.9,54866,292,13.036648
2016-10-28 04:00:00+00:00,12.609999999999999,12.609999999999999,12.609999999999999,12.609999999999999,1500,1,12.609999999999999
2016-10-31 04:00:00+00:00,12.699999999999999,12.77,12.5001,12.77,5063,42,12.708639
2016-11-01 04:00:00+00:00,12.77,12.970000000000001,12.77,12.81,4692,31,12.804188
2016-11-02 04:00:00+00:00,12.5,12.5457,12.5,12.5,866,8,12.509447
2016-11-03 04:00:00+00:00,12.5,12.5,12.5,12.5,0,0,0
2016-11-04 04:00:00+00:00,12.75,12.75,12.5,12.5,2573,24,12.600046000000001
2016-11-07 05:00:00+00:00,12.6,12.74,12.599,12.710000000000001,3235,33,12.663045
2016-11-08 05:00:00+00:00,12.52,12.630000000000001,12.52,12.630000000000001,11889,22,12.564120000000001
2016-11-09 05:00:00+00:00,12.672000000000001,12.799899999999999,12.672000000000001,12.789899999999999,8789,34,12.757265
2016-11-10 05:00:00+00:00,12.7798,12.800000000000001,12.65,12.789999999999999,5897,29,12.707387000000001
2016-11-11 05:00:00+00:00,12.773,13.099,12.773,12.949999999999999,2694,13,12.971749000000001
2016-11-14 05:00:00+00:00,13.1,13.210000000000001,13.061500000000001,13.199999999999999,5342,23,13.139536
2016-11-15 05:00:00+00:00,13.26,13.311299999999999,13.220000000000001,13.23,2530,19,13.267442000000001
2016-11-16 05:00:00+00:00,13.4,14.699999999999999,13.4,14.02,9276,53,13.964085000000001
2016-11-17 05:00:00+00:00,13.98,14,13.98,13.99,7862,40,13.993672999999999
2016-11-18 05:00:00+00:00,14,14.199999999999999,14,14.130000000000001,17130,98,14.039075
2016-11-21 05:00:00+00:00,14.1,14.624599999999999,14.09,14.3264,7586,35,14.366954
2016-11-22 05:00:00+00:00,14.449999999999999,14.774699999999999,14.390000000000001,14.774699999999999,2864,22,14.458966
2016-11-23 05:00:00+00:00,14.52,14.800000000000001,14.02,14.525,4551,23,14.511927999999999
2016-11-25 05:00:00+00:00,14.699999999999999,14.99,14.699999999999999,14.99,2642,35,14.883581
2016-11-28 05:00:00+00:00,14.68,14.744999999999999,14.23,14.279999999999999,6898,50,14.595554
2016-11-29 05:00:00+00:00,14.166,14.26,14,14.25,10293,61,14.103842999999999
2016-11-30 05:00:00+00:00,14,14.470000000000001,13.91,14.15,4728,40,14.123404000000001
2016-12-01 05:00:00+00:00,14.5091,14.5091,14.109999999999999,14.130000000000001,2990,30,14.211107999999999
2016-12-02 05:00:00+00:00,13.960000000000001,14.19,13.92,13.93,4008,26,13.982426
2016-12-05 05:00:00+00:00,14.65,14.75,14,14.74,13378,124,14.687298999999999
2016-12-06 05:00:00+00:00,14.74,16.690000000000001,14.609999999999999,16,72831,243,15.549471
2016-12-07 05:00:00+00:00,15.710000000000001,16,15.710000000000001,16,17278,90,15.851607
2016-12-08 05:00:00+00:00,15.949999999999999,15.949999999999999,15.619999999999999,15.630000000000001,11863,63,15.785762
2016-12-09 05:00:00+00:00,15.59,15.76,15.07,15.1,8578,80,15.462431
2016-12-12 05:00:00+00:00,15.1,15.210000000000001,14.31,15.18,11160,93,14.852421
2016-12-13 05:00:00+00:00,14.949999999999999,15.699999999999999,14.76,15.539999999999999,11859,83,15.087959
2016-12-14 05:00:00+00:00,15.109999999999999,15.699999999999999,15.0336,15.69,8320,52,15.385490000000001
2016-12-15 05:00:00+00:00,15.4,15.699999999999999,14.779999999999999,15.300000000000001,13603,95,15.311546
2016-12-16 05:00:00+00:00,15.382199999999999,15.382199999999999,15.02,15.210000000000001,131437,74,15.208869999999999
2016-12-19 05:00:00+00:00,15.5,15.9992,15.380000000000001,15.9,11334,34,15.59357
2016-12-20 05:00:00+00:00,15.880000000000001,17.555,15.880000000000001,16.84,17185,73,16.380351000000001
2016-12-21 05:00:00+00:00,17.170000000000002,18.440000000000001,16.399999999999999,16.98,49656,240,17.440052999999999
2016-12-22 05:00:00+00:00,17,17,16.098500000000001,16.579999999999998,4870,46,16.474529
2016-12-23 05:00:00+00:00,16.308800000000002,16.579999999999998,16.308800000000002,16.579999999999998,1220,13,16.462980999999999
2016-12-27 05:00:00+00:00,16.579999999999998,16.579999999999998,15.4,15.91,29378,218,15.952018000000001
2016-12-28 05:00:00+00:00,15.449999999999999,15.885,15.2005,15.550000000000001,8358,73,15.361883000000001
2016-12-29 05:00:00+00:00,15.3971,15.779999999999999,15.3971,15.779999999999999,1869,18,15.618468999999999
2016-12-30 05:00:00+00:00,16.030000000000001,16.23,15.800000000000001,16.050000000000001,5616,39,16.063051000000002
2017-01-03 05:00:00+00:00,15.99,16.129000000000001,15.85,15.93,5297,31,15.907511
2017-01-04 05:00:00+00:00,15.800000000000001,15.869999999999999,14.690099999999999,15.289999999999999,7007,58,15.272201000000001
2017-01-05 05:00:00+00:00,15.77,16,15.640000000000001,15.640000000000001,2525,21,15.744123999999999
2017-01-06 05:00:00+00:00,15.65,16,14.44,15.640000000000001,17171,115,15.221640000000001
2017-01-09 05:00:00+00:00,15.35,15.66,15.199999999999999,15.51,16676,82,15.333080000000001
2017-01-10 05:00:00+00:00,15.9656,15.970000000000001,15.719900000000001,15.970000000000001,644,5,15.870946999999999
2017-01-11 05:00:00+00:00,15.31,15.949999999999999,15.31,15.949999999999999,2760,27,15.581042
2017-01-12 05:00:00+00:00,15.8391,15.8391,15.65,15.69,1878,18,15.738782
2017-01-13 05:00:00+00:00,15.699999999999999,15.9,15.69,15.9,1380,6,15.760464000000001
2017-01-17 05:00:00+00:00,15.7501,15.984999999999999,15.75,15.949999999999999,7750,69,15.839195999999999
2017-01-18 05:00:00+00:00,15.81,15.81,14.59,14.75,66575,314,14.912352
2017-01-19 05:00:00+00:00,14.75,15.889900000000001,14.75,14.949999999999999,12609,97,15.064126999999999
2017-01-20 05:00:00+00:00,15.34,16.489999999999998,15.34,16.489999999999998,36219,259,15.815148000000001
2017-01-23 05:00:00+00:00,16.010000000000002,16.754999999999999,16.010000000000002,16.199999999999999,10898,71,16.397407999999999
2017-01-24 05:00:00+00:00,16.289999999999999,17.934999999999999,16.289999999999999,17.300000000000001,26251,179,17.064364000000001
2017-01-25 05:00:00+00:00,17.411999999999999,17.649999999999999,16.989999999999998,17.599900000000002,21362,127,17.437923000000001
2017-01-26 05:00:00+00:00,17.84,17.888200000000001,17.040299999999998,17.510000000000002,7798,44,17.6326
2017-01-27 05:00:00+00:00,17.699999999999999,17.699999999999999,17.3782,17.550000000000001,4662,33,17.637129000000002
2017-01-30 05:00:00+00:00,17.57,17.675000000000001,17.484999999999999,17.629999999999999,4027,57,17.587593999999999
2017-01-31 05:00:00+00:00,17.600999999999999,17.98,17.600999999999999,17.75,7994,63,17.793935000000001
2017-02-01 05:00:00+00:00,17.7363,17.940000000000001,17.719999999999999,17.940000000000001,6162,35,17.781666000000001
2017-02-02 05:00:00+00:00,17.940000000000001,18.48,17.699999999999999,18.07,31118,139,17.974717999999999
2017-02-03 05:00:00+00:00,18.010000000000002,18.980399999999999,18.010000000000002,18.84,21197,125,18.687778000000002
2017-02-06 05:00:00+00:00,18.93,20.75,18.07,18.199999999999999,16713,109,19.178201999999999
2017-02-07 05:00:00+00:00,18.350000000000001,18.350000000000001,17.649999999999999,17.960000000000001,9797,101,18.023537000000001
2017-02-08 05:00:00+00:00,17.949999999999999,18.603200000000001,17.949999999999999,18.603200000000001,28142,98,18.161165
2017-02-09 05:00:00+00:00,18.59,18.870000000000001,18.350000000000001,18.739999999999998,9081,86,18.646024000000001
2017-02-10 05:00:00+00:00,18.780000000000001,18.962900000000001,18.510300000000001,18.739999999999998,3882,46,18.752490999999999
2017-02-13 05:00:00+00:00,18.920000000000002,18.9618,17.75,17.832999999999998,5839,52,18.502105
2017-02-14 05:00:00+00:00,17.699999999999999,18.440000000000001,17.699999999999999,18.059999999999999,6381,51,17.898817000000001
2017-02-15 05:00:00+00:00,18.48,18.48,17.850000000000001,17.850000000000001,5196,58,18.134732
2017-02-16 05:00:00+00:00,17.82,18.489899999999999,17.82,18.48,4286,31,18.299958
2017-02-17 05:00:00+00:00,18.149999999999999,18.399999999999999,18.149999999999999,18.300000000000001,1423,18,18.227392999999999
2017-02-21 05:00:00+00:00,18.449999999999999,18.498999999999999,18.228999999999999,18.300000000000001,7372,48,18.362836000000001
2017-02-22 05:00:00+00:00,18.350000000000001,18.469999999999999,18.065100000000001,18.399999999999999,1755,24,18.359449000000001
2017-02-23 05:00:00+00:00,18.411999999999999,18.411999999999999,18.396000000000001,18.396000000000001,799,14,18.401333000000001
2017-02-24 05:00:00+00:00,18.109999999999999,18.460999999999999,18,18.010000000000002,7104,92,18.340464000000001
2017-02-27 05:00:00+00:00,18.25,18.350000000000001,18.099900000000002,18.350000000000001,2972,26,18.229381
2017-02-28 05:00:00+00:00,18.27,18.32,17.899899999999999,17.949999999999999,6116,51,18.011873000000001
2017-03-01 05:00:00+00:00,18.239999999999998,18.239999999999998,17.960000000000001,18,10301,40,18.042041999999999
2017-03-02 05:00:00+00:00,17.91,17.984999999999999,17.75,17.984999999999999,3056,33,17.872059
2017-03-03 05:00:00+00:00,17.874500000000001,18.190000000000001,17.874500000000001,18.120000000000001,18548,78,18.027643000000001
2017-03-06 05:00:00+00:00,18.120000000000001,18.120000000000001,17.940000000000001,17.98,8957,25,18.057912999999999
2017-03-07 05:00:00+00:00,18.100000000000001,18.100000000000001,18.022500000000001,18.022500000000001,1383,28,18.059248
2017-03-08 05:00:00+00:00,18.02,18.02,17.916899999999998,17.916899999999998,628,7,17.970790999999998
2017-03-09 05:00:00+00:00,17.800000000000001,17.960999999999999,17.75,17.800000000000001,7003,46,17.818304999999999
2017-03-10 05:00:00+00:00,17.850000000000001,17.962399999999999,17.68,17.68,3063,26,17.761078999999999
2017-03-13 04:00:00+00:00,17.719999999999999,17.719999999999999,17.710000000000001,17.710000000000001,517,15,17.716667000000001
2017-03-14 04:00:00+00:00,17.710000000000001,17.710000000000001,17.710000000000001,17.710000000000001,0,0,0
2017-03-15 04:00:00+00:00,17.75,17.75,17.510000000000002,17.510000000000002,2873,28,17.606392
2017-03-16 04:00:00+00:00,17.510000000000002,17.903700000000001,17.5,17.890000000000001,28211,57,17.631914999999999
2017-03-17 04:00:00+00:00,17.75,17.850000000000001,17.5,17.75,50354,84,17.714426
2017-03-20 04:00:00+00:00,17.629999999999999,17.799900000000001,17.559999999999999,17.630400000000002,5724,53,17.679807
2017-03-21 04:00:00+00:00,17.75,17.760000000000002,16.66,16.859999999999999,18965,146,17.057137999999998
2017-03-22 04:00:00+00:00,16.699999999999999,16.989899999999999,16.66,16.760000000000002,7500,49,16.752666000000001
2017-03-23 04:00:00+00:00,16.640000000000001,16.904599999999999,16.100000000000001,16.100000000000001,8809,58,16.442073000000001
2017-03-24 04:00:00+00:00,15.970000000000001,16.629999999999999,15.970000000000001,16.620000000000001,4265,47,16.164802999999999
2017-03-27 04:00:00+00:00,16.6297,16.710000000000001,16.620000000000001,16.710000000000001,3155,37,16.666625
2017-03-28 04:00:00+00:00,16.52,16.77,16.52,16.530000000000001,8773,50,16.669163999999999
2017-03-29 04:00:00+00:00,16.5,16.870000000000001,16,16.859999999999999,32102,110,16.517230999999999
2017-03-30 04:00:00+00:00,17,17.399999999999999,16.809999999999999,16.859999999999999,53869,150,16.990224000000001
2017-03-31 04:00:00+00:00,16.620000000000001,16.870000000000001,16.600000000000001,16.719999999999999,10989,55,16.743835000000001
2017-04-03 04:00:00+00:00,16.75,16.850000000000001,16.620000000000001,16.620000000000001,6601,65,16.725300000000001
2017-04-04 04:00:00+00:00,16.75,16.760000000000002,16.5,16.5,6206,52,16.646277000000001
2017-04-05 04:00:00+00:00,16.149999999999999,16.989999999999998,16.149999999999999,16.859999999999999,67669,203,16.648350000000001
2017-04-06 04:00:00+00:00,16.899999999999999,16.989999999999998,16.254000000000001,16.879999999999999,57833,285,16.749438999999999
2017-04-07 04:00:00+00:00,16.819500000000001,17,16.819500000000001,16.960000000000001,5048,52,16.948512000000001
2017-04-10 04:00:00+00:00,17.039899999999999,17.050000000000001,17,17.039999999999999,3733,39,17.036515999999999
2017-04-11 04:00:00+00:00,17,17.199999999999999,17,17.010000000000002,2305,22,17.131395999999999
2017-04-12 04:00:00+00:00,17.210000000000001,17.210000000000001,17.109999999999999,17.190000000000001,1924,5,17.197977999999999
2017-04-13 04:00:00+00:00,17.030000000000001,17.030000000000001,17.030000000000001,17.030000000000001,182,5,17.030000000000001
2017-04-17 04:00:00+00:00,17.140000000000001,17.531199999999998,17.140000000000001,17.4801,4765,39,17.3325
2017-04-18 04:00:00+00:00,17.699999999999999,17.699999999999999,17.510000000000002,17.550000000000001,1796,20,17.622153999999998
2017-04-19 04:00:00+00:00,17.709900000000001,17.709900000000001,17.649999999999999,17.649999999999999,1077,21,17.673473999999999
2017-04-20 04:00:00+00:00,17.699999999999999,17.699999999999999,17.5276,17.675000000000001,6771,31,17.623695000000001
2017-04-21 04:00:00+00:00,17.649999999999999,17.75,17.600000000000001,17.75,18763,81,17.668430000000001
2017-04-24 04:00:00+00:00,17.75,17.850000000000001,17.700099999999999,17.77,11337,76,17.766546000000002
2017-04-25 04:00:00+00:00,17.77,17.800000000000001,17.440000000000001,17.48,12461,58,17.676297000000002
2017-04-26 04:00:00+00:00,17.473400000000002,17.720099999999999,17.473400000000002,17.629999999999999,3364,26,17.632885000000002
2017-04-27 04:00:00+00:00,17.75,17.813400000000001,17.309999999999999,17.59,3538,34,17.56025
2017-04-28 04:00:00+00:00,17.579999999999998,17.640000000000001,17.23,17.299199999999999,7636,62,17.396376
2017-05-01 04:00:00+00:00,17.359999999999999,17.719999999999999,17.170000000000002,17.420000000000002,11397,88,17.426359000000001
2017-05-02 04:00:00+00:00,17.399999999999999,17.550000000000001,17.399999999999999,17.550000000000001,7182,60,17.487985999999999
2017-05-03 04:00:00+00:00,17.48,17.48,17.379999999999999,17.379999999999999,1172,14,17.402221999999998
2017-05-04 04:00:00+00:00,17.399999999999999,17.399999999999999,17.350000000000001,17.350000000000001,3237,25,17.363693999999999
2017-05-05 04:00:00+00:00,17.57,17.722899999999999,17.5,17.5,6515,35,17.576664999999998
2017-05-08 04:00:00+00:00,17.5001,17.600000000000001,17.5001,17.579999999999998,1683,16,17.563164
2017-05-09 04:00:00+00:00,17.050000000000001,17.075500000000002,17.025500000000001,17.025500000000001,819,11,17.057428999999999
2017-05-10 04:00:00+00:00,17.109999999999999,17.530000000000001,17.100000000000001,17.488,2878,23,17.297813999999999
2017-05-11 04:00:00+00:00,17.648800000000001,17.7239,17.5,17.5,2372,8,17.631181000000002
2017-05-12 04:00:00+00:00,17.2761,17.2774,17.2347,17.2774,1356,16,17.257735
2017-05-15 04:00:00+00:00,17.100000000000001,17.313800000000001,17.039999999999999,17.280000000000001,4289,20,17.169395000000002
2017-05-16 04:00:00+00:00,17.420000000000002,17.420000000000002,17.199999999999999,17.239999999999998,2261,15,17.345552999999999
2017-05-17 04:00:00+00:00,17.23,17.23,17.039999999999999,17.188500000000001,2058,13,17.173365
2017-05-18 04:00:00+00:00,17.18,17.2056,17.18,17.2056,1646,7,17.204000000000001
2017-05-19 04:00:00+00:00,17.190000000000001,17.199999999999999,17.190000000000001,17.199999999999999,538,7,17.193332999999999
2017-05-22 04:00:00+00:00,17.25,17.390000000000001,17.109999999999999,17.109999999999999,1988,19,17.328831000000001
2017-05-23 04:00:00+00:00,17.109999999999999,17.120000000000001,17,17.084,5805,24,17.085104999999999
2017-05-24 04:00:00+00:00,17.32,17.32,17.173999999999999,17.2484,1160,6,17.221091000000001
2017-05-25 04:00:00+00:00,17.27,17.449999999999999,17.27,17.350000000000001,2866,27,17.362203999999998
2017-05-26 04:00:00+00:00,17.379999999999999,17.5,17.329999999999998,17.48,5497,49,17.431408000000001
2017-05-30 04:00:00+00:00,17.43,17.5,17.43,17.5,477,16,17.461110999999999
2017-05-31 04:00:00+00:00,17.300000000000001,17.460000000000001,17.2376,17.2376,2730,25,17.347170999999999
2017-06-01 04:00:00+00:00,17.010000000000002,17.239999999999998,17.010000000000002,17.010000000000002,5085,13,17.069389000000001
2017-06-02 04:00:00+00:00,17.219000000000001,17.219999999999999,17.16,17.18,4794,29,17.206759999999999
2017-06-05 04:00:00+00:00,17.140000000000001,17.140000000000001,16.950099999999999,16.960000000000001,4500,32,17.035747000000001
2017-06-06 04:00:00+00:00,17.155200000000001,17.1768,17,17.050000000000001,1354,22,17.048707
2017-06-07 04:00:00+00:00,17.050000000000001,17.050000000000001,16.93,16.93,5086,26,16.998242000000001
2017-06-08 04:00:00+00:00,16.850000000000001,16.899999999999999,16.77,16.899999999999999,1505,12,16.881250000000001
2017-06-09 04:00:00+00:00,16.75,17.050000000000001,16.75,17.030000000000001,11927,81,16.991060999999998
2017-06-12 04:00:00+00:00,16.973500000000001,17.050000000000001,16.75,17.030000000000001,12798,75,16.944018
2017-06-13 04:00:00+00:00,17.039999999999999,17.039999999999999,16.976800000000001,17,3587,24,17.003675000000001
2017-06-14 04:00:00+00:00,17,17.050000000000001,16.972200000000001,17.050000000000001,6987,37,17.002714000000001
2017-06-15 04:00:00+00:00,17,17.239000000000001,17,17.079999999999998,2502,24,17.080017000000002
2017-06-16 04:00:00+00:00,17.225000000000001,17.25,17.225000000000001,17.23,1328,17,17.238434000000002
2017-06-19 04:00:00+00:00,17.300599999999999,17.300599999999999,17.215,17.23,979,9,17.234832000000001
2017-06-20 04:00:00+00:00,17.135400000000001,17.219999999999999,17,17.010000000000002,2875,13,17.108982999999998
2017-06-21 04:00:00+00:00,17.059999999999999,17.199999999999999,17.059999999999999,17.199999999999999,2858,17,17.166805
2017-06-22 04:00:00+00:00,17.148700000000002,17.148700000000002,16.970199999999998,16.970199999999998,4050,17,17.036888999999999
2017-06-23 04:00:00+00:00,17,17,16.77,16.77,1718,22,16.984006000000001
2017-06-26 04:00:00+00:00,16.751000000000001,16.892800000000001,16.7501,16.7501,2154,12,16.780847000000001
2017-06-27 04:00:00+00:00,16.850000000000001,16.923200000000001,16.440000000000001,16.600000000000001,15699,37,16.792456000000001
2017-06-28 04:00:00+00:00,16.705200000000001,16.705200000000001,16.705200000000001,16.705200000000001,1379,4,16.705200000000001
2017-06-29 04:00:00+00:00,17,17.039999999999999,16.800000000000001,16.800000000000001,11397,43,17.019228999999999
2017-06-30 04:00:00+00:00,16.600000000000001,17,16.600000000000001,16.879999999999999,9131,64,16.865193000000001
2017-07-03 04:00:00+00:00,16.850000000000001,17.199999999999999,16.850000000000001,16.93,15271,41,17.027269
2017-07-05 04:00:00+00:00,16.989999999999998,17.050000000000001,16.699999999999999,16.949999999999999,5625,45,16.943247
2017-07-06 04:00:00+00:00,16.740100000000002,16.93,16.740100000000002,16.760000000000002,1439,24,16.791122000000001
2017-07-07 04:00:00+00:00,16.920000000000002,16.920000000000002,16.66,16.66,5391,30,16.831392999999998
2017-07-10 04:00:00+00:00,16.789999999999999,16.923500000000001,16.670000000000002,16.859999999999999,2056,17,16.812766
2017-07-11 04:00:00+00:00,16.809999999999999,16.859999999999999,16.73,16.73,1730,19,16.808689999999999
2017-07-12 04:00:00+00:00,16.719999999999999,16.895600000000002,16.699999999999999,16.699999999999999,2709,26,16.835545
2017-07-13 04:00:00+00:00,16.836500000000001,16.855399999999999,16.829999999999998,16.850100000000001,2724,19,16.842687000000002
2017-07-14 04:00:00+00:00,16.700099999999999,16.84,16.700099999999999,16.84,4992,7,16.819898999999999
2017-07-17 04:00:00+00:00,16.829999999999998,16.899999999999999,16.829999999999998,16.899999999999999,3301,22,16.876066999999999
2017-07-18 04:00:00+00:00,16.963999999999999,16.963999999999999,16.949999999999999,16.960000000000001,488,10,16.957732
2017-07-19 04:00:00+00:00,16.93,16.989999999999998,16.719999999999999,16.91,3134,32,16.950998999999999
2017-07-20 04:00:00+00:00,16.989999999999998,17.09,16.989999999999998,17.09,3570,23,17.012982999999998
2017-07-21 04:00:00+00:00,17.149999999999999,17.722200000000001,17.149999999999999,17.629999999999999,22085,64,17.599798
2017-07-24 04:00:00+00:00,17.43,17.640000000000001,17.43,17.620000000000001,4802,30,17.497523999999999
2017-07-25 04:00:00+00:00,17.690000000000001,17.84,17.379999999999999,17.379999999999999,4904,35,17.563036
2017-07-26 04:00:00+00:00,17.600000000000001,17.600000000000001,17.600000000000001,17.600000000000001,314,9,17.600000000000001
2017-07-27 04:00:00+00:00,17.600000000000001,17.600000000000001,17.600000000000001,17.600000000000001,0,0,0
2017-07-28 04:00:00+00:00,17.600000000000001,17.600000000000001,17.600000000000001,17.600000000000001,0,0,0
2017-07-31 04:00:00+00:00,17.420000000000002,17.66,17.289999999999999,17.289999999999999,1251,15,17.486667000000001
2017-08-01 04:00:00+00:00,17.600000000000001,17.600000000000001,17.23,17.5899,1992,13,17.549792
2017-08-02 04:00:00+00:00,17.078800000000001,17.449999999999999,17.050000000000001,17.449999999999999,2918,24,17.115549000000001
2017-08-03 04:00:00+00:00,17.32,17.32,17.25,17.25,2338,21,17.294346999999998
2017-08-04 04:00:00+00:00,17.149999999999999,17.149999999999999,17.149999999999999,17.149999999999999,290,8,17.149999999999999
2017-08-07 04:00:00+00:00,17.010000000000002,17.010000000000002,17,17,1924,14,17.007332999999999
2017-08-08 04:00:00+00:00,16.960000000000001,17.010000000000002,16.649999999999999,16.800000000000001,11652,59,16.907588000000001
2017-08-09 04:00:00+00:00,16.689,16.794,16.689,16.794,1888,9,16.703696000000001
2017-08-10 04:00:00+00:00,16.620000000000001,16.640000000000001,16.620000000000001,16.640000000000001,1112,15,16.637727000000002
2017-08-11 04:00:00+00:00,16.550000000000001,16.5501,16.550000000000001,16.5501,1624,13,16.550013
2017-08-14 04:00:00+00:00,16.515799999999999,16.559999999999999,16.515799999999999,16.52,767,3,16.542337
2017-08-15 04:00:00+00:00,16.489999999999998,16.489999999999998,16.489999999999998,16.489999999999998,401,5,16.489999999999998
2017-08-16 04:00:00+00:00,16.504799999999999,16.504799999999999,16.504799999999999,16.504799999999999,109,7,16.504799999999999
2017-08-17 04:00:00+00:00,16.511299999999999,16.511299999999999,16.5,16.5,646,8,16.508766999999999
2017-08-18 04:00:00+00:00,16.489999999999998,16.550000000000001,16.489999999999998,16.550000000000001,724,10,16.522850999999999
2017-08-21 04:00:00+00:00,16.393799999999999,16.393799999999999,16.360099999999999,16.360099999999999,1416,9,16.383621999999999
2017-08-22 04:00:00+00:00,16.370000000000001,16.539999999999999,16.359999999999999,16.359999999999999,3696,20,16.401713999999998
2017-08-23 04:00:00+00:00,16.379999999999999,16.379999999999999,16.379999999999999,16.379999999999999,150,7,16.379999999999999
2017-08-24 04:00:00+00:00,16.359999999999999,16.359999999999999,16.359999999999999,16.359999999999999,681,12,16.359999999999999
2017-08-25 04:00:00+00:00,16.550000000000001,16.550000000000001,16.25,16.52,3110,37,16.450108
2017-08-28 04:00:00+00:00,16.489999999999998,16.602,16.437200000000001,16.530000000000001,4870,57,16.527846
2017-08-29 04:00:00+00:00,16.299900000000001,16.350000000000001,16.299900000000001,16.350000000000001,1843,19,16.327950000000001
2017-08-30 04:00:00+00:00,16.309999999999999,16.52,16.309999999999999,16.41,756,11,16.390951999999999
2017-08-31 04:00:00+00:00,16.3766,16.649999999999999,16.370000000000001,16.510000000000002,4642,34,16.511990000000001
2017-09-01 04:00:00+00:00,16.649899999999999,16.649999999999999,16.649899999999999,16.649999999999999,744,10,16.649940000000001
2017-09-05 04:00:00+00:00,16.510000000000002,16.510000000000002,16.34,16.34,2410,36,16.446480000000001
2017-09-06 04:00:00+00:00,16.300000000000001,16.3001,16.120000000000001,16.23,6953,39,16.228735
2017-09-07 04:00:00+00:00,16.281600000000001,16.281600000000001,16.050000000000001,16.100000000000001,3898,35,16.122757
2017-09-08 04:00:00+00:00,16.219000000000001,16.219000000000001,16.059999999999999,16.059999999999999,2190,25,16.163516000000001
2017-09-11 04:00:00+00:00,16,17,15.609999999999999,16.969999999999999,8809,77,16.206012000000001
2017-09-12 04:00:00+00:00,16.350000000000001,16.420000000000002,16.260000000000002,16.399999999999999,2064,21,16.370721
2017-09-13 04:00:00+00:00,16.524999999999999,17.170000000000002,16.5,16.5,8410,57,16.867280999999998
2017-09-14 04:00:00+00:00,16.050000000000001,16.689900000000002,16.050000000000001,16.440000000000001,2235,22,16.409935000000001
2017-09-15 04:00:00+00:00,16.07,17,16.050000000000001,17,13104,30,16.896115000000002
2017-09-18 04:00:00+00:00,16.809999999999999,17,16.800000000000001,17,6269,69,16.936675000000001
2017-09-19 04:00:00+00:00,16.359999999999999,16.824999999999999,16.359999999999999,16.824999999999999,1021,6,16.450444999999998
2017-09-20 04:00:00+00:00,16.66,16.870000000000001,16.66,16.870000000000001,1055,12,16.766836999999999
2017-09-21 04:00:00+00:00,16.960000000000001,16.960000000000001,16.949999999999999,16.949999999999999,1668,15,16.954999999999998
2017-09-22 04:00:00+00:00,16.98,16.98,16.98,16.98,284,2,16.98
2017-09-25 04:00:00+00:00,16.758400000000002,16.989999999999998,16.75,16.879999999999999,4869,43,16.830106000000001
2017-09-26 04:00:00+00:00,16.989999999999998,16.989999999999998,16.539999999999999,16.788,8457,40,16.785499999999999
2017-09-27 04:00:00+00:00,16.859999999999999,16.859999999999999,16.75,16.800000000000001,5841,53,16.810434999999998
2017-09-28 04:00:00+00:00,16.780000000000001,17,16.780000000000001,16.890000000000001,9711,41,16.834803000000001
2017-09-29 04:00:00+00:00,16.890000000000001,17.559999999999999,16.890000000000001,17.16,8561,73,17.098417000000001
2017-10-02 04:00:00+00:00,17.16,17.199999999999999,16.920000000000002,16.936,2217,31,17.031130000000001
2017-10-03 04:00:00+00:00,16.982299999999999,16.988600000000002,16.609999999999999,16.649999999999999,3522,26,16.754062000000001
2017-10-04 04:00:00+00:00,16.620000000000001,16.629999999999999,16.600000000000001,16.600000000000001,5144,16,16.603255000000001
2017-10-05 04:00:00+00:00,17.02,17.081099999999999,17.02,17.030000000000001,5399,45,17.036178
2017-10-06 04:00:00+00:00,16.949999999999999,17.000299999999999,16.949999999999999,17.000299999999999,442,6,16.975149999999999
2017-10-09 04:00:00+00:00,16.879999999999999,17.09,16.879999999999999,16.989999999999998,8038,35,17.052665999999999
2017-10-10 04:00:00+00:00,16.879999999999999,17.100000000000001,16.879999999999999,17.079999999999998,2733,32,17.060417000000001
2017-10-11 04:00:00+00:00,17.09,17.099900000000002,17.050000000000001,17.055,1771,16,17.082293
2017-10-12 04:00:00+00:00,17.02,17.109999999999999,16.68,16.68,1905,13,16.945568000000002
2017-10-13 04:00:00+00:00,16.760000000000002,16.899999999999999,16.710000000000001,16.75,3289,46,16.809756
2017-10-16 04:00:00+00:00,16.890000000000001,16.890000000000001,16.84,16.850000000000001,701,8,16.859999999999999
2017-10-17 04:00:00+00:00,16.93,16.989999999999998,16.93,16.989999999999998,1221,20,16.973402
2017-10-18 04:00:00+00:00,16.98,17,16.9008,16.9008,2737,19,16.972261
2017-10-19 04:00:00+00:00,16.989999999999998,16.989999999999998,16.844999999999999,16.844999999999999,2222,19,16.877006999999999
2017-10-20 04:00:00+00:00,17.010000000000002,17.599,17.010000000000002,17.350000000000001,20176,117,17.260563000000001
2017-10-23 04:00:00+00:00,17.359999999999999,17.489999999999998,17.359999999999999,17.419699999999999,3256,37,17.411718
2017-10-24 04:00:00+00:00,17.43,17.588999999999999,17.390000000000001,17.399000000000001,12484,42,17.459253
2017-10-25 04:00:00+00:00,17.441400000000002,17.5,17.350000000000001,17.350000000000001,15801,85,17.441497999999999
2017-10-26 04:00:00+00:00,17.32,17.699999999999999,17.32,17.690000000000001,3562,22,17.434394999999999
2017-10-27 04:00:00+00:00,17.66,17.73,17.530000000000001,17.59,6644,56,17.668011
2017-10-30 04:00:00+00:00,17.530000000000001,17.739999999999998,17.359999999999999,17.5,39556,174,17.561247999999999
2017-10-31 04:00:00+00:00,17.539999999999999,17.629999999999999,17.5,17.600000000000001,1312,11,17.540248999999999
2017-11-01 04:00:00+00:00,17.5,17.5,17.5,17.5,599,10,17.5
2017-11-02 04:00:00+00:00,17.400400000000001,17.620000000000001,17.400400000000001,17.620000000000001,772,7,17.569896
2017-11-03 04:00:00+00:00,17.510000000000002,17.510000000000002,17.5,17.5,2311,12,17.500909
2017-11-06 05:00:00+00:00,17.4116,17.649999999999999,17.41,17.649999999999999,6244,48,17.470147000000001
2017-11-07 05:00:00+00:00,17.469999999999999,17.690000000000001,17.379999999999999,17.379999999999999,5757,37,17.574836999999999
2017-11-08 05:00:00+00:00,17.59,17.59,17.250399999999999,17.449999999999999,11035,89,17.474202999999999
2017-11-09 05:00:00+00:00,17.41,17.579999999999998,17.41,17.495000000000001,2949,30,17.493577999999999
2017-11-10 05:00:00+00:00,17.440000000000001,17.579999999999998,17.41,17.41,1787,8,17.447823
2017-11-13 05:00:00+00:00,17.339700000000001,17.399999999999999,17.339700000000001,17.379999999999999,2127,17,17.374704999999999
2017-11-14 05:00:00+00:00,17.300000000000001,17.379999999999999,17.25,17.300000000000001,4411,28,17.314986000000001
2017-11-15 05:00:00+00:00,17.260000000000002,17.264900000000001,17.171600000000002,17.199999999999999,1646,13,17.216714
2017-11-16 05:00:00+00:00,17.300000000000001,17.390000000000001,17.199999999999999,17.289999999999999,3314,24,17.264284
2017-11-17 05:00:00+00:00,17.25,17.300000000000001,17.234999999999999,17.25,6967,46,17.264983999999998
2017-11-20 05:00:00+00:00,17.311,17.311,17.207799999999999,17.207799999999999,682,4,17.263712999999999
2017-11-21 05:00:00+00:00,17.219999999999999,17.75,17.219999999999999,17.289999999999999,2833,14,17.443750000000001
2017-11-22 05:00:00+00:00,17.300000000000001,17.463799999999999,17.300000000000001,17.463799999999999,589,11,17.374777999999999
2017-11-24 05:00:00+00:00,17.620000000000001,17.699999999999999,17.579999999999998,17.649999999999999,2466,34,17.637053999999999
2017-11-27 05:00:00+00:00,17.609999999999999,17.68,17.602900000000002,17.68,971,14,17.637646
2017-11-28 05:00:00+00:00,17.52,17.75,17,17,16116,87,17.358993000000002
2017-11-29 05:00:00+00:00,17.16,17.52,17.16,17.300000000000001,12547,58,17.453500999999999
2017-11-30 05:00:00+00:00,17.629999999999999,17.718,17.399999999999999,17.41,10982,69,17.618538000000001
2017-12-01 05:00:00+00:00,17.41,17.690000000000001,17.27,17.690000000000001,5935,74,17.369443
2017-12-04 05:00:00+00:00,17.609999999999999,18.4575,17.510000000000002,17.66,14365,80,17.872931000000001
2017-12-05 05:00:00+00:00,17.699999999999999,18.190000000000001,17.100000000000001,17.100000000000001,8657,71,17.619987999999999
2017-12-06 05:00:00+00:00,17.649999999999999,18.135000000000002,17.434999999999999,17.690000000000001,4243,27,17.726872
2017-12-07 05:00:00+00:00,17.539999999999999,17.550000000000001,17.010000000000002,17.309999999999999,7134,57,17.290870000000002
2017-12-08 05:00:00+00:00,17.23,17.5,17.23,17.5,4823,31,17.431380999999998
2017-12-11 05:00:00+00:00,17.684999999999999,17.684999999999999,17.449999999999999,17.5,4009,34,17.468197
2017-12-12 05:00:00+00:00,17.41,17.719999999999999,17.280000000000001,17.715,6663,46,17.515505999999998
2017-12-13 05:00:00+00:00,17.510000000000002,17.649999999999999,17.5,17.640000000000001,13721,114,17.574000000000002
2017-12-14 05:00:00+00:00,17.57,17.989999999999998,17.5,17.885999999999999,29147,48,17.528265999999999
2017-12-15 05:00:00+00:00,17.5,17.93,17.5,17.719999999999999,27405,117,17.683693000000002
2017-12-18 05:00:00+00:00,17.989999999999998,17.989999999999998,17.739999999999998,17.75,5778,43,17.839517000000001
2017-12-19 05:00:00+00:00,17.75,18.215,17.739999999999998,17.91,29564,202,17.877127000000002
2017-12-20 05:00:00+00:00,18.100000000000001,18.411200000000001,17.850000000000001,18.140000000000001,3329,30,18.042743000000002
2017-12-21 05:00:00+00:00,17.989999999999998,18.267299999999999,17.989999999999998,18.100000000000001,3987,25,18.200831999999998
2017-12-22 05:00:00+00:00,18.170000000000002,18.390000000000001,18.100000000000001,18.390000000000001,5847,35,18.19116
2017-12-26 05:00:00+00:00,18.120000000000001,18.379999999999999,18.100000000000001,18.379999999999999,4089,32,18.276347999999999
2017-12-27 05:00:00+00:00,18.370000000000001,18.453499999999998,18.289999999999999,18.453499999999998,3737,27,18.393090000000001
2017-12-28 05:00:00+00:00,18.32,18.489999999999998,18.2897,18.43,6326,38,18.423411000000002
2017-12-29 05:00:00+00:00,18.370000000000001,18.489999999999998,18.370000000000001,18.489999999999998,2957,20,18.432297999999999
2018-01-02 05:00:00+00:00,18.449999999999999,18.449999999999999,18.27,18.27,8946,59,18.333055999999999
2018-01-03 05:00:00+00:00,18.370000000000001,18.370000000000001,17.666499999999999,18.280000000000001,6043,32,18.208829000000001
2018-01-04 05:00:00+00:00,17.678999999999998,18.600000000000001,17.678999999999998,18.59,6331,40,18.274256999999999
2018-01-05 05:00:00+00:00,18.226299999999998,19.5838,18.030000000000001,18.859999999999999,51721,344,18.790064000000001
2018-01-08 05:00:00+00:00,18.800000000000001,18.969999999999999,18.539999999999999,18.75,6234,59,18.799717000000001
2018-01-09 05:00:00+00:00,18.75,18.75,18.75,18.75,0,0,0
2018-01-10 05:00:00+00:00,18.75,18.75,18.379999999999999,18.6098,9228,63,18.565173999999999
2018-01-11 05:00:00+00:00,18.649999999999999,18.800000000000001,18.52,18.800000000000001,1940,14,18.717897000000001
2018-01-12 05:00:00+00:00,18.73,18.800000000000001,18.370000000000001,18.370000000000001,4693,14,18.573599999999999
2018-01-16 05:00:00+00:00,18.25,18.739999999999998,18.02,18.739999999999998,10731,78,18.333147
2018-01-17 05:00:00+00:00,18.739999999999998,18.739999999999998,18.739999999999998,18.739999999999998,0,0,0
2018-01-18 05:00:00+00:00,18.699999999999999,18.73,18.399899999999999,18.73,4497,33,18.533809999999999
2018-01-19 05:00:00+00:00,18.699999999999999,18.699999999999999,18.300000000000001,18.657499999999999,5388,48,18.409519
2018-01-22 05:00:00+00:00,18.66,18.7989,18.66,18.7989,358,5,18.701008999999999
2018-01-23 05:00:00+00:00,18.600000000000001,18.800000000000001,18.600000000000001,18.800000000000001,1712,15,18.72748
2018-01-24 05:00:00+00:00,18.75,18.800000000000001,18.73,18.789999999999999,3596,18,18.759671999999998
2018-01-25 05:00:00+00:00,18.739999999999998,18.800000000000001,18.731999999999999,18.789999999999999,3459,20,18.766400000000001
2018-01-26 05:00:00+00:00,18.989999999999998,19,18.52,19,9665,47,18.770797999999999
2018-01-29 05:00:00+00:00,19,19,18.149999999999999,18.284800000000001,14665,97,18.545432999999999
2018-01-30 05:00:00+00:00,18.399999999999999,18.559999999999999,17.98,17.98,4618,41,18.282958000000001
2018-01-31 05:00:00+00:00,18.890000000000001,18.890000000000001,18.890000000000001,18.890000000000001,728,14,18.890000000000001
2018-02-01 05:00:00+00:00,18.879999999999999,18.879999999999999,18.050000000000001,18.602799999999998,2884,25,18.609929999999999
2018-02-02 05:00:00+00:00,18.899999999999999,18.899999999999999,18.381599999999999,18.689900000000002,4858,43,18.554949000000001
2018-02-05 05:00:00+00:00,18.690000000000001,18.690000000000001,17.149999999999999,17.600000000000001,10272,81,17.987086999999999
2018-02-06 05:00:00+00:00,17.710000000000001,18.75,17.510000000000002,18.75,10000,68,17.986125999999999
2018-02-07 05:00:00+00:00,18.559999999999999,18.559999999999999,18.327000000000002,18.327000000000002,750,8,18.513400000000001
2018-02-08 05:00:00+00:00,18.25,18.289999999999999,17.850999999999999,17.969999999999999,15424,55,18.018903999999999
2018-02-09 05:00:00+00:00,18.050000000000001,18.449999999999999,18.050000000000001,18.350000000000001,357401,623,18.284322
2018-02-12 05:00:00+00:00,18.449999999999999,18.550000000000001,18.25,18.550000000000001,226007,391,18.431428
2018-02-13 05:00:00+00:00,18.25,18.530000000000001,18.25,18.385000000000002,12736,48,18.371369999999999
2018-02-14 05:00:00+00:00,18.5,18.52,18.25,18.300000000000001,52502,159,18.411543999999999
2018-02-15 05:00:00+00:00,18.440000000000001,18.440000000000001,18.300000000000001,18.355,5621,36,18.376359999999998
2018-02-16 05:00:00+00:00,18.48,18.48,18.25,18.27,17605,92,18.406295
2018-02-20 05:00:00+00:00,18.34,19,18.34,18.75,31034,199,18.660758999999999
2018-02-21 05:00:00+00:00,18.809999999999999,19,18.550000000000001,18.989999999999998,22616,160,18.952438000000001
2018-02-22 05:00:00+00:00,19,19.5,19,19.32,30337,208,19.221561999999999
2018-02-23 05:00:00+00:00,19.350000000000001,19.449999999999999,18.82,18.82,107715,133,18.867564000000002
2018-02-26 05:00:00+00:00,19.129999999999999,19.5,19.070699999999999,19.43,16141,143,19.352733000000001
2018-02-27 05:00:00+00:00,19.425000000000001,19.425000000000001,18.860099999999999,19.079999999999998,2496,38,19.204383
2018-02-28 05:00:00+00:00,19.350000000000001,19.350000000000001,18.449999999999999,18.539999999999999,14136,93,18.820599999999999
2018-03-01 05:00:00+00:00,18.260000000000002,18.550000000000001,18.039999999999999,18.109999999999999,27509,264,18.129683
2018-03-02 05:00:00+00:00,18.100000000000001,18.5,18.100000000000001,18.449999999999999,10586,81,18.336682
2018-03-05 05:00:00+00:00,18.260000000000002,18.6098,18.109999999999999,18.510000000000002,59371,677,18.182749000000001
2018-03-06 05:00:00+00:00,18.649999999999999,18.920000000000002,18.239999999999998,18.25,17365,138,18.613247999999999
2018-03-07 05:00:00+00:00,18.210000000000001,18.879999999999999,18.210000000000001,18.469999999999999,6412,37,18.474132000000001
2018-03-08 05:00:00+00:00,18.609999999999999,18.949999999999999,18.329999999999998,18.390000000000001,7309,61,18.465565000000002
2018-03-09 05:00:00+00:00,18.719999999999999,18.719999999999999,18.350000000000001,18.390000000000001,4966,60,18.427841999999998
2018-03-12 04:00:00+00:00,18.469999999999999,18.57,18.399999999999999,18.449999999999999,7255,65,18.424665000000001
2018-03-13 04:00:00+00:00,18.68,18.68,18.41,18.550000000000001,1690,52,18.530556000000001
2018-03-14 04:00:00+00:00,18.469999999999999,18.68,18.399999999999999,18.399999999999999,8774,65,18.491026999999999
2018-03-15 04:00:00+00:00,18.670000000000002,18.670000000000002,18.399999999999999,18.399999999999999,4790,35,18.431070999999999
2018-03-16 04:00:00+00:00,18.350000000000001,19.280000000000001,18.350000000000001,18.960000000000001,40861,278,18.717251000000001
2018-03-19 04:00:00+00:00,18.960000000000001,18.960000000000001,18.780000000000001,18.829999999999998,4776,30,18.849948999999999
2018-03-20 04:00:00+00:00,18.869299999999999,18.940000000000001,18.52,18.52,2541,21,18.693778999999999
2018-03-21 04:00:00+00:00,18.450099999999999,18.849900000000002,18.450099999999999,18.849900000000002,1977,19,18.579373
2018-03-22 04:00:00+00:00,18.5,18.960000000000001,18.450099999999999,18.960000000000001,9193,48,18.546379000000002
2018-03-23 04:00:00+00:00,18.75,18.75,18.449999999999999,18.460000000000001,6371,65,18.473552000000002
2018-03-26 04:00:00+00:00,18.449999999999999,18.890000000000001,18.449999999999999,18.539999999999999,59185,233,18.632321999999998
2018-03-27 04:00:00+00:00,18.550000000000001,18.890000000000001,18.449999999999999,18.449999999999999,56276,185,18.598589
2018-03-28 04:00:00+00:00,18.399999999999999,18.399999999999999,18.184000000000001,18.198,19617,100,18.220286999999999
2018-03-29 04:00:00+00:00,18.379999999999999,18.600000000000001,18.370000000000001,18.504999999999999,4848,64,18.507615999999999
2018-04-02 04:00:00+00:00,18.620000000000001,18.739999999999998,18.491199999999999,18.699999999999999,12071,61,18.613952999999999
2018-04-03 04:00:00+00:00,18.699999999999999,18.850000000000001,18.43,18.530000000000001,8040,56,18.706863999999999
2018-04-04 04:00:00+00:00,18.449999999999999,18.699999999999999,18.375,18.699999999999999,14466,84,18.434411999999998
2018-04-05 04:00:00+00:00,18.73,18.899999999999999,18.73,18.800000000000001,3095,25,18.789598000000002
2018-04-06 04:00:00+00:00,18.800000000000001,18.899999999999999,18.550000000000001,18.59,10754,54,18.719825
2018-04-09 04:00:00+00:00,18.59,18.670000000000002,18.399999999999999,18.460000000000001,11410,72,18.470041999999999
2018-04-10 04:00:00+00:00,18.43,18.530000000000001,18.25,18.440000000000001,9444,93,18.417225999999999
2018-04-11 04:00:00+00:00,18.48,18.66,18.399999999999999,18.399999999999999,5930,48,18.474160000000001
2018-04-12 04:00:00+00:00,18.399999999999999,18.66,18.399999999999999,18.66,4432,40,18.545276999999999
2018-04-13 04:00:00+00:00,18.66,18.706,18.400099999999998,18.401,3504,33,18.499486000000001
2018-04-16 04:00:00+00:00,18.440000000000001,18.530000000000001,18.399999999999999,18.5,4720,42,18.481748
2018-04-17 04:00:00+00:00,18.530000000000001,18.530000000000001,18.399999999999999,18.41,1598,15,18.417044000000001
2018-04-18 04:00:00+00:00,18.443000000000001,18.52,18.399999999999999,18.41,1929,17,18.423902999999999
2018-04-19 04:00:00+00:00,18.489999999999998,18.539999999999999,18.451000000000001,18.539999999999999,2875,31,18.506855000000002
2018-04-20 04:00:00+00:00,18.52,18.809999999999999,18.52,18.75,7431,46,18.718267000000001
2018-04-23 04:00:00+00:00,18.75,18.890000000000001,18.75,18.890000000000001,8430,35,18.831719
2018-04-24 04:00:00+00:00,18.899999999999999,18.899999999999999,18.780000000000001,18.780000000000001,1577,9,18.843471999999998
2018-04-25 04:00:00+00:00,18.899999999999999,18.949999999999999,18.855,18.949999999999999,3424,57,18.912510000000001
2018-04-26 04:00:00+00:00,18.98,18.98,18.91,18.91,5515,41,18.946442999999999
2018-04-27 04:00:00+00:00,18.91,18.949999999999999,18.899999999999999,18.91,4981,38,18.923477999999999
2018-04-30 04:00:00+00:00,18.899999999999999,19,18.899899999999999,18.899999999999999,27068,262,18.907907000000002
2018-05-01 04:00:00+00:00,18.989999999999998,18.989999999999998,18.899999999999999,18.93,4627,44,18.920839000000001
2018-05-02 04:00:00+00:00,18.93,18.93,18.93,18.93,0,0,0
2018-05-03 04:00:00+00:00,18.899999999999999,18.899999999999999,18.899999999999999,18.899999999999999,131,2,18.899999999999999
2018-05-04 04:00:00+00:00,18.899999999999999,18.93,18.899999999999999,18.899999999999999,2210,33,18.908000000000001
2018-05-07 04:00:00+00:00,19.09,19.09,18.899999999999999,18.989999999999998,6979,41,18.996876
2018-05-08 04:00:00+00:00,19.050000000000001,19.050000000000001,18.899999999999999,19.050000000000001,1787,148,19.034647
2018-05-09 04:00:00+00:00,19.07,19.140000000000001,18.909099999999999,19.140000000000001,2898,32,19.058028
2018-05-10 04:00:00+00:00,19.140000000000001,19.199999999999999,19.059999999999999,19.120000000000001,2229,14,19.139495
2018-05-11 04:00:00+00:00,19.120000000000001,19.120000000000001,18.57,18.579999999999998,4513,41,18.651999
2018-05-14 04:00:00+00:00,18.794499999999999,18.82,18.600000000000001,18.649999999999999,3238,41,18.688921000000001
2018-05-15 04:00:00+00:00,18.899999999999999,18.899999999999999,18.600000000000001,18.614999999999998,6052,33,18.668676000000001
2018-05-16 04:00:00+00:00,18.686699999999998,18.686699999999998,18.550000000000001,18.550000000000001,5175,37,18.587092999999999
2018-05-17 04:00:00+00:00,18.550000000000001,18.600000000000001,18.550000000000001,18.600000000000001,31890,107,18.595251000000001
2018-05-18 04:00:00+00:00,18.600000000000001,18.600000000000001,18.507000000000001,18.579999999999998,9033,94,18.560402
2018-05-21 04:00:00+00:00,18.600000000000001,18.75,18.545000000000002,18.739999999999998,16193,80,18.607802
2018-05-22 04:00:00+00:00,18.75,18.84,18.693899999999999,18.84,7938,36,18.749621999999999
2018-05-23 04:00:00+00:00,18.84,18.899999999999999,18.755400000000002,18.84,3618,37,18.845433
2018-05-24 04:00:00+00:00,18.82,18.829999999999998,18.75,18.75,3579,60,18.794218999999998
2018-05-25 04:00:00+00:00,18.75,18.800000000000001,18.48,18.800000000000001,14370,76,18.647797000000001
2018-05-29 04:00:00+00:00,18.850000000000001,18.850000000000001,18.459800000000001,18.5,11759,79,18.542517
2018-05-30 04:00:00+00:00,18.5,18.5,18.460000000000001,18.460000000000001,11999,50,18.489768999999999
2018-05-31 04:00:00+00:00,18.440000000000001,18.73,18.440000000000001,18.664999999999999,31355,79,18.515173999999998
2018-06-01 04:00:00+00:00,18.699000000000002,18.850000000000001,18.690999999999999,18.850000000000001,10847,108,18.763795999999999
2018-06-04 04:00:00+00:00,18.850000000000001,18.949999999999999,18.829000000000001,18.93,14871,80,18.878807999999999
2018-06-05 04:00:00+00:00,18.93,19.16,18.93,19.079999999999998,13027,102,18.984268
2018-06-06 04:00:00+00:00,19.120000000000001,19.300000000000001,19.120000000000001,19.25,11974,108,19.221361999999999
2018-06-07 04:00:00+00:00,19.304600000000001,19.550000000000001,19.304600000000001,19.539999999999999,6199,75,19.458459999999999
2018-06-08 04:00:00+00:00,19.440000000000001,19.84,19.440000000000001,19.699999999999999,20990,183,19.690957000000001
2018-06-11 04:00:00+00:00,19.850000000000001,19.850000000000001,19.780000000000001,19.809999999999999,4723,91,19.826851000000001
2018-06-12 04:00:00+00:00,19.8399,19.945,19.8399,19.859999999999999,5486,52,19.907083
2018-06-13 04:00:00+00:00,19.940000000000001,19.945,19.899999999999999,19.940000000000001,1038,31,19.928813999999999
2018-06-14 04:00:00+00:00,19.949999999999999,20,19.850000000000001,19.98,16344,94,19.965730000000001
2018-06-15 04:00:00+00:00,19.9923,19.9923,19.850000000000001,19.859999999999999,8864,72,19.899891
2018-06-18 04:00:00+00:00,19.969999999999999,20.015000000000001,19.850000000000001,19.850000000000001,21995,127,19.996482
2018-06-19 04:00:00+00:00,19.850000000000001,20,19.704999999999998,19.859999999999999,7986,57,19.850605999999999
2018-06-20 04:00:00+00:00,19.850000000000001,19.850000000000001,19.850000000000001,19.850000000000001,752,28,19.850000000000001
2018-06-21 04:00:00+00:00,19.859999999999999,19.969999999999999,19.850000000000001,19.850000000000001,3390,57,19.877047000000001
2018-06-22 04:00:00+00:00,20,20,19.850000000000001,19.940000000000001,3471,20,19.963602000000002
2018-06-25 04:00:00+00:00,20.350000000000001,20.350000000000001,19.850000000000001,20,15743,72,20.017803000000001
2018-06-26 04:00:00+00:00,20,20.010000000000002,19.949999999999999,20.010000000000002,18455,69,19.999504999999999
2018-06-27 04:00:00+00:00,19.949999999999999,19.949999999999999,19.949999999999999,19.949999999999999,538,17,19.949999999999999
2018-06-28 04:00:00+00:00,19.899999999999999,20.449999999999999,19.899999999999999,20.25,24193,72,20.155812999999998
2018-06-29 04:00:00+00:00,20.100000000000001,20.32,20.100000000000001,20.32,4347,29,20.146677
2018-07-02 04:00:00+00:00,20.350000000000001,20.350000000000001,20.149999999999999,20.350000000000001,2219,15,20.217106000000001
2018-07-03 04:00:00+00:00,20.350000000000001,20.350000000000001,20.350000000000001,20.350000000000001,449,9,20.350000000000001
2018-07-05 04:00:00+00:00,20.350000000000001,20.350000000000001,20.350000000000001,20.350000000000001,0,0,0
2018-07-06 04:00:00+00:00,20.390000000000001,20.390000000000001,20.18,20.25,3076,31,20.258986
2018-07-09 04:00:00+00:00,20.18,20.379999999999999,20.18,20.300000000000001,10076,25,20.208997
2018-07-10 04:00:00+00:00,20.25,20.4084,20.212,20.329999999999998,9969,23,20.263733999999999
2018-07-11 04:00:00+00:00,20.327999999999999,20.327999999999999,20.300000000000001,20.300000000000001,961,9,20.315199
2018-07-12 04:00:00+00:00,20.351199999999999,20.351199999999999,20.32,20.350000000000001,5383,13,20.349446
2018-07-13 04:00:00+00:00,20.350000000000001,20.350000000000001,20.280000000000001,20.32,6187,35,20.317988
2018-07-16 04:00:00+00:00,20.324999999999999,20.341000000000001,20.324999999999999,20.341000000000001,1305,30,20.332999999999998
2018-07-17 04:00:00+00:00,20.2637,20.2637,20.149999999999999,20.149999999999999,1950,22,20.186166
2018-07-18 04:00:00+00:00,20.149999999999999,20.289999999999999,20.149999999999999,20.149999999999999,1150,10,20.181111999999999
2018-07-19 04:00:00+00:00,20.149999999999999,20.260000000000002,20.149999999999999,20.219999999999999,3146,48,20.234027999999999
2018-07-20 04:00:00+00:00,20,20.260000000000002,20,20.260000000000002,4524,61,20.177178999999999
2018-07-23 04:00:00+00:00,20.27,20.27,20.149999999999999,20.149999999999999,3201,43,20.183202000000001
2018-07-24 04:00:00+00:00,20.149999999999999,20.265599999999999,20,20.23,12364,42,20.138072000000001
2018-07-25 04:00:00+00:00,20.02,20.239999999999998,20.02,20.050000000000001,1753,46,20.156383000000002
2018-07-26 04:00:00+00:00,20.149999999999999,20.25,20.149999999999999,20.25,9641,37,20.228669
2018-07-27 04:00:00+00:00,20.239999999999998,20.280000000000001,20.239999999999998,20.25,907,13,20.258119000000001
2018-07-30 04:00:00+00:00,19.960000000000001,20.179200000000002,19.960000000000001,19.963000000000001,3735,43,19.994734999999999
2018-07-31 04:00:00+00:00,19.800000000000001,19.890000000000001,19.800000000000001,19.800000000000001,6167,53,19.819265999999999
2018-08-01 04:00:00+00:00,19.850000000000001,19.983000000000001,19.260999999999999,19.559999999999999,2299,31,19.705832999999998
2018-08-02 04:00:00+00:00,19.809999999999999,20.07,19.809999999999999,20.07,688,11,20.025556000000002
2018-08-03 04:00:00+00:00,19.932400000000001,19.932400000000001,19.219999999999999,19.219999999999999,1484,16,19.402052000000001
2018-08-06 04:00:00+00:00,19.5,19.68,19.5,19.649999999999999,1736,22,19.618174
2018-08-07 04:00:00+00:00,19.75,19.8232,19.75,19.82,3694,23,19.804653999999999
2018-08-08 04:00:00+00:00,19.77,19.908100000000001,19.77,19.908100000000001,1262,12,19.811273
2018-08-09 04:00:00+00:00,19.9618,20.010000000000002,19.881599999999999,20,7512,19,19.986127
2018-08-10 04:00:00+00:00,19.909500000000001,20.09,19.899999999999999,19.976500000000001,4089,19,19.956572000000001
2018-08-13 04:00:00+00:00,20.120000000000001,20.120000000000001,19.800000000000001,20,23390,50,19.967393000000001
2018-08-14 04:00:00+00:00,19.882200000000001,20.190000000000001,19.882200000000001,20.190000000000001,1661,11,20.155474999999999
2018-08-15 04:00:00+00:00,20.059999999999999,20.129100000000001,19.5,19.5,15123,48,19.888359000000001
2018-08-16 04:00:00+00:00,19.5,19.5,19.5,19.5,0,0,0
2018-08-17 04:00:00+00:00,19.789999999999999,20.190000000000001,19.789999999999999,19.949999999999999,4012,27,19.921085999999999
2018-08-20 04:00:00+00:00,20.048999999999999,20.050000000000001,20.048999999999999,20.050000000000001,1775,14,20.049544999999998
2018-08-21 04:00:00+00:00,20.059999999999999,20.117799999999999,20,20.030000000000001,2537,13,20.029516999999998
2018-08-22 04:00:00+00:00,20.050000000000001,20.1858,20.050000000000001,20.1434,2764,22,20.141408999999999
2018-08-23 04:00:00+00:00,20,20.129999999999999,20,20.114999999999998,5532,51,20.017689000000001
2018-08-24 04:00:00+00:00,20.100000000000001,20.190000000000001,20,20.18,4539,45,20.079550000000001
2018-08-27 04:00:00+00:00,20.190000000000001,20.199999999999999,20.050000000000001,20.050000000000001,5111,39,20.074418000000001
2018-08-28 04:00:00+00:00,20.100000000000001,20.162800000000001,20.100000000000001,20.162800000000001,1098,13,20.129799999999999
2018-08-29 04:00:00+00:00,20.100000000000001,20.189,20.100000000000001,20.150300000000001,7265,22,20.120422000000001
2018-08-30 04:00:00+00:00,20.109999999999999,20.109999999999999,20.100000000000001,20.100000000000001,10278,11,20.100097999999999
2018-08-31 04:00:00+00:00,20.100000000000001,20.350000000000001,20.100000000000001,20.350000000000001,3209,17,20.144356999999999
2018-09-04 04:00:00+00:00,20.300000000000001,20.300000000000001,20.149999999999999,20.300000000000001,2039,25,20.196814
2018-09-05 04:00:00+00:00,20.16,20.189599999999999,20.149999999999999,20.175999999999998,2128,17,20.166466
2018-09-06 04:00:00+00:00,20.140000000000001,20.34,20.109999999999999,20.34,2723,45,20.252050000000001
2018-09-07 04:00:00+00:00,20.149999999999999,20.298999999999999,20.138000000000002,20.242599999999999,5002,15,20.168234999999999
2018-09-10 04:00:00+00:00,20.350000000000001,20.510000000000002,20.199999999999999,20.510000000000002,2382,52,20.283929000000001
2018-09-11 04:00:00+00:00,20.199999999999999,20.25,20.199999999999999,20.210000000000001,4698,21,20.204682999999999
2018-09-12 04:00:00+00:00,20.199999999999999,20.199999999999999,20.199999999999999,20.199999999999999,355,8,20.199999999999999
2018-09-13 04:00:00+00:00,20.280000000000001,20.280000000000001,20.199999999999999,20.199999999999999,15244,23,20.242467000000001
2018-09-14 04:00:00+00:00,20.25,20.359999999999999,20.239999999999998,20.239999999999998,2334,24,20.253632
2018-09-17 04:00:00+00:00,20.305,20.305,20.100000000000001,20.100000000000001,5211,27,20.195505000000001
2018-09-18 04:00:00+00:00,20.219999999999999,20.219999999999999,20.100000000000001,20.100999999999999,769,19,20.148199999999999
2018-09-19 04:00:00+00:00,20.129999999999999,20.359999999999999,20.100000000000001,20.100000000000001,2367,30,20.116648000000001
2018-09-20 04:00:00+00:00,20.149999999999999,20.23,20.149999999999999,20.190000000000001,1140,18,20.181936
2018-09-21 04:00:00+00:00,20.170000000000002,20.399999999999999,20.170000000000002,20.399999999999999,3896,19,20.393259
2018-09-24 04:00:00+00:00,20.32,20.421800000000001,20.309999999999999,20.399999999999999,1409,31,20.394691000000002
2018-09-25 04:00:00+00:00,20.399999999999999,20.399999999999999,20.399999999999999,20.399999999999999,0,0,0
2018-09-26 04:00:00+00:00,20.27,20.3537,20.199999999999999,20.32,2535,20,20.237241000000001
2018-09-27 04:00:00+00:00,20.219999999999999,20.440000000000001,20.219999999999999,20.404,1128,11,20.394501999999999
2018-09-28 04:00:00+00:00,20.48,20.489999999999998,20.350000000000001,20.350000000000001,3394,25,20.369102000000002
2018-10-01 04:00:00+00:00,20.497299999999999,20.5,20.256,20.256,3659,25,20.428280000000001
2018-10-02 04:00:00+00:00,20.350000000000001,20.530000000000001,20.329999999999998,20.5,47402,87,20.462983999999999
2018-10-03 04:00:00+00:00,20.343,20.399999999999999,20.23,20.23,1342,21,20.366648999999999
2018-10-04 04:00:00+00:00,20.210000000000001,20.5,20.199999999999999,20.199999999999999,4029,39,20.384425
2018-10-05 04:00:00+00:00,20.359999999999999,20.456399999999999,20.276499999999999,20.456399999999999,5130,31,20.386372999999999
2018-10-08 04:00:00+00:00,20.16,20.449999999999999,20.16,20.449999999999999,2291,31,20.263684000000001
2018-10-09 04:00:00+00:00,20.364999999999998,20.489899999999999,20.210000000000001,20.210000000000001,2619,18,20.277169000000001
2018-10-10 04:00:00+00:00,20.199999999999999,20.402999999999999,20.18,20.18,2192,26,20.211316
2018-10-11 04:00:00+00:00,20.283999999999999,20.283999999999999,20.199999999999999,20.199999999999999,1750,18,20.207794
2018-10-12 04:00:00+00:00,20.16,20.16,19.850000000000001,19.850000000000001,23025,40,20.072579999999999
2018-10-15 04:00:00+00:00,19.949999999999999,20.077500000000001,19.850000000000001,19.949999999999999,4102,28,19.987576000000001
2018-10-16 04:00:00+00:00,19.866399999999999,19.904800000000002,19.850000000000001,19.850000000000001,5891,48,19.862092000000001
2018-10-17 04:00:00+00:00,19.850000000000001,19.875900000000001,19.850000000000001,19.850000000000001,1636,10,19.851727
2018-10-18 04:00:00+00:00,19.850000000000001,19.850000000000001,19.850000000000001,19.850000000000001,6319,17,19.850000000000001
2018-10-19 04:00:00+00:00,19.449999999999999,19.5501,19.399999999999999,19.399999999999999,20886,71,19.501524
2018-10-22 04:00:00+00:00,19.449999999999999,19.52,18.9557,18.9557,15924,39,19.295560999999999
2018-10-23 04:00:00+00:00,19.07,19.07,18.5,18.57,7464,30,18.607405
2018-10-24 04:00:00+00:00,18.289999999999999,18.381399999999999,18.010000000000002,18.09,11205,70,18.119365999999999
2018-10-25 04:00:00+00:00,18,18.379999999999999,18,18.059999999999999,12951,69,18.094526999999999
2018-10-26 04:00:00+00:00,18,18.260000000000002,18,18.25,6231,37,18.093734000000001
2018-10-29 04:00:00+00:00,18.300000000000001,18.300000000000001,18.066099999999999,18.199999999999999,1593,21,18.228300999999998
2018-10-30 04:00:00+00:00,17.640000000000001,17.899999999999999,17.640000000000001,17.899999999999999,4637,38,17.813492
2018-10-31 04:00:00+00:00,18,18.18,18,18.129999999999999,8026,52,18.041142000000001
2018-11-01 04:00:00+00:00,18.050000000000001,18.100000000000001,17.969999999999999,17.969999999999999,9177,51,18.052506000000001
2018-11-02 04:00:00+00:00,18,18,17.850000000000001,17.870000000000001,3430,27,17.955914
2018-11-05 05:00:00+00:00,17.8932,17.989999999999998,17.850000000000001,17.850000000000001,3874,40,17.880133000000001
2018-11-06 05:00:00+00:00,17.879999999999999,17.899999999999999,17.879999999999999,17.879999999999999,2635,29,17.894022
2018-11-07 05:00:00+00:00,17.899999999999999,17.899999999999999,17.899999999999999,17.899999999999999,500,13,17.899999999999999
2018-11-08 05:00:00+00:00,17.890000000000001,18,17.84,18,12459,64,17.918427000000001
2018-11-09 05:00:00+00:00,17.879999999999999,17.989999999999998,17.84,17.989999999999998,2126,32,17.936302000000001
2018-11-12 05:00:00+00:00,17.800000000000001,18,17.800000000000001,17.93,28557,31,17.970261000000001
2018-11-13 05:00:00+00:00,17.93,17.93,17.93,17.93,0,0,0
2018-11-14 05:00:00+00:00,17.859999999999999,17.859999999999999,17.859999999999999,17.859999999999999,852,16,17.859999999999999
2018-11-15 05:00:00+00:00,17.859999999999999,17.859999999999999,17.859999999999999,17.859999999999999,0,0,0
2018-11-16 05:00:00+00:00,17.940000000000001,18.140000000000001,17.940000000000001,18.140000000000001,1199,18,18.052751000000001
2018-11-19 05:00:00+00:00,18.09,18.129999999999999,17.879999999999999,17.879999999999999,2525,40,18.048494000000002
2018-11-20 05:00:00+00:00,17.850000000000001,18.139900000000001,17.850000000000001,17.940000000000001,12968,23,18.00629
2018-11-21 05:00:00+00:00,18.140000000000001,18.27,17.960000000000001,17.960000000000001,4719,24,18.120415999999999
2018-11-23 05:00:00+00:00,18.059999999999999,18.129999999999999,17.934999999999999,18.010000000000002,3762,32,17.994129999999998
2018-11-26 05:00:00+00:00,18.225100000000001,18.225100000000001,18.02,18.120000000000001,1206,25,18.090395000000001
2018-11-27 05:00:00+00:00,18.02,18.100000000000001,18.02,18.02,6115,26,18.022637
2018-11-28 05:00:00+00:00,18.010000000000002,18.02,18,18.010000000000002,16166,51,18.008476000000002
2018-11-29 05:00:00+00:00,18.010000000000002,18.149999999999999,18.010000000000002,18.149999999999999,2258,21,18.094885999999999
2018-11-30 05:00:00+00:00,18.09,18.149999999999999,17.899999999999999,18.02,7428,128,18.031828000000001
2018-12-03 05:00:00+00:00,18.02,18.125,18,18.030000000000001,25656,19,18.058903999999998
2018-12-04 05:00:00+00:00,18.1159,18.1159,17.960000000000001,17.960000000000001,5717,53,18.002310999999999
2018-12-06 05:00:00+00:00,18.149999999999999,18.149999999999999,17.91,17.920000000000002,2038,35,17.947275999999999
2018-12-07 05:00:00+00:00,17.868600000000001,17.868600000000001,17.513100000000001,17.710000000000001,10032,103,17.744907000000001
2018-12-10 05:00:00+00:00,17.559999999999999,17.579999999999998,17.510000000000002,17.530000000000001,10315,113,17.536673
2018-12-11 05:00:00+00:00,17.530000000000001,17.550000000000001,17.5,17.550000000000001,5312,27,17.532506000000001
2018-12-12 05:00:00+00:00,17.559999999999999,17.84,17.550000000000001,17.664200000000001,3134,26,17.588284999999999
2018-12-13 05:00:00+00:00,17.563500000000001,18.199999999999999,17.539999999999999,17.539999999999999,3316,29,17.732699
2018-12-14 05:00:00+00:00,17.530100000000001,17.530100000000001,17.530100000000001,17.530100000000001,702,3,17.530100000000001
2018-12-17 05:00:00+00:00,18.140000000000001,18.140000000000001,17.450099999999999,18,4871,40,17.590691
2018-12-18 05:00:00+00:00,18.140000000000001,18.140000000000001,17.530000000000001,17.530000000000001,1006,27,17.732572000000001
2018-12-19 05:00:00+00:00,17.530000000000001,17.530000000000001,17,17.07,10501,56,17.20795
2018-12-20 05:00:00+00:00,16.510000000000002,16.850000000000001,16.25,16.25,2154,20,16.558474
2018-12-21 05:00:00+00:00,16.370000000000001,16.370000000000001,16.07,16.25,8749,58,16.211449999999999
2018-12-24 05:00:00+00:00,16.239999999999998,16.350000000000001,16.07,16.300000000000001,5648,28,16.258737
2018-12-26 05:00:00+00:00,16.260000000000002,16.57,16.07,16.120000000000001,4100,39,16.233498999999998
2018-12-27 05:00:00+00:00,16.050000000000001,16.3399,16.050000000000001,16.07,7039,88,16.097950999999998
2018-12-28 05:00:00+00:00,16.178999999999998,16.559999999999999,16.171700000000001,16.5,6169,46,16.327124000000001
2018-12-31 05:00:00+00:00,16.670000000000002,18,16.449999999999999,16.449999999999999,6878,67,16.700952000000001
2019-01-02 05:00:00+00:00,16.329999999999998,16.75,16.32,16.75,6558,51,16.458075999999998
2019-01-03 05:00:00+00:00,16.75,16.75,16.75,16.75,0,0,0
2019-01-04 05:00:00+00:00,16.719999999999999,17.234999999999999,16.719999999999999,17.234999999999999,6030,35,16.940259999999999
2019-01-07 05:00:00+00:00,17.09,17.09,17.02,17.02,533,14,17.048112
2019-01-08 05:00:00+00:00,17.030000000000001,17.449999999999999,17.030000000000001,17.445,5611,33,17.061019000000002
2019-01-09 05:00:00+00:00,17.370000000000001,17.579999999999998,17.27,17.579999999999998,5574,40,17.311025000000001
2019-01-10 05:00:00+00:00,17.406600000000001,17.52,17.390000000000001,17.5,3104,17,17.412205
2019-01-11 05:00:00+00:00,17.5,17.5,17.5,17.5,0,0,0
2019-01-14 05:00:00+00:00,17.5,17.739999999999998,17.5,17.5,717,16,17.559999999999999
2019-01-15 05:00:00+00:00,17.5,17.75,17.5,17.75,7785,58,17.594059000000001
2019-01-16 05:00:00+00:00,17.620000000000001,17.989999999999998,17.620000000000001,17.960000000000001,664,21,17.915234000000002
2019-01-17 05:00:00+00:00,17.77,19.07,17.77,18.109999999999999,26473,141,18.345922999999999
2019-01-18 05:00:00+00:00,18.25,18.34,18.120000000000001,18.34,1108,18,18.194600000000001
2019-01-22 05:00:00+00:00,18.251000000000001,18.489999999999998,18.25,18.25,2330,23,18.31448
2019-01-23 05:00:00+00:00,18.25,18.747599999999998,18.120000000000001,18.747599999999998,9342,57,18.217815999999999
2019-01-24 05:00:00+00:00,18.329999999999998,18.910799999999998,18.1723,18.5,13806,109,18.392984999999999
2019-01-25 05:00:00+00:00,18.32,18.559999999999999,18.100000000000001,18.120000000000001,10282,142,18.225646000000001
2019-01-28 05:00:00+00:00,17.98,18.440000000000001,17.98,18.440000000000001,451,15,18.213398999999999
2019-01-29 05:00:00+00:00,18.579999999999998,18.772099999999998,18.399999999999999,18.510000000000002,4559,76,18.562659
2019-01-30 05:00:00+00:00,18.260000000000002,18.399999999999999,18.260000000000002,18.359999999999999,7687,82,18.306276
2019-01-31 05:00:00+00:00,18.321000000000002,18.640000000000001,18.32,18.5,3757,39,18.453581
2019-02-01 05:00:00+00:00,18.579999999999998,19.156300000000002,18.399999999999999,18.399999999999999,4679,45,18.555571
2019-02-04 05:00:00+00:00,18.510000000000002,18.890000000000001,18.5,18.690000000000001,7342,78,18.652926999999998
2019-02-05 05:00:00+00:00,18.57,18.648199999999999,18.399999999999999,18.399999999999999,14714,19,18.557417999999998
2019-02-06 05:00:00+00:00,18.370000000000001,18.370000000000001,18.32,18.32,1648,21,18.324244
2019-02-07 05:00:00+00:00,18.5,18.5656,18.27,18.27,4078,49,18.390512000000001
2019-02-08 05:00:00+00:00,18.390000000000001,18.815000000000001,18.390000000000001,18.800000000000001,1592,14,18.619063000000001
2019-02-11 05:00:00+00:00,19.039999999999999,19.039999999999999,18.370000000000001,18.370000000000001,24375,106,18.723554
2019-02-12 05:00:00+00:00,18.492000000000001,18.725300000000001,18.370000000000001,18.399999999999999,7514,56,18.502568
2019-02-13 05:00:00+00:00,18.52,18.91,18.52,18.91,666,14,18.649999999999999
2019-02-14 05:00:00+00:00,18.539999999999999,18.550000000000001,18.420000000000002,18.449999999999999,11993,39,18.462284
2019-02-15 05:00:00+00:00,18.5,18.5,18.5,18.5,782,10,18.5
2019-02-19 05:00:00+00:00,18.59,18.809999999999999,18.502700000000001,18.502700000000001,4087,81,18.569908999999999
2019-02-20 05:00:00+00:00,18.815000000000001,18.815000000000001,18.5,18.5,3188,77,18.580971000000002
2019-02-21 05:00:00+00:00,18.620000000000001,18.620000000000001,18.43,18.5,12394,38,18.604271000000001
2019-02-22 05:00:00+00:00,18.489999999999998,18.629999999999999,18.489999999999998,18.629999999999999,2784,21,18.562360000000002
2019-02-25 05:00:00+00:00,18.622499999999999,18.960000000000001,18.620000000000001,18.960000000000001,11444,29,18.645064999999999
2019-02-26 05:00:00+00:00,18.629999999999999,19,18.629999999999999,18.649999999999999,5876,62,18.683921999999999
2019-02-27 05:00:00+00:00,18.649999999999999,18.649999999999999,18.600000000000001,18.600000000000001,413,9,18.633333
2019-02-28 05:00:00+00:00,18.719999999999999,18.719999999999999,18.649999999999999,18.699999999999999,2843,45,18.685220999999999
2019-03-01 05:00:00+00:00,18.73,18.73,18.539999999999999,18.539999999999999,7088,32,18.608595999999999
2019-03-04 05:00:00+00:00,18.600000000000001,18.600000000000001,18.446200000000001,18.5,6933,21,18.518363999999998
2019-03-05 05:00:00+00:00,18.494199999999999,18.494199999999999,18.489999999999998,18.489999999999998,1003,6,18.490427
2019-03-06 05:00:00+00:00,18.489999999999998,18.489999999999998,18.399999999999999,18.399999999999999,7152,35,18.422086
2019-03-07 05:00:00+00:00,18.350000000000001,18.3889,18.350000000000001,18.3889,807,22,18.368061000000001
2019-03-08 05:00:00+00:00,18.350000000000001,18.489999999999998,18.350000000000001,18.489999999999998,3059,47,18.433890999999999
2019-03-11 04:00:00+00:00,18.350000000000001,18.5397,18.350000000000001,18.5397,3712,20,18.488793999999999
2019-03-12 04:00:00+00:00,18.539999999999999,18.559999999999999,18.539999999999999,18.539999999999999,2837,29,18.545055999999999
2019-03-13 04:00:00+00:00,18.600100000000001,18.613600000000002,18.59,18.600000000000001,2241,20,18.600086000000001
2019-03-14 04:00:00+00:00,18.600000000000001,18.600000000000001,18.420000000000002,18.600000000000001,2001,26,18.550979000000002
2019-03-15 04:00:00+00:00,18.567299999999999,18.600000000000001,18.5,18.600000000000001,16837,46,18.558665999999999
2019-03-18 04:00:00+00:00,18.520099999999999,18.59,18.52,18.59,5189,29,18.537944
2019-03-19 04:00:00+00:00,18.559999999999999,18.586600000000001,18.52,18.586600000000001,5491,32,18.563998999999999
2019-03-20 04:00:00+00:00,18.52,18.572299999999998,18.52,18.559999999999999,6512,42,18.550039999999999
2019-03-21 04:00:00+00:00,18.449999999999999,18.483899999999998,18.449999999999999,18.469999999999999,2156,37,18.469591999999999
2019-03-22 04:00:00+00:00,18.41,18.41,17.91,17.91,528,8,18.196275
2019-03-25 04:00:00+00:00,17.949999999999999,18,17,17.399999999999999,8970,86,17.325811999999999
2019-03-26 04:00:00+00:00,17.8246,17.920000000000002,17.520099999999999,17.920000000000002,524,23,17.772324999999999
2019-03-27 04:00:00+00:00,17.800000000000001,18.300000000000001,17.73,17.9895,3909,85,17.826519999999999
2019-03-28 04:00:00+00:00,18.100000000000001,18.390000000000001,18.02,18.02,5399,47,18.059145999999998
2019-03-29 04:00:00+00:00,18.280000000000001,18.300000000000001,18.02,18.02,1407,17,18.107506999999998
2019-04-01 04:00:00+00:00,18.299900000000001,18.299900000000001,18.02,18.02,1380,12,18.229845000000001
2019-04-02 04:00:00+00:00,18.02,18.300000000000001,17.600000000000001,18.300000000000001,22557,69,17.897804000000001
2019-04-03 04:00:00+00:00,18.300000000000001,18.300000000000001,18.109999999999999,18.297499999999999,4360,21,18.242847000000001
2019-04-04 04:00:00+00:00,18.34,18.350000000000001,18.34,18.350000000000001,306,4,18.346667
2019-04-05 04:00:00+00:00,18.350000000000001,18.350000000000001,18.350000000000001,18.350000000000001,0,0,0
2019-04-08 04:00:00+00:00,18.260000000000002,18.300000000000001,18.170000000000002,18.18,10634,92,18.267606000000001
2019-04-09 04:00:00+00:00,18.18,18.18,18.18,18.18,0,0,0
2019-04-10 04:00:00+00:00,18.199999999999999,18.298999999999999,18.09,18.09,2899,15,18.173649999999999
2019-04-11 04:00:00+00:00,18.079999999999998,18.079999999999998,18,18,147657,48,18.000238
2019-04-12 04:00:00+00:00,17.969999999999999,18.218800000000002,17.969999999999999,18.140000000000001,2822,13,18.045802999999999
2019-04-15 04:00:00+00:00,18.170000000000002,18.300000000000001,18.030000000000001,18.300000000000001,7036,66,18.191973999999998
2019-04-16 04:00:00+00:00,18.300000000000001,18.350000000000001,18.100000000000001,18.350000000000001,10440,69,18.199629000000002
2019-04-17 04:00:00+00:00,18.350000000000001,18.399999999999999,18.260000000000002,18.260000000000002,2779,32,18.353097000000002
2019-04-18 04:00:00+00:00,18.350000000000001,18.350000000000001,18.226400000000002,18.226400000000002,2570,25,18.243873000000001
2019-04-22 04:00:00+00:00,18.120100000000001,18.236599999999999,17.75,18.030000000000001,7321,45,18.043527000000001
2019-04-23 04:00:00+00:00,17.940000000000001,17.940000000000001,17.75,17.920000000000002,6663,43,17.888202
2019-04-24 04:00:00+00:00,17.780000000000001,17.899999999999999,17.780000000000001,17.899999999999999,4677,39,17.835512000000001
2019-04-25 04:00:00+00:00,17.850000000000001,17.9895,17.839200000000002,17.8888,9205,48,17.899678000000002
2019-04-26 04:00:00+00:00,17.91,18.274999999999999,17.91,18.100000000000001,12596,83,18.058464000000001
2019-04-29 04:00:00+00:00,17.98,18.600000000000001,17.960000000000001,18.330500000000001,26086,148,18.240082000000001
2019-04-30 04:00:00+00:00,18.07,18.501000000000001,18,18.300000000000001,19133,104,18.206405
2019-05-01 04:00:00+00:00,18.219999999999999,18.5,18.140000000000001,18.200500000000002,47802,321,18.312563999999998
2019-05-02 04:00:00+00:00,18.129999999999999,18.480499999999999,18.129999999999999,18.449999999999999,28761,41,18.430616000000001
2019-05-03 04:00:00+00:00,18.128699999999998,18.449999999999999,18.128699999999998,18.449999999999999,53227,16,18.443041999999998
2019-05-06 04:00:00+00:00,18.210000000000001,18.41,18.210000000000001,18.219999999999999,3812,29,18.277864999999998
2019-05-07 04:00:00+00:00,18.239999999999998,18.289999999999999,18.18,18.289999999999999,1927,22,18.265877
2019-05-08 04:00:00+00:00,18.18,18.18,18.170000000000002,18.170000000000002,9734,61,18.175958000000001
2019-05-09 04:00:00+00:00,18.25,18.289999999999999,18.109999999999999,18.289999999999999,35530,8,18.248760999999998
2019-05-10 04:00:00+00:00,18.1601,18.359999999999999,17.813700000000001,17.813700000000001,9038,28,18.151221
2019-05-13 04:00:00+00:00,17.670000000000002,17.870000000000001,17.670000000000002,17.84,7371,36,17.812747000000002
2019-05-14 04:00:00+00:00,17.77,17.77,17.77,17.77,324,10,17.77
2019-05-15 04:00:00+00:00,17.819900000000001,18.27,17.719999999999999,17.969999999999999,24681,149,17.896954999999998
2019-05-16 04:00:00+00:00,17.84,18.07,17.84,17.899999999999999,2222,20,17.927668000000001
2019-05-17 04:00:00+00:00,17.989999999999998,18.234999999999999,17.9255,17.93,7432,67,18.05979
2019-05-20 04:00:00+00:00,17.809999999999999,17.809999999999999,17.760000000000002,17.800000000000001,11891,51,17.778282000000001
2019-05-21 04:00:00+00:00,17.800000000000001,17.800000000000001,17.800000000000001,17.800000000000001,0,0,0
2019-05-22 04:00:00+00:00,17.710000000000001,17.84,17.66,17.789999999999999,1859,24,17.725781000000001
2019-05-23 04:00:00+00:00,17.662199999999999,17.662199999999999,17.609999999999999,17.609999999999999,1723,43,17.657204
2019-05-24 04:00:00+00:00,17.73,17.875,17.379999999999999,17.739999999999998,24657,87,17.658550000000002
2019-05-28 04:00:00+00:00,17.646000000000001,17.646000000000001,17.609000000000002,17.609999999999999,4598,29,17.611142999999998
2019-05-29 04:00:00+00:00,17.52,17.609999999999999,17.52,17.539999999999999,3924,34,17.534459999999999
2019-05-30 04:00:00+00:00,17.539999999999999,17.539999999999999,17.539999999999999,17.539999999999999,0,0,0
2019-05-31 04:00:00+00:00,17.52,17.690000000000001,17.52,17.690000000000001,1088,11,17.574241000000001
2019-06-03 04:00:00+00:00,17.5,17.510000000000002,16.59,17.5,8385,69,17.435672
2019-06-04 04:00:00+00:00,17.245000000000001,17.245000000000001,17.239999999999998,17.239999999999998,884,25,17.243333
2019-06-05 04:00:00+00:00,17.199999999999999,17.199999999999999,17.16,17.16,678,11,17.176064
2019-06-06 04:00:00+00:00,17.07,17.16,17.07,17.16,1149,19,17.120000000000001
2019-06-07 04:00:00+00:00,17.07,17.07,17.02,17.02,502,5,17.035152
2019-06-10 04:00:00+00:00,17,17.030000000000001,16.550000000000001,16.550000000000001,4887,34,16.962769000000002
2019-06-11 04:00:00+00:00,16.699999999999999,16.699999999999999,16.640000000000001,16.640000000000001,897,21,16.663121
2019-06-12 04:00:00+00:00,17.050000000000001,17.050000000000001,16.665600000000001,16.665600000000001,2266,13,17.031694999999999
2019-06-13 04:00:00+00:00,16.665600000000001,16.665600000000001,16.665600000000001,16.665600000000001,0,0,0
2019-06-14 04:00:00+00:00,16.800000000000001,16.800000000000001,16.760000000000002,16.760000000000002,549,23,16.780768999999999
2019-06-17 04:00:00+00:00,16.789999999999999,16.98,16.789999999999999,16.98,1187,30,16.9587
2019-06-18 04:00:00+00:00,16.789999999999999,16.789999999999999,16.789999999999999,16.789999999999999,402,21,16.789999999999999
2019-06-19 04:00:00+00:00,16.75,17.100000000000001,16.75,17,22259,55,17.058114
2019-06-20 04:00:00+00:00,16.75,16.75,16.75,16.75,221,5,16.75
2019-06-21 04:00:00+00:00,16.824000000000002,17.100000000000001,16.800000000000001,16.969999999999999,13152,72,17.0487
2019-06-24 04:00:00+00:00,16.620000000000001,17.399999999999999,16.350000000000001,16.350000000000001,62534,340,17.098032
2019-06-25 04:00:00+00:00,16.440000000000001,16.5,16.199999999999999,16.5,13333,63,16.380786000000001
2019-06-26 04:00:00+00:00,16.530000000000001,16.649999999999999,16.449999999999999,16.640000000000001,8411,46,16.517603000000001
2019-06-27 04:00:00+00:00,16.5,16.649999999999999,16.270099999999999,16.550000000000001,160167,50,16.545631
2019-06-28 04:00:00+00:00,16.600000000000001,16.649999999999999,16.440000000000001,16.460000000000001,13716,57,16.476835000000001
2019-07-01 04:00:00+00:00,16.870000000000001,16.899999999999999,16.75,16.899999999999999,14350,40,16.762353000000001
2019-07-02 04:00:00+00:00,16.704999999999998,16.719999999999999,16.600000000000001,16.600000000000001,2150,30,16.687826999999999
2019-07-03 04:00:00+00:00,16.649999999999999,16.690000000000001,16.649999999999999,16.690000000000001,1965,21,16.664417
2019-07-05 04:00:00+00:00,16.649999999999999,16.7441,16.600000000000001,16.66,7578,43,16.673575
2019-07-08 04:00:00+00:00,16.489999999999998,16.5,16.4801,16.4801,1657,21,16.489336000000002
2019-07-09 04:00:00+00:00,16.43,16.5,16.43,16.5,1237,22,16.440000000000001
2019-07-10 04:00:00+00:00,16.420000000000002,16.670000000000002,16.420000000000002,16.550000000000001,60403,89,16.577145999999999
2019-07-11 04:00:00+00:00,16.649999999999999,16.649999999999999,16.507000000000001,16.550000000000001,6395,50,16.621295
2019-07-12 04:00:00+00:00,16.649999999999999,16.66,16.5,16.5,7189,33,16.599139000000001
2019-07-15 04:00:00+00:00,16.649999999999999,16.68,16.5,16.600000000000001,5774,47,16.626909999999999
2019-07-16 04:00:00+00:00,16.59,16.594000000000001,16.470400000000001,16.470400000000001,1885,7,16.483546
2019-07-17 04:00:00+00:00,16.624099999999999,16.624099999999999,16.510000000000002,16.559999999999999,2565,25,16.56692
2019-07-18 04:00:00+00:00,16.420000000000002,16.5,16.420000000000002,16.5,6131,27,16.460460999999999
2019-07-19 04:00:00+00:00,16.420200000000001,16.420200000000001,16.420200000000001,16.420200000000001,175,9,16.420200000000001
2019-07-22 04:00:00+00:00,16.420000000000002,16.5,16.420000000000002,16.43,3160,30,16.440329999999999
2019-07-23 04:00:00+00:00,16.52,16.530000000000001,16.52,16.52,4001,22,16.520264999999998
2019-07-24 04:00:00+00:00,16.423500000000001,16.629999999999999,16.210000000000001,16.5,17698,134,16.473676000000001
2019-07-25 04:00:00+00:00,16.302600000000002,16.649999999999999,16.302600000000002,16.649999999999999,5619,24,16.624120999999999
2019-07-26 04:00:00+00:00,16.280000000000001,16.280000000000001,16.280000000000001,16.280000000000001,494,5,16.280000000000001
2019-07-29 04:00:00+00:00,16.260000000000002,16.73,16.260000000000002,16.449999999999999,11572,57,16.459896000000001
2019-07-30 04:00:00+00:00,16.75,16.75,16.600000000000001,16.699999999999999,89667,14,16.600922000000001
2019-07-31 04:00:00+00:00,16.747299999999999,16.75,16.559999999999999,16.559999999999999,11283,58,16.661456999999999
2019-08-01 04:00:00+00:00,16.460000000000001,16.739999999999998,16.460000000000001,16.600000000000001,8081,40,16.639824000000001
2019-08-02 04:00:00+00:00,16.600000000000001,16.690300000000001,16.5,16.600000000000001,54720,29,16.508618999999999
2019-08-05 04:00:00+00:00,16.309999999999999,16.364699999999999,16.258700000000001,16.258700000000001,2557,48,16.30585
2019-08-06 04:00:00+00:00,16.495000000000001,16.68,16.381499999999999,16.381499999999999,2227,22,16.492042000000001
2019-08-07 04:00:00+00:00,16.739999999999998,16.739999999999998,16.170000000000002,16.170000000000002,1586,18,16.23
2019-08-08 04:00:00+00:00,16.73,16.73,16.07,16.079999999999998,3040,22,16.130981999999999
2019-08-09 04:00:00+00:00,16.170500000000001,16.170500000000001,16.055,16.055,2297,15,16.136994000000001
2019-08-12 04:00:00+00:00,15.84,16.140000000000001,15.84,16.050000000000001,4589,33,15.969727000000001
2019-08-13 04:00:00+00:00,16.210000000000001,16.210000000000001,16.210000000000001,16.210000000000001,272,4,16.210000000000001
2019-08-14 04:00:00+00:00,16.050000000000001,16.070499999999999,16.050000000000001,16.070499999999999,3850,25,16.056622000000001
2019-08-15 04:00:00+00:00,16,16.170000000000002,15.76,16.0806,7747,28,16.041587
2019-08-16 04:00:00+00:00,16.027999999999999,16.030000000000001,16.0001,16.030000000000001,4324,50,16.021954000000001
2019-08-19 04:00:00+00:00,16.199999999999999,16.199999999999999,16.039999999999999,16.079999999999998,3352,25,16.152377000000001
2019-08-20 04:00:00+00:00,16,16.09,16,16.09,1281,22,16.064285999999999
2019-08-21 04:00:00+00:00,16.239999999999998,16.239999999999998,16.219999999999999,16.219999999999999,10472,13,16.239803999999999
2019-08-22 04:00:00+00:00,16.219999999999999,16.219999999999999,16.219999999999999,16.219999999999999,0,0,0
2019-08-23 04:00:00+00:00,16.02,16.219999999999999,16.02,16.199999999999999,19404,41,16.163136999999999
2019-08-26 04:00:00+00:00,16.149899999999999,16.149899999999999,16.149899999999999,16.149899999999999,10407,7,16.149899999999999
2019-08-27 04:00:00+00:00,16.02,16.09,16.02,16.09,2693,25,16.080701999999999
2019-08-28 04:00:00+00:00,16.02,16.23,16.02,16.190000000000001,22250,40,16.078849999999999
2019-08-29 04:00:00+00:00,16.030000000000001,16.030000000000001,16.030000000000001,16.030000000000001,362,11,16.030000000000001
2019-08-30 04:00:00+00:00,16.02,16.18,16.0001,16.18,2016,37,16.055743
2019-09-03 04:00:00+00:00,16.039999999999999,16.140000000000001,16.02,16.140000000000001,13878,9,16.021015999999999
2019-09-04 04:00:00+00:00,16.061900000000001,16.061900000000001,16.059999999999999,16.059999999999999,1419,20,16.060388
2019-09-05 04:00:00+00:00,16.040099999999999,16.050000000000001,16.040099999999999,16.050000000000001,88302,21,16.049942999999999
2019-09-06 04:00:00+00:00,16.030000000000001,16.030000000000001,16.030000000000001,16.030000000000001,1868,19,16.030000000000001
2019-09-09 04:00:00+00:00,16.0383,16.0383,16.0383,16.0383,1074,9,16.0383
2019-09-10 04:00:00+00:00,16.010000000000002,16.059999999999999,16.010000000000002,16.030000000000001,3462,29,16.045359999999999
2019-09-11 04:00:00+00:00,16,16.16,16,16.16,4192,26,16.094505000000002
2019-09-12 04:00:00+00:00,16.219999999999999,16.309999999999999,16.219999999999999,16.300000000000001,6028,29,16.274760000000001
2019-09-13 04:00:00+00:00,16.149999999999999,16.420000000000002,16.100000000000001,16.32,3627,20,16.200213999999999
2019-09-16 04:00:00+00:00,16.260000000000002,16.399999999999999,16.260000000000002,16.350000000000001,6288,50,16.358962999999999
2019-09-17 04:00:00+00:00,16.120000000000001,16.420000000000002,16.120000000000001,16.300000000000001,10257,54,16.259664000000001
2019-09-18 04:00:00+00:00,16.370000000000001,16.48,16.25,16.449999999999999,8884,68,16.381723000000001
2019-09-19 04:00:00+00:00,16.329999999999998,16.5,16.329999999999998,16.489999999999998,5706,56,16.458289000000001
2019-09-20 04:00:00+00:00,16.353999999999999,16.75,16.300000000000001,16.75,22358,73,16.671972
2019-09-23 04:00:00+00:00,16.539999999999999,16.539999999999999,16.25,16.27,19058,143,16.351669999999999
2019-09-24 04:00:00+00:00,16.300000000000001,16.322500000000002,16.25,16.322500000000002,6055,40,16.290177
2019-09-25 04:00:00+00:00,16.68,16.68,16.2959,16.309999999999999,4318,44,16.323429999999998
2019-09-26 04:00:00+00:00,16.305299999999999,16.305299999999999,16.149999999999999,16.149999999999999,3003,28,16.245536000000001
2019-09-27 04:00:00+00:00,16.289999999999999,16.41,16.289999999999999,16.399999999999999,932,17,16.374867999999999
2019-09-30 04:00:00+00:00,16.507999999999999,16.715,16.5,16.699999999999999,6543,17,16.510484000000002
2019-10-01 04:00:00+00:00,16.75,16.75,16.420000000000002,16.59,11660,31,16.678722
2019-10-02 04:00:00+00:00,16.199999999999999,16.538799999999998,16.199999999999999,16.329999999999998,11523,49,16.35361
2019-10-03 04:00:00+00:00,16.329999999999998,16.329999999999998,16.329999999999998,16.329999999999998,0,0,0
2019-10-04 04:00:00+00:00,16.27,16.440000000000001,16.27,16.379999999999999,7010,48,16.344602999999999
2019-10-07 04:00:00+00:00,16.510000000000002,16.510000000000002,16.399999999999999,16.399999999999999,776,11,16.417628000000001
2019-10-08 04:00:00+00:00,16.379999999999999,16.454999999999998,16.379999999999999,16.454999999999998,11859,45,16.417618999999998
2019-10-09 04:00:00+00:00,16.34,16.397600000000001,16.34,16.379999999999999,5796,85,16.372373
2019-10-10 04:00:00+00:00,16.25,16.449999999999999,16.25,16.399999999999999,1622,30,16.369671
2019-10-11 04:00:00+00:00,16.4422,16.449999999999999,16.399999999999999,16.399999999999999,3425,22,16.432555000000001
2019-10-14 04:00:00+00:00,16.399999999999999,16.399999999999999,16.399999999999999,16.399999999999999,0,0,0
2019-10-15 04:00:00+00:00,16.365600000000001,16.43,16.260000000000002,16.350000000000001,10301,59,16.346426999999998
2019-10-16 04:00:00+00:00,16.260000000000002,16.5,16.25,16.41,53402,51,16.289909999999999
2019-10-17 04:00:00+00:00,16.27,16.600000000000001,16.27,16.440000000000001,6552,35,16.532274999999998
2019-10-18 04:00:00+00:00,16.260000000000002,16.66,16.260000000000002,16.43,6514,21,16.400019
2019-10-21 04:00:00+00:00,16.312899999999999,16.312899999999999,16.312899999999999,16.312899999999999,624,9,16.312899999999999
2019-10-22 04:00:00+00:00,16.670000000000002,16.699999999999999,16.629999999999999,16.629999999999999,3691,50,16.682445000000001
2019-10-23 04:00:00+00:00,16.59,16.59,16.59,16.59,200,4,16.59
2019-10-24 04:00:00+00:00,16.420000000000002,16.699999999999999,16.420000000000002,16.699999999999999,3526,37,16.656175000000001
2019-10-25 04:00:00+00:00,16.719999999999999,16.719999999999999,16.579999999999998,16.609999999999999,3787,55,16.611229999999999
2019-10-28 04:00:00+00:00,16.32,16.650400000000001,16.32,16.649999999999999,6820,21,16.443134000000001
2019-10-29 04:00:00+00:00,16.710000000000001,17.370000000000001,16.650400000000001,17,9347,75,16.848792
2019-10-30 04:00:00+00:00,17.219999999999999,17.57,17.050000000000001,17.25,10119,82,17.265595000000001
2019-10-31 04:00:00+00:00,17.25,17.25,16.920000000000002,16.920000000000002,2816,25,16.948473
2019-11-01 04:00:00+00:00,17.100000000000001,17.120000000000001,17.100000000000001,17.120000000000001,809,8,17.105571000000001
2019-11-04 05:00:00+00:00,16.949999999999999,17.02,16.949999999999999,17.02,3149,12,16.966708000000001
2019-11-05 05:00:00+00:00,17.149999999999999,17.534400000000002,17.149999999999999,17.534400000000002,488,8,17.277284999999999
2019-11-06 05:00:00+00:00,17.16,17.7852,17.100000000000001,17.34,5529,49,17.247305999999998
2019-11-07 05:00:00+00:00,17.350000000000001,17.5,17.109999999999999,17.300000000000001,2749,47,17.291948999999999
2019-11-08 05:00:00+00:00,17.399999999999999,17.399999999999999,17.399999999999999,17.399999999999999,252,8,17.399999999999999
2019-11-11 05:00:00+00:00,17.789400000000001,17.789400000000001,17.34,17.579999999999998,3012,34,17.455933000000002
2019-11-12 05:00:00+00:00,17.5,17.550000000000001,17.5,17.550000000000001,2147,13,17.522686
2019-11-13 05:00:00+00:00,17.809999999999999,17.809999999999999,17.4544,17.600000000000001,2663,27,17.727952999999999
2019-11-14 05:00:00+00:00,17.129999999999999,17.652699999999999,17.129999999999999,17.602699999999999,3120,28,17.562601000000001
2019-11-15 05:00:00+00:00,17.840399999999999,18.079999999999998,17.840399999999999,18,8721,44,17.978106
2019-11-18 05:00:00+00:00,18,18.1006,17.620000000000001,17.800000000000001,4851,42,17.963949
2019-11-19 05:00:00+00:00,17.98,18.329999999999998,17.75,18.329999999999998,9730,60,17.939572999999999
2019-11-20 05:00:00+00:00,18.449999999999999,18.600000000000001,18.030000000000001,18.149999999999999,14615,93,18.275027000000001
2019-11-21 05:00:00+00:00,18.239999999999998,18.25,18.23,18.25,2230,23,18.244910000000001
2019-11-22 05:00:00+00:00,18.239999999999998,18.3248,18.239999999999998,18.3248,510,15,18.269058999999999
2019-11-25 05:00:00+00:00,18.421900000000001,18.421900000000001,18.329999999999998,18.335000000000001,1479,80,18.387475999999999
2019-11-26 05:00:00+00:00,18.350000000000001,18.350000000000001,18.34,18.34,759,25,18.347999999999999
2019-11-27 05:00:00+00:00,18.239999999999998,18.350000000000001,18.239999999999998,18.350000000000001,398,33,18.300892999999999
2019-11-29 05:00:00+00:00,18.350000000000001,18.350000000000001,18.350000000000001,18.350000000000001,0,0,0
2019-12-02 05:00:00+00:00,18.350000000000001,18.350000000000001,18.350000000000001,18.350000000000001,1071,63,18.350000000000001
2019-12-03 05:00:00+00:00,18.363299999999999,18.363299999999999,18.239999999999998,18.300000000000001,3245,22,18.279684
2019-12-04 05:00:00+00:00,18.255700000000001,18.600000000000001,18.210000000000001,18.210000000000001,1825,22,18.308246
2019-12-05 05:00:00+00:00,18.4558,18.4558,18.399999999999999,18.399999999999999,1743,108,18.450308
2019-12-06 05:00:00+00:00,18.600000000000001,18.600000000000001,18.300000000000001,18.300000000000001,3537,104,18.440372
2019-12-09 05:00:00+00:00,18.4818,18.4818,18.27,18.280000000000001,2836,23,18.410069
2019-12-10 05:00:00+00:00,18.359999999999999,18.550000000000001,18.359999999999999,18.550000000000001,3096,29,18.520128
2019-12-11 05:00:00+00:00,18.549499999999998,18.549499999999998,18.539999999999999,18.539999999999999,710,64,18.544750000000001
2019-12-12 05:00:00+00:00,18.5,18.600000000000001,18.5,18.600000000000001,5946,119,18.502502
2019-12-13 05:00:00+00:00,18.510000000000002,18.699999999999999,18.5,18.600000000000001,6152,30,18.548278
2019-12-16 05:00:00+00:00,18.600000000000001,19.199999999999999,18.600000000000001,19.199999999999999,14127,143,18.680709
2019-12-17 05:00:00+00:00,19.149999999999999,19.559999999999999,19.149999999999999,19.559999999999999,1174,62,19.305
2019-12-18 05:00:00+00:00,19.268699999999999,19.579999999999998,19.268699999999999,19.579999999999998,464,12,19.439914999999999
2019-12-19 05:00:00+00:00,19.25,19.25,19.120000000000001,19.219999999999999,1297,23,19.207723999999999
2019-12-20 05:00:00+00:00,19.140000000000001,19.324999999999999,19.140000000000001,19.199999999999999,10283,71,19.236315999999999
2019-12-23 05:00:00+00:00,19.199999999999999,19.4038,19.199999999999999,19.4038,4301,25,19.216676
2019-12-24 05:00:00+00:00,19.449999999999999,19.5,19.280000000000001,19.280000000000001,1553,34,19.442215000000001
2019-12-26 05:00:00+00:00,19.309999999999999,19.425000000000001,19.309999999999999,19.379999999999999,2875,32,19.36308
2019-12-27 05:00:00+00:00,19.399999999999999,19.600000000000001,19.399999999999999,19.600000000000001,9939,148,19.473355000000002
2019-12-30 05:00:00+00:00,19.52,19.576000000000001,19.52,19.52,6833,45,19.528862
2019-12-31 05:00:00+00:00,19.600000000000001,19.995000000000001,19.600000000000001,19.690000000000001,3165,34,19.720734
2020-01-02 05:00:00+00:00,19.640599999999999,19.668800000000001,18.649999999999999,19.02,23603,133,19.462257000000001
2020-01-03 05:00:00+00:00,19.07,19.1754,19.07,19.07,4305,52,19.097241
2020-01-06 05:00:00+00:00,19.109999999999999,19.109999999999999,19.02,19.059999999999999,11614,37,19.099902
2020-01-07 05:00:00+00:00,18.940000000000001,18.974399999999999,18.920000000000002,18.969999999999999,9000,75,18.954623999999999
2020-01-08 05:00:00+00:00,18.969999999999999,18.969999999999999,18.969999999999999,18.969999999999999,0,0,0
2020-01-09 05:00:00+00:00,18.969999999999999,19.120000000000001,18.920000000000002,19.050000000000001,10654,72,18.957930000000001
2020-01-10 05:00:00+00:00,19.037500000000001,19.039000000000001,19.037500000000001,19.039000000000001,909,14,19.037870000000002
2020-01-13 05:00:00+00:00,19.039000000000001,19.039000000000001,19.039000000000001,19.039000000000001,0,0,0
2020-01-14 05:00:00+00:00,19.059999999999999,19.079999999999998,19.059999999999999,19.059999999999999,1754,12,19.061321
2020-01-15 05:00:00+00:00,19.099799999999998,19.100000000000001,19.059999999999999,19.059999999999999,4530,50,19.062419999999999
2020-01-16 05:00:00+00:00,19.010000000000002,19.010000000000002,18.079999999999998,18.795000000000002,7209,44,18.907351999999999
2020-01-17 05:00:00+00:00,19.100000000000001,20.25,19.100000000000001,19.16,7463,67,19.504428000000001
2020-01-21 05:00:00+00:00,18.989999999999998,19.300000000000001,18.989999999999998,19.030000000000001,5553,78,19.034579000000001
2020-01-22 05:00:00+00:00,19.220800000000001,19.34,19.130199999999999,19.329999999999998,1688,32,19.200223999999999
2020-01-23 05:00:00+00:00,19.280000000000001,19.300000000000001,18.969999999999999,18.969999999999999,3339,32,19.069299000000001
2020-01-24 05:00:00+00:00,19.010000000000002,19.350000000000001,19.010000000000002,19.010000000000002,5989,18,19.018858000000002
2020-01-27 05:00:00+00:00,18.920000000000002,19.140999999999998,18.91,18.91,2306,21,18.943451
2020-01-28 05:00:00+00:00,18.946000000000002,19.09,18.925000000000001,19.030000000000001,3079,33,19.031305
2020-01-29 05:00:00+00:00,19.32,19.66,18.877400000000002,19.329999999999998,10824,482,19.246403000000001
2020-01-30 05:00:00+00:00,18.9101,19.350000000000001,18.9101,19.07,9969,153,19.223317999999999
2020-01-31 05:00:00+00:00,18.830100000000002,19.280000000000001,18.830100000000002,19.140000000000001,1579,31,18.938410000000001
2020-02-03 05:00:00+00:00,19.120000000000001,19.149999999999999,18.82,19.010000000000002,10588,215,19.027882000000002
2020-02-04 05:00:00+00:00,18.899999999999999,19.635000000000002,18.899999999999999,19.635000000000002,8380,162,19.270358999999999
2020-02-05 05:00:00+00:00,19.260000000000002,19.699999999999999,19.260000000000002,19.699999999999999,8794,290,19.484624
2020-02-06 05:00:00+00:00,19.5185,20.09,19.5185,19.949999999999999,15860,198,19.815809000000002
2020-02-07 05:00:00+00:00,19.550000000000001,20.489999999999998,19.550000000000001,20.010000000000002,82897,681,19.983073999999998
2020-02-10 05:00:00+00:00,20.129999999999999,20.390000000000001,19.530000000000001,19.870000000000001,6012,187,19.994778
2020-02-11 05:00:00+00:00,19.870000000000001,20.100000000000001,19.618300000000001,20.100000000000001,3468,73,19.706489000000001
2020-02-12 05:00:00+00:00,19.670000000000002,20.489999999999998,19.349399999999999,20.050000000000001,10439,175,19.954077000000002
2020-02-13 05:00:00+00:00,19.704999999999998,20.175000000000001,19.704999999999998,20.059999999999999,8137,119,19.986802000000001
2020-02-14 05:00:00+00:00,20.050000000000001,20.050000000000001,19.75,19.899999999999999,3239,38,19.896719999999998
2020-02-18 05:00:00+00:00,19.530000000000001,19.969999999999999,19.449999999999999,19.695,18779,121,19.744261000000002
2020-02-19 05:00:00+00:00,19.530000000000001,19.899999999999999,19.530000000000001,19.699999999999999,6846,77,19.730153999999999
2020-02-20 05:00:00+00:00,19.710000000000001,19.710000000000001,19.710000000000001,19.710000000000001,778,22,19.710000000000001
2020-02-21 05:00:00+00:00,19.710000000000001,19.899999999999999,19.545000000000002,19.800000000000001,15510,162,19.757048000000001
2020-02-24 05:00:00+00:00,19.800000000000001,19.98,19.41,19.52,18140,126,19.746376999999999
2020-02-25 05:00:00+00:00,19.449999999999999,19.600000000000001,19.18,19.530000000000001,8614,150,19.477784
2020-02-26 05:00:00+00:00,19.389099999999999,19.640000000000001,18.600000000000001,18.879999999999999,15041,113,19.153593000000001
2020-02-27 05:00:00+00:00,19,19.980799999999999,18.329999999999998,18.5,33128,222,18.687068
2020-02-28 05:00:00+00:00,18.645,18.835000000000001,18.3992,18.739999999999998,8975,128,18.736276
2020-03-02 05:00:00+00:00,17.652999999999999,19,17.652999999999999,18.710000000000001,14901,64,18.668652999999999
2020-03-03 05:00:00+00:00,18.949999999999999,19.649999999999999,18.949999999999999,19.559999999999999,4087,47,19.315753000000001
2020-03-04 05:00:00+00:00,19.460000000000001,19.460000000000001,18.350000000000001,18.399999999999999,10816,107,18.920302
2020-03-05 05:00:00+00:00,18.411200000000001,18.684999999999999,18.359999999999999,18.399999999999999,5942,52,18.613987999999999
2020-03-06 05:00:00+00:00,18,18,17.84,17.84,2091,14,17.932174
2020-03-09 04:00:00+00:00,15.9,16.699999999999999,15.869999999999999,16.114999999999998,7456,171,15.982336
2020-03-10 04:00:00+00:00,16.219999999999999,16.800000000000001,16.219999999999999,16.690000000000001,9706,339,16.377889
2020-03-11 04:00:00+00:00,17.225000000000001,17.225000000000001,16.09,16.859999999999999,10882,160,16.453961
2020-03-12 04:00:00+00:00,16.25,17.879999999999999,15.33,15.33,10680,124,16.106245999999999
2020-03-13 04:00:00+00:00,15.75,15.75,15.33,15.33,9337,143,15.507262000000001
2020-03-16 04:00:00+00:00,14.01,15.220000000000001,14,14,8412,144,14.151381000000001
2020-03-17 04:00:00+00:00,14.206099999999999,14.9399,14.07,14.5,27712,80,14.794658
2020-03-18 04:00:00+00:00,14.257999999999999,14.58,10.51,10.550000000000001,12265,189,13.199674999999999
2020-03-19 04:00:00+00:00,10.609999999999999,11.4025,9.3100000000000005,10.630000000000001,34076,260,10.450369
2020-03-20 04:00:00+00:00,10.07,12.58,9.0600000000000005,10.550000000000001,12443,76,10.414149
2020-03-23 04:00:00+00:00,10.289999999999999,11.037599999999999,10.119999999999999,10.119999999999999,5472,40,10.336501999999999
2020-03-24 04:00:00+00:00,10.02,10.880000000000001,9.0199999999999996,10.880000000000001,10284,65,9.9901129999999991
2020-03-25 04:00:00+00:00,10.51,11.640000000000001,10.5,10.609999999999999,6199,76,10.719192
2020-03-26 04:00:00+00:00,11.880000000000001,13.07,10.859999999999999,11.26,4915,62,11.775805999999999
2020-03-27 04:00:00+00:00,11.9,11.9,11,11.529999999999999,2770,103,11.358497
2020-03-30 04:00:00+00:00,11.539999999999999,11.84,11.300000000000001,11.300000000000001,2727,39,11.491168
2020-03-31 04:00:00+00:00,11.9,11.9,11.029999999999999,11.119999999999999,5771,40,11.199075000000001
2020-04-01 04:00:00+00:00,11,11.23,10.82,11.220000000000001,7800,78,10.959056
2020-04-02 04:00:00+00:00,11.130000000000001,12.390000000000001,11.130000000000001,11.76,8642,142,11.742149
2020-04-03 04:00:00+00:00,12.380000000000001,12.380000000000001,10.82,12.17,4397,53,11.805286000000001
2020-04-06 04:00:00+00:00,11.220000000000001,12,10.26,11.65,7038,68,11.779742000000001
2020-04-07 04:00:00+00:00,12.02,12.4,11.720000000000001,12.25,5516,52,11.937506000000001
2020-04-08 04:00:00+00:00,11.9055,12.99,11.9055,12.949999999999999,3378,87,12.680718000000001
2020-04-09 04:00:00+00:00,16.27,16.27,13.52,14.25,16914,101,14.19975
2020-04-13 04:00:00+00:00,14.160600000000001,14.279999999999999,13.5,14.199999999999999,15463,71,13.802134000000001
2020-04-14 04:00:00+00:00,14.24,15.045,14.172499999999999,14.99,7516,247,14.761485
2020-04-15 04:00:00+00:00,12.949999999999999,14.949999999999999,12.949999999999999,14.85,3354,113,14.530663000000001
2020-04-16 04:00:00+00:00,14.449999999999999,14.92,14.449999999999999,14.609999999999999,8578,94,14.664540000000001
2020-04-17 04:00:00+00:00,14.31,14.65,12.199999999999999,13.74,12466,156,13.747731
2020-04-20 04:00:00+00:00,12.831799999999999,13.949999999999999,12.831799999999999,13.425000000000001,6404,137,13.168640999999999
2020-04-21 04:00:00+00:00,13.335000000000001,13.84,12.85,12.914199999999999,5258,95,13.351380000000001
2020-04-22 04:00:00+00:00,12.920199999999999,13.725,12.92,13.119999999999999,5461,86,13.183293000000001
2020-04-23 04:00:00+00:00,12.93,13.85,11.199999999999999,13.84,41349,287,12.913499
2020-04-24 04:00:00+00:00,13.869999999999999,13.960000000000001,13.5488,13.725,5370,52,13.79566
2020-04-27 04:00:00+00:00,13.109999999999999,14.25,12.9,13.75,24852,171,13.665535
2020-04-28 04:00:00+00:00,13.248100000000001,14.300000000000001,13.248100000000001,13.9,18099,189,13.787986
2020-04-29 04:00:00+00:00,14,15.18,13.75,14.800000000000001,15969,160,14.314988
2020-04-30 04:00:00+00:00,14.6,14.6,14.31,14.5,14749,110,14.510501
2020-05-01 04:00:00+00:00,14,15.98,13.51,15.98,7084,102,13.992100000000001
2020-05-04 04:00:00+00:00,15.800000000000001,16.420000000000002,15.300000000000001,15.94,21078,370,15.716799999999999
2020-05-05 04:00:00+00:00,15.15,15.702500000000001,15,15.4,23017,217,15.269031999999999
2020-05-06 04:00:00+00:00,15.5246,15.612500000000001,15.15,15.300000000000001,13294,134,15.330780000000001
2020-05-07 04:00:00+00:00,14.33,15.15,14.33,15.000999999999999,11123,162,14.994512
2020-05-08 04:00:00+00:00,14.5,15.970000000000001,14.5,15.35,19095,290,15.301057999999999
2020-05-11 04:00:00+00:00,14.6813,15.039999999999999,14.35,14.35,28806,382,14.769629
2020-05-12 04:00:00+00:00,14.699999999999999,14.98,13.83,14.56,15009,201,14.785136
2020-05-13 04:00:00+00:00,14.33,14.470000000000001,14.15,14.470000000000001,9716,166,14.326453000000001
2020-05-14 04:00:00+00:00,14.16,14.550000000000001,14.16,14.31,7468,86,14.466324999999999
2020-05-15 04:00:00+00:00,14.48,14.545,14.48,14.5,5742,128,14.525606
2020-05-18 04:00:00+00:00,14.550000000000001,16,14.4,16,18692,199,15.091319
2020-05-19 04:00:00+00:00,15.380000000000001,15.85,15.27,15.5,15660,228,15.586641999999999
2020-05-20 04:00:00+00:00,15.5,15.539999999999999,15.300000000000001,15.4,20968,232,15.425924999999999
2020-05-21 04:00:00+00:00,14.755000000000001,15.720000000000001,14.755000000000001,15.119999999999999,14304,117,15.463877999999999
2020-05-22 04:00:00+00:00,15.42,15.4999,15.24,15.300000000000001,30053,301,15.339444
2020-05-26 04:00:00+00:00,15.31,15.699999999999999,14.359999999999999,15.59,19772,281,15.513876
2020-05-27 04:00:00+00:00,15.5,15.5,14.51,15.33,19956,293,15.396547
2020-05-28 04:00:00+00:00,15.5,15.609999999999999,15.119999999999999,15.119999999999999,23377,219,15.465525
2020-05-29 04:00:00+00:00,15.029999999999999,15.74,15.012,15.460000000000001,9505,139,15.334061
2020-06-01 04:00:00+00:00,15.475,15.955,15.475,15.65,12443,209,15.756437
2020-06-02 04:00:00+00:00,15.58,15.695,15.215,15.35,34716,479,15.490174
2020-06-03 04:00:00+00:00,15.300000000000001,15.59,15.15,15.460000000000001,44412,294,15.237816
2020-06-04 04:00:00+00:00,15.215,16.024999999999999,15.0206,15.56,31139,612,15.518131
2020-06-05 04:00:00+00:00,15.75,17.010000000000002,15.230600000000001,16.84,29568,361,15.954164
2020-06-08 04:00:00+00:00,18.510000000000002,18.510000000000002,15.8028,17.5,29573,637,17.16675
2020-06-09 04:00:00+00:00,17.5,17.66,16.809999999999999,17.140000000000001,17961,257,17.258462000000002
2020-06-10 04:00:00+00:00,17.02,17.48,16.73,17.280000000000001,26981,274,17.178598000000001
2020-06-11 04:00:00+00:00,16.030000000000001,17.670000000000002,16.030000000000001,17.039999999999999,11483,412,16.999828000000001
2020-06-12 04:00:00+00:00,16.721599999999999,17.5,16.719999999999999,16.800000000000001,18280,254,16.870291000000002
2020-06-15 04:00:00+00:00,16.52,16.800000000000001,14.49,16.469999999999999,27200,283,16.276775000000001
2020-06-16 04:00:00+00:00,16.670000000000002,17.41,16.66,17.199999999999999,19735,292,17.110389999999999
2020-06-17 04:00:00+00:00,17,17.09,16.625,16.809999999999999,13289,182,16.91883
2020-06-18 04:00:00+00:00,16.850000000000001,17.170000000000002,16.850000000000001,16.870000000000001,21534,351,16.977577
2020-06-19 04:00:00+00:00,16.934999999999999,17.079999999999998,16.719999999999999,16.949999999999999,18335,202,16.933402999999998
2020-06-22 04:00:00+00:00,16.760000000000002,17.190000000000001,16.75,16.75,28432,397,16.879111000000002
2020-06-23 04:00:00+00:00,16.850000000000001,17.09,16.789999999999999,16.789999999999999,34487,938,16.945512000000001
2020-06-24 04:00:00+00:00,16.940000000000001,17.030000000000001,16.109999999999999,16.73,42243,1024,16.78285
2020-06-25 04:00:00+00:00,16.789999999999999,17.199999999999999,16.305,16.949999999999999,67289,1080,16.925187000000001
2020-06-26 04:00:00+00:00,16.829999999999998,17.329999999999998,15.390000000000001,16.25,1376317,1858,16.270879999999998
2020-06-29 04:00:00+00:00,16.68,16.73,15.859999999999999,16.73,41918,523,16.636633
2020-06-30 04:00:00+00:00,16.600000000000001,16.73,16.149999999999999,16.620000000000001,30237,339,16.552990999999999
2020-07-01 04:00:00+00:00,16.5,17.68,16.48,17.140000000000001,15317,283,17.120377999999999
2020-07-02 04:00:00+00:00,17.199999999999999,18.920000000000002,16.670000000000002,16.989999999999998,7795,112,17.289611000000001
2020-07-06 04:00:00+00:00,17.32,17.57,16.469999999999999,16.600000000000001,18603,338,16.851130999999999
2020-07-07 04:00:00+00:00,16.57,16.57,14.81,14.890000000000001,12142,241,15.227947
2020-07-08 04:00:00+00:00,14.82,15.529999999999999,13.494999999999999,14.69,15841,201,14.314792000000001
2020-07-09 04:00:00+00:00,14.449999999999999,15.68,13.109999999999999,13.4,19884,346,13.742098
2020-07-10 04:00:00+00:00,13.27,14.17,13.27,13.9,19797,235,13.759664000000001
2020-07-13 04:00:00+00:00,13.970000000000001,13.970000000000001,13.640000000000001,13.65,5848,43,13.676902
2020-07-14 04:00:00+00:00,13.845000000000001,14.24,13.66,14.16,5929,80,13.990888999999999
2020-07-15 04:00:00+00:00,14.359999999999999,15.26,14.359999999999999,14.85,21399,246,14.897306
2020-07-16 04:00:00+00:00,15,15.24,14.9101,15.24,29334,256,15.046018
2020-07-17 04:00:00+00:00,15.050000000000001,15.050000000000001,13.779299999999999,14.529999999999999,7452,100,14.485158999999999
2020-07-20 04:00:00+00:00,14.23,15.33,13.7501,14.199999999999999,4768,50,14.317487
2020-07-21 04:00:00+00:00,14.199999999999999,14.800000000000001,13.869999999999999,14,8239,118,14.082537
2020-07-22 04:00:00+00:00,14.0525,14.5,14.0525,14.5,6081,73,14.423738
2020-07-23 04:00:00+00:00,14.629200000000001,14.75,14.380000000000001,14.550000000000001,12007,91,14.579354
2020-07-24 04:00:00+00:00,14.550000000000001,14.550000000000001,14.1,14.1,10482,118,14.353147
2020-07-27 04:00:00+00:00,13.92,14.135,13.9,14.050000000000001,5520,83,14.009513999999999
2020-07-28 04:00:00+00:00,14.18,14.404999999999999,13.82,14.02,6926,106,14.098808
2020-07-29 04:00:00+00:00,13.82,14.246499999999999,13.82,13.859999999999999,5440,80,13.940045
2020-07-30 04:00:00+00:00,13.640000000000001,13.82,12.609999999999999,13,11790,181,13.209671
2020-07-31 04:00:00+00:00,12.880000000000001,13.19,12.130000000000001,12.42,23647,270,12.621414
2020-08-03 04:00:00+00:00,12.390000000000001,13.289999999999999,12.390000000000001,13.1,29192,258,12.932727
2020-08-04 04:00:00+00:00,12.98,13.44,12.82,13.07,23885,262,13.106928999999999
2020-08-05 04:00:00+00:00,13.140000000000001,13.19,13.119999999999999,13.15,19371,158,13.145599000000001
2020-08-06 04:00:00+00:00,13.050000000000001,13.050000000000001,12.869999999999999,13,5537,77,12.927542000000001
2020-08-07 04:00:00+00:00,12.98,13.1,12.869999999999999,13,21789,214,12.988851
2020-08-10 04:00:00+00:00,13.17,14.135,13.050000000000001,14.130000000000001,16785,215,13.7674
2020-08-11 04:00:00+00:00,14.4,14.4,12.82,12.82,33281,402,13.818756
2020-08-12 04:00:00+00:00,13.140000000000001,14.1,13.140000000000001,13.31,14264,217,13.420685000000001
2020-08-13 04:00:00+00:00,13.35,13.69,13.030099999999999,13.039999999999999,7774,204,13.309139999999999
2020-08-14 04:00:00+00:00,13.039999999999999,13.710000000000001,12.994999999999999,13.35,10045,180,13.175444000000001
2020-08-17 04:00:00+00:00,13.460000000000001,13.805,13.24,13.41,8158,92,13.515362
2020-08-18 04:00:00+00:00,13.3001,13.449999999999999,13.199999999999999,13.199999999999999,7137,133,13.306009
2020-08-19 04:00:00+00:00,13.4,13.7301,13.02,13.02,11574,267,13.320997
2020-08-20 04:00:00+00:00,12.83,13.16,12.83,13.029999999999999,8512,197,12.960542
2020-08-21 04:00:00+00:00,13.08,13.522500000000001,13.08,13.359999999999999,19336,203,13.253614000000001
2020-08-24 04:00:00+00:00,13.215,14.279999999999999,13.215,14.18,5771,124,13.811232
2020-08-25 04:00:00+00:00,13.93,14.710000000000001,13.93,14.029999999999999,5988,104,14.230783000000001
2020-08-26 04:00:00+00:00,14.35,14.460000000000001,14.199999999999999,14.199999999999999,8594,239,14.244073
2020-08-27 04:00:00+00:00,14.44,14.44,13.83,13.83,2809,44,13.902208999999999
2020-08-28 04:00:00+00:00,14.34,14.51,14.199999999999999,14.48,7451,179,14.398814
2020-08-31 04:00:00+00:00,14.6,14.6,13.84,13.84,15794,167,14.073961000000001
2020-09-01 04:00:00+00:00,14.08,14.43,14.029999999999999,14.43,8769,178,14.27678
2020-09-02 04:00:00+00:00,14.265000000000001,14.640000000000001,14.265000000000001,14.640000000000001,2618,85,14.574679
2020-09-03 04:00:00+00:00,14.789999999999999,14.789999999999999,14,14.4,13857,233,14.482937
2020-09-04 04:00:00+00:00,14.34,14.619999999999999,14.08,14.380000000000001,8338,147,14.313219
2020-09-08 04:00:00+00:00,14.220000000000001,14.906499999999999,14.01,14.51,15695,352,14.48868
2020-09-09 04:00:00+00:00,14.4,14.65,14.25,14.25,14034,312,14.388712
2020-09-10 04:00:00+00:00,14.49,14.58,14.210000000000001,14.460000000000001,9361,111,14.446320999999999
2020-09-11 04:00:00+00:00,14.49,14.58,13.529999999999999,13.529999999999999,18766,187,14.088827
2020-09-14 04:00:00+00:00,13.789999999999999,14.35,13.789999999999999,14.289999999999999,8607,172,14.164538
2020-09-15 04:00:00+00:00,14.300000000000001,14.49,14.289999999999999,14.31,8192,138,14.306925
2020-09-16 04:00:00+00:00,14.449999999999999,14.619999999999999,14.449999999999999,14.449999999999999,14516,117,14.469493999999999
2020-09-17 04:00:00+00:00,14.039999999999999,14.23,13.710000000000001,14.16,10603,147,13.933883
2020-09-18 04:00:00+00:00,14.390000000000001,14.390000000000001,13.529999999999999,14.16,58099,342,14.19603
2020-09-21 04:00:00+00:00,13.92,13.960000000000001,13.15,13.4,17848,269,13.475647
2020-09-22 04:00:00+00:00,13.27,13.27,12.630000000000001,12.67,11203,211,12.869706000000001
2020-09-23 04:00:00+00:00,12.75,13,12.57,12.800000000000001,12181,215,12.765086999999999
2020-09-24 04:00:00+00:00,12.93,13.135,12.800000000000001,12.800000000000001,8474,188,12.878374000000001
2020-09-25 04:00:00+00:00,12.75,13.210000000000001,12.015000000000001,12.32,17462,278,12.386297000000001
2020-09-28 04:00:00+00:00,12.44,12.84,12.205,12.69,11748,168,12.504609
2020-09-29 04:00:00+00:00,12.57,13.567500000000001,12.57,13.390000000000001,12074,295,13.174761
2020-09-30 04:00:00+00:00,13.449999999999999,13.66,13.199999999999999,13.49,7625,151,13.488407
2020-10-01 04:00:00+00:00,13.619999999999999,14.550000000000001,13.57,14.42,20801,279,14.120746
2020-10-02 04:00:00+00:00,14.08,14.785,14.08,14.640000000000001,13156,147,14.544530999999999
2020-10-05 04:00:00+00:00,14.390000000000001,14.949999999999999,14.390000000000001,14.949999999999999,7634,109,14.881767
2020-10-06 04:00:00+00:00,14.800000000000001,14.916499999999999,14.609999999999999,14.609999999999999,10711,219,14.757327
2020-10-07 04:00:00+00:00,14.619999999999999,15.24,14.361800000000001,15.24,18251,182,15.071837
2020-10-08 04:00:00+00:00,15.359999999999999,15.460000000000001,15,15.460000000000001,16984,205,15.229955
2020-10-09 04:00:00+00:00,15.640000000000001,15.74,15.5,15.74,3479,61,15.665302000000001
2020-10-12 04:00:00+00:00,15.74,15.9,15.584,15.9,6240,91,15.813625
2020-10-13 04:00:00+00:00,15.74,15.98,15,15.98,5195,98,15.769743
2020-10-14 04:00:00+00:00,15.56,16,15.56,15.74,11844,123,15.791385999999999
2020-10-15 04:00:00+00:00,15.59,15.99,15.56,15.99,8191,132,15.747792
2020-10-16 04:00:00+00:00,15.779999999999999,16,15.1,15.960000000000001,14777,138,15.852017999999999
2020-10-19 04:00:00+00:00,15.91,15.91,15.44,15.44,7790,75,15.678663
2020-10-20 04:00:00+00:00,15.550000000000001,15.795,15.550000000000001,15.6,15591,162,15.602195
2020-10-21 04:00:00+00:00,15.6,15.9,15.450100000000001,15.9,22962,153,15.617497999999999
2020-10-22 04:00:00+00:00,15.890000000000001,15.935,15.85,15.85,19209,200,15.881073000000001
2020-10-23 04:00:00+00:00,15.449999999999999,15.98,15.449999999999999,15.98,17906,181,15.907659000000001
2020-10-26 04:00:00+00:00,15.77,15.869999999999999,15.76,15.83,9596,128,15.809867000000001
2020-10-27 04:00:00+00:00,15.57,15.779999999999999,15.49,15.68,16538,141,15.637319
2020-10-28 04:00:00+00:00,15.699999999999999,15.994999999999999,14.75,15.33,9245,187,15.215937
2020-10-29 04:00:00+00:00,15.199999999999999,15.24,14.460000000000001,15.24,8425,191,15.007042999999999
2020-10-30 04:00:00+00:00,14.890000000000001,15.550000000000001,14.890000000000001,15.34,10318,139,15.35145
2020-11-02 05:00:00+00:00,15.15,15.9899,15.15,15.699999999999999,9180,84,15.704510000000001
2020-11-03 05:00:00+00:00,15.99,15.99,15.58,15.99,11938,239,15.938696999999999
2020-11-04 05:00:00+00:00,15.699999999999999,15.710000000000001,15.33,15.539999999999999,11350,231,15.468235
2020-11-05 05:00:00+00:00,15.369999999999999,15.685,15.369999999999999,15.619999999999999,6189,118,15.588498
2020-11-06 05:00:00+00:00,15.75,15.77,15.49,15.49,5671,39,15.533537000000001
2020-11-09 05:00:00+00:00,15.550000000000001,16.640000000000001,15.550000000000001,16.620000000000001,120645,406,16.200733
2020-11-10 05:00:00+00:00,16.82,18.600000000000001,16.82,18.039999999999999,45988,729,17.800992999999998
2020-11-11 05:00:00+00:00,18.260000000000002,18.260000000000002,17.91,17.989999999999998,21547,125,18.046467
2020-11-12 05:00:00+00:00,17.399999999999999,18.135000000000002,16.800000000000001,17.300000000000001,20324,267,17.586846000000001
2020-11-13 05:00:00+00:00,17.620000000000001,18.02,17.620000000000001,17.829999999999998,14369,258,17.894214000000002
2020-11-16 05:00:00+00:00,17.879999999999999,18.837399999999999,17.5,18.609999999999999,31281,316,18.546400999999999
2020-11-17 05:00:00+00:00,18.27,18.844999999999999,18.109999999999999,18.109999999999999,18324,286,18.442920000000001
2020-11-18 05:00:00+00:00,18.379999999999999,18.789999999999999,17.780000000000001,17.899999999999999,18562,200,18.207839
2020-11-19 05:00:00+00:00,17.98,18.300000000000001,17.469999999999999,17.899999999999999,13455,244,18.072610999999998
2020-11-20 05:00:00+00:00,17.59,19.010000000000002,17.5,18.5,36080,434,18.285675000000001
2020-11-23 05:00:00+00:00,18.68,18.914999999999999,17.57,18.379999999999999,28559,501,18.337329
2020-11-24 05:00:00+00:00,18.629999999999999,18.719999999999999,18.050000000000001,18.579999999999998,29894,330,18.574106
2020-11-25 05:00:00+00:00,18.210000000000001,18.704999999999998,17.870000000000001,17.870000000000001,29794,582,18.252746999999999
2020-11-27 05:00:00+00:00,18.190000000000001,18.190000000000001,17.555,17.555,10473,162,17.976962
2020-11-30 05:00:00+00:00,17.379999999999999,17.379999999999999,16.719999999999999,17.120000000000001,23585,430,17.138345000000001
2020-12-01 05:00:00+00:00,17.140000000000001,18.140000000000001,17.140000000000001,18.09,13098,409,17.834
2020-12-02 05:00:00+00:00,17.539999999999999,18.572500000000002,17.539999999999999,18.489999999999998,16190,392,18.342209
2020-12-03 05:00:00+00:00,18.600000000000001,18.600000000000001,17.789999999999999,17.789999999999999,11795,291,18.168863999999999
2020-12-04 05:00:00+00:00,18.149999999999999,18.68,18.034199999999998,18.68,13979,289,18.349791
2020-12-07 05:00:00+00:00,17.960000000000001,18.710000000000001,17.93,18.350000000000001,20674,246,18.350386
2020-12-08 05:00:00+00:00,18.170000000000002,18.550000000000001,18.170000000000002,18.469999999999999,13920,195,18.443218000000002
2020-12-09 05:00:00+00:00,18.600000000000001,18.649999999999999,18.280000000000001,18.460000000000001,16269,152,18.486713000000002
2020-12-10 05:00:00+00:00,18.48,18.600000000000001,18.411899999999999,18.600000000000001,13078,294,18.519326
2020-12-11 05:00:00+00:00,18.57,18.57,18.23,18.460000000000001,8592,238,18.437280999999999
2020-12-14 05:00:00+00:00,18.280000000000001,18.550000000000001,18.0916,18.100000000000001,26199,382,18.233353999999999
2020-12-15 05:00:00+00:00,18.25,18.989999999999998,17.98,18.600000000000001,18330,245,18.457460000000001
2020-12-16 05:00:00+00:00,18.670000000000002,18.928000000000001,18.59,18.59,11062,204,18.709244000000002
2020-12-17 05:00:00+00:00,18.550000000000001,18.9039,17.539999999999999,18.699999999999999,17293,258,18.634869999999999
2020-12-18 05:00:00+00:00,18.5,18.949999999999999,18.039999999999999,18.5,128269,515,18.534362000000002
2020-12-21 05:00:00+00:00,18.59,18.920000000000002,18.25,18.510000000000002,28874,342,18.568778999999999
2020-12-22 05:00:00+00:00,18.539999999999999,18.539999999999999,18.350000000000001,18.489999999999998,9989,171,18.478635000000001
2020-12-23 05:00:00+00:00,18.5,18.52,18.210000000000001,18.300000000000001,15111,142,18.405311999999999
2020-12-24 05:00:00+00:00,18.120000000000001,18.469999999999999,17.960000000000001,17.960000000000001,6723,50,18.108473
2020-12-28 05:00:00+00:00,18.23,18.414999999999999,18.100000000000001,18.100000000000001,20362,184,18.267392999999998
2020-12-29 05:00:00+00:00,18.25,18.25,17.710000000000001,17.77,21612,130,18.077866
2020-12-30 05:00:00+00:00,17.98,18.100000000000001,17.690000000000001,17.809999999999999,18653,213,17.938651
2020-12-31 05:00:00+00:00,17.940000000000001,18.350000000000001,17.940000000000001,18.280000000000001,15170,154,18.219166999999999
2021-01-04 05:00:00+00:00,18.260000000000002,18.260000000000002,17.66,17.66,20117,182,17.835197999999998
2021-01-05 05:00:00+00:00,17.809999999999999,18.300000000000001,17.66,18.039999999999999,11663,165,18.009886000000002
2021-01-06 05:00:00+00:00,18.309999999999999,18.960000000000001,18.109999999999999,18.57,73255,302,18.520821000000002
2021-01-07 05:00:00+00:00,18.5,18.91,18.27,18.789999999999999,39414,311,18.670893
2021-01-08 05:00:00+00:00,18.800000000000001,18.855,18.385000000000002,18.620000000000001,22717,268,18.717448999999998
2021-01-11 05:00:00+00:00,18.420000000000002,18.649999999999999,18.420000000000002,18.649999999999999,9057,175,18.587334999999999
2021-01-12 05:00:00+00:00,18.699999999999999,19.09,18.43,18.539999999999999,16573,284,18.816462000000001
2021-01-13 05:00:00+00:00,18.420000000000002,18.739999999999998,18.324999999999999,18.550000000000001,8756,139,18.501045999999999
2021-01-14 05:00:00+00:00,18.905000000000001,18.905000000000001,18.469999999999999,18.620000000000001,16084,161,18.659679000000001
2021-01-15 05:00:00+00:00,18.449999999999999,18.650099999999998,17.710000000000001,17.879999999999999,17534,211,18.280266999999998
2021-01-19 05:00:00+00:00,18,18.300000000000001,17.170000000000002,17.219999999999999,22128,393,17.625283
2021-01-20 05:00:00+00:00,17.460000000000001,17.510000000000002,17.059999999999999,17.25,14408,219,17.298459000000001
2021-01-21 05:00:00+00:00,17.199999999999999,17.329999999999998,16.780000000000001,16.899999999999999,15537,213,17.027024999999998
2021-01-22 05:00:00+00:00,16.879999999999999,17.059999999999999,16.879999999999999,17,14778,91,17.001514
2021-01-25 05:00:00+00:00,16.82,17.282800000000002,16.440000000000001,16.82,16841,258,16.867553999999998
2021-01-26 05:00:00+00:00,17.010000000000002,17.129999999999999,16.739999999999998,16.940000000000001,10435,199,16.978362000000001
2021-01-27 05:00:00+00:00,16.77,16.949999999999999,16.02,16.890000000000001,21673,390,16.633972
2021-01-28 05:00:00+00:00,17.100000000000001,17.120000000000001,16.278199999999998,17.09,15098,258,16.888290000000001
2021-01-29 05:00:00+00:00,17.109999999999999,17.379999999999999,16.699999999999999,17.280000000000001,18201,302,17.105367999999999
2021-02-01 05:00:00+00:00,17.289999999999999,18.039999999999999,16.989999999999998,17.66,17121,261,17.598735000000001
2021-02-02 05:00:00+00:00,17.800000000000001,18.399999999999999,17.800000000000001,17.890000000000001,7937,166,18.013252999999999
2021-02-03 05:00:00+00:00,18,18.390000000000001,17.800000000000001,18.350000000000001,10521,141,18.229624000000001
2021-02-04 05:00:00+00:00,18.370000000000001,18.370000000000001,17.900099999999998,18.289999999999999,11540,174,18.227554999999999
2021-02-05 05:00:00+00:00,18.300000000000001,18.300000000000001,17.905000000000001,18.280000000000001,10668,256,18.139126000000001
2021-02-08 05:00:00+00:00,18.629999999999999,19.309999999999999,18.140000000000001,18.800000000000001,39801,429,18.921327000000002
2021-02-09 05:00:00+00:00,18.710000000000001,18.899999999999999,18.265000000000001,18.899999999999999,20052,362,18.599415
2021-02-10 05:00:00+00:00,18.579999999999998,18.8506,17.43,18.329999999999998,44040,504,18.333017999999999
2021-02-11 05:00:00+00:00,18.552299999999999,18.629999999999999,18.039999999999999,18.300000000000001,27440,325,18.311626
2021-02-12 05:00:00+00:00,18.48,18.48,18.020099999999999,18.379999999999999,17199,203,18.226868
2021-02-16 05:00:00+00:00,18.300000000000001,19.489899999999999,18.300000000000001,19.010000000000002,25853,263,18.818055999999999
2021-02-17 05:00:00+00:00,19.100000000000001,19.170000000000002,18.5,18.699999999999999,9763,224,18.833338000000001
2021-02-18 05:00:00+00:00,18.699999999999999,18.699999999999999,18.25,18.41,17849,220,18.456693000000001
2021-02-19 05:00:00+00:00,18.449999999999999,19.109999999999999,18.449999999999999,19.109999999999999,14336,147,18.931958000000002
2021-02-22 05:00:00+00:00,18.649999999999999,19.239999999999998,18.649999999999999,18.75,22591,270,18.895997999999999
2021-02-23 05:00:00+00:00,18.949999999999999,19.303599999999999,18.725000000000001,19.140000000000001,16202,240,19.03379
2021-02-24 05:00:00+00:00,19.059999999999999,19.98,19.059999999999999,19.559999999999999,21100,355,19.483844000000001
2021-02-25 05:00:00+00:00,19.460000000000001,19.831900000000001,18.649999999999999,18.649999999999999,19011,348,19.144214000000002
2021-02-26 05:00:00+00:00,18.899999999999999,19.170000000000002,17.16,17.289999999999999,41105,516,18.324665
2021-03-01 05:00:00+00:00,17.379999999999999,19.120000000000001,17.379999999999999,18.390000000000001,24898,398,18.031787999999999
2021-03-02 05:00:00+00:00,19.586400000000001,19.586400000000001,18.204999999999998,18.309999999999999,15256,321,18.479185000000001
2021-03-03 05:00:00+00:00,18.550000000000001,19.079999999999998,18.210000000000001,18.84,8833,150,18.789742
2021-03-04 05:00:00+00:00,19.039999999999999,19.559999999999999,19,19.440000000000001,35120,852,19.265488999999999
2021-03-05 05:00:00+00:00,19.809999999999999,19.969999999999999,19.16,19.440000000000001,39770,751,19.615932000000001
2021-03-08 05:00:00+00:00,19.210000000000001,19.629999999999999,19.210000000000001,19.449999999999999,43531,602,19.421313999999999
2021-03-09 05:00:00+00:00,19.48,19.555,19.129999999999999,19.25,27580,309,19.348821999999998
2021-03-10 05:00:00+00:00,19.25,19.43,19.190000000000001,19.43,22647,489,19.344072000000001
2021-03-11 05:00:00+00:00,19.399999999999999,19.449999999999999,19.25,19.399999999999999,26507,318,19.397849000000001
2021-03-12 05:00:00+00:00,19.399999999999999,19.614999999999998,19.190000000000001,19.489999999999998,23424,262,19.450544000000001
2021-03-15 04:00:00+00:00,19.739999999999998,19.739999999999998,17.954999999999998,19.449999999999999,28603,364,19.479908999999999
2021-03-16 04:00:00+00:00,19.449999999999999,19.449999999999999,18.870000000000001,19.129999999999999,16159,257,19.170425000000002
2021-03-17 04:00:00+00:00,19,19.02,18.629999999999999,18.789999999999999,13507,217,18.856047
2021-03-18 04:00:00+00:00,19,19.260000000000002,18.809999999999999,18.91,17178,310,19.03453
2021-03-19 04:00:00+00:00,18.829999999999998,19.199999999999999,18.5,19.199999999999999,103630,440,18.970877000000002
2021-03-22 04:00:00+00:00,18.719999999999999,19.350000000000001,18.210000000000001,18.309999999999999,30613,483,18.528213000000001
2021-03-23 04:00:00+00:00,18.210000000000001,18.530000000000001,18.210000000000001,18.350000000000001,21284,226,18.358650999999998
2021-03-24 04:00:00+00:00,18.530000000000001,19.27,18.530000000000001,18.530000000000001,15334,281,18.794335
2021-03-25 04:00:00+00:00,18.710000000000001,18.710000000000001,18.234999999999999,18.484999999999999,7938,193,18.478345000000001
2021-03-26 04:00:00+00:00,18.550000000000001,18.949999999999999,18.550000000000001,18.949999999999999,9195,192,18.798380000000002
2021-03-29 04:00:00+00:00,18.550000000000001,18.640000000000001,18.02,18.545000000000002,47320,389,18.339825000000001
2021-03-30 04:00:00+00:00,18.73,18.989999999999998,18.574999999999999,18.949999999999999,34345,452,18.887647000000001
2021-03-31 04:00:00+00:00,18.68,18.9406,18.260000000000002,18.260000000000002,40249,380,18.315162999999998
2021-04-01 04:00:00+00:00,18.350000000000001,18.579999999999998,18.059999999999999,18.579999999999998,14039,205,18.382567000000002
2021-04-05 04:00:00+00:00,18.399999999999999,18.93,18.199999999999999,18.600000000000001,39761,521,18.449359999999999
2021-04-06 04:00:00+00:00,18.649999999999999,18.789999999999999,18.16,18.219999999999999,9312,203,18.38269
2021-04-07 04:00:00+00:00,18.460000000000001,18.460000000000001,17.670000000000002,17.699999999999999,33361,528,17.898226999999999
2021-04-08 04:00:00+00:00,17.699999999999999,18.140000000000001,17.395,18,20016,223,17.865411000000002
2021-04-09 04:00:00+00:00,18.02,18.02,17.699999999999999,17.75,17699,228,17.797008000000002
2021-04-12 04:00:00+00:00,17.93,18.050000000000001,17.350000000000001,17.350000000000001,29340,361,17.746589
2021-04-13 04:00:00+00:00,17.420000000000002,17.84,16.98,17.5,8410,188,17.495118000000002
2021-04-14 04:00:00+00:00,17.329999999999998,18.039999999999999,17.210000000000001,17.300000000000001,17115,331,17.722681999999999
2021-04-15 04:00:00+00:00,17.550000000000001,18,17.289999999999999,17.73,16796,318,17.749306000000001
2021-04-16 04:00:00+00:00,17.960000000000001,18.079999999999998,17.5,17.5,19009,345,17.815314000000001
2021-04-19 04:00:00+00:00,17.600000000000001,18.149999999999999,17.600000000000001,17.780000000000001,36792,562,17.949522999999999
2021-04-20 04:00:00+00:00,17.960000000000001,18,17.149999999999999,17.190000000000001,32395,540,17.594194000000002
2021-04-21 04:00:00+00:00,17.289999999999999,17.420000000000002,17.149999999999999,17.300000000000001,18309,316,17.292145000000001
2021-04-22 04:00:00+00:00,17.460000000000001,17.850000000000001,17.300000000000001,17.670000000000002,26490,443,17.514659000000002
2021-04-23 04:00:00+00:00,17.780000000000001,18.09,17.550000000000001,17.649999999999999,19442,411,17.853943999999998
2021-04-26 04:00:00+00:00,17.800000000000001,18.120000000000001,17.800000000000001,18.010000000000002,31734,544,18.002811999999999
2021-04-27 04:00:00+00:00,18.0764,18.0764,17.899999999999999,17.899999999999999,23719,576,17.957661999999999
2021-04-28 04:00:00+00:00,18,18,17.800000000000001,17.949999999999999,16991,490,17.924188999999998
2021-04-29 04:00:00+00:00,18.010000000000002,18.050000000000001,17.829999999999998,17.93,13936,339,17.91208
2021-04-30 04:00:00+00:00,17.859999999999999,17.969999999999999,17.859999999999999,17.859999999999999,19918,388,17.870795000000001
2021-05-03 04:00:00+00:00,17.899999999999999,18.129999999999999,17.899999999999999,18.050000000000001,41299,674,18.049291
2021-05-04 04:00:00+00:00,17.920000000000002,18.079999999999998,17.920000000000002,18.010000000000002,22886,403,18.031948
2021-05-05 04:00:00+00:00,18.16,18.34,17.960000000000001,18.010000000000002,35804,666,18.129373999999999
2021-05-06 04:00:00+00:00,18.010000000000002,18.199999999999999,18,18.149999999999999,10654,255,18.089663999999999
2021-05-07 04:00:00+00:00,18.059999999999999,18.25,18.059999999999999,18.190000000000001,28658,535,18.155249000000001
2021-05-10 04:00:00+00:00,18.27,18.335000000000001,18,18,21246,598,18.136894000000002
2021-05-11 04:00:00+00:00,18,18.34,17.920000000000002,18,16635,291,18.011313000000001
2021-05-12 04:00:00+00:00,18.050000000000001,18.460000000000001,18.02,18.100000000000001,21289,771,18.150607000000001
2021-05-13 04:00:00+00:00,18.039999999999999,18.350000000000001,18.039999999999999,18.18,10349,257,18.183506000000001
2021-05-14 04:00:00+00:00,18.239999999999998,18.68,18.239999999999998,18.550000000000001,16333,339,18.514104
2021-05-17 04:00:00+00:00,18.640000000000001,18.68,18.399999999999999,18.629999999999999,29496,407,18.544924999999999
2021-05-18 04:00:00+00:00,18.52,18.800000000000001,18.359999999999999,18.699999999999999,35546,678,18.618808000000001
2021-05-19 04:00:00+00:00,18.77,18.989999999999998,18.550000000000001,18.890000000000001,24059,501,18.770237000000002
2021-05-20 04:00:00+00:00,19.010000000000002,19.460000000000001,18.949999999999999,19.460000000000001,40766,809,19.168254999999998
2021-05-21 04:00:00+00:00,19.289999999999999,19.460000000000001,19,19.190000000000001,22461,456,19.182304999999999
2021-05-24 04:00:00+00:00,19.350000000000001,19.890000000000001,19.125,19.68,22468,435,19.446476000000001
2021-05-25 04:00:00+00:00,19.748999999999999,19.761399999999998,19.100000000000001,19.199999999999999,22955,463,19.532267000000001
2021-05-26 04:00:00+00:00,19.07,19.355,19.07,19.25,15380,458,19.205155999999999
2021-05-27 04:00:00+00:00,19.359999999999999,20,19.350000000000001,20,18239,368,19.778483000000001
2021-05-28 04:00:00+00:00,19.710000000000001,20,19.710000000000001,19.800000000000001,18474,361,19.848948
2021-06-01 04:00:00+00:00,19.800000000000001,19.957899999999999,19.59,19.59,20220,291,19.700745999999999
2021-06-02 04:00:00+00:00,19.82,19.850000000000001,19.449999999999999,19.699999999999999,9317,198,19.711793
2021-06-03 04:00:00+00:00,19.609999999999999,19.75,19.359999999999999,19.710000000000001,19922,538,19.649615000000001
2021-06-04 04:00:00+00:00,19.620000000000001,20.010000000000002,19.559999999999999,19.73,64869,571,19.891349999999999
2021-06-07 04:00:00+00:00,19.859999999999999,19.859999999999999,19.16,19.16,23883,413,19.660019999999999
2021-06-08 04:00:00+00:00,19.449999999999999,19.989899999999999,19.32,19.75,21887,591,19.742553999999998
2021-06-09 04:00:00+00:00,19.719999999999999,20.09,19.52,19.66,18799,404,19.781185000000001
2021-06-10 04:00:00+00:00,19.809999999999999,19.809999999999999,19.07,19.260000000000002,19734,772,19.462523999999998
2021-06-11 04:00:00+00:00,19.309999999999999,19.5,19.199999999999999,19.370000000000001,5513,191,19.344425999999999
2021-06-14 04:00:00+00:00,19.399999999999999,19.399999999999999,18.850000000000001,18.850000000000001,21536,435,19.046410999999999
2021-06-15 04:00:00+00:00,18.960000000000001,19.206199999999999,18.5,18.789999999999999,27518,882,18.810458000000001
2021-06-16 04:00:00+00:00,18.879999999999999,19.045000000000002,18.620000000000001,19,22896,488,18.922205000000002
2021-06-17 04:00:00+00:00,18.93,19.140000000000001,18.699999999999999,19.100000000000001,30762,786,19.030201000000002
2021-06-18 04:00:00+00:00,18.850000000000001,18.870000000000001,18.5,18.870000000000001,52939,500,18.803163000000001
2021-06-21 04:00:00+00:00,18.82,19.699999999999999,18.670000000000002,18.850000000000001,29553,1404,18.933776999999999
2021-06-22 04:00:00+00:00,18.550000000000001,18.739999999999998,18.5,18.57,26733,642,18.569918999999999
2021-06-23 04:00:00+00:00,18.6663,19.030000000000001,18.5,18.649999999999999,40317,789,18.678297000000001
2021-06-24 04:00:00+00:00,18.609999999999999,19.489999999999998,18.510000000000002,18.969999999999999,43151,906,18.745149000000001
2021-06-25 04:00:00+00:00,18.960000000000001,19.0899,18.5,18.52,1393865,1982,18.526271999999999
2021-06-28 04:00:00+00:00,18.620000000000001,19.059999999999999,18.545000000000002,18.975000000000001,36840,936,18.810782
2021-06-29 04:00:00+00:00,18.93,19.055,18.670000000000002,18.670000000000002,30794,524,18.837572999999999
2021-06-30 04:00:00+00:00,18.77,18.77,18.5,18.5,12789,272,18.662766999999999
2021-07-01 04:00:00+00:00,18.66,19.07,18.66,18.899999999999999,7922,329,18.88233
2021-07-02 04:00:00+00:00,18.84,18.875,18.68,18.68,14454,438,18.735095999999999
2021-07-06 04:00:00+00:00,18.699999999999999,18.717300000000002,18.559999999999999,18.690000000000001,9351,178,18.657971
2021-07-07 04:00:00+00:00,18.539999999999999,18.59,18.52,18.52,9027,241,18.545145999999999
2021-07-08 04:00:00+00:00,18.329999999999998,18.750900000000001,17.0762,17.620000000000001,36157,714,17.946327
2021-07-09 04:00:00+00:00,18.130600000000001,18.219999999999999,17.899999999999999,17.93,14187,186,17.933734000000001
2021-07-12 04:00:00+00:00,18,18.579999999999998,18,18.579999999999998,6511,338,18.293150000000001
2021-07-13 04:00:00+00:00,18.460000000000001,18.690000000000001,18.27,18.359999999999999,13602,186,18.432948
2021-07-14 04:00:00+00:00,18.469999999999999,18.605,18.18,18.300000000000001,5952,159,18.444911999999999
2021-07-15 04:00:00+00:00,18.329999999999998,18.59,17.974699999999999,18.59,8390,163,18.353345999999998
2021-07-16 04:00:00+00:00,18.699999999999999,18.728100000000001,18.370000000000001,18.370000000000001,9289,72,18.486129999999999
2021-07-19 04:00:00+00:00,18.219999999999999,18.859999999999999,18.059999999999999,18.059999999999999,18448,232,18.202853999999999
2021-07-20 04:00:00+00:00,18.079999999999998,18.809999999999999,18.079999999999998,18.489999999999998,35299,380,18.468433999999998
2021-07-21 04:00:00+00:00,18.649999999999999,19.2499,18.649999999999999,18.800000000000001,15991,344,18.928858000000002
2021-07-22 04:00:00+00:00,18.885400000000001,19.300000000000001,18.329999999999998,18.760000000000002,27537,342,18.813423
2021-07-23 04:00:00+00:00,18.899999999999999,19.07,18.899999999999999,19.030000000000001,6529,236,18.987949
2021-07-26 04:00:00+00:00,19.149999999999999,19.699999999999999,19.149999999999999,19.699999999999999,15302,355,19.367021999999999
2021-07-27 04:00:00+00:00,19.350000000000001,19.427,18.503499999999999,18.879999999999999,18510,193,19.080985999999999
2021-07-28 04:00:00+00:00,18.899999999999999,19.059999999999999,18.239999999999998,18.5,2659,102,18.602464000000001
2021-07-29 04:00:00+00:00,18.460000000000001,18.75,18.460000000000001,18.510000000000002,7701,121,18.529444999999999
2021-07-30 04:00:00+00:00,18.43,18.82,18.379999999999999,18.379999999999999,9112,257,18.557994000000001
2021-08-02 04:00:00+00:00,18.379999999999999,18.379999999999999,18,18.120000000000001,16719,157,18.293077
2021-08-03 04:00:00+00:00,18.120000000000001,18.870000000000001,17.760000000000002,18.199999999999999,60555,1084,18.116425
2021-08-04 04:00:00+00:00,18.109999999999999,18.170000000000002,17.899999999999999,17.899999999999999,10698,177,18.048300000000001
2021-08-05 04:00:00+00:00,18.140000000000001,18.329999999999998,18,18.32,5363,100,18.101157000000001
2021-08-06 04:00:00+00:00,18.280000000000001,18.530000000000001,18.120000000000001,18.18,8803,140,18.258285000000001
2021-08-09 04:00:00+00:00,18.18,18.18,18.059999999999999,18.059999999999999,2306,53,18.138902999999999
2021-08-10 04:00:00+00:00,18.18,18.18,18,18,5152,97,18.110139
2021-08-11 04:00:00+00:00,18.149999999999999,18.18,18.120000000000001,18.18,4283,117,18.165655999999998
2021-08-12 04:00:00+00:00,18.010000000000002,18.02,17.662700000000001,17.75,14864,237,17.97345
2021-08-13 04:00:00+00:00,18.045000000000002,18.260000000000002,18.010000000000002,18.260000000000002,8034,81,18.159814999999998
2021-08-16 04:00:00+00:00,17.98,18.350000000000001,17.5,18.039999999999999,16500,266,17.937652
2021-08-17 04:00:00+00:00,17.399999999999999,18.126200000000001,17.399999999999999,18.109999999999999,9551,219,17.649849
2021-08-18 04:00:00+00:00,17.555,18.359999999999999,17.555,18.359999999999999,4211,135,18.191286000000002
2021-08-19 04:00:00+00:00,17.989999999999998,18.359999999999999,17.719999999999999,18,52078,402,18.037367
2021-08-20 04:00:00+00:00,17.82,17.82,17.809999999999999,17.809999999999999,647,15,17.816352999999999
2021-08-23 04:00:00+00:00,17.98,18.010000000000002,17.960000000000001,18.010000000000002,4156,90,17.993244000000001
2021-08-24 04:00:00+00:00,18.010000000000002,18.010000000000002,18.010000000000002,18.010000000000002,0,0,0
2021-08-25 04:00:00+00:00,17.850000000000001,18.07,17.850000000000001,17.91,3894,177,17.894560999999999
2021-08-26 04:00:00+00:00,17.879999999999999,18.16,17.879999999999999,17.899999999999999,12332,142,17.919411
2021-08-27 04:00:00+00:00,18.030000000000001,18.449999999999999,18.02,18.25,10974,214,18.219774000000001
2021-08-30 04:00:00+00:00,18.199999999999999,18.449999999999999,17.989999999999998,18.120000000000001,4109,90,18.233021000000001
2021-08-31 04:00:00+00:00,18.239999999999998,18.449999999999999,18.100000000000001,18.27,18971,193,18.248932
2021-09-01 04:00:00+00:00,18.41,18.609999999999999,18.41,18.52,7778,117,18.486153000000002
2021-09-02 04:00:00+00:00,18.399999999999999,18.609999999999999,18.399999999999999,18.5,3765,142,18.502001
2021-09-03 04:00:00+00:00,18.280000000000001,18.469999999999999,18.16,18.190000000000001,3420,103,18.299880000000002
2021-09-07 04:00:00+00:00,18.280000000000001,18.449999999999999,18.100000000000001,18.390000000000001,4271,117,18.231172000000001
2021-09-08 04:00:00+00:00,18.289999999999999,18.449999999999999,18.100000000000001,18.370000000000001,5585,105,18.328341999999999
2021-09-09 04:00:00+00:00,18.350000000000001,18.41,18.18,18.18,3347,93,18.308567
2021-09-10 04:00:00+00:00,18.309999999999999,18.309999999999999,17.93,17.93,4893,112,18.147843000000002
2021-09-13 04:00:00+00:00,17.93,18.18,17.93,18.109999999999999,8155,130,18.05904
2021-09-14 04:00:00+00:00,18.1755,18.1755,17.949999999999999,17.949999999999999,3898,77,18.022938
2021-09-15 04:00:00+00:00,18.02,18.170000000000002,17.93,18.170000000000002,2231,86,18.052168999999999
2021-09-16 04:00:00+00:00,17.829999999999998,18.129999999999999,17.82,17.960000000000001,43335,453,17.913211
2021-09-17 04:00:00+00:00,17.859999999999999,18.07,17.850000000000001,18,25042,294,17.995857999999998
2021-09-20 04:00:00+00:00,17.579999999999998,17.719999999999999,17.559999999999999,17.699999999999999,4422,123,17.595723
2021-09-21 04:00:00+00:00,17.82,17.82,17.579999999999998,17.579999999999998,6102,131,17.70018
2021-09-22 04:00:00+00:00,17.719999999999999,17.809999999999999,17.579999999999998,17.649999999999999,2495,64,17.699660999999999
2021-09-23 04:00:00+00:00,17.780000000000001,17.850000000000001,17.780000000000001,17.850000000000001,1523,48,17.818296
2021-09-24 04:00:00+00:00,17.850000000000001,17.850000000000001,17.850000000000001,17.850000000000001,0,0,0
2021-09-27 04:00:00+00:00,18.036999999999999,18.570900000000002,18.010000000000002,18.210000000000001,11767,143,18.226562999999999
2021-09-28 04:00:00+00:00,17.898800000000001,18.379999999999999,17.719999999999999,17.91,24740,235,17.963187000000001
2021-09-29 04:00:00+00:00,18.504999999999999,18.504999999999999,17.7301,18.030000000000001,10098,127,18.129640999999999
2021-09-30 04:00:00+00:00,18.079999999999998,18.5,18.079999999999998,18.182600000000001,10504,113,18.275151000000001
2021-10-01 04:00:00+00:00,18.489899999999999,18.489899999999999,18.100000000000001,18.199999999999999,5338,82,18.252486000000001
2021-10-04 04:00:00+00:00,18.109999999999999,18.48,18.109999999999999,18.140000000000001,11893,157,18.222828
2021-10-05 04:00:00+00:00,18.149999999999999,18.43,18.149999999999999,18.43,6562,94,18.208096999999999
2021-10-06 04:00:00+00:00,18.210000000000001,18.440000000000001,18.210000000000001,18.32,3519,51,18.325257000000001
2021-10-07 04:00:00+00:00,18.34,18.440000000000001,18.045000000000002,18.300000000000001,4812,68,18.251781999999999
2021-10-08 04:00:00+00:00,18.309999999999999,18.550000000000001,18.309999999999999,18.550000000000001,3914,49,18.415998999999999
2021-10-11 04:00:00+00:00,18.239999999999998,18.530000000000001,18.239999999999998,18.329999999999998,14692,95,18.285789999999999
2021-10-12 04:00:00+00:00,18.420000000000002,18.440000000000001,18.289999999999999,18.329999999999998,2968,56,18.361774
2021-10-13 04:00:00+00:00,18.350000000000001,18.350000000000001,18.289999999999999,18.289999999999999,774,33,18.331817999999998
2021-10-14 04:00:00+00:00,18.309999999999999,18.52,18.309999999999999,18.329999999999998,1995,46,18.344588999999999
2021-10-15 04:00:00+00:00,18.48,18.48,18.18,18.350000000000001,2527,54,18.384746
2021-10-18 04:00:00+00:00,18.155000000000001,18.375,18.149999999999999,18.210000000000001,12356,140,18.274103
2021-10-19 04:00:00+00:00,18.120000000000001,18.210000000000001,18.120000000000001,18.210000000000001,4893,70,18.162839000000002
2021-10-20 04:00:00+00:00,18.539899999999999,18.550000000000001,18.170000000000002,18.543199999999999,5710,64,18.437142999999999
2021-10-21 04:00:00+00:00,18.260000000000002,18.5229,18.170000000000002,18.359999999999999,3335,65,18.413024
2021-10-22 04:00:00+00:00,18.449999999999999,18.449999999999999,18.210000000000001,18.219999999999999,1367,58,18.256588000000001
2021-10-25 04:00:00+00:00,18.260000000000002,18.300000000000001,18.260000000000002,18.300000000000001,2067,57,18.269110999999999
2021-10-26 04:00:00+00:00,18.309999999999999,18.32,18.219999999999999,18.32,2895,58,18.301945
2021-10-27 04:00:00+00:00,18.32,18.3645,18.32,18.32,3186,111,18.344242000000001
2021-10-28 04:00:00+00:00,18.32,18.530000000000001,18.32,18.530000000000001,6062,116,18.391311000000002
2021-10-29 04:00:00+00:00,18.41,18.73,18.41,18.699999999999999,7262,142,18.643367999999999
2021-11-01 04:00:00+00:00,18.699999999999999,19.149999999999999,18.699999999999999,18.960000000000001,4100,175,18.853793
2021-11-02 04:00:00+00:00,19.16,19.280000000000001,18.949999999999999,19.280000000000001,3482,75,19.201965000000001
2021-11-03 04:00:00+00:00,18.874400000000001,19.030000000000001,18.809999999999999,18.98,4609,84,18.89236
2021-11-04 04:00:00+00:00,18.800000000000001,18.995000000000001,18.800000000000001,18.995000000000001,1821,36,18.872299000000002
2021-11-05 04:00:00+00:00,18.536799999999999,18.899999999999999,18.536799999999999,18.899999999999999,648,25,18.674375999999999
2021-11-08 05:00:00+00:00,18.809999999999999,19.138300000000001,18.809999999999999,18.989999999999998,2534,47,18.880459999999999
2021-11-09 05:00:00+00:00,19.16,19.27,19.16,19.27,2734,123,19.170794000000001
2021-11-10 05:00:00+00:00,19.27,19.27,19.27,19.27,0,0,0
2021-11-11 05:00:00+00:00,18.890000000000001,18.995100000000001,18.879999999999999,18.995100000000001,1648,33,18.914415000000002
2021-11-12 05:00:00+00:00,19.109999999999999,19.109999999999999,19.109999999999999,19.109999999999999,593,31,19.109999999999999
2021-11-15 05:00:00+00:00,19.09,19.199999999999999,19.09,19.170000000000002,2717,53,19.113312000000001
2021-11-16 05:00:00+00:00,19.050000000000001,19.239999999999998,19.037299999999998,19.239999999999998,3327,98,19.079103
2021-11-17 05:00:00+00:00,19.109999999999999,19.239999999999998,19.050000000000001,19.059999999999999,3021,55,19.086693
2021-11-18 05:00:00+00:00,19.050000000000001,19.217700000000001,18.93,19.010000000000002,5895,112,19.079675999999999
2021-11-19 05:00:00+00:00,19.079999999999998,19.170000000000002,18.914999999999999,19.039999999999999,4553,91,19.043766000000002
2021-11-22 05:00:00+00:00,19.02,19.190000000000001,18.91,18.925000000000001,6815,155,19.0228
2021-11-23 05:00:00+00:00,19,19,18.84,18.84,2962,39,18.954775999999999
2021-11-24 05:00:00+00:00,18.739999999999998,18.949999999999999,18.739999999999998,18.920000000000002,1607,35,18.826474000000001
2021-11-26 05:00:00+00:00,18.73,19.34,18.719999999999999,19.120000000000001,7921,86,19.030805999999998
2021-11-29 05:00:00+00:00,18.960000000000001,19,18.6478,18.850000000000001,8127,145,18.901949999999999
2021-11-30 05:00:00+00:00,18.5,18.920000000000002,18.5,18.559999999999999,5570,72,18.708897
2021-12-01 05:00:00+00:00,18.73,18.949999999999999,18.57,18.57,3829,77,18.810514999999999
2021-12-02 05:00:00+00:00,18.539999999999999,18.949999999999999,18.5001,18.949999999999999,2367,66,18.654358999999999
2021-12-03 05:00:00+00:00,18.787500000000001,18.949999999999999,18.780200000000001,18.949999999999999,3243,70,18.912407000000002
2021-12-06 05:00:00+00:00,18.91,18.949999999999999,18.879999999999999,18.879999999999999,2973,68,18.932988999999999
2021-12-07 05:00:00+00:00,18.869800000000001,18.879999999999999,18.869800000000001,18.879999999999999,3893,64,18.879605000000002
2021-12-08 05:00:00+00:00,18.620000000000001,18.940000000000001,18.620000000000001,18.940000000000001,389,28,18.829999999999998
2021-12-09 05:00:00+00:00,18.899000000000001,18.949999999999999,18.530000000000001,18.789999999999999,4487,125,18.826402000000002
2021-12-10 05:00:00+00:00,18.75,19.039999999999999,18.739999999999998,19.039999999999999,3507,62,18.92426
2021-12-13 05:00:00+00:00,18.93,19.439900000000002,18.800000000000001,18.800000000000001,7517,127,18.94876
2021-12-14 05:00:00+00:00,19.27,19.361699999999999,18.699999999999999,18.699999999999999,8886,123,18.899294999999999
2021-12-15 05:00:00+00:00,18.920000000000002,18.949999999999999,18.8066,18.829999999999998,5455,136,18.885059999999999
2021-12-16 05:00:00+00:00,18.829999999999998,18.949999999999999,18.7499,18.949999999999999,9591,211,18.888331999999998
2021-12-17 05:00:00+00:00,18.899999999999999,18.949999999999999,18.530000000000001,18.949999999999999,9567,136,18.910568999999999
2021-12-20 05:00:00+00:00,18.68,18.949999999999999,18.68,18.949999999999999,4824,80,18.893781000000001
2021-12-21 05:00:00+00:00,18.940000000000001,18.949999999999999,18.73,18.949999999999999,6556,132,18.892292000000001
2021-12-22 05:00:00+00:00,18.75,18.850000000000001,18.73,18.73,9843,117,18.839708000000002
2021-12-23 05:00:00+00:00,18.765000000000001,18.949999999999999,18.765000000000001,18.949999999999999,4246,215,18.870714
2021-12-27 05:00:00+00:00,18.9072,19.370000000000001,18.850000000000001,18.850000000000001,4718,263,19.083608000000002
2021-12-28 05:00:00+00:00,19.18,19.5,19.18,19.5,6414,211,19.367072
2021-12-29 05:00:00+00:00,19.305,19.739999999999998,19.305,19.649999999999999,5461,97,19.632004999999999
2021-12-30 05:00:00+00:00,19.649999999999999,19.68,19.469999999999999,19.68,43371,94,19.671758000000001
2021-12-31 05:00:00+00:00,19.611499999999999,19.690000000000001,19.579999999999998,19.670000000000002,1569,42,19.627801999999999
2022-01-03 05:00:00+00:00,19.629999999999999,19.739999999999998,19.629999999999999,19.649999999999999,6849,92,19.656756000000001
2022-01-04 05:00:00+00:00,19.73,19.7499,19.5,19.5,6533,98,19.632079999999998
2022-01-05 05:00:00+00:00,19.640000000000001,19.9999,19.640000000000001,19.690000000000001,13281,281,19.750387
2022-01-06 05:00:00+00:00,19.589600000000001,19.82,19.550000000000001,19.550000000000001,7829,107,19.681621
2022-01-07 05:00:00+00:00,19.59,19.6891,19.495000000000001,19.579999999999998,4326,108,19.620104999999999
2022-01-10 05:00:00+00:00,19.460000000000001,19.699999999999999,19.443200000000001,19.579999999999998,8035,65,19.595451000000001
2022-01-11 05:00:00+00:00,19.332999999999998,19.677700000000002,19.332999999999998,19.649999999999999,7187,114,19.627904000000001
2022-01-12 05:00:00+00:00,19.690000000000001,19.699999999999999,19.510000000000002,19.699999999999999,115391,58,19.563493999999999
2022-01-13 05:00:00+00:00,19.699999999999999,20.210000000000001,19.697299999999998,20.210000000000001,10493,90,19.794305000000001
2022-01-14 05:00:00+00:00,19.850000000000001,20.140000000000001,19.850000000000001,20.140000000000001,4079,70,20.079346000000001
2022-01-18 05:00:00+00:00,20.010200000000001,20.800000000000001,20.010200000000001,20.739999999999998,17465,182,20.508482999999998
2022-01-19 05:00:00+00:00,20.739999999999998,21.02,20.129999999999999,21,17480,282,20.889717000000001
2022-01-20 05:00:00+00:00,20.440000000000001,20.669899999999998,19.760000000000002,19.760000000000002,17376,317,20.325585
2022-01-21 05:00:00+00:00,19.73,20.289899999999999,19.200099999999999,19.890000000000001,8676,257,19.785812
2022-01-24 05:00:00+00:00,19.920000000000002,20.195,19.68,19.68,7786,145,20.023333000000001
2022-01-25 05:00:00+00:00,19.93,20.260000000000002,19.760000000000002,20.030000000000001,8834,115,19.985727000000001
2022-01-26 05:00:00+00:00,19.856000000000002,20.260000000000002,19.856000000000002,20.199999999999999,11715,203,20.072189999999999
2022-01-27 05:00:00+00:00,20.260000000000002,20.260000000000002,19.899999999999999,20,7644,126,20.048629999999999
2022-01-28 05:00:00+00:00,19.75,19.93,19.75,19.800000000000001,8391,119,19.827224999999999
2022-01-31 05:00:00+00:00,19.800000000000001,20,19.27,19.27,7109,231,19.723001
2022-02-01 05:00:00+00:00,19.670000000000002,19.949999999999999,19.289999999999999,19.289999999999999,5382,78,19.775994000000001
2022-02-02 05:00:00+00:00,19.66,19.75,19.32,19.620000000000001,7212,72,19.679288
2022-02-03 05:00:00+00:00,19.75,19.75,19.52,19.724399999999999,2367,36,19.618117999999999
2022-02-04 05:00:00+00:00,19.690000000000001,20,19.609999999999999,20,13646,118,19.806041
2022-02-07 05:00:00+00:00,19.719999999999999,19.989799999999999,19.699999999999999,19.969999999999999,4268,63,19.827850999999999
2022-02-08 05:00:00+00:00,19.899999999999999,20,19.870000000000001,19.870000000000001,4184,106,19.930606000000001
2022-02-09 05:00:00+00:00,19.91,19.965,19.91,19.920000000000002,3995,144,19.948166000000001
2022-02-10 05:00:00+00:00,19.75,19.940000000000001,19.739999999999998,19.739999999999998,89039,35,19.750800999999999
2022-02-11 05:00:00+00:00,19.73,20,19.224900000000002,19.850000000000001,14017,253,19.756440000000001
2022-02-14 05:00:00+00:00,19.84,19.84,19.321100000000001,19.460000000000001,8902,158,19.578457
2022-02-15 05:00:00+00:00,19.510000000000002,19.949999999999999,19.34,19.68,32238,219,19.421996
2022-02-16 05:00:00+00:00,19.68,19.93,19.530000000000001,19.550000000000001,13432,37,19.662113999999999
2022-02-17 05:00:00+00:00,19.800000000000001,19.890599999999999,19.559999999999999,19.559999999999999,2780,77,19.654229999999998
2022-02-18 05:00:00+00:00,19.5,19.684999999999999,19.399999999999999,19.469999999999999,5573,80,19.508645000000001
2022-02-22 05:00:00+00:00,19.884399999999999,19.884399999999999,19.399999999999999,19.629999999999999,13634,128,19.452767999999999
2022-02-23 05:00:00+00:00,19.559999999999999,19.59,19.25,19.460000000000001,3815,93,19.523250000000001
2022-02-24 05:00:00+00:00,19.170000000000002,19.170000000000002,18.75,18.940000000000001,4798,124,19.031593999999998
2022-02-25 05:00:00+00:00,18.940000000000001,19.879999999999999,18.870000000000001,18.920000000000002,15628,182,19.275970000000001
2022-02-28 05:00:00+00:00,18.850000000000001,19.925599999999999,18.699999999999999,19,11904,327,18.892897999999999
2022-03-01 05:00:00+00:00,19.370000000000001,19.397500000000001,18.690000000000001,18.719999999999999,7013,119,18.996738000000001
2022-03-02 05:00:00+00:00,19,19.57,18.449999999999999,18.93,5606,134,18.841135000000001
2022-03-03 05:00:00+00:00,18.690000000000001,19.6785,18.550000000000001,18.609999999999999,15070,228,18.672129999999999
2022-03-04 05:00:00+00:00,18.530000000000001,18.800000000000001,18.530000000000001,18.75,4550,102,18.659113999999999
2022-03-07 05:00:00+00:00,18.695499999999999,19.139900000000001,18.600000000000001,18.600000000000001,5155,169,18.693514
2022-03-08 05:00:00+00:00,18.879999999999999,18.879999999999999,18.600000000000001,18.600000000000001,4308,171,18.792186000000001
2022-03-09 05:00:00+00:00,18.210000000000001,19.142499999999998,18.210000000000001,18.753900000000002,1363,49,18.731714
2022-03-10 05:00:00+00:00,18.850000000000001,19.100000000000001,18.530000000000001,19.100000000000001,2715,101,18.867391999999999
2022-03-11 05:00:00+00:00,18.600000000000001,18.91,18.600000000000001,18.739999999999998,1426,83,18.844515999999999
2022-03-14 04:00:00+00:00,18.609999999999999,18.989999999999998,18.530000000000001,18.600000000000001,4826,112,18.742137
2022-03-15 04:00:00+00:00,18.559999999999999,18.59,18.559999999999999,18.559999999999999,2576,98,18.568024999999999
2022-03-16 04:00:00+00:00,18.530000000000001,18.969999999999999,18.530000000000001,18.829999999999998,7707,162,18.8157
2022-03-17 04:00:00+00:00,18.66,19.120000000000001,18.66,19.120000000000001,2011,52,19.035399000000002
2022-03-18 04:00:00+00:00,19.082000000000001,20.420000000000002,18.557700000000001,20.420000000000002,195089,430,19.129619999999999
2022-03-21 04:00:00+00:00,20,20.260000000000002,19.800000000000001,19.800000000000001,3510,129,19.908446000000001
2022-03-22 04:00:00+00:00,20,20.850000000000001,20,20.789999999999999,7237,269,20.320803999999999
2022-03-23 04:00:00+00:00,20.600000000000001,20.600000000000001,20.210000000000001,20.43,1521,78,20.415282999999999
2022-03-24 04:00:00+00:00,19.940000000000001,20.199999999999999,19.585000000000001,20.199999999999999,7523,97,20.008853999999999
2022-03-25 04:00:00+00:00,20.18,20.460000000000001,19.995000000000001,19.995000000000001,4058,96,20.184937000000001
2022-03-28 04:00:00+00:00,19.98,20.390000000000001,19.98,20.390000000000001,4328,153,20.052150999999999
2022-03-29 04:00:00+00:00,20.280000000000001,20.399999999999999,20,20.149999999999999,4609,170,20.205946999999998
2022-03-30 04:00:00+00:00,20.350000000000001,20.66,20.260000000000002,20.385999999999999,10887,262,20.411567000000002
2022-03-31 04:00:00+00:00,20.41,20.469999999999999,19.91,19.91,9517,220,20.30763
2022-04-01 04:00:00+00:00,20.170000000000002,20.199999999999999,19.91,19.91,2831,60,19.99933
2022-04-04 04:00:00+00:00,19.899999999999999,19.899999999999999,19.100000000000001,19.510000000000002,10087,223,19.304967000000001
2022-04-05 04:00:00+00:00,19.5,19.59,19.305,19.399999999999999,5932,100,19.519614000000001
2022-04-06 04:00:00+00:00,19.199999999999999,19.300000000000001,19.199999999999999,19.300000000000001,1527,37,19.244689999999999
2022-04-07 04:00:00+00:00,19.059999999999999,19.059999999999999,19.059999999999999,19.059999999999999,497,49,19.059999999999999
2022-04-08 04:00:00+00:00,19.059999999999999,19.059999999999999,19.059999999999999,19.059999999999999,0,0,0
2022-04-11 04:00:00+00:00,18.870000000000001,19.360800000000001,18.609999999999999,18.800000000000001,5250,49,18.759564000000001
2022-04-12 04:00:00+00:00,18.809999999999999,18.849900000000002,18.77,18.84,2954,64,18.819147999999998
2022-04-13 04:00:00+00:00,18.422000000000001,18.77,18.422000000000001,18.77,1126,28,18.689603000000002
2022-04-14 04:00:00+00:00,18.670000000000002,18.75,18.609999999999999,18.75,10243,65,18.642472000000001
2022-04-18 04:00:00+00:00,18.659700000000001,18.940000000000001,18.659700000000001,18.940000000000001,1863,37,18.739785999999999
2022-04-19 04:00:00+00:00,18.989999999999998,18.989999999999998,18.789999999999999,18.98,8001,166,18.855195999999999
2022-04-20 04:00:00+00:00,19.026,19.1922,18.712499999999999,19.07,74104,153,19.094142999999999
2022-04-21 04:00:00+00:00,19.5,19.5,18.629999999999999,19.390000000000001,5214,108,19.121264
2022-04-22 04:00:00+00:00,19.1557,19.670000000000002,19.1557,19.670000000000002,866,26,19.397724
2022-04-25 04:00:00+00:00,19.670000000000002,20.239999999999998,19.5,19.829999999999998,20888,371,19.848341000000001
2022-04-26 04:00:00+00:00,19.289999999999999,19.289999999999999,18.337499999999999,19.100000000000001,13934,171,19.066679000000001
2022-04-27 04:00:00+00:00,18.864999999999998,18.890000000000001,18.41,18.519400000000001,2428,69,18.745397000000001
2022-04-28 04:00:00+00:00,19.100000000000001,19.399999999999999,18.655000000000001,19.379999999999999,31142,346,19.134584
2022-04-29 04:00:00+00:00,19.789999999999999,19.789999999999999,18.600000000000001,19,18908,291,18.992049999999999
2022-05-02 04:00:00+00:00,19,19.539999999999999,18.5,19.140000000000001,136578,398,19.005837
2022-05-03 04:00:00+00:00,18.82,19.109999999999999,18.82,18.835000000000001,835,17,19.026011
2022-05-04 04:00:00+00:00,19.146100000000001,19.399999999999999,19.015000000000001,19.100000000000001,7146,115,19.166656
2022-05-05 04:00:00+00:00,18.989999999999998,18.989999999999998,18.4971,18.850000000000001,3356,30,18.808413999999999
2022-05-06 04:00:00+00:00,18.5,18.899999999999999,18.41,18.41,3629,138,18.705484999999999
2022-05-09 04:00:00+00:00,18.66,18.890000000000001,18.109999999999999,18.109999999999999,2146,45,18.510788000000002
2022-05-10 04:00:00+00:00,17.920100000000001,18.23,17.920100000000001,18,6799,122,17.943356999999999
2022-05-11 04:00:00+00:00,17.859999999999999,18.010000000000002,17.73,18.010000000000002,6393,215,17.849499999999999
2022-05-12 04:00:00+00:00,18.129999999999999,18.18,17.789999999999999,17.789999999999999,1665,57,18.046431999999999
2022-05-13 04:00:00+00:00,17.809999999999999,17.809999999999999,17.5,17.629999999999999,4444,128,17.686349
2022-05-16 04:00:00+00:00,17.0854,17.675000000000001,17.0854,17.559999999999999,4319,99,17.538188999999999
2022-05-17 04:00:00+00:00,17.25,18.550000000000001,17.25,18.09,10913,114,17.907229999999998
2022-05-18 04:00:00+00:00,17.629999999999999,17.925000000000001,16.280000000000001,17.329999999999998,9989,158,17.368592
2022-05-19 04:00:00+00:00,17.199999999999999,18.856999999999999,17.199999999999999,17.550000000000001,6193,115,17.823542
2022-05-20 04:00:00+00:00,17.670000000000002,18.140000000000001,17.420000000000002,17.620000000000001,14346,202,17.951775000000001
2022-05-23 04:00:00+00:00,17.809999999999999,18.190000000000001,17.75,17.949999999999999,13832,87,17.988135
2022-05-24 04:00:00+00:00,16.539200000000001,18,16.539200000000001,17.77,7195,373,17.593404
2022-05-25 04:00:00+00:00,17.710000000000001,18.25,17.710000000000001,17.949999999999999,2119,63,18.035703999999999
2022-05-26 04:00:00+00:00,18,18.399999999999999,17.699999999999999,17.699999999999999,1891,91,17.998176999999998
2022-05-27 04:00:00+00:00,18.129999999999999,18.574300000000001,18.039999999999999,18.050000000000001,4638,106,18.213944000000001
2022-05-31 04:00:00+00:00,17.870000000000001,18.239999999999998,17.870000000000001,18.2029,9472,142,18.15737
2022-06-01 04:00:00+00:00,18.57,18.57,18.088000000000001,18.140000000000001,4204,60,18.237907
2022-06-02 04:00:00+00:00,17.84,18.175000000000001,17.84,18.170100000000001,2967,78,18.134699999999999
2022-06-03 04:00:00+00:00,18,18.100100000000001,17.949999999999999,18.07,4697,94,18.079339000000001
2022-06-06 04:00:00+00:00,18.035,18.32,18.035,18.32,2433,126,18.206223000000001
2022-06-07 04:00:00+00:00,18.170000000000002,18.25,18.055,18.149999999999999,5507,81,18.198844999999999
2022-06-08 04:00:00+00:00,17.98,18.039999999999999,17.91,18.039999999999999,1369,34,17.954066000000001
2022-06-09 04:00:00+00:00,17.739999999999998,17.780000000000001,17.52,17.52,3222,42,17.716888000000001
2022-06-10 04:00:00+00:00,17.52,17.760000000000002,17.52,17.539999999999999,4012,71,17.578192000000001
2022-06-13 04:00:00+00:00,17.25,17.414999999999999,17.25,17.309999999999999,3458,97,17.316458999999998
2022-06-14 04:00:00+00:00,17.309999999999999,17.670000000000002,17.059999999999999,17.059999999999999,15495,132,17.396090999999998
2022-06-15 04:00:00+00:00,17.469999999999999,17.57,17.109999999999999,17.199999999999999,4120,96,17.314537999999999
2022-06-16 04:00:00+00:00,17.100000000000001,17.329999999999998,17.100000000000001,17.16,5446,130,17.206275999999999
2022-06-17 04:00:00+00:00,17.5,17.66,17.309999999999999,17.66,19295,142,17.623373999999998
2022-06-21 04:00:00+00:00,17.48,18.199999999999999,17.48,18,15941,119,17.728099
2022-06-22 04:00:00+00:00,17.73,17.73,17.449999999999999,17.449999999999999,3337,71,17.663094000000001
2022-06-23 04:00:00+00:00,17.870000000000001,17.908999999999999,17.449999999999999,17.449999999999999,4553,94,17.707228000000001
2022-06-24 04:00:00+00:00,17.5,17.670000000000002,17.5,17.600000000000001,4367,85,17.595762000000001
2022-06-27 04:00:00+00:00,17.300000000000001,17.93,17.300000000000001,17.93,1301,31,17.666606999999999
2022-06-28 04:00:00+00:00,17.629999999999999,18.059999999999999,17.629999999999999,18.059999999999999,13359,89,17.665171999999998
2022-06-29 04:00:00+00:00,18.030000000000001,18.030000000000001,17.059999999999999,17.210000000000001,19012,164,17.556227
2022-06-30 04:00:00+00:00,17.100000000000001,17.335000000000001,17,17.260000000000002,5533,75,17.12379
2022-07-01 04:00:00+00:00,17.260000000000002,17.300000000000001,17.199999999999999,17.219999999999999,1789,112,17.25102
2022-07-05 04:00:00+00:00,17.27,17.395299999999999,17.059999999999999,17.059999999999999,14290,185,17.245981
2022-07-06 04:00:00+00:00,17.07,17.225000000000001,16.809999999999999,16.809999999999999,8780,104,17.033543000000002
2022-07-07 04:00:00+00:00,17,17,16.920000000000002,16.969999999999999,4669,67,16.990114999999999
2022-07-08 04:00:00+00:00,16.995000000000001,17.1401,16.995000000000001,17.100000000000001,4033,67,17.120398999999999
2022-07-11 04:00:00+00:00,17,17.045000000000002,17,17,12808,41,17.003284000000001
2022-07-12 04:00:00+00:00,16.899899999999999,17.050000000000001,16.809999999999999,17,4836,47,16.968066
2022-07-13 04:00:00+00:00,17.039999999999999,17.055,17,17.039999999999999,3351,42,17.038211
2022-07-14 04:00:00+00:00,17.030000000000001,17.039999999999999,16.949999999999999,16.949999999999999,3568,32,16.972467000000002
2022-07-15 04:00:00+00:00,16.899999999999999,16.899999999999999,16.760000000000002,16.760000000000002,10349,59,16.892652999999999
2022-07-18 04:00:00+00:00,16.75,16.75,16.75,16.75,4776,63,16.75
2022-07-19 04:00:00+00:00,16.75,16.75,16.600000000000001,16.600000000000001,16733,130,16.743556000000002
2022-07-20 04:00:00+00:00,16.600000000000001,16.91,16.600000000000001,16.879999999999999,5980,98,16.824021999999999
2022-07-21 04:00:00+00:00,16.949999999999999,17.02,16.949999999999999,17.02,4457,63,17.013102
2022-07-22 04:00:00+00:00,17.02,17.02,17.02,17.02,0,0,0
2022-07-25 04:00:00+00:00,17.035,17.699999999999999,16.960000000000001,17.109999999999999,13322,263,17.198775000000001
2022-07-26 04:00:00+00:00,16.850000000000001,17.199999999999999,16.850000000000001,17.199999999999999,2021,57,17.051566999999999
2022-07-27 04:00:00+00:00,17.300000000000001,17.850000000000001,17.029199999999999,17.300000000000001,31621,340,17.481055999999999
2022-07-28 04:00:00+00:00,17.289999999999999,17.870000000000001,17.260000000000002,17.260000000000002,11623,257,17.534699
2022-07-29 04:00:00+00:00,17.25,17.800000000000001,17.149999999999999,17.234999999999999,9737,241,17.441541999999998
2022-08-01 04:00:00+00:00,17.260000000000002,17.780000000000001,17.260000000000002,17.780000000000001,9411,585,17.495189
2022-08-02 04:00:00+00:00,17.34,17.550000000000001,17.309999999999999,17.309999999999999,3399,97,17.439917000000001
2022-08-03 04:00:00+00:00,17.469999999999999,17.809899999999999,17.16,17.16,10558,66,17.446155999999998
2022-08-04 04:00:00+00:00,17.199999999999999,17.260000000000002,16.810500000000001,16.82,12201,219,17.101949000000001
2022-08-05 04:00:00+00:00,16.850000000000001,16.850000000000001,16.850000000000001,16.850000000000001,696,39,16.850000000000001
2022-08-08 04:00:00+00:00,16.850000000000001,16.850000000000001,16.850000000000001,16.850000000000001,0,0,0
2022-08-09 04:00:00+00:00,17.199999999999999,17.510000000000002,16.870000000000001,16.870000000000001,5572,133,17.176051000000001
2022-08-10 04:00:00+00:00,17.329999999999998,17.350000000000001,17,17.100000000000001,3367,70,17.094677000000001
2022-08-11 04:00:00+00:00,17.059999999999999,17.059999999999999,16.75,16.800000000000001,5724,50,16.888366999999999
2022-08-12 04:00:00+00:00,16.800000000000001,16.82,16.555,16.780000000000001,10086,73,16.718271999999999
2022-08-15 04:00:00+00:00,16.664999999999999,16.940000000000001,16.664999999999999,16.940000000000001,1721,42,16.802927
2022-08-16 04:00:00+00:00,16.850000000000001,16.9849,16.800000000000001,16.800000000000001,6805,69,16.881968000000001
2022-08-17 04:00:00+00:00,16.73,17.399999999999999,16.73,17.399999999999999,4747,58,17.033899000000002
2022-08-18 04:00:00+00:00,17.9999,17.9999,17.760000000000002,17.949999999999999,4391,87,17.867096
2022-08-19 04:00:00+00:00,17.949999999999999,17.949999999999999,17.620000000000001,17.620000000000001,3861,64,17.877503999999998
2022-08-22 04:00:00+00:00,17.4635,17.989999999999998,17.420000000000002,17.960000000000001,2411,50,17.575534000000001
2022-08-23 04:00:00+00:00,17.559999999999999,17.98,17.4101,17.460000000000001,5542,82,17.534347
2022-08-24 04:00:00+00:00,17.66,17.82,17.600000000000001,17.780000000000001,3904,81,17.678730000000002
2022-08-25 04:00:00+00:00,17.52,17.52,17.460000000000001,17.510000000000002,1661,35,17.490908999999998
2022-08-26 04:00:00+00:00,17.710000000000001,17.850000000000001,17.66,17.66,4359,56,17.782934999999998
2022-08-29 04:00:00+00:00,17.600000000000001,17.649999999999999,17.400099999999998,17.400099999999998,3860,43,17.557044000000001
2022-08-30 04:00:00+00:00,17.399999999999999,17.399999999999999,17.399999999999999,17.399999999999999,1166,57,17.399999999999999
2022-08-31 04:00:00+00:00,17.640000000000001,17.640000000000001,17.329999999999998,17.379999999999999,5290,62,17.44333
2022-09-01 04:00:00+00:00,17.550000000000001,17.850000000000001,17.550000000000001,17.850000000000001,3402,117,17.714784000000002
2022-09-02 04:00:00+00:00,17.739999999999998,17.850000000000001,17.739999999999998,17.850000000000001,1909,56,17.790689
2022-09-06 04:00:00+00:00,17.84,18.079999999999998,17.539999999999999,18.079999999999998,3525,152,17.876671999999999
2022-09-07 04:00:00+00:00,18.09,18.100000000000001,17.699999999999999,18.010000000000002,2154,87,18.012861999999998
2022-09-08 04:00:00+00:00,17.559999999999999,17.559999999999999,17.559999999999999,17.559999999999999,771,92,17.559999999999999
2022-09-09 04:00:00+00:00,17.559999999999999,17.559999999999999,17.559999999999999,17.559999999999999,0,0,0
2022-09-12 04:00:00+00:00,17.379999999999999,17.690000000000001,17.379999999999999,17.690000000000001,533,56,17.585622999999998
2022-09-13 04:00:00+00:00,17.379999999999999,17.800000000000001,17.379999999999999,17.800000000000001,1106,66,17.628333000000001
2022-09-14 04:00:00+00:00,17.5,17.75,17.350000000000001,17.350000000000001,6612,154,17.361501000000001
2022-09-15 04:00:00+00:00,17.350000000000001,17.670000000000002,17.350000000000001,17.670000000000002,999,53,17.5
2022-09-16 04:00:00+00:00,17.399999999999999,17.789999999999999,17.350000000000001,17.640000000000001,21607,81,17.595082000000001
2022-09-19 04:00:00+00:00,17.351600000000001,17.5,17.351600000000001,17.5,931,49,17.421641999999999
2022-09-20 04:00:00+00:00,17.390000000000001,17.390000000000001,17.390000000000001,17.390000000000001,563,28,17.390000000000001
2022-09-21 04:00:00+00:00,17.600000000000001,17.73,17.579999999999998,17.655000000000001,1744,35,17.610261000000001
2022-09-22 04:00:00+00:00,17.43,17.600000000000001,17.43,17.510200000000001,2484,34,17.516615999999999
2022-09-23 04:00:00+00:00,17.036000000000001,17.129999999999999,17.036000000000001,17.129999999999999,491,19,17.098666999999999
2022-09-26 04:00:00+00:00,16.8583,16.8583,16.8583,16.8583,555,25,16.8583
2022-09-27 04:00:00+00:00,17.149999999999999,17.149999999999999,17.149999999999999,17.149999999999999,584,33,17.149999999999999
2022-09-28 04:00:00+00:00,16.886399999999998,16.886399999999998,16.850000000000001,16.850000000000001,1486,36,16.866185000000002
2022-09-29 04:00:00+00:00,16.760000000000002,17.34,16.670000000000002,17.100000000000001,3030,121,16.944244000000001
2022-09-30 04:00:00+00:00,17.48,17.48,16.850000000000001,16.850000000000001,3916,82,17.199442000000001
2022-10-03 04:00:00+00:00,16.860099999999999,17,16.859999999999999,16.859999999999999,2317,43,16.899995000000001
2022-10-04 04:00:00+00:00,17.175000000000001,17.350000000000001,16.989999999999998,16.989999999999998,5407,75,17.194324999999999
2022-10-05 04:00:00+00:00,16.890000000000001,16.890000000000001,16.890000000000001,16.890000000000001,1034,106,16.890000000000001
2022-10-06 04:00:00+00:00,16.82,17.100000000000001,16.82,17.09,1479,36,16.953158999999999
2022-10-07 04:00:00+00:00,16.82,16.82,16.82,16.82,750,15,16.82
2022-10-10 04:00:00+00:00,17.25,17.25,17.170000000000002,17.170000000000002,1109,45,17.201951999999999
2022-10-11 04:00:00+00:00,16.920000000000002,17.145,16.879999999999999,17.120000000000001,4251,46,17.079930999999998
2022-10-12 04:00:00+00:00,17.039999999999999,17.210000000000001,17.039999999999999,17.210000000000001,983,21,17.180422
2022-10-13 04:00:00+00:00,17.079999999999998,17.079999999999998,17.079999999999998,17.079999999999998,776,28,17.079999999999998
2022-10-14 04:00:00+00:00,16.859999999999999,17.050000000000001,16.859999999999999,17.050000000000001,652,25,16.969231000000001
2022-10-17 04:00:00+00:00,17.100000000000001,17.219999999999999,17.100000000000001,17.219999999999999,983,46,17.204834000000002
2022-10-18 04:00:00+00:00,17.100000000000001,17.175000000000001,17.07,17.07,670,31,17.103750000000002
2022-10-19 04:00:00+00:00,16.949999999999999,17.25,16.828399999999998,17,3390,45,16.950343
2022-10-20 04:00:00+00:00,17,17.140000000000001,16.829999999999998,17.140000000000001,1468,23,17.037098
2022-10-21 04:00:00+00:00,16.91,16.91,16.91,16.91,356,27,16.91
2022-10-24 04:00:00+00:00,16.940000000000001,17.094999999999999,16.940000000000001,17.094999999999999,557,22,17.029498
2022-10-25 04:00:00+00:00,16.82,16.84,16.82,16.84,1141,74,16.823471999999999
2022-10-26 04:00:00+00:00,16.82,17,16.75,16.859999999999999,3309,42,16.839490999999999
2022-10-27 04:00:00+00:00,16.920000000000002,17.219999999999999,16.75,17.219999999999999,2951,72,16.860082999999999
2022-10-28 04:00:00+00:00,17.219999999999999,17.219999999999999,17.219999999999999,17.219999999999999,0,0,0
2022-10-31 04:00:00+00:00,16.850000000000001,16.859999999999999,16.75,16.75,3839,127,16.792798000000001
2022-11-01 04:00:00+00:00,16.75,16.890000000000001,16.57,16.600000000000001,8085,112,16.773523000000001
2022-11-02 04:00:00+00:00,16.559999999999999,17.25,16.559999999999999,16.75,4070,48,16.628138
2022-11-03 04:00:00+00:00,16.610299999999999,16.954999999999998,16.610299999999999,16.77,1208,54,16.832373
2022-11-04 04:00:00+00:00,16.949999999999999,16.949999999999999,16.949999999999999,16.949999999999999,426,21,16.949999999999999
2022-11-07 05:00:00+00:00,16.850000000000001,16.850000000000001,16.52,16.559999999999999,2869,59,16.664144
2022-11-08 05:00:00+00:00,16.690000000000001,16.774999999999999,16.5,16.774999999999999,1795,83,16.548922000000001
2022-11-09 05:00:00+00:00,16.5,16.5,16.5,16.5,1125,58,16.5
2022-11-10 05:00:00+00:00,16.600000000000001,16.762,16.5,16.649999999999999,3061,58,16.594774000000001
2022-11-11 05:00:00+00:00,16.510000000000002,16.860499999999998,16.510000000000002,16.75,2080,73,16.738358999999999
2022-11-14 05:00:00+00:00,16.524999999999999,16.850000000000001,16.524999999999999,16.850000000000001,1183,27,16.650148999999999
2022-11-15 05:00:00+00:00,16.84,16.84,16.84,16.84,890,40,16.84
2022-11-16 05:00:00+00:00,16.829999999999998,16.829999999999998,16.829999999999998,16.829999999999998,668,43,16.829999999999998
2022-11-17 05:00:00+00:00,16.800000000000001,16.82,16.350000000000001,16.82,9391,221,16.635846999999998
2022-11-18 05:00:00+00:00,16.565000000000001,16.565000000000001,16.352599999999999,16.52,1802,28,16.451052000000001
2022-11-21 05:00:00+00:00,16.530000000000001,16.9999,16.41,16.460000000000001,10467,146,16.673749000000001
2022-11-22 05:00:00+00:00,16.754999999999999,16.949999999999999,16.5977,16.75,6718,94,16.809702000000001
2022-11-23 05:00:00+00:00,16.629999999999999,16.899999999999999,16.610099999999999,16.754999999999999,10850,109,16.730730000000001
2022-11-25 05:00:00+00:00,16.899999999999999,16.899999999999999,16.699999999999999,16.899999999999999,4608,92,16.874006999999999
2022-11-28 05:00:00+00:00,16.890000000000001,16.899999999999999,16.559999999999999,16.559999999999999,7890,82,16.712603000000001
2022-11-29 05:00:00+00:00,16.3843,16.890000000000001,16.3843,16.41,5325,42,16.497809
2022-11-30 05:00:00+00:00,16.5,16.73,16.5,16.5,5906,91,16.52486
2022-12-01 05:00:00+00:00,16.5,16.82,16.5,16.5,4299,115,16.516855
2022-12-02 05:00:00+00:00,16.699999999999999,16.899999999999999,16.5,16.5,4907,79,16.551786
2022-12-05 05:00:00+00:00,16.690000000000001,16.829999999999998,16.5,16.5,8369,123,16.605014000000001
2022-12-06 05:00:00+00:00,16.579999999999998,16.579999999999998,16.5,16.5,1898,31,16.518598999999998
2022-12-07 05:00:00+00:00,16.539999999999999,16.540099999999999,16.309999999999999,16.5,4796,53,16.514614999999999
2022-12-08 05:00:00+00:00,16.699999999999999,16.719999999999999,16.600000000000001,16.600000000000001,2559,52,16.682473000000002
2022-12-09 05:00:00+00:00,16.640000000000001,16.662400000000002,16.640000000000001,16.640000000000001,913,40,16.643319000000002
2022-12-12 05:00:00+00:00,16.640000000000001,16.640000000000001,16.640000000000001,16.640000000000001,0,0,0
2022-12-13 05:00:00+00:00,16.512,16.645,16.5,16.5,16544,253,16.507562
2022-12-14 05:00:00+00:00,16.510000000000002,16.600000000000001,16.5,16.5,4023,106,16.539562
2022-12-15 05:00:00+00:00,16.309999999999999,16.555,16.309999999999999,16.555,2117,77,16.376183999999999
2022-12-16 05:00:00+00:00,16.510000000000002,16.989999999999998,16.510000000000002,16.989999999999998,20843,189,16.933308
2022-12-19 05:00:00+00:00,16.329999999999998,16.960000000000001,16.329999999999998,16.850000000000001,2924,50,16.85106
2022-12-20 05:00:00+00:00,16.757000000000001,16.890000000000001,16.75,16.890000000000001,2100,34,16.810233
2022-12-21 05:00:00+00:00,16.899999999999999,16.91,16.899999999999999,16.91,1960,24,16.908832
2022-12-22 05:00:00+00:00,16.369199999999999,16.369199999999999,16.369199999999999,16.369199999999999,365,9,16.369199999999999
2022-12-23 05:00:00+00:00,16.5,16.5,16.5,16.5,1092,27,16.5
2022-12-27 05:00:00+00:00,16.5,16.5,16.5,16.5,0,0,0
2022-12-28 05:00:00+00:00,16.399999999999999,16.399999999999999,16.350000000000001,16.3733,2677,23,16.368613
2022-12-29 05:00:00+00:00,16.953299999999999,16.953299999999999,16.75,16.949999999999999,4299,67,16.843029000000001
2022-12-30 05:00:00+00:00,16.9999,17,16.550000000000001,16.949999999999999,2195,25,16.909794999999999
2023-01-03 05:00:00+00:00,16.629999999999999,16.73,16.629999999999999,16.73,1656,29,16.640667000000001
2023-01-04 05:00:00+00:00,16.704999999999998,16.765000000000001,16.694500000000001,16.73,1334,17,16.735357
2023-01-05 05:00:00+00:00,16.531199999999998,17,16.5,16.629999999999999,4037,42,16.639396999999999
2023-01-06 05:00:00+00:00,16.629999999999999,16.629999999999999,16.629999999999999,16.629999999999999,0,0,0
2023-01-09 05:00:00+00:00,16.460000000000001,16.550000000000001,16.460000000000001,16.48,1444,37,16.495947999999999
2023-01-10 05:00:00+00:00,16.52,16.859999999999999,16.41,16.859999999999999,1560,47,16.716418000000001
2023-01-11 05:00:00+00:00,16.859999999999999,16.859999999999999,16.859999999999999,16.859999999999999,0,0,0
2023-01-12 05:00:00+00:00,16.600000000000001,16.9255,16.309999999999999,16.5,6589,81,16.466819999999998
2023-01-13 05:00:00+00:00,16.305,16.550000000000001,16.305,16.5,3909,41,16.451212000000002
2023-01-17 05:00:00+00:00,16.719999999999999,16.719999999999999,16.510000000000002,16.510000000000002,2643,33,16.688979
2023-01-18 05:00:00+00:00,16.309999999999999,16.66,16.309999999999999,16.66,6878,52,16.414598999999999
2023-01-19 05:00:00+00:00,16.405000000000001,16.405000000000001,16.405000000000001,16.405000000000001,351,13,16.405000000000001
2023-01-20 05:00:00+00:00,16.405000000000001,16.405000000000001,16.405000000000001,16.405000000000001,0,0,0
2023-01-23 05:00:00+00:00,16.466699999999999,16.698,16.460000000000001,16.5,1867,50,16.507058000000001
2023-01-24 05:00:00+00:00,16.442499999999999,16.550000000000001,16.442499999999999,16.550000000000001,541,23,16.503928999999999
2023-01-25 05:00:00+00:00,16.550000000000001,16.550000000000001,16.550000000000001,16.550000000000001,1197,21,16.550000000000001
2023-01-26 05:00:00+00:00,16.385000000000002,16.550000000000001,16.385000000000002,16.550000000000001,1569,22,16.416737000000001
2023-01-27 05:00:00+00:00,16.600000000000001,16.699999999999999,16.310099999999998,16.699999999999999,3634,70,16.557601999999999
2023-01-30 05:00:00+00:00,16.690000000000001,16.690000000000001,16.690000000000001,16.690000000000001,993,40,16.690000000000001
2023-01-31 05:00:00+00:00,16.339600000000001,16.495000000000001,16.339600000000001,16.34,2199,39,16.400711999999999
2023-02-01 05:00:00+00:00,16.649999999999999,16.850000000000001,16.59,16.609999999999999,5076,79,16.641670000000001
2023-02-02 05:00:00+00:00,16.6999,16.699999999999999,16.41,16.699999999999999,2020,40,16.624410999999998
2023-02-03 05:00:00+00:00,16.52,16.699999999999999,16.52,16.52,4701,60,16.580681999999999
2023-02-06 05:00:00+00:00,16.550000000000001,16.635000000000002,16.52,16.635000000000002,2895,30,16.529222000000001
2023-02-07 05:00:00+00:00,16.649999999999999,16.649999999999999,16.5,16.614999999999998,3320,53,16.522023999999998
2023-02-08 05:00:00+00:00,16.647300000000001,16.649999999999999,16.5,16.649999999999999,1564,61,16.585305000000002
2023-02-09 05:00:00+00:00,16.504999999999999,16.989999999999998,16.41,16.890000000000001,10030,156,16.698978
2023-02-10 05:00:00+00:00,16.760000000000002,17.079999999999998,16.760000000000002,16.899999999999999,7711,118,16.992384000000001
2023-02-13 05:00:00+00:00,16.899999999999999,16.899999999999999,16.899999999999999,16.899999999999999,0,0,0
2023-02-14 05:00:00+00:00,16.899999999999999,17.219999999999999,16.809999999999999,17.050000000000001,4519,103,17.017620999999998
2023-02-15 05:00:00+00:00,17.050000000000001,17.07,16.809999999999999,16.870000000000001,1777,74,16.941379999999999
2023-02-16 05:00:00+00:00,17.030000000000001,17.239999999999998,16.949999999999999,17.149999999999999,9804,116,17.108754999999999
2023-02-17 05:00:00+00:00,17.129999999999999,17.300000000000001,17.129999999999999,17.300000000000001,7527,170,17.220365999999999
2023-02-21 05:00:00+00:00,17.300000000000001,17.300000000000001,17.100000000000001,17.25,2936,91,17.177904999999999
2023-02-22 05:00:00+00:00,17.25,17.25,17.120000000000001,17.120000000000001,5626,92,17.195941000000001
2023-02-23 05:00:00+00:00,17.040700000000001,17.040700000000001,17.040700000000001,17.040700000000001,855,18,17.040700000000001
2023-02-24 05:00:00+00:00,17.23,17.2864,16.829999999999998,16.920000000000002,9613,118,17.092773000000001
2023-02-27 05:00:00+00:00,17.299900000000001,17.299900000000001,16.850000000000001,16.850000000000001,613,66,17.170245999999999
2023-02-28 05:00:00+00:00,16.949999999999999,16.949999999999999,16.82,16.82,2026,127,16.915022
2023-03-01 05:00:00+00:00,16.75,16.75,16.75,16.75,2909,163,16.75
2023-03-02 05:00:00+00:00,16.75,16.75,16.699999999999999,16.699999999999999,9848,108,16.747133000000002
2023-03-03 05:00:00+00:00,16.699999999999999,16.699999999999999,16.600000000000001,16.609999999999999,2597,121,16.632297000000001
2023-03-06 05:00:00+00:00,16.609999999999999,16.690000000000001,16.550000000000001,16.550000000000001,5853,248,16.577009
2023-03-07 05:00:00+00:00,16.68,16.68,16.550000000000001,16.57,18932,145,16.663803999999999
2023-03-08 05:00:00+00:00,16.5,16.68,16.5,16.510000000000002,6158,232,16.57255
2023-03-09 05:00:00+00:00,16.5,16.5,16.030000000000001,16.039999999999999,10526,225,16.303550999999999
2023-03-10 05:00:00+00:00,16.18,16.18,15.380000000000001,15.65,13410,586,15.756657000000001
2023-03-13 04:00:00+00:00,14.75,14.865,13.789999999999999,14.390000000000001,11246,252,14.559901
2023-03-14 04:00:00+00:00,14.550000000000001,15.84,13.800000000000001,13.869999999999999,10009,351,14.891887000000001
2023-03-15 04:00:00+00:00,13.9,14.83,13.779999999999999,13.779999999999999,76146,364,13.861449
2023-03-16 04:00:00+00:00,13.710000000000001,14.428000000000001,13.710000000000001,13.800000000000001,131182,717,13.899813
2023-03-17 04:00:00+00:00,13.81,14.3102,13,13.109999999999999,96185,864,13.383456000000001
2023-03-20 04:00:00+00:00,13.56,14.725,13,13.02,116644,464,13.182888
2023-03-21 04:00:00+00:00,13.31,14.359999999999999,13.16,13.199999999999999,121670,707,13.324686
2023-03-22 04:00:00+00:00,13.359999999999999,14,13.055,13.6,26473,553,13.658754999999999
2023-03-23 04:00:00+00:00,13.625,13.99,13.529999999999999,13.529999999999999,12652,187,13.825704
2023-03-24 04:00:00+00:00,13.390000000000001,13.92,13.369999999999999,13.369999999999999,16076,165,13.677451
2023-03-27 04:00:00+00:00,13.755000000000001,13.77,13.460000000000001,13.460000000000001,8507,183,13.726611
2023-03-28 04:00:00+00:00,13.609999999999999,14.289999999999999,13.609999999999999,13.82,23071,448,13.953124000000001
2023-03-29 04:00:00+00:00,13.94,14.92,13.720000000000001,14.06,15342,254,14.023914
2023-03-30 04:00:00+00:00,13.960000000000001,14.042999999999999,13.81,13.81,6839,140,13.967394000000001
2023-03-31 04:00:00+00:00,13.890000000000001,14.58,13.890000000000001,14.130000000000001,10625,174,14.210478
2023-04-03 04:00:00+00:00,14.279999999999999,14.51,14,14.01,10684,267,14.324234000000001
2023-04-04 04:00:00+00:00,14.18,14.199999999999999,14,14,5542,170,14.145671999999999
2023-04-05 04:00:00+00:00,14.050000000000001,14.51,13.85,13.99,21907,134,14.203272
2023-04-06 04:00:00+00:00,13.7987,14.56,13.7987,14.109999999999999,4962,71,14.046079000000001
2023-04-10 04:00:00+00:00,14.31,14.67,14.23,14.3895,7799,262,14.467698
2023-04-11 04:00:00+00:00,14.27,14.82,14.27,14.57,10232,178,14.648051000000001
2023-04-12 04:00:00+00:00,14.35,15.385,14.35,15.029999999999999,9155,262,14.972422
2023-04-13 04:00:00+00:00,14.859999999999999,15.6,14.84,15.315,11232,290,15.1114
2023-04-14 04:00:00+00:00,14.630100000000001,15.2067,14.279999999999999,14.529999999999999,8453,196,14.869678
2023-04-17 04:00:00+00:00,14.65,14.92,14.5501,14.640000000000001,7306,133,14.712016999999999
2023-04-18 04:00:00+00:00,14.76,14.925000000000001,14.109999999999999,14.25,9762,158,14.711503
2023-04-19 04:00:00+00:00,14.140000000000001,14.67,14.140000000000001,14.380000000000001,5316,134,14.528921
2023-04-20 04:00:00+00:00,14.6,14.9,14.109999999999999,14.109999999999999,9377,286,14.513203000000001
2023-04-21 04:00:00+00:00,14.19,14.42,13.98,13.98,3782,138,14.330526000000001
2023-04-24 04:00:00+00:00,13.81,14.734999999999999,13.81,14.1,22939,485,14.172769000000001
2023-04-25 04:00:00+00:00,13.880000000000001,14.18,13.81,13.81,8743,137,13.962474
2023-04-26 04:00:00+00:00,13.85,14.44,13.85,14.050000000000001,13038,267,14.097772000000001
2023-04-27 04:00:00+00:00,14.119999999999999,14.42,14.01,14.369999999999999,4328,131,14.213798000000001
2023-04-28 04:00:00+00:00,14.285,14.69,14.01,14.199999999999999,11197,150,14.220783000000001
2023-05-01 04:00:00+00:00,14.01,14.07,13.81,13.81,4224,116,13.978040999999999
2023-05-02 04:00:00+00:00,14.0716,14.0716,13.56,13.58,8163,613,13.795477
2023-05-03 04:00:00+00:00,13.48,13.75,13.23,13.23,4020,120,13.295768000000001
2023-05-04 04:00:00+00:00,13.67,13.67,13,13,11117,166,13.084166
2023-05-05 04:00:00+00:00,13.1,13.199999999999999,12.68,13.130000000000001,4174,164,13.069193
2023-05-08 04:00:00+00:00,13.09,13.210000000000001,12.52,12.52,3288,124,12.796097
2023-05-09 04:00:00+00:00,12.5,12.9899,12.5,12.550000000000001,7367,78,12.766360000000001
2023-05-10 04:00:00+00:00,12.59,12.94,12.15,12.15,20866,437,12.389296
2023-05-11 04:00:00+00:00,12.06,12.07,11.82,11.859999999999999,5556,307,11.905369
2023-05-12 04:00:00+00:00,11.9,12.1899,11.8825,12.17,4241,93,12.055121
2023-05-15 04:00:00+00:00,12.1,12.609999999999999,12.09,12.56,6530,175,12.442761000000001
2023-05-16 04:00:00+00:00,12.44,12.69,12.41,12.6799,7403,95,12.54663
2023-05-17 04:00:00+00:00,12.41,14.050000000000001,12.41,12.84,9564,225,13.344956
2023-05-18 04:00:00+00:00,12.970000000000001,13.380000000000001,12.949999999999999,13.35,3914,86,13.149404000000001
2023-05-19 04:00:00+00:00,13.630000000000001,13.630000000000001,13.42,13.42,687,41,13.492554999999999
2023-05-22 04:00:00+00:00,14.890000000000001,15.1,13.5,13.5,12554,379,14.359030000000001
2023-05-23 04:00:00+00:00,13.529999999999999,14.15,13.529999999999999,13.949999999999999,14737,450,13.903753
2023-05-24 04:00:00+00:00,13.539999999999999,14.15,13.1,13.279999999999999,16654,436,13.555712
2023-05-25 04:00:00+00:00,13.4,13.4214,13.039999999999999,13.050000000000001,3172,132,13.223198
2023-05-26 04:00:00+00:00,13.300000000000001,14.630000000000001,13.25,13.48,7751,203,13.498194
2023-05-30 04:00:00+00:00,13.965,15.129899999999999,13.6,13.699999999999999,8183,246,13.944755000000001
2023-05-31 04:00:00+00:00,13.74,14.5,12.51,12.52,24172,505,12.987809
2023-06-01 04:00:00+00:00,12.699999999999999,12.755699999999999,12.52,12.52,7723,259,12.561753
2023-06-02 04:00:00+00:00,13.050000000000001,13.050000000000001,12.52,12.529999999999999,11035,294,12.805270999999999
2023-06-05 04:00:00+00:00,12.66,12.67,12.359999999999999,12.44,9578,195,12.485381
2023-06-06 04:00:00+00:00,12.73,12.73,12.68,12.710000000000001,2417,82,12.719524
2023-06-07 04:00:00+00:00,12.869999999999999,12.869999999999999,12.710000000000001,12.73,1320,46,12.755706999999999
2023-06-08 04:00:00+00:00,12.75,13.119999999999999,12.74,12.74,2709,137,12.872112
2023-06-09 04:00:00+00:00,12.68,13.0999,12.68,12.890000000000001,7942,165,12.863238000000001
2023-06-12 04:00:00+00:00,12.67,12.6701,12.390000000000001,12.65,16379,239,12.566338
2023-06-13 04:00:00+00:00,12.619999999999999,13.09,12.619999999999999,12.93,5146,91,12.899098
2023-06-14 04:00:00+00:00,12.699999999999999,12.77,12.550000000000001,12.75,6314,238,12.737019
2023-06-15 04:00:00+00:00,12.970000000000001,13.02,12.970000000000001,12.98,4164,108,12.994586999999999
2023-06-16 04:00:00+00:00,12.75,13.5,12.75,13.5,11878,92,13.359945
2023-06-20 04:00:00+00:00,13.550000000000001,13.550000000000001,13,13.029999999999999,10125,301,13.321567
2023-06-21 04:00:00+00:00,13.06,13.18,12.68,12.68,14080,449,12.976184
2023-06-22 04:00:00+00:00,12.66,13.145,12.66,12.9,12919,215,12.921303999999999
2023-06-23 04:00:00+00:00,12.880000000000001,12.880000000000001,12.609999999999999,12.609999999999999,5160,117,12.786158
2023-06-26 04:00:00+00:00,12.710000000000001,13.367000000000001,12.710000000000001,12.789999999999999,5073,152,12.91756
2023-06-27 04:00:00+00:00,12.81,13.1594,12.81,12.9,1423,69,13.027421
2023-06-28 04:00:00+00:00,12.85,12.91,12.609999999999999,12.619999999999999,5262,189,12.766959
2023-06-29 04:00:00+00:00,12.720000000000001,13,12.619999999999999,12.619999999999999,4443,122,12.88875
2023-06-30 04:00:00+00:00,12.619999999999999,12.619999999999999,12.619999999999999,12.619999999999999,0,0,0
2023-07-03 04:00:00+00:00,12.6,12.859999999999999,12.41,12.640000000000001,10772,295,12.668818999999999
2023-07-05 04:00:00+00:00,12.75,12.83,12.56,12.83,5054,219,12.692924
2023-07-06 04:00:00+00:00,12.345000000000001,12.970000000000001,12.345000000000001,12.550000000000001,5726,201,12.612837000000001
2023-07-07 04:00:00+00:00,12.49,12.869999999999999,12.300000000000001,12.529999999999999,5391,220,12.611846
2023-07-10 04:00:00+00:00,12.539999999999999,12.720000000000001,12.470000000000001,12.470000000000001,1222,71,12.576343
2023-07-11 04:00:00+00:00,12.800000000000001,13.140000000000001,12.734400000000001,12.9,6701,254,12.877421999999999
2023-07-12 04:00:00+00:00,12.859999999999999,13.710000000000001,12.859999999999999,13.199999999999999,12161,260,13.452483000000001
2023-07-13 04:00:00+00:00,13.09,13.52,13.09,13.449999999999999,6344,168,13.351184
2023-07-14 04:00:00+00:00,13.3604,13.736499999999999,13.25,13.435,2560,65,13.511658000000001
2023-07-17 04:00:00+00:00,13.6884,13.890000000000001,13.359999999999999,13.4,4240,110,13.611689999999999
2023-07-18 04:00:00+00:00,13.52,13.640000000000001,13.2575,13.460000000000001,5179,201,13.440889
2023-07-19 04:00:00+00:00,13.249499999999999,13.710000000000001,13.050000000000001,13.710000000000001,3048,210,13.391173
2023-07-20 04:00:00+00:00,13.59,13.59,12.300000000000001,13.41,2093,115,13.229748000000001
2023-07-21 04:00:00+00:00,13.191000000000001,13.73,13.191000000000001,13.73,2089,121,13.659630999999999
2023-07-24 04:00:00+00:00,13.75,13.800000000000001,13.5,13.5,3483,116,13.729903
2023-07-25 04:00:00+00:00,13.619999999999999,13.85,13.390000000000001,13.83,6740,273,13.716419999999999
2023-07-26 04:00:00+00:00,13.56,14.34,13.367000000000001,14.34,10291,216,13.992082999999999
2023-07-27 04:00:00+00:00,13.949999999999999,14.220000000000001,13.9,13.98,4686,231,13.960782
2023-07-28 04:00:00+00:00,13.85,13.85,13.85,13.85,1149,83,13.85
2023-07-31 04:00:00+00:00,13.83,13.960000000000001,13.4,13.75,13782,166,13.664005
2023-08-01 04:00:00+00:00,13.82,13.949999999999999,13.710000000000001,13.75,1966,101,13.783189999999999
2023-08-02 04:00:00+00:00,13.75,14.01,13.75,13.949999999999999,2281,107,13.903648
2023-08-03 04:00:00+00:00,14.33,14.33,13.699999999999999,13.699999999999999,2968,116,14.016548999999999
2023-08-04 04:00:00+00:00,13.699999999999999,13.699999999999999,13.699999999999999,13.699999999999999,0,0,0
2023-08-07 04:00:00+00:00,14.08,14.6599,13.9,14,4563,126,14.178649
2023-08-08 04:00:00+00:00,13.83,13.9499,13.82,13.85,943,62,13.874658999999999
2023-08-09 04:00:00+00:00,13.85,14.050000000000001,13.85,14,2319,100,13.953708000000001
2023-08-10 04:00:00+00:00,13.960000000000001,14,13.9,13.9,1766,97,13.929086
2023-08-11 04:00:00+00:00,13.85,14.289899999999999,13.85,13.9,2853,107,13.978754
2023-08-14 04:00:00+00:00,13.98,13.98,13.98,13.98,474,55,13.98
2023-08-15 04:00:00+00:00,13.85,13.859999999999999,13.85,13.859999999999999,565,35,13.853611000000001
2023-08-16 04:00:00+00:00,14.115,14.115,14.115,14.115,1112,33,14.115
2023-08-17 04:00:00+00:00,13.94,13.94,13.9,13.9,1569,51,13.919912
2023-08-18 04:00:00+00:00,14.039999999999999,14.900499999999999,14.01,14.01,5015,212,14.380881
2023-08-21 04:00:00+00:00,14.199999999999999,14.199999999999999,14.050000000000001,14.050000000000001,626,44,14.103956999999999
2023-08-22 04:00:00+00:00,14,14.4,13.800000000000001,13.800000000000001,2468,64,14.234310000000001
2023-08-23 04:00:00+00:00,14.640000000000001,14.94,14.050000000000001,14.460000000000001,9256,413,14.349209
2023-08-24 04:00:00+00:00,13.9001,14.24,13.9001,14.24,4825,137,14.074253000000001
2023-08-25 04:00:00+00:00,14.5,14.779999999999999,14.24,14.5,3102,142,14.539885999999999
2023-08-28 04:00:00+00:00,14.98,15.99,14.550000000000001,14.75,9230,426,14.913163000000001
2023-08-29 04:00:00+00:00,14.75,14.75,14.75,14.75,0,0,0
2023-08-30 04:00:00+00:00,14.449999999999999,14.699999999999999,14.449999999999999,14.699999999999999,1077,34,14.503482999999999
2023-08-31 04:00:00+00:00,14.5,15.210000000000001,14.4,14.4,6454,269,14.699203000000001
2023-09-01 04:00:00+00:00,14.49,14.859999999999999,14.050000000000001,14.35,9756,435,14.558949999999999
2023-09-05 04:00:00+00:00,14.56,14.6935,14.25,14.35,4687,229,14.409266000000001
2023-09-06 04:00:00+00:00,14.25,14.656000000000001,14.199999999999999,14.361000000000001,9083,382,14.357067000000001
2023-09-07 04:00:00+00:00,14.5,14.720000000000001,14.17,14.57,5745,390,14.424987
2023-09-08 04:00:00+00:00,14.41,14.7499,14.41,14.7499,3757,234,14.657052999999999
2023-09-11 04:00:00+00:00,14.800000000000001,15.005000000000001,14.449999999999999,14.449999999999999,6591,378,14.854236
2023-09-12 04:00:00+00:00,14.5,14.809900000000001,14.5,14.800000000000001,3216,120,14.769252
2023-09-13 04:00:00+00:00,14.6,15.045,14.5,14.59,8974,372,14.663053
2023-09-14 04:00:00+00:00,14.65,14.8001,14.65,14.800000000000001,3466,170,14.776590000000001
2023-09-15 04:00:00+00:00,14.529999999999999,14.75,14.529999999999999,14.75,4286,164,14.681645
2023-09-18 04:00:00+00:00,14.710000000000001,14.869999999999999,14.699999999999999,14.699999999999999,2252,122,14.757286000000001
2023-09-19 04:00:00+00:00,14.85,14.9,14.414999999999999,14.550000000000001,4595,180,14.673201000000001
2023-09-20 04:00:00+00:00,14.77,15.02,14.619999999999999,14.859999999999999,9776,169,14.833170000000001
2023-09-21 04:00:00+00:00,14.699999999999999,15.220000000000001,14.68,14.69,4132,157,14.772131999999999
2023-09-22 04:00:00+00:00,14.67,14.84,14.609999999999999,14.609999999999999,3247,216,14.742327
2023-09-25 04:00:00+00:00,14.6,15,14.234999999999999,14.42,12557,471,14.574254
2023-09-26 04:00:00+00:00,14.34,14.6,13.789999999999999,13.859999999999999,14437,721,14.138619
2023-09-27 04:00:00+00:00,13.9,14.205,13.59,13.66,3838,214,13.881529
2023-09-28 04:00:00+00:00,13.85,13.960000000000001,13.56,13.56,6334,213,13.882028999999999
2023-09-29 04:00:00+00:00,13.5,13.5,13.5,13.5,1526,81,13.5
2023-10-02 04:00:00+00:00,13.76,13.76,13.76,13.76,374,46,13.76
2023-10-03 04:00:00+00:00,13.76,13.76,13.76,13.76,0,0,0
2023-10-04 04:00:00+00:00,13.648999999999999,13.648999999999999,13.609999999999999,13.609999999999999,2251,86,13.635
2023-10-05 04:00:00+00:00,13.5,13.6,13.119999999999999,13.119999999999999,3953,93,13.304041
2023-10-06 04:00:00+00:00,13.199999999999999,13.550000000000001,13.199999999999999,13.5,3250,87,13.365266
2023-10-09 04:00:00+00:00,13.35,13.77,13.109999999999999,13.550000000000001,4831,139,13.498841000000001
2023-10-10 04:00:00+00:00,13.26,13.65,12.880599999999999,13.25,2307,100,13.24376
2023-10-11 04:00:00+00:00,13.16,13.51,12.890000000000001,12.890000000000001,5197,119,13.247432999999999
2023-10-12 04:00:00+00:00,13.15,13.301500000000001,12.895,13.17,4027,231,13.152638
2023-10-13 04:00:00+00:00,13.25,13.27,13.15,13.15,3073,178,13.214757000000001
2023-10-16 04:00:00+00:00,13.35,13.5,12.92,12.92,9236,353,13.252444000000001
2023-10-17 04:00:00+00:00,12.92,13.35,12.720000000000001,12.720000000000001,8619,288,12.94908
2023-10-18 04:00:00+00:00,12.720000000000001,13.063499999999999,12.6,12.66,5883,305,12.838025999999999
2023-10-19 04:00:00+00:00,12.609999999999999,12.85,12.609999999999999,12.8101,3391,66,12.753079
2023-10-20 04:00:00+00:00,12.720000000000001,12.75,12.609999999999999,12.68,7325,196,12.688032
2023-10-23 04:00:00+00:00,12.609999999999999,13,12.550000000000001,12.789999999999999,3118,112,12.762775
2023-10-24 04:00:00+00:00,12.69,13.0785,12.52,12.52,9029,146,12.729402
2023-10-25 04:00:00+00:00,12.52,12.9,12.42,12.449999999999999,9327,243,12.603012
2023-10-26 04:00:00+00:00,12.48,13.210000000000001,12.48,13.199999999999999,10307,337,12.938765
2023-10-27 04:00:00+00:00,13.01,13.24,12.720000000000001,12.720000000000001,4869,283,12.983333
2023-10-30 04:00:00+00:00,12.855,13.84,12.855,13.84,6587,240,13.439035000000001
2023-10-31 04:00:00+00:00,13.51,14.305,13.31,14.09,7142,257,13.738676999999999
2023-11-01 04:00:00+00:00,13.880000000000001,14.06,13.880000000000001,14.06,1645,102,13.997669
2023-11-02 04:00:00+00:00,14.029999999999999,14.5,13.095000000000001,13.26,14104,385,14.063575999999999
2023-11-03 04:00:00+00:00,13.65,14.19,13.65,13.949999999999999,9028,190,13.917889000000001
2023-11-06 05:00:00+00:00,14.1,14.275,13.364800000000001,13.52,4029,177,13.888064999999999
2023-11-07 05:00:00+00:00,13.65,13.699999999999999,13.24,13.24,5915,175,13.458178
2023-11-08 05:00:00+00:00,13,13.755000000000001,12.85,13.26,2188,102,13.235833
2023-11-09 05:00:00+00:00,13.300000000000001,13.34,13.210000000000001,13.25,10241,289,13.254693
2023-11-10 05:00:00+00:00,13.1,13.49,13,13,1634,82,13.202109999999999
2023-11-13 05:00:00+00:00,12.970000000000001,13.01,12.949999999999999,13.01,3328,162,12.982939
2023-11-14 05:00:00+00:00,13.08,13.640000000000001,13.08,13.59,8754,301,13.464733000000001
2023-11-15 05:00:00+00:00,13.4,13.51,13.220000000000001,13.220000000000001,5062,169,13.410886
2023-11-16 05:00:00+00:00,13.220000000000001,13.220000000000001,13.199999999999999,13.199999999999999,1291,65,13.206666999999999
2023-11-17 05:00:00+00:00,13.119999999999999,13.800000000000001,13.119999999999999,13.31,3481,101,13.384183999999999
2023-11-20 05:00:00+00:00,13.25,13.609999999999999,13.25,13.609999999999999,3818,77,13.307888
2023-11-21 05:00:00+00:00,13.5,14.205,13.33,13.33,6285,183,13.766748
2023-11-22 05:00:00+00:00,13.33,13.33,13.33,13.33,0,0,0
2023-11-24 05:00:00+00:00,13.539999999999999,13.800000000000001,13.539999999999999,13.800000000000001,2416,66,13.590878999999999
2023-11-27 05:00:00+00:00,13.99,13.99,13.199999999999999,13.300000000000001,7730,138,13.663155
2023-11-28 05:00:00+00:00,13.4,13.76,13.4,13.76,2758,56,13.601756999999999
2023-11-29 05:00:00+00:00,13.6,13.76,13.59,13.76,880,16,13.686237999999999
2023-11-30 05:00:00+00:00,13.529999999999999,13.69,13.289999999999999,13.6,6513,174,13.512252
2023-12-01 05:00:00+00:00,13.359999999999999,13.77,13.3103,13.5,11864,320,13.461548000000001
2023-12-04 05:00:00+00:00,13.550000000000001,13.7906,13.5,13.699999999999999,5745,206,13.719009
2023-12-05 05:00:00+00:00,13.84,14.359999999999999,13.84,14.029999999999999,11812,321,14.105439000000001
2023-12-06 05:00:00+00:00,14.300000000000001,14.49,14.225,14.4499,6233,384,14.370521999999999
2023-12-07 05:00:00+00:00,14.18,15.24,14.18,14.859999999999999,10929,373,14.937182999999999
2023-12-08 05:00:00+00:00,14.85,15.199999999999999,14.75,14.935,12471,303,14.871108
2023-12-11 05:00:00+00:00,15.095000000000001,15.095000000000001,14.65,14.77,6777,244,14.866277
2023-12-12 05:00:00+00:00,14.6,14.82,14.279999999999999,14.279999999999999,6201,140,14.558157
2023-12-13 05:00:00+00:00,14.449999999999999,14.449999999999999,13.800000000000001,14.210000000000001,18510,394,14.188980000000001
2023-12-14 05:00:00+00:00,14.57,15,14.51,15,14121,364,14.812358
2023-12-15 05:00:00+00:00,14.66,15.25,14.66,15.199999999999999,15033,143,15.101464999999999
2023-12-18 05:00:00+00:00,14.83,14.91,14.800000000000001,14.91,1697,118,14.836058
2023-12-19 05:00:00+00:00,14.949999999999999,15.119999999999999,14.949999999999999,15.109999999999999,3599,102,15.069680999999999
2023-12-20 05:00:00+00:00,15.109999999999999,15.5,15.065,15.35,7598,285,15.312939
2023-12-21 05:00:00+00:00,15.32,15.74,14.890000000000001,15.02,8000,207,15.427733999999999
2023-12-22 05:00:00+00:00,14.970000000000001,15.448700000000001,14.875,15.199999999999999,7653,176,15.184313
2023-12-26 05:00:00+00:00,15.3104,15.66,15.3104,15.66,4821,145,15.462028999999999
2023-12-27 05:00:00+00:00,15.106199999999999,15.66,15.106199999999999,15.6,2652,85,15.539896000000001
2023-12-28 05:00:00+00:00,15.300000000000001,15.699999999999999,15.300000000000001,15.35,3504,41,15.430985
2023-12-29 05:00:00+00:00,15.35,15.35,15.35,15.35,0,0,0
2024-01-02 05:00:00+00:00,15.35,15.83,15.35,15.65,4843,94,15.587301999999999
2024-01-03 05:00:00+00:00,15.17,15.57,15.17,15.57,1035,31,15.300691
2024-01-04 05:00:00+00:00,15.484999999999999,15.75,15.484999999999999,15.75,3875,102,15.536396999999999
2024-01-05 05:00:00+00:00,15.193,15.57,15.193,15.27,4422,91,15.406305
2024-01-08 05:00:00+00:00,15.19,15.4,15.19,15.210000000000001,897,40,15.313288
2024-01-09 05:00:00+00:00,15.199999999999999,15.199999999999999,15.199999999999999,15.199999999999999,170,12,15.199999999999999
2024-01-10 05:00:00+00:00,15.16,15.48,15.151,15.48,1283,32,15.195931
2024-01-11 05:00:00+00:00,15.202500000000001,15.202500000000001,15.19,15.19,1022,12,15.19749
2024-01-12 05:00:00+00:00,15.19,15.19,15.19,15.19,0,0,0
2024-01-16 05:00:00+00:00,15.044600000000001,15.044600000000001,15.044600000000001,15.044600000000001,1051,50,15.044600000000001
2024-01-17 05:00:00+00:00,15.07,15.35,15.07,15.26,3902,77,15.142272999999999
2024-01-18 05:00:00+00:00,15.050000000000001,15.25,15.050000000000001,15.25,1552,58,15.126765000000001
2024-01-19 05:00:00+00:00,15.452500000000001,15.452500000000001,15.449999999999999,15.449999999999999,1837,143,15.450616999999999
2024-01-22 05:00:00+00:00,15.18,15.210000000000001,15.18,15.210000000000001,1238,55,15.193617
2024-01-23 05:00:00+00:00,14.56,14.56,14.539999999999999,14.539999999999999,1266,96,14.550000000000001
2024-01-24 05:00:00+00:00,14.75,15.390000000000001,14.75,14.76,2278,45,14.946106
2024-01-25 05:00:00+00:00,15.300000000000001,15.31,15.300000000000001,15.31,1012,261,15.305
2024-01-26 05:00:00+00:00,15.49,16.25,15.49,15.81,4916,133,15.710231
2024-01-29 05:00:00+00:00,16.239999999999998,16.239999999999998,14.6822,15.68,4965,94,15.348425000000001
2024-01-30 05:00:00+00:00,15.699999999999999,15.91,15.31,15.31,2273,101,15.695679999999999
2024-01-31 05:00:00+00:00,15.51,15.99,15.32,15.32,3080,75,15.5412
2024-02-01 05:00:00+00:00,15.300000000000001,15.6,15.300000000000001,15.56,2350,150,15.501798000000001
2024-02-02 05:00:00+00:00,15.56,15.56,15.56,15.56,0,0,0
2024-02-05 05:00:00+00:00,15.609999999999999,15.800000000000001,15.5001,15.710000000000001,3382,89,15.673947
2024-02-06 05:00:00+00:00,15.74,15.74,15.51,15.51,1206,238,15.645294
2024-02-07 05:00:00+00:00,15.6005,15.6005,15.539999999999999,15.539999999999999,973,47,15.551308000000001
2024-02-08 05:00:00+00:00,15.75,15.75,15.4,15.4,8125,77,15.552393
2024-02-09 05:00:00+00:00,15.734999999999999,15.734999999999999,15.3515,15.5,3622,86,15.488763000000001
2024-02-12 05:00:00+00:00,15.300000000000001,15.300000000000001,15.06,15.06,2052,67,15.159139
2024-02-13 05:00:00+00:00,15,15,14.85,14.85,1334,25,14.984211
2024-02-14 05:00:00+00:00,14.81,14.81,14.81,14.81,929,60,14.81
2024-02-15 05:00:00+00:00,15.109999999999999,15.109999999999999,14.81,14.81,3019,74,14.973455
2024-02-16 05:00:00+00:00,14.81,14.81,14.609999999999999,14.609999999999999,2258,73,14.732785
2024-02-20 05:00:00+00:00,14.539999999999999,14.539999999999999,14.529999999999999,14.529999999999999,1246,119,14.532415
2024-02-21 05:00:00+00:00,14.42,14.960000000000001,14.42,14.75,5923,125,14.762065
2024-02-22 05:00:00+00:00,14.460000000000001,14.75,13.51,13.970000000000001,12018,165,14.262397
2024-02-23 05:00:00+00:00,14.09,14.773400000000001,13.81,13.81,5709,70,13.992569
2024-02-26 05:00:00+00:00,14.73,14.73,14.050000000000001,14.27,3489,113,14.179558
2024-02-27 05:00:00+00:00,14.27,14.27,14.27,14.27,0,0,0
2024-02-28 05:00:00+00:00,13.841799999999999,14.0525,13.81,13.99,3489,81,13.987377
2024-02-29 05:00:00+00:00,13.9001,14,13.9,13.9,1606,20,13.915046
2024-03-01 05:00:00+00:00,13.9,14.175000000000001,13.609999999999999,13.699999999999999,8178,173,13.85341
2024-03-04 05:00:00+00:00,13.609999999999999,14,13.609999999999999,13.81,2382,65,13.796469
2024-03-05 05:00:00+00:00,14.2799,14.2799,13.984999999999999,14,1768,38,14.086193
2024-03-06 05:00:00+00:00,13.699999999999999,13.99,13.699999999999999,13.99,4488,61,13.782303000000001
2024-03-07 05:00:00+00:00,14.289999999999999,14.289999999999999,13.720000000000001,13.720000000000001,1148,51,13.966154
2024-03-08 05:00:00+00:00,13.800000000000001,13.949999999999999,13.795199999999999,13.795199999999999,3678,108,13.871426
2024-03-11 04:00:00+00:00,13.795199999999999,13.795199999999999,13.795199999999999,13.795199999999999,0,0,0
2024-03-12 04:00:00+00:00,13.795199999999999,13.795199999999999,13.795199999999999,13.795199999999999,0,0,0
2024-03-13 04:00:00+00:00,13.42,14.050000000000001,13.42,13.609999999999999,4996,76,13.77693
2024-03-14 04:00:00+00:00,13.609999999999999,13.65,13.5006,13.65,2523,44,13.60181
2024-03-15 04:00:00+00:00,13.85,13.9,13.65,13.9,3419,81,13.840356999999999
2024-03-18 04:00:00+00:00,13.5192,13.85,13.449999999999999,13.449999999999999,10604,138,13.528392999999999
2024-03-19 04:00:00+00:00,13.580399999999999,13.65,13.5,13.5,4008,149,13.560267
2024-03-20 04:00:00+00:00,13.57,13.94,13.56,13.94,1099,107,13.785361
2024-03-21 04:00:00+00:00,13.9,13.9,13.880000000000001,13.880000000000001,1005,75,13.894152999999999
2024-03-22 04:00:00+00:00,13.970000000000001,14.0314,13.699999999999999,13.98,1777,37,13.914895
2024-03-25 04:00:00+00:00,13.94,13.94,13.699999999999999,13.699999999999999,1442,41,13.910696
2024-03-26 04:00:00+00:00,13.699999999999999,13.699999999999999,13.699999999999999,13.699999999999999,0,0,0
2024-03-27 04:00:00+00:00,13.6,13.815799999999999,13.6,13.815799999999999,757,104,13.760792
2024-03-28 04:00:00+00:00,13.75,13.98,13.75,13.779999999999999,1876,45,13.776198000000001
2024-04-01 04:00:00+00:00,14.005000000000001,14.4,13.617900000000001,13.949999999999999,7836,67,13.729931000000001
2024-04-02 04:00:00+00:00,13.640000000000001,14.17,13.609999999999999,14.17,1125,48,13.94957
2024-04-03 04:00:00+00:00,14.1,14.1,14.1,14.1,605,28,14.1
2024-04-04 04:00:00+00:00,13.75,14.380000000000001,13.609999999999999,14.380000000000001,2483,117,13.723591000000001
2024-04-05 04:00:00+00:00,13.9,13.9,13.9,13.9,655,28,13.9
2024-04-08 04:00:00+00:00,13.779999999999999,13.789999999999999,13.779999999999999,13.789999999999999,319,13,13.784587
2024-04-09 04:00:00+00:00,13.779999999999999,13.779999999999999,13.609999999999999,13.609999999999999,1453,62,13.743918000000001
2024-04-10 04:00:00+00:00,13.51,13.51,13.31,13.31,2967,148,13.390632
2024-04-11 04:00:00+00:00,13.109999999999999,13.6,13.109999999999999,13.6,1069,86,13.283941
2024-04-12 04:00:00+00:00,13.24,13.710000000000001,13.109999999999999,13.710000000000001,1786,37,13.357729000000001
2024-04-15 04:00:00+00:00,13.1388,13.1388,13.1388,13.1388,370,22,13.1388
2024-04-16 04:00:00+00:00,13.1388,13.1388,13.1388,13.1388,0,0,0
2024-04-17 04:00:00+00:00,13.02,13.449999999999999,13.02,13.449999999999999,1527,59,13.161026
2024-04-18 04:00:00+00:00,13.15,13.335000000000001,13.15,13.32,1982,62,13.296071
2024-04-19 04:00:00+00:00,13.5,13.75,13.43,13.43,11286,195,13.625871999999999
2024-04-22 04:00:00+00:00,13.449999999999999,13.529999999999999,13.449999999999999,13.51,1684,169,13.484356999999999
2024-04-23 04:00:00+00:00,13.51,13.51,13.51,13.51,0,0,0
2024-04-24 04:00:00+00:00,13.550000000000001,13.789999999999999,13.5,13.789999999999999,5379,65,13.541547
2024-04-25 04:00:00+00:00,13.539999999999999,13.9551,13.539999999999999,13.800000000000001,1640,41,13.868937000000001
2024-04-26 04:00:00+00:00,13.8202,13.865,13.710000000000001,13.710000000000001,3215,72,13.810212999999999
2024-04-29 04:00:00+00:00,13.98,13.98,13.640000000000001,13.640000000000001,1443,73,13.827064
2024-04-30 04:00:00+00:00,13.52,13.6,13.063599999999999,13.380000000000001,7022,145,13.311811000000001
2024-05-01 04:00:00+00:00,13.380000000000001,13.380000000000001,13.380000000000001,13.380000000000001,0,0,0
2024-05-02 04:00:00+00:00,13.32,13.5358,13.01,13.01,1193,119,13.322919000000001
2024-05-03 04:00:00+00:00,13.48,13.51,13.32,13.51,3766,158,13.457735
2024-05-06 04:00:00+00:00,13.32,13.69,13.25,13.5,10574,365,13.428553000000001
2024-05-07 04:00:00+00:00,13.720000000000001,14.199999999999999,13.51,13.51,8370,294,13.731741
2024-05-08 04:00:00+00:00,13.800000000000001,13.994999999999999,13.6,13.75,2078,238,13.775833
2024-05-09 04:00:00+00:00,13.58,13.630000000000001,13.58,13.630000000000001,1142,80,13.611095000000001
2024-05-10 04:00:00+00:00,13.73,13.77,13.585000000000001,13.77,3331,75,13.744305000000001
2024-05-13 04:00:00+00:00,13.699999999999999,13.699999999999999,13.699999999999999,13.699999999999999,2637,75,13.699999999999999
2024-05-14 04:00:00+00:00,13.699999999999999,13.699999999999999,13.699999999999999,13.699999999999999,0,0,0
2024-05-15 04:00:00+00:00,13.56,13.720000000000001,13.56,13.6,2889,97,13.663561
2024-05-16 04:00:00+00:00,13.6,13.6,13.6,13.6,0,0,0
2024-05-17 04:00:00+00:00,13.609999999999999,13.609999999999999,13.609999999999999,13.609999999999999,438,33,13.609999999999999
2024-05-20 04:00:00+00:00,13.77,14.32,13.66,13.66,3853,80,13.876683
2024-05-21 04:00:00+00:00,13.68,13.999499999999999,13.68,13.9,2015,33,13.9177
2024-05-22 04:00:00+00:00,14.25,14.300000000000001,13.85,14.199999999999999,4690,114,14.139552999999999
2024-05-23 04:00:00+00:00,14.039999999999999,14.100099999999999,13.76,13.800000000000001,4920,77,13.919131999999999
2024-05-24 04:00:00+00:00,14.01,14.9,13.975,14.5,8328,127,14.250512000000001
2024-05-28 04:00:00+00:00,14.539999999999999,14.879899999999999,14.18,14.18,3921,46,14.583318
2024-05-29 04:00:00+00:00,14.01,14.210000000000001,14.01,14.17,2135,47,14.161009999999999
2024-05-30 04:00:00+00:00,14.1,14.300000000000001,13.92,13.92,2486,115,14.183400000000001
2024-05-31 04:00:00+00:00,13.890000000000001,14.789999999999999,13.58,13.720000000000001,10476,123,13.916145
2024-06-03 04:00:00+00:00,14.17,14.17,13.779999999999999,14.109999999999999,3970,150,14.068859
2024-06-04 04:00:00+00:00,14,14,13.785,13.92,4795,148,13.916475
2024-06-05 04:00:00+00:00,13.85,14.1,13.640000000000001,13.640000000000001,3318,128,13.97575
2024-06-06 04:00:00+00:00,13.9,13.91,13.9,13.91,1977,182,13.909221000000001
2024-06-07 04:00:00+00:00,13.789999999999999,14.050000000000001,13.65,13.84,2574,116,13.962415
2024-06-10 04:00:00+00:00,14,14.01,13.800000000000001,14.01,2728,163,13.927222
2024-06-11 04:00:00+00:00,13.699999999999999,13.710000000000001,13.699999999999999,13.710000000000001,580,75,13.705495000000001
2024-06-12 04:00:00+00:00,13.74,14.109999999999999,13.74,13.77,2708,261,13.972670000000001
2024-06-13 04:00:00+00:00,13.75,14.199999999999999,13.210100000000001,14.199999999999999,4431,175,13.936734
2024-06-14 04:00:00+00:00,13.823700000000001,13.85,13.823700000000001,13.85,625,91,13.83685
2024-06-17 04:00:00+00:00,13.91,14.199999999999999,13.91,14.199999999999999,3004,97,14.066618
2024-06-18 04:00:00+00:00,14.19,14.25,14.01,14.01,5891,246,14.124720999999999
2024-06-20 04:00:00+00:00,14.01,14.01,14.01,14.01,0,0,0
2024-06-21 04:00:00+00:00,14.164199999999999,14.199999999999999,14.164199999999999,14.18,4918,138,14.177350000000001
2024-06-24 04:00:00+00:00,14.0396,14.1013,14.02,14.02,4780,105,14.065751000000001
2024-06-25 04:00:00+00:00,14.02,14.055,13.66,13.66,8357,163,13.953128
2024-06-26 04:00:00+00:00,13.8817,14,13.800000000000001,14,3506,157,13.905526999999999
2024-06-27 04:00:00+00:00,13.9,13.99,13.67,13.99,4308,92,13.772537
2024-06-28 04:00:00+00:00,13.93,14,13.779999999999999,14,3784,91,13.937687
2024-07-01 04:00:00+00:00,13.69,14.1295,13.69,14,5875,153,13.93078
2024-07-02 04:00:00+00:00,13.84,14.130000000000001,13.84,14.130000000000001,1815,129,14.065104
2024-07-03 04:00:00+00:00,14.130000000000001,14.130000000000001,14.130000000000001,14.130000000000001,0,0,0
2024-07-05 04:00:00+00:00,14.130000000000001,14.130000000000001,14.130000000000001,14.130000000000001,0,0,0
2024-07-08 04:00:00+00:00,13.9,13.93,13.619999999999999,13.630000000000001,14037,154,13.749167999999999
2024-07-09 04:00:00+00:00,13.65,13.65,13.65,13.65,1413,66,13.65
2024-07-10 04:00:00+00:00,13.75,13.75,13.52,13.52,1540,41,13.71963
2024-07-11 04:00:00+00:00,13.199999999999999,13.895,13.199999999999999,13.789999999999999,7526,140,13.782121999999999
2024-07-12 04:00:00+00:00,13.85,13.91,13.85,13.91,1184,31,13.862849000000001
2024-07-15 04:00:00+00:00,14.15,14.315,14.037100000000001,14.050000000000001,4629,181,14.195959
2024-07-16 04:00:00+00:00,14.15,14.550000000000001,14.15,14.32,5454,102,14.444345
2024-07-17 04:00:00+00:00,14.869899999999999,15.98,14.470000000000001,15.85,12345,312,15.028193
2024-07-18 04:00:00+00:00,16,16.050000000000001,14.803900000000001,15.449999999999999,14858,242,15.418635999999999
2024-07-19 04:00:00+00:00,15.5,15.99,15.01,15.1,2817,54,15.423382999999999
2024-07-22 04:00:00+00:00,14.75,15.505000000000001,14.75,14.800000000000001,11982,181,15.022219
2024-07-23 04:00:00+00:00,15.3201,15.539999999999999,15.15,15.380000000000001,3496,100,15.264485000000001
2024-07-24 04:00:00+00:00,15.369999999999999,15.369999999999999,15.369999999999999,15.369999999999999,685,31,15.369999999999999
2024-07-25 04:00:00+00:00,15.369999999999999,15.369999999999999,15.369999999999999,15.369999999999999,0,0,0
2024-07-26 04:00:00+00:00,15.4,16.32,15.4,16.23,6359,137,15.972465
2024-07-29 04:00:00+00:00,16.489999999999998,16.690000000000001,16.109999999999999,16.32,11414,144,16.385325000000002
2024-07-30 04:00:00+00:00,16.5,16.588000000000001,16.010000000000002,16.149999999999999,4809,94,16.289206
2024-07-31 04:00:00+00:00,16.504999999999999,16.75,16.300000000000001,16.710000000000001,18068,260,16.643616999999999
2024-08-01 04:00:00+00:00,16.899999999999999,16.899999999999999,16.300000000000001,16.34,8207,115,16.672561999999999
2024-08-02 04:00:00+00:00,16.664999999999999,17.510000000000002,16.34,16.809999999999999,11429,203,16.936022999999999
2024-08-05 04:00:00+00:00,16.539999999999999,16.539999999999999,15.81,16.239999999999998,8751,238,16.136316999999998
2024-08-06 04:00:00+00:00,16.109999999999999,16.9849,15.800000000000001,16.9849,6499,175,16.173333
2024-08-07 04:00:00+00:00,16.399999999999999,17.100000000000001,15.5501,16.489999999999998,5030,86,16.170660000000002
2024-08-08 04:00:00+00:00,16.010000000000002,16.23,15.1,15.957100000000001,11138,281,15.746286
2024-08-09 04:00:00+00:00,15.119999999999999,16.129999999999999,15.109999999999999,15.42,4825,74,15.254932999999999
2024-08-12 04:00:00+00:00,15.210000000000001,15.484999999999999,14.7501,14.85,9763,123,15.041631000000001
2024-08-13 04:00:00+00:00,14.77,15.470000000000001,14.76,15.34,7032,145,15.109724
2024-08-14 04:00:00+00:00,14.8348,15.48,14.8348,15.35,3116,76,15.364686000000001
2024-08-15 04:00:00+00:00,15.15,15.300000000000001,15,15.15,7875,148,15.166601999999999
2024-08-16 04:00:00+00:00,15.32,15.5,15.32,15.5,6549,126,15.449811
2024-08-19 04:00:00+00:00,15.565,15.565,15.1,15.48,6607,143,15.262859000000001
2024-08-20 04:00:00+00:00,15.15,15.16,15.01,15.16,3587,103,15.133782999999999
2024-08-21 04:00:00+00:00,15.02,15.297599999999999,14.24,14.981999999999999,21813,251,15.095394000000001
2024-08-22 04:00:00+00:00,15.4199,15.42,15.15,15.32,4828,92,15.259465000000001
2024-08-23 04:00:00+00:00,15.35,16.170000000000002,15.193,15.75,17846,193,15.779119
2024-08-26 04:00:00+00:00,16.199999999999999,17.004300000000001,15.99,16.399999999999999,12877,342,16.366237999999999
2024-08-27 04:00:00+00:00,16.359999999999999,16.359999999999999,15.800000000000001,15.800000000000001,5612,147,16.302485000000001
2024-08-28 04:00:00+00:00,16.100000000000001,16.399999999999999,15.859999999999999,16.399999999999999,4340,153,16.110887000000002
2024-08-29 04:00:00+00:00,16.2837,16.2837,15.9,16.100000000000001,3396,156,16.101444999999998
2024-08-30 04:00:00+00:00,16.02,16.489999999999998,16.02,16.25,5025,135,16.242630999999999
2024-09-03 04:00:00+00:00,16.390000000000001,16.739999999999998,15.970000000000001,16.32,19299,286,16.403220000000001
2024-09-04 04:00:00+00:00,16.670000000000002,16.989999999999998,15.859999999999999,16.989999999999998,16515,248,16.512371999999999
2024-09-05 04:00:00+00:00,16.760000000000002,17.649999999999999,16.32,17.039999999999999,26040,355,17.156379000000001
2024-09-06 04:00:00+00:00,16.989999999999998,17.579999999999998,16.754999999999999,17.149999999999999,12207,331,17.199498999999999
2024-09-09 04:00:00+00:00,17.199999999999999,17.5,16.800000000000001,17.219999999999999,14441,480,17.131167999999999
2024-09-10 04:00:00+00:00,17.25,17.645,16.850000000000001,17.059999999999999,11084,422,17.404105000000001
2024-09-11 04:00:00+00:00,17.02,17.350000000000001,16.510000000000002,17.350000000000001,12294,311,17.089130999999998
2024-09-12 04:00:00+00:00,17.219999999999999,17.219999999999999,17.199999999999999,17.199999999999999,1168,92,17.209903000000001
2024-09-13 04:00:00+00:00,17.149999999999999,18.620000000000001,17.094999999999999,18.039999999999999,14896,288,17.775380999999999
2024-09-16 04:00:00+00:00,16.559999999999999,18.670000000000002,16.559999999999999,18.52,23153,411,18.29842
2024-09-17 04:00:00+00:00,18.309999999999999,18.93,18.004999999999999,18.550000000000001,15168,190,18.466351
2024-09-18 04:00:00+00:00,18.055,19.899999999999999,18.055,18.920000000000002,18241,325,18.9236
2024-09-19 04:00:00+00:00,19.300000000000001,19.5,18.59,18.760000000000002,11786,281,19.216764999999999
2024-09-20 04:00:00+00:00,18.93,20.530000000000001,18.800000000000001,20.399999999999999,31046,564,19.924675000000001
2024-09-23 04:00:00+00:00,20.399999999999999,20.399999999999999,19.809999999999999,20.079999999999998,13747,418,20.018901
2024-09-24 04:00:00+00:00,19.649999999999999,20.190000000000001,19,20,16407,309,19.813113999999999
2024-09-25 04:00:00+00:00,20.039999999999999,20.039999999999999,19.699999999999999,19.699999999999999,4418,196,19.760591999999999
2024-09-26 04:00:00+00:00,19.640000000000001,20.300000000000001,19.550000000000001,19.789999999999999,15485,367,19.901909
2024-09-27 04:00:00+00:00,19.170000000000002,20.199999999999999,18.41,20.199999999999999,20011,277,19.967891999999999
2024-09-30 04:00:00+00:00,20.329999999999998,20.84,20,20.559999999999999,14346,269,20.513932
2024-10-01 04:00:00+00:00,20.109999999999999,21.210000000000001,19.52,20.664999999999999,23243,529,20.571743999999999
2024-10-02 04:00:00+00:00,20.5,20.5,20.219999999999999,20.219999999999999,3278,124,20.349682999999999
2024-10-03 04:00:00+00:00,20.18,20.18,19.800000000000001,19.920000000000002,8597,231,19.958966
2024-10-04 04:00:00+00:00,19.98,20.140000000000001,19.93,20.140000000000001,6964,199,20.006993000000001
2024-10-07 04:00:00+00:00,19.430099999999999,19.8675,19.430099999999999,19.8675,1596,92,19.755002999999999
2024-10-08 04:00:00+00:00,19.969899999999999,19.98,19.949999999999999,19.949999999999999,4935,145,19.975263999999999
2024-10-09 04:00:00+00:00,19.77,19.9499,19.539999999999999,19.539999999999999,5889,306,19.828757
2024-10-10 04:00:00+00:00,19.5,19.690000000000001,19.41,19.690000000000001,2724,155,19.525680999999999
2024-10-11 04:00:00+00:00,19.690000000000001,20.399999999999999,19.690000000000001,20.260000000000002,5932,156,20.304967999999999
2024-10-14 04:00:00+00:00,19.899999999999999,19.899999999999999,19.57,19.690000000000001,8529,209,19.700189999999999
2024-10-15 04:00:00+00:00,19.065300000000001,20.16,19.065300000000001,19.57,12054,265,19.829266000000001
2024-10-16 04:00:00+00:00,19.649999999999999,20,19.499700000000001,19.859999999999999,3550,93,19.725785999999999
2024-10-17 04:00:00+00:00,19.449999999999999,20.09,19.238099999999999,20.09,6310,286,19.772134999999999
2024-10-18 04:00:00+00:00,19.001000000000001,19.66,19.001000000000001,19.629999999999999,1779,72,19.523710999999999
2024-10-21 04:00:00+00:00,19.760000000000002,19.760000000000002,19.66,19.661000000000001,1170,96,19.693667000000001
2024-10-22 04:00:00+00:00,19.661000000000001,19.661000000000001,19.661000000000001,19.661000000000001,0,0,0
2024-10-23 04:00:00+00:00,19.43,19.995000000000001,19.43,19.719999999999999,9606,198,19.709023999999999
2024-10-24 04:00:00+00:00,19.550000000000001,20.25,19.550000000000001,20.25,9861,239,19.822780999999999
2024-10-25 04:00:00+00:00,19.510000000000002,19.899999999999999,18.699999999999999,19.001000000000001,26607,708,19.560662000000001
2024-10-28 04:00:00+00:00,18.57,19.914999999999999,18.543700000000001,19.635000000000002,16800,364,19.271117
2024-10-29 04:00:00+00:00,19.350000000000001,19.785,19.350000000000001,19.690000000000001,15614,233,19.686046000000001
2024-10-30 04:00:00+00:00,19.095199999999998,19.649999999999999,19.07,19.649999999999999,9296,231,19.310444
2024-10-31 04:00:00+00:00,19.690000000000001,19.690000000000001,18.68,19.210000000000001,11022,277,19.333424999999998
2024-11-01 04:00:00+00:00,19.046900000000001,19.530000000000001,18.879999999999999,19.530000000000001,4892,175,19.333825999999998
2024-11-04 05:00:00+00:00,19.530000000000001,19.600000000000001,19.350000000000001,19.600000000000001,3832,144,19.469812000000001
2024-11-05 05:00:00+00:00,19.640000000000001,19.68,17.91,18.100000000000001,31476,558,19.019363999999999
2024-11-06 05:00:00+00:00,19.09,19.370000000000001,18.57,18.719999999999999,11373,208,18.801065999999999
2024-11-07 05:00:00+00:00,18.670000000000002,18.850000000000001,18.530000000000001,18.789999999999999,9573,266,18.688210000000002
2024-11-08 05:00:00+00:00,18.600000000000001,19.179099999999998,18.600000000000001,18.670000000000002,2086,93,18.973851
2024-11-11 05:00:00+00:00,18.489999999999998,19.046199999999999,18.489999999999998,18.870000000000001,3998,108,18.864259000000001
2024-11-12 05:00:00+00:00,18.800000000000001,19.242699999999999,18.73,19.190000000000001,13805,223,19.016939000000001
2024-11-13 05:00:00+00:00,18.850000000000001,19.3599,18.493300000000001,18.859999999999999,10211,312,19.055410999999999
2024-11-14 05:00:00+00:00,18.890000000000001,20,18.890000000000001,19.940000000000001,17826,320,19.378814999999999
2024-11-15 05:00:00+00:00,19.800000000000001,20.905000000000001,19.504999999999999,20.309999999999999,27237,395,20.168161000000001
2024-11-18 05:00:00+00:00,20.059999999999999,20.859999999999999,19.73,20.030000000000001,13226,224,20.178681000000001
2024-11-19 05:00:00+00:00,19.859999999999999,20.59,19.859999999999999,20.59,14472,245,20.132667999999999
2024-11-20 05:00:00+00:00,20.640000000000001,20.989999999999998,20.07,20.989999999999998,14692,309,20.644877000000001
2024-11-21 05:00:00+00:00,20.850000000000001,21.300000000000001,20.610099999999999,20.75,16671,285,20.907350000000001
2024-11-22 05:00:00+00:00,20.73,21.98,20.32,21.789999999999999,26430,476,21.031289999999998
2024-11-25 05:00:00+00:00,21.719999999999999,21.890000000000001,20.91,20.91,19611,468,21.36928
2024-11-26 05:00:00+00:00,20.565000000000001,21.780000000000001,20.489999999999998,21.34,18024,518,21.163644999999999
2024-11-27 05:00:00+00:00,21.449999999999999,22,21.449999999999999,21.75,12554,301,21.717199000000001
2024-11-29 05:00:00+00:00,21.75,22,21.561499999999999,21.710000000000001,9752,221,21.913926
2024-12-02 05:00:00+00:00,20.623699999999999,21.699999999999999,20.623699999999999,21.239999999999998,11578,348,21.145053000000001
2024-12-03 05:00:00+00:00,21.402899999999999,21.68,21.210000000000001,21.41,10028,239,21.653891000000002
2024-12-04 05:00:00+00:00,21.5641,21.77,21.210000000000001,21.449999999999999,15016,225,21.600109
2024-12-05 05:00:00+00:00,21.59,21.640000000000001,21.475000000000001,21.640000000000001,14570,205,21.57366
2024-12-06 05:00:00+00:00,21.66,21.890000000000001,21.285399999999999,21.66,21266,346,21.700151999999999
2024-12-09 05:00:00+00:00,21.899999999999999,22.210000000000001,21.510000000000002,21.91,32589,763,21.966963
2024-12-10 05:00:00+00:00,22.02,22.210000000000001,21.780000000000001,21.780000000000001,20192,721,22.038605
2024-12-11 05:00:00+00:00,21.98,21.98,21.809999999999999,21.809999999999999,15014,632,21.923047
2024-12-12 05:00:00+00:00,21.52,21.93,21.449999999999999,21.649999999999999,19549,553,21.640339999999998
2024-12-13 05:00:00+00:00,20.977499999999999,21.934999999999999,20.977499999999999,21.739999999999998,27247,541,21.700835999999999
2024-12-16 05:00:00+00:00,21.739999999999998,22.620000000000001,21.68,22.550000000000001,95587,1014,22.384125999999998
2024-12-17 05:00:00+00:00,22.48,22.98,22.210000000000001,22.690000000000001,102600,1872,22.625907000000002
2024-12-18 05:00:00+00:00,22.82,23,22.434999999999999,22.789999999999999,90205,908,22.785803999999999
2024-12-19 05:00:00+00:00,22.780000000000001,22.780000000000001,21.805,22.300000000000001,149530,823,22.362416
2024-12-20 05:00:00+00:00,21.975000000000001,22.170000000000002,20.91,20.91,42184,848,21.272424999999998
2024-12-23 05:00:00+00:00,20.739999999999998,20.8551,19.885000000000002,20.059999999999999,20348,793,20.397624
2024-12-24 05:00:00+00:00,19.93,21.3262,19.93,20.93,15180,369,20.693652
2024-12-26 05:00:00+00:00,20.879999999999999,21.719999999999999,20.879999999999999,21.579999999999998,12967,261,21.449895999999999
2024-12-27 05:00:00+00:00,21.739999999999998,21.739999999999998,21.280000000000001,21.48,21284,846,21.473203999999999
2024-12-30 05:00:00+00:00,21.199999999999999,21.199999999999999,20.57,20.57,15237,569,20.793825999999999
2024-12-31 05:00:00+00:00,20.004999999999999,21.149999999999999,20.004999999999999,20.91,7329,224,20.737556000000001
2025-01-02 05:00:00+00:00,20.690000000000001,21.030000000000001,20.600000000000001,20.739999999999998,12684,399,20.809232000000002
2025-01-03 05:00:00+00:00,20.609999999999999,21.190000000000001,20.25,20.91,10214,331,20.575413999999999
2025-01-06 05:00:00+00:00,21.170000000000002,22.010000000000002,20.48,21.25,34147,777,21.526585000000001
2025-01-07 05:00:00+00:00,21.079999999999998,21.079999999999998,20.699999999999999,20.879999999999999,23865,459,20.882771000000002
2025-01-08 05:00:00+00:00,20.57,20.829999999999998,19.721499999999999,20.760000000000002,42317,351,20.521809999999999
2025-01-10 05:00:00+00:00,20.359999999999999,20.539999999999999,20,20.260000000000002,8138,414,20.225477999999999
2025-01-13 05:00:00+00:00,19.879999999999999,20.23,19.57,19.57,7012,249,19.850435999999998
2025-01-14 05:00:00+00:00,19.52,20.07,19.52,19.789999999999999,19588,504,19.826902
2025-01-15 05:00:00+00:00,20,20.640000000000001,19.554099999999998,20.18,16689,295,20.197454
2025-01-16 05:00:00+00:00,20.100000000000001,20.364999999999998,20.07,20.25,11330,250,20.189374999999998
2025-01-17 05:00:00+00:00,20.059999999999999,20.41,20,20.289999999999999,18496,339,20.133717999999998
2025-01-21 05:00:00+00:00,20.449999999999999,20.469999999999999,20.129999999999999,20.399999999999999,3816,183,20.287220000000001
2025-01-22 05:00:00+00:00,20,20.649999999999999,20,20.52,13584,419,20.425539000000001
2025-01-23 05:00:00+00:00,20,20.75,20,20.75,15066,352,20.533556000000001
2025-01-24 05:00:00+00:00,20.75,22.25,20.75,21.215,24230,427,21.458601999999999
2025-01-27 05:00:00+00:00,21.48,21.695,20.879999999999999,21.27,7317,184,21.370103
2025-01-28 05:00:00+00:00,21,21.949999999999999,18.900099999999998,21.949999999999999,10597,178,21.199991000000001
2025-01-29 05:00:00+00:00,22.039999999999999,22.32,21.280000000000001,22.210000000000001,11129,317,21.909658
2025-01-30 05:00:00+00:00,22.5,22.5,21.850100000000001,22.260000000000002,6161,391,22.164584999999999
2025-01-31 05:00:00+00:00,22.010000000000002,22.75,21.82,22.370000000000001,10590,424,22.240960999999999
2025-02-03 05:00:00+00:00,21.489999999999998,22.300000000000001,21,22.16,8802,338,21.729396999999999
2025-02-04 05:00:00+00:00,22.469999999999999,22.989999999999998,21.574999999999999,22.989999999999998,6755,316,22.449368
2025-02-05 05:00:00+00:00,22.989999999999998,23.640000000000001,22.960000000000001,23.43,22266,688,23.272207999999999
2025-02-06 05:00:00+00:00,23.210000000000001,24,21.3001,24,18674,502,23.442104
2025-02-07 05:00:00+00:00,23.510000000000002,24.4816,23.510000000000002,24.140000000000001,40908,1262,23.996801000000001
2025-02-10 05:00:00+00:00,23.850000000000001,24.23,22.850000000000001,24,8721,397,23.882822999999998
2025-02-11 05:00:00+00:00,23.600000000000001,24.260000000000002,23.530000000000001,23.93,11518,408,24.040561
2025-02-12 05:00:00+00:00,23.879999999999999,23.98,23,23.899999999999999,23809,666,23.840795
2025-02-13 05:00:00+00:00,23.899999999999999,24.215,23.329999999999998,23.77,32576,567,23.838954999999999
2025-02-14 05:00:00+00:00,23.690000000000001,23.690000000000001,23.289999999999999,23.420000000000002,7569,367,23.356853999999998
2025-02-18 05:00:00+00:00,23.440000000000001,23.475000000000001,23.2242,23.350000000000001,7358,298,23.371766999999998
2025-02-19 05:00:00+00:00,23.07,23.274999999999999,22.760000000000002,23.18,11712,484,23.115559999999999
2025-02-20 05:00:00+00:00,22.870000000000001,23.004999999999999,22.34,22.670000000000002,12904,624,22.808253000000001
2025-02-21 05:00:00+00:00,22.609999999999999,22.609999999999999,21.809999999999999,22.079999999999998,14955,994,22.225619999999999
2025-02-24 05:00:00+00:00,22.34,22.370000000000001,21.02,21.100000000000001,21208,922,21.553799999999999
2025-02-25 05:00:00+00:00,21.140000000000001,21.239999999999998,20.094999999999999,20.82,16543,833,20.666447999999999
2025-02-26 05:00:00+00:00,20.670000000000002,21.190000000000001,20.234999999999999,21,35069,887,20.884041
2025-02-27 05:00:00+00:00,20.699999999999999,21.079999999999998,19.680099999999999,20.989999999999998,23564,651,20.849951000000001
2025-02-28 05:00:00+00:00,21.079999999999998,21.390000000000001,20.48,21.18,21578,717,21.083888999999999
2025-03-03 05:00:00+00:00,21.23,21.934999999999999,20.960000000000001,21.23,62947,1148,21.304870999999999
2025-03-04 05:00:00+00:00,20.859999999999999,20.859999999999999,19.120200000000001,20.449999999999999,27975,623,20.256295999999999
2025-03-05 05:00:00+00:00,19.82,20.420000000000002,19.399999999999999,20.399999999999999,16253,532,20.110232
2025-03-06 05:00:00+00:00,20.109999999999999,20.324999999999999,19.9025,20.300000000000001,19841,688,20.230594
2025-03-07 05:00:00+00:00,20.09,20.280000000000001,19.355,20.190000000000001,13833,490,20.062134
2025-03-10 04:00:00+00:00,19.329999999999998,19.664999999999999,18.938199999999998,19.25,26083,957,19.231103999999998
2025-03-11 04:00:00+00:00,19.199999999999999,19.280000000000001,18.809999999999999,19.030000000000001,14499,445,19.107597999999999
2025-03-12 04:00:00+00:00,18.989999999999998,19.449999999999999,18.765000000000001,19.07,14929,702,19.147093000000002
2025-03-13 04:00:00+00:00,18.859999999999999,19.18,18.809999999999999,19.18,14300,501,19.038778000000001
2025-03-14 04:00:00+00:00,18.460000000000001,19.5,18.460000000000001,19.399999999999999,12077,375,19.060469000000001
2025-03-17 04:00:00+00:00,19.469999999999999,20.100000000000001,19.140000000000001,19.82,9542,273,19.544114
2025-03-18 04:00:00+00:00,19.510000000000002,19.940000000000001,19.489999999999998,19.940000000000001,16045,573,19.750506999999999
2025-03-19 04:00:00+00:00,19.690000000000001,20.359999999999999,19.690000000000001,20.280000000000001,15926,456,20.087198000000001
2025-03-20 04:00:00+00:00,19.870000000000001,20.780000000000001,19.870000000000001,20.780000000000001,22750,410,20.272908999999999
2025-03-21 04:00:00+00:00,20.48,21.09,20.469999999999999,20.989999999999998,22408,637,20.724602000000001
2025-03-24 04:00:00+00:00,20.93,21.98,20.93,21.359999999999999,28724,508,21.205673000000001
2025-03-25 04:00:00+00:00,21.27,21.449999999999999,21.170000000000002,21.170000000000002,9872,318,21.325942999999999
2025-03-26 04:00:00+00:00,21.02,21.295000000000002,20.140000000000001,20.82,11199,477,21.010898000000001
2025-03-27 04:00:00+00:00,21.140000000000001,21.300000000000001,21.120000000000001,21.239999999999998,10433,495,21.208573000000001
2025-03-28 04:00:00+00:00,21.27,21.27,21.114999999999998,21.149999999999999,5246,338,21.176551
2025-03-31 04:00:00+00:00,20.859999999999999,21.120000000000001,20.5,20.82,8270,366,20.760733999999999
2025-04-01 04:00:00+00:00,20.850000000000001,20.850000000000001,20.079999999999998,20.75,11220,465,20.639590999999999
2025-04-02 04:00:00+00:00,20.800000000000001,20.98,20.59,20.609999999999999,14345,532,20.802401
2025-04-03 04:00:00+00:00,19.5,20.199999999999999,19.260000000000002,19.780000000000001,33560,803,19.881415000000001
2025-04-04 04:00:00+00:00,19.0228,19.359999999999999,18.710000000000001,19.07,13763,516,19.036839000000001
2025-04-07 04:00:00+00:00,19.010000000000002,19.905000000000001,18.859999999999999,19.254999999999999,23477,660,19.250492000000001
2025-04-08 04:00:00+00:00,19.43,19.43,18.199999999999999,18.239999999999998,13086,447,18.885581999999999
2025-04-09 04:00:00+00:00,18,20.23,18,19,39203,772,19.222863
2025-04-10 04:00:00+00:00,17.8902,19.129999999999999,17.8902,18.260000000000002,11518,469,18.551348999999998
2025-04-11 04:00:00+00:00,18.07,18.245000000000001,17.333300000000001,17.739999999999998,14394,474,17.834308
2025-04-14 04:00:00+00:00,18.02,18.350000000000001,18.02,18.07,11703,438,18.151371000000001
2025-04-15 04:00:00+00:00,18.23,18.949999999999999,18.02,18.190000000000001,11568,463,18.393725
2025-04-16 04:00:00+00:00,18.02,18.664999999999999,18.02,18.510000000000002,12708,554,18.423950999999999
2025-04-17 04:00:00+00:00,18.640000000000001,19.300000000000001,18.629999999999999,18.710000000000001,20332,781,18.832726999999998
2025-04-21 04:00:00+00:00,18.399999999999999,18.77,18.18,18.559999999999999,9865,468,18.547705000000001
2025-04-22 04:00:00+00:00,18.559999999999999,19.73,18.390000000000001,19.34,56347,1337,19.155681999999999
2025-04-23 04:00:00+00:00,19.390000000000001,20.045000000000002,19.0686,19.649999999999999,57398,1183,19.556650999999999
2025-04-24 04:00:00+00:00,19.629999999999999,19.890000000000001,19.59,19.66,18460,749,19.710239999999999
2025-04-25 04:00:00+00:00,19.620000000000001,19.620000000000001,19.010000000000002,19.010000000000002,7281,379,19.319873999999999
2025-04-28 04:00:00+00:00,19.059999999999999,19.73,19.059999999999999,19.73,19766,885,19.568365
2025-04-29 04:00:00+00:00,19.671099999999999,19.829999999999998,18.969999999999999,19.789999999999999,17592,665,19.703144999999999
2025-04-30 04:00:00+00:00,19.690000000000001,19.75,19.41,19.440000000000001,17776,1059,19.567224
2025-05-01 04:00:00+00:00,19.309999999999999,19.75,19.210000000000001,19.399999999999999,28191,544,19.493193999999999
2025-05-02 04:00:00+00:00,19.0321,20.024999999999999,19,19.399999999999999,38110,710,19.528741
2025-05-05 04:00:00+00:00,19.16,19.829999999999998,19.16,19.399999999999999,32048,659,19.634632
2025-05-06 04:00:00+00:00,19.390000000000001,19.649999999999999,18.530000000000001,19.18,18442,509,19.344733000000002
2025-05-07 04:00:00+00:00,19.190000000000001,19.57,18.59,19.300000000000001,21003,602,19.237981999999999
2025-05-08 04:00:00+00:00,19.329999999999998,19.885000000000002,19.100000000000001,19.48,49942,978,19.629004999999999
2025-05-09 04:00:00+00:00,19.065000000000001,19.620000000000001,19.065000000000001,19.600000000000001,23109,934,19.468208000000001
2025-05-12 04:00:00+00:00,19.800000000000001,20.010000000000002,19.57,19.57,34099,1067,19.820139000000001
2025-05-13 04:00:00+00:00,19.800000000000001,20.175000000000001,19.585000000000001,19.75,29558,743,19.864462
2025-05-14 04:00:00+00:00,19.77,20.260000000000002,19.73,20.050000000000001,16600,882,19.9696
2025-05-15 04:00:00+00:00,20.239999999999998,20.370000000000001,19.699999999999999,19.949999999999999,22642,591,19.999713
2025-05-16 04:00:00+00:00,19.890000000000001,19.890000000000001,19.300000000000001,19.300000000000001,10296,398,19.640367999999999
2025-05-19 04:00:00+00:00,19.359999999999999,19.864999999999998,19.010100000000001,19.82,31375,973,19.704122999999999
2025-05-20 04:00:00+00:00,19.82,19.829999999999998,19.359999999999999,19.829999999999998,17916,741,19.719676
2025-05-21 04:00:00+00:00,19.800000000000001,19.82,19.510000000000002,19.690000000000001,19813,590,19.7026
2025-05-22 04:00:00+00:00,19.703199999999999,19.800000000000001,19.390000000000001,19.48,19411,737,19.675756
2025-05-23 04:00:00+00:00,18.774999999999999,19.489999999999998,18.774999999999999,19.260000000000002,13831,445,19.26492
2025-05-27 04:00:00+00:00,19.43,19.489999999999998,19.151800000000001,19.32,18099,553,19.384893999999999
2025-05-28 04:00:00+00:00,19.015000000000001,19.879999999999999,19.015000000000001,19.690000000000001,21700,978,19.556483
2025-05-29 04:00:00+00:00,19.68,19.68,19.359999999999999,19.600000000000001,24475,587,19.623459
2025-05-30 04:00:00+00:00,19.59,20.07,19.395,19.399999999999999,38296,444,19.530073000000002
2025-06-02 04:00:00+00:00,19.48,19.48,18.960000000000001,19.050000000000001,14657,650,19.199566999999998
2025-06-03 04:00:00+00:00,18.850000000000001,19.030000000000001,18.32,18.489999999999998,25604,1013,18.722200000000001
2025-06-04 04:00:00+00:00,18.609999999999999,18.989999999999998,18.079999999999998,18.079999999999998,21226,662,18.401209000000001
2025-06-05 04:00:00+00:00,18.010000000000002,18.502500000000001,17.940000000000001,18.039999999999999,23527,720,18.208559999999999
2025-06-06 04:00:00+00:00,18.039999999999999,18.5,18.039999999999999,18.23,20445,641,18.260863000000001
2025-06-09 04:00:00+00:00,18.199999999999999,18.34,17.984999999999999,18.09,12395,630,18.197161000000001
2025-06-10 04:00:00+00:00,18.0318,18.309999999999999,18.02,18.23,31975,675,18.182191
2025-06-11 04:00:00+00:00,18.239999999999998,18.390000000000001,18.120000000000001,18.32,22086,1011,18.26248
2025-06-12 04:00:00+00:00,18.280000000000001,18.390000000000001,18.210000000000001,18.370000000000001,11210,378,18.308902
2025-06-13 04:00:00+00:00,18.280000000000001,18.335000000000001,17.98,18.050000000000001,17583,553,18.156383000000002
2025-06-16 04:00:00+00:00,18.140000000000001,18.23,17.664999999999999,17.664999999999999,20312,893,17.983098999999999
2025-06-17 04:00:00+00:00,17.719999999999999,17.899999999999999,17.100100000000001,17.190000000000001,35533,1090,17.375184999999998
2025-06-18 04:00:00+00:00,17.190000000000001,17.370000000000001,17.100000000000001,17.370000000000001,28730,775,17.240549000000001
2025-06-20 04:00:00+00:00,17.550000000000001,17.739999999999998,17.274999999999999,17.620000000000001,25180,655,17.499137999999999
2025-06-23 04:00:00+00:00,17.460000000000001,17.800000000000001,17.210000000000001,17.469999999999999,35877,991,17.470561
2025-06-24 04:00:00+00:00,17.510000000000002,17.800000000000001,17.510000000000002,17.699999999999999,46314,1233,17.648071000000002
2025-06-25 04:00:00+00:00,17.699999999999999,17.995000000000001,17.16,17.550000000000001,29504,803,17.508203000000002
2025-06-26 04:00:00+00:00,17.5,18.440000000000001,17.5,18.079999999999998,55227,1358,17.993966
2025-06-27 04:00:00+00:00,18.010000000000002,18.48,17.789999999999999,18.370000000000001,768936,2036,18.358108000000001
2025-06-30 04:00:00+00:00,18.050000000000001,19.149999999999999,18,19.100000000000001,82551,1886,18.740334000000001
2025-07-01 04:00:00+00:00,18.890000000000001,19.529900000000001,18.725000000000001,19,50900,1204,19.138138000000001
2025-07-02 04:00:00+00:00,19.18,19.460000000000001,18.809999999999999,19,30009,856,19.141643999999999
2025-07-03 04:00:00+00:00,18.850000000000001,19.27,18.850000000000001,19.27,16653,448,19.159352999999999
2025-07-07 04:00:00+00:00,19.109999999999999,19.379999999999999,19.02,19.100000000000001,33775,988,19.139192000000001
2025-07-08 04:00:00+00:00,19.204999999999998,19.870000000000001,18.920000000000002,19.699999999999999,17970,611,19.611992000000001
2025-07-09 04:00:00+00:00,19.66,19.870000000000001,19.449999999999999,19.620000000000001,18885,471,19.594989000000002
2025-07-10 04:00:00+00:00,19.609999999999999,19.795000000000002,19.440000000000001,19.449999999999999,23944,565,19.631938999999999
2025-07-11 04:00:00+00:00,18.940000000000001,19.260000000000002,18.91,18.91,10430,427,19.046558999999998
2025-07-14 04:00:00+00:00,18.949999999999999,19.25,18.949999999999999,19.210000000000001,8608,274,19.169606000000002
2025-07-15 04:00:00+00:00,19.300000000000001,19.300000000000001,18.620000000000001,18.93,50162,891,18.876269000000001
2025-07-16 04:00:00+00:00,18.949999999999999,19.370000000000001,18.824999999999999,19.25,15850,495,19.237658
2025-07-17 04:00:00+00:00,19.085000000000001,19.789999999999999,19.085000000000001,19.5,29975,662,19.515370000000001
2025-07-18 04:00:00+00:00,19.719999999999999,19.949999999999999,19.460000000000001,19.5,22063,723,19.583627
2025-07-21 04:00:00+00:00,19.530000000000001,19.899999999999999,19.530000000000001,19.890000000000001,16150,616,19.776948000000001
2025-07-22 04:00:00+00:00,19.77,19.800000000000001,19.5,19.579999999999998,18101,531,19.669933
2025-07-23 04:00:00+00:00,19.670000000000002,19.809999999999999,19.620000000000001,19.75,20900,493,19.741159
2025-07-24 04:00:00+00:00,19.77,20.07,19.719999999999999,19.800000000000001,18574,573,19.838840000000001
2025-07-25 04:00:00+00:00,19.75,20.071200000000001,19.309999999999999,19.73,13235,417,19.670099
2025-07-28 04:00:00+00:00,19.68,20.02,19.68,19.77,16059,729,19.838350999999999
2025-07-29 04:00:00+00:00,20.059999999999999,20.059999999999999,19.399999999999999,19.420000000000002,11682,376,19.493337
2025-07-30 04:00:00+00:00,19.550000000000001,19.82,18.949999999999999,19.309999999999999,17770,993,19.400554
2025-07-31 04:00:00+00:00,19.109999999999999,19.16,18.809999999999999,18.809999999999999,15138,712,18.954785000000001
2025-08-01 04:00:00+00:00,18.75,18.969999999999999,18.342700000000001,18.969999999999999,17621,608,18.772387999999999
2025-08-04 04:00:00+00:00,19.120000000000001,20.109999999999999,19.120000000000001,20.100000000000001,22903,574,19.794747999999998
2025-08-05 04:00:00+00:00,20.27,20.550000000000001,19.880099999999999,20.25,46526,734,20.188521999999999
2025-08-06 04:00:00+00:00,20.0184,20.52,20.0184,20.32,13044,365,20.254982999999999
2025-08-07 04:00:00+00:00,20.48,20.485299999999999,19.850000000000001,20.09,16986,891,20.117915
2025-08-08 04:00:00+00:00,20.210000000000001,20.899999999999999,20.190000000000001,20.690000000000001,13503,355,20.517595
2025-08-11 04:00:00+00:00,20.84,21.16,19.879999999999999,20.710000000000001,15832,476,20.656341000000001
2025-08-12 04:00:00+00:00,20.710000000000001,21.5,20.625,21.280000000000001,37757,647,21.235735999999999
2025-08-13 04:00:00+00:00,21.289999999999999,21.77,20.860099999999999,21.629999999999999,35922,631,21.190899000000002
2025-08-14 04:00:00+00:00,21.34,21.629999999999999,21.32,21.32,10073,343,21.386963000000002
2025-08-15 04:00:00+00:00,21.32,21.696000000000002,20.690000000000001,20.809999999999999,13536,382,21.077075000000001
2025-08-18 04:00:00+00:00,20.809999999999999,21.329999999999998,20.640000000000001,20.77,19820,522,20.917801999999998
2025-08-19 04:00:00+00:00,20.264399999999998,21.190000000000001,20.264399999999998,20.780000000000001,13102,306,20.811986000000001
2025-08-20 04:00:00+00:00,20.875,21.469899999999999,20.66,20.75,11694,397,20.864348
2025-08-21 04:00:00+00:00,20.625,20.719999999999999,20.5,20.699999999999999,5778,192,20.605581999999998
2025-08-22 04:00:00+00:00,20.710000000000001,21.23,20.710000000000001,20.899999999999999,49729,1145,20.970625999999999
2025-08-25 04:00:00+00:00,20.989999999999998,21.195,20.760000000000002,20.879999999999999,17485,506,20.939411
2025-08-26 04:00:00+00:00,20.940000000000001,21.120000000000001,20.82,20.899999999999999,36886,617,20.924866000000002
2025-08-27 04:00:00+00:00,20.93,21.629999999999999,20.82,21.199999999999999,35279,621,21.160132000000001
2025-08-28 04:00:00+00:00,21.41,21.59,21.109999999999999,21.149999999999999,50522,752,21.219078
2025-08-29 04:00:00+00:00,21.359999999999999,21.8126,20.93,21,80358,960,21.176991000000001
2025-09-02 04:00:00+00:00,20.920000000000002,21.460000000000001,20.612200000000001,21.449999999999999,48307,643,21.179777999999999
2025-09-03 04:00:00+00:00,21.5,21.98,21.059999999999999,21.91,28782,516,21.581983000000001
2025-09-04 04:00:00+00:00,22.07,22.25,21.75,22.030000000000001,26276,484,22.017491
2025-09-05 04:00:00+00:00,22.151599999999998,22.3599,21.859999999999999,22.100000000000001,11207,301,22.098389999999998
2025-09-08 04:00:00+00:00,22.010000000000002,22.09,21.859999999999999,22.09,11359,401,22.028645999999998
2025-09-09 04:00:00+00:00,20.0001,21.824999999999999,20.0001,21.640000000000001,8811,421,21.524259000000001
2025-09-10 04:00:00+00:00,21.600000000000001,21.600000000000001,21.210000000000001,21.43,6941,278,21.466377000000001
2025-09-11 04:00:00+00:00,21.43,21.742899999999999,21.43,21.524999999999999,4537,320,21.495034
2025-09-12 04:00:00+00:00,21.585000000000001,21.585000000000001,20.890000000000001,20.890000000000001,5378,260,20.982230999999999
2025-09-15 04:00:00+00:00,20.859999999999999,20.859999999999999,20.300000000000001,20.379999999999999,11664,448,20.480864
2025-09-16 04:00:00+00:00,20.43,20.555,20,20.510000000000002,16329,311,20.297280000000001
2025-09-17 04:00:00+00:00,20.420000000000002,21.109999999999999,20.051600000000001,20.739999999999998,20066,453,20.734974000000001
2025-09-18 04:00:00+00:00,20.550000000000001,21.23,20.550000000000001,21.129999999999999,10632,424,21.080873
2025-09-19 04:00:00+00:00,21.109999999999999,21.109999999999999,20.219999999999999,21.059999999999999,62592,408,21.024086
2025-09-22 04:00:00+00:00,20.710000000000001,20.914999999999999,20.190000000000001,20.280000000000001,19813,886,20.379629000000001
2025-09-23 04:00:00+00:00,20.460000000000001,21.300000000000001,20.039999999999999,20.539999999999999,17597,596,20.479057999999998
2025-09-24 04:00:00+00:00,20.550000000000001,21.4299,20.309999999999999,20.34,10890,374,20.617204000000001
2025-09-25 04:00:00+00:00,20.27,20.895,20.030100000000001,20.559999999999999,7765,231,20.524474000000001
2025-09-26 04:00:00+00:00,20.530000000000001,20.9513,20.149999999999999,20.280000000000001,10213,262,20.341484000000001
2025-09-29 04:00:00+00:00,20.559999999999999,20.559999999999999,19.489999999999998,19.539999999999999,36252,519,19.806069000000001
2025-09-30 04:00:00+00:00,19.170000000000002,19.350000000000001,19.039999999999999,19.289999999999999,13358,449,19.236726000000001
2025-10-01 04:00:00+00:00,19.170000000000002,19.350000000000001,18.920000000000002,19.100000000000001,12491,386,19.169889999999999
2025-10-02 04:00:00+00:00,19.090499999999999,19.370000000000001,18.945,19.07,12386,411,19.130790999999999
2025-10-03 04:00:00+00:00,19.280000000000001,19.379999999999999,19.120000000000001,19.190000000000001,6997,248,19.215312999999998
2025-10-06 04:00:00+00:00,19.18,19.449999999999999,19.18,19.449999999999999,10328,241,19.332274999999999
2025-10-07 04:00:00+00:00,19.210000000000001,19.350000000000001,18.969999999999999,19.09,13362,422,19.178303
2025-10-08 04:00:00+00:00,18.876000000000001,19.23,18.876000000000001,19.199999999999999,21469,375,19.051480000000002
2025-10-09 04:00:00+00:00,18.868400000000001,19.2181,18.530000000000001,18.620000000000001,18437,537,18.662206000000001
2025-10-10 04:00:00+00:00,18.510000000000002,18.510000000000002,18.199999999999999,18.219999999999999,14908,491,18.321815999999998
2025-10-13 04:00:00+00:00,18.420000000000002,19.280000000000001,18.331199999999999,18.960000000000001,16884,401,18.757376000000001
2025-10-14 04:00:00+00:00,18.77,19.789999999999999,18.760000000000002,19.789999999999999,20300,442,19.302022999999998
2025-10-15 04:00:00+00:00,19.5,19.760000000000002,19.307400000000001,19.760000000000002,6564,313,19.610423999999998
2025-10-16 04:00:00+00:00,19.507100000000001,19.507100000000001,18.434999999999999,18.434999999999999,6888,271,18.717186999999999
2025-10-17 04:00:00+00:00,18.440000000000001,18.829999999999998,18.440000000000001,18.710000000000001,12152,355,18.686862999999999
2025-10-20 04:00:00+00:00,18.765000000000001,19.550000000000001,18.547799999999999,19.550000000000001,8911,320,19.220576999999999
2025-10-21 04:00:00+00:00,19.43,19.710000000000001,19.149999999999999,19.690000000000001,13330,302,19.454402999999999
2025-10-22 04:00:00+00:00,19.550000000000001,19.850000000000001,19.109999999999999,19.850000000000001,6124,268,19.770513999999999
2025-10-23 04:00:00+00:00,19.279699999999998,19.545000000000002,19.239999999999998,19.280000000000001,3915,145,19.334419
2025-10-24 04:00:00+00:00,19.039999999999999,19.239999999999998,19.039999999999999,19.239999999999998,1994,181,19.219899000000002
2025-10-27 04:00:00+00:00,19.27,19.640000000000001,19.239999999999998,19.280000000000001,6383,283,19.341426999999999
2025-10-28 04:00:00+00:00,19.280000000000001,19.34,18.920000000000002,19.34,6842,224,19.215565000000002
2025-10-29 04:00:00+00:00,19.07,19.43,18.760000000000002,18.760000000000002,9727,306,19.065812999999999
2025-10-30 04:00:00+00:00,18.52,19.329999999999998,18.159800000000001,18.850000000000001,5878,207,18.633213999999999
2025-10-31 04:00:00+00:00,18.399999999999999,19.949999999999999,18.399999999999999,19.559999999999999,15495,339,19.241485999999998
2025-11-03 05:00:00+00:00,19.105,19.105,18.719999999999999,18.719999999999999,7409,441,18.750381999999998
2025-11-04 05:00:00+00:00,19.359999999999999,19.791499999999999,19.359999999999999,19.66,12689,265,19.580632000000001
2025-11-05 05:00:00+00:00,19.940000000000001,20.629999999999999,19.451000000000001,20.600000000000001,10939,407,20.296679999999999
2025-11-06 05:00:00+00:00,20.690000000000001,21.330300000000001,20.5,20.800000000000001,22697,501,20.881166
2025-11-07 05:00:00+00:00,21.129999999999999,21.959299999999999,20.710000000000001,21.649999999999999,23992,534,21.524021000000001
2025-11-10 05:00:00+00:00,21.93,22.41,21.120000000000001,21.120000000000001,21108,452,21.498674999999999
2025-11-11 05:00:00+00:00,21.050000000000001,21.2941,20.77,20.77,6748,301,20.964375
2025-11-12 05:00:00+00:00,21.09,21.825500000000002,21.017800000000001,21.199999999999999,13627,531,21.341276000000001
2025-11-13 05:00:00+00:00,21.379999999999999,21.579999999999998,21.16,21.370000000000001,10281,304,21.323640999999999
2025-11-14 05:00:00+00:00,21.07,21.809999999999999,20.25,20.379999999999999,19452,491,20.762387
2025-11-17 05:00:00+00:00,20.260000000000002,20.379999999999999,19.620000000000001,19.620000000000001,18528,440,20.013071
2025-11-18 05:00:00+00:00,19.52,20.23,19.52,19.75,7946,340,19.790824000000001
2025-11-19 05:00:00+00:00,19.870000000000001,20.369900000000001,19.850000000000001,19.91,18919,459,20.007584999999999
2025-11-20 05:00:00+00:00,20.18,20.316400000000002,19.670000000000002,19.890000000000001,16516,603,19.948661999999999
2025-11-21 05:00:00+00:00,20,21.300000000000001,20,21.125,16223,441,20.75713
2025-11-24 05:00:00+00:00,21.350000000000001,21.350000000000001,20.5701,20.699999999999999,10556,343,20.878612
2025-11-25 05:00:00+00:00,21.02,21.52,20.838999999999999,21.5,12023,460,21.25929
2025-11-26 05:00:00+00:00,21.449999999999999,21.649999999999999,20.120100000000001,21.620000000000001,15125,520,21.509350999999999
2025-11-28 05:00:00+00:00,21.52,22.045000000000002,21.395,21.395,12207,464,21.688647
2025-12-01 05:00:00+00:00,21.379999999999999,21.945,21.16,21.710000000000001,10981,547,21.691407999999999
2025-12-02 05:00:00+00:00,21.870000000000001,21.870000000000001,21.18,21.18,6889,474,21.361224
2025-12-03 05:00:00+00:00,21.995000000000001,21.995000000000001,21.300000000000001,21.780000000000001,15209,458,21.76341
2025-12-04 05:00:00+00:00,21.920000000000002,22.201599999999999,21.48,21.699999999999999,14453,856,21.775396000000001
2025-12-05 05:00:00+00:00,21.699999999999999,21.77,21.190100000000001,21.23,7589,461,21.406143
2025-12-08 05:00:00+00:00,21.23,21.579999999999998,21.23,21.420000000000002,7296,585,21.404292000000002
2025-12-09 05:00:00+00:00,21.620000000000001,21.989999999999998,21.390000000000001,21.82,12891,604,21.668192000000001
2025-12-10 05:00:00+00:00,21.84,23.105,21.84,22.82,26106,809,22.612255999999999
2025-12-11 05:00:00+00:00,22.82,23.77,22.82,23.559999999999999,17765,859,23.392679000000001
2025-12-12 05:00:00+00:00,23.239999999999998,23.290299999999998,22.829999999999998,23.030000000000001,21874,782,23.048075000000001
2025-12-15 05:00:00+00:00,23.120000000000001,23.899999999999999,22.684100000000001,23.739999999999998,20769,780,23.566084
2025-12-16 05:00:00+00:00,23.850000000000001,23.870000000000001,23.300000000000001,23.52,19179,720,23.478760000000001
2025-12-17 05:00:00+00:00,23.300000000000001,23.82,23.260000000000002,23.359999999999999,8133,441,23.405625000000001
2025-12-18 05:00:00+00:00,23.5,23.93,23.370000000000001,23.57,15319,581,23.650503
2025-12-19 05:00:00+00:00,23.59,23.829899999999999,22.93,23.07,30083,746,23.143484000000001
2025-12-22 05:00:00+00:00,23.199999999999999,23.280000000000001,22.359999999999999,22.359999999999999,11559,646,22.776033999999999
2025-12-23 05:00:00+00:00,22.510000000000002,22.585000000000001,22.27,22.280000000000001,6005,284,22.364267999999999
2025-12-24 05:00:00+00:00,22.359999999999999,22.600000000000001,21.633099999999999,22,8848,176,22.011880000000001
2025-12-26 05:00:00+00:00,22,22.329999999999998,21.704999999999998,21.890000000000001,9630,324,21.940493
2025-12-29 05:00:00+00:00,21.77,22,21.5,21.640000000000001,13998,270,21.759450999999999
2025-12-30 05:00:00+00:00,21.699999999999999,22.959900000000001,21.5001,22,11658,265,21.917255999999998
2025-12-31 05:00:00+00:00,21.91,22.27,21.7271,22.27,5114,169,22.020396000000002
2026-01-02 05:00:00+00:00,22.41,22.48,21.23,21.370000000000001,9914,285,21.860524999999999
2026-01-05 05:00:00+00:00,21.370000000000001,22.27,21.370000000000001,22.129999999999999,14912,380,21.893452
2026-01-06 05:00:00+00:00,21.850000000000001,21.899999999999999,21.390000000000001,21.600000000000001,9422,385,21.653344000000001
2026-01-07 05:00:00+00:00,21.210000000000001,21.91,20.859999999999999,20.920000000000002,18322,344,21.143861000000001
2026-01-08 05:00:00+00:00,21,21.539899999999999,21,21.32,17208,525,21.362860999999999
2026-01-09 05:00:00+00:00,21.23,21.280000000000001,20.989999999999998,21.02,9793,359,21.14668
2026-01-12 05:00:00+00:00,21.07,21.560600000000001,20.899999999999999,21.210000000000001,7676,174,21.164345999999998
2026-01-13 05:00:00+00:00,21.07,21.48,21.004999999999999,21.100000000000001,10292,216,21.142078000000001
2026-01-14 05:00:00+00:00,21.25,21.609999999999999,21.02,21.600000000000001,8535,324,21.396514
2026-01-15 05:00:00+00:00,21.649999999999999,22.109999999999999,20.6739,21.829999999999998,8826,364,21.859105
2026-01-16 05:00:00+00:00,21.760000000000002,22.120000000000001,21.760000000000002,22.045000000000002,6440,193,21.966146999999999
2026-01-20 05:00:00+00:00,21.504999999999999,22.234999999999999,21.079599999999999,21.57,7919,249,21.819849000000001
2026-01-21 05:00:00+00:00,21.84,22.5,21.84,22.489999999999998,9874,256,22.367394000000001
2026-01-22 05:00:00+00:00,22.489999999999998,23.059999999999999,22.489999999999998,22.960000000000001,5891,311,22.905816000000002
2026-01-23 05:00:00+00:00,22.780000000000001,22.780000000000001,22.02,22.02,6968,302,22.490231999999999
2026-01-26 05:00:00+00:00,22.039999999999999,22.41,22.039999999999999,22.07,4912,211,22.095880000000001
2026-01-27 05:00:00+00:00,21.98,22.539999999999999,21.98,22.100000000000001,7713,241,22.284199000000001
2026-01-28 05:00:00+00:00,22.024999999999999,22.024999999999999,21.289999999999999,21.739999999999998,5311,206,21.780784000000001
2026-01-29 05:00:00+00:00,21.859999999999999,22.579999999999998,21.859999999999999,22.579999999999998,5437,322,22.475514
2026-01-30 05:00:00+00:00,21.699999999999999,22.989999999999998,21.41,22.829999999999998,11025,670,22.478759
2026-02-02 05:00:00+00:00,22.219999999999999,22.870000000000001,21.899999999999999,22.52,27149,911,22.332483
2026-02-03 05:00:00+00:00,22.620000000000001,22.739999999999998,21.6601,22.23,7842,481,22.15943
2026-02-04 05:00:00+00:00,22.390000000000001,22.699999999999999,21.754999999999999,22.210000000000001,12314,630,22.301466999999999
2026-02-05 05:00:00+00:00,22.219999999999999,22.219999999999999,22.050000000000001,22.140000000000001,8628,459,22.135283000000001
2026-02-06 05:00:00+00:00,22.550000000000001,22.550000000000001,22.109999999999999,22.120000000000001,11268,217,22.225774000000001
2026-02-09 05:00:00+00:00,21.98,22.199999999999999,21.670000000000002,21.670000000000002,8293,426,21.878875000000001
2026-02-10 05:00:00+00:00,21.41,21.809999999999999,21.140000000000001,21.219999999999999,22211,756,21.437657999999999
2026-02-11 05:00:00+00:00,21.23,21.420000000000002,21.170000000000002,21.199999999999999,7768,340,21.237155000000001
2026-02-12 05:00:00+00:00,21.489999999999998,21.489999999999998,20.905000000000001,21.09,7959,320,21.188611999999999
2026-02-13 05:00:00+00:00,20.989999999999998,21.82,20.91,20.93,9447,345,21.087420000000002
2026-02-17 05:00:00+00:00,20.969999999999999,21.289999999999999,20.809999999999999,21.25,14009,407,21.078696000000001
2026-02-18 05:00:00+00:00,21.260000000000002,21.329999999999998,20.949999999999999,21.16,14280,386,21.184569
2026-02-19 05:00:00+00:00,21.199999999999999,21.460000000000001,21.02,21.390000000000001,8221,439,21.317916
2026-02-20 05:00:00+00:00,21.300000000000001,21.66,21.18,21.66,9626,336,21.376714
2026-02-23 05:00:00+00:00,21.690000000000001,21.690000000000001,21.030000000000001,21.199999999999999,14197,584,21.258154999999999
2026-02-24 05:00:00+00:00,21.210000000000001,21.260000000000002,20.809999999999999,20.809999999999999,7430,339,21.001514
2026-02-25 05:00:00+00:00,20.77,21.079999999999998,20.760000000000002,21.07,8267,451,20.977029999999999
2026-02-26 05:00:00+00:00,20.989999999999998,21.364999999999998,20.989999999999998,21.199999999999999,8244,372,21.209440000000001
2026-02-27 05:00:00+00:00,21.199999999999999,21.476400000000002,20.75,20.760000000000002,27675,643,21.007497000000001
2026-03-02 05:00:00+00:00,20.609999999999999,20.960000000000001,19.949999999999999,20.710000000000001,15106,434,20.676924
2026-03-03 05:00:00+00:00,20.309999999999999,20.745000000000001,20.120000000000001,20.559999999999999,14613,549,20.467186000000002
2026-03-04 05:00:00+00:00,20.52,20.715,20.465,20.640000000000001,8893,432,20.634830000000001
2026-03-05 05:00:00+00:00,20.6602,20.6602,20.350000000000001,20.629999999999999,10578,528,20.521858000000002
2026-03-06 05:00:00+00:00,20.309999999999999,20.440000000000001,20.109999999999999,20.370000000000001,13244,431,20.319099000000001
2026-03-09 04:00:00+00:00,20.109999999999999,20.550000000000001,19.949999999999999,20.370000000000001,13304,586,20.160505000000001
2026-03-10 04:00:00+00:00,20.120000000000001,20.370000000000001,19.970099999999999,20.16,12087,542,20.114758999999999
2026-03-11 04:00:00+00:00,20,20.344999999999999,19.75,20.23,18914,656,20.012601
2026-03-12 04:00:00+00:00,20,20.830500000000001,19.535,20.27,17973,513,20.097214000000001
2026-03-13 04:00:00+00:00,20.364999999999998,20.364999999999998,19.879999999999999,19.879999999999999,9882,976,19.922127
2026-03-16 04:00:00+00:00,20.09,20.309999999999999,20.005199999999999,20.309999999999999,9272,378,20.189957
2026-03-17 04:00:00+00:00,20.309999999999999,20.690000000000001,20.18,20.239999999999998,21743,861,20.383786000000001
2026-03-18 04:00:00+00:00,20.23,20.23,19.870000000000001,19.890000000000001,16008,675,19.959586999999999
2026-03-19 04:00:00+00:00,19.899999999999999,20.199999999999999,19.809999999999999,20.010000000000002,8841,414,20.016922000000001
2026-03-20 04:00:00+00:00,19.969999999999999,20.289999999999999,19.93,19.98,40186,443,19.994883999999999
2026-03-23 04:00:00+00:00,20.239999999999998,20.82,20.239999999999998,20.82,10617,591,20.658491999999999
2026-03-24 04:00:00+00:00,20.760000000000002,20.760000000000002,20.469999999999999,20.469999999999999,5200,271,20.490544
2026-03-25 04:00:00+00:00,20.629999999999999,20.629999999999999,20.16,20.18,7864,447,20.242360999999999
2026-03-26 04:00:00+00:00,20.02,20.84,20.02,20.600000000000001,9995,627,20.309218999999999
2026-03-27 04:00:00+00:00,20.539999999999999,20.739999999999998,20.274999999999999,20.579999999999998,7719,490,20.518522000000001
2026-03-30 04:00:00+00:00,20.73,21.219999999999999,20.649999999999999,21.219999999999999,10055,641,20.965229000000001
2026-03-31 04:00:00+00:00,21.359999999999999,21.359999999999999,20.899999999999999,21,12559,515,21.099865000000001
2026-04-01 04:00:00+00:00,20.940000000000001,21.190000000000001,20.760000000000002,20.760000000000002,8050,697,20.929114999999999
2026-04-02 04:00:00+00:00,20.530000000000001,21.175000000000001,20.34,20.48,9826,545,20.561413000000002
2026-04-06 04:00:00+00:00,20.420000000000002,21.09,20.420000000000002,20.620000000000001,15895,679,20.785958000000001
2026-04-07 04:00:00+00:00,20.68,21.105,20.68,21.07,9097,606,21.048362999999998
2026-04-08 04:00:00+00:00,21.460000000000001,22.370000000000001,21.460000000000001,22.370000000000001,13790,492,22.277315000000002
2026-04-09 04:00:00+00:00,21.98,22.219999999999999,21.143000000000001,22.219999999999999,7842,402,21.945995
2026-04-10 04:00:00+00:00,22.309999999999999,22.600000000000001,22.0901,22.300000000000001,4209,387,22.308738000000002
2026-04-13 04:00:00+00:00,22.059999999999999,22.699999999999999,21.25,22.43,9910,691,22.309197999999999
2026-04-14 04:00:00+00:00,22.359999999999999,22.530000000000001,22.199999999999999,22.530000000000001,4716,336,22.333487000000002
2026-04-15 04:00:00+00:00,22.379999999999999,22.420000000000002,22.050000000000001,22.170000000000002,5531,326,22.175816999999999
2026-04-16 04:00:00+00:00,22,22,21.940000000000001,21.940000000000001,3069,267,21.949660000000002
2026-04-17 04:00:00+00:00,22.219999999999999,22.699999999999999,22.18,22.539999999999999,10797,539,22.454768999999999
2026-04-20 04:00:00+00:00,22.280000000000001,22.550000000000001,21.920000000000002,21.920000000000002,11123,368,22.277491999999999
2026-04-21 04:00:00+00:00,21.82,21.82,20.989999999999998,20.989999999999998,4742,372,21.117674000000001
2026-04-22 04:00:00+00:00,20.879999999999999,21.670000000000002,20.879999999999999,21.59,7174,445,21.414916999999999
2026-04-23 04:00:00+00:00,20.93,22.039899999999999,20.93,21.309999999999999,4703,226,21.583940999999999
2026-04-24 04:00:00+00:00,21.32,22.18,21.32,22.18,4714,366,22.080507000000001
2026-04-27 04:00:00+00:00,22.16,23,22.16,22.34,11382,717,22.464296000000001
2026-04-28 04:00:00+00:00,22.98,23,22.34,22.469999999999999,12060,563,22.662488
2026-04-29 04:00:00+00:00,21.899999999999999,22.09,21.25,21.25,17909,834,21.533474999999999
2026-04-30 04:00:00+00:00,21.039999999999999,21.475000000000001,20.82,20.84,8597,485,20.879726999999999
2026-05-01 04:00:00+00:00,20.859999999999999,21.690000000000001,20.859999999999999,21.690000000000001,5663,455,21.428141
2026-05-04 04:00:00+00:00,21.690000000000001,22.344999999999999,21.145,21.530000000000001,18741,871,21.459332
2026-05-05 04:00:00+00:00,21.34,21.789999999999999,21.34,21.789999999999999,5209,476,21.751208999999999
2026-05-06 04:00:00+00:00,21.789999999999999,22.655000000000001,21.789999999999999,22.469999999999999,9497,649,22.438676000000001
2026-05-07 04:00:00+00:00,22.539999999999999,22.969999999999999,22.5,22.800000000000001,5523,268,22.727985
2026-05-08 04:00:00+00:00,22.649999999999999,22.774999999999999,22.280000000000001,22.280000000000001,6239,422,22.528241999999999
2026-05-11 04:00:00+00:00,21.68,22.34,21.68,22.34,6639,189,22.17306
2026-05-12 04:00:00+00:00,22.34,22.48,21.950099999999999,22.48,5191,398,22.299491
2026-05-13 04:00:00+00:00,22.140000000000001,23,21.960000000000001,21.960000000000001,4233,293,22.074818
2026-05-14 04:00:00+00:00,21.949999999999999,22.265000000000001,21.870000000000001,21.870000000000001,4862,340,22.021592999999999
2026-05-15 04:00:00+00:00,21.600000000000001,21.600000000000001,21.260000000000002,21.260000000000002,9022,431,21.390716000000001
2026-05-18 04:00:00+00:00,21.260000000000002,21.754999999999999,21.260000000000002,21.399999999999999,6437,386,21.445171999999999
2026-05-19 04:00:00+00:00,21.100000000000001,21.699999999999999,21.100000000000001,21.579999999999998,5377,360,21.529572999999999
2026-05-20 04:00:00+00:00,21.629999999999999,21.77,21.629999999999999,21.77,5679,524,21.737984999999998
2026-05-21 04:00:00+00:00,21.5,21.670000000000002,21.370000000000001,21.5,8752,478,21.515476
2026-05-22 04:00:00+00:00,21.695,21.890000000000001,21.600000000000001,21.82,6199,510,21.767309000000001
2026-05-26 04:00:00+00:00,21.800000000000001,22.43,21.800000000000001,22.300000000000001,11141,562,22.180969000000001
2026-05-27 04:00:00+00:00,22.09,22.364999999999998,22.059999999999999,22.210000000000001,10754,634,22.233146000000001
2026-05-28 04:00:00+00:00,22.059999999999999,22.43,21.609999999999999,21.98,16921,777,21.955348999999998
2026-05-29 04:00:00+00:00,21.969999999999999,22.404599999999999,21.5,21.600000000000001,21329,970,21.751545
2026-06-01 04:00:00+00:00,21.52,21.912500000000001,21.27,21.379999999999999,16730,703,21.474746
2026-06-02 04:00:00+00:00,21.390000000000001,21.795000000000002,21.120000000000001,21.149999999999999,13379,667,21.469429000000002
2026-06-03 04:00:00+00:00,21.289999999999999,21.289999999999999,21,21.024999999999999,28081,957,21.111974
2026-06-04 04:00:00+00:00,20.960000000000001,22.100000000000001,20.960000000000001,22.100000000000001,16110,428,21.392807999999999
2026-06-05 04:00:00+00:00,21.870000000000001,22.379999999999999,21.870000000000001,22.219999999999999,16267,800,22.150455999999998
2026-06-08 04:00:00+00:00,22.219999999999999,22.440000000000001,21.925000000000001,22.239999999999998,17422,554,22.210353999999999
2026-06-09 04:00:00+00:00,22.239999999999998,22.890000000000001,21.995000000000001,22.890000000000001,16927,740,22.473210000000002
2026-06-10 04:00:00+00:00,22.890000000000001,23,22.192499999999999,22.670000000000002,15519,749,22.729628999999999
2026-06-11 04:00:00+00:00,22.670000000000002,22.850000000000001,21.710100000000001,22.850000000000001,17767,542,22.625791
2026-06-12 04:00:00+00:00,22.829999999999998,23.445,22.676300000000001,23.309999999999999,32818,721,23.033328999999998
2026-06-15 04:00:00+00:00,23.489999999999998,23.649999999999999,22.844999999999999,22.93,23530,887,23.305644999999998
2026-06-16 04:00:00+00:00,22.93,23.16,22.329999999999998,22.329999999999998,28412,663,22.791063999999999
2026-06-17 04:00:00+00:00,22.309999999999999,22.93,22.125,22.510000000000002,26410,935,22.442564000000001
2026-06-18 04:00:00+00:00,22.719999999999999,23.050000000000001,22.074999999999999,23.010000000000002,29415,587,22.823273
2026-06-22 04:00:00+00:00,23.010000000000002,23.074999999999999,22.539999999999999,23.030000000000001,62474,944,22.948999000000001
2026-06-23 04:00:00+00:00,22.93,23.289999999999999,22.795000000000002,23.149999999999999,40326,1093,23.150133
2026-06-24 04:00:00+00:00,23.25,24.050000000000001,22.844999999999999,23.809999999999999,77295,2371,23.703095999999999
2026-06-25 04:00:00+00:00,24.030000000000001,25.050000000000001,23.16,23.43,59079,1770,23.578655999999999
2026-06-26 04:00:00+00:00,23.57,24.77,22.859999999999999,24.75,884162,2065,24.641843000000001
2026-06-29 04:00:00+00:00,24.710000000000001,24.91,23.614999999999998,24.460000000000001,59056,1812,24.533560000000001
2026-06-30 04:00:00+00:00,24.5,25.664999999999999,24.120000000000001,25.27,65380,1885,24.854990000000001
2026-07-01 04:00:00+00:00,25.440000000000001,25.725000000000001,23.8901,25.59,48756,1484,25.532114
2026-07-02 04:00:00+00:00,25.649999999999999,26,24.77,25.079999999999998,36175,1495,25.249987999999998
2026-07-06 04:00:00+00:00,25.079999999999998,25.989999999999998,24.9085,25.989999999999998,34269,1449,25.682673999999999
2026-07-07 04:00:00+00:00,26,26.800000000000001,25.710000000000001,26.129999999999999,50049,1289,26.105836
2026-07-08 04:00:00+00:00,26.32,26.489999999999998,25.469999999999999,25.59,43085,1764,25.768618
2026-07-09 04:00:00+00:00,25.59,26.229900000000001,25.59,25.82,26171,1356,25.867685000000002
2026-07-10 04:00:00+00:00,26.059999999999999,26.27,25.765000000000001,26.27,16608,675,26.076594
2026-07-13 04:00:00+00:00,26.390000000000001,26.789999999999999,25.920000000000002,26.555,21114,1175,26.504732000000001
2026-07-14 04:00:00+00:00,26.359999999999999,26.559999999999999,25.949999999999999,26.440000000000001,21373,779,26.273516999999998
2026-07-15 04:00:00+00:00,26.420000000000002,26.954999999999998,26.079999999999998,26.710000000000001,17286,890,26.687726999999999
2026-07-16 04:00:00+00:00,26.620000000000001,27.684999999999999,26.620000000000001,27.66,31161,1538,27.397856999999998
2026-07-17 04:00:00+00:00,26.414999999999999,27.5,26.414999999999999,27.079999999999998,28020,1095,27.092082999999999
2026-07-20 04:00:00+00:00,26.850000000000001,27.140000000000001,26.664999999999999,26.969999999999999,12619,628,26.957709999999999
2026-07-21 04:00:00+00:00,27.149999999999999,27.434999999999999,26.309999999999999,27.32,35726,1299,27.146305000000002
2026-07-22 04:00:00+00:00,27.359999999999999,27.370000000000001,26,26.350000000000001,19560,935,26.588009
2026-07-23 04:00:00+00:00,26.579999999999998,26.670000000000002,26.079999999999998,26.670000000000002,15659,830,26.521217
2026-07-24 04:00:00+00:00,26.370000000000001,27.600000000000001,24.52,25.620000000000001,25233,883,25.781789
2026-07-27 04:00:00+00:00,25.620000000000001,26.859999999999999,25.620000000000001,26.379999999999999,26302,631,26.381543000000001
2026-07-28 04:00:00+00:00,26.379999999999999,27.140000000000001,26.09,26.620000000000001,18986,632,26.686503999999999
2026-07-29 04:00:00+00:00,26.32,26.890000000000001,25.640000000000001,26.109999999999999,16139,487,26.128426999999999
2026-07-30 04:00:00+00:00,26.010000000000002,26.66,25.7075,26.600000000000001,16607,669,26.395095999999999
2026-07-31 04:00:00+00:00,26.66,26.739999999999998,26.010000000000002,26.280000000000001,14035,571,26.290479999999999
2026-08-03 04:00:00+00:00,26.239999999999998,27.329999999999998,25.783799999999999,26.649999999999999,27408,926,26.537814000000001
2026-08-04 04:00:00+00:00,26.760000000000002,26.760000000000002,25.984999999999999,26.280000000000001,14396,683,26.315206
2026-08-05 04:00:00+00:00,26.283899999999999,26.549800000000001,25.920000000000002,26.52,9074,640,26.435313000000001
2026-08-06 04:00:00+00:00,26.550000000000001,27.309999999999999,26.34,27.059999999999999,23033,786,26.897092000000001
2026-08-07 04:00:00+00:00,27,27.09,26.914999999999999,26.969999999999999,10005,590,26.98855
2026-08-10 04:00:00+00:00,26.925000000000001,27.1357,26.41,26.550000000000001,15718,566,26.717034999999999
2026-08-11 04:00:00+00:00,26.699999999999999,27.27,26.699999999999999,27.239999999999998,18294,863,27.147528999999999
2026-08-12 04:00:00+00:00,27.530000000000001,27.899999999999999,27.199999999999999,27.899999999999999,18827,829,27.689332
2026-08-13 04:00:00+00:00,28,28.379999999999999,27.335000000000001,27.34,15108,947,27.623825
2026-08-14 04:00:00+00:00,27.129999999999999,27.439900000000002,26.43,27.239999999999998,17267,760,27.211950999999999
2026-08-17 04:00:00+00:00,26.175000000000001,27.530000000000001,26.175000000000001,27.100000000000001,13844,597,27.069589000000001
2026-08-18 04:00:00+00:00,26.989999999999998,27.059999999999999,26.219999999999999,26.690000000000001,10675,660,26.792919999999999
2026-08-19 04:00:00+00:00,26.989999999999998,27.170000000000002,26.48,26.57,12889,1079,26.781884999999999
2026-08-20 04:00:00+00:00,26.379999999999999,27.02,26.379999999999999,26.629999999999999,9356,653,26.736211999999998
2026-08-21 04:00:00+00:00,27.039999999999999,27.07,26.550000000000001,26.57,22628,1058,26.677745999999999
2026-08-24 04:00:00+00:00,27,27.885000000000002,26.559999999999999,27.859999999999999,26535,1538,27.534154999999998
2026-08-25 04:00:00+00:00,27.850000000000001,27.850000000000001,26.925000000000001,27.059999999999999,18213,632,27.250067000000001
2026-08-26 04:00:00+00:00,27.059999999999999,27.719999999999999,27.059999999999999,27.550000000000001,12084,460,27.455342000000002
2026-08-27 04:00:00+00:00,27.57,27.914999999999999,27.370000000000001,27.870000000000001,9688,582,27.692823000000001
2026-08-28 04:00:00+00:00,27.920000000000002,28.469999999999999,26.949999999999999,27.66,19913,672,27.861554000000002
2026-08-31 04:00:00+00:00,27.300000000000001,27.975000000000001,27.260000000000002,27.699999999999999,10274,708,27.734358
2026-09-01 04:00:00+00:00,27.699999999999999,28.030000000000001,26.753699999999998,27.789999999999999,17643,957,27.756246000000001
2026-09-02 04:00:00+00:00,28.5,29.149999999999999,28.190000000000001,28.190000000000001,23978,719,28.500212999999999
2026-09-03 04:00:00+00:00,28.559999999999999,29.309999999999999,28.559999999999999,29.219999999999999,17400,791,29.099063000000001
2026-09-04 04:00:00+00:00,29.219999999999999,30.065000000000001,29.149999999999999,29.984999999999999,16863,794,29.797616999999999
2026-09-08 04:00:00+00:00,30.050000000000001,30.050000000000001,28.940000000000001,29.309999999999999,21111,920,29.392554000000001
2026-09-09 04:00:00+00:00,29.300000000000001,29.41,28.579999999999998,29.030000000000001,8433,738,29.110434000000001
2026-09-10 04:00:00+00:00,29.039999999999999,29.48,28.899999999999999,29.440000000000001,9512,659,29.219563000000001
2026-09-11 04:00:00+00:00,29.329999999999998,29.520800000000001,28.309999999999999,29.140000000000001,7412,466,29.014783999999999
2026-09-14 04:00:00+00:00,29.140000000000001,29.8735,28.969999999999999,28.989999999999998,10307,734,29.158542000000001
2026-09-15 04:00:00+00:00,28.730899999999998,29.73,28.730899999999998,29.050000000000001,14314,1617,29.148408
2026-09-16 04:00:00+00:00,29.25,29.670000000000002,28.859999999999999,29.32,42618,850,29.187491999999999
2026-09-17 04:00:00+00:00,29.620000000000001,29.719999999999999,28.885000000000002,29.41,13506,677,29.250689999999999
2026-09-18 04:00:00+00:00,29.52,29.68,28.870000000000001,29.48,31346,606,29.443715000000001
2026-09-21 04:00:00+00:00,29.059999999999999,29.879999999999999,24.370000000000001,29.879999999999999,10709,582,29.45964
2026-09-22 04:00:00+00:00,29.870000000000001,30.48,28.43,30.07,20620,1710,29.920349999999999
2026-09-23 04:00:00+00:00,30,30.434999999999999,29.539999999999999,30.120000000000001,10694,628,30.064423000000001
2026-09-24 04:00:00+00:00,29.899999999999999,30.73,29.605,30.73,9041,437,30.279005999999999
2026-09-25 04:00:00+00:00,30.84,30.84,29.239999999999998,29.859999999999999,16199,499,30.142469999999999
2026-09-28 04:00:00+00:00,29.809999999999999,32.93,29.539999999999999,29.989999999999998,9136,599,30.106432000000002
2026-09-29 04:00:00+00:00,30.120000000000001,30.120000000000001,29.100000000000001,29.620000000000001,16980,772,29.496756000000001
2026-09-30 04:00:00+00:00,29.469999999999999,29.850000000000001,28.579999999999998,28.609999999999999,16281,1544,28.954090999999998
2026-10-01 04:00:00+00:00,28.57,29.690000000000001,28.449999999999999,29.399999999999999,9289,441,29.052885
2026-10-02 04:00:00+00:00,29.32,29.73,29.204999999999998,29.399999999999999,17375,1848,29.490026
2026-10-05 04:00:00+00:00,29.309999999999999,30.385000000000002,29,29.010000000000002,16487,741,29.190501999999999
2026-10-06 04:00:00+00:00,29.140000000000001,29.91,29.0501,29.48,10910,1520,29.433297
