timestamp,open,high,low,close,volume,trade_count,vwap
2016-01-04 05:00:00+00:00,19.5,20.199000000000002,19.16,19.82,369589,2354,19.629484999999999
2016-01-05 05:00:00+00:00,19.98,20.27,19.520099999999999,20.199999999999999,252043,1227,20.026450000000001
2016-01-06 05:00:00+00:00,20.02,20.02,19.280000000000001,19.620000000000001,330282,1794,19.661248000000001
2016-01-07 05:00:00+00:00,19.260000000000002,19.489699999999999,18.516999999999999,18.91,604066,3151,18.961468
2016-01-08 05:00:00+00:00,19.170000000000002,19.569900000000001,18.760000000000002,18.84,636336,3480,19.065888000000001
2016-01-11 05:00:00+00:00,18.75,18.859999999999999,17.739999999999998,18.030000000000001,714393,4913,18.075355999999999
2016-01-12 05:00:00+00:00,18,18.489999999999998,16.584,17.449999999999999,873466,4529,17.408795000000001
2016-01-13 05:00:00+00:00,17.699999999999999,18,15.630100000000001,15.99,704692,4134,16.387913999999999
2016-01-14 05:00:00+00:00,15.800000000000001,17.309999999999999,15.5101,17.190000000000001,845398,4384,16.551832999999998
2016-01-15 05:00:00+00:00,16.359999999999999,16.960000000000001,16.039999999999999,16.420000000000002,531754,3882,16.435433
2016-01-19 05:00:00+00:00,16.079999999999998,16.649899999999999,15.071099999999999,15.34,525947,3085,15.756221999999999
2016-01-20 05:00:00+00:00,15.699999999999999,16.569900000000001,14.51,16.239999999999998,1515874,7735,15.633433999999999
2016-01-21 05:00:00+00:00,16.390000000000001,18.440000000000001,16.170000000000002,17.879999999999999,815814,5501,17.625913000000001
2016-01-22 05:00:00+00:00,18.48,19.25,18,18.5,748837,4700,18.485498
2016-01-25 05:00:00+00:00,18.530000000000001,18.969999999999999,18,18.16,578499,3620,18.429541
2016-01-26 05:00:00+00:00,18.260000000000002,18.960000000000001,17.8706,18.940000000000001,359227,2138,18.601309000000001
2016-01-27 05:00:00+00:00,18.93,19.050000000000001,18.050000000000001,18.23,521649,3685,18.42548
2016-01-28 05:00:00+00:00,18.969999999999999,18.979900000000001,18,18.170000000000002,600321,3104,18.274258
2016-01-29 05:00:00+00:00,17.52,17.946999999999999,16.57,16.829999999999998,636669,3672,16.995228999999998
2016-02-01 05:00:00+00:00,16.800000000000001,16.809999999999999,16.010000000000002,16.129999999999999,541358,3670,16.220264
2016-02-02 05:00:00+00:00,16.02,16.32,15.08,15.75,581162,2766,15.660009000000001
2016-02-03 05:00:00+00:00,15.81,16.010000000000002,14.74,15.42,447527,2970,15.313154000000001
2016-02-04 05:00:00+00:00,15.67,16.309999999999999,15.44,15.65,271719,1906,15.778623
2016-02-05 05:00:00+00:00,15.5,15.800000000000001,15.151,15.279999999999999,244600,1463,15.383157000000001
2016-02-08 05:00:00+00:00,15.02,15.1,14.100099999999999,14.74,488064,2481,14.550427000000001
2016-02-09 05:00:00+00:00,14.699999999999999,14.699999999999999,13.449999999999999,13.73,658504,3722,13.884866000000001
2016-02-10 05:00:00+00:00,14,14.140000000000001,13.4,13.81,352835,1974,13.892834000000001
2016-02-11 05:00:00+00:00,13.5,13.720000000000001,12.15,12.380000000000001,836139,4467,12.842523
2016-02-12 05:00:00+00:00,13.27,13.359999999999999,12.5,12.85,612575,3368,12.902388
2016-02-16 05:00:00+00:00,12.949999999999999,14.380000000000001,12.949999999999999,14.08,691394,3829,13.694055000000001
2016-02-17 05:00:00+00:00,12.9,13.84,11.57,12.300000000000001,1301211,6974,12.489236
2016-02-18 05:00:00+00:00,12.49,12.664999999999999,10.529999999999999,10.82,1813375,8571,11.183522999999999
2016-02-19 05:00:00+00:00,10.81,10.82,9.0150000000000006,9.5800000000000001,3136029,15535,9.7041470000000007
2016-02-22 05:00:00+00:00,9.6899999999999995,10.0799,9.6099999999999994,9.6199999999999992,976667,4076,9.8099959999999999
2016-02-23 05:00:00+00:00,9.75,9.7550000000000008,8.6899999999999995,8.7899999999999991,957572,4570,9.0006229999999992
2016-02-24 05:00:00+00:00,8.5700000000000003,9.2899999999999991,7.7999999999999998,9.2200000000000006,962113,4111,8.5269060000000003
2016-02-25 05:00:00+00:00,9.2699999999999996,9.3800000000000008,8.7200000000000006,9.0700000000000003,591090,3181,8.9746749999999995
2016-02-26 05:00:00+00:00,9.5600000000000005,9.9700000000000006,9.3100000000000005,9.5500000000000007,661936,2999,9.6028760000000002
2016-02-29 05:00:00+00:00,9.7899999999999991,9.8618000000000006,9.4000000000000004,9.7100000000000009,499202,2474,9.6758609999999994
2016-03-01 05:00:00+00:00,9.8000000000000007,9.9700000000000006,9.0800000000000001,9.5099999999999998,679799,3103,9.4243860000000002
2016-03-02 05:00:00+00:00,9.4800000000000004,10.24,9.2200000000000006,10.08,990633,3592,9.8534930000000003
2016-03-03 05:00:00+00:00,10.15,11.0701,9.9540000000000006,10.880000000000001,785970,3955,10.753613
2016-03-04 05:00:00+00:00,11.08,11.571999999999999,10.81,10.98,714339,3547,11.118448000000001
2016-03-07 05:00:00+00:00,11.02,12.949999999999999,11,12.94,913595,5097,12.051797000000001
2016-03-08 05:00:00+00:00,12.91,12.949999999999999,11.51,11.529999999999999,567783,3428,12.109640000000001
2016-03-09 05:00:00+00:00,11.529999999999999,12.199999999999999,11.502000000000001,11.859999999999999,478424,2620,11.835861
2016-03-10 05:00:00+00:00,11.98,12,11.02,11.140000000000001,339354,2017,11.366726
2016-03-11 05:00:00+00:00,11.210000000000001,11.949999999999999,11.210000000000001,11.92,513954,2858,11.766539
2016-03-14 04:00:00+00:00,11.76,11.9,11.369999999999999,11.68,268311,1580,11.649698000000001
2016-03-15 04:00:00+00:00,11.65,11.67,11.223000000000001,11.56,258556,1897,11.460073
2016-03-16 04:00:00+00:00,11.57,12.369999999999999,11.57,12.289999999999999,275408,1722,12.074135999999999
2016-03-17 04:00:00+00:00,12.390000000000001,13.199999999999999,12.220000000000001,13.119999999999999,566846,3600,12.83649
2016-03-18 04:00:00+00:00,13.26,14.09,13.23,13.880000000000001,956756,4451,13.782774
2016-03-21 04:00:00+00:00,14,14,12.99,13.43,522541,3141,13.401627
2016-03-22 04:00:00+00:00,13.17,13.837,13.08,13.52,342339,1708,13.547877
2016-03-23 04:00:00+00:00,13.359999999999999,13.4575,11.619999999999999,11.73,702167,3472,12.214062
2016-03-24 04:00:00+00:00,11.539999999999999,11.9,11.1501,11.33,653989,2395,11.463975
2016-03-28 04:00:00+00:00,11.41,11.7988,11.359999999999999,11.460000000000001,323911,1504,11.530272999999999
2016-03-29 04:00:00+00:00,11.35,11.4899,11.032999999999999,11.42,256097,1459,11.248461000000001
2016-03-30 04:00:00+00:00,11.99,12.69,11.08,11.130000000000001,608668,3276,11.724157
2016-03-31 04:00:00+00:00,11,11.765000000000001,11,11.75,465675,2073,11.467432000000001
2016-04-01 04:00:00+00:00,11.5,11.75,11.050000000000001,11.16,347499,1976,11.230831999999999
2016-04-04 04:00:00+00:00,11.16,11.5099,11.0701,11.109999999999999,300261,1599,11.255176000000001
2016-04-05 04:00:00+00:00,11.06,11.545,11.01,11.25,273083,1700,11.267030999999999
2016-04-06 04:00:00+00:00,11.5,11.550000000000001,11.039999999999999,11.31,327625,1883,11.339993
2016-04-07 04:00:00+00:00,11.18,11.98,11.18,11.779999999999999,602636,3244,11.585853999999999
2016-04-08 04:00:00+00:00,11.949999999999999,12.48,11.865,12.390000000000001,521647,2595,12.276631999999999
2016-04-11 04:00:00+00:00,12,12.279999999999999,11.41,11.73,706334,3802,11.879509000000001
2016-04-12 04:00:00+00:00,11.5,12.4,11.5,12.02,433698,2787,12.088751
2016-04-13 04:00:00+00:00,12.02,12.1799,11.710000000000001,11.789999999999999,367265,1976,11.931293999999999
2016-04-14 04:00:00+00:00,11.93,12,11,11.09,576185,3285,11.289583
2016-04-15 04:00:00+00:00,11,11.139799999999999,10.140000000000001,10.27,694651,3169,10.493384000000001
2016-04-18 04:00:00+00:00,4.9699999999999998,6.1798999999999999,4.9000000000000004,5.2999999999999998,11872362,37353,5.4593480000000003
2016-04-19 04:00:00+00:00,5.0599999999999996,5.2000000000000002,4.4500000000000002,4.6299999999999999,4962899,14338,4.7834469999999998
2016-04-20 04:00:00+00:00,4.6500000000000004,5.3899999999999997,4.6399999999999997,5.2000000000000002,3605645,10633,5.0876419999999998
2016-04-21 04:00:00+00:00,5.2400000000000002,5.3499999999999996,4.7610000000000001,4.8300000000000001,1518628,4712,4.9515690000000001
2016-04-22 04:00:00+00:00,4.9900000000000002,4.9900000000000002,4.7000000000000002,4.8499999999999996,1135674,3295,4.8505560000000001
2016-04-25 04:00:00+00:00,4.75,4.8600000000000003,4.6100000000000003,4.7199999999999998,891281,2907,4.7176549999999997
2016-04-26 04:00:00+00:00,4.7300000000000004,4.8600000000000003,4.6100000000000003,4.7999999999999998,852855,2600,4.7591409999999996
2016-04-27 04:00:00+00:00,4.9000000000000004,5.1399999999999997,4.8300000000000001,4.9699999999999998,1021819,2569,4.9722350000000004
2016-04-28 04:00:00+00:00,4.9699999999999998,5.0199999999999996,4.7507000000000001,4.79,815112,3251,4.8598939999999997
2016-04-29 04:00:00+00:00,4.8399999999999999,4.9400000000000004,4.5899999999999999,4.5999999999999996,1167631,4471,4.6531180000000001
2016-05-02 04:00:00+00:00,4.5700000000000003,4.6272000000000002,4.1699999999999999,4.2999999999999998,1328321,5010,4.3252499999999996
2016-05-03 04:00:00+00:00,4.1600000000000001,4.2599999999999998,4.04,4.0800000000000001,1137063,3173,4.0831660000000003
2016-05-04 04:00:00+00:00,4.0899999999999999,4.2599999999999998,3.9300000000000002,4.0099999999999998,943360,3448,4.0371740000000003
2016-05-05 04:00:00+00:00,4.3700000000000001,4.4400000000000004,3.9700000000000002,4.1100000000000003,1713932,5199,4.1665789999999996
2016-05-06 04:00:00+00:00,4.1900000000000004,4.2999999999999998,4.04,4.0899999999999999,736208,2435,4.1364460000000003
2016-05-09 04:00:00+00:00,4.0899999999999999,4.1600000000000001,3.6800000000000002,3.7200000000000002,1363663,4196,3.799032
2016-05-10 04:00:00+00:00,3.7000000000000002,4.0499999999999998,3.5499999999999998,3.9199999999999999,1003910,2749,3.8576589999999999
2016-05-11 04:00:00+00:00,3.9900000000000002,4,3.73,3.8799999999999999,1003713,3788,3.8885649999999998
2016-05-12 04:00:00+00:00,3.98,4.0700000000000003,3.77,3.7999999999999998,977875,3355,3.841269
2016-05-13 04:00:00+00:00,3.79,3.8799999999999999,3.5699999999999998,3.6800000000000002,1124532,3250,3.6771099999999999
2016-05-16 04:00:00+00:00,3.7599999999999998,3.9100000000000001,3.6947000000000001,3.7200000000000002,1258948,4349,3.7690049999999999
2016-05-17 04:00:00+00:00,3.73,3.8599999999999999,3.6299999999999999,3.6800000000000002,1444690,5750,3.7195909999999999
2016-05-18 04:00:00+00:00,3.6800000000000002,3.7799,3.6000000000000001,3.6099999999999999,987369,3693,3.6683370000000002
2016-05-19 04:00:00+00:00,3.6400000000000001,3.6999,3.4775,3.6400000000000001,1052734,4401,3.5747270000000002
2016-05-20 04:00:00+00:00,3.7599999999999998,3.7799,3.6000000000000001,3.6299999999999999,731857,2851,3.6602160000000001
2016-05-23 04:00:00+00:00,3.6200000000000001,3.6899999999999999,3.48,3.5,946069,2831,3.5568740000000001
2016-05-24 04:00:00+00:00,3.5299999999999998,3.5699999999999998,3.4199999999999999,3.5,883357,2977,3.501379
2016-05-25 04:00:00+00:00,3.5099999999999998,3.6000000000000001,3.4199999999999999,3.54,904911,2917,3.5083340000000001
2016-05-26 04:00:00+00:00,3.6099999999999999,3.9500000000000002,3.5299999999999998,3.8599999999999999,1219769,3871,3.7501060000000002
2016-05-27 04:00:00+00:00,3.8500000000000001,4.0800000000000001,3.75,4.0599999999999996,1278204,4001,3.9894099999999999
2016-05-31 04:00:00+00:00,4.0999999999999996,4.5,4.0599999999999996,4.3799999999999999,1407974,4515,4.3656800000000002
2016-06-01 04:00:00+00:00,4.3700000000000001,4.4699999999999998,4.1299999999999999,4.3799999999999999,1243178,3916,4.3423720000000001
2016-06-02 04:00:00+00:00,4.3399999999999999,4.4000000000000004,4.2400000000000002,4.3799999999999999,753181,3351,4.2993690000000004
2016-06-03 04:00:00+00:00,4.3799999999999999,4.4000000000000004,4.1399999999999997,4.2400000000000002,501377,2471,4.2469340000000004
2016-06-06 04:00:00+00:00,4.2599999999999998,4.3899999999999997,4.2300000000000004,4.3399999999999999,564462,1823,4.3200180000000001
2016-06-07 04:00:00+00:00,4.3700000000000001,5.21,4.3601999999999999,4.96,2126986,6029,4.8307919999999998
2016-06-08 04:00:00+00:00,5.0499999999999998,5.8499999999999996,5.0300000000000002,5.7000000000000002,3637850,10275,5.6048710000000002
2016-06-09 04:00:00+00:00,5.7999999999999998,5.8449999999999998,5.3399999999999999,5.4400000000000004,1434250,5135,5.5081850000000001
2016-06-10 04:00:00+00:00,5.4000000000000004,5.4580000000000002,5.0099999999999998,5.0599999999999996,1336450,6077,5.1791330000000002
2016-06-13 04:00:00+00:00,5.0899999999999999,5.1100000000000003,4.5999999999999996,4.7800000000000002,1057171,4382,4.7932560000000004
2016-06-14 04:00:00+00:00,4.5499999999999998,5.1200000000000001,4.5499999999999998,4.9500000000000002,1300268,5224,4.8895600000000004
2016-06-15 04:00:00+00:00,4.9800000000000004,5.1900000000000004,4.8049999999999997,5.1100000000000003,1063978,4187,4.9748669999999997
2016-06-16 04:00:00+00:00,5.0199999999999996,5.3799999999999999,4.7199999999999998,5.2000000000000002,1241063,6313,5.050446
2016-06-17 04:00:00+00:00,5.3499999999999996,5.6200000000000001,5.0199999999999996,5.0800000000000001,3800550,5774,5.13483
2016-06-20 04:00:00+00:00,5.25,5.2599999999999998,5.0199999999999996,5.1500000000000004,541065,2299,5.1439859999999999
2016-06-21 04:00:00+00:00,5.1500000000000004,5.1501000000000001,4.8799999999999999,4.9800000000000004,904225,2797,5.0030289999999997
2016-06-22 04:00:00+00:00,5.0599999999999996,5.0999999999999996,4.8003,4.9199999999999999,390139,1957,4.9515859999999998
2016-06-23 04:00:00+00:00,5.0300000000000002,5.0300000000000002,4.8200000000000003,4.9800000000000004,606924,2453,4.9271789999999998
2016-06-24 04:00:00+00:00,4.7199999999999998,4.9500000000000002,4.5999999999999996,4.8099999999999996,562903,2056,4.8029149999999996
2016-06-27 04:00:00+00:00,4.7199999999999998,4.7699999999999996,4.25,4.3099999999999996,790198,2683,4.4313000000000002
2016-06-28 04:00:00+00:00,4.54,4.7690999999999999,4.5019999999999998,4.75,625690,1771,4.6555020000000003
2016-06-29 04:00:00+00:00,4.79,5.1500000000000004,4.79,4.9100000000000001,637340,2163,4.9654590000000001
2016-06-30 04:00:00+00:00,4.8399999999999999,4.9299999999999997,4.6200000000000001,4.9000000000000004,573357,1859,4.8249000000000004
2016-07-01 04:00:00+00:00,4.8399999999999999,5.0700000000000003,4.6600999999999999,4.8300000000000001,420966,1838,4.8961519999999998
2016-07-05 04:00:00+00:00,4.71,4.7873000000000001,4.5099999999999998,4.6500000000000004,491251,1737,4.604393
2016-07-06 04:00:00+00:00,4.5999999999999996,4.6204999999999998,4.5,4.5599999999999996,307525,1375,4.5258339999999997
2016-07-07 04:00:00+00:00,4.5999999999999996,4.7400000000000002,4.3551000000000002,4.4299999999999997,491936,1259,4.4967990000000002
2016-07-08 04:00:00+00:00,4.5,4.6799999999999997,4.4139999999999997,4.5300000000000002,344967,1275,4.5716469999999996
2016-07-11 04:00:00+00:00,4.5999999999999996,4.6399999999999997,4.4301000000000004,4.5199999999999996,380814,973,4.495622
2016-07-12 04:00:00+00:00,4.5700000000000003,4.7008000000000001,4.5499999999999998,4.6399999999999997,546406,1398,4.6406049999999999
2016-07-13 04:00:00+00:00,4.6399999999999997,4.75,4.5,4.5199999999999996,383723,1431,4.5798690000000004
2016-07-14 04:00:00+00:00,4.5499999999999998,4.6500000000000004,4.4500000000000002,4.54,366654,1414,4.5373239999999999
2016-07-15 04:00:00+00:00,4.54,4.5999999999999996,4.4699999999999998,4.5499999999999998,251841,1222,4.5390220000000001
2016-07-18 04:00:00+00:00,4.5499999999999998,4.6799999999999997,4.4400000000000004,4.5,397466,1164,4.5466740000000003
2016-07-19 04:00:00+00:00,4.5,4.6900000000000004,4.5,4.6600000000000001,399128,1619,4.6161409999999998
2016-07-20 04:00:00+00:00,4.5999999999999996,5.0099999999999998,4.5599999999999996,4.9800000000000004,707430,2233,4.8311710000000003
2016-07-21 04:00:00+00:00,5,5.2699999999999996,4.9299999999999997,4.9699999999999998,615559,2014,5.1213600000000001
2016-07-22 04:00:00+00:00,4.9800000000000004,5.0999999999999996,4.7999999999999998,4.8499999999999996,367652,1574,4.8854990000000003
2016-07-25 04:00:00+00:00,4.7599999999999998,4.8300000000000001,4.6500000000000004,4.7000000000000002,301767,1674,4.7171000000000003
2016-07-26 04:00:00+00:00,4.6600000000000001,4.8799999999999999,4.6600000000000001,4.8399999999999999,378059,1516,4.7795139999999998
2016-07-27 04:00:00+00:00,4.8600000000000003,5.0800000000000001,4.7601000000000004,4.8200000000000003,333073,1356,4.8737500000000002
2016-07-28 04:00:00+00:00,4.7699999999999996,4.8300000000000001,4.7000000000000002,4.7999999999999998,314394,1517,4.7822420000000001
2016-07-29 04:00:00+00:00,4.7599999999999998,4.9900000000000002,4.6600000000000001,4.71,412102,1590,4.7641640000000001
2016-08-01 04:00:00+00:00,4.6500000000000004,4.79,4.5,4.5,341721,1481,4.5688370000000003
2016-08-02 04:00:00+00:00,4.5,4.7199999999999998,4.4000000000000004,4.5800000000000001,403153,1516,4.5196550000000002
2016-08-03 04:00:00+00:00,4.5300000000000002,4.7834000000000003,4.4699999999999998,4.6699999999999999,255833,836,4.6791559999999999
2016-08-04 04:00:00+00:00,4.5,4.6500000000000004,4.4500000000000002,4.4800000000000004,456899,1458,4.5303009999999997
2016-08-05 04:00:00+00:00,4.4199999999999999,5,4.4199999999999999,4.8799999999999999,773996,2155,4.8103170000000004
2016-08-08 04:00:00+00:00,4.9800000000000004,5.25,4.8940000000000001,5.0099999999999998,683460,1819,5.0613549999999998
2016-08-09 04:00:00+00:00,5.0099999999999998,5.21,4.9109999999999996,4.9800000000000004,417898,1602,5.0561360000000004
2016-08-10 04:00:00+00:00,4.96,5.0380000000000003,4.75,4.7699999999999996,383443,1711,4.8433159999999997
2016-08-11 04:00:00+00:00,4.7800000000000002,4.9649999999999999,4.7699999999999996,4.9000000000000004,201189,725,4.8938879999999996
2016-08-12 04:00:00+00:00,4.9400000000000004,5.1900000000000004,4.9000000000000004,5.1100000000000003,454283,1502,5.0920629999999996
2016-08-15 04:00:00+00:00,5.0599999999999996,5.7400000000000002,5.0599999999999996,5.6699999999999999,1104638,2931,5.4189129999999999
2016-08-16 04:00:00+00:00,5.6600000000000001,5.8799999999999999,5.4199999999999999,5.54,564496,2198,5.5888289999999996
2016-08-17 04:00:00+00:00,5.5499999999999998,5.6900000000000004,5.5,5.5499999999999998,371199,1100,5.5742690000000001
2016-08-18 04:00:00+00:00,5.5899999999999999,5.8799999999999999,5.4900000000000002,5.5599999999999996,640111,2532,5.6666489999999996
2016-08-19 04:00:00+00:00,5.5899999999999999,5.7199999999999998,5.5,5.6500000000000004,484943,1710,5.6168750000000003
2016-08-22 04:00:00+00:00,5.5800000000000001,5.6500000000000004,5.3600000000000003,5.5,538228,1773,5.509728
2016-08-23 04:00:00+00:00,5.4800000000000004,5.7000000000000002,5.4000000000000004,5.6100000000000003,413171,1816,5.6225870000000002
2016-08-24 04:00:00+00:00,5.5800000000000001,5.6299999999999999,5.3600000000000003,5.5099999999999998,360199,1590,5.5047319999999997
2016-08-25 04:00:00+00:00,5.5,5.5750000000000002,5.4219999999999997,5.5099999999999998,268937,1300,5.5228080000000004
2016-08-26 04:00:00+00:00,5.6200000000000001,5.6799999999999997,5.4568000000000003,5.4800000000000004,347656,1293,5.5432990000000002
2016-08-29 04:00:00+00:00,5.4400000000000004,5.6699999999999999,5.4400000000000004,5.5800000000000001,227430,1124,5.5844230000000001
2016-08-30 04:00:00+00:00,5.5800000000000001,5.6699999999999999,5.5199999999999996,5.5999999999999996,288213,1087,5.602284
2016-08-31 04:00:00+00:00,5.5499999999999998,5.6500000000000004,5.5199999999999996,5.5700000000000003,252918,1124,5.5826789999999997
2016-09-01 04:00:00+00:00,5.5499999999999998,5.5750000000000002,5.3700000000000001,5.5099999999999998,375863,1390,5.4912039999999998
2016-09-02 04:00:00+00:00,5.5199999999999996,5.5999999999999996,5.4000000000000004,5.4699999999999998,279840,1339,5.4954700000000001
2016-09-06 04:00:00+00:00,5.4299999999999997,5.5499999999999998,5.4100000000000001,5.4500000000000002,312584,1357,5.4567610000000002
2016-09-07 04:00:00+00:00,5.4400000000000004,5.6500000000000004,5.4100000000000001,5.6299999999999999,583973,1318,5.5315729999999999
2016-09-08 04:00:00+00:00,5.6500000000000004,6.415,5.5,6.3300000000000001,1838747,5606,6.0924440000000004
2016-09-09 04:00:00+00:00,6.3799999999999999,6.3799999999999999,6.0800000000000001,6.0999999999999996,869702,3597,6.1643730000000003
2016-09-12 04:00:00+00:00,6,6.3200000000000003,5.6900000000000004,6.1200000000000001,479160,1627,6.0831530000000003
2016-09-13 04:00:00+00:00,6,6.0999999999999996,5.7690000000000001,5.96,664010,3369,5.9095050000000002
2016-09-14 04:00:00+00:00,5.9299999999999997,6.0999999999999996,5.7999999999999998,5.8700000000000001,454272,2453,5.9034610000000001
2016-09-15 04:00:00+00:00,5.8499999999999996,6.2699999999999996,5.8499999999999996,6.1500000000000004,515556,1828,6.0813160000000002
2016-09-16 04:00:00+00:00,6.0800000000000001,6.1950000000000003,5.9000000000000004,5.9900000000000002,416680,1579,6.0063269999999997
2016-09-19 04:00:00+00:00,5.9500000000000002,6.0300000000000002,5.75,5.75,459213,1981,5.8534170000000003
2016-09-20 04:00:00+00:00,5.7000000000000002,5.8266999999999998,5.3899999999999997,5.4100000000000001,393911,1553,5.524381
2016-09-21 04:00:00+00:00,5.5199999999999996,5.6600000000000001,5.2999999999999998,5.3700000000000001,326317,1312,5.429316
2016-09-22 04:00:00+00:00,5.4400000000000004,5.5709999999999997,5.0999999999999996,5.1600000000000001,632551,2137,5.2652380000000001
2016-09-23 04:00:00+00:00,5.1200000000000001,5.25,5,5.1699999999999999,721568,2270,5.1631819999999999
2016-09-26 04:00:00+00:00,5.2000000000000002,5.2400000000000002,4.96,4.9699999999999998,329193,1372,5.0946860000000003
2016-09-27 04:00:00+00:00,4.9900000000000002,5.0499999999999998,4.9199999999999999,4.96,374953,1390,4.961767
2016-09-28 04:00:00+00:00,4.9800000000000004,5.0750000000000002,4.9000000000000004,4.9500000000000002,514288,1489,4.9761280000000001
2016-09-29 04:00:00+00:00,4.9699999999999998,5.0899999999999999,4.6609999999999996,4.71,664490,1780,4.7751099999999997
2016-09-30 04:00:00+00:00,4.71,4.8600000000000003,4.5,4.5099999999999998,861832,2891,4.6013229999999998
2016-10-03 04:00:00+00:00,4.5099999999999998,4.6790000000000003,4.3700000000000001,4.3700000000000001,462075,1477,4.4524010000000001
2016-10-04 04:00:00+00:00,4.3499999999999996,4.4800000000000004,4.1600000000000001,4.1900000000000004,589173,1961,4.2909170000000003
2016-10-05 04:00:00+00:00,4.21,4.5899999999999999,4.21,4.4000000000000004,544227,2061,4.4466549999999998
2016-10-06 04:00:00+00:00,4.4000000000000004,4.54,4.3499999999999996,4.3700000000000001,376132,1165,4.4491949999999996
2016-10-07 04:00:00+00:00,4.3399999999999999,4.383,4.0999999999999996,4.2000000000000002,461835,1422,4.2043200000000001
2016-10-10 04:00:00+00:00,4.25,4.359,4.0599999999999996,4.0999999999999996,381549,1289,4.220974
2016-10-11 04:00:00+00:00,4.0599999999999996,4.1509999999999998,3.8713000000000002,3.9900000000000002,534457,1479,3.9836130000000001
2016-10-12 04:00:00+00:00,4,4.1200000000000001,3.8900000000000001,4.0199999999999996,250589,965,4.0258149999999997
2016-10-13 04:00:00+00:00,4,4.1100000000000003,3.8900000000000001,3.9900000000000002,236303,791,4.0002940000000002
2016-10-14 04:00:00+00:00,4,4.0199999999999996,3.8599999999999999,3.8799999999999999,382150,1170,3.9250080000000001
2016-10-17 04:00:00+00:00,3.7999999999999998,3.8999999999999999,3.75,3.7999999999999998,278566,1013,3.8126980000000001
2016-10-18 04:00:00+00:00,3.8500000000000001,3.8500000000000001,3.7999999999999998,3.7999999999999998,168737,849,3.8313090000000001
2016-10-19 04:00:00+00:00,3.7999999999999998,4,3.7999999999999998,3.8999999999999999,252622,841,3.9026230000000002
2016-10-20 04:00:00+00:00,3.8999999999999999,4,3.8500000000000001,3.9500000000000002,169604,628,3.9165930000000002
2016-10-21 04:00:00+00:00,4,4.2000000000000002,3.8500000000000001,4.0999999999999996,314106,833,4.0710459999999999
2016-10-24 04:00:00+00:00,4.1500000000000004,4.1500000000000004,3.75,3.8500000000000001,376119,1079,3.8756750000000002
2016-10-25 04:00:00+00:00,3.75,3.9500000000000002,3.7000000000000002,3.7000000000000002,308068,851,3.7887749999999998
2016-10-26 04:00:00+00:00,3.7000000000000002,3.7999999999999998,3.6499999999999999,3.7000000000000002,246635,731,3.7076220000000002
2016-10-27 04:00:00+00:00,3.6499999999999999,3.75,3.6499999999999999,3.6499999999999999,222275,577,3.6690930000000002
2016-10-28 04:00:00+00:00,3.6000000000000001,3.7000000000000002,3.5,3.5,273435,578,3.5629789999999999
2016-10-31 04:00:00+00:00,3.5,3.5499999999999998,3.5,3.5,288041,696,3.512956
2016-11-01 04:00:00+00:00,3.5499999999999998,3.6000000000000001,3.5,3.5499999999999998,229354,722,3.5205220000000002
2016-11-02 04:00:00+00:00,3.5499999999999998,3.5499999999999998,3.4500000000000002,3.5499999999999998,242037,840,3.507425
2016-11-03 04:00:00+00:00,3.5,3.5499999999999998,2.79,3.1499999999999999,900246,1756,3.1249950000000002
2016-11-04 04:00:00+00:00,3.25,3.5499999999999998,3.1499999999999999,3.25,426349,888,3.3725489999999998
2016-11-07 05:00:00+00:00,3.3999999999999999,3.5314999999999999,3.2999999999999998,3.3500000000000001,274360,626,3.3583780000000001
2016-11-08 05:00:00+00:00,3.3500000000000001,3.5499999999999998,3.3500000000000001,3.3999999999999999,308630,658,3.44163
2016-11-09 05:00:00+00:00,3.4500000000000002,3.75,3.3999999999999999,3.6499999999999999,597802,840,3.632355
2016-11-10 05:00:00+00:00,3.7999999999999998,4.3499999999999996,3.7999999999999998,4.0999999999999996,1068320,2558,4.099011
2016-11-11 05:00:00+00:00,4.0999999999999996,4.4000000000000004,3.8999999999999999,4,532771,1623,4.1308980000000002
2016-11-14 05:00:00+00:00,4.0999999999999996,4.25,4,4.2000000000000002,757612,2511,4.1224550000000004
2016-11-15 05:00:00+00:00,4.25,4.5499999999999998,4.25,4.4500000000000002,512694,1040,4.4247120000000004
2016-11-16 05:00:00+00:00,4.5499999999999998,4.8499999999999996,4.5499999999999998,4.7999999999999998,681737,1456,4.724844
2016-11-17 05:00:00+00:00,4.8499999999999996,5,4.6500000000000004,4.7000000000000002,706897,2144,4.8085719999999998
2016-11-18 05:00:00+00:00,4.7000000000000002,4.75,4.5499999999999998,4.6500000000000004,372850,1065,4.6264589999999997
2016-11-21 05:00:00+00:00,4.75,4.8499999999999996,4.6500000000000004,4.6500000000000004,309861,1021,4.7148430000000001
2016-11-22 05:00:00+00:00,4.7000000000000002,4.9000000000000004,4.5,4.5499999999999998,405365,1489,4.6236540000000002
2016-11-23 05:00:00+00:00,4.5,4.5049999999999999,4.3499999999999996,4.4500000000000002,362904,1210,4.4409729999999996
2016-11-25 05:00:00+00:00,4.4500000000000002,4.5449999999999999,4.25,4.25,188427,501,4.4102040000000002
2016-11-28 05:00:00+00:00,4.25,4.2999999999999998,3.8500000000000001,3.9500000000000002,521590,1671,4.0333940000000004
2016-11-29 05:00:00+00:00,3.8999999999999999,3.8999999999999999,3.6499999999999999,3.7999999999999998,554679,2118,3.8137080000000001
2016-11-30 05:00:00+00:00,4.0999999999999996,4.3499999999999996,3.9500000000000002,4,610249,1648,4.0814490000000001
2016-12-01 05:00:00+00:00,4.0499999999999998,4.3499999999999996,4.0499999999999998,4.25,366352,930,4.2250769999999997
2016-12-02 05:00:00+00:00,4.25,4.5,4.25,4.4000000000000004,340950,955,4.4164250000000003
2016-12-05 05:00:00+00:00,4.4000000000000004,4.7000000000000002,4.4000000000000004,4.6500000000000004,546152,1077,4.6156499999999996
2016-12-06 05:00:00+00:00,4.5999999999999996,4.9000000000000004,4.5,4.75,410243,1395,4.7705609999999998
2016-12-07 05:00:00+00:00,4.7000000000000002,4.8499999999999996,4.4000000000000004,4.4000000000000004,379016,1288,4.5729709999999999
2016-12-08 05:00:00+00:00,4.4000000000000004,4.7999999999999998,4.4000000000000004,4.5999999999999996,863663,2436,4.6616160000000004
2016-12-09 05:00:00+00:00,4.5999999999999996,4.7000000000000002,4.4000000000000004,4.5499999999999998,482983,1657,4.5916160000000001
2016-12-12 05:00:00+00:00,4.7000000000000002,4.7999999999999998,4.25,4.4500000000000002,390027,1108,4.4763149999999996
2016-12-13 05:00:00+00:00,4.5,4.5,4.25,4.25,332473,1009,4.3568949999999997
2016-12-14 05:00:00+00:00,4.25,4.2999999999999998,4.0499999999999998,4.0999999999999996,342317,1304,4.1274090000000001
2016-12-15 05:00:00+00:00,4.0999999999999996,4.2999999999999998,4,4.25,510020,2494,4.1838240000000004
2016-12-16 05:00:00+00:00,4.2999999999999998,4.5499999999999998,4.25,4.2999999999999998,608006,1847,4.4182430000000004
2016-12-19 05:00:00+00:00,4.25,4.4000000000000004,4.0999999999999996,4.0999999999999996,416695,1474,4.1986230000000004
2016-12-20 05:00:00+00:00,4.0999999999999996,4.25,3.8999999999999999,3.8999999999999999,734375,1652,4.0011190000000001
2016-12-21 05:00:00+00:00,3.9500000000000002,4.0999999999999996,3.75,4.0499999999999998,980661,2650,3.9522119999999998
2016-12-22 05:00:00+00:00,3.8999999999999999,4.4000000000000004,3.8999999999999999,4.1500000000000004,837610,2949,4.204815
2016-12-23 05:00:00+00:00,4.0999999999999996,4.2999999999999998,4.0499999999999998,4.25,524884,1172,4.2696990000000001
2016-12-27 05:00:00+00:00,4.2999999999999998,4.4000000000000004,4,4.0499999999999998,823751,2351,4.1414210000000002
2016-12-28 05:00:00+00:00,4,4.1500000000000004,3.9500000000000002,4.0999999999999996,382230,1054,4.0171049999999999
2016-12-29 05:00:00+00:00,4.0499999999999998,4.1500000000000004,4,4.0499999999999998,440979,1042,4.0602419999999997
2016-12-30 05:00:00+00:00,4,4.0499999999999998,3.9500000000000002,4,691159,1494,3.9715799999999999
2017-01-03 05:00:00+00:00,4.0499999999999998,4.1500000000000004,3.8999999999999999,4,385538,1134,3.996372
2017-01-04 05:00:00+00:00,4.0499999999999998,4.5499999999999998,4,4.4000000000000004,719664,1943,4.3501099999999999
2017-01-05 05:00:00+00:00,4.4500000000000002,4.7000000000000002,4.2999999999999998,4.5,588676,1438,4.5393889999999999
2017-01-06 05:00:00+00:00,4.5999999999999996,4.6120000000000001,4.4000000000000004,4.5999999999999996,337372,867,4.5030109999999999
2017-01-09 05:00:00+00:00,4.5999999999999996,4.7000000000000002,4.2999999999999998,4.2999999999999998,415095,1268,4.4699920000000004
2017-01-10 05:00:00+00:00,4.2999999999999998,4.4500000000000002,4.2999999999999998,4.2999999999999998,179734,460,4.3491580000000001
2017-01-11 05:00:00+00:00,4.3499999999999996,4.5,4.3049999999999997,4.4500000000000002,195768,551,4.4214539999999998
2017-01-12 05:00:00+00:00,4.4500000000000002,4.5,4.25,4.2999999999999998,185453,505,4.3458680000000003
2017-01-13 05:00:00+00:00,4.25,4.4000000000000004,4.25,4.2999999999999998,169939,427,4.314921
2017-01-17 05:00:00+00:00,4.2999999999999998,4.3499999999999996,4.2000000000000002,4.2999999999999998,203375,562,4.2729220000000003
2017-01-18 05:00:00+00:00,4.25,4.3499999999999996,4.2000000000000002,4.2000000000000002,137100,578,4.228542
2017-01-19 05:00:00+00:00,4.2000000000000002,4.2000000000000002,4.0499999999999998,4.0499999999999998,241113,712,4.0841120000000002
2017-01-20 05:00:00+00:00,4.0999999999999996,4.2000000000000002,4,4.1500000000000004,482345,1532,4.0601269999999996
2017-01-23 05:00:00+00:00,4.0999999999999996,4.1500000000000004,3.8999999999999999,4,521006,1545,3.9729589999999999
2017-01-24 05:00:00+00:00,4,4.2000000000000002,4,4.1500000000000004,444993,1569,4.1149529999999999
2017-01-25 05:00:00+00:00,4.1500000000000004,4.2999999999999998,4.0499999999999998,4.2000000000000002,296748,1013,4.172396
2017-01-26 05:00:00+00:00,4.1500000000000004,4.4000000000000004,4.1500000000000004,4.1500000000000004,519395,2370,4.3014890000000001
2017-01-27 05:00:00+00:00,4.1500000000000004,4.25,4.1500000000000004,4.2000000000000002,355014,1244,4.186509
2017-01-30 05:00:00+00:00,4.1500000000000004,4.2000000000000002,4.0499999999999998,4.0999999999999996,215606,542,4.0942619999999996
2017-01-31 05:00:00+00:00,4.0999999999999996,4.0999999999999996,3.9500000000000002,3.9500000000000002,229393,575,4.0012749999999997
2017-02-01 05:00:00+00:00,4,4.0999999999999996,3.9500000000000002,3.9500000000000002,202038,554,3.9885640000000002
2017-02-02 05:00:00+00:00,3.9500000000000002,4.0999999999999996,3.8999999999999999,4.0499999999999998,224358,702,3.9640439999999999
2017-02-03 05:00:00+00:00,4.0999999999999996,4.1500000000000004,4,4.0999999999999996,146629,531,4.0765390000000004
2017-02-06 05:00:00+00:00,4.0999999999999996,4.1409000000000002,3.8999999999999999,3.8999999999999999,366082,1149,3.9671989999999999
2017-02-07 05:00:00+00:00,3.8999999999999999,4,3.8500000000000001,3.8500000000000001,309312,1055,3.89683
2017-02-08 05:00:00+00:00,3.8500000000000001,3.8500000000000001,3.7999999999999998,3.7999999999999998,280378,822,3.8154149999999998
2017-02-09 05:00:00+00:00,3.7999999999999998,3.8500000000000001,3.75,3.7999999999999998,405472,1171,3.7972730000000001
2017-02-10 05:00:00+00:00,3.7999999999999998,3.8999999999999999,3.7999999999999998,3.8500000000000001,242627,871,3.845081
2017-02-13 05:00:00+00:00,3.8500000000000001,3.8999999999999999,3.75,3.7999999999999998,427055,1052,3.7882560000000001
2017-02-14 05:00:00+00:00,3.7999999999999998,3.8500000000000001,3.75,3.7749999999999999,319923,1211,3.7677670000000001
2017-02-15 05:00:00+00:00,3.7999999999999998,3.8500000000000001,3.7000000000000002,3.7999999999999998,654640,1360,3.7522579999999999
2017-02-16 05:00:00+00:00,3.75,4.0499999999999998,3.75,3.9500000000000002,364133,878,3.8809499999999999
2017-02-17 05:00:00+00:00,3.8999999999999999,3.9910999999999999,3.8500000000000001,3.8999999999999999,195268,599,3.86503
2017-02-21 05:00:00+00:00,3.9500000000000002,3.9500000000000002,3.7999999999999998,3.8999999999999999,235645,788,3.8749509999999998
2017-02-22 05:00:00+00:00,3.8500000000000001,3.8893,3.7000000000000002,3.7999999999999998,379186,1358,3.7629860000000002
2017-02-23 05:00:00+00:00,3.7999999999999998,4.0499999999999998,3.7000000000000002,4,883358,1898,3.948963
2017-02-24 05:00:00+00:00,3.8500000000000001,3.8999999999999999,3.7000000000000002,3.7999999999999998,591076,1592,3.758273
2017-02-27 05:00:00+00:00,3.75,3.8999999999999999,3.75,3.8999999999999999,247471,671,3.8548710000000002
2017-02-28 05:00:00+00:00,3.9500000000000002,3.9500000000000002,3.8500000000000001,3.9500000000000002,400110,955,3.9313039999999999
2017-03-01 05:00:00+00:00,3.9500000000000002,4,3.8999999999999999,3.9500000000000002,423015,1425,3.9441929999999998
2017-03-02 05:00:00+00:00,4,4.0999999999999996,3.8999999999999999,3.9500000000000002,576072,1319,3.9980769999999999
2017-03-03 05:00:00+00:00,4,4,3.8999999999999999,4,297711,673,3.954933
2017-03-06 05:00:00+00:00,4.0499999999999998,4.0499999999999998,3.7999999999999998,3.8999999999999999,306929,841,3.8934340000000001
2017-03-07 05:00:00+00:00,3.8999999999999999,3.9500000000000002,3.7999999999999998,3.8500000000000001,284314,498,3.846266
2017-03-08 05:00:00+00:00,3.8999999999999999,3.9500000000000002,3.7000000000000002,3.7000000000000002,413073,1225,3.7603260000000001
2017-03-09 05:00:00+00:00,3.7999999999999998,3.7999999999999998,3.5499999999999998,3.6499999999999999,950889,1956,3.6696620000000002
2017-03-10 05:00:00+00:00,3.6499999999999999,3.7450000000000001,3.6000000000000001,3.6499999999999999,317233,648,3.6684860000000001
2017-03-13 04:00:00+00:00,3.6499999999999999,3.7999999999999998,3.6499999999999999,3.75,218921,578,3.7596020000000001
2017-03-14 04:00:00+00:00,3.75,3.75,3.6000000000000001,3.6499999999999999,227386,674,3.6566160000000001
2017-03-15 04:00:00+00:00,3.6499999999999999,3.6949999999999998,3.5499999999999998,3.6000000000000001,322708,738,3.6147550000000002
2017-03-16 04:00:00+00:00,3.6000000000000001,3.7749999999999999,3.6000000000000001,3.7000000000000002,617675,1270,3.670655
2017-03-17 04:00:00+00:00,3.75,3.9500000000000002,3.7000000000000002,3.7999999999999998,879894,1458,3.8260640000000001
2017-03-20 04:00:00+00:00,3.7999999999999998,3.8999999999999999,3.75,3.8500000000000001,281996,859,3.8136450000000002
2017-03-21 04:00:00+00:00,3.8500000000000001,3.8500000000000001,3.6499999999999999,3.75,272510,1203,3.7386789999999999
2017-03-22 04:00:00+00:00,3.7000000000000002,3.7999999999999998,3.6000000000000001,3.7999999999999998,241198,520,3.6962280000000001
2017-03-23 04:00:00+00:00,3.75,3.8500000000000001,3.6800000000000002,3.7999999999999998,198273,589,3.7888090000000001
2017-03-24 04:00:00+00:00,3.6499999999999999,3.7999999999999998,3.6000000000000001,3.7999999999999998,404715,669,3.7036570000000002
2017-03-27 04:00:00+00:00,3.7000000000000002,3.75,3.6499999999999999,3.75,209057,494,3.7007370000000002
2017-03-28 04:00:00+00:00,3.7000000000000002,3.7749999999999999,3.6499999999999999,3.7000000000000002,210323,735,3.6976019999999998
2017-03-29 04:00:00+00:00,3.7000000000000002,3.7999999999999998,3.6499999999999999,3.7999999999999998,204673,531,3.7305990000000002
2017-03-30 04:00:00+00:00,3.7999999999999998,3.8500000000000001,3.7000000000000002,3.75,142760,579,3.7751139999999999
2017-03-31 04:00:00+00:00,3.75,3.7999999999999998,3.6499999999999999,3.7999999999999998,230800,699,3.7397309999999999
2017-04-03 04:00:00+00:00,3.75,3.7999999999999998,3.6499999999999999,3.7000000000000002,207701,615,3.7237900000000002
2017-04-04 04:00:00+00:00,3.7000000000000002,3.7999999999999998,3.6499999999999999,3.7999999999999998,184859,276,3.721419
2017-04-05 04:00:00+00:00,3.7999999999999998,3.7999999999999998,3.7000000000000002,3.75,208019,420,3.7366239999999999
2017-04-06 04:00:00+00:00,3.75,3.75,3.6499999999999999,3.75,184812,480,3.7018059999999999
2017-04-07 04:00:00+00:00,3.7000000000000002,3.75,3.6499999999999999,3.7000000000000002,259805,612,3.686455
2017-04-10 04:00:00+00:00,3.7000000000000002,3.75,3.6499999999999999,3.7000000000000002,172270,344,3.690534
2017-04-11 04:00:00+00:00,3.75,3.7999999999999998,3.7250000000000001,3.7999999999999998,249247,425,3.767296
2017-04-12 04:00:00+00:00,3.75,3.7999999999999998,3.6499999999999999,3.6499999999999999,303881,706,3.733222
2017-04-13 04:00:00+00:00,3.7000000000000002,3.7999999999999998,3.6499999999999999,3.6499999999999999,296313,508,3.696323
2017-04-17 04:00:00+00:00,3.6499999999999999,3.7000000000000002,3.5499999999999998,3.5750000000000002,469106,898,3.5955370000000002
2017-04-18 04:00:00+00:00,3.5499999999999998,3.5670000000000002,3.5,3.5499999999999998,241508,548,3.5324819999999999
2017-04-19 04:00:00+00:00,3.5,3.5499999999999998,3.3999999999999999,3.5499999999999998,214676,578,3.501077
2017-04-20 04:00:00+00:00,3.5499999999999998,3.5499999999999998,3.5,3.5,116078,312,3.5220509999999998
2017-04-21 04:00:00+00:00,3.5,3.5499999999999998,3.4710000000000001,3.5499999999999998,122453,268,3.5209519999999999
2017-04-24 04:00:00+00:00,3.5499999999999998,3.7000000000000002,3.5,3.7000000000000002,332854,742,3.6295459999999999
2017-04-25 04:00:00+00:00,3.7000000000000002,3.75,3.6000000000000001,3.7000000000000002,261071,477,3.6802510000000002
2017-04-26 04:00:00+00:00,3.6499999999999999,3.7000000000000002,3.6000000000000001,3.7000000000000002,212072,647,3.6618759999999999
2017-04-27 04:00:00+00:00,3.6499999999999999,3.7000000000000002,3.5499999999999998,3.6499999999999999,242225,589,3.6030720000000001
2017-04-28 04:00:00+00:00,3.6000000000000001,3.6499999999999999,3.5499999999999998,3.6000000000000001,192341,510,3.6117940000000002
2017-05-01 04:00:00+00:00,3.5499999999999998,3.6000000000000001,3.5499999999999998,3.6000000000000001,142980,356,3.5796480000000002
2017-05-02 04:00:00+00:00,3.6000000000000001,3.6499999999999999,3.5499999999999998,3.6000000000000001,208644,640,3.569537
2017-05-03 04:00:00+00:00,3.5499999999999998,3.6000000000000001,3.4500000000000002,3.5,331923,853,3.5120089999999999
2017-05-04 04:00:00+00:00,3.7999999999999998,3.8999999999999999,3.6749999999999998,3.8999999999999999,881589,2294,3.845612
2017-05-05 04:00:00+00:00,3.8500000000000001,3.9500000000000002,3.7999999999999998,3.8999999999999999,374948,733,3.8598370000000002
2017-05-08 04:00:00+00:00,3.8999999999999999,3.9500000000000002,3.8500000000000001,3.9500000000000002,223660,702,3.913745
2017-05-09 04:00:00+00:00,3.9500000000000002,4.5,3.8999999999999999,4.2000000000000002,1044214,2491,4.1831469999999999
2017-05-10 04:00:00+00:00,4.4000000000000004,4.5,4.25,4.375,847298,2096,4.4119710000000003
2017-05-11 04:00:00+00:00,4.4500000000000002,4.5,4.4000000000000004,4.4500000000000002,560660,1386,4.4769769999999998
2017-05-12 04:00:00+00:00,4.5,4.75,4.4550000000000001,4.6500000000000004,778002,2336,4.6564810000000003
2017-05-15 04:00:00+00:00,4.75,4.9299999999999997,4.6500000000000004,4.8499999999999996,585746,1858,4.8312869999999997
2017-05-16 04:00:00+00:00,4.9000000000000004,4.9000000000000004,4.6597,4.7000000000000002,416510,972,4.7603270000000002
2017-05-17 04:00:00+00:00,4.6500000000000004,4.7000000000000002,4.4249999999999998,4.4500000000000002,456092,1446,4.5420470000000002
2017-05-18 04:00:00+00:00,4.4000000000000004,4.4950000000000001,4.2999999999999998,4.4000000000000004,458313,1410,4.3945879999999997
2017-05-19 04:00:00+00:00,4.4000000000000004,4.5,4.3499999999999996,4.4000000000000004,364752,1006,4.4263279999999998
2017-05-22 04:00:00+00:00,4.4000000000000004,4.4824999999999999,4.25,4.25,228714,604,4.3257830000000004
2017-05-23 04:00:00+00:00,4.25,4.3499999999999996,4.2000000000000002,4.2000000000000002,296062,895,4.2548640000000004
2017-05-24 04:00:00+00:00,4.2000000000000002,4.2999999999999998,4.2000000000000002,4.25,231569,618,4.2424369999999998
2017-05-25 04:00:00+00:00,4.25,4.2999999999999998,4.0499999999999998,4.0499999999999998,322121,927,4.1271060000000004
2017-05-26 04:00:00+00:00,4.0999999999999996,4.1500000000000004,4,4,194636,501,4.042853
2017-05-30 04:00:00+00:00,3.9500000000000002,4,3.8500000000000001,3.8999999999999999,236726,531,3.9229409999999998
2017-05-31 04:00:00+00:00,3.8500000000000001,3.9500000000000002,3.7999999999999998,3.8999999999999999,314627,897,3.870209
2017-06-01 04:00:00+00:00,3.9500000000000002,4.0999999999999996,3.855,4,263804,735,4.0193269999999997
2017-06-02 04:00:00+00:00,4,4.0499999999999998,3.8999999999999999,4,150355,616,3.9929899999999998
2017-06-05 04:00:00+00:00,4.0499999999999998,4.0999999999999996,4,4.0499999999999998,154758,543,4.0635490000000001
2017-06-06 04:00:00+00:00,4.0499999999999998,4.25,4,4.1500000000000004,365463,721,4.1519149999999998
2017-06-07 04:00:00+00:00,4.1500000000000004,4.3499999999999996,4.1500000000000004,4.2000000000000002,441238,1251,4.2136329999999997
2017-06-08 04:00:00+00:00,4.1500000000000004,4.25,4.0999999999999996,4.1500000000000004,194816,740,4.1730260000000001
2017-06-09 04:00:00+00:00,4.1500000000000004,4.25,4.1500000000000004,4.2000000000000002,164815,616,4.2213269999999996
2017-06-12 04:00:00+00:00,4.2000000000000002,4.4500000000000002,4.2000000000000002,4.4000000000000004,378078,983,4.3375870000000001
2017-06-13 04:00:00+00:00,4.4500000000000002,4.5,4.2999999999999998,4.4500000000000002,378748,756,4.4572089999999998
2017-06-14 04:00:00+00:00,4.4000000000000004,4.5,4.2000000000000002,4.2000000000000002,238477,778,4.3460099999999997
2017-06-15 04:00:00+00:00,4.1500000000000004,4.4500000000000002,4.0999999999999996,4.2000000000000002,127373,565,4.2373240000000001
2017-06-16 04:00:00+00:00,4.2000000000000002,4.2999999999999998,4.125,4.2999999999999998,92085,550,4.2139810000000004
2017-06-19 04:00:00+00:00,4.25,4.3499999999999996,4.2000000000000002,4.2000000000000002,125342,517,4.2250829999999997
2017-06-20 04:00:00+00:00,4.1500000000000004,4.2000000000000002,4.0499999999999998,4.0999999999999996,208066,638,4.1226849999999997
2017-06-21 04:00:00+00:00,4.0999999999999996,4.1449999999999996,3.9500000000000002,3.9500000000000002,201827,511,4.0233340000000002
2017-06-22 04:00:00+00:00,3.9500000000000002,4.1500000000000004,3.9500000000000002,4.0999999999999996,106766,276,4.0443220000000002
2017-06-23 04:00:00+00:00,4.0999999999999996,4.2000000000000002,4,4.0999999999999996,153774,798,4.0892920000000004
2017-06-26 04:00:00+00:00,4.0999999999999996,4.0999999999999996,4,4.0999999999999996,143322,434,4.059704
2017-06-27 04:00:00+00:00,4.0999999999999996,4.1500000000000004,4,4.1500000000000004,98832,411,4.1161060000000003
2017-06-28 04:00:00+00:00,4.0999999999999996,4.25,4.0549999999999997,4.2000000000000002,109663,405,4.1665900000000002
2017-06-29 04:00:00+00:00,4.2000000000000002,4.25,4.0549999999999997,4.2000000000000002,219766,777,4.1527919999999998
2017-06-30 04:00:00+00:00,4.2000000000000002,4.25,4.0549999999999997,4.25,210014,801,4.2040649999999999
2017-07-03 04:00:00+00:00,4.25,4.25,4.1500000000000004,4.2000000000000002,86849,333,4.2238449999999998
2017-07-05 04:00:00+00:00,4.2000000000000002,4.2000000000000002,4.1500000000000004,4.2000000000000002,117059,532,4.1668950000000002
2017-07-06 04:00:00+00:00,4.2000000000000002,4.2000000000000002,4.0999999999999996,4.1500000000000004,101078,473,4.1522069999999998
2017-07-07 04:00:00+00:00,4.0999999999999996,4.1500000000000004,4.0250000000000004,4.0499999999999998,239842,788,4.0828220000000002
2017-07-10 04:00:00+00:00,4,4.2000000000000002,4,4.1500000000000004,134279,347,4.1302479999999999
2017-07-11 04:00:00+00:00,4.2000000000000002,4.25,4.1500000000000004,4.2000000000000002,98616,399,4.1821700000000002
2017-07-12 04:00:00+00:00,4.2000000000000002,4.2320000000000002,4.1500000000000004,4.2000000000000002,149395,511,4.1871359999999997
2017-07-13 04:00:00+00:00,4.1500000000000004,4.2000000000000002,4.0999999999999996,4.2000000000000002,98650,382,4.1543950000000001
2017-07-14 04:00:00+00:00,4.1500000000000004,4.1500000000000004,4.0999999999999996,4.1500000000000004,89431,396,4.1279529999999998
2017-07-17 04:00:00+00:00,4.0999999999999996,4.2549999999999999,4.0999999999999996,4.25,238582,559,4.2086329999999998
2017-07-18 04:00:00+00:00,4.25,4.4500000000000002,4.2249999999999996,4.4500000000000002,351702,934,4.3691050000000002
2017-07-19 04:00:00+00:00,4.4500000000000002,4.7000000000000002,4.4500000000000002,4.7000000000000002,377602,1161,4.5804280000000004
2017-07-20 04:00:00+00:00,4.75,4.9500000000000002,4.6500000000000004,4.9500000000000002,663804,1449,4.825126
2017-07-21 04:00:00+00:00,4.9500000000000002,5.2000000000000002,4.7999999999999998,5.1500000000000004,494146,927,5.0021339999999999
2017-07-24 04:00:00+00:00,5.25,5.2549999999999999,5.0499999999999998,5.2000000000000002,339906,900,5.1821729999999997
2017-07-25 04:00:00+00:00,5.2000000000000002,5.3499999999999996,5.1653000000000002,5.3499999999999996,396847,685,5.3114879999999998
2017-07-26 04:00:00+00:00,5.3499999999999996,5.4000000000000004,5.2999999999999998,5.4000000000000004,242425,667,5.3445460000000002
2017-07-27 04:00:00+00:00,5.3499999999999996,5.4000000000000004,4.9500000000000002,5.2000000000000002,536527,1405,5.0978919999999999
2017-07-28 04:00:00+00:00,5.2000000000000002,5.3609999999999998,5.2000000000000002,5.25,282114,920,5.2889189999999999
2017-07-31 04:00:00+00:00,5.25,5.3499999999999996,5.0499999999999998,5.2000000000000002,291430,877,5.2249540000000003
2017-08-01 04:00:00+00:00,5.2000000000000002,5.2999999999999998,5.1500000000000004,5.2000000000000002,190435,633,5.2225760000000001
2017-08-02 04:00:00+00:00,5.2000000000000002,5.2999999999999998,4.9500000000000002,5.1500000000000004,347599,1267,5.1308189999999998
2017-08-03 04:00:00+00:00,5.2000000000000002,5.4000000000000004,5.0999999999999996,5.3499999999999996,392929,982,5.2697269999999996
2017-08-04 04:00:00+00:00,5.7000000000000002,5.7999999999999998,5.2249999999999996,5.25,983173,2413,5.4453899999999997
2017-08-07 04:00:00+00:00,5.2999999999999998,5.3170000000000002,5,5.25,462702,1386,5.1632879999999997
2017-08-08 04:00:00+00:00,5.2999999999999998,5.75,5.2999999999999998,5.5499999999999998,943213,2556,5.5807729999999998
2017-08-09 04:00:00+00:00,5.5499999999999998,5.5499999999999998,5.25,5.2999999999999998,227916,811,5.435797
2017-08-10 04:00:00+00:00,5.3499999999999996,5.3499999999999996,5.0999999999999996,5.0999999999999996,401235,1316,5.198086
2017-08-11 04:00:00+00:00,5.0499999999999998,5.4749999999999996,5.0499999999999998,5.4500000000000002,261912,797,5.2800510000000003
2017-08-14 04:00:00+00:00,5.7000000000000002,6.2000000000000002,5.6500000000000004,6,1528769,4608,5.9253460000000002
2017-08-15 04:00:00+00:00,6.0499999999999998,6.9000000000000004,5.9000000000000004,6.5499999999999998,1647632,4231,6.4611499999999999
2017-08-16 04:00:00+00:00,6.5499999999999998,6.6950000000000003,6.0999999999999996,6.2000000000000002,889923,2888,6.3350070000000001
2017-08-17 04:00:00+00:00,6.25,6.5999999999999996,6.0810000000000004,6.1500000000000004,761266,1984,6.3214009999999998
2017-08-18 04:00:00+00:00,6.2000000000000002,6.6500000000000004,6.0499999999999998,6.5499999999999998,608535,1555,6.3724800000000004
2017-08-21 04:00:00+00:00,6.5999999999999996,6.8499999999999996,6.5,6.75,622589,1388,6.711487
2017-08-22 04:00:00+00:00,6.75,6.8600000000000003,6.5,6.7000000000000002,339252,1094,6.6836349999999998
2017-08-23 04:00:00+00:00,6.75,6.75,6.5,6.5499999999999998,482893,1716,6.6299080000000004
2017-08-24 04:00:00+00:00,6.5499999999999998,6.75,6.5499999999999998,6.5999999999999996,422194,1229,6.6499540000000001
2017-08-25 04:00:00+00:00,6.6500000000000004,6.7000000000000002,6.5499999999999998,6.5499999999999998,274308,1044,6.5942790000000002
2017-08-28 04:00:00+00:00,6.5499999999999998,6.75,6.5499999999999998,6.5999999999999996,607302,1695,6.6490840000000002
2017-08-29 04:00:00+00:00,6.6500000000000004,6.9450000000000003,6.5499999999999998,6.7999999999999998,474591,1616,6.7121250000000003
2017-08-30 04:00:00+00:00,6.8499999999999996,7.9500000000000002,6.8159999999999998,7.3499999999999996,1615103,5453,7.4670290000000001
2017-08-31 04:00:00+00:00,7.4500000000000002,8.0500000000000007,7.3499999999999996,8,1977070,6023,7.8913840000000004
2017-09-01 04:00:00+00:00,8.0999999999999996,9.0999999999999996,8.0749999999999993,8.4000000000000004,2674179,9557,8.6350309999999997
2017-09-05 04:00:00+00:00,8.1500000000000004,8.1999999999999993,7.5499999999999998,8,1694735,4637,7.8823439999999998
2017-09-06 04:00:00+00:00,8.0500000000000007,8.25,7.9050000000000002,8.0500000000000007,513717,1761,8.0959339999999997
2017-09-07 04:00:00+00:00,8,8.0999999999999996,7.7999999999999998,7.9000000000000004,407126,1241,7.9390830000000001
2017-09-08 04:00:00+00:00,8,8,7.5999999999999996,7.75,367718,1061,7.7696610000000002
2017-09-11 04:00:00+00:00,7.75,8.0413999999999994,7.5999999999999996,7.9500000000000002,292373,1178,7.7689719999999998
2017-09-12 04:00:00+00:00,7.8499999999999996,8,7.7999999999999998,7.8499999999999996,263321,720,7.8891809999999998
2017-09-13 04:00:00+00:00,7.9000000000000004,8.0999999999999996,7.8499999999999996,7.9000000000000004,395923,1357,7.9758789999999999
2017-09-14 04:00:00+00:00,8,8.25,7.9000000000000004,7.9500000000000002,278882,1056,8.0626379999999997
2017-09-15 04:00:00+00:00,7.9000000000000004,7.9500000000000002,7.5549999999999997,7.8499999999999996,468198,1257,7.7507039999999998
2017-09-18 04:00:00+00:00,7.8499999999999996,7.9000000000000004,7.4500000000000002,7.6500000000000004,388803,1243,7.6662530000000002
2017-09-19 04:00:00+00:00,7.5999999999999996,7.75,7.5,7.5999999999999996,201317,780,7.6494759999999999
2017-09-20 04:00:00+00:00,7.5499999999999998,7.7000000000000002,7.4000000000000004,7.5999999999999996,355264,1193,7.5105130000000004
2017-09-21 04:00:00+00:00,7.5499999999999998,7.7999999999999998,7.4147999999999996,7.7000000000000002,328116,1241,7.644406
2017-09-22 04:00:00+00:00,7.75,7.9550000000000001,7.7000000000000002,7.7999999999999998,190550,610,7.82315
2017-09-25 04:00:00+00:00,7.7999999999999998,8.4000000000000004,7.7999999999999998,8.1999999999999993,531194,1173,8.1896350000000009
2017-09-26 04:00:00+00:00,8.25,8.3000000000000007,8.0999999999999996,8.1999999999999993,193662,488,8.2193140000000007
2017-09-27 04:00:00+00:00,8.1999999999999993,8.3499999999999996,8.0500000000000007,8.1500000000000004,333744,1358,8.1858249999999995
2017-09-28 04:00:00+00:00,8.1999999999999993,8.25,8,8.0999999999999996,242514,922,8.0972629999999999
2017-09-29 04:00:00+00:00,8.1500000000000004,8.5,8.0500000000000007,8.3499999999999996,366669,903,8.310727
2017-10-02 04:00:00+00:00,8.4499999999999993,8.6999999999999993,8.3000000000000007,8.6500000000000004,362114,1121,8.5545089999999995
2017-10-03 04:00:00+00:00,8.75,8.75,8.4000000000000004,8.4499999999999993,450172,1583,8.5860389999999995
2017-10-04 04:00:00+00:00,8.5,8.6500000000000004,8.4000000000000004,8.5500000000000007,239343,684,8.5444060000000004
2017-10-05 04:00:00+00:00,8.4499999999999993,8.8499999999999996,8.4499999999999993,8.6500000000000004,353267,1343,8.6714110000000009
2017-10-06 04:00:00+00:00,8.6500000000000004,8.8000000000000007,8.5,8.5999999999999996,268086,956,8.6650150000000004
2017-10-09 04:00:00+00:00,8.5999999999999996,8.8000000000000007,8.5,8.5749999999999993,276347,589,8.5994899999999994
2017-10-10 04:00:00+00:00,8.6999999999999993,8.6999999999999993,8.5,8.5500000000000007,139045,469,8.5726639999999996
2017-10-11 04:00:00+00:00,8.5,8.5500000000000007,8.4000000000000004,8.5500000000000007,201245,633,8.4911469999999998
2017-10-12 04:00:00+00:00,8.4499999999999993,8.5,8.0999999999999996,8.1500000000000004,316703,815,8.2560979999999997
2017-10-13 04:00:00+00:00,8.1500000000000004,8.25,7.9000000000000004,7.9000000000000004,297005,812,8.0386930000000003
2017-10-16 04:00:00+00:00,7.9000000000000004,7.9500000000000002,7.2999999999999998,7.7999999999999998,566074,1668,7.6471720000000003
2017-10-17 04:00:00+00:00,7.7999999999999998,8.0500000000000007,7.75,7.8499999999999996,240248,735,7.9139869999999997
2017-10-18 04:00:00+00:00,7.9000000000000004,8.1999999999999993,7.8499999999999996,8.0999999999999996,278037,995,7.9826100000000002
2017-10-19 04:00:00+00:00,8,8.0950000000000006,7.9000000000000004,7.9000000000000004,197993,553,7.988162
2017-10-20 04:00:00+00:00,7.9000000000000004,8.0500000000000007,7.9000000000000004,8,175265,440,7.977322
2017-10-23 04:00:00+00:00,7.9500000000000002,8.0500000000000007,7.7999999999999998,8,233954,557,7.945176
2017-10-24 04:00:00+00:00,7.9500000000000002,8.0999999999999996,7.8499999999999996,7.8499999999999996,253470,1071,7.945112
2017-10-25 04:00:00+00:00,7.9000000000000004,8.0999999999999996,7.5999999999999996,8,363678,1185,7.8899619999999997
2017-10-26 04:00:00+00:00,7.9500000000000002,8.0999999999999996,7.9000000000000004,8.0500000000000007,176729,987,8.0087399999999995
2017-10-27 04:00:00+00:00,8.0999999999999996,8.3000000000000007,8,8.3000000000000007,219643,766,8.1930999999999994
2017-10-30 04:00:00+00:00,8.1999999999999993,8.5500000000000007,8.0500000000000007,8.1999999999999993,284821,999,8.2906739999999992
2017-10-31 04:00:00+00:00,8.0999999999999996,9.0999999999999996,8.0999999999999996,8.9499999999999993,1700307,4776,8.7776399999999999
2017-11-01 04:00:00+00:00,9,9.0449999999999999,8.6050000000000004,8.9499999999999993,502012,1789,8.9042879999999993
2017-11-02 04:00:00+00:00,8.9000000000000004,9.4000000000000004,8.9000000000000004,9.3499999999999996,565801,1735,9.1373940000000005
2017-11-03 04:00:00+00:00,9.3499999999999996,9.5500000000000007,9.1999999999999993,9.4499999999999993,433036,1531,9.3870190000000004
2017-11-06 05:00:00+00:00,9.5,9.9499999999999993,9.4000000000000004,9.8000000000000007,824389,2619,9.7856539999999992
2017-11-07 05:00:00+00:00,9.9000000000000004,9.9000000000000004,9.4000000000000004,9.4499999999999993,435989,1462,9.5847300000000004
2017-11-08 05:00:00+00:00,9.5,9.5,9,9.3499999999999996,338201,965,9.1975800000000003
2017-11-09 05:00:00+00:00,9.3000000000000007,9.8499999999999996,9.3000000000000007,9.6500000000000004,492125,1541,9.5995039999999996
2017-11-10 05:00:00+00:00,9.3499999999999996,9.9000000000000004,8.6500000000000004,8.8499999999999996,1180188,3472,9.0334730000000008
2017-11-13 05:00:00+00:00,8.9499999999999993,9.0500000000000007,7.5999999999999996,8.0500000000000007,919112,2473,8.1871869999999998
2017-11-14 05:00:00+00:00,7.9000000000000004,8.0660000000000007,7.8499999999999996,7.9500000000000002,494155,1267,7.938898
2017-11-15 05:00:00+00:00,7.9000000000000004,8.25,7.75,8.1999999999999993,342086,901,8.0452130000000004
2017-11-16 05:00:00+00:00,8.1500000000000004,8.4499999999999993,8,8.0500000000000007,304271,797,8.2172719999999995
2017-11-17 05:00:00+00:00,8.0999999999999996,8.3000000000000007,8,8.1999999999999993,258349,714,8.1873079999999998
2017-11-20 05:00:00+00:00,8.25,8.4000000000000004,8.0999999999999996,8.3000000000000007,168354,564,8.2053279999999997
2017-11-21 05:00:00+00:00,8.1999999999999993,8.4049999999999994,8.0500000000000007,8.1999999999999993,409724,1574,8.1994319999999998
2017-11-22 05:00:00+00:00,8.3000000000000007,8.4499999999999993,8.1999999999999993,8.3000000000000007,198230,711,8.3455779999999997
2017-11-24 05:00:00+00:00,8.3499999999999996,8.4000000000000004,8.0999999999999996,8.0999999999999996,130314,297,8.2026070000000004
2017-11-27 05:00:00+00:00,8.0999999999999996,8.25,8.0500000000000007,8.0999999999999996,253270,563,8.1573100000000007
2017-11-28 05:00:00+00:00,8.1500000000000004,8.3499999999999996,8.1500000000000004,8.2750000000000004,240105,586,8.2698680000000007
2017-11-29 05:00:00+00:00,8.25,8.3000000000000007,8.0999999999999996,8.25,252617,983,8.2075829999999996
2017-11-30 05:00:00+00:00,8.25,8.6999999999999993,8.1999999999999993,8.5999999999999996,473503,1771,8.4543110000000006
2017-12-01 05:00:00+00:00,8.5999999999999996,8.5999999999999996,8.1999999999999993,8.25,401315,1370,8.3680610000000009
2017-12-04 05:00:00+00:00,8.0500000000000007,8.1999999999999993,7.6500000000000004,7.75,981583,2891,7.8581099999999999
2017-12-05 05:00:00+00:00,7.7999999999999998,8.25,7.7999999999999998,8.0999999999999996,421468,1224,8.1065229999999993
2017-12-06 05:00:00+00:00,8.0500000000000007,8.1999999999999993,8,8.1999999999999993,236299,711,8.1027190000000004
2017-12-07 05:00:00+00:00,8.1500000000000004,8.4000000000000004,8.0999999999999996,8.25,108891,388,8.2424759999999999
2017-12-08 05:00:00+00:00,8.1999999999999993,8.25,8.0999999999999996,8.0999999999999996,139918,407,8.1841349999999995
2017-12-11 05:00:00+00:00,8.0500000000000007,8.25,7.8499999999999996,8,202365,546,7.9898049999999996
2017-12-12 05:00:00+00:00,7.9500000000000002,8.0500000000000007,7.7999999999999998,7.9000000000000004,221202,520,7.9460769999999998
2017-12-13 05:00:00+00:00,7.8499999999999996,8.0500000000000007,7.7999999999999998,8,283087,788,7.8787510000000003
2017-12-14 05:00:00+00:00,8,8.0500000000000007,7.8499999999999996,7.875,201904,521,7.9057389999999996
2017-12-15 05:00:00+00:00,7.8499999999999996,8.0999999999999996,7.7000000000000002,8,453796,1848,7.8785379999999998
2017-12-18 05:00:00+00:00,8.0500000000000007,8.1774000000000004,7.7999999999999998,7.7999999999999998,401823,1261,7.9614750000000001
2017-12-19 05:00:00+00:00,7.75,8,7.6749999999999998,7.8499999999999996,563996,1947,7.8184440000000004
2017-12-20 05:00:00+00:00,7.7999999999999998,8,7.75,7.9500000000000002,299574,934,7.8963760000000001
2017-12-21 05:00:00+00:00,7.8499999999999996,8.0500000000000007,7.8205999999999998,7.9500000000000002,445568,1436,7.9561149999999996
2017-12-22 05:00:00+00:00,7.7999999999999998,8.6500000000000004,7.7999999999999998,8.5500000000000007,719519,1939,8.2425470000000001
2017-12-26 05:00:00+00:00,8.5500000000000007,9.3499999999999996,8.5500000000000007,9,811072,2810,8.9801090000000006
2017-12-27 05:00:00+00:00,9,9.3000000000000007,8.8000000000000007,8.8499999999999996,568575,1960,9.0071539999999999
2017-12-28 05:00:00+00:00,8.5,8.5500000000000007,6.0999999999999996,8.0500000000000007,3135373,8040,7.6144780000000001
2017-12-29 05:00:00+00:00,8.0500000000000007,8.0500000000000007,7.6500000000000004,7.7000000000000002,777072,2056,7.8351899999999999
2018-01-02 05:00:00+00:00,7.7000000000000002,7.7000000000000002,7.0999999999999996,7.3499999999999996,963246,2552,7.3814590000000004
2018-01-03 05:00:00+00:00,7.2999999999999998,7.7249999999999996,7.25,7.5,789386,2145,7.4989080000000001
2018-01-04 05:00:00+00:00,7.5999999999999996,7.79,7.4500000000000002,7.6500000000000004,444476,1880,7.575412
2018-01-05 05:00:00+00:00,7.5999999999999996,7.6500000000000004,7.3281000000000001,7.5750000000000002,330531,1379,7.4841439999999997
2018-01-08 05:00:00+00:00,7.5499999999999998,7.5999999999999996,7.4000000000000004,7.5250000000000004,217438,500,7.4786789999999996
2018-01-09 05:00:00+00:00,7.5999999999999996,7.5999999999999996,7.2000000000000002,7.25,451707,1277,7.356439
2018-01-10 05:00:00+00:00,7.2999999999999998,7.4749999999999996,7.1500000000000004,7.375,279095,807,7.3410970000000004
2018-01-11 05:00:00+00:00,7.4000000000000004,7.9500000000000002,7.3600000000000003,7.7000000000000002,477141,1716,7.7644339999999996
2018-01-12 05:00:00+00:00,7.6500000000000004,8.0790000000000006,7.5999999999999996,7.9000000000000004,471251,1789,7.9351380000000002
2018-01-16 05:00:00+00:00,7.9000000000000004,8.0500000000000007,7.5999999999999996,7.6500000000000004,426412,2119,7.8314640000000004
2018-01-17 05:00:00+00:00,7.7000000000000002,8.25,7.6500000000000004,7.8499999999999996,398944,1546,7.9903779999999998
2018-01-18 05:00:00+00:00,7.9000000000000004,7.9500000000000002,7.7000000000000002,7.8499999999999996,263621,988,7.8186549999999997
2018-01-19 05:00:00+00:00,7.8499999999999996,8,7.7999999999999998,7.8499999999999996,149339,729,7.8717189999999997
2018-01-22 05:00:00+00:00,7.8499999999999996,8.1999999999999993,7.8499999999999996,8.0999999999999996,188723,633,8.0345700000000004
2018-01-23 05:00:00+00:00,8.1500000000000004,8.2949999999999999,8,8.0999999999999996,187443,465,8.1553679999999993
2018-01-24 05:00:00+00:00,8.0999999999999996,8.1500000000000004,7.9000000000000004,8.0999999999999996,207487,897,8.0079849999999997
2018-01-25 05:00:00+00:00,8.1500000000000004,8.2449999999999992,7.9000000000000004,7.9500000000000002,213911,597,8.0661959999999997
2018-01-26 05:00:00+00:00,8,8.0999999999999996,7.8499999999999996,8,208487,987,7.9640360000000001
2018-01-29 05:00:00+00:00,7.9000000000000004,8,7.75,7.8499999999999996,253495,900,7.8675350000000002
2018-01-30 05:00:00+00:00,7.75,7.7999999999999998,7.4249999999999998,7.5999999999999996,367050,1194,7.6207240000000001
2018-01-31 05:00:00+00:00,7.5999999999999996,7.6500000000000004,7.4500000000000002,7.5499999999999998,217785,724,7.5157990000000003
2018-02-01 05:00:00+00:00,7.5,7.75,7.4500000000000002,7.6500000000000004,228289,805,7.5588030000000002
2018-02-02 05:00:00+00:00,7.5499999999999998,7.5999999999999996,7.25,7.3499999999999996,290940,1160,7.3991670000000003
2018-02-05 05:00:00+00:00,7.25,7.5499999999999998,7.125,7.2999999999999998,433421,1668,7.3004509999999998
2018-02-06 05:00:00+00:00,7.2000000000000002,7.5,7.0499999999999998,7.2000000000000002,442077,1353,7.2198969999999996
2018-02-07 05:00:00+00:00,7.2000000000000002,7.2999999999999998,7.0999999999999996,7.2000000000000002,285837,1184,7.1684999999999999
2018-02-08 05:00:00+00:00,7.2000000000000002,7.2999999999999998,7.0750000000000002,7.25,245157,1064,7.2069960000000002
2018-02-09 05:00:00+00:00,7.1500000000000004,7.3499999999999996,6.6500000000000004,7.0250000000000004,654700,2472,6.9925600000000001
2018-02-12 05:00:00+00:00,7.0999999999999996,7.5,7.0999999999999996,7.4000000000000004,259352,897,7.3562209999999997
2018-02-13 05:00:00+00:00,7.4000000000000004,7.5,7.25,7.3499999999999996,137076,691,7.3481350000000001
2018-02-14 05:00:00+00:00,7.25,7.5,7.2000000000000002,7.4000000000000004,170902,764,7.3282780000000001
2018-02-15 05:00:00+00:00,7.3499999999999996,7.5,7.2999999999999998,7.5,201859,1093,7.4424739999999998
2018-02-16 05:00:00+00:00,7.5,7.5,7.2999999999999998,7.4500000000000002,235682,1022,7.4057469999999999
2018-02-20 05:00:00+00:00,7.4000000000000004,7.4500000000000002,7.0999999999999996,7.1500000000000004,256100,1089,7.1905349999999997
2018-02-21 05:00:00+00:00,7.0999999999999996,7.2750000000000004,7,7.0499999999999998,322356,1332,7.1191019999999998
2018-02-22 05:00:00+00:00,7.0499999999999998,7.2000000000000002,6.8499999999999996,6.8499999999999996,486044,1934,7.0220520000000004
2018-02-23 05:00:00+00:00,6.9500000000000002,7.0499999999999998,6.8499999999999996,7,148368,752,6.9454950000000002
2018-02-26 05:00:00+00:00,6.9000000000000004,7.2000000000000002,6.7000000000000002,7.0499999999999998,217527,1002,7.0498060000000002
2018-02-27 05:00:00+00:00,7,7.1500000000000004,6.75,6.75,420668,1895,6.9307489999999996
2018-02-28 05:00:00+00:00,6.8499999999999996,6.8499999999999996,6.5999999999999996,6.5999999999999996,853796,2189,6.7200810000000004
2018-03-01 05:00:00+00:00,6.5099999999999998,6.7718999999999996,6.5099999999999998,6.6500000000000004,500036,2107,6.6978479999999996
2018-03-02 05:00:00+00:00,6.7000000000000002,6.8499999999999996,6.6181999999999999,6.75,434392,2442,6.7218239999999998
2018-03-05 05:00:00+00:00,6.75,6.8499999999999996,6.6500000000000004,6.7000000000000002,510970,2358,6.7531410000000003
2018-03-06 05:00:00+00:00,6.75,7.1500000000000004,6.7249999999999996,7.0999999999999996,493581,2284,7.0067360000000001
2018-03-07 05:00:00+00:00,7.0499999999999998,7.5499999999999998,7,7.5,520478,1913,7.4104669999999997
2018-03-08 05:00:00+00:00,7.9000000000000004,8.0500000000000007,7.5049999999999999,7.8250000000000002,1066448,3095,7.826702
2018-03-09 05:00:00+00:00,7.9500000000000002,7.9500000000000002,7.5803000000000003,7.7000000000000002,382071,1374,7.6948230000000004
2018-03-12 04:00:00+00:00,7.6500000000000004,7.8499999999999996,7.6500000000000004,7.7999999999999998,307627,1230,7.7743640000000003
2018-03-13 04:00:00+00:00,7.8499999999999996,7.9500000000000002,7.7569999999999997,7.8250000000000002,251840,1161,7.8441090000000004
2018-03-14 04:00:00+00:00,7.7999999999999998,7.8499999999999996,7.5999999999999996,7.7999999999999998,227884,848,7.7431460000000003
2018-03-15 04:00:00+00:00,7.75,7.9000000000000004,7.5499999999999998,7.7000000000000002,240850,1152,7.7119210000000002
2018-03-16 04:00:00+00:00,7.7000000000000002,7.75,7.5999999999999996,7.7000000000000002,202336,799,7.6783380000000001
2018-03-19 04:00:00+00:00,7.4500000000000002,7.4500000000000002,6.7999999999999998,6.8499999999999996,961423,3446,7.0176210000000001
2018-03-20 04:00:00+00:00,6.9000000000000004,7.2000000000000002,6.9000000000000004,6.9500000000000002,227739,1052,6.9805489999999999
2018-03-21 04:00:00+00:00,6.9000000000000004,7.25,6.9000000000000004,7.2000000000000002,372964,1054,7.173235
2018-03-22 04:00:00+00:00,7.1500000000000004,7.25,6.9550000000000001,7,228838,785,7.055485
2018-03-23 04:00:00+00:00,7.0499999999999998,7.2000000000000002,6.8250000000000002,6.9000000000000004,266670,1148,6.9861529999999998
2018-03-26 04:00:00+00:00,6.9500000000000002,7,6.8159999999999998,6.9000000000000004,171972,890,6.9164890000000003
2018-03-27 04:00:00+00:00,6.9500000000000002,7.2000000000000002,6.8499999999999996,7.0499999999999998,251171,910,7.0521380000000002
2018-03-28 04:00:00+00:00,7.0499999999999998,7.1500000000000004,6.9000000000000004,7,191579,727,6.9834050000000003
2018-03-29 04:00:00+00:00,6.9500000000000002,7.5,6.9000000000000004,7.0499999999999998,250397,1307,7.1102869999999996
2018-04-02 04:00:00+00:00,7.0499999999999998,7.1500000000000004,6.6500000000000004,6.9000000000000004,368939,1416,6.8286509999999998
2018-04-03 04:00:00+00:00,6.8499999999999996,7.0499999999999998,6.8499999999999996,6.9500000000000002,125464,342,6.9194399999999998
2018-04-04 04:00:00+00:00,6.8499999999999996,6.9500000000000002,6.7125000000000004,6.9000000000000004,129458,367,6.8491920000000004
2018-04-05 04:00:00+00:00,6.9500000000000002,7.2000000000000002,6.9500000000000002,7.0999999999999996,127581,407,7.0711680000000001
2018-04-06 04:00:00+00:00,7.0999999999999996,7.2249999999999996,6.9050000000000002,7.0499999999999998,124157,503,7.0699750000000003
2018-04-09 04:00:00+00:00,7,7.0499999999999998,6.9000000000000004,6.9000000000000004,138604,620,6.9680099999999996
2018-04-10 04:00:00+00:00,6.9500000000000002,7.2000000000000002,6.9188000000000001,7.0999999999999996,179035,438,7.0849489999999999
2018-04-11 04:00:00+00:00,7.0499999999999998,7.2000000000000002,7,7.125,100858,451,7.1234549999999999
2018-04-12 04:00:00+00:00,7.2000000000000002,7.4000000000000004,7.0999999999999996,7.3499999999999996,223202,697,7.2413910000000001
2018-04-13 04:00:00+00:00,7.4000000000000004,7.4000000000000004,7.1550000000000002,7.2000000000000002,94358,249,7.2439229999999997
2018-04-16 04:00:00+00:00,7.1500000000000004,7.4000000000000004,7.1422999999999996,7.2000000000000002,179238,603,7.2697419999999999
2018-04-17 04:00:00+00:00,7.25,7.3499999999999996,7.1500000000000004,7.3499999999999996,150340,460,7.2945919999999997
2018-04-18 04:00:00+00:00,7.3499999999999996,7.4550000000000001,7.2694999999999999,7.4000000000000004,150111,584,7.3905139999999996
2018-04-19 04:00:00+00:00,7.4500000000000002,7.4500000000000002,7.2999999999999998,7.2999999999999998,61832,256,7.3529470000000003
2018-04-20 04:00:00+00:00,7.2999999999999998,7.3499999999999996,7.1500000000000004,7.2000000000000002,87421,286,7.2284509999999997
2018-04-23 04:00:00+00:00,7.0499999999999998,7.4500000000000002,7.0499999999999998,7.2000000000000002,148068,732,7.2504949999999999
2018-04-24 04:00:00+00:00,7.25,7.3499999999999996,7,7.0999999999999996,144201,494,7.1361249999999998
2018-04-25 04:00:00+00:00,7.0999999999999996,7.0999999999999996,7,7.0250000000000004,102725,283,7.0373159999999997
2018-04-26 04:00:00+00:00,7.0499999999999998,7.25,6.984,7.0499999999999998,228070,780,7.0647419999999999
2018-04-27 04:00:00+00:00,7,7.1500000000000004,6.9000000000000004,7.0999999999999996,167573,595,6.9997780000000001
2018-04-30 04:00:00+00:00,7.0499999999999998,7.2000000000000002,6.9500000000000002,7.0999999999999996,208385,528,7.0765549999999999
2018-05-01 04:00:00+00:00,7.0999999999999996,7.5,6.9500000000000002,7.4500000000000002,309407,1131,7.1884540000000001
2018-05-02 04:00:00+00:00,7.4500000000000002,7.5,7.4500000000000002,7.5,8108,2,7.4869079999999997
2018-05-03 04:00:00+00:00,7.2999999999999998,7.4000000000000004,7.2999999999999998,7.4000000000000004,21095,2,7.3433659999999996
2018-05-04 04:00:00+00:00,7.3499999999999996,7.7000000000000002,7.2999999999999998,7.5499999999999998,159361,392,7.5440750000000003
2018-05-07 04:00:00+00:00,7.5,7.5999999999999996,7.4500000000000002,7.5999999999999996,163538,622,7.5437969999999996
2018-05-08 04:00:00+00:00,7.5999999999999996,7.5999999999999996,7.3499999999999996,7.5999999999999996,126388,552,7.5102019999999996
2018-05-09 04:00:00+00:00,7.5999999999999996,7.5999999999999996,7.1500000000000004,7.2000000000000002,359313,1356,7.3050240000000004
2018-05-10 04:00:00+00:00,7.1500000000000004,7.3499999999999996,7.1500000000000004,7.25,224694,591,7.2408739999999998
2018-05-11 04:00:00+00:00,7.2000000000000002,7.2999999999999998,7,7.2000000000000002,294822,1094,7.1116080000000004
2018-05-14 04:00:00+00:00,7.1500000000000004,7.7000000000000002,7.0599999999999996,7.6500000000000004,306838,689,7.5570209999999998
2018-05-15 04:00:00+00:00,7.6500000000000004,8.1500000000000004,7.6050000000000004,7.9500000000000002,783430,2201,7.948099
2018-05-16 04:00:00+00:00,8.4499999999999993,8.5,8.0500000000000007,8.0999999999999996,961973,2999,8.2493200000000009
2018-05-17 04:00:00+00:00,8.0500000000000007,8.0999999999999996,7.6500000000000004,7.6500000000000004,578066,1487,7.8282600000000002
2018-05-18 04:00:00+00:00,7.7000000000000002,7.7999999999999998,7.2999999999999998,7.2999999999999998,555013,1334,7.4985109999999997
2018-05-21 04:00:00+00:00,7.4000000000000004,7.6500000000000004,7.25,7.4500000000000002,484797,2244,7.4629310000000002
2018-05-22 04:00:00+00:00,7.4500000000000002,7.6500000000000004,7.25,7.2999999999999998,662723,2312,7.3804360000000004
2018-05-23 04:00:00+00:00,7.2999999999999998,7.3499999999999996,7.2000000000000002,7.2249999999999996,288639,540,7.2501610000000003
2018-05-24 04:00:00+00:00,7.2000000000000002,7.2149999999999999,7.0750000000000002,7.125,210030,728,7.1462130000000004
2018-05-25 04:00:00+00:00,7.0499999999999998,7.2000000000000002,6.8499999999999996,6.9000000000000004,443134,1914,7.0130480000000004
2018-05-29 04:00:00+00:00,6.8499999999999996,7.2999999999999998,6.8499999999999996,7.25,286375,907,7.099596
2018-05-30 04:00:00+00:00,7.25,7.7000000000000002,7.1550000000000002,7.5999999999999996,377640,1142,7.5291480000000002
2018-05-31 04:00:00+00:00,7.5999999999999996,7.9000000000000004,7.5949999999999998,7.9000000000000004,524642,1368,7.8101310000000002
2018-06-01 04:00:00+00:00,7.9000000000000004,8.5999999999999996,7.9000000000000004,8.5500000000000007,944706,2347,8.3549520000000008
2018-06-04 04:00:00+00:00,8.5,8.75,8.0999999999999996,8.4499999999999993,437186,1204,8.4505189999999999
2018-06-05 04:00:00+00:00,8.4000000000000004,8.5500000000000007,8.1999999999999993,8.25,209041,333,8.2964889999999993
2018-06-06 04:00:00+00:00,8.25,8.3499999999999996,8.0680999999999994,8.25,268813,525,8.1823560000000004
2018-06-07 04:00:00+00:00,8.3000000000000007,8.4000000000000004,8.0999999999999996,8.25,126604,523,8.2058479999999996
2018-06-08 04:00:00+00:00,8.1999999999999993,8.3399999999999999,8.1549999999999994,8.25,74391,239,8.2457069999999995
2018-06-11 04:00:00+00:00,8.1999999999999993,8.1999999999999993,8.0500000000000007,8.0999999999999996,215690,736,8.1006470000000004
2018-06-12 04:00:00+00:00,8.0999999999999996,8.0999999999999996,7.9500000000000002,8,167898,524,8.0123250000000006
2018-06-13 04:00:00+00:00,7.9500000000000002,7.9500000000000002,7.8499999999999996,7.9500000000000002,130783,388,7.9148670000000001
2018-06-14 04:00:00+00:00,8,8.0999999999999996,7.8049999999999997,8.0999999999999996,168778,589,8.0043629999999997
2018-06-15 04:00:00+00:00,8.0500000000000007,8.0999999999999996,7.9550000000000001,8.0500000000000007,234201,894,8.0426249999999992
2018-06-18 04:00:00+00:00,7.9500000000000002,8.25,7.9000000000000004,8.1500000000000004,171614,389,8.0964899999999993
2018-06-19 04:00:00+00:00,8.0999999999999996,8.1500000000000004,8.0500000000000007,8.1500000000000004,140036,530,8.1027579999999997
2018-06-20 04:00:00+00:00,8.1500000000000004,8.1500000000000004,8,8.0999999999999996,126161,380,8.0658399999999997
2018-06-21 04:00:00+00:00,8,8.0502000000000002,7.6500000000000004,7.6500000000000004,314329,997,7.7777209999999997
2018-06-22 04:00:00+00:00,7.8499999999999996,7.9500000000000002,7.6500000000000004,7.75,126552,442,7.7822319999999996
2018-06-25 04:00:00+00:00,7.75,7.75,7.4000000000000004,7.4500000000000002,180835,625,7.5251320000000002
2018-06-26 04:00:00+00:00,7.4500000000000002,7.5999999999999996,7.4000000000000004,7.4500000000000002,97131,375,7.4734550000000004
2018-06-27 04:00:00+00:00,7.4500000000000002,7.5879000000000003,7.4500000000000002,7.5,66978,578,7.5303560000000003
2018-06-28 04:00:00+00:00,7.5,7.5502000000000002,7.4000000000000004,7.4500000000000002,88240,326,7.4718099999999996
2018-06-29 04:00:00+00:00,7.4500000000000002,7.5999999999999996,7.4500000000000002,7.4500000000000002,42744,231,7.50359
2018-07-02 04:00:00+00:00,7.4500000000000002,7.5334000000000003,7.2999999999999998,7.4000000000000004,61810,336,7.3979980000000003
2018-07-03 04:00:00+00:00,7.4000000000000004,7.5999999999999996,7.4000000000000004,7.5,60299,259,7.4881989999999998
2018-07-05 04:00:00+00:00,7.4000000000000004,7.4974999999999996,7.2999999999999998,7.3499999999999996,133306,463,7.3488639999999998
2018-07-06 04:00:00+00:00,7.3499999999999996,7.4500000000000002,7.2999999999999998,7.4000000000000004,273028,1052,7.3434330000000001
2018-07-09 04:00:00+00:00,7.4000000000000004,7.5,7.25,7.5,218353,792,7.3650799999999998
2018-07-10 04:00:00+00:00,7.5,7.75,7.5,7.75,366893,1018,7.6623039999999998
2018-07-11 04:00:00+00:00,7.7000000000000002,7.8499999999999996,7.5999999999999996,7.7750000000000004,346848,1262,7.7028689999999997
2018-07-12 04:00:00+00:00,7.7000000000000002,7.7999999999999998,7.6500000000000004,7.75,232914,773,7.7160900000000003
2018-07-13 04:00:00+00:00,7.7000000000000002,7.7999999999999998,7.6500000000000004,7.75,96755,333,7.739503
2018-07-16 04:00:00+00:00,7.75,7.9500000000000002,7.7000000000000002,7.8499999999999996,224977,585,7.8688729999999998
2018-07-17 04:00:00+00:00,7.7999999999999998,7.8499999999999996,7.5,7.6500000000000004,260649,781,7.6613020000000001
2018-07-18 04:00:00+00:00,7.5999999999999996,7.8449999999999998,7.5499999999999998,7.7999999999999998,121192,507,7.7422930000000001
2018-07-19 04:00:00+00:00,7.7999999999999998,7.9000000000000004,7.6500000000000004,7.8499999999999996,154754,772,7.7637980000000004
2018-07-20 04:00:00+00:00,7.7999999999999998,7.8449999999999998,7.625,7.75,221069,860,7.7577319999999999
2018-07-23 04:00:00+00:00,7.6500000000000004,7.75,7.5499999999999998,7.5999999999999996,178480,660,7.6187889999999996
2018-07-24 04:00:00+00:00,7.6500000000000004,7.6500000000000004,7.4550000000000001,7.5999999999999996,180525,612,7.5679740000000004
2018-07-25 04:00:00+00:00,7.5999999999999996,7.7000000000000002,7.5,7.6500000000000004,144261,569,7.6017200000000003
2018-07-26 04:00:00+00:00,7.5499999999999998,7.75,7.5499999999999998,7.7000000000000002,237469,769,7.6899940000000004
2018-07-27 04:00:00+00:00,7.7000000000000002,7.7999999999999998,7.6500000000000004,7.6500000000000004,163488,594,7.7009100000000004
2018-07-30 04:00:00+00:00,7.6500000000000004,7.7999999999999998,7.5499999999999998,7.7999999999999998,145092,440,7.668482
2018-07-31 04:00:00+00:00,7.7999999999999998,7.8499999999999996,7.6500000000000004,7.7000000000000002,159178,527,7.7605019999999998
2018-08-01 04:00:00+00:00,7.5999999999999996,7.75,7.5999999999999996,7.7000000000000002,98574,279,7.6584630000000002
2018-08-02 04:00:00+00:00,7.6500000000000004,7.8499999999999996,7.4500000000000002,7.75,676036,1855,7.6112679999999999
2018-08-03 04:00:00+00:00,7.7999999999999998,7.7999999999999998,7.5,7.5499999999999998,247039,792,7.6381019999999999
2018-08-06 04:00:00+00:00,7.5499999999999998,7.6765999999999996,7.5499999999999998,7.5999999999999996,106733,321,7.6116580000000003
2018-08-07 04:00:00+00:00,7.7000000000000002,7.75,7.5999999999999996,7.5999999999999996,278036,991,7.6414220000000004
2018-08-08 04:00:00+00:00,7.5999999999999996,7.7000000000000002,7.5499999999999998,7.6500000000000004,167988,515,7.6229149999999999
2018-08-09 04:00:00+00:00,7.4000000000000004,7.4000000000000004,6.2999999999999998,6.9000000000000004,1074835,3484,7.0163089999999997
2018-08-10 04:00:00+00:00,7.3499999999999996,7.3499999999999996,6.8499999999999996,6.875,417322,1165,7.0087820000000001
2018-08-13 04:00:00+00:00,6.9500000000000002,6.9950000000000001,6.4500000000000002,6.4749999999999996,464934,1062,6.5615949999999996
2018-08-14 04:00:00+00:00,6.2999999999999998,6.7999999999999998,6.25,6.6749999999999998,515428,1992,6.4580349999999997
2018-08-15 04:00:00+00:00,6.7999999999999998,6.7999999999999998,6.4500000000000002,6.7000000000000002,142719,609,6.6623020000000004
2018-08-16 04:00:00+00:00,6.7999999999999998,6.7999999999999998,6.6500000000000004,6.7999999999999998,247539,918,6.7273370000000003
2018-08-17 04:00:00+00:00,6.75,6.7999999999999998,6.7000000000000002,6.7750000000000004,217173,759,6.7613690000000002
2018-08-20 04:00:00+00:00,6.9000000000000004,7,6.6500000000000004,6.7000000000000002,355628,1295,6.7580210000000003
2018-08-21 04:00:00+00:00,6.7000000000000002,6.8949999999999996,6.6500000000000004,6.75,157233,560,6.7752470000000002
2018-08-22 04:00:00+00:00,6.7999999999999998,6.9500000000000002,6.75,6.9000000000000004,149577,488,6.8829269999999996
2018-08-23 04:00:00+00:00,6.9000000000000004,7.0499999999999998,6.7000000000000002,7,299117,834,6.9114649999999997
2018-08-24 04:00:00+00:00,7,7.0999999999999996,7,7.0499999999999998,214436,664,7.0442419999999997
2018-08-27 04:00:00+00:00,7,7.0499999999999998,6.9100000000000001,7.0250000000000004,242409,776,6.9979339999999999
2018-08-28 04:00:00+00:00,6.9500000000000002,7.0499999999999998,6.8099999999999996,7,191376,727,6.9425939999999997
2018-08-29 04:00:00+00:00,7,7.0750000000000002,6.8499999999999996,7,127236,490,7.0119199999999999
2018-08-30 04:00:00+00:00,7,7.0499999999999998,6.7999999999999998,6.8499999999999996,144391,439,6.8827629999999997
2018-08-31 04:00:00+00:00,6.9000000000000004,6.9500000000000002,6.7999999999999998,6.9000000000000004,133516,431,6.8712210000000002
2018-09-04 04:00:00+00:00,6.9500000000000002,6.9500000000000002,6.6500000000000004,6.6500000000000004,369747,909,6.7445849999999998
2018-09-05 04:00:00+00:00,6.6500000000000004,6.7000000000000002,6.25,6.4249999999999998,533363,1619,6.3801449999999997
2018-09-06 04:00:00+00:00,6.5,6.6500000000000004,6.25,6.3499999999999996,181558,697,6.4154249999999999
2018-09-07 04:00:00+00:00,6.2999999999999998,7.0499999999999998,6.2000000000000002,6.9000000000000004,684202,2025,6.5857340000000004
2018-09-10 04:00:00+00:00,6.9000000000000004,7.0999999999999996,6.75,7.0499999999999998,222559,631,6.9846110000000001
2018-09-11 04:00:00+00:00,7.0499999999999998,7.0499999999999998,6.6550000000000002,6.75,305134,808,6.8324470000000002
2018-09-12 04:00:00+00:00,6.8499999999999996,6.9000000000000004,6.6749999999999998,6.8250000000000002,400266,974,6.7884149999999996
2018-09-13 04:00:00+00:00,6.75,6.8499999999999996,6.2999999999999998,6.3499999999999996,678091,1823,6.4635509999999998
2018-09-14 04:00:00+00:00,6.2999999999999998,6.5499999999999998,6.2999999999999998,6.4500000000000002,149862,697,6.4409210000000003
2018-09-17 04:00:00+00:00,6.4000000000000004,6.5,6.25,6.4000000000000004,217149,641,6.3664949999999996
2018-09-18 04:00:00+00:00,6.5,6.75,6.3499999999999996,6.4000000000000004,233930,702,6.5964070000000001
2018-09-19 04:00:00+00:00,6.4000000000000004,6.5,6.25,6.25,257196,973,6.3540580000000002
2018-09-20 04:00:00+00:00,6.2999999999999998,6.6749999999999998,6.25,6.5999999999999996,273017,595,6.5317720000000001
2018-09-21 04:00:00+00:00,6.5999999999999996,6.6414999999999997,6.4749999999999996,6.5499999999999998,144314,458,6.5470410000000001
2018-09-24 04:00:00+00:00,6.5499999999999998,6.5949999999999998,6.2999999999999998,6.2999999999999998,141818,420,6.3746390000000002
2018-09-25 04:00:00+00:00,6.2999999999999998,6.4500000000000002,6.25,6.4000000000000004,186775,850,6.3574780000000004
2018-09-26 04:00:00+00:00,6.4000000000000004,6.7000000000000002,6.3499999999999996,6.6500000000000004,177085,728,6.5919489999999996
2018-09-27 04:00:00+00:00,6.5999999999999996,6.5999999999999996,6.4000000000000004,6.4500000000000002,119148,319,6.4759089999999997
2018-09-28 04:00:00+00:00,6.4000000000000004,6.5,6.2999999999999998,6.4000000000000004,146386,573,6.394603
2018-10-01 04:00:00+00:00,6.4000000000000004,6.5800999999999998,6.2100999999999997,6.3099999999999996,188871,747,6.3612010000000003
2018-10-02 04:00:00+00:00,6.2999999999999998,6.4699999999999998,6.2999999999999998,6.3600000000000003,103212,331,6.3761510000000001
2018-10-03 04:00:00+00:00,6.3499999999999996,6.6500000000000004,6.3499999999999996,6.4000000000000004,161532,550,6.5163339999999996
2018-10-04 04:00:00+00:00,6.4100000000000001,6.5499999999999998,6.3200000000000003,6.3499999999999996,166913,669,6.4031370000000001
2018-10-05 04:00:00+00:00,6.3300000000000001,6.4100000000000001,6.25,6.2800000000000002,190124,573,6.3103759999999998
2018-10-08 04:00:00+00:00,6.25,6.3150000000000004,6.0999999999999996,6.2699999999999996,284753,701,6.1955220000000004
2018-10-09 04:00:00+00:00,6.2800000000000002,6.4000000000000004,6.1600000000000001,6.2300000000000004,163023,584,6.2382020000000002
2018-10-10 04:00:00+00:00,6.2000000000000002,6.25,5.9500000000000002,5.9900000000000002,324067,968,6.0659489999999998
2018-10-11 04:00:00+00:00,5.9500000000000002,6.1500000000000004,5.7610000000000001,5.9000000000000004,369660,1179,5.9111580000000004
2018-10-12 04:00:00+00:00,5.8700000000000001,6.0316000000000001,5.8099999999999996,5.8799999999999999,184055,579,5.8955909999999996
2018-10-15 04:00:00+00:00,5.8700000000000001,5.9105999999999996,5.7709999999999999,5.8200000000000003,208023,686,5.8370280000000001
2018-10-16 04:00:00+00:00,5.79,5.9099000000000004,5.7599999999999998,5.8499999999999996,171215,318,5.8320740000000004
2018-10-17 04:00:00+00:00,5.8200000000000003,5.96,5.79,5.8300000000000001,107822,428,5.8503059999999998
2018-10-18 04:00:00+00:00,5.7699999999999996,5.9225000000000003,5.4400000000000004,5.54,286316,940,5.6233329999999997
2018-10-19 04:00:00+00:00,5.5300000000000002,5.7698999999999998,5.46,5.5099999999999998,230774,832,5.5195080000000001
2018-10-22 04:00:00+00:00,5.5499999999999998,5.6398999999999999,5.4000000000000004,5.5099999999999998,211090,816,5.5026450000000002
2018-10-23 04:00:00+00:00,5.4000000000000004,5.5999999999999996,5.3200000000000003,5.54,301069,806,5.4471879999999997
2018-10-24 04:00:00+00:00,5.5899999999999999,5.5899999999999999,5.3300000000000001,5.3499999999999996,193355,579,5.4148209999999999
2018-10-25 04:00:00+00:00,5.3499999999999996,5.4297000000000004,5.2199999999999998,5.2999999999999998,287064,886,5.304799
2018-10-26 04:00:00+00:00,5.2400000000000002,5.2773000000000003,4.6524000000000001,4.79,1053073,3394,4.918126
2018-10-29 04:00:00+00:00,4.7999999999999998,4.8499999999999996,4.4000000000000004,4.4400000000000004,437122,1426,4.5643019999999996
2018-10-30 04:00:00+00:00,4.3899999999999997,4.7304000000000004,4.3399999999999999,4.5499999999999998,446768,1649,4.5262460000000004
2018-10-31 04:00:00+00:00,4.5499999999999998,4.7300000000000004,4.5449999999999999,4.6399999999999997,644242,2317,4.6438379999999997
2018-11-01 04:00:00+00:00,4.6600000000000001,4.8799999999999999,4.5,4.8700000000000001,547012,2051,4.676412
2018-11-02 04:00:00+00:00,4.8200000000000003,4.8918999999999997,4.7000000000000002,4.7300000000000004,245881,624,4.7854530000000004
2018-11-05 05:00:00+00:00,4.7800000000000002,4.7800000000000002,4.5499999999999998,4.71,174182,635,4.64236
2018-11-06 05:00:00+00:00,4.7000000000000002,4.8899999999999997,4.7000000000000002,4.8799999999999999,304409,1110,4.8032329999999996
2018-11-07 05:00:00+00:00,4.9000000000000004,4.96,4.75,4.7999999999999998,142888,665,4.8622249999999996
2018-11-08 05:00:00+00:00,4.75,4.9000000000000004,4.5999999999999996,4.6600000000000001,319564,1101,4.710763
2018-11-09 05:00:00+00:00,4.5,4.6120000000000001,3.79,3.855,947539,2085,4.1000889999999997
2018-11-12 05:00:00+00:00,3.9100000000000001,3.9499,3.6099999999999999,3.6499999999999999,736856,1686,3.7040540000000002
2018-11-13 05:00:00+00:00,3.6499999999999999,3.7400000000000002,3.4900000000000002,3.6200000000000001,619664,1775,3.5817000000000001
2018-11-14 05:00:00+00:00,3.6400000000000001,3.77,3.5600000000000001,3.5899999999999999,319426,1253,3.6478280000000001
2018-11-15 05:00:00+00:00,3.6000000000000001,3.7000000000000002,3.4900000000000002,3.5,502549,2023,3.525385
2018-11-16 05:00:00+00:00,3.4900000000000002,3.5699999999999998,3.1800000000000002,3.4399999999999999,831640,2467,3.3337490000000001
2018-11-19 05:00:00+00:00,3.3900000000000001,3.7290000000000001,3.3700999999999999,3.5600000000000001,407267,1457,3.593432
2018-11-20 05:00:00+00:00,3.5499999999999998,3.6099999999999999,3.4194,3.54,327314,1120,3.5197980000000002
2018-11-21 05:00:00+00:00,3.5899999999999999,3.6000000000000001,3.2599999999999998,3.5,593247,1639,3.3897900000000001
2018-11-23 05:00:00+00:00,3.46,3.5699999999999998,3.3700000000000001,3.4100000000000001,220889,664,3.4589949999999998
2018-11-26 05:00:00+00:00,3.4500000000000002,3.4700000000000002,3.3100000000000001,3.3199999999999998,222130,677,3.3928919999999998
2018-11-27 05:00:00+00:00,3.2599999999999998,3.3999999999999999,3.165,3.21,386896,1061,3.225832
2018-11-28 05:00:00+00:00,3.2000000000000002,3.2902999999999998,3.1299999999999999,3.1699999999999999,465005,1747,3.1843059999999999
2018-11-29 05:00:00+00:00,3.1499999999999999,3.1600000000000001,3.04,3.0499999999999998,385061,1342,3.1000839999999998
2018-11-30 05:00:00+00:00,3.0499999999999998,3.1000000000000001,2.9399999999999999,3.0299999999999998,384608,970,3.0239150000000001
2018-12-03 05:00:00+00:00,3.0499999999999998,3.1999,3.04,3.1600000000000001,395032,1322,3.0992999999999999
2018-12-04 05:00:00+00:00,3.2000000000000002,3.3500000000000001,3.0499999999999998,3.0800000000000001,351367,1425,3.197092
2018-12-06 05:00:00+00:00,3.0499999999999998,3.0807000000000002,2.8700000000000001,2.9900000000000002,540613,2039,2.961576
2018-12-07 05:00:00+00:00,3.0499999999999998,3.2999999999999998,3.0499999999999998,3.1699999999999999,375232,1944,3.1788460000000001
2018-12-10 05:00:00+00:00,3.1099999999999999,3.1499999999999999,2.96,3.0499999999999998,226257,1009,3.0761370000000001
2018-12-11 05:00:00+00:00,3.0899999999999999,3.1499999999999999,3.0251000000000001,3.1099999999999999,285455,826,3.1069909999999998
2018-12-12 05:00:00+00:00,3.1099999999999999,3.3700000000000001,3.04,3.0499999999999998,252205,1168,3.1592959999999999
2018-12-13 05:00:00+00:00,3.04,3.0863999999999998,2.8500000000000001,2.8599999999999999,389966,1156,2.9259189999999999
2018-12-14 05:00:00+00:00,2.8599999999999999,2.9066000000000001,2.5,2.6600000000000001,791353,2024,2.6260129999999999
2018-12-17 05:00:00+00:00,2.6600000000000001,2.6699999999999999,2.3401000000000001,2.3999999999999999,671307,1871,2.441802
2018-12-18 05:00:00+00:00,2.3999999999999999,2.4899,2.25,2.2599999999999998,435091,1274,2.3451759999999999
2018-12-19 05:00:00+00:00,2.27,2.5499999999999998,2.2599999999999998,2.3999999999999999,529714,1618,2.4144030000000001
2018-12-20 05:00:00+00:00,2.3700000000000001,2.4651999999999998,2.2000000000000002,2.23,461841,1246,2.2875540000000001
2018-12-21 05:00:00+00:00,2.2200000000000002,2.2999999999999998,2.0600000000000001,2.0699999999999998,684881,2140,2.162137
2018-12-24 05:00:00+00:00,2.0099999999999998,2.0899999999999999,1.99,2.02,346703,839,2.0295000000000001
2018-12-26 05:00:00+00:00,2.02,2.1398999999999999,2.02,2.1000000000000001,541785,1695,2.069896
2018-12-27 05:00:00+00:00,2.1299999999999999,2.2669000000000001,2.0800000000000001,2.1549999999999998,568652,1108,2.15293
2018-12-28 05:00:00+00:00,2.1899999999999999,2.3799000000000001,2.1000000000000001,2.1499999999999999,599368,1407,2.2280039999999999
2018-12-31 05:00:00+00:00,2.1899999999999999,2.2524000000000002,2.02,2.21,489850,1074,2.1250300000000002
2019-01-02 05:00:00+00:00,2.1899999999999999,2.5499999999999998,2.1200000000000001,2.4100000000000001,265656,874,2.38842
2019-01-03 05:00:00+00:00,2.4199999999999999,2.5678999999999998,2.3500000000000001,2.4100000000000001,230918,893,2.4291489999999998
2019-01-04 05:00:00+00:00,2.4500000000000002,2.7000000000000002,2.4100000000000001,2.6800000000000002,336120,1343,2.6276229999999998
2019-01-07 05:00:00+00:00,2.71,3.2799999999999998,2.6499999999999999,3.2200000000000002,729735,2354,3.058033
2019-01-08 05:00:00+00:00,3.2400000000000002,3.3997000000000002,3.0981000000000001,3.3399999999999999,417193,1633,3.2715519999999998
2019-01-09 05:00:00+00:00,3.3700000000000001,3.75,3.3700000000000001,3.75,457914,1628,3.5855220000000001
2019-01-10 05:00:00+00:00,3.71,3.73,3.3999999999999999,3.46,416128,1298,3.5494409999999998
2019-01-11 05:00:00+00:00,3.4500000000000002,3.4500000000000002,3.1699999999999999,3.2999999999999998,303366,962,3.28695
2019-01-14 05:00:00+00:00,3.21,3.46,3.2000000000000002,3.3300000000000001,188479,547,3.3324069999999999
2019-01-15 05:00:00+00:00,3.3799999999999999,3.6499999999999999,3.3382000000000001,3.52,187590,978,3.5295869999999998
2019-01-16 05:00:00+00:00,3.52,3.52,3.25,3.3100000000000001,260660,652,3.3218329999999998
2019-01-17 05:00:00+00:00,3.2799999999999998,3.3799999999999999,3.1560000000000001,3.25,126949,373,3.2662
2019-01-18 05:00:00+00:00,3.27,3.3984999999999999,3.1299999999999999,3.1800000000000002,233233,1062,3.203668
2019-01-22 05:00:00+00:00,3.1699999999999999,3.1699999999999999,3,3.0299999999999998,172778,599,3.0331250000000001
2019-01-23 05:00:00+00:00,3.0299999999999998,3.0649999999999999,2.9199999999999999,2.9700000000000002,321733,593,2.971778
2019-01-24 05:00:00+00:00,2.8999999999999999,2.9199000000000002,2.7747999999999999,2.79,257554,624,2.8207870000000002
2019-01-25 05:00:00+00:00,2.8100000000000001,3.2000000000000002,2.79,3.1699999999999999,270258,739,3.009738
2019-01-28 05:00:00+00:00,3.1499999999999999,3.2000000000000002,3.04,3.1000000000000001,97343,351,3.1050110000000002
2019-01-29 05:00:00+00:00,3.1200000000000001,3.2200000000000002,3.1000000000000001,3.2000000000000002,84860,272,3.1878220000000002
2019-01-30 05:00:00+00:00,3.23,3.3900000000000001,3.21,3.2799999999999998,95315,262,3.3127930000000001
2019-01-31 05:00:00+00:00,3.27,3.3999999999999999,3.1899999999999999,3.21,101786,320,3.272716
2019-02-01 05:00:00+00:00,3.1899999999999999,3.2599,3.0800000000000001,3.1200000000000001,118137,281,3.1509819999999999
2019-02-04 05:00:00+00:00,3.0699999999999998,3.1800000000000002,3.02,3.1600000000000001,123766,350,3.103602
2019-02-05 05:00:00+00:00,3.1400000000000001,3.6061999999999999,3.1400000000000001,3.4399999999999999,386344,1035,3.4374389999999999
2019-02-06 05:00:00+00:00,3.4300000000000002,3.4700000000000002,3.21,3.23,235904,612,3.3244750000000001
2019-02-07 05:00:00+00:00,3.2000000000000002,3.2949999999999999,3.2000000000000002,3.2799999999999998,99551,515,3.2553519999999998
2019-02-08 05:00:00+00:00,3.2799999999999998,3.3700000000000001,3.1699999999999999,3.21,208030,622,3.2336290000000001
2019-02-11 05:00:00+00:00,3.2000000000000002,3.2599999999999998,3.1099999999999999,3.1400000000000001,199164,838,3.1734010000000001
2019-02-12 05:00:00+00:00,3.2000000000000002,3.2000000000000002,3.1000000000000001,3.1000000000000001,145134,532,3.1228859999999998
2019-02-13 05:00:00+00:00,3.1000000000000001,3.1699000000000002,3.0699999999999998,3.1000000000000001,235397,743,3.1027879999999999
2019-02-14 05:00:00+00:00,3.1099999999999999,3.1737000000000002,3.0800000000000001,3.1000000000000001,156356,732,3.1055950000000001
2019-02-15 05:00:00+00:00,3.1499999999999999,3.1899999999999999,3.0800000000000001,3.1499999999999999,147947,691,3.1336629999999999
2019-02-19 05:00:00+00:00,3.1299999999999999,3.1899999999999999,3.0800000000000001,3.1699999999999999,142167,566,3.1353819999999999
2019-02-20 05:00:00+00:00,3.1699999999999999,3.2799999999999998,3.0699999999999998,3.1400000000000001,236954,800,3.1668620000000001
2019-02-21 05:00:00+00:00,3.1099999999999999,3.1400000000000001,3.0699999999999998,3.1000000000000001,209005,363,3.094792
2019-02-22 05:00:00+00:00,3.1499999999999999,3.1499999999999999,3.0499999999999998,3.1000000000000001,75823,220,3.1077460000000001
2019-02-25 05:00:00+00:00,3.0800000000000001,3.21,3.0299999999999998,3.0600000000000001,160832,470,3.1010149999999999
2019-02-26 05:00:00+00:00,3.0499999999999998,3.1467000000000001,2.8700000000000001,2.8999999999999999,239631,734,2.9604170000000001
2019-02-27 05:00:00+00:00,2.8900000000000001,2.9900000000000002,2.8307000000000002,2.96,225182,1448,2.90585
2019-02-28 05:00:00+00:00,2.9500000000000002,2.9582000000000002,2.8340000000000001,2.8500000000000001,184089,649,2.8802289999999999
2019-03-01 05:00:00+00:00,2.8399999999999999,3.0699999999999998,2.8399999999999999,2.9700000000000002,121802,524,2.9747569999999999
2019-03-04 05:00:00+00:00,3.0499999999999998,3.1699999999999999,2.9700000000000002,3.1400000000000001,172486,724,3.0796239999999999
2019-03-05 05:00:00+00:00,3.1400000000000001,3.1899999999999999,2.9300999999999999,3.04,186782,776,3.052807
2019-03-06 05:00:00+00:00,3.0299999999999998,3.0800000000000001,2.8399999999999999,2.8399999999999999,183767,874,2.931352
2019-03-07 05:00:00+00:00,3.6000000000000001,3.8500000000000001,3.3399999999999999,3.71,2037589,6790,3.6633979999999999
2019-03-08 05:00:00+00:00,3.79,3.9500000000000002,3.5,3.8700000000000001,696276,1876,3.736796
2019-03-11 04:00:00+00:00,3.8900000000000001,4.2859999999999996,3.8201000000000001,4.1900000000000004,545292,2223,4.089658
2019-03-12 04:00:00+00:00,4.1799999999999997,4.3399999999999999,4.0499999999999998,4.1200000000000001,489616,1701,4.1574759999999999
2019-03-13 04:00:00+00:00,4.1200000000000001,4.2000000000000002,4,4,453883,1674,4.053312
2019-03-14 04:00:00+00:00,4,4.0800000000000001,3.9500000000000002,4.0099999999999998,215853,671,4.0168790000000003
2019-03-15 04:00:00+00:00,4,4.0999999999999996,3.9500000000000002,4.0499999999999998,170525,693,4.0222379999999998
2019-03-18 04:00:00+00:00,4.0599999999999996,4.0599999999999996,3.8799999999999999,3.9199999999999999,140151,419,3.9425880000000002
2019-03-19 04:00:00+00:00,3.8700000000000001,4.0576999999999996,3.8399999999999999,3.8999999999999999,187468,694,3.922415
2019-03-20 04:00:00+00:00,3.8999999999999999,3.9700000000000002,3.8199999999999998,3.9199999999999999,366629,795,3.914682
2019-03-21 04:00:00+00:00,3.9199999999999999,4.1100000000000003,3.8799999999999999,3.9199999999999999,392633,818,3.951673
2019-03-22 04:00:00+00:00,3.8900000000000001,3.9636,3.8199999999999998,3.8399999999999999,164822,566,3.8519580000000002
2019-03-25 04:00:00+00:00,3.7999999999999998,3.8199999999999998,3.6394000000000002,3.6800000000000002,345793,1054,3.7130869999999998
2019-03-26 04:00:00+00:00,3.6899999999999999,3.7755000000000001,3.6000000000000001,3.6499999999999999,332709,1106,3.6608589999999999
2019-03-27 04:00:00+00:00,3.6200000000000001,3.9499,3.5979000000000001,3.6899999999999999,220987,807,3.6703399999999999
2019-03-28 04:00:00+00:00,3.6499999999999999,3.7599999999999998,3.5299999999999998,3.6000000000000001,442557,1639,3.619462
2019-03-29 04:00:00+00:00,3.6000000000000001,3.6766999999999999,3.5,3.5600000000000001,348442,1182,3.5646089999999999
2019-04-01 04:00:00+00:00,3.5699999999999998,3.7999999999999998,3.5299999999999998,3.77,366906,1670,3.64839
2019-04-02 04:00:00+00:00,3.77,3.79,3.5800000000000001,3.6899999999999999,244794,682,3.6637469999999999
2019-04-03 04:00:00+00:00,3.6800000000000002,3.7599999999999998,3.5,3.6600000000000001,305479,1122,3.6431589999999998
2019-04-04 04:00:00+00:00,3.6800000000000002,3.75,3.5299999999999998,3.6000000000000001,274156,1215,3.6104289999999999
2019-04-05 04:00:00+00:00,3.6000000000000001,3.8300000000000001,3.5,3.6899999999999999,397857,1133,3.673737
2019-04-08 04:00:00+00:00,3.6899999999999999,3.7000000000000002,3.4900000000000002,3.5600000000000001,261145,753,3.5695079999999999
2019-04-09 04:00:00+00:00,3.5299999999999998,3.79,3.5009999999999999,3.77,357147,898,3.7052700000000001
2019-04-10 04:00:00+00:00,3.75,3.8399999999999999,3.6979000000000002,3.8199999999999998,281740,603,3.7960850000000002
2019-04-11 04:00:00+00:00,3.79,3.8685999999999998,3.75,3.8399999999999999,54306,171,3.8051659999999998
2019-04-12 04:00:00+00:00,3.8700000000000001,3.8799999999999999,3.7101000000000002,3.7999999999999998,79304,259,3.8130600000000001
2019-04-15 04:00:00+00:00,3.79,3.79,3.6299999999999999,3.71,129942,398,3.6971530000000001
2019-04-16 04:00:00+00:00,3.7400000000000002,3.7400000000000002,3.6000000000000001,3.6499999999999999,152204,442,3.6423930000000002
2019-04-17 04:00:00+00:00,3.6600000000000001,3.6600000000000001,3.5499999999999998,3.6000000000000001,126709,356,3.5919919999999999
2019-04-18 04:00:00+00:00,3.5800000000000001,3.6699999999999999,3.5499999999999998,3.6299999999999999,116425,457,3.5872850000000001
2019-04-22 04:00:00+00:00,3.6000000000000001,3.71,3.5499999999999998,3.71,220368,713,3.630611
2019-04-23 04:00:00+00:00,3.6699999999999999,3.8700000000000001,3.6699999999999999,3.7999999999999998,228239,982,3.7800530000000001
2019-04-24 04:00:00+00:00,3.77,3.77,3.6000000000000001,3.6800000000000002,152117,505,3.6749740000000002
2019-04-25 04:00:00+00:00,3.6499999999999999,3.75,3.6000000000000001,3.6699999999999999,122366,444,3.6556950000000001
2019-04-26 04:00:00+00:00,3.6299999999999999,3.7000000000000002,3.5099999999999998,3.5800000000000001,170819,438,3.580673
2019-04-29 04:00:00+00:00,3.5600000000000001,3.6082000000000001,3.48,3.52,212772,757,3.5232749999999999
2019-04-30 04:00:00+00:00,3.5099999999999998,3.5905,3.4100000000000001,3.46,204783,580,3.4602400000000002
2019-05-01 04:00:00+00:00,3.4100000000000001,3.4628000000000001,3.3199999999999998,3.3500000000000001,190554,715,3.38002
2019-05-02 04:00:00+00:00,3.3199999999999998,3.4500000000000002,3.2999999999999998,3.3500000000000001,209837,987,3.3613569999999999
2019-05-03 04:00:00+00:00,3.3999999999999999,3.6499999999999999,3.3999999999999999,3.5,213973,478,3.5092479999999999
2019-05-06 04:00:00+00:00,3.4500000000000002,3.6800000000000002,3.3700000000000001,3.6499999999999999,112265,411,3.553525
2019-05-07 04:00:00+00:00,3.6099999999999999,3.75,3.419,3.6099999999999999,184981,614,3.573817
2019-05-08 04:00:00+00:00,3.6000000000000001,3.6899999999999999,3.5299999999999998,3.6400000000000001,223883,842,3.609442
2019-05-09 04:00:00+00:00,3.6200000000000001,3.7400000000000002,3.5699999999999998,3.6099999999999999,146046,539,3.6327889999999998
2019-05-10 04:00:00+00:00,3.9500000000000002,4.0899999999999999,3.7601,3.96,463018,1502,3.9716040000000001
2019-05-13 04:00:00+00:00,3.8999999999999999,4.0099999999999998,3.7999999999999998,3.9500000000000002,156539,484,3.9351099999999999
2019-05-14 04:00:00+00:00,3.9500000000000002,4.0199999999999996,3.9300000000000002,4,213303,829,3.9942329999999999
2019-05-15 04:00:00+00:00,4.0199999999999996,4.3200000000000003,4.0199999999999996,4.2300000000000004,460315,1727,4.223719
2019-05-16 04:00:00+00:00,4.1799999999999997,4.3799999999999999,4,4.3099999999999996,431906,1594,4.2090100000000001
2019-05-17 04:00:00+00:00,4.3099999999999996,4.4199999999999999,4.2199999999999998,4.3899999999999997,251447,1068,4.3486440000000002
2019-05-20 04:00:00+00:00,4.4199999999999999,4.6500000000000004,4.4000000000000004,4.5300000000000002,300340,836,4.5202549999999997
2019-05-21 04:00:00+00:00,4.6500000000000004,4.7300000000000004,4.5300000000000002,4.7000000000000002,296219,880,4.6646029999999996
2019-05-22 04:00:00+00:00,4.75,4.7699999999999996,4.5999999999999996,4.7000000000000002,237236,755,4.6944689999999998
2019-05-23 04:00:00+00:00,4.6299999999999999,4.6799999999999997,4.2599999999999998,4.3499999999999996,337995,1478,4.4505150000000002
2019-05-24 04:00:00+00:00,4.3899999999999997,4.6600000000000001,4.3399999999999999,4.5700000000000003,190133,659,4.5110679999999999
2019-05-28 04:00:00+00:00,4.5700000000000003,4.7400000000000002,4.4400000000000004,4.4800000000000004,274724,811,4.5968289999999996
2019-05-29 04:00:00+00:00,4.4699999999999998,4.5899999999999999,4.3499999999999996,4.5199999999999996,242841,1106,4.4773040000000002
2019-05-30 04:00:00+00:00,4.54,4.5800000000000001,4.3600000000000003,4.4299999999999997,335313,1074,4.4540930000000003
2019-05-31 04:00:00+00:00,4.3600000000000003,4.3600000000000003,4.1500000000000004,4.25,235085,1099,4.2595219999999996
2019-06-03 04:00:00+00:00,4.2199999999999998,4.3200000000000003,4.1299999999999999,4.1399999999999997,177602,905,4.2194500000000001
2019-06-04 04:00:00+00:00,4.2000000000000002,4.3300000000000001,4.1909000000000001,4.3200000000000003,150447,796,4.2894769999999998
2019-06-05 04:00:00+00:00,4.3499999999999996,4.3499999999999996,4.1500000000000004,4.2199999999999998,141517,767,4.2215379999999998
2019-06-06 04:00:00+00:00,4.2199999999999998,4.2388000000000003,4.1299999999999999,4.2199999999999998,165375,480,4.1868429999999996
2019-06-07 04:00:00+00:00,4.2199999999999998,4.2763,4.1299999999999999,4.2699999999999996,124703,810,4.2171260000000004
2019-06-10 04:00:00+00:00,4.25,4.4400000000000004,4.25,4.3499999999999996,136225,702,4.3561969999999999
2019-06-11 04:00:00+00:00,4.3700000000000001,4.4900000000000002,4.2000000000000002,4.21,138666,749,4.3126150000000001
2019-06-12 04:00:00+00:00,4.2000000000000002,4.4283999999999999,4.1200000000000001,4.1900000000000004,136890,596,4.1868550000000004
2019-06-13 04:00:00+00:00,4.2000000000000002,4.2000000000000002,4.0800000000000001,4.1200000000000001,194068,1003,4.1395150000000003
2019-06-14 04:00:00+00:00,4.0744999999999996,4.1799999999999997,4.0099999999999998,4.1699999999999999,114090,504,4.0630639999999998
2019-06-17 04:00:00+00:00,4.1900000000000004,4.4800000000000004,4.0549999999999997,4.3200000000000003,105991,409,4.3254640000000002
2019-06-18 04:00:00+00:00,4.3099999999999996,4.4071999999999996,4.1299999999999999,4.1699999999999999,94560,396,4.2248659999999996
2019-06-19 04:00:00+00:00,4.2000000000000002,4.3600000000000003,4.1799999999999997,4.3399999999999999,202692,653,4.3114910000000002
2019-06-20 04:00:00+00:00,4.3300000000000001,4.4044999999999996,4.1200000000000001,4.2000000000000002,142569,537,4.2581280000000001
2019-06-21 04:00:00+00:00,4.21,4.3300000000000001,4.2000000000000002,4.2999999999999998,123069,464,4.2804200000000003
2019-06-24 04:00:00+00:00,4.2599999999999998,4.3099999999999996,4.1500000000000004,4.1600000000000001,111635,398,4.1923729999999999
2019-06-25 04:00:00+00:00,4.1500000000000004,4.2199999999999998,4.0999999999999996,4.1799999999999997,72410,306,4.1604669999999997
2019-06-26 04:00:00+00:00,4.2000000000000002,4.4299999999999997,4.2000000000000002,4.3300000000000001,171332,837,4.3593260000000003
2019-06-27 04:00:00+00:00,4.3499999999999996,4.3956,4.2699999999999996,4.3300000000000001,76726,340,4.3355379999999997
2019-06-28 04:00:00+00:00,4.3300000000000001,4.3300000000000001,4.1100000000000003,4.1900000000000004,143350,553,4.2002199999999998
2019-07-01 04:00:00+00:00,4.2199999999999998,4.2999999999999998,4.1600000000000001,4.2599999999999998,125699,546,4.2229260000000002
2019-07-02 04:00:00+00:00,4.2999999999999998,4.2999999999999998,4.1699999999999999,4.2599999999999998,112529,549,4.2229229999999998
2019-07-03 04:00:00+00:00,4.2599999999999998,4.2800000000000002,4.1600000000000001,4.1600000000000001,62715,221,4.2054600000000004
2019-07-05 04:00:00+00:00,4.1500000000000004,4.2699999999999996,4.1200000000000001,4.1799999999999997,130588,455,4.1715479999999996
2019-07-08 04:00:00+00:00,4.2000000000000002,4.2099000000000002,4.0999999999999996,4.1600000000000001,155123,458,4.1481120000000002
2019-07-09 04:00:00+00:00,4.1399999999999997,4.1900000000000004,4.1098999999999997,4.1699999999999999,111526,433,4.1479480000000004
2019-07-10 04:00:00+00:00,4.1600000000000001,4.3499999999999996,4.1261999999999999,4.3300000000000001,194756,518,4.2809020000000002
2019-07-11 04:00:00+00:00,4.3200000000000003,4.4305000000000003,4.2599999999999998,4.4000000000000004,113336,462,4.3714060000000003
2019-07-12 04:00:00+00:00,4.4299999999999997,4.7000000000000002,4.4215999999999998,4.6399999999999997,449449,1609,4.5993789999999999
2019-07-15 04:00:00+00:00,4.6399999999999997,4.9000000000000004,4.5999999999999996,4.8799999999999999,255334,975,4.7661220000000002
2019-07-16 04:00:00+00:00,4.9000000000000004,5,4.8201999999999998,4.8300000000000001,176585,675,4.8989310000000001
2019-07-17 04:00:00+00:00,4.8499999999999996,4.8700000000000001,4.6399999999999997,4.7300000000000004,140720,478,4.7303119999999996
2019-07-18 04:00:00+00:00,4.7199999999999998,4.75,4.5999999999999996,4.6500000000000004,95314,367,4.6430230000000003
2019-07-19 04:00:00+00:00,4.6399999999999997,4.7000999999999999,4.5899999999999999,4.6900000000000004,157620,459,4.6744079999999997
2019-07-22 04:00:00+00:00,4.6600000000000001,4.7164999999999999,4.5697999999999999,4.5899999999999999,103999,439,4.6283260000000004
2019-07-23 04:00:00+00:00,4.5999999999999996,4.75,4.5500999999999996,4.5999999999999996,130125,494,4.6534610000000001
2019-07-24 04:00:00+00:00,4.5899999999999999,4.6799999999999997,4.5590999999999999,4.6299999999999999,78543,445,4.617934
2019-07-25 04:00:00+00:00,4.6299999999999999,4.6299999999999999,4.4500000000000002,4.5599999999999996,255339,732,4.5299860000000001
2019-07-26 04:00:00+00:00,4.5800000000000001,4.6299999999999999,4.5,4.6299999999999999,59236,312,4.5802880000000004
2019-07-29 04:00:00+00:00,4.6600000000000001,4.6608999999999998,4.54,4.6200000000000001,114718,459,4.6152600000000001
2019-07-30 04:00:00+00:00,4.54,4.7699999999999996,4.5300000000000002,4.71,89120,371,4.6928799999999997
2019-07-31 04:00:00+00:00,4.75,4.75,4.5300000000000002,4.6500000000000004,72627,325,4.6588459999999996
2019-08-01 04:00:00+00:00,4.6299999999999999,4.75,4.29,4.4800000000000004,310760,1110,4.4651120000000004
2019-08-02 04:00:00+00:00,4.4699999999999998,4.6900000000000004,4.4299999999999997,4.5300000000000002,280161,826,4.5828730000000002
2019-08-05 04:00:00+00:00,4.46,4.5185000000000004,4.2000000000000002,4.25,225820,1132,4.3079270000000003
2019-08-06 04:00:00+00:00,4.3499999999999996,4.75,4.3499999999999996,4.71,403669,936,4.55992
2019-08-07 04:00:00+00:00,4.6200000000000001,4.8700000000000001,4.5,4.7199999999999998,553834,1351,4.7485679999999997
2019-08-08 04:00:00+00:00,4.9500000000000002,4.96,4.2199999999999998,4.7000000000000002,760727,2445,4.4563980000000001
2019-08-09 04:00:00+00:00,4.6500000000000004,4.6500000000000004,4.3650000000000002,4.4800000000000004,149947,460,4.4807930000000002
2019-08-12 04:00:00+00:00,4.5,4.5,4.0199999999999996,4.2000000000000002,461769,1449,4.2015079999999996
2019-08-13 04:00:00+00:00,4.1399999999999997,4.3200000000000003,4.0300000000000002,4.0800000000000001,217341,658,4.1363430000000001
2019-08-14 04:00:00+00:00,4.0300000000000002,4.0999999999999996,3.8399999999999999,4.0700000000000003,264504,751,3.9771610000000002
2019-08-15 04:00:00+00:00,4.0999999999999996,4.0999999999999996,3.8199999999999998,3.8599999999999999,175252,768,3.9178829999999998
2019-08-16 04:00:00+00:00,3.8900000000000001,4.0800000000000001,3.7799999999999998,4.0300000000000002,187804,754,3.907867
2019-08-19 04:00:00+00:00,4.0899999999999999,4.0899999999999999,3.8900000000000001,4.0099999999999998,271593,821,4.0117010000000004
2019-08-20 04:00:00+00:00,3.98,4.1299999999999999,3.98,4.0800000000000001,83842,289,4.056476
2019-08-21 04:00:00+00:00,4.0999999999999996,4.4199999999999999,4.0999999999999996,4.2699999999999996,118623,578,4.2321840000000002
2019-08-22 04:00:00+00:00,4.2800000000000002,4.391,4.0199999999999996,4.0999999999999996,192231,789,4.2064560000000002
2019-08-23 04:00:00+00:00,4.0599999999999996,4.1600000000000001,3.96,4,94307,680,4.0064590000000004
2019-08-26 04:00:00+00:00,3.98,4.0300000000000002,3.9500000000000002,4.0300000000000002,104140,864,3.9933990000000001
2019-08-27 04:00:00+00:00,4.04,4.0999999999999996,3.9199999999999999,3.9500000000000002,128614,873,3.9883860000000002
2019-08-28 04:00:00+00:00,3.9399999999999999,4,3.855,3.98,96458,663,3.9329260000000001
2019-08-29 04:00:00+00:00,4,4.0700000000000003,3.8399999999999999,4.0099999999999998,110958,669,3.9738340000000001
2019-08-30 04:00:00+00:00,4.0199999999999996,4.0800000000000001,3.8900000000000001,3.98,154453,683,3.9875539999999998
2019-09-03 04:00:00+00:00,3.9900000000000002,4.0151000000000003,3.6899999999999999,3.73,142032,671,3.7934320000000001
2019-09-04 04:00:00+00:00,3.75,3.79,3.7000000000000002,3.7200000000000002,125543,409,3.7418260000000001
2019-09-05 04:00:00+00:00,3.7200000000000002,3.8700000000000001,3.71,3.79,92049,420,3.788754
2019-09-06 04:00:00+00:00,3.79,3.9950000000000001,3.79,3.9399999999999999,83047,689,3.9196879999999998
2019-09-09 04:00:00+00:00,3.9399999999999999,4.1799999999999997,3.9350999999999998,4.1200000000000001,160746,394,4.0936120000000003
2019-09-10 04:00:00+00:00,4.0999999999999996,4.4400000000000004,4.0099999999999998,4.4199999999999999,150093,505,4.3469639999999998
2019-09-11 04:00:00+00:00,4.3700000000000001,4.4400000000000004,4.21,4.3799999999999999,113376,617,4.3484550000000004
2019-09-12 04:00:00+00:00,4.3499999999999996,4.3799999999999999,4.2699999999999996,4.3399999999999999,41913,357,4.3212299999999999
2019-09-13 04:00:00+00:00,4.3399999999999999,4.6500000000000004,4.29,4.3600000000000003,191535,1346,4.4325229999999998
2019-09-16 04:00:00+00:00,4.46,4.5,4.3600000000000003,4.4699999999999998,121865,969,4.410037
2019-09-17 04:00:00+00:00,4.3700999999999999,4.4500000000000002,4.3499999999999996,4.3700000000000001,45047,349,4.3888410000000002
2019-09-18 04:00:00+00:00,4.3600000000000003,4.4500000000000002,4.3399999999999999,4.4000000000000004,100199,421,4.3904050000000003
2019-09-19 04:00:00+00:00,4.4000000000000004,4.4500000000000002,4.1900000000000004,4.2999999999999998,232030,812,4.3390129999999996
2019-09-20 04:00:00+00:00,4.2999999999999998,4.3899999999999997,4.2999999999999998,4.3099999999999996,50804,285,4.317323
2019-09-23 04:00:00+00:00,4.3300000000000001,4.3300000000000001,4.1699999999999999,4.2300000000000004,72104,322,4.2175349999999998
2019-09-24 04:00:00+00:00,4.2199999999999998,4.3099999999999996,3.9500000000000002,3.9700000000000002,212809,784,4.1121980000000002
2019-09-25 04:00:00+00:00,3.98,4.04,3.8500000000000001,3.8599999999999999,56093,156,3.9332060000000002
2019-09-26 04:00:00+00:00,3.7999999999999998,3.8900000000000001,3.7000000000000002,3.79,240600,701,3.7847940000000002
2019-09-27 04:00:00+00:00,3.7799999999999998,3.9399999999999999,3.75,3.75,78641,363,3.8304680000000002
2019-09-30 04:00:00+00:00,3.71,3.7290000000000001,3.5499999999999998,3.6400000000000001,201243,572,3.6277550000000001
2019-10-01 04:00:00+00:00,3.6499999999999999,3.7000000000000002,3.5499999999999998,3.5699999999999998,183628,607,3.6068720000000001
2019-10-02 04:00:00+00:00,3.5099999999999998,3.5299999999999998,3.21,3.29,435410,1307,3.3442989999999999
2019-10-03 04:00:00+00:00,3.3199999999999998,3.3900000000000001,3.1299999999999999,3.3199999999999998,319398,1064,3.2589769999999998
2019-10-04 04:00:00+00:00,3.3500000000000001,3.4746999999999999,3.27,3.2999999999999998,135081,647,3.3243049999999998
2019-10-07 04:00:00+00:00,3.3100000000000001,3.6400000000000001,3.2898999999999998,3.5,158571,808,3.502005
2019-10-08 04:00:00+00:00,3.5699999999999998,3.6520999999999999,3.5350000000000001,3.5699999999999998,274264,967,3.5714220000000001
2019-10-09 04:00:00+00:00,3.5699999999999998,3.6598999999999999,3.4500000000000002,3.5,162332,650,3.5296400000000001
2019-10-10 04:00:00+00:00,3.4750000000000001,3.5299999999999998,3.3599999999999999,3.4900000000000002,57019,248,3.4513829999999999
2019-10-11 04:00:00+00:00,3.5299999999999998,3.6800000000000002,3.4996,3.5600000000000001,107934,597,3.6112829999999998
2019-10-14 04:00:00+00:00,3.5800000000000001,3.73,3.4900000000000002,3.6400000000000001,121672,407,3.6441919999999999
2019-10-15 04:00:00+00:00,3.7000000000000002,3.7749999999999999,3.5800000000000001,3.6800000000000002,146187,350,3.6492719999999998
2019-10-16 04:00:00+00:00,3.6499999999999999,3.6499999999999999,3.3199999999999998,3.3999999999999999,281283,1730,3.4446629999999998
2019-10-17 04:00:00+00:00,3.3500000000000001,3.4700000000000002,3.3500000000000001,3.4300000000000002,75761,280,3.398161
2019-10-18 04:00:00+00:00,3.3999999999999999,3.4500000000000002,3.3500000000000001,3.3500000000000001,154051,418,3.377472
2019-10-21 04:00:00+00:00,3.3300000000000001,3.3999999999999999,3.2200000000000002,3.3700000000000001,252920,810,3.3132619999999999
2019-10-22 04:00:00+00:00,3.3500000000000001,3.6499999999999999,3.2917999999999998,3.4900000000000002,106160,473,3.490189
2019-10-23 04:00:00+00:00,3.48,3.5899999999999999,3.3999999999999999,3.5499999999999998,60813,201,3.5087959999999998
2019-10-24 04:00:00+00:00,3.5699999999999998,3.6000000000000001,3.5,3.6000000000000001,51070,253,3.5551629999999999
2019-10-25 04:00:00+00:00,3.5899999999999999,3.7000000000000002,3.5695999999999999,3.5950000000000002,68330,239,3.6345689999999999
2019-10-28 04:00:00+00:00,3.6000000000000001,3.6699999999999999,3.5499999999999998,3.6499999999999999,136564,540,3.632933
2019-10-29 04:00:00+00:00,3.6499999999999999,3.7400000000000002,3.6315,3.7400000000000002,52554,247,3.6893440000000002
2019-10-30 04:00:00+00:00,3.71,3.7400000000000002,3.54,3.5899999999999999,60782,259,3.6257440000000001
2019-10-31 04:00:00+00:00,3.5800000000000001,3.5899999999999999,3.4399999999999999,3.52,133875,468,3.5018829999999999
2019-11-01 04:00:00+00:00,3.54,3.6461000000000001,3.4828999999999999,3.5899999999999999,80902,243,3.5829339999999998
2019-11-04 05:00:00+00:00,3.6499999999999999,3.7029999999999998,3.3900000000000001,3.4700000000000002,259826,841,3.518065
2019-11-05 05:00:00+00:00,3.4399999999999999,3.5527000000000002,3.3799999999999999,3.4900000000000002,137202,468,3.4805609999999998
2019-11-06 05:00:00+00:00,3.5299999999999998,3.5600000000000001,3.4449999999999998,3.52,69321,311,3.5087320000000002
2019-11-07 05:00:00+00:00,3.5099999999999998,3.6499999999999999,3.4199999999999999,3.4700000000000002,101014,322,3.5362979999999999
2019-11-08 05:00:00+00:00,3.48,3.4900000000000002,3.3199999999999998,3.3999999999999999,135047,454,3.413977
2019-11-11 05:00:00+00:00,3.3599999999999999,3.8300000000000001,3.3599999999999999,3.7599999999999998,409329,1693,3.681073
2019-11-12 05:00:00+00:00,3.8199999999999998,4.1699999999999999,3.3799999999999999,3.6899999999999999,523650,1675,3.8122020000000001
2019-11-13 05:00:00+00:00,3.6299999999999999,3.6299999999999999,3.4199999999999999,3.4900000000000002,251045,704,3.492486
2019-11-14 05:00:00+00:00,3.48,3.5449999999999999,3.25,3.2599999999999998,275568,616,3.3397269999999999
2019-11-15 05:00:00+00:00,3.29,3.4700000000000002,3.2749999999999999,3.4100000000000001,193990,530,3.3746700000000001
2019-11-18 05:00:00+00:00,3.3799999999999999,3.3799999999999999,3.2200000000000002,3.2599999999999998,262505,819,3.2737780000000001
2019-11-19 05:00:00+00:00,3.2400000000000002,3.27,3.1200000000000001,3.1400000000000001,245741,516,3.1951719999999999
2019-11-20 05:00:00+00:00,3.1200000000000001,3.1299999999999999,3.02,3.0499999999999998,198060,492,3.0785019999999998
2019-11-21 05:00:00+00:00,3.0800000000000001,3.0880999999999998,3,3.0800000000000001,127116,456,3.0515050000000001
2019-11-22 05:00:00+00:00,3.1200000000000001,3.27,3.0628000000000002,3.21,263897,668,3.1322369999999999
2019-11-25 05:00:00+00:00,3.2000000000000002,3.2000000000000002,3,3.0600000000000001,320191,514,3.0663469999999999
2019-11-26 05:00:00+00:00,3.0600000000000001,3.1932,3,3.0499999999999998,480732,1341,3.0523120000000001
2019-11-27 05:00:00+00:00,3.02,3.1800000000000002,3,3.1600000000000001,200831,843,3.0775950000000001
2019-11-29 05:00:00+00:00,3.1299999999999999,3.2000000000000002,3.0600000000000001,3.0899999999999999,65374,240,3.1047549999999999
2019-12-02 05:00:00+00:00,3.0800000000000001,3.1800000000000002,3.02,3.0499999999999998,84277,350,3.0672450000000002
2019-12-03 05:00:00+00:00,3.0099999999999998,3.04,2.9500000000000002,3.02,319620,983,2.9866009999999998
2019-12-04 05:00:00+00:00,3.04,3.1225000000000001,2.98,3.0600000000000001,423490,897,3.0476719999999999
2019-12-05 05:00:00+00:00,3.0699999999999998,3.1099999999999999,3.0099999999999998,3.1000000000000001,164715,558,3.0860319999999999
2019-12-06 05:00:00+00:00,3.1099999999999999,3.2000000000000002,3.0600000000000001,3.1800000000000002,271527,819,3.1480969999999999
2019-12-09 05:00:00+00:00,3.1600000000000001,3.3799999999999999,3.1600000000000001,3.25,271414,1235,3.2502580000000001
2019-12-10 05:00:00+00:00,3.2400000000000002,3.5299999999999998,3.2400000000000002,3.4500000000000002,518147,1811,3.4652790000000002
2019-12-11 05:00:00+00:00,3.4500000000000002,3.6499999999999999,3.3900000000000001,3.6200000000000001,388060,1337,3.589909
2019-12-12 05:00:00+00:00,3.6099999999999999,3.75,3.52,3.6899999999999999,433102,1037,3.6836139999999999
2019-12-13 05:00:00+00:00,3.6699999999999999,3.8700000000000001,3.5699999999999998,3.6099999999999999,869983,1416,3.6675369999999998
2019-12-16 05:00:00+00:00,3.5699999999999998,3.7806000000000002,3.5099999999999998,3.6000000000000001,234425,871,3.5943710000000002
2019-12-17 05:00:00+00:00,3.6000000000000001,3.7400000000000002,3.6000000000000001,3.6499999999999999,360604,874,3.6554030000000002
2019-12-18 05:00:00+00:00,3.6200000000000001,3.7000000000000002,3.6000000000000001,3.6499999999999999,231854,799,3.6670579999999999
2019-12-19 05:00:00+00:00,3.6200000000000001,3.8199999999999998,3.6200000000000001,3.6800000000000002,947107,2053,3.7173669999999999
2019-12-20 05:00:00+00:00,3.6600000000000001,3.7799999999999998,3.6299999999999999,3.7200000000000002,308564,1173,3.730645
2019-12-23 05:00:00+00:00,3.7200000000000002,3.75,3.6299999999999999,3.7000000000000002,179600,665,3.6902200000000001
2019-12-24 05:00:00+00:00,3.7000000000000002,3.7799999999999998,3.7000000000000002,3.73,63473,321,3.7401840000000002
2019-12-26 05:00:00+00:00,3.7000000000000002,3.77,3.6800000000000002,3.7200000000000002,281523,1123,3.7056689999999999
2019-12-27 05:00:00+00:00,3.7000000000000002,3.7999999999999998,3.6600000000000001,3.7799999999999998,377600,1009,3.7158760000000002
2019-12-30 05:00:00+00:00,3.75,3.75,3.6000000000000001,3.6499999999999999,407243,1221,3.6482809999999999
2019-12-31 05:00:00+00:00,3.6000000000000001,3.73,3.5499999999999998,3.6499999999999999,253289,818,3.6289829999999998
2020-01-02 05:00:00+00:00,3.6800000000000002,3.7000000000000002,3.5754000000000001,3.6699999999999999,121020,462,3.6430530000000001
2020-01-03 05:00:00+00:00,3.6600000000000001,3.7429999999999999,3.5800000000000001,3.7000000000000002,333354,1182,3.70052
2020-01-06 05:00:00+00:00,3.7200000000000002,3.9900000000000002,3.6793999999999998,3.96,365704,1405,3.8804470000000002
2020-01-07 05:00:00+00:00,3.98,4.3300000000000001,3.8599999999999999,4.2800000000000002,539724,1386,4.0792549999999999
2020-01-08 05:00:00+00:00,4.3399999999999999,4.3399999999999999,4.1600999999999999,4.25,215044,899,4.2304930000000001
2020-01-09 05:00:00+00:00,4.2199999999999998,4.3799999999999999,4.2000000000000002,4.3099999999999996,326538,1205,4.3019660000000002
2020-01-10 05:00:00+00:00,4.2999999999999998,4.5300000000000002,4.2800000000000002,4.5,614658,1196,4.3974339999999996
2020-01-13 05:00:00+00:00,4.4699999999999998,4.4699999999999998,4.3499999999999996,4.4100000000000001,148765,686,4.409402
2020-01-14 05:00:00+00:00,4.4000000000000004,4.5,4.3300000000000001,4.4699999999999998,100821,610,4.4305110000000001
2020-01-15 05:00:00+00:00,4.46,4.4900000000000002,4.2827999999999999,4.4199999999999999,232382,1025,4.352887
2020-01-16 05:00:00+00:00,4.4199999999999999,4.5899999999999999,4.4080000000000004,4.5499999999999998,185036,726,4.5099580000000001
2020-01-17 05:00:00+00:00,4.5,4.5502000000000002,4.2699999999999996,4.5099999999999998,319317,1445,4.5033519999999996
2020-01-21 05:00:00+00:00,4.4900000000000002,4.5999999999999996,4.3799999999999999,4.5800000000000001,506705,2062,4.4846259999999996
2020-01-22 05:00:00+00:00,4.5700000000000003,4.5700000000000003,4.4172000000000002,4.5499999999999998,103640,696,4.50685
2020-01-23 05:00:00+00:00,4.5199999999999996,4.5800000000000001,4.4400000000000004,4.4699999999999998,126990,661,4.4775140000000002
2020-01-24 05:00:00+00:00,4.4400000000000004,4.7000000000000002,4.4000000000000004,4.7000000000000002,691840,1557,4.567253
2020-01-27 05:00:00+00:00,4.6900000000000004,4.6900000000000004,4.5439999999999996,4.5700000000000003,144175,593,4.5985569999999996
2020-01-28 05:00:00+00:00,4.5700000000000003,4.6790000000000003,4.5199999999999996,4.6100000000000003,103121,393,4.6094679999999997
2020-01-29 05:00:00+00:00,4.6399999999999997,4.6399999999999997,4.4550000000000001,4.4900000000000002,105905,437,4.5213830000000002
2020-01-30 05:00:00+00:00,4.4800000000000004,4.5057,4.2400000000000002,4.3099999999999996,185450,622,4.3536190000000001
2020-01-31 05:00:00+00:00,4.2599999999999998,4.3440000000000003,3.98,4.1600000000000001,278606,1128,4.1399879999999998
2020-02-03 05:00:00+00:00,4.1200000000000001,4.2699999999999996,4,4.1600000000000001,196054,859,4.1884139999999999
2020-02-04 05:00:00+00:00,4.2000000000000002,4.29,4.0599999999999996,4.2199999999999998,103850,731,4.1935089999999997
2020-02-05 05:00:00+00:00,4.2300000000000004,4.3499999999999996,4.21,4.2699999999999996,133339,743,4.2800700000000003
2020-02-06 05:00:00+00:00,4.29,4.29,4.0899999999999999,4.1799999999999997,140912,558,4.1671019999999999
2020-02-07 05:00:00+00:00,4.1600000000000001,4.1749999999999998,4.0700000000000003,4.1500000000000004,75126,343,4.1315160000000004
2020-02-10 05:00:00+00:00,4.0999999999999996,4.1600000000000001,4.04,4.0700000000000003,73581,375,4.1094609999999996
2020-02-11 05:00:00+00:00,4.2800000000000002,4.2941000000000003,4.1852,4.2300000000000004,133102,596,4.2440629999999997
2020-02-12 05:00:00+00:00,4.2300000000000004,4.3268000000000004,4.1901999999999999,4.25,76562,439,4.2428679999999996
2020-02-13 05:00:00+00:00,4.2199999999999998,4.29,4.1966999999999999,4.2300000000000004,72406,394,4.2566170000000003
2020-02-14 05:00:00+00:00,4.2400000000000002,4.3099999999999996,4.21,4.25,65225,411,4.2453500000000002
2020-02-18 05:00:00+00:00,4.21,4.2199999999999998,4.1600000000000001,4.1900000000000004,100049,546,4.1973909999999997
2020-02-19 05:00:00+00:00,4.1900000000000004,4.29,4.1299999999999999,4.2199999999999998,147620,688,4.2046559999999999
2020-02-20 05:00:00+00:00,4.1699999999999999,4.2599999999999998,4.1500000000000004,4.1500000000000004,83114,459,4.1854610000000001
2020-02-21 05:00:00+00:00,4.1399999999999997,4.2000000000000002,4.0999999999999996,4.1799999999999997,57211,379,4.1362420000000002
2020-02-24 05:00:00+00:00,4.0999999999999996,4.1100000000000003,3.9750000000000001,4.0199999999999996,257797,820,4.0155630000000002
2020-02-25 05:00:00+00:00,3.9900000000000002,4.0488,3.75,3.8100000000000001,312595,1201,3.8908610000000001
2020-02-26 05:00:00+00:00,3.8199999999999998,3.9300000000000002,3.71,3.7200000000000002,121557,632,3.8005300000000002
2020-02-27 05:00:00+00:00,3.6000000000000001,3.6240999999999999,3.3700000000000001,3.4399999999999999,242475,668,3.4843860000000002
2020-02-28 05:00:00+00:00,3.4399999999999999,3.4399999999999999,3.0800000000000001,3.3900000000000001,360047,1170,3.2721870000000002
2020-03-02 05:00:00+00:00,3.3999999999999999,3.5099999999999998,3.3100000000000001,3.3700000000000001,180997,776,3.3718430000000001
2020-03-03 05:00:00+00:00,3.3399999999999999,3.6899999999999999,3.3399999999999999,3.6200000000000001,212372,687,3.5557650000000001
2020-03-04 05:00:00+00:00,3.6699999999999999,3.73,3.6099999999999999,3.71,230085,979,3.67144
2020-03-05 05:00:00+00:00,3.6499999999999999,3.6499999999999999,3.0699999999999998,3.0800000000000001,459369,2276,3.2901950000000002
2020-03-06 05:00:00+00:00,3.0899999999999999,3.1012,2.7999999999999998,2.8399999999999999,596430,1886,2.909195
2020-03-09 04:00:00+00:00,2.5,2.5499999999999998,2.2000000000000002,2.2200000000000002,700746,1427,2.385345
2020-03-10 04:00:00+00:00,2.4100000000000001,2.4900000000000002,2.2000000000000002,2.3399999999999999,272219,869,2.2919689999999999
2020-03-11 04:00:00+00:00,2.27,2.4676,2.2000000000000002,2.23,389374,1556,2.3081469999999999
2020-03-12 04:00:00+00:00,2.0499999999999998,2.0499999999999998,1.79,1.8899999999999999,456213,1100,1.913165
2020-03-13 04:00:00+00:00,2,2.0398999999999998,1.74,1.8700000000000001,568872,1268,1.862357
2020-03-16 04:00:00+00:00,1.76,1.8,1.3700000000000001,1.3899999999999999,555194,1399,1.5423210000000001
2020-03-17 04:00:00+00:00,1.3999999999999999,1.53,1.0800000000000001,1.0900000000000001,808683,1947,1.224405
2020-03-18 04:00:00+00:00,1.1499999999999999,1.1499999999999999,0.81999999999999995,0.93999999999999995,712425,1196,0.95283099999999998
2020-03-19 04:00:00+00:00,0.88280000000000003,1.27,0.84999999999999998,1.1799999999999999,510183,988,1.1661440000000001
2020-03-20 04:00:00+00:00,1.27,1.4701,1.1000000000000001,1.1799999999999999,509156,1056,1.278051
2020-03-23 04:00:00+00:00,1.1799999999999999,1.1950000000000001,1,1.0999000000000001,323754,760,1.074919
2020-03-24 04:00:00+00:00,1.2,1.3399000000000001,1.0700000000000001,1.1100000000000001,588656,1395,1.1501269999999999
2020-03-25 04:00:00+00:00,1.1100000000000001,1.29,1.05,1.1699999999999999,600691,1492,1.177135
2020-03-26 04:00:00+00:00,1.2,1.27,1.1100000000000001,1.22,685972,1803,1.1875800000000001
2020-03-27 04:00:00+00:00,1.26,1.26,1.1499999999999999,1.1699999999999999,192499,470,1.191603
2020-03-30 04:00:00+00:00,1.2,1.27,1.0700000000000001,1.0800000000000001,289809,798,1.115699
2020-03-31 04:00:00+00:00,1.1000000000000001,1.1000000000000001,1,1.05,321022,912,1.046181
2020-04-01 04:00:00+00:00,1.05,1.0900000000000001,0.95489999999999997,0.97999999999999998,189937,609,1.007012
2020-04-02 04:00:00+00:00,1.05,1.0800000000000001,0.96999999999999997,0.97999999999999998,510085,1583,0.99534999999999996
2020-04-03 04:00:00+00:00,1.02,1.02,0.94999999999999996,0.95999999999999996,397081,924,0.98131500000000005
2020-04-06 04:00:00+00:00,1,1.01,0.94940000000000002,0.94999999999999996,460528,1259,0.98346500000000003
2020-04-07 04:00:00+00:00,1,1.1000000000000001,0.95099999999999996,1.03,472617,918,1.0114860000000001
2020-04-08 04:00:00+00:00,1.05,1.1000000000000001,1.0112000000000001,1.0900000000000001,319883,1140,1.040082
2020-04-09 04:00:00+00:00,1.1899999999999999,1.861,1.1899999999999999,1.8200000000000001,1486472,2966,1.4898199999999999
2020-04-13 04:00:00+00:00,1.8500000000000001,2.5499999999999998,1.8500000000000001,2.0600000000000001,1270260,3455,2.0883349999999998
2020-04-14 04:00:00+00:00,2.0899999999999999,2.2999999999999998,1.8001,1.8500000000000001,621255,1791,1.98925
2020-04-15 04:00:00+00:00,1.74,1.74,1.52,1.6200000000000001,403553,1017,1.6194459999999999
2020-04-16 04:00:00+00:00,1.6299999999999999,1.6299999999999999,1.5,1.6000000000000001,173540,558,1.56193
2020-04-17 04:00:00+00:00,1.6899999999999999,1.74,1.46,1.5,593165,1268,1.5627599999999999
2020-04-20 04:00:00+00:00,1.5,1.5660000000000001,1.4299999999999999,1.46,280891,503,1.4898119999999999
2020-04-21 04:00:00+00:00,1.49,1.49,1.3500000000000001,1.4099999999999999,226974,507,1.413594
2020-04-22 04:00:00+00:00,1.46,1.5700000000000001,1.3801000000000001,1.55,181527,522,1.5001249999999999
2020-04-23 04:00:00+00:00,1.5800000000000001,1.75,1.5682,1.6799999999999999,233677,613,1.68083
2020-04-24 04:00:00+00:00,1.75,1.8100000000000001,1.55,1.6200000000000001,200684,448,1.6650510000000001
2020-04-27 04:00:00+00:00,1.6699999999999999,1.74,1.55,1.6799999999999999,190235,481,1.643227
2020-04-28 04:00:00+00:00,1.76,1.8300000000000001,1.6599999999999999,1.8,252529,601,1.7555460000000001
2020-04-29 04:00:00+00:00,1.8500000000000001,2,1.8200000000000001,1.98,284105,711,1.9291290000000001
2020-04-30 04:00:00+00:00,1.97,2.1000000000000001,1.8391999999999999,1.9399999999999999,274558,468,1.9602999999999999
2020-05-01 04:00:00+00:00,1.8200000000000001,1.8799999999999999,1.71,1.76,218713,489,1.78084
2020-05-04 04:00:00+00:00,1.71,1.8899999999999999,1.6499999999999999,1.79,142918,400,1.761444
2020-05-05 04:00:00+00:00,1.8700000000000001,1.8792,1.8,1.8500000000000001,128507,286,1.8430979999999999
2020-05-06 04:00:00+00:00,1.8100000000000001,1.8499000000000001,1.71,1.8,239588,558,1.7743199999999999
2020-05-07 04:00:00+00:00,2,2.1200000000000001,1.8240000000000001,1.8899999999999999,384222,959,1.962291
2020-05-08 04:00:00+00:00,1.8999999999999999,2.0499999999999998,1.8999999999999999,1.99,594017,664,1.9810970000000001
2020-05-11 04:00:00+00:00,1.98,2.1200000000000001,1.9137999999999999,2.1000000000000001,305319,688,2.060781
2020-05-12 04:00:00+00:00,2.1400000000000001,2.2000000000000002,2.0800000000000001,2.1099999999999999,310257,572,2.1468669999999999
2020-05-13 04:00:00+00:00,2.1000000000000001,2.1299999999999999,1.8999999999999999,1.97,346872,896,1.9803839999999999
2020-05-14 04:00:00+00:00,1.95,2.0299999999999998,1.8200000000000001,1.98,111894,257,1.910971
2020-05-15 04:00:00+00:00,1.99,2.0499999999999998,1.9299999999999999,2,90302,356,1.9886159999999999
2020-05-18 04:00:00+00:00,2.0099999999999998,2.3999999999999999,2.0099999999999998,2.29,669588,1534,2.292341
2020-05-19 04:00:00+00:00,2.2799999999999998,2.4390999999999998,2.25,2.3999999999999999,256961,629,2.3547760000000002
2020-05-20 04:00:00+00:00,2.48,2.6200000000000001,2.4300000000000002,2.6099999999999999,191311,512,2.55382
2020-05-21 04:00:00+00:00,2.6499999999999999,2.7172999999999998,2.5547,2.5800000000000001,118358,553,2.6279849999999998
2020-05-22 04:00:00+00:00,2.6000000000000001,2.6196000000000002,2.5,2.5699999999999998,87245,302,2.5532970000000001
2020-05-26 04:00:00+00:00,2.6600000000000001,2.7261000000000002,2.5800000000000001,2.6400000000000001,126972,394,2.640339
2020-05-27 04:00:00+00:00,2.7000000000000002,2.7229999999999999,2.6400000000000001,2.6899999999999999,130744,397,2.6784020000000002
2020-05-28 04:00:00+00:00,2.7400000000000002,2.7999999999999998,2.6499999999999999,2.6600000000000001,132106,379,2.7021449999999998
2020-05-29 04:00:00+00:00,2.6600000000000001,2.7200000000000002,2.46,2.5699999999999998,87345,409,2.5620579999999999
2020-06-01 04:00:00+00:00,2.5699999999999998,2.7400000000000002,2.5301,2.6200000000000001,114837,427,2.6468660000000002
2020-06-02 04:00:00+00:00,2.6099999999999999,2.7999999999999998,2.5899999999999999,2.6400000000000001,187645,614,2.6807620000000001
2020-06-03 04:00:00+00:00,2.6499999999999999,2.79,2.6499999999999999,2.71,181735,594,2.719881
2020-06-04 04:00:00+00:00,2.7799999999999998,2.7799999999999998,2.6499999999999999,2.7599999999999998,85528,502,2.7342170000000001
2020-06-05 04:00:00+00:00,2.79,3.1600000000000001,2.7845,3.1000000000000001,384617,1145,3.0160369999999999
2020-06-08 04:00:00+00:00,3.1899999999999999,3.2999999999999998,3.0499999999999998,3.2400000000000002,271248,844,3.190277
2020-06-09 04:00:00+00:00,3.1200000000000001,3.2000000000000002,2.9199999999999999,2.9199999999999999,389891,747,2.9954480000000001
2020-06-10 04:00:00+00:00,2.8900000000000001,2.9700000000000002,2.6499999999999999,2.8100000000000001,225343,666,2.7910529999999998
2020-06-11 04:00:00+00:00,2.5699999999999998,2.6699000000000002,2.4256000000000002,2.4750000000000001,287727,659,2.519028
2020-06-12 04:00:00+00:00,2.6499999999999999,2.7999999999999998,2.605,2.79,189062,521,2.7375120000000002
2020-06-15 04:00:00+00:00,2.6899999999999999,2.8500000000000001,2.5001000000000002,2.7799999999999998,190630,492,2.6800290000000002
2020-06-16 04:00:00+00:00,2.9500000000000002,3.0800000000000001,2.8199999999999998,2.8401000000000001,136276,353,2.9084319999999999
2020-06-17 04:00:00+00:00,2.8599999999999999,2.8799999999999999,2.6499999999999999,2.6899999999999999,91960,339,2.7279840000000002
2020-06-18 04:00:00+00:00,2.6899999999999999,2.8100000000000001,2.6800000000000002,2.75,60116,318,2.7607710000000001
2020-06-19 04:00:00+00:00,2.8599999999999999,2.8599999999999999,2.6899999999999999,2.71,65165,306,2.773711
2020-06-22 04:00:00+00:00,2.75,2.7898999999999998,2.6000000000000001,2.665,117962,390,2.6605650000000001
2020-06-23 04:00:00+00:00,2.6600000000000001,2.7299000000000002,2.5899999999999999,2.6000000000000001,88580,368,2.6356549999999999
2020-06-24 04:00:00+00:00,2.5800000000000001,2.5990000000000002,2.3599999999999999,2.3999999999999999,211237,448,2.4530430000000001
2020-06-25 04:00:00+00:00,2.4399999999999999,2.4897,2.3500999999999999,2.4100000000000001,58194,266,2.4167000000000001
2020-06-26 04:00:00+00:00,2.3599999999999999,2.4199999999999999,2.2850000000000001,2.3100000000000001,107842,263,2.3298519999999998
2020-06-29 04:00:00+00:00,2.3300000000000001,2.54,2.29,2.2999999999999998,100283,329,2.3828260000000001
2020-06-30 04:00:00+00:00,2.3300000000000001,2.3900000000000001,2.23,2.2799999999999998,96955,308,2.2798419999999999
2020-07-01 04:00:00+00:00,2.27,2.3450000000000002,2.1600000000000001,2.1699999999999999,123424,412,2.2191939999999999
2020-07-02 04:00:00+00:00,2.1899999999999999,2.3199999999999998,2.1000000000000001,2.1299999999999999,132472,415,2.1768709999999998
2020-07-06 04:00:00+00:00,2.2000000000000002,2.3500000000000001,2.1349999999999998,2.3399999999999999,334293,792,2.2511990000000002
2020-07-07 04:00:00+00:00,2.3799999999999999,2.5499999999999998,2.3399999999999999,2.3900000000000001,276816,603,2.4566819999999998
2020-07-08 04:00:00+00:00,2.3700000000000001,2.5,2.3473000000000002,2.4100000000000001,86948,287,2.4072789999999999
2020-07-09 04:00:00+00:00,2.4100000000000001,2.4483000000000001,2.2050000000000001,2.2999999999999998,113734,353,2.2845650000000002
2020-07-10 04:00:00+00:00,2.25,2.3500000000000001,2.2200000000000002,2.2599999999999998,101044,314,2.2808269999999999
2020-07-13 04:00:00+00:00,2.25,2.5299999999999998,2.1699999999999999,2.4100000000000001,317858,882,2.3278110000000001
2020-07-14 04:00:00+00:00,2.4300000000000002,2.8900000000000001,2.3900000000000001,2.6299999999999999,393465,1115,2.6029930000000001
2020-07-15 04:00:00+00:00,2.7200000000000002,3,2.6349999999999998,2.7400000000000002,215769,660,2.761117
2020-07-16 04:00:00+00:00,2.6499999999999999,2.7401,2.6299999999999999,2.6800000000000002,77508,229,2.6811419999999999
2020-07-17 04:00:00+00:00,2.75,2.9100000000000001,2.6400000000000001,2.6800000000000002,149479,400,2.7222569999999999
2020-07-20 04:00:00+00:00,2.6800000000000002,2.7799999999999998,2.6518999999999999,2.7000000000000002,70210,280,2.7045789999999998
2020-07-21 04:00:00+00:00,2.7000000000000002,2.8399999999999999,2.6200000000000001,2.8199999999999998,252257,592,2.7666789999999999
2020-07-22 04:00:00+00:00,2.8199999999999998,2.9300000000000002,2.7601,2.8799999999999999,137257,409,2.841278
2020-07-23 04:00:00+00:00,2.8799999999999999,3.04,2.8799999999999999,2.9900000000000002,213262,524,2.9777450000000001
2020-07-24 04:00:00+00:00,2.9500000000000002,2.98,2.8662999999999998,2.8799999999999999,161550,730,2.922501
2020-07-27 04:00:00+00:00,2.8799999999999999,2.9399999999999999,2.7303999999999999,2.7999999999999998,95747,349,2.8318080000000001
2020-07-28 04:00:00+00:00,2.77,2.7999999999999998,2.6600000000000001,2.6800000000000002,115960,473,2.7328589999999999
2020-07-29 04:00:00+00:00,2.6800000000000002,2.7099000000000002,2.4900000000000002,2.6899999999999999,148461,446,2.5914280000000001
2020-07-30 04:00:00+00:00,2.6600000000000001,2.6600000000000001,2.5499999999999998,2.6000000000000001,48620,194,2.583002
2020-07-31 04:00:00+00:00,2.5600000000000001,2.6198999999999999,2.4630000000000001,2.6099999999999999,104015,348,2.5464859999999998
2020-08-03 04:00:00+00:00,2.3700000000000001,2.6200000000000001,2.3700000000000001,2.6150000000000002,140848,468,2.486186
2020-08-04 04:00:00+00:00,2.6099999999999999,2.7400000000000002,2.5499999999999998,2.6600000000000001,174177,490,2.6659709999999999
2020-08-05 04:00:00+00:00,2.6800000000000002,2.79,2.6600000000000001,2.73,137209,483,2.7168649999999999
2020-08-06 04:00:00+00:00,2.71,2.71,2.3900000000000001,2.5099999999999998,356871,1087,2.487276
2020-08-07 04:00:00+00:00,2.5,2.6499999999999999,2.4601999999999999,2.6200000000000001,165861,452,2.5755119999999998
2020-08-10 04:00:00+00:00,2.5499999999999998,2.7000000000000002,2.5499999999999998,2.5800000000000001,213762,579,2.6128580000000001
2020-08-11 04:00:00+00:00,2.5800000000000001,2.6899999999999999,2.5,2.5099999999999998,149499,442,2.5999829999999999
2020-08-12 04:00:00+00:00,2.5,2.6299000000000001,2.5,2.52,181254,448,2.5551650000000001
2020-08-13 04:00:00+00:00,2.5099999999999998,2.5899999999999999,2.5099999999999998,2.5499999999999998,81742,272,2.5570970000000002
2020-08-14 04:00:00+00:00,2.54,2.6400000000000001,2.5,2.5899999999999999,171705,676,2.5749949999999999
2020-08-17 04:00:00+00:00,2.5699999999999998,2.6200000000000001,2.5,2.52,89028,356,2.5473029999999999
2020-08-18 04:00:00+00:00,2.5499999999999998,2.5499999999999998,2.4300000000000002,2.4700000000000002,174587,607,2.4821949999999999
2020-08-19 04:00:00+00:00,2.46,2.4900000000000002,2.4100000000000001,2.4399999999999999,71900,251,2.4458669999999998
2020-08-20 04:00:00+00:00,2.3999999999999999,2.48,2.3788999999999998,2.48,146202,553,2.435899
2020-08-21 04:00:00+00:00,2.4300000000000002,2.48,2.3999999999999999,2.4199999999999999,91885,313,2.4324249999999998
2020-08-24 04:00:00+00:00,2.4700000000000002,2.5350000000000001,2.4500000000000002,2.4500000000000002,85359,333,2.4792100000000001
2020-08-25 04:00:00+00:00,2.4500000000000002,2.48,2.3900000000000001,2.4199999999999999,122239,316,2.4422640000000002
2020-08-26 04:00:00+00:00,2.46,2.6499999999999999,2.4500000000000002,2.6000000000000001,419035,975,2.569394
2020-08-27 04:00:00+00:00,2.6499999999999999,2.6499999999999999,2.46,2.4900000000000002,244339,818,2.5677349999999999
2020-08-28 04:00:00+00:00,2.5,2.6200000000000001,2.4500999999999999,2.6200000000000001,163935,554,2.5674399999999999
2020-08-31 04:00:00+00:00,2.5899999999999999,2.5899999999999999,2.5,2.5499999999999998,105172,494,2.5488300000000002
2020-09-01 04:00:00+00:00,2.5299999999999998,2.5800000000000001,2.5,2.52,78311,335,2.5267189999999999
2020-09-02 04:00:00+00:00,2.5099999999999998,2.5499999999999998,2.4700000000000002,2.4700000000000002,83928,257,2.4981420000000001
2020-09-03 04:00:00+00:00,2.4700000000000002,2.4700000000000002,2.3300000000000001,2.4100000000000001,121138,541,2.4196369999999998
2020-09-04 04:00:00+00:00,2.4700000000000002,2.4700000000000002,2.3599999999999999,2.4100000000000001,71223,249,2.3955350000000002
2020-09-08 04:00:00+00:00,2.3100000000000001,2.4300000000000002,2.3100000000000001,2.3900000000000001,90879,237,2.3627180000000001
2020-09-09 04:00:00+00:00,2.4199999999999999,2.4500000000000002,2.3500000000000001,2.4199999999999999,118163,322,2.3794680000000001
2020-09-10 04:00:00+00:00,2.4100000000000001,2.4500000000000002,2.3500000000000001,2.3799999999999999,165074,351,2.3831359999999999
2020-09-11 04:00:00+00:00,2.3700000000000001,2.4199999999999999,2.355,2.3900000000000001,102605,288,2.370206
2020-09-14 04:00:00+00:00,2.4100000000000001,2.415,2.3799000000000001,2.3900000000000001,73487,289,2.399254
2020-09-15 04:00:00+00:00,2.3999999999999999,2.5899999999999999,2.3877999999999999,2.5499999999999998,191095,530,2.5145439999999999
2020-09-16 04:00:00+00:00,2.54,2.6699000000000002,2.5099999999999998,2.6099999999999999,399866,718,2.6124529999999999
2020-09-17 04:00:00+00:00,2.5699999999999998,2.9199999999999999,2.5099999999999998,2.9199999999999999,374172,956,2.7825199999999999
2020-09-18 04:00:00+00:00,2.9199999999999999,2.9199999999999999,2.77,2.8500000000000001,196221,615,2.8482980000000002
2020-09-21 04:00:00+00:00,2.75,2.8100000000000001,2.6499999999999999,2.8100000000000001,111764,496,2.7122480000000002
2020-09-22 04:00:00+00:00,2.7799999999999998,2.9300000000000002,2.71,2.8399999999999999,162029,674,2.828373
2020-09-23 04:00:00+00:00,2.8399999999999999,2.8399999999999999,2.71,2.75,82557,334,2.7681580000000001
2020-09-24 04:00:00+00:00,2.75,2.75,2.6200000000000001,2.7000000000000002,82447,365,2.6917080000000002
2020-09-25 04:00:00+00:00,2.6499999999999999,2.7200000000000002,2.6499999999999999,2.7200000000000002,53487,296,2.6925889999999999
2020-09-28 04:00:00+00:00,2.7400000000000002,2.8399999999999999,2.6499999999999999,2.6699999999999999,123756,545,2.7790859999999999
2020-09-29 04:00:00+00:00,2.6400000000000001,2.6899999999999999,2.5600000000000001,2.6200000000000001,37427,140,2.621572
2020-09-30 04:00:00+00:00,2.6099999999999999,2.6800000000000002,2.54,2.5499999999999998,77912,294,2.5623339999999999
2020-10-01 04:00:00+00:00,2.5600000000000001,3.0699999999999998,2.5099999999999998,2.5899999999999999,433195,2061,2.7532199999999998
2020-10-02 04:00:00+00:00,2.5499999999999998,2.8900000000000001,2.5499999999999998,2.8700000000000001,351454,1171,2.766807
2020-10-05 04:00:00+00:00,2.98,3.0600000000000001,2.8900000000000001,2.9399999999999999,470679,1345,3.0073530000000002
2020-10-06 04:00:00+00:00,2.9100000000000001,3.1899999999999999,2.8599999999999999,3.1000000000000001,291576,1134,3.049223
2020-10-07 04:00:00+00:00,3.0899999999999999,3.2000000000000002,3.04,3.1400000000000001,152646,505,3.1324130000000001
2020-10-08 04:00:00+00:00,3.1499999999999999,3.4700000000000002,3.1499999999999999,3.4399999999999999,211710,747,3.3288359999999999
2020-10-09 04:00:00+00:00,3.4100000000000001,3.4994000000000001,3.2400000000000002,3.4500000000000002,153578,381,3.3944899999999998
2020-10-12 04:00:00+00:00,3.3799999999999999,3.46,3.2850000000000001,3.3700000000000001,93098,352,3.355416
2020-10-13 04:00:00+00:00,3.3399999999999999,3.4599000000000002,3.2999999999999998,3.3500000000000001,72308,264,3.3491680000000001
2020-10-14 04:00:00+00:00,3.3599999999999999,3.4199999999999999,3.2999999999999998,3.4199999999999999,48646,261,3.385167
2020-10-15 04:00:00+00:00,3.3399999999999999,3.4900000000000002,3.21,3.4900000000000002,81578,360,3.3860540000000001
2020-10-16 04:00:00+00:00,3.4300000000000002,3.6099999999999999,3.2999999999999998,3.3199999999999998,230050,670,3.4783629999999999
2020-10-19 04:00:00+00:00,3.3599999999999999,3.54,3.2999999999999998,3.4199999999999999,166296,538,3.392452
2020-10-20 04:00:00+00:00,3.3799999999999999,3.73,3.3799999999999999,3.5899999999999999,182721,712,3.5652400000000002
2020-10-21 04:00:00+00:00,3.6099999999999999,3.6600000000000001,3.5600000000000001,3.5899999999999999,51926,255,3.5961090000000002
2020-10-22 04:00:00+00:00,3.5800000000000001,3.6899999999999999,3.5499999999999998,3.6800000000000002,89282,465,3.6083889999999998
2020-10-23 04:00:00+00:00,3.6600000000000001,3.7400000000000002,3.6383999999999999,3.71,132982,644,3.6953309999999999
2020-10-26 04:00:00+00:00,3.6200000000000001,3.7200000000000002,3.5194999999999999,3.7000000000000002,62743,369,3.6497310000000001
2020-10-27 04:00:00+00:00,3.7200000000000002,3.7799999999999998,3.5800000000000001,3.7200000000000002,248394,1775,3.661673
2020-10-28 04:00:00+00:00,3.6400000000000001,3.6400000000000001,3.4100000000000001,3.5499999999999998,188990,995,3.5091109999999999
2020-10-29 04:00:00+00:00,3.54,3.6400000000000001,3.3999999999999999,3.4700000000000002,69047,470,3.4754890000000001
2020-10-30 04:00:00+00:00,3.605,3.605,3.3199999999999998,3.46,36020,243,3.426447
2020-11-02 05:00:00+00:00,3.4500000000000002,3.6800000000000002,3.3199999999999998,3.4399999999999999,208019,780,3.5588440000000001
2020-11-03 05:00:00+00:00,3.5499999999999998,3.6499999999999999,3.5101,3.5899999999999999,144375,565,3.5746329999999999
2020-11-04 05:00:00+00:00,3.5600000000000001,3.6400000000000001,3.5108000000000001,3.6000000000000001,34350,240,3.596066
2020-11-05 05:00:00+00:00,3.6499999999999999,3.7000000000000002,3.5600000000000001,3.6400000000000001,136835,772,3.63835
2020-11-06 05:00:00+00:00,3.2799999999999998,3.3999999999999999,2.7000000000000002,3.1200000000000001,654590,2648,2.988489
2020-11-09 05:00:00+00:00,3.1499999999999999,3.4900000000000002,3.1499999999999999,3.2799999999999998,262628,1101,3.2845420000000001
2020-11-10 05:00:00+00:00,3.2799999999999998,3.46,3.1499999999999999,3.3500000000000001,167791,783,3.3096839999999998
2020-11-11 05:00:00+00:00,3.3199999999999998,3.4500000000000002,3.1899999999999999,3.2400000000000002,131895,471,3.3281369999999999
2020-11-12 05:00:00+00:00,3.1899999999999999,3.5,3.1899000000000002,3.3700000000000001,173432,614,3.3845960000000002
2020-11-13 05:00:00+00:00,3.3799999999999999,3.5,3.3799999999999999,3.48,164067,546,3.439991
2020-11-16 05:00:00+00:00,3.4700000000000002,3.6099999999999999,3.4300000000000002,3.54,210108,527,3.5522809999999998
2020-11-17 05:00:00+00:00,3.5299999999999998,3.54,3.3700000000000001,3.3700000000000001,197686,720,3.4639479999999998
2020-11-18 05:00:00+00:00,3.3599999999999999,3.5249999999999999,3.3599999999999999,3.4100000000000001,195043,533,3.4737499999999999
2020-11-19 05:00:00+00:00,3.3999999999999999,3.5499999999999998,3.395,3.52,124480,603,3.4727009999999998
2020-11-20 05:00:00+00:00,3.5,3.6000000000000001,3.4653999999999998,3.5499999999999998,141314,580,3.5352329999999998
2020-11-23 05:00:00+00:00,3.5499999999999998,3.6499999999999999,3.48,3.5800000000000001,184888,524,3.5892409999999999
2020-11-24 05:00:00+00:00,3.6000000000000001,3.6850000000000001,3.5699999999999998,3.5800000000000001,209182,684,3.6156350000000002
2020-11-25 05:00:00+00:00,3.5899999999999999,3.7000000000000002,3.54,3.6200000000000001,141210,644,3.6447280000000002
2020-11-27 05:00:00+00:00,3.5899999999999999,3.6699999999999999,3.5499999999999998,3.6200000000000001,18630,170,3.6117840000000001
2020-11-30 05:00:00+00:00,3.6000000000000001,3.6499999999999999,3.5600999999999998,3.6299999999999999,86232,597,3.6166149999999999
2020-12-01 05:00:00+00:00,3.6000000000000001,3.6899000000000002,3.5750000000000002,3.6200000000000001,112416,507,3.6208459999999998
2020-12-02 05:00:00+00:00,3.6000000000000001,3.75,3.5299999999999998,3.6499999999999999,78528,498,3.657025
2020-12-03 05:00:00+00:00,3.6200000000000001,3.75,3.6153,3.6600000000000001,106897,334,3.6853549999999999
2020-12-04 05:00:00+00:00,3.6600000000000001,3.7799999999999998,3.6600000000000001,3.77,174459,737,3.725581
2020-12-07 05:00:00+00:00,3.75,3.7610000000000001,3.6600000000000001,3.6600000000000001,105535,544,3.6965340000000002
2020-12-08 05:00:00+00:00,3.6000000000000001,3.7599999999999998,3.5600000000000001,3.7599999999999998,146502,869,3.7099120000000001
2020-12-09 05:00:00+00:00,3.7799999999999998,3.8999999999999999,3.71,3.7599999999999998,149404,584,3.8049770000000001
2020-12-10 05:00:00+00:00,3.71,3.8399999999999999,3.6928999999999998,3.8100000000000001,116848,362,3.785012
2020-12-11 05:00:00+00:00,3.7799999999999998,3.8300000000000001,3.77,3.7999999999999998,111008,306,3.7888060000000001
2020-12-14 05:00:00+00:00,3.8100000000000001,3.8399999999999999,3.7401,3.8300000000000001,93011,434,3.792659
2020-12-15 05:00:00+00:00,3.7200000000000002,3.8500000000000001,3.7200000000000002,3.8399999999999999,129957,515,3.797167
2020-12-16 05:00:00+00:00,3.7999999999999998,3.8799999999999999,3.6577000000000002,3.8300000000000001,104292,573,3.7957559999999999
2020-12-17 05:00:00+00:00,3.7999999999999998,3.8999999999999999,3.7751999999999999,3.7999999999999998,138386,411,3.8184719999999999
2020-12-18 05:00:00+00:00,3.7799999999999998,3.8500000000000001,3.7200000000000002,3.79,113782,698,3.778632
2020-12-21 05:00:00+00:00,3.5899999999999999,3.71,3.4199999999999999,3.48,240521,831,3.5350990000000002
2020-12-22 05:00:00+00:00,3.4700000000000002,3.6400000000000001,3.3668999999999998,3.5299999999999998,177132,809,3.5320529999999999
2020-12-23 05:00:00+00:00,3.5,3.6899999999999999,3.46,3.4900000000000002,141821,507,3.566014
2020-12-24 05:00:00+00:00,3.5,3.5099999999999998,3.3999999999999999,3.48,90669,320,3.452693
2020-12-28 05:00:00+00:00,3.5,3.5499999999999998,3.25,3.3300000000000001,214248,506,3.3642349999999999
2020-12-29 05:00:00+00:00,3.2999999999999998,3.3199999999999998,3.0998999999999999,3.1099999999999999,213705,583,3.2178789999999999
2020-12-30 05:00:00+00:00,3.1299999999999999,3.3300000000000001,3.1004999999999998,3.1099999999999999,152577,566,3.1966830000000002
2020-12-31 05:00:00+00:00,3.1099999999999999,3.25,3.0600000000000001,3.1299999999999999,240474,733,3.1314129999999998
2021-01-04 05:00:00+00:00,3.1099999999999999,3.1777000000000002,2.96,3.0299999999999998,160084,479,3.0621800000000001
2021-01-05 05:00:00+00:00,3.0699999999999998,3.1899999999999999,3.0600000000000001,3.1600000000000001,107887,405,3.1347040000000002
2021-01-06 05:00:00+00:00,3.1899999999999999,3.3300000000000001,3.1311,3.2799999999999998,89490,439,3.237622
2021-01-07 05:00:00+00:00,3.2599999999999998,3.3500000000000001,3.1429999999999998,3.21,133448,415,3.2294429999999998
2021-01-08 05:00:00+00:00,3.2200000000000002,3.2201,3.0110999999999999,3.105,109158,544,3.123434
2021-01-11 05:00:00+00:00,3.1299999999999999,3.1461999999999999,2.9700000000000002,3.0099999999999998,119179,502,3.0741329999999998
2021-01-12 05:00:00+00:00,3,3.1200000000000001,3,3.1200000000000001,94784,405,3.0689700000000002
2021-01-13 05:00:00+00:00,3.1000000000000001,3.1899999999999999,3.0299999999999998,3.0550000000000002,89807,283,3.102481
2021-01-14 05:00:00+00:00,3.0499999999999998,3.23,3.02,3.125,133969,618,3.110976
2021-01-15 05:00:00+00:00,3.0699999999999998,3.25,3.02,3.2000000000000002,129499,496,3.1112419999999998
2021-01-19 05:00:00+00:00,3.2000000000000002,3.3599999999999999,3.1899999999999999,3.25,85237,363,3.2599450000000001
2021-01-20 05:00:00+00:00,3.2599999999999998,3.48,3.25,3.48,141156,521,3.374965
2021-01-21 05:00:00+00:00,3.5099999999999998,3.75,3.3799999999999999,3.6699999999999999,326273,922,3.6056819999999998
2021-01-22 05:00:00+00:00,3.6200000000000001,3.6553,3.5499999999999998,3.6200000000000001,136990,430,3.5995010000000001
2021-01-25 05:00:00+00:00,3.5899999999999999,3.6499999999999999,3.3999999999999999,3.5,198044,797,3.5288949999999999
2021-01-26 05:00:00+00:00,3.4300000000000002,3.4998999999999998,3.27,3.3999999999999999,341715,1068,3.4052989999999999
2021-01-27 05:00:00+00:00,3.3999999999999999,3.4384999999999999,3.25,3.3599999999999999,196477,625,3.353234
2021-01-28 05:00:00+00:00,3.3500000000000001,3.3900000000000001,3.2000999999999999,3.27,80081,297,3.3034759999999999
2021-01-29 05:00:00+00:00,3.21,3.4199999999999999,3.1499999999999999,3.2000000000000002,87612,591,3.2344520000000001
2021-02-01 05:00:00+00:00,3.27,3.6800000000000002,3.27,3.6699999999999999,211834,672,3.5172059999999998
2021-02-02 05:00:00+00:00,3.4100000000000001,3.77,3.2599999999999998,3.75,908134,2276,3.4547720000000002
2021-02-03 05:00:00+00:00,3.7000000000000002,4.0999999999999996,3.7000000000000002,3.98,616219,1773,3.923565
2021-02-04 05:00:00+00:00,3.98,4.0899999999999999,3.6800000000000002,3.7400000000000002,196894,839,3.8830279999999999
2021-02-05 05:00:00+00:00,3.7200000000000002,3.9399999999999999,3.694,3.8399999999999999,123129,566,3.8404759999999998
2021-02-08 05:00:00+00:00,3.8999999999999999,4,3.75,3.8399999999999999,250226,852,3.8999350000000002
2021-02-09 05:00:00+00:00,3.8100000000000001,3.8399999999999999,3.7000000000000002,3.77,73617,306,3.7695069999999999
2021-02-10 05:00:00+00:00,3.7400000000000002,3.8999999999999999,3.7000000000000002,3.8399999999999999,106237,464,3.8032720000000002
2021-02-11 05:00:00+00:00,3.8399999999999999,4.0499999999999998,3.79,4.0099999999999998,177098,573,3.9837250000000002
2021-02-12 05:00:00+00:00,4.0300000000000002,4.2000000000000002,3.9900000000000002,4.1200000000000001,186964,772,4.13347
2021-02-16 05:00:00+00:00,4.1200000000000001,4.1799999999999997,3.9100000000000001,3.98,397723,1137,4.0345310000000003
2021-02-17 05:00:00+00:00,4,4.1200000000000001,3.9020000000000001,3.9500000000000002,258938,974,3.9764870000000001
2021-02-18 05:00:00+00:00,3.98,4.0281000000000002,3.79,3.8399999999999999,77709,435,3.8966180000000001
2021-02-19 05:00:00+00:00,3.8500000000000001,4,3.8500000000000001,3.96,103741,394,3.9404650000000001
2021-02-22 05:00:00+00:00,3.9300000000000002,3.9399999999999999,3.8100000000000001,3.8799999999999999,115399,425,3.8952429999999998
2021-02-23 05:00:00+00:00,3.8500000000000001,4.0300000000000002,3.7507999999999999,3.98,244578,1031,3.895257
2021-02-24 05:00:00+00:00,4.0700000000000003,4.1799999999999997,4,4.1600000000000001,362930,1180,4.0969030000000002
2021-02-25 05:00:00+00:00,4.1900000000000004,4.1900000000000004,3.9500000000000002,3.9900000000000002,112037,571,4.0239390000000004
2021-02-26 05:00:00+00:00,3.9300000000000002,3.98,3.6400000000000001,3.8900000000000001,235073,977,3.8503409999999998
2021-03-01 05:00:00+00:00,4,4.2999999999999998,3.8900000000000001,4.2699999999999996,493629,1401,4.1623520000000003
2021-03-02 05:00:00+00:00,4.29,4.3499999999999996,4.1699999999999999,4.3499999999999996,323163,827,4.26945
2021-03-03 05:00:00+00:00,4,4.4299999999999997,3.98,4.0899999999999999,292960,1181,4.2282440000000001
2021-03-04 05:00:00+00:00,4.0499999999999998,4.2400000000000002,3.9900000000000002,4.2149999999999999,160778,831,4.1250200000000001
2021-03-05 05:00:00+00:00,4.2199999999999998,4.46,4.0199999999999996,4.3600000000000003,409168,1541,4.2732419999999998
2021-03-08 05:00:00+00:00,4.4299999999999997,4.5499999999999998,4.3600000000000003,4.5,285077,1000,4.4699280000000003
2021-03-09 05:00:00+00:00,4.46,4.7000000000000002,4.4199999999999999,4.4699999999999998,237875,902,4.5367499999999996
2021-03-10 05:00:00+00:00,4.46,4.7000000000000002,4.3200000000000003,4.7000000000000002,262934,880,4.544416
2021-03-11 05:00:00+00:00,4.7000000000000002,4.9500000000000002,4.7000000000000002,4.9500000000000002,418835,1263,4.829771
2021-03-12 05:00:00+00:00,4.8200000000000003,5.1799999999999997,4.8200000000000003,4.96,382571,1220,4.9828619999999999
2021-03-15 04:00:00+00:00,4.96,5.4100000000000001,4.96,5.3899999999999997,426052,1363,5.2712149999999998
2021-03-16 04:00:00+00:00,5.4800000000000004,5.7800000000000002,5.3300000000000001,5.54,413725,1588,5.5875950000000003
2021-03-17 04:00:00+00:00,5.5199999999999996,5.7000000000000002,5.4050000000000002,5.5700000000000003,194260,965,5.5331289999999997
2021-03-18 04:00:00+00:00,5.5599999999999996,5.5700000000000003,5.2300000000000004,5.3200000000000003,203415,1204,5.40062
2021-03-19 04:00:00+00:00,5.3200000000000003,5.46,5.0599999999999996,5.3200000000000003,167613,1070,5.3236600000000003
2021-03-22 04:00:00+00:00,5.3600000000000003,5.4299999999999997,5.1519000000000004,5.3700000000000001,130817,879,5.3382339999999999
2021-03-23 04:00:00+00:00,5.3700000000000001,5.4993999999999996,5.2000000000000002,5.2800000000000002,110502,665,5.3443610000000001
2021-03-24 04:00:00+00:00,5.7400000000000002,6.3600000000000003,5.71,5.8200000000000003,1123260,5065,6.0621689999999999
2021-03-25 04:00:00+00:00,5.8799999999999999,6.4100000000000001,5.5499999999999998,6.1200000000000001,771104,4536,6.0290239999999997
2021-03-26 04:00:00+00:00,6.0199999999999996,6.3700000000000001,5.9000000000000004,5.9800000000000004,315985,1828,6.0763090000000002
2021-03-29 04:00:00+00:00,5.8899999999999997,6.2000000000000002,5.7999999999999998,5.8799999999999999,193346,770,6.0210359999999996
2021-03-30 04:00:00+00:00,5.79,6.1299999999999999,5.5099999999999998,5.8899999999999997,160467,810,5.7625229999999998
2021-03-31 04:00:00+00:00,5.8799999999999999,6.1500000000000004,5.5449999999999999,6.0999999999999996,410945,1658,5.8433529999999996
2021-04-01 04:00:00+00:00,6.2000000000000002,6.6399999999999997,6.1500000000000004,6.2400000000000002,541540,2073,6.3863300000000001
2021-04-05 04:00:00+00:00,6.1600000000000001,6.2000000000000002,5.8704000000000001,6.0099999999999998,251054,1251,6.0732549999999996
2021-04-06 04:00:00+00:00,6,6.25,5.9299999999999997,6.0700000000000003,179851,905,6.1274449999999998
2021-04-07 04:00:00+00:00,6.0999999999999996,6.1799999999999997,5.9783999999999997,6.04,106230,613,6.0588290000000002
2021-04-08 04:00:00+00:00,5.9299999999999997,6.2000000000000002,5.8499999999999996,6.0300000000000002,139560,1027,6.0331640000000002
2021-04-09 04:00:00+00:00,5.9500000000000002,6.1799999999999997,5.9299999999999997,6,113567,616,6.0244819999999999
2021-04-12 04:00:00+00:00,6.0599999999999996,6.0599999999999996,5.7199999999999998,5.7199999999999998,79705,504,5.8608120000000001
2021-04-13 04:00:00+00:00,5.6699999999999999,5.7199999999999998,5.5099999999999998,5.6399999999999997,165923,942,5.6142079999999996
2021-04-14 04:00:00+00:00,5.6200000000000001,5.9500000000000002,5.6101000000000001,5.7699999999999996,67345,470,5.818085
2021-04-15 04:00:00+00:00,5.7999999999999998,5.9500000000000002,5.7450000000000001,5.8399999999999999,48214,360,5.8488920000000002
2021-04-16 04:00:00+00:00,5.9500000000000002,5.9928999999999997,5.6100000000000003,5.75,91668,639,5.7978420000000002
2021-04-19 04:00:00+00:00,5.75,5.9500000000000002,5.6399999999999997,5.8399999999999999,129702,793,5.8075720000000004
2021-04-20 04:00:00+00:00,5.75,5.8099999999999996,5.5599999999999996,5.7300000000000004,87703,620,5.6845230000000004
2021-04-21 04:00:00+00:00,5.6699999999999999,5.9199999999999999,5.6699999999999999,5.8499999999999996,39226,265,5.8363459999999998
2021-04-22 04:00:00+00:00,5.9100000000000001,5.9500000000000002,5.7699999999999996,5.8799999999999999,93997,418,5.8573950000000004
2021-04-23 04:00:00+00:00,5.8799999999999999,5.96,5.75,5.7800000000000002,106386,532,5.8303969999999996
2021-04-26 04:00:00+00:00,5.7199999999999998,5.9500000000000002,5.7199999999999998,5.8600000000000003,61064,407,5.8557920000000001
2021-04-27 04:00:00+00:00,5.8300000000000001,6.1399999999999997,5.8300000000000001,6.0700000000000003,102485,507,6.018815
2021-04-28 04:00:00+00:00,6.1299999999999999,6.1699999999999999,6,6.0199999999999996,72028,359,6.1025989999999997
2021-04-29 04:00:00+00:00,6.0199999999999996,6.1500000000000004,5.7999999999999998,5.8700000000000001,118235,531,5.9383090000000003
2021-04-30 04:00:00+00:00,5.8300000000000001,6.04,5.6699999999999999,6.0300000000000002,87500,582,5.9410410000000002
2021-05-03 04:00:00+00:00,6.0499999999999998,6.2800000000000002,6.0499999999999998,6.1600000000000001,104295,566,6.2015390000000004
2021-05-04 04:00:00+00:00,6.1600000000000001,6.2800000000000002,6.1500000000000004,6.25,149081,706,6.2265730000000001
2021-05-05 04:00:00+00:00,6.25,6.5300000000000002,6.2257999999999996,6.4000000000000004,148320,701,6.4074280000000003
2021-05-06 04:00:00+00:00,6.3499999999999996,6.4861000000000004,6.1900000000000004,6.3700000000000001,164147,1097,6.3490310000000001
2021-05-07 04:00:00+00:00,5.7400000000000002,6.1399999999999997,5.2699999999999996,5.7999999999999998,462480,1937,5.8060200000000002
2021-05-10 04:00:00+00:00,5.5434999999999999,5.8499999999999996,5.5,5.5899999999999999,364294,1447,5.6146149999999997
2021-05-11 04:00:00+00:00,5.46,5.6399999999999997,5.3600000000000003,5.6299999999999999,113632,735,5.5230030000000001
2021-05-12 04:00:00+00:00,5.6299999999999999,5.7400000000000002,5.5,5.5899999999999999,137762,785,5.6186499999999997
2021-05-13 04:00:00+00:00,5.54,5.7300000000000004,5.4299999999999997,5.5,95053,519,5.5582940000000001
2021-05-14 04:00:00+00:00,5.4500000000000002,5.6500000000000004,5.4500000000000002,5.6200000000000001,129678,499,5.5513490000000001
2021-05-17 04:00:00+00:00,5.6399999999999997,5.79,5.5350000000000001,5.7199999999999998,112216,514,5.6974109999999998
2021-05-18 04:00:00+00:00,5.6799999999999997,5.8899999999999997,5.6600000000000001,5.8499999999999996,147542,851,5.7882559999999996
2021-05-19 04:00:00+00:00,5.71,6.0499999999999998,5.6900000000000004,6.0300000000000002,179456,1027,5.9062609999999998
2021-05-20 04:00:00+00:00,6.0099999999999998,6.1299999999999999,5.8200000000000003,6.1200000000000001,209776,1392,5.9546659999999996
2021-05-21 04:00:00+00:00,6.1600000000000001,6.4500000000000002,5.9813999999999998,6.3300000000000001,196079,1538,6.2769909999999998
2021-05-24 04:00:00+00:00,6.29,6.3399999999999999,6.0099999999999998,6.0499999999999998,179215,986,6.216037
2021-05-25 04:00:00+00:00,6.1299999999999999,6.2000000000000002,5.6799999999999997,5.7000000000000002,136098,830,5.8941220000000003
2021-05-26 04:00:00+00:00,5.6600000000000001,5.9000000000000004,5.6600000000000001,5.8300000000000001,114707,702,5.7925000000000004
2021-05-27 04:00:00+00:00,5.8300000000000001,5.9298999999999999,5.75,5.8499999999999996,78696,358,5.8424709999999997
2021-05-28 04:00:00+00:00,5.8499999999999996,6.0899999999999999,5.8499999999999996,6.0599999999999996,71170,483,5.9467140000000001
2021-06-01 04:00:00+00:00,6.0599999999999996,6.3499999999999996,6.0549999999999997,6.1900000000000004,101739,421,6.2098789999999999
2021-06-02 04:00:00+00:00,6.2000000000000002,6.4000000000000004,6.0999999999999996,6.4000000000000004,110435,652,6.2748410000000003
2021-06-03 04:00:00+00:00,6.3399999999999999,6.4500000000000002,6.1900000000000004,6.3300000000000001,101762,532,6.3246320000000003
2021-06-04 04:00:00+00:00,6.3600000000000003,6.4500000000000002,6.29,6.3799999999999999,117292,734,6.4057339999999998
2021-06-07 04:00:00+00:00,6.3499999999999996,6.4500000000000002,6.1500000000000004,6.1500000000000004,87996,512,6.3316470000000002
2021-06-08 04:00:00+00:00,6.1900000000000004,6.2999999999999998,6.0300000000000002,6.0599999999999996,84571,499,6.1748640000000004
2021-06-09 04:00:00+00:00,6.1200000000000001,6.3399999999999999,6.0099999999999998,6.2300000000000004,116390,719,6.1765980000000003
2021-06-10 04:00:00+00:00,6.2301000000000002,6.4500000000000002,6.2301000000000002,6.3499999999999996,101961,532,6.3442069999999999
2021-06-11 04:00:00+00:00,6.3826999999999998,6.5999999999999996,6.2699999999999996,6.4800000000000004,208827,920,6.4837410000000002
2021-06-14 04:00:00+00:00,6.46,6.5700000000000003,6.3399999999999999,6.4800000000000004,168168,917,6.4575930000000001
2021-06-15 04:00:00+00:00,6.4800000000000004,7.4400000000000004,6.3200000000000003,7.3799999999999999,422427,1747,6.8975600000000004
2021-06-16 04:00:00+00:00,7.4900000000000002,7.4995000000000003,6.6600000000000001,6.9299999999999997,338318,2005,7.0563630000000002
2021-06-17 04:00:00+00:00,6.9299999999999997,7.0700000000000003,6.5220000000000002,6.75,211744,962,6.7659380000000002
2021-06-18 04:00:00+00:00,6.7058999999999997,6.8799999999999999,6.6900000000000004,6.7000000000000002,139489,751,6.7623009999999999
2021-06-21 04:00:00+00:00,6.6500000000000004,6.875,6.6299999999999999,6.7199999999999998,84670,459,6.7359280000000004
2021-06-22 04:00:00+00:00,6.7599999999999998,6.8799999999999999,6.54,6.8099999999999996,117615,413,6.7232390000000004
2021-06-23 04:00:00+00:00,6.7800000000000002,7.1856999999999998,6.7800000000000002,7.0599999999999996,93243,804,7.0270070000000002
2021-06-24 04:00:00+00:00,7.0700000000000003,7.2199999999999998,6.9400000000000004,6.96,147782,615,7.1064290000000003
2021-06-25 04:00:00+00:00,7.0499999999999998,7.2599999999999998,6.8600000000000003,7.1500000000000004,142389,782,7.11463
2021-06-28 04:00:00+00:00,7.2599999999999998,7.2599999999999998,6.7701000000000002,6.8200000000000003,148666,997,6.9860579999999999
2021-06-29 04:00:00+00:00,6.8099999999999996,7.0199999999999996,6.75,6.8799999999999999,90685,570,6.8869610000000003
2021-06-30 04:00:00+00:00,6.9400000000000004,7.1399999999999997,6.8499999999999996,6.8700000000000001,97726,713,6.9931210000000004
2021-07-01 04:00:00+00:00,6.8799999999999999,7.4199999999999999,6.8799999999999999,7.21,197446,1009,7.2743609999999999
2021-07-02 04:00:00+00:00,7.25,7.25,7.0700000000000003,7.0700000000000003,103202,505,7.1673739999999997
2021-07-06 04:00:00+00:00,7.0999999999999996,7.2187000000000001,7,7.0499999999999998,70914,521,7.0690549999999996
2021-07-07 04:00:00+00:00,7,7.1399999999999997,6.9400000000000004,7.0099999999999998,79378,566,7.0147000000000004
2021-07-08 04:00:00+00:00,6.9900000000000002,7,6.7699999999999996,6.9800000000000004,134901,990,6.892512
2021-07-09 04:00:00+00:00,6.9800000000000004,7.1299999999999999,6.9500000000000002,7.0599999999999996,57369,369,7.0418880000000001
2021-07-12 04:00:00+00:00,6.71,7.1699999999999999,6.6604000000000001,7.0999999999999996,64622,329,7.0939019999999999
2021-07-13 04:00:00+00:00,7.1100000000000003,7.3600000000000003,6.9000000000000004,7.1600000000000001,155024,830,7.1545719999999999
2021-07-14 04:00:00+00:00,7.1500000000000004,7.3300000000000001,7.0499999999999998,7.0499999999999998,43601,238,7.1272739999999999
2021-07-15 04:00:00+00:00,7,7.1500000000000004,6.8499999999999996,6.9500000000000002,68554,435,6.9751560000000001
2021-07-16 04:00:00+00:00,6.96,7.0499999999999998,6.8799999999999999,6.8799999999999999,69395,455,6.9242699999999999
2021-07-19 04:00:00+00:00,6.8200000000000003,6.9400000000000004,6.7000000000000002,6.79,87688,720,6.7972130000000002
2021-07-20 04:00:00+00:00,6.7699999999999996,6.8700000000000001,6.4900000000000002,6.8700000000000001,186364,939,6.6362459999999999
2021-07-21 04:00:00+00:00,6.8399999999999999,7.1500000000000004,6.8371000000000004,7,72955,414,7.005903
2021-07-22 04:00:00+00:00,7,7,6.8499999999999996,6.8499999999999996,41284,205,6.9496339999999996
2021-07-23 04:00:00+00:00,6.9000000000000004,7.0350000000000001,6.7821999999999996,6.9400000000000004,68494,271,6.9156149999999998
2021-07-26 04:00:00+00:00,6.96,6.96,6.6900000000000004,6.8899999999999997,98869,561,6.82639
2021-07-27 04:00:00+00:00,6.8600000000000003,6.8600000000000003,6.4100000000000001,6.6799999999999997,88048,573,6.6485209999999997
2021-07-28 04:00:00+00:00,6.6100000000000003,6.7249999999999996,6.3200000000000003,6.5499999999999998,136411,837,6.5484809999999998
2021-07-29 04:00:00+00:00,6.5599999999999996,6.6399999999999997,6.4000000000000004,6.5599999999999996,89123,509,6.5292729999999999
2021-07-30 04:00:00+00:00,6.5499999999999998,6.5499999999999998,6.0999999999999996,6.3700000000000001,179642,809,6.3336779999999999
2021-08-02 04:00:00+00:00,6.3300000000000001,6.9299999999999997,6.3099999999999996,6.71,203121,1390,6.7130720000000004
2021-08-03 04:00:00+00:00,6.7000000000000002,6.75,6.5449999999999999,6.7199999999999998,30078,258,6.6670449999999999
2021-08-04 04:00:00+00:00,6.7199999999999998,6.7199999999999998,6.4900000000000002,6.6500000000000004,98552,528,6.5736429999999997
2021-08-05 04:00:00+00:00,6.6100000000000003,6.7000000000000002,6.3600000000000003,6.3799999999999999,110627,826,6.5331109999999999
2021-08-06 04:00:00+00:00,6.4000000000000004,6.6500000000000004,6.3211000000000004,6.3899999999999997,315383,1348,6.474539
2021-08-09 04:00:00+00:00,6.4000000000000004,6.5700000000000003,6.2199999999999998,6.3799999999999999,97289,723,6.4125730000000001
2021-08-10 04:00:00+00:00,6.3200000000000003,6.5099999999999998,6.0599999999999996,6.1900000000000004,277278,1155,6.3218439999999996
2021-08-11 04:00:00+00:00,6.0300000000000002,6.5499999999999998,6.0300000000000002,6.4400000000000004,325108,1611,6.294359
2021-08-12 04:00:00+00:00,6.3899999999999997,6.4900000000000002,6.2199999999999998,6.29,126107,369,6.3079369999999999
2021-08-13 04:00:00+00:00,6.2201000000000004,6.3700000000000001,6.1801000000000004,6.2199999999999998,89272,392,6.244993
2021-08-16 04:00:00+00:00,6.1600000000000001,6.2999999999999998,5.8099999999999996,6.0199999999999996,184324,947,6.0546369999999996
2021-08-17 04:00:00+00:00,5.96,6.2000000000000002,5.8310000000000004,5.9400000000000004,322616,1422,6.0312409999999996
2021-08-18 04:00:00+00:00,5.8899999999999997,6,5.7300000000000004,5.7999999999999998,138436,644,5.8504290000000001
2021-08-19 04:00:00+00:00,5.5800000000000001,5.8300000000000001,5.4000000000000004,5.7400000000000002,286728,1167,5.6310200000000004
2021-08-20 04:00:00+00:00,5.79,6.2999999999999998,5.4901,6.1799999999999997,273629,1914,6.0733519999999999
2021-08-23 04:00:00+00:00,6.1100000000000003,6.2599999999999998,6.1100000000000003,6.2599999999999998,80834,386,6.2165949999999999
2021-08-24 04:00:00+00:00,6.2199999999999998,6.4299999999999997,6.1699999999999999,6.4299999999999997,53482,279,6.319699
2021-08-25 04:00:00+00:00,6.3799999999999999,7.1699999999999999,6.3700000000000001,7.0499999999999998,255058,1427,6.9027200000000004
2021-08-26 04:00:00+00:00,7.1500000000000004,7.1500000000000004,6.5999999999999996,6.79,120350,585,6.8792049999999998
2021-08-27 04:00:00+00:00,6.8799999999999999,7.0899999999999999,6.7199999999999998,6.7800000000000002,60266,296,6.9671010000000004
2021-08-30 04:00:00+00:00,6.75,6.9100000000000001,6.7096,6.71,56723,434,6.8011150000000002
2021-08-31 04:00:00+00:00,6.75,6.9400000000000004,6.6799999999999997,6.9100000000000001,37171,245,6.8255090000000003
2021-09-01 04:00:00+00:00,6.9100000000000001,7,6.7773000000000003,6.8700000000000001,91632,750,6.8975249999999999
2021-09-02 04:00:00+00:00,6.8700000000000001,6.8799999999999999,6.665,6.7000000000000002,55582,360,6.7800900000000004
2021-09-03 04:00:00+00:00,6.71,6.9199999999999999,6.5010000000000003,6.8899999999999997,150874,966,6.7260270000000002
2021-09-07 04:00:00+00:00,6.8799999999999999,7.04,6.8200000000000003,6.96,76096,447,6.9329919999999996
2021-09-08 04:00:00+00:00,6.9800000000000004,8,6.9100000000000001,7.8600000000000003,714046,5299,7.6678199999999999
2021-09-09 04:00:00+00:00,7.7911000000000001,7.9299999999999997,7.3499999999999996,7.71,140454,1001,7.5926830000000001
2021-09-10 04:00:00+00:00,7.7699999999999996,7.8650000000000002,7.5111999999999997,7.6799999999999997,118007,776,7.6853379999999998
2021-09-13 04:00:00+00:00,7.7000000000000002,8,6.0499999999999998,6.1399999999999997,585853,3090,7.038799
2021-09-14 04:00:00+00:00,6.3799999999999999,7.5499999999999998,6.3799999999999999,7.21,447141,2930,7.107774
2021-09-15 04:00:00+00:00,7.0999999999999996,7.3899999999999997,6.8099999999999996,7.2400000000000002,138670,1360,7.1009029999999997
2021-09-16 04:00:00+00:00,7.2599999999999998,7.54,6.9015000000000004,7.4699999999999998,110078,723,7.2794619999999997
2021-09-17 04:00:00+00:00,7.4699999999999998,7.6500000000000004,7.2729999999999997,7.4699999999999998,107069,816,7.4938140000000004
2021-09-20 04:00:00+00:00,7.3799999999999999,7.5,7.0685000000000002,7.29,89947,880,7.3213679999999997
2021-09-21 04:00:00+00:00,7.25,7.4500000000000002,7.1801000000000004,7.3300000000000001,50870,503,7.305472
2021-09-22 04:00:00+00:00,7.3799999999999999,7.7199999999999998,7.335,7.5300000000000002,112451,791,7.5540250000000002
2021-09-23 04:00:00+00:00,7.5300000000000002,7.7599999999999998,7.4527999999999999,7.7300000000000004,89011,518,7.6832190000000002
2021-09-24 04:00:00+00:00,7.6200000000000001,7.75,7.4550000000000001,7.5800000000000001,35686,195,7.6085070000000004
2021-09-27 04:00:00+00:00,7.5800000000000001,7.8200000000000003,7.5800000000000001,7.75,63016,336,7.7282909999999996
2021-09-28 04:00:00+00:00,7.6900000000000004,7.7699999999999996,7.4500000000000002,7.5599999999999996,51008,326,7.6090609999999996
2021-09-29 04:00:00+00:00,7.6436000000000002,7.7800000000000002,7.4500000000000002,7.6100000000000003,20406,134,7.5622829999999999
2021-09-30 04:00:00+00:00,7.5999999999999996,7.9199999999999999,7.5312999999999999,7.9100000000000001,78392,349,7.7655010000000004
2021-10-01 04:00:00+00:00,7.8799999999999999,8.0899999999999999,7.71,8.0299999999999994,241103,1131,7.9668530000000004
2021-10-04 04:00:00+00:00,8.1899999999999995,8.8598999999999997,8.1199999999999992,8.7899999999999991,342838,1952,8.4920639999999992
2021-10-05 04:00:00+00:00,8.8000000000000007,10.09,8.7911000000000001,9.6099999999999994,706596,4089,9.5629810000000006
2021-10-06 04:00:00+00:00,9.6099999999999994,9.8499999999999996,9.3300000000000001,9.5600000000000005,393849,2565,9.6295439999999992
2021-10-07 04:00:00+00:00,9.4299999999999997,9.6500000000000004,9.3510000000000009,9.4000000000000004,181198,1027,9.4911309999999993
2021-10-08 04:00:00+00:00,9.5999999999999996,11.390000000000001,9.4649999999999999,10.869999999999999,572447,3900,10.394114999999999
2021-10-11 04:00:00+00:00,11.19,11.389900000000001,10.279999999999999,10.84,256453,2359,10.918889
2021-10-12 04:00:00+00:00,10.81,11.300000000000001,10.68,10.81,166836,1271,10.891885
2021-10-13 04:00:00+00:00,10.779999999999999,11.0625,10.600099999999999,10.91,177691,1124,10.875116
2021-10-14 04:00:00+00:00,10.93,10.9499,10.529999999999999,10.630000000000001,161478,1095,10.732756999999999
2021-10-15 04:00:00+00:00,10.58,10.7684,10.02,10.51,223642,1079,10.303013999999999
2021-10-18 04:00:00+00:00,10.67,10.880000000000001,10.355,10.529999999999999,126909,750,10.606407000000001
2021-10-19 04:00:00+00:00,10.470000000000001,10.51,10.1111,10.300000000000001,97282,648,10.307292
2021-10-20 04:00:00+00:00,10.24,10.75,10.1,10.640000000000001,154916,1032,10.538781
2021-10-21 04:00:00+00:00,10.699999999999999,11.19,10.595000000000001,11.16,285108,1994,10.898987
2021-10-22 04:00:00+00:00,11.140000000000001,11.390000000000001,10.82,11.06,110704,945,11.133872
2021-10-25 04:00:00+00:00,11.06,11.33,11.0101,11.199999999999999,90176,760,11.192788999999999
2021-10-26 04:00:00+00:00,11.16,11.550000000000001,11.1,11.1,178650,1196,11.288492
2021-10-27 04:00:00+00:00,10.91,11.07,10.5,10.76,122475,802,10.778722
2021-10-28 04:00:00+00:00,10.76,10.970000000000001,10.4,10.81,122838,688,10.679598
2021-10-29 04:00:00+00:00,10.68,11.32,10.562099999999999,11.01,165889,1135,11.050319
2021-11-01 04:00:00+00:00,11.130000000000001,11.380000000000001,10.56,11.23,103884,795,11.10777
2021-11-02 04:00:00+00:00,11.23,11.369999999999999,10.789999999999999,11.1,85200,864,11.108931999999999
2021-11-03 04:00:00+00:00,11.050000000000001,11.550000000000001,10.85,11.210000000000001,201528,1215,11.262119
2021-11-04 04:00:00+00:00,11.199999999999999,11.199999999999999,10.199999999999999,10.5,183890,1384,10.587794000000001
2021-11-05 04:00:00+00:00,11.6,12.1799,11.0801,11.460000000000001,493469,2996,11.747987
2021-11-08 05:00:00+00:00,11.359999999999999,13.4,11.359999999999999,13.380000000000001,525631,2976,12.651609000000001
2021-11-09 05:00:00+00:00,13.5,13.949999999999999,12.51,13.56,381302,2953,13.372705
2021-11-10 05:00:00+00:00,13.710000000000001,13.899900000000001,13.109999999999999,13.300000000000001,177763,1498,13.362576000000001
2021-11-11 05:00:00+00:00,13.300000000000001,14.58,13.25,14.550000000000001,290538,2102,14.202648
2021-11-12 05:00:00+00:00,13.77,14.800000000000001,13.710000000000001,14.25,261442,1748,14.030976000000001
2021-11-15 05:00:00+00:00,14.34,14.6599,13.949999999999999,14.01,185356,1505,14.184782
2021-11-16 05:00:00+00:00,14,14.08,13.35,13.449999999999999,259858,1341,13.596909
2021-11-17 05:00:00+00:00,13.35,13.439,13.029999999999999,13.16,144090,977,13.204067
2021-11-18 05:00:00+00:00,13.16,13.234999999999999,12.449999999999999,12.630000000000001,179085,1681,12.738599000000001
2021-11-19 05:00:00+00:00,12.75,14.59,12.58,14.27,563952,3081,13.927799
2021-11-22 05:00:00+00:00,14.75,16.43,14.75,15.199999999999999,674863,4505,15.589366
2021-11-23 05:00:00+00:00,16.16,16.688600000000001,14.51,15.19,602869,3997,15.522790000000001
2021-11-24 05:00:00+00:00,15.029999999999999,15.4992,14.94,15.02,195141,1467,15.170408999999999
2021-11-26 05:00:00+00:00,14.75,16.219999999999999,14.2006,16.100000000000001,279128,1454,15.408047
2021-11-29 05:00:00+00:00,16.5,17.43,16.34,16.57,799980,5263,16.910471999999999
2021-11-30 05:00:00+00:00,17.4176,17.4176,14.699999999999999,14.779999999999999,466182,2794,15.307525
2021-12-01 05:00:00+00:00,15.5281,16.25,14.9,15.15,232877,1858,15.526676
2021-12-02 05:00:00+00:00,15.130000000000001,15.635,15,15.289999999999999,122566,1029,15.288473
2021-12-03 05:00:00+00:00,15.5,15.630000000000001,13.782299999999999,14.17,301150,2199,14.465654000000001
2021-12-06 05:00:00+00:00,14.27,15.35,14,15.16,234149,1977,14.827477
2021-12-07 05:00:00+00:00,15.539999999999999,15.960000000000001,15.18,15.470000000000001,195053,1562,15.578709999999999
2021-12-08 05:00:00+00:00,15.640000000000001,16.100000000000001,15.08,15.15,103041,1051,15.511691000000001
2021-12-09 05:00:00+00:00,15,15.06,14.6,14.789999999999999,104685,723,14.827120000000001
2021-12-10 05:00:00+00:00,14.949999999999999,14.949999999999999,13.710000000000001,14.07,382564,2061,14.094996999999999
2021-12-13 05:00:00+00:00,13.73,13.875,12.789999999999999,13.49,326024,1576,13.303661
2021-12-14 05:00:00+00:00,13.210000000000001,14.029999999999999,13.06,13.15,188826,1451,13.402628
2021-12-15 05:00:00+00:00,12.93,13.6,12.6501,13.449999999999999,210957,1864,13.002591000000001
2021-12-16 05:00:00+00:00,13.49,14.210000000000001,12.93,12.93,219617,1585,13.544319
2021-12-17 05:00:00+00:00,12.66,13.979900000000001,12.02,13.75,388618,2599,13.401228
2021-12-20 05:00:00+00:00,13.34,13.749000000000001,12.369999999999999,12.779999999999999,374931,2624,12.906796999999999
2021-12-21 05:00:00+00:00,13.289999999999999,13.960000000000001,13.0299,13.42,146465,918,13.377565000000001
2021-12-22 05:00:00+00:00,13.220000000000001,13.630000000000001,13,13.1,183188,1411,13.14611
2021-12-23 05:00:00+00:00,12.960000000000001,13.279999999999999,12.81,12.94,127933,1018,12.988129000000001
2021-12-27 05:00:00+00:00,12.81,12.92,12.630000000000001,12.779999999999999,122932,908,12.794415000000001
2021-12-28 05:00:00+00:00,12.619999999999999,12.81,12.1,12.220000000000001,273280,1723,12.339884
2021-12-29 05:00:00+00:00,12.26,12.960000000000001,11.91,12.68,197605,1078,12.526614
2021-12-30 05:00:00+00:00,12.529999999999999,13.18,12.5,12.81,90406,648,12.902340000000001
2021-12-31 05:00:00+00:00,12.75,13.75,12.7201,13.199999999999999,167323,1240,13.411476
2022-01-03 05:00:00+00:00,13.24,15.33,13.24,15.06,296944,2214,14.743259
2022-01-04 05:00:00+00:00,15.140000000000001,15.93,14.949999999999999,15.15,153212,1516,15.368830000000001
2022-01-05 05:00:00+00:00,15.199999999999999,15.371600000000001,14.145,14.619999999999999,189113,1925,14.766295
2022-01-06 05:00:00+00:00,14.539999999999999,15.5,14.31,14.49,190982,1562,14.803176000000001
2022-01-07 05:00:00+00:00,14.710000000000001,15.5,14.449999999999999,15.19,242495,1681,15.10656
2022-01-10 05:00:00+00:00,15,15.4565,14.699999999999999,15.050000000000001,146234,1189,14.997921
2022-01-11 05:00:00+00:00,14.446300000000001,15.836499999999999,14.446300000000001,15.27,194750,1434,15.328775
2022-01-12 05:00:00+00:00,15.35,16.579999999999998,15.16,16.239999999999998,350706,2212,15.907660999999999
2022-01-13 05:00:00+00:00,16.550000000000001,17.184999999999999,16.039200000000001,16.32,353570,2740,16.588249000000001
2022-01-14 05:00:00+00:00,16.030000000000001,16.979900000000001,15.199999999999999,15.42,267302,2821,15.79214
2022-01-18 05:00:00+00:00,15.5,16.209900000000001,14.720000000000001,14.81,231521,1869,15.211509
2022-01-19 05:00:00+00:00,14.82,15.1,14.25,14.31,195319,1540,14.494543999999999
2022-01-20 05:00:00+00:00,13.890000000000001,15.449999999999999,13.69,14.6,168048,1556,14.877089
2022-01-21 05:00:00+00:00,14.68,14.7113,13.369999999999999,14,339554,2773,13.975087
2022-01-24 05:00:00+00:00,14,14,12.390599999999999,13.99,602921,4918,13.093348000000001
2022-01-25 05:00:00+00:00,13.880000000000001,14.255000000000001,13.52,13.9,154799,1609,13.892284
2022-01-26 05:00:00+00:00,14.199999999999999,14.65,13.56,13.91,164747,1522,14.238251999999999
2022-01-27 05:00:00+00:00,14.09,14.3873,13.76,14.07,109832,1547,13.981009
2022-01-28 05:00:00+00:00,13.970000000000001,14.31,13.619999999999999,14.16,133780,1055,13.859014
2022-01-31 05:00:00+00:00,13.880000000000001,14.25,13.3733,14.08,114551,1072,14.055564
2022-02-01 05:00:00+00:00,13.789999999999999,14.800000000000001,13.744300000000001,14.449999999999999,284239,2475,14.205432
2022-02-02 05:00:00+00:00,14.390000000000001,14.460000000000001,13.83,14.18,90141,805,14.157225
2022-02-03 05:00:00+00:00,14,14.215,13.76,13.91,73490,697,13.938634
2022-02-04 05:00:00+00:00,13.789999999999999,14.2667,13.52,13.81,88790,559,13.833920000000001
2022-02-07 05:00:00+00:00,14.1,15.06,14.1,14.82,287120,1792,14.831702
2022-02-08 05:00:00+00:00,14.82,15.15,14.51,15,101698,1243,14.961455000000001
2022-02-09 05:00:00+00:00,14.99,15.81,14.9,15.529999999999999,327894,2556,15.443013000000001
2022-02-10 05:00:00+00:00,15.84,15.970000000000001,15.632099999999999,15.960000000000001,201644,1532,15.871475
2022-02-11 05:00:00+00:00,16,16.350000000000001,15.845000000000001,16.289999999999999,241774,2224,16.111058
2022-02-14 05:00:00+00:00,16.350000000000001,17.25,16.09,16.350000000000001,588097,4735,16.783625000000001
2022-02-15 05:00:00+00:00,16.449999999999999,16.870000000000001,16.25,16.77,167291,1568,16.653243
2022-02-16 05:00:00+00:00,16.780000000000001,17.094999999999999,16.190000000000001,16.370000000000001,348935,1395,16.422432000000001
2022-02-17 05:00:00+00:00,16.48,16.989999999999998,15.710000000000001,15.880000000000001,126566,1303,15.983269
2022-02-18 05:00:00+00:00,15.051,15.725,14.74,15.029999999999999,277326,2460,15.069304000000001
2022-02-22 05:00:00+00:00,15.029999999999999,15.390000000000001,14.3314,14.65,133478,1464,14.829803999999999
2022-02-23 05:00:00+00:00,14.81,15.2341,14.210000000000001,14.390000000000001,167482,1859,14.437863
2022-02-24 05:00:00+00:00,14,14.843400000000001,13.619999999999999,14.65,321849,2977,14.172128000000001
2022-02-25 05:00:00+00:00,14.199999999999999,14.9499,13.25,14.68,380207,4499,13.922311000000001
2022-02-28 05:00:00+00:00,14.92,15.99,14.75,15.5,331614,2942,15.461975000000001
2022-03-01 05:00:00+00:00,15.99,15.99,14.68,14.74,273503,2331,15.310142000000001
2022-03-02 05:00:00+00:00,14.800000000000001,15.49,14.700100000000001,15.16,91604,981,15.23413
2022-03-03 05:00:00+00:00,15.1,16.079599999999999,14.890000000000001,15.529999999999999,172771,1570,15.549371000000001
2022-03-04 05:00:00+00:00,15.51,15.6,15.02,15.460000000000001,78984,832,15.328937
2022-03-07 05:00:00+00:00,15.720000000000001,16.289999999999999,15.17,15.76,250065,2028,15.763776999999999
2022-03-08 05:00:00+00:00,15.85,16.489999999999998,15.369999999999999,16.02,263145,1910,16.051715000000002
2022-03-09 05:00:00+00:00,16.050000000000001,16.379999999999999,14.369999999999999,15.02,720989,5122,15.091798000000001
2022-03-10 05:00:00+00:00,15.18,15.18,14.5,14.93,208303,1927,14.805999
2022-03-11 05:00:00+00:00,14.51,15.56,14.51,15.15,173862,1946,15.157821999999999
2022-03-14 04:00:00+00:00,14.83,14.94,13.529999999999999,13.529999999999999,206026,1324,14.119949999999999
2022-03-15 04:00:00+00:00,13.4,14.300000000000001,12.800000000000001,13.99,182961,1610,13.428271000000001
2022-03-16 04:00:00+00:00,14.220000000000001,14.4617,13.6,14.23,103576,998,14.013678000000001
2022-03-17 04:00:00+00:00,14.4,14.710000000000001,14.199999999999999,14.48,125593,961,14.436864999999999
2022-03-18 04:00:00+00:00,14.369999999999999,14.6,13.699999999999999,13.9,180579,1409,13.991923
2022-03-21 04:00:00+00:00,13.99,14,13.609999999999999,13.77,160558,1268,13.836423
2022-03-22 04:00:00+00:00,13.77,13.949999999999999,13.523899999999999,13.76,74161,680,13.701479000000001
2022-03-23 04:00:00+00:00,13.81,13.94,13.101000000000001,13.15,180867,1200,13.337418
2022-03-24 04:00:00+00:00,13.109999999999999,14.08,13.109999999999999,13.800000000000001,316511,966,13.330325999999999
2022-03-25 04:00:00+00:00,13.869999999999999,14.074999999999999,13.550000000000001,13.550000000000001,36750,601,13.779306
2022-03-28 04:00:00+00:00,13.5,13.875,13.109999999999999,13.35,73751,489,13.296982
2022-03-29 04:00:00+00:00,13.109999999999999,13.73,13.109999999999999,13.49,107887,1069,13.435257999999999
2022-03-30 04:00:00+00:00,13.640000000000001,13.890000000000001,13.27,13.32,132090,870,13.596918000000001
2022-03-31 04:00:00+00:00,13.35,13.720000000000001,13.331,13.609999999999999,70009,629,13.497572
2022-04-01 04:00:00+00:00,13.56,13.75,13.279999999999999,13.6,54678,489,13.501633999999999
2022-04-04 04:00:00+00:00,13.83,13.887600000000001,12.949999999999999,12.98,269264,1556,13.278116000000001
2022-04-05 04:00:00+00:00,13.02,13.25,12.949999999999999,13.220000000000001,156941,1165,13.128613
2022-04-06 04:00:00+00:00,13.16,13.289999999999999,12.949999999999999,13,154923,1161,13.061185
2022-04-07 04:00:00+00:00,13,13.105,12.35,13.07,172894,1314,12.711798999999999
2022-04-08 04:00:00+00:00,13.243600000000001,13.300000000000001,12.9823,13.09,68347,686,13.129344
2022-04-11 04:00:00+00:00,13.1,13.1595,12.5,12.6,127349,1199,12.687889
2022-04-12 04:00:00+00:00,12.65,12.99,12.4,12.550000000000001,127353,980,12.577800999999999
2022-04-13 04:00:00+00:00,12.57,13.630000000000001,12.5283,13.380000000000001,202241,1472,13.213927
2022-04-14 04:00:00+00:00,13.41,13.880000000000001,13.359999999999999,13.58,118314,1239,13.643307
2022-04-18 04:00:00+00:00,13.68,13.691700000000001,13.25,13.33,97508,725,13.471475999999999
2022-04-19 04:00:00+00:00,13.279999999999999,13.68,13.109999999999999,13.56,52463,431,13.454833000000001
2022-04-20 04:00:00+00:00,13.539999999999999,14.27,13.465,14.27,90439,619,13.930516000000001
2022-04-21 04:00:00+00:00,14.41,14.69,13.83,13.83,98302,814,14.27008
2022-04-22 04:00:00+00:00,13.710000000000001,14.390000000000001,13.57,14,83989,875,13.942014
2022-04-25 04:00:00+00:00,13.68,14.43,12.994999999999999,14.34,272544,1832,13.88415
2022-04-26 04:00:00+00:00,14.34,15.300000000000001,14.34,15.01,172018,1619,14.926774
2022-04-27 04:00:00+00:00,14.84,15.75,14.81,15.74,195617,1527,15.400581000000001
2022-04-28 04:00:00+00:00,15.76,15.949999999999999,15.210000000000001,15.25,155640,1155,15.510058000000001
2022-04-29 04:00:00+00:00,15.32,15.35,14.17,14.26,100072,987,14.675068
2022-05-02 04:00:00+00:00,14.4,14.800000000000001,14.119999999999999,14.300000000000001,124559,942,14.320689
2022-05-03 04:00:00+00:00,14.640000000000001,15.279999999999999,14.436299999999999,15.18,84721,786,14.963575000000001
2022-05-04 04:00:00+00:00,15.199999999999999,15.85,14.99,15.779999999999999,132264,1118,15.51451
2022-05-05 04:00:00+00:00,15.99,15.99,14.840999999999999,15.380000000000001,109107,1090,15.413425999999999
2022-05-06 04:00:00+00:00,15.32,15.8499,14.02,14.32,137577,1033,14.517874000000001
2022-05-09 04:00:00+00:00,14.74,14.74,12.300000000000001,12.5,403096,2552,12.968305000000001
2022-05-10 04:00:00+00:00,12.699999999999999,13.17,12.31,12.460000000000001,127982,1355,12.676773000000001
2022-05-11 04:00:00+00:00,12.5,13.85,12.5,13.15,102988,940,13.243912999999999
2022-05-12 04:00:00+00:00,12.800000000000001,13.3467,12.619999999999999,13.07,53337,600,12.939282
2022-05-13 04:00:00+00:00,13.25,13.789999999999999,13.25,13.5,32847,496,13.550143
2022-05-16 04:00:00+00:00,13.65,13.9846,13.390000000000001,13.4,37785,616,13.648109
2022-05-17 04:00:00+00:00,13.619999999999999,13.73,13.33,13.359999999999999,56290,728,13.540074000000001
2022-05-18 04:00:00+00:00,13.33,13.59,12.765000000000001,13.289999999999999,169301,1694,13.136248999999999
2022-05-19 04:00:00+00:00,13.25,13.25,12.69,12.880000000000001,77902,872,12.866251
2022-05-20 04:00:00+00:00,12.942,13.085000000000001,12.5,12.789999999999999,79034,727,12.722529
2022-05-23 04:00:00+00:00,12.960000000000001,13.08,12.67,12.960000000000001,92541,877,12.891458
2022-05-24 04:00:00+00:00,12.9,12.960000000000001,12.4,12.83,128206,1034,12.727331
2022-05-25 04:00:00+00:00,12.69,13.17,12.69,13.130000000000001,23063,272,12.98175
2022-05-26 04:00:00+00:00,13.07,13.49,12.99,13.42,52633,554,13.333583000000001
2022-05-27 04:00:00+00:00,13.27,14.35,13.27,14.35,198245,1874,14.026481
2022-05-31 04:00:00+00:00,14.5,14.52,13.779999999999999,13.890000000000001,48331,473,14.190625000000001
2022-06-01 04:00:00+00:00,13.83,14.550000000000001,13.83,14.449999999999999,71973,844,14.350725000000001
2022-06-02 04:00:00+00:00,14.470000000000001,14.74,14.26,14.34,31801,377,14.497429
2022-06-03 04:00:00+00:00,14.199999999999999,14.411099999999999,14.050000000000001,14.33,44313,402,14.284997000000001
2022-06-06 04:00:00+00:00,14.25,14.94,14.25,14.83,91676,1188,14.756627
2022-06-07 04:00:00+00:00,15,15.35,14.678000000000001,15.02,120256,982,14.990277000000001
2022-06-08 04:00:00+00:00,15,15.210000000000001,14.565,14.800000000000001,51988,507,14.894845999999999
2022-06-09 04:00:00+00:00,14.6,15.09,14.5,14.73,63598,652,14.819755000000001
2022-06-10 04:00:00+00:00,14.82,15.140000000000001,14.25,14.380000000000001,93233,594,14.546908
2022-06-13 04:00:00+00:00,14.06,14.1,13.08,13.130000000000001,135950,1199,13.376484
2022-06-14 04:00:00+00:00,13.5,13.529999999999999,12.77,12.960000000000001,152697,1140,13.057555000000001
2022-06-15 04:00:00+00:00,12.970000000000001,13.4109,12.76,13.1,31904,347,13.029553999999999
2022-06-16 04:00:00+00:00,12.710000000000001,13.357100000000001,11.23,11.539999999999999,285931,2354,12.031084
2022-06-17 04:00:00+00:00,11.59,11.720000000000001,9.8300000000000001,10.15,584058,3947,10.288850999999999
2022-06-21 04:00:00+00:00,10.300000000000001,11,10.18,10.779999999999999,343122,2659,10.582537
2022-06-22 04:00:00+00:00,10.6,10.699999999999999,10.25,10.470000000000001,247818,2032,10.512017999999999
2022-06-23 04:00:00+00:00,10.550000000000001,10.755000000000001,9.4199999999999999,9.9299999999999997,301906,1987,9.9632719999999999
2022-06-24 04:00:00+00:00,9.9100000000000001,10.51,9.7100000000000009,10.49,234202,2035,10.208733000000001
2022-06-27 04:00:00+00:00,10.49,11.52,10.255000000000001,11.52,103608,1059,11.191969
2022-06-28 04:00:00+00:00,12.08,12.390000000000001,11.1,11.48,112089,933,11.664004
2022-06-29 04:00:00+00:00,11.66,11.66,10.619999999999999,10.800000000000001,129070,1143,10.961643
2022-06-30 04:00:00+00:00,10.56,11.5085,10.210000000000001,10.390000000000001,85118,873,10.482837
2022-07-01 04:00:00+00:00,10.390000000000001,10.67,10.1,10.220000000000001,150763,1322,10.304498000000001
2022-07-05 04:00:00+00:00,9.9199999999999999,9.9199999999999999,8.9600000000000009,8.9900000000000002,394920,2575,9.2233839999999994
2022-07-06 04:00:00+00:00,9.4499999999999993,9.4499999999999993,8.4000000000000004,8.6400000000000006,398783,1970,8.6153420000000001
2022-07-07 04:00:00+00:00,8.7899999999999991,9.9000000000000004,8.75,9.8000000000000007,180641,1685,9.5357730000000007
2022-07-08 04:00:00+00:00,9.8499999999999996,10.5,9.5549999999999997,10.27,132729,1289,10.136233000000001
2022-07-11 04:00:00+00:00,10.25,10.4,9.8808000000000007,10.140000000000001,50911,447,10.118757
2022-07-12 04:00:00+00:00,10.119999999999999,10.4,9.9299999999999997,10.27,63613,577,10.154131
2022-07-13 04:00:00+00:00,10.09,10.369899999999999,10.09,10.27,24691,334,10.215323
2022-07-14 04:00:00+00:00,10.199999999999999,10.26,9.5700000000000003,9.7899999999999991,141234,1207,9.7383600000000001
2022-07-15 04:00:00+00:00,10,10.550000000000001,9.8149999999999995,10.51,80506,625,10.196662
2022-07-18 04:00:00+00:00,10.75,10.880000000000001,10.355,10.5,151587,1043,10.556369
2022-07-19 04:00:00+00:00,10.5,10.891999999999999,10.18,10.630000000000001,65684,734,10.492749999999999
2022-07-20 04:00:00+00:00,10.630000000000001,11.23,10.529999999999999,11.09,59213,667,11.007604000000001
2022-07-21 04:00:00+00:00,10.65,11.02,10.539999999999999,10.9,110105,1097,10.735008000000001
2022-07-22 04:00:00+00:00,10.970000000000001,11.68,10.76,11.449999999999999,162612,1075,11.310656
2022-07-25 04:00:00+00:00,11.4,11.764900000000001,11.02,11.35,102168,724,11.413373
2022-07-26 04:00:00+00:00,11.24,11.7065,10.779999999999999,11.01,174606,1640,11.075065
2022-07-27 04:00:00+00:00,11.050000000000001,11.49,10.77,11.42,102416,1014,11.207533
2022-07-28 04:00:00+00:00,11.42,11.765000000000001,11.190099999999999,11.69,96012,1101,11.432449
2022-07-29 04:00:00+00:00,11.630000000000001,12.3399,11.56,12.31,149116,1361,12.176131
2022-08-01 04:00:00+00:00,12.31,12.81,12.029999999999999,12.75,152813,1381,12.422067999999999
2022-08-02 04:00:00+00:00,12.59,13.74,12.176299999999999,13.470000000000001,97815,968,13.316903999999999
2022-08-03 04:00:00+00:00,13.550000000000001,13.6747,13,13.15,120864,1282,13.216381
2022-08-04 04:00:00+00:00,12.99,13.697699999999999,12.5611,13.16,206749,2091,13.345250999999999
2022-08-05 04:00:00+00:00,15.25,17.23,14.501099999999999,15.685,1209731,7802,16.240503
2022-08-08 04:00:00+00:00,16.699999999999999,17.155000000000001,16.239999999999998,16.399999999999999,519570,4519,16.715496999999999
2022-08-09 04:00:00+00:00,16.699999999999999,16.859999999999999,15.529999999999999,15.699999999999999,333592,3073,15.893456
2022-08-10 04:00:00+00:00,16,16.115400000000001,15.619999999999999,15.74,218272,2006,15.870825999999999
2022-08-11 04:00:00+00:00,16.050000000000001,16.23,15.83,15.83,227239,2006,16.033083999999999
2022-08-12 04:00:00+00:00,15.99,16.8432,15.85,16.48,361842,3105,16.351561
2022-08-15 04:00:00+00:00,16.140000000000001,16.539999999999999,15.880000000000001,16.27,200190,1953,16.249331999999999
2022-08-16 04:00:00+00:00,16.620000000000001,16.661999999999999,16.130800000000001,16.300000000000001,137248,1428,16.475247
2022-08-17 04:00:00+00:00,16.309999999999999,16.829999999999998,16.262699999999999,16.68,123696,1192,16.670218999999999
2022-08-18 04:00:00+00:00,17.050000000000001,18.469999999999999,17,17.460000000000001,626713,5273,17.770842999999999
2022-08-19 04:00:00+00:00,17.5,17.739999999999998,16.68,16.739999999999998,233464,3135,17.147120999999999
2022-08-22 04:00:00+00:00,16.620000000000001,17.18,16,17.059999999999999,138806,1577,16.646018000000002
2022-08-23 04:00:00+00:00,17.210000000000001,17.91,17.149999999999999,17.640000000000001,184182,2082,17.572717999999998
2022-08-24 04:00:00+00:00,17.649999999999999,17.949999999999999,17.5,17.870000000000001,104161,1010,17.753039999999999
2022-08-25 04:00:00+00:00,18,18,17.59,17.920000000000002,85615,788,17.831976999999998
2022-08-26 04:00:00+00:00,17.920000000000002,17.989899999999999,17.27,17.84,135914,1430,17.735468000000001
2022-08-29 04:00:00+00:00,17.789999999999999,17.981100000000001,17.399999999999999,17.539999999999999,124293,1112,17.652847000000001
2022-08-30 04:00:00+00:00,17.5,17.5,16.350000000000001,16.899999999999999,143401,1101,16.744914999999999
2022-08-31 04:00:00+00:00,17.199999999999999,17.890000000000001,16.75,17.32,97122,988,17.352429999999998
2022-09-01 04:00:00+00:00,17.280000000000001,17.366,16.620000000000001,17.329999999999998,105653,1139,17.016442999999999
2022-09-02 04:00:00+00:00,17.780000000000001,17.780000000000001,17.02,17.48,68766,600,17.462516000000001
2022-09-06 04:00:00+00:00,17.32,17.649999999999999,16.739999999999998,16.77,71419,826,17.067909
2022-09-07 04:00:00+00:00,16.760000000000002,17.16,16.18,17.16,66345,574,16.680546
2022-09-08 04:00:00+00:00,16.91,17.23,16.68,17.170000000000002,35069,488,17.007358
2022-09-09 04:00:00+00:00,17.210000000000001,17.710000000000001,17.16,17.600000000000001,109794,820,17.538141
2022-09-12 04:00:00+00:00,17.719999999999999,17.719999999999999,17.124300000000002,17.370000000000001,44954,405,17.405052999999999
2022-09-13 04:00:00+00:00,17.359999999999999,17.390000000000001,17,17.18,55781,523,17.172232999999999
2022-09-14 04:00:00+00:00,17.210000000000001,17.5,17,17.210000000000001,41796,422,17.210630999999999
2022-09-15 04:00:00+00:00,17.010000000000002,17.309999999999999,16.600000000000001,16.640000000000001,61031,507,16.932386999999999
2022-09-16 04:00:00+00:00,16.510000000000002,17.169599999999999,16.130099999999999,16.57,208352,1934,16.589321000000002
2022-09-19 04:00:00+00:00,16.309999999999999,17.219999999999999,16.260000000000002,17.140000000000001,75220,1236,16.833489
2022-09-20 04:00:00+00:00,16.989999999999998,17.309999999999999,16.629999999999999,16.870000000000001,48563,522,16.799593000000002
2022-09-21 04:00:00+00:00,16.899999999999999,16.899999999999999,15.5,15.949999999999999,152002,1031,16.106760000000001
2022-09-22 04:00:00+00:00,15.949999999999999,16.329999999999998,15.77,16.059999999999999,115763,1014,16.063116000000001
2022-09-23 04:00:00+00:00,15.27,15.789999999999999,14.109999999999999,14.435,260244,1576,14.722333000000001
2022-09-26 04:00:00+00:00,14.32,14.880000000000001,13.050000000000001,13.050000000000001,243010,1621,13.781266
2022-09-27 04:00:00+00:00,13.31,13.640000000000001,12.75,13.25,272642,2616,13.282432999999999
2022-09-28 04:00:00+00:00,13.06,14,13.01,13.75,123400,1309,13.602696999999999
2022-09-29 04:00:00+00:00,13.59,14.181900000000001,13.1326,13.140000000000001,46849,653,13.353633
2022-09-30 04:00:00+00:00,13.050000000000001,13.289999999999999,12.775,12.81,89727,1257,13.054416
2022-10-03 04:00:00+00:00,13.390000000000001,13.7128,13.130800000000001,13.300000000000001,196430,2370,13.380720999999999
2022-10-04 04:00:00+00:00,14.029999999999999,14.16,13.42,13.57,192643,2248,13.661318
2022-10-05 04:00:00+00:00,13.57,13.629899999999999,13.2967,13.41,193285,2243,13.441155
2022-10-06 04:00:00+00:00,13.31,13.66,13.119999999999999,13.609999999999999,135174,1453,13.493233
2022-10-07 04:00:00+00:00,13.32,14.5,13.32,14.5,224242,2309,13.988737
2022-10-10 04:00:00+00:00,14.49,15.15,14.475,14.949999999999999,114104,999,14.739782
2022-10-11 04:00:00+00:00,14.65,15.130000000000001,14.039999999999999,14.73,155129,1274,14.756916
2022-10-12 04:00:00+00:00,14.449999999999999,15.01,14.210000000000001,14.98,110172,1157,14.716182
2022-10-13 04:00:00+00:00,14.720000000000001,15.949999999999999,14.4,15.800000000000001,198344,1800,15.478128999999999
2022-10-14 04:00:00+00:00,16.02,16.190000000000001,15.6,15.76,281051,3024,15.937165
2022-10-17 04:00:00+00:00,15.98,16.850000000000001,15.94,16.850000000000001,153883,1655,16.397544
2022-10-18 04:00:00+00:00,16.940000000000001,17.199999999999999,16.41,16.800000000000001,169713,1870,16.835647000000002
2022-10-19 04:00:00+00:00,16.5,17.68,16.5,17.559999999999999,190671,1855,17.240773999999998
2022-10-20 04:00:00+00:00,17.690000000000001,18.190000000000001,17.34,17.629999999999999,195546,2095,17.790541999999999
2022-10-21 04:00:00+00:00,17.870000000000001,18.34,17.5,17.899999999999999,408728,2353,18.050823999999999
2022-10-24 04:00:00+00:00,17.760000000000002,17.879999999999999,16.734999999999999,17.16,111469,949,17.336300999999999
2022-10-25 04:00:00+00:00,16.969999999999999,18.309999999999999,16.710000000000001,18.100000000000001,124468,1036,17.910135
2022-10-26 04:00:00+00:00,18.350000000000001,19.350000000000001,18.170999999999999,19.100000000000001,397479,3706,18.947212
2022-10-27 04:00:00+00:00,19.449999999999999,20.32,19,19.050000000000001,230621,2081,19.696352999999998
2022-10-28 04:00:00+00:00,19.199999999999999,19.334,18.449999999999999,18.920000000000002,238282,1942,18.774035000000001
2022-10-31 04:00:00+00:00,18.870000000000001,19.949999999999999,18.777000000000001,19.879999999999999,153519,1921,19.603808000000001
2022-11-01 04:00:00+00:00,20,20.129999999999999,19.600000000000001,19.789999999999999,91075,1240,19.802931000000001
2022-11-02 04:00:00+00:00,19.75,20.149999999999999,18.82,19.289999999999999,117491,1309,19.675585999999999
2022-11-03 04:00:00+00:00,19,19.710000000000001,18.850000000000001,19.359999999999999,78045,845,19.339853000000002
2022-11-04 04:00:00+00:00,19.600000000000001,19.699999999999999,18.98,19.309999999999999,88908,952,19.352768000000001
2022-11-07 05:00:00+00:00,19.309999999999999,20.239999999999998,19.110900000000001,19.91,190315,1557,19.866285999999999
2022-11-08 05:00:00+00:00,20.289999999999999,20.4999,19.68,19.93,195533,1777,19.993210999999999
2022-11-09 05:00:00+00:00,19.93,20.48,17.059999999999999,18.07,481796,3294,18.200894999999999
2022-11-10 05:00:00+00:00,17.829999999999998,19.169,17.829999999999998,18.190000000000001,260287,2083,18.368600000000001
2022-11-11 05:00:00+00:00,18.02,18.489999999999998,17.940000000000001,18.100000000000001,168143,2187,18.078097
2022-11-14 05:00:00+00:00,17.579999999999998,18.09,17.370000000000001,17.780000000000001,108504,1390,17.725256000000002
2022-11-15 05:00:00+00:00,17.98,18,17.550000000000001,17.649999999999999,76464,1056,17.791810000000002
2022-11-16 05:00:00+00:00,17.539999999999999,17.920000000000002,17.300000000000001,17.469999999999999,71110,886,17.573975000000001
2022-11-17 05:00:00+00:00,17.399999999999999,17.4499,16.739999999999998,17.149999999999999,58090,887,17.114453999999999
2022-11-18 05:00:00+00:00,16.949999999999999,17.199999999999999,16.75,16.859999999999999,106541,1287,16.886417999999999
2022-11-21 05:00:00+00:00,16.539999999999999,16.850000000000001,15.68,16.670000000000002,116228,992,16.266069000000002
2022-11-22 05:00:00+00:00,16.93,17.364000000000001,16.600000000000001,16.989999999999998,104499,1245,16.902339000000001
2022-11-23 05:00:00+00:00,16.850000000000001,17.059999999999999,16.620000000000001,16.670000000000002,62898,801,16.733616000000001
2022-11-25 05:00:00+00:00,16.91,16.91,16.440000000000001,16.579999999999998,68872,863,16.626809999999999
2022-11-28 05:00:00+00:00,16.25,16.52,16.050000000000001,16.16,89750,1028,16.171885
2022-11-29 05:00:00+00:00,16.449999999999999,16.449999999999999,15.6501,15.789999999999999,204738,2055,15.820932000000001
2022-11-30 05:00:00+00:00,15.890000000000001,15.960000000000001,15.039999999999999,15.93,482994,3604,15.375456
2022-12-01 05:00:00+00:00,15.91,16.300000000000001,15.629,15.945,233621,2305,15.904669
2022-12-02 05:00:00+00:00,15.609999999999999,15.9338,14.9,15.01,305707,2769,15.402944
2022-12-05 05:00:00+00:00,15,15,13.9,14.15,384505,3421,14.207637999999999
2022-12-06 05:00:00+00:00,14.210000000000001,14.300000000000001,13.790100000000001,14.119999999999999,224221,2495,14.039719
2022-12-07 05:00:00+00:00,14.23,14.23,13.109999999999999,13.33,508421,4124,13.597553
2022-12-08 05:00:00+00:00,13.18,14.154999999999999,13.050000000000001,14,281257,2762,13.616837
2022-12-09 05:00:00+00:00,14.16,14.31,13.949999999999999,14.18,194679,2114,14.080515
2022-12-12 05:00:00+00:00,14.18,14.49,14.045,14.130000000000001,166153,1532,14.20534
2022-12-13 05:00:00+00:00,14.390000000000001,14.550000000000001,13.859999999999999,14.02,198596,1571,14.189919
2022-12-14 05:00:00+00:00,14.300000000000001,14.300000000000001,13.33,13.93,259511,1511,13.764281
2022-12-15 05:00:00+00:00,13.69,14.69,13.25,14.58,154771,1629,14.177049
2022-12-16 05:00:00+00:00,14.43,14.43,13.885,14.08,96543,921,14.155993
2022-12-19 05:00:00+00:00,14.06,14.1,13.57,13.83,205785,2026,13.727174
2022-12-20 05:00:00+00:00,13.859999999999999,14.1,13.529999999999999,13.69,248566,2766,13.763564000000001
2022-12-21 05:00:00+00:00,13.91,13.91,13.34,13.57,309156,3061,13.633900000000001
2022-12-22 05:00:00+00:00,13.609999999999999,13.68,12.81,12.9,308710,3242,13.112482999999999
2022-12-23 05:00:00+00:00,12.77,13.130000000000001,12.5,12.98,256534,2539,12.838865
2022-12-27 05:00:00+00:00,13.130000000000001,13.609999999999999,12.76,13.380000000000001,193919,1870,13.175209000000001
2022-12-28 05:00:00+00:00,13.44,14.5,13.33,14.16,139806,981,13.859166999999999
2022-12-29 05:00:00+00:00,14.23,16.129999999999999,14.23,16.030000000000001,229004,2144,15.524214000000001
2022-12-30 05:00:00+00:00,16.010000000000002,17.140000000000001,15.7645,16.879999999999999,269673,1730,16.661415000000002
2023-01-03 05:00:00+00:00,16.879999999999999,17.528700000000001,15.880000000000001,16.350000000000001,155931,1534,16.809936
2023-01-04 05:00:00+00:00,16.140000000000001,17.479900000000001,15.710000000000001,16.25,98712,1108,16.148980999999999
2023-01-05 05:00:00+00:00,16.199999999999999,17.324999999999999,16.199999999999999,17.18,128098,889,16.915022
2023-01-06 05:00:00+00:00,17.359999999999999,17.746200000000002,16.739999999999998,16.760000000000002,111845,863,17.318293000000001
2023-01-09 05:00:00+00:00,16.760000000000002,17.289999999999999,16.600000000000001,16.870000000000001,54812,565,16.965385999999999
2023-01-10 05:00:00+00:00,17.140000000000001,17.2866,16.649999999999999,17,41909,449,16.881618
2023-01-11 05:00:00+00:00,16.949999999999999,17.100000000000001,16.77,16.859999999999999,55028,383,16.952591000000002
2023-01-12 05:00:00+00:00,16.859999999999999,17.18,16.760000000000002,16.940000000000001,75770,733,16.949534
2023-01-13 05:00:00+00:00,16.899999999999999,17.25,16.850000000000001,16.890000000000001,51809,470,17.017194
2023-01-17 05:00:00+00:00,17.059999999999999,17.204999999999998,16.920000000000002,17.100000000000001,51327,863,17.051259999999999
2023-01-18 05:00:00+00:00,16.98,17.369,16.5015,16.809999999999999,114020,939,16.889717999999998
2023-01-19 05:00:00+00:00,16.82,17.059999999999999,16.565000000000001,16.989999999999998,66165,788,16.891355000000001
2023-01-20 05:00:00+00:00,17.039999999999999,17.129999999999999,16.719999999999999,16.829999999999998,81081,971,16.89695
2023-01-23 05:00:00+00:00,16.609999999999999,17.109999999999999,16.399999999999999,16.600000000000001,102808,927,16.790528999999999
2023-01-24 05:00:00+00:00,16.75,16.979900000000001,16.5,16.649999999999999,40652,719,16.745270000000001
2023-01-25 05:00:00+00:00,16.57,16.940000000000001,16.280000000000001,16.870000000000001,58094,772,16.680330999999999
2023-01-26 05:00:00+00:00,16.75,17,16.510000000000002,16.960000000000001,98075,721,16.818715000000001
2023-01-27 05:00:00+00:00,16.949999999999999,17.16,16.510000000000002,16.609999999999999,69753,672,16.683599999999998
2023-01-30 05:00:00+00:00,16.260000000000002,16.600000000000001,15.779999999999999,16.300000000000001,127234,1110,16.313455999999999
2023-01-31 05:00:00+00:00,16.300000000000001,16.699999999999999,15.92,16.289999999999999,181817,1395,16.335332000000001
2023-02-01 05:00:00+00:00,16.18,16.629999999999999,16,16.5,81627,833,16.311185999999999
2023-02-02 05:00:00+00:00,16.399999999999999,17.010000000000002,16.02,17,286464,2014,16.522758
2023-02-03 05:00:00+00:00,16.640000000000001,17.25,16.640000000000001,17.199999999999999,78296,632,17.080418000000002
2023-02-06 05:00:00+00:00,17.030000000000001,18.149999999999999,16.899999999999999,17.98,168917,1600,17.481728
2023-02-07 05:00:00+00:00,17.989999999999998,18.170000000000002,17.620000000000001,17.940000000000001,136153,1030,17.829777
2023-02-08 05:00:00+00:00,17.859999999999999,17.870000000000001,17.462700000000002,17.870000000000001,37537,352,17.652570999999998
2023-02-09 05:00:00+00:00,17.760000000000002,17.91,17.190000000000001,17.210000000000001,36357,417,17.459824999999999
2023-02-10 05:00:00+00:00,17.199999999999999,17.800000000000001,16.6005,17.75,74907,815,17.411788999999999
2023-02-13 05:00:00+00:00,17.210000000000001,18.390000000000001,17.210000000000001,18.25,143257,880,18.109324999999998
2023-02-14 05:00:00+00:00,18.109999999999999,18.471699999999998,18.050000000000001,18.350000000000001,32181,301,18.316876000000001
2023-02-15 05:00:00+00:00,18.02,18.629999999999999,17.710000000000001,18.600000000000001,45805,525,18.191177
2023-02-16 05:00:00+00:00,18.280000000000001,20,18.280000000000001,20,488759,3186,19.541611
2023-02-17 05:00:00+00:00,19.780000000000001,19.780000000000001,19.172899999999998,19.530000000000001,174414,1485,19.39931
2023-02-21 05:00:00+00:00,19.260000000000002,19.584199999999999,18.989999999999998,19.510000000000002,145715,1456,19.298888000000002
2023-02-22 05:00:00+00:00,19.48,19.699999999999999,19.039200000000001,19.530000000000001,103871,1069,19.470047000000001
2023-02-23 05:00:00+00:00,19.879999999999999,19.940000000000001,19.219999999999999,19.260000000000002,87180,1142,19.584509000000001
2023-02-24 05:00:00+00:00,19,19.469999999999999,18.899999999999999,19.449999999999999,74692,1100,19.223272999999999
2023-02-27 05:00:00+00:00,19.489999999999998,19.489999999999998,18.719999999999999,19.440000000000001,149291,1835,19.194264
2023-02-28 05:00:00+00:00,19.609999999999999,19.6675,19.399999999999999,19.510000000000002,41109,669,19.500036999999999
2023-03-01 05:00:00+00:00,19.43,19.800000000000001,19.265000000000001,19.609999999999999,76907,1531,19.512136999999999
2023-03-02 05:00:00+00:00,19.350000000000001,20.09,19.322900000000001,19.969999999999999,200439,1546,19.848016000000001
2023-03-03 05:00:00+00:00,19.989999999999998,20.25,19.850000000000001,20.129999999999999,153765,1562,20.075420000000001
2023-03-06 05:00:00+00:00,19.879999999999999,20.100000000000001,19.34,19.469999999999999,115011,845,19.809666
2023-03-07 05:00:00+00:00,19.5,19.550000000000001,18.829999999999998,18.940000000000001,104695,955,19.101759999999999
2023-03-08 05:00:00+00:00,19.02,19.190000000000001,18.629999999999999,19.079999999999998,48596,661,18.906942000000001
2023-03-09 05:00:00+00:00,18.989999999999998,19.449999999999999,18.77,18.859999999999999,74328,888,19.041698
2023-03-10 05:00:00+00:00,18.809999999999999,18.960000000000001,17.91,18.120000000000001,164278,1704,18.344376
2023-03-13 04:00:00+00:00,18.100000000000001,18.109999999999999,17.239999999999998,17.75,295087,2642,17.706475999999999
2023-03-14 04:00:00+00:00,17.91,18.489899999999999,17.859999999999999,18.010000000000002,106246,933,18.051897
2023-03-15 04:00:00+00:00,17.489999999999998,18.039999999999999,16.59,16.739999999999998,246195,1847,17.138825000000001
2023-03-16 04:00:00+00:00,17.25,18.120000000000001,16.809999999999999,18.100000000000001,138720,1115,17.726953000000002
2023-03-17 04:00:00+00:00,18.25,18.25,17.690000000000001,18.190000000000001,104940,750,18.089812999999999
2023-03-20 04:00:00+00:00,18.190000000000001,18.239999999999998,17.25,17.460000000000001,80759,877,17.716878999999999
2023-03-21 04:00:00+00:00,17.75,17.899999999999999,17.539999999999999,17.649999999999999,88571,1215,17.702268
2023-03-22 04:00:00+00:00,17.68,18.260000000000002,17.310099999999998,17.539999999999999,140330,946,17.800847000000001
2023-03-23 04:00:00+00:00,17.640000000000001,17.8323,16.780000000000001,16.965,118247,1027,17.231607
2023-03-24 04:00:00+00:00,16.710000000000001,16.940000000000001,16.300000000000001,16.800000000000001,138434,1074,16.578617000000001
2023-03-27 04:00:00+00:00,16.899999999999999,17.34,16.710100000000001,17,34090,687,16.968692000000001
2023-03-28 04:00:00+00:00,16.920000000000002,17.68,16.920000000000002,17.34,27737,573,17.291340999999999
2023-03-29 04:00:00+00:00,17.379999999999999,17.609999999999999,16.870000000000001,17.010000000000002,62224,647,17.189907999999999
2023-03-30 04:00:00+00:00,17.129999999999999,17.274999999999999,16.850000000000001,17.010000000000002,33422,471,17.016375
2023-03-31 04:00:00+00:00,17.134399999999999,17.77,17.134399999999999,17.379999999999999,53922,706,17.466667000000001
2023-04-03 04:00:00+00:00,17.579999999999998,17.652100000000001,16.949999999999999,17,69562,974,17.188561
2023-04-04 04:00:00+00:00,16.91,17.25,16.050000000000001,16.109999999999999,72423,1104,16.357209999999998
2023-04-05 04:00:00+00:00,16.239999999999998,17.545000000000002,16.059999999999999,17.219999999999999,98801,1098,17.137311
2023-04-06 04:00:00+00:00,17.039999999999999,17.039999999999999,16.489999999999998,16.489999999999998,44668,526,16.779319999999998
2023-04-10 04:00:00+00:00,16.670000000000002,17.07,16.539999999999999,16.859999999999999,29235,584,16.795463000000002
2023-04-11 04:00:00+00:00,16.879999999999999,17.079999999999998,16.719999999999999,16.84,51861,569,16.919074999999999
2023-04-12 04:00:00+00:00,17,17,16.489999999999998,16.609999999999999,51110,609,16.757923000000002
2023-04-13 04:00:00+00:00,16.73,17.039999999999999,16.550000000000001,16.710000000000001,53993,561,16.798863999999998
2023-04-14 04:00:00+00:00,16.850000000000001,16.969899999999999,16.363099999999999,16.465,34606,437,16.480484000000001
2023-04-17 04:00:00+00:00,16.469999999999999,16.469999999999999,16.039999999999999,16.43,58711,568,16.260674000000002
2023-04-18 04:00:00+00:00,16.5,16.920000000000002,16.16,16.52,50726,433,16.574985999999999
2023-04-19 04:00:00+00:00,16.609999999999999,16.789999999999999,16.5,16.670000000000002,35354,266,16.652387000000001
2023-04-20 04:00:00+00:00,16.629999999999999,16.77,16.289999999999999,16.710000000000001,72273,478,16.561713000000001
2023-04-21 04:00:00+00:00,16.75,16.780000000000001,16.579999999999998,16.75,27891,271,16.684519999999999
2023-04-24 04:00:00+00:00,16.629999999999999,17.219899999999999,16.629999999999999,16.960000000000001,38889,723,16.898018
2023-04-25 04:00:00+00:00,17.280000000000001,17.510000000000002,16.823,17.48,121230,961,17.203240999999998
2023-04-26 04:00:00+00:00,17.25,18.18,17.25,18.09,149596,1376,17.97054
2023-04-27 04:00:00+00:00,18.09,18.214400000000001,17.670000000000002,17.82,96245,992,17.908664999999999
2023-04-28 04:00:00+00:00,17.68,17.84,17.329999999999998,17.329999999999998,41506,444,17.501859
2023-05-01 04:00:00+00:00,17.329999999999998,17.719999999999999,17.07,17.18,30360,474,17.258654
2023-05-02 04:00:00+00:00,17.010000000000002,17.210000000000001,16.399999999999999,17.210000000000001,76111,645,16.880583999999999
2023-05-03 04:00:00+00:00,16.969999999999999,17.300000000000001,16.449999999999999,16.66,141605,1220,16.727409999999999
2023-05-04 04:00:00+00:00,16.579999999999998,16.811399999999999,16.02,16.030000000000001,141637,1082,16.192965000000001
2023-05-05 04:00:00+00:00,17.75,18.25,16.469999999999999,17.440000000000001,131754,1250,17.669871000000001
2023-05-08 04:00:00+00:00,18.109999999999999,18.190000000000001,17.400099999999998,17.420000000000002,101927,821,17.749707000000001
2023-05-09 04:00:00+00:00,17.25,17.789999999999999,17.059999999999999,17.094999999999999,70554,817,17.447900000000001
2023-05-10 04:00:00+00:00,17.030000000000001,17.300899999999999,16.82,16.890000000000001,37580,596,17.032907000000002
2023-05-11 04:00:00+00:00,16.800000000000001,17.079999999999998,16.6449,16.75,63254,976,16.818967000000001
2023-05-12 04:00:00+00:00,16.75,17.16,16.600000000000001,16.620000000000001,85181,915,16.803764000000001
2023-05-15 04:00:00+00:00,16.620000000000001,17.059999999999999,16.620000000000001,16.68,48845,691,16.770161999999999
2023-05-16 04:00:00+00:00,16.600000000000001,17.02,16.34,16.899999999999999,72571,1055,16.712056
2023-05-17 04:00:00+00:00,16.800000000000001,17.140000000000001,16.559999999999999,16.989999999999998,17728,354,16.943918
2023-05-18 04:00:00+00:00,16.989999999999998,17.129999999999999,16.510000000000002,16.59,47777,640,16.771792999999999
2023-05-19 04:00:00+00:00,16.59,16.98,16.59,16.66,69768,855,16.816123000000001
2023-05-22 04:00:00+00:00,16.719999999999999,16.829899999999999,16.379999999999999,16.379999999999999,53513,639,16.604759999999999
2023-05-23 04:00:00+00:00,16.309999999999999,16.760000000000002,16.309999999999999,16.600000000000001,42994,757,16.559183000000001
2023-05-24 04:00:00+00:00,16.5,16.789999999999999,16.039999999999999,16.100000000000001,159423,977,16.169799000000001
2023-05-25 04:00:00+00:00,16.050000000000001,16.395,15.56,15.9,312448,1639,16.023662999999999
2023-05-26 04:00:00+00:00,16,16.84,16,16.550000000000001,191644,1555,16.558439
2023-05-30 04:00:00+00:00,16.460000000000001,16.550000000000001,15.65,15.77,144240,1490,15.909871000000001
2023-05-31 04:00:00+00:00,15.699999999999999,15.85,15.529999999999999,15.69,91152,1205,15.693697
2023-06-01 04:00:00+00:00,15.77,15.869999999999999,15.52,15.67,65587,772,15.726348
2023-06-02 04:00:00+00:00,15.800000000000001,16.055,15.720000000000001,15.9,109327,1082,15.843667999999999
2023-06-05 04:00:00+00:00,16.309999999999999,16.4497,15.880000000000001,16.145,151409,1099,16.141655
2023-06-06 04:00:00+00:00,16.140000000000001,16.458500000000001,15.720000000000001,16.350000000000001,153913,1195,16.098018
2023-06-07 04:00:00+00:00,16.260000000000002,16.48,16.100000000000001,16.239999999999998,151841,1153,16.281044000000001
2023-06-08 04:00:00+00:00,16.280000000000001,16.329999999999998,15.949999999999999,15.960000000000001,81657,746,16.090233999999999
2023-06-09 04:00:00+00:00,15.880000000000001,16.395,15.880000000000001,16,56283,703,16.060687999999999
2023-06-12 04:00:00+00:00,16,16.149999999999999,15.449999999999999,15.57,136626,1117,15.676007
2023-06-13 04:00:00+00:00,15.789999999999999,16,15.390000000000001,15.4,160232,1472,15.542232
2023-06-14 04:00:00+00:00,15.84,15.85,15.08,15.300000000000001,149729,1427,15.296434
2023-06-15 04:00:00+00:00,15.300000000000001,15.729900000000001,15.300000000000001,15.550000000000001,69153,784,15.534319
2023-06-16 04:00:00+00:00,15.699999999999999,15.710000000000001,15.220000000000001,15.59,94620,790,15.461683000000001
2023-06-20 04:00:00+00:00,15.52,16.1999,15.390000000000001,16.02,95594,1058,15.94157
2023-06-21 04:00:00+00:00,15.92,16.539999999999999,15.76,16.18,81802,892,16.186820999999998
2023-06-22 04:00:00+00:00,16.190000000000001,16.420000000000002,15.6701,15.74,59426,691,15.912549
2023-06-23 04:00:00+00:00,15.59,15.925000000000001,15.59,15.91,46574,609,15.777683
2023-06-26 04:00:00+00:00,15.949999999999999,16.170000000000002,15.77,15.960000000000001,58475,569,15.942432999999999
2023-06-27 04:00:00+00:00,16.050000000000001,16.350000000000001,15.9001,15.960000000000001,74875,681,16.137917000000002
2023-06-28 04:00:00+00:00,15.800000000000001,16.010000000000002,15.65,15.98,54798,627,15.844594000000001
2023-06-29 04:00:00+00:00,15.83,16.001799999999999,15.67,15.949999999999999,65914,639,15.844894
2023-06-30 04:00:00+00:00,15.94,16.050000000000001,15.609999999999999,15.859999999999999,52867,570,15.830686999999999
2023-07-03 04:00:00+00:00,15.9,15.94,15.65,15.789999999999999,21565,231,15.755057000000001
2023-07-05 04:00:00+00:00,15.800000000000001,15.800000000000001,15.609999999999999,15.779999999999999,40184,408,15.696502000000001
2023-07-06 04:00:00+00:00,15.609999999999999,15.875,15.41,15.85,38527,542,15.63472
2023-07-07 04:00:00+00:00,15.81,16.469999999999999,15.705500000000001,16.129999999999999,87279,872,16.131459
2023-07-10 04:00:00+00:00,16.039999999999999,16.43,15.949999999999999,16.039999999999999,19886,461,16.077964000000001
2023-07-11 04:00:00+00:00,15.92,16.739999999999998,15.859999999999999,16.73,73489,808,16.232807000000001
2023-07-12 04:00:00+00:00,16.75,16.989999999999998,16.475000000000001,16.870000000000001,79304,912,16.802394
2023-07-13 04:00:00+00:00,16.719999999999999,16.959900000000001,16.318300000000001,16.760000000000002,74423,669,16.724024
2023-07-14 04:00:00+00:00,16.5,16.809999999999999,16.25,16.48,36346,421,16.459059
2023-07-17 04:00:00+00:00,16.32,16.640000000000001,16.219999999999999,16.27,45457,393,16.389859999999999
2023-07-18 04:00:00+00:00,16.23,16.530000000000001,16.149999999999999,16.210000000000001,50009,467,16.268086
2023-07-19 04:00:00+00:00,16.16,16.59,16.16,16.59,44540,346,16.419722
2023-07-20 04:00:00+00:00,16.52,16.800000000000001,16.359999999999999,16.52,52925,511,16.59751
2023-07-21 04:00:00+00:00,16.579999999999998,16.739999999999998,16.280999999999999,16.5,44569,428,16.504529999999999
2023-07-24 04:00:00+00:00,16.57,16.875,16.420000000000002,16.5,54078,333,16.641846000000001
2023-07-25 04:00:00+00:00,15.140000000000001,16.75,15.119999999999999,16.41,458201,2709,15.677229000000001
2023-07-26 04:00:00+00:00,16.420000000000002,16.48,16.27,16.440000000000001,33427,329,16.391158999999998
2023-07-27 04:00:00+00:00,16.370000000000001,16.5,15.800000000000001,15.93,40234,345,16.088988000000001
2023-07-28 04:00:00+00:00,15.81,16.02,15.81,16,31352,251,15.951822999999999
2023-07-31 04:00:00+00:00,16,16.350000000000001,15.92,16.350000000000001,29768,225,16.093347000000001
2023-08-01 04:00:00+00:00,16.149999999999999,16.399999999999999,16.149999999999999,16.289999999999999,15816,180,16.310116000000001
2023-08-02 04:00:00+00:00,16.300000000000001,16.300000000000001,15.800000000000001,15.970000000000001,50380,511,15.930736
2023-08-03 04:00:00+00:00,15.85,16.140000000000001,15.800000000000001,16.010000000000002,77227,583,15.951858
2023-08-04 04:00:00+00:00,15.890000000000001,16.096,15.529999999999999,15.56,74140,1083,15.707454
2023-08-07 04:00:00+00:00,15.52,15.789999999999999,15.5,15.699999999999999,55603,785,15.645825
2023-08-08 04:00:00+00:00,15.550000000000001,15.74,15.41,15.66,42925,419,15.622382
2023-08-09 04:00:00+00:00,15.949999999999999,15.98,15.65,15.789999999999999,167584,1304,15.795389
2023-08-10 04:00:00+00:00,15.640000000000001,16.149999999999999,15.640000000000001,15.81,46715,629,15.920816
2023-08-11 04:00:00+00:00,15.75,16.27,15.75,16.129999999999999,129040,989,16.094836999999998
2023-08-14 04:00:00+00:00,16.030000000000001,16.379999999999999,16.030000000000001,16.27,70167,699,16.215271000000001
2023-08-15 04:00:00+00:00,16.420000000000002,16.43,15.84,15.960000000000001,104393,638,16.032716000000001
2023-08-16 04:00:00+00:00,15.970000000000001,16.390000000000001,15.960000000000001,16.379999999999999,48441,428,16.291284999999998
2023-08-17 04:00:00+00:00,16.379999999999999,16.43,16.125,16.260000000000002,48768,420,16.288999
2023-08-18 04:00:00+00:00,16.300000000000001,16.800000000000001,16.129999999999999,16.739999999999998,120443,1171,16.497049000000001
2023-08-21 04:00:00+00:00,16.739999999999998,16.98,16.719999999999999,16.969999999999999,142381,1072,16.878665000000002
2023-08-22 04:00:00+00:00,16.949999999999999,17.34,16.899999999999999,17.309999999999999,109534,819,17.080670000000001
2023-08-23 04:00:00+00:00,17.280000000000001,17.399999999999999,17,17.100000000000001,194912,2083,17.17624
2023-08-24 04:00:00+00:00,17,17.420000000000002,16.999199999999998,17.09,47248,747,17.209524999999999
2023-08-25 04:00:00+00:00,17.079999999999998,17.18,17,17.059999999999999,31808,592,17.099146999999999
2023-08-28 04:00:00+00:00,17.149999999999999,18.02,17.149999999999999,18.02,119889,815,17.715865000000001
2023-08-29 04:00:00+00:00,17.850000000000001,18.140000000000001,17.688300000000002,17.82,56651,599,17.893922
2023-08-30 04:00:00+00:00,17.760000000000002,17.93,17.460999999999999,17.699999999999999,48751,481,17.663323999999999
2023-08-31 04:00:00+00:00,17.579999999999998,17.789999999999999,17.460000000000001,17.530000000000001,42501,448,17.555610000000001
2023-09-01 04:00:00+00:00,17.670000000000002,18.808700000000002,17.670000000000002,18.66,123600,1070,18.364604
2023-09-05 04:00:00+00:00,18.579999999999998,18.98,18.434000000000001,18.899999999999999,83189,816,18.767120999999999
2023-09-06 04:00:00+00:00,18.690000000000001,18.91,18.440000000000001,18.91,51206,583,18.688234999999999
2023-09-07 04:00:00+00:00,18.725000000000001,19,18.489999999999998,18.969999999999999,41864,354,18.913599999999999
2023-09-08 04:00:00+00:00,19,19.913599999999999,18.9999,19.699999999999999,187838,1488,19.528766999999998
2023-09-11 04:00:00+00:00,19.620000000000001,19.809999999999999,19.390000000000001,19.559999999999999,121138,1757,19.610320000000002
2023-09-12 04:00:00+00:00,19.559999999999999,19.849900000000002,19.059999999999999,19.190000000000001,147687,2155,19.553543000000001
2023-09-13 04:00:00+00:00,19.16,19.739999999999998,19.050000000000001,19.170000000000002,54417,549,19.176003999999999
2023-09-14 04:00:00+00:00,19.109999999999999,19.729900000000001,19.010000000000002,19.66,98091,914,19.571068
2023-09-15 04:00:00+00:00,19.75,19.859999999999999,19.359999999999999,19.504999999999999,60877,533,19.566996
2023-09-18 04:00:00+00:00,19.399999999999999,19.879999999999999,19.192599999999999,19.43,73474,484,19.648420999999999
2023-09-19 04:00:00+00:00,19.43,19.489999999999998,19.204000000000001,19.48,64605,444,19.306190999999998
2023-09-20 04:00:00+00:00,19.350000000000001,19.739899999999999,19.350000000000001,19.420000000000002,44117,416,19.582377000000001
2023-09-21 04:00:00+00:00,19.539999999999999,19.539999999999999,18.969999999999999,19.050000000000001,75122,954,19.208769
2023-09-22 04:00:00+00:00,19.170000000000002,19.331900000000001,18.960000000000001,19.02,74159,465,19.039258
2023-09-25 04:00:00+00:00,18.949999999999999,19.4405,18.949999999999999,19.219999999999999,24709,298,19.245958000000002
2023-09-26 04:00:00+00:00,19.219999999999999,19.449999999999999,18.732500000000002,18.850000000000001,65262,472,19.093247999999999
2023-09-27 04:00:00+00:00,19.039999999999999,19.289999999999999,18.98,18.98,52171,795,19.047243999999999
2023-09-28 04:00:00+00:00,18.899999999999999,19.035,18.809999999999999,19,66948,816,18.945087999999998
2023-09-29 04:00:00+00:00,19,19.210000000000001,18.960000000000001,19.100000000000001,97728,797,19.039176999999999
2023-10-02 04:00:00+00:00,18.960000000000001,19.059999999999999,18.829999999999998,19,45776,550,18.996200999999999
2023-10-03 04:00:00+00:00,18.899999999999999,19,18.219999999999999,18.260000000000002,67911,625,18.467328999999999
2023-10-04 04:00:00+00:00,18.219999999999999,18.25,17.559999999999999,17.774999999999999,44958,508,17.832932
2023-10-05 04:00:00+00:00,17.699999999999999,17.940000000000001,17.59,17.940000000000001,37020,739,17.746722999999999
2023-10-06 04:00:00+00:00,17.789999999999999,18.41,17.579999999999998,18.140000000000001,32308,462,18.031015
2023-10-09 04:00:00+00:00,18.050000000000001,18.449999999999999,17.984999999999999,18.129999999999999,15033,259,18.129925
2023-10-10 04:00:00+00:00,17.699999999999999,18.300000000000001,17.699999999999999,17.899999999999999,38502,519,18.035067000000002
2023-10-11 04:00:00+00:00,17.699999999999999,17.949999999999999,17.600000000000001,17.760000000000002,68202,399,17.755293999999999
2023-10-12 04:00:00+00:00,17.710000000000001,17.780000000000001,17.241299999999999,17.5,35963,535,17.503678000000001
2023-10-13 04:00:00+00:00,17.199999999999999,17.390000000000001,16.91,17.09,102338,873,17.156822999999999
2023-10-16 04:00:00+00:00,17.16,17.210000000000001,16.550000000000001,16.550000000000001,90501,1026,16.798814
2023-10-17 04:00:00+00:00,16.609999999999999,17.359300000000001,16.234999999999999,16.469999999999999,128240,1115,16.412512
2023-10-18 04:00:00+00:00,16.32,17.369900000000001,16.32,17.07,57740,701,17.103307999999998
2023-10-19 04:00:00+00:00,17.079999999999998,17.289999999999999,16.350000000000001,16.719999999999999,123206,1030,16.798318999999999
2023-10-20 04:00:00+00:00,16.780000000000001,16.780000000000001,16.170000000000002,16.73,171270,1177,16.458024000000002
2023-10-23 04:00:00+00:00,16.600000000000001,16.600000000000001,16.23,16.274999999999999,50795,478,16.330507999999998
2023-10-24 04:00:00+00:00,16.321999999999999,16.41,15.550000000000001,15.585000000000001,151623,1458,15.884646
2023-10-25 04:00:00+00:00,15.56,15.75,14.789999999999999,14.81,193768,2234,15.316343
2023-10-26 04:00:00+00:00,14.949999999999999,14.949999999999999,12.08,13.82,1309532,6550,13.248059
2023-10-27 04:00:00+00:00,13.82,13.84,13.01,13.01,349478,3376,13.399172999999999
2023-10-30 04:00:00+00:00,13.300000000000001,13.563000000000001,11.91,13.365,419446,4177,12.754562999999999
2023-10-31 04:00:00+00:00,13.23,13.58,12.93,13.029999999999999,75025,877,13.277911
2023-11-01 04:00:00+00:00,13.119999999999999,13.140499999999999,12.42,12.91,143037,1488,12.709192
2023-11-02 04:00:00+00:00,13.119999999999999,13.300000000000001,12.74,13.18,96167,1363,13.04321
2023-11-03 04:00:00+00:00,13.279999999999999,13.975,13.279999999999999,13.92,74152,1052,13.800575
2023-11-06 05:00:00+00:00,14,14,13.32,13.56,74958,775,13.528176999999999
2023-11-07 05:00:00+00:00,13.359999999999999,13.67,13.25,13.345000000000001,76329,814,13.429087000000001
2023-11-08 05:00:00+00:00,13.35,13.369999999999999,12.699999999999999,13,184344,1738,12.917953000000001
2023-11-09 05:00:00+00:00,15.9,16.18,14.140000000000001,14.25,557373,3278,14.832278000000001
2023-11-10 05:00:00+00:00,14.56,15.43,14.5,14.99,284343,2152,14.982695
2023-11-13 05:00:00+00:00,14.73,15.4,14.710000000000001,15.23,129785,1253,15.093671000000001
2023-11-14 05:00:00+00:00,15.49,15.9,14.84,14.92,146176,1600,15.37491
2023-11-15 05:00:00+00:00,14.890000000000001,15.18,14.609999999999999,14.65,122179,1214,14.831991
2023-11-16 05:00:00+00:00,14.58,14.81,14.17,14.390000000000001,86991,1087,14.393476
2023-11-17 05:00:00+00:00,14.4,14.91,14.375,14.529999999999999,97005,895,14.647921999999999
2023-11-20 05:00:00+00:00,14.51,14.755000000000001,14.2401,14.710000000000001,81948,1088,14.505908
2023-11-21 05:00:00+00:00,14.539999999999999,15.44,14.539999999999999,15.380000000000001,116563,1137,15.240988
2023-11-22 05:00:00+00:00,15.44,17.789999999999999,15.44,17.66,302420,2914,17.010988999999999
2023-11-24 05:00:00+00:00,17.41,17.809999999999999,16.809999999999999,16.98,45413,742,17.220238999999999
2023-11-27 05:00:00+00:00,16.989999999999998,17.100000000000001,16.200099999999999,16.399999999999999,123804,1260,16.575278999999998
2023-11-28 05:00:00+00:00,16.640000000000001,17.34,16.1907,17.329999999999998,176804,1352,16.865939999999998
2023-11-29 05:00:00+00:00,17.600000000000001,17.690000000000001,16.926400000000001,17.120000000000001,112172,945,17.205876
2023-11-30 05:00:00+00:00,16.960000000000001,17.25,16.77,17.204999999999998,58530,808,17.062982999999999
2023-12-01 05:00:00+00:00,16.989999999999998,17.739999999999998,16.989999999999998,17.629999999999999,98341,1216,17.517847
2023-12-04 05:00:00+00:00,17.629999999999999,17.75,17.27,17.52,39212,785,17.606280999999999
2023-12-05 05:00:00+00:00,17.309999999999999,17.739999999999998,17.16,17.190000000000001,59190,708,17.522147
2023-12-06 05:00:00+00:00,17.219999999999999,17.25,16.640000000000001,16.699999999999999,113644,1299,16.908427
2023-12-07 05:00:00+00:00,16.890000000000001,17.195,16.799900000000001,16.875,50802,551,16.930496000000002
2023-12-08 05:00:00+00:00,16.77,17.289999999999999,16.710000000000001,17.280000000000001,23722,303,17.065345000000001
2023-12-11 05:00:00+00:00,17.120000000000001,17.399999999999999,16.970099999999999,17.300000000000001,64007,539,17.157340999999999
2023-12-12 05:00:00+00:00,17.170000000000002,17.210000000000001,16.699999999999999,17.050000000000001,47932,454,16.980743
2023-12-13 05:00:00+00:00,16.969999999999999,17.5,16.893999999999998,17.199999999999999,95819,713,17.249385
2023-12-14 05:00:00+00:00,17.120000000000001,17.59,17.011099999999999,17.359999999999999,77840,779,17.320224
2023-12-15 05:00:00+00:00,17.039999999999999,17.405000000000001,16.885000000000002,16.969999999999999,103646,1332,17.115245999999999
2023-12-18 05:00:00+00:00,16.969999999999999,17.190000000000001,16.350000000000001,16.370000000000001,110787,1234,16.733597
2023-12-19 05:00:00+00:00,16.460000000000001,16.710000000000001,16.260000000000002,16.329999999999998,92602,967,16.541529000000001
2023-12-20 05:00:00+00:00,16.260000000000002,16.9513,16.18,16.469999999999999,97521,1027,16.468664
2023-12-21 05:00:00+00:00,16.610499999999998,16.829999999999998,16.399999999999999,16.43,60253,1040,16.621903
2023-12-22 05:00:00+00:00,16.739999999999998,17.25,16.664999999999999,17.18,101585,786,17.006011000000001
2023-12-26 05:00:00+00:00,17.07,18.27,17.030000000000001,17.719999999999999,189727,1475,17.801155999999999
2023-12-27 05:00:00+00:00,17.579999999999998,18.489999999999998,17.579999999999998,17.82,121604,807,18.087893000000001
2023-12-28 05:00:00+00:00,17.75,17.995000000000001,17.430099999999999,17.859999999999999,43474,593,17.775368
2023-12-29 05:00:00+00:00,18.199999999999999,18.199999999999999,17.710000000000001,17.870000000000001,139105,1507,17.864464000000002
2024-01-02 05:00:00+00:00,17.870000000000001,17.995000000000001,17.41,17.550000000000001,81174,947,17.678069000000001
2024-01-03 05:00:00+00:00,17.550000000000001,17.719999999999999,17.466100000000001,17.670000000000002,57489,725,17.593730000000001
2024-01-04 05:00:00+00:00,17.609999999999999,18.120000000000001,17.600000000000001,17.640000000000001,83678,793,17.876709000000002
2024-01-05 05:00:00+00:00,17.600000000000001,17.989899999999999,17.390000000000001,17.414999999999999,97443,899,17.641324999999998
2024-01-08 05:00:00+00:00,17.18,17.684999999999999,17.02,17.539999999999999,83871,855,17.382465
2024-01-09 05:00:00+00:00,17.5,17.699999999999999,17.100000000000001,17.32,111060,1067,17.444984999999999
2024-01-10 05:00:00+00:00,17.289000000000001,17.449999999999999,16.879999999999999,16.949999999999999,87671,828,17.061482000000002
2024-01-11 05:00:00+00:00,16.899999999999999,17.43,16.699999999999999,17.219999999999999,81355,924,17.094697
2024-01-12 05:00:00+00:00,17.280000000000001,17.5,17.07,17.100000000000001,71819,538,17.195772999999999
2024-01-16 05:00:00+00:00,17.010000000000002,17.030000000000001,16.420000000000002,16.719999999999999,125996,1276,16.722109
2024-01-17 05:00:00+00:00,16.4998,16.579999999999998,16.309999999999999,16.449999999999999,45635,615,16.445986000000001
2024-01-18 05:00:00+00:00,16.449999999999999,16.920000000000002,16.260000000000002,16.289999999999999,105104,1101,16.572426
2024-01-19 05:00:00+00:00,16.300000000000001,16.66,15.98,16,138086,1183,16.189001999999999
2024-01-22 05:00:00+00:00,16,16.460000000000001,15.8546,16.050000000000001,126381,1534,16.119097
2024-01-23 05:00:00+00:00,16.140000000000001,16.18,15.56,16.039999999999999,197957,2036,15.870115
2024-01-24 05:00:00+00:00,15.800000000000001,16.129999999999999,15.800000000000001,15.869999999999999,55655,632,15.968828
2024-01-25 05:00:00+00:00,16,16.059999999999999,15.74,15.949999999999999,78502,702,15.885471000000001
2024-01-26 05:00:00+00:00,15.94,16.09,15.92,15.970000000000001,146832,820,16.003876999999999
2024-01-29 05:00:00+00:00,15.970000000000001,16.140000000000001,15.75,16,146389,1404,15.987135
2024-01-30 05:00:00+00:00,15.9,16.16,15.449999999999999,15.619999999999999,173531,1707,15.806581
2024-01-31 05:00:00+00:00,15.710000000000001,15.81,15.199999999999999,15.27,83180,1050,15.369147999999999
2024-02-01 05:00:00+00:00,15.279999999999999,15.539999999999999,15.209899999999999,15.375,66289,1277,15.361637
2024-02-02 05:00:00+00:00,15.449999999999999,15.925000000000001,15.31,15.470000000000001,97356,1035,15.538693
2024-02-05 05:00:00+00:00,15.4,15.890000000000001,15.220000000000001,15.890000000000001,86438,808,15.654593999999999
2024-02-06 05:00:00+00:00,15.75,16.300000000000001,15.52,16.23,125579,1140,15.992057000000001
2024-02-07 05:00:00+00:00,16.25,16.829999999999998,16.129999999999999,16.609999999999999,122020,1100,16.623477999999999
2024-02-08 05:00:00+00:00,16.530000000000001,16.530000000000001,16.039999999999999,16.199999999999999,114322,703,16.241914999999999
2024-02-09 05:00:00+00:00,16.265000000000001,16.379999999999999,16.1189,16.289999999999999,98412,934,16.289480999999999
2024-02-12 05:00:00+00:00,16.510000000000002,17.149999999999999,16.4101,17.120000000000001,108899,889,16.835557999999999
2024-02-13 05:00:00+00:00,17.010000000000002,17.309999999999999,16.600000000000001,17.120000000000001,92080,950,17.030712000000001
2024-02-14 05:00:00+00:00,17.359999999999999,17.559999999999999,17.010000000000002,17.260000000000002,127709,1243,17.309873
2024-02-15 05:00:00+00:00,17.289999999999999,17.670000000000002,17.289999999999999,17.399999999999999,83312,1088,17.492995000000001
2024-02-16 05:00:00+00:00,17.199999999999999,17.41,16.809999999999999,16.890000000000001,52249,517,17.089538999999998
2024-02-20 05:00:00+00:00,16.809999999999999,17.530000000000001,16.719999999999999,17.149999999999999,97002,1111,17.098116000000001
2024-02-21 05:00:00+00:00,17.156099999999999,17.239999999999998,16.920000000000002,17.120000000000001,65438,711,17.072717999999998
2024-02-22 05:00:00+00:00,17.199999999999999,17.550000000000001,16.920000000000002,17.210000000000001,162669,2133,17.234801999999998
2024-02-23 05:00:00+00:00,16.449999999999999,16.989999999999998,15.81,16.600000000000001,558907,4919,16.421043999999998
2024-02-26 05:00:00+00:00,16.370000000000001,16.989999999999998,16.370000000000001,16.73,93669,1085,16.650236
2024-02-27 05:00:00+00:00,16.620000000000001,16.629999999999999,15.75,15.75,253781,2230,16.042141000000001
2024-02-28 05:00:00+00:00,15.75,15.890000000000001,15.1,15.380000000000001,212905,1923,15.508981
2024-02-29 05:00:00+00:00,15.380000000000001,15.85,15.26,15.539999999999999,258510,1912,15.612337
2024-03-01 05:00:00+00:00,15.6999,15.7492,15.539999999999999,15.699999999999999,68058,943,15.666283
2024-03-04 05:00:00+00:00,15.640000000000001,15.65,15.32,15.515000000000001,101093,1131,15.510070000000001
2024-03-05 05:00:00+00:00,15.5,15.94,15.4101,15.65,107800,1383,15.723817
2024-03-06 05:00:00+00:00,15.35,15.699999999999999,15.35,15.42,85835,1359,15.556554
2024-03-07 05:00:00+00:00,15.369999999999999,15.59,15.199999999999999,15.26,58011,656,15.40949
2024-03-08 05:00:00+00:00,15.26,15.42,15.07,15.19,99098,1203,15.227021000000001
2024-03-11 04:00:00+00:00,15.029999999999999,15.1999,14.789999999999999,14.82,143873,1072,14.983587
2024-03-12 04:00:00+00:00,14.9,14.9,14.6,14.800000000000001,124718,1147,14.721330999999999
2024-03-13 04:00:00+00:00,14.58,15.289999999999999,14.58,14.699999999999999,153281,1813,14.946341
2024-03-14 04:00:00+00:00,14.800000000000001,14.85,14.25,14.25,199005,2295,14.453295000000001
2024-03-15 04:00:00+00:00,14.09,14.779999999999999,14.09,14.244999999999999,168667,1904,14.416453000000001
2024-03-18 04:00:00+00:00,13.92,14.199999999999999,13.7555,13.93,225929,2277,13.974183999999999
2024-03-19 04:00:00+00:00,13.84,14.050000000000001,13.66,13.800000000000001,210611,2273,13.841260999999999
2024-03-20 04:00:00+00:00,13.94,14.85,13.94,14.41,220428,2179,14.501574
2024-03-21 04:00:00+00:00,14.31,14.94,14.300000000000001,14.48,126994,1041,14.545643
2024-03-22 04:00:00+00:00,14.51,14.59,14.17,14.460000000000001,47362,745,14.408865
2024-03-25 04:00:00+00:00,14.41,14.630000000000001,14.210000000000001,14.220000000000001,45968,579,14.471394
2024-03-26 04:00:00+00:00,14.210000000000001,14.3375,13.800000000000001,13.800000000000001,78215,964,14.041313000000001
2024-03-27 04:00:00+00:00,13.81,14.42,13.81,14.380000000000001,85715,1099,14.275627
2024-03-28 04:00:00+00:00,14.25,14.935,14.25,14.859999999999999,125444,995,14.740757
2024-04-01 04:00:00+00:00,14.359999999999999,15,14.16,14.859999999999999,128754,1111,14.807429000000001
2024-04-02 04:00:00+00:00,14.93,14.93,14.5502,14.82,69090,1157,14.685165
2024-04-03 04:00:00+00:00,14.710000000000001,15.26,14.710000000000001,15.23,68051,843,15.052021
2024-04-04 04:00:00+00:00,15.23,15.550000000000001,15.175000000000001,15.300000000000001,125491,1046,15.383336
2024-04-05 04:00:00+00:00,15.34,15.57,15.210000000000001,15.43,86465,1011,15.426943
2024-04-08 04:00:00+00:00,15.57,15.5733,15.27,15.529999999999999,63605,804,15.478497000000001
2024-04-09 04:00:00+00:00,15.65,15.9,15.5,15.789999999999999,145545,1725,15.77434
2024-04-10 04:00:00+00:00,15.74,15.779999999999999,15.5101,15.640000000000001,145852,936,15.651388000000001
2024-04-11 04:00:00+00:00,15.57,15.65,15.34,15.43,53276,798,15.480013
2024-04-12 04:00:00+00:00,15.58,15.58,15.26,15.369999999999999,52138,648,15.372567
2024-04-15 04:00:00+00:00,15.26,15.32,14.8765,15,65470,632,15.076478
2024-04-16 04:00:00+00:00,14.859999999999999,15.4574,14.470000000000001,14.98,240231,2743,14.902132999999999
2024-04-17 04:00:00+00:00,14.880000000000001,15.199999999999999,14.6,15.119999999999999,190036,1294,15.007288000000001
2024-04-18 04:00:00+00:00,15.050000000000001,15.390000000000001,15.029999999999999,15.15,64119,718,15.197896999999999
2024-04-19 04:00:00+00:00,15.050000000000001,15.188000000000001,14.927099999999999,14.98,47512,450,15.056284
2024-04-22 04:00:00+00:00,15.01,15.449999999999999,14.904999999999999,15.365,154557,920,15.249387
2024-04-23 04:00:00+00:00,15.369999999999999,16.289999999999999,15.295,16.199999999999999,163942,1498,16.049194
2024-04-24 04:00:00+00:00,16.07,16.189900000000002,15.56,15.58,64222,840,15.851699
2024-04-25 04:00:00+00:00,15.369999999999999,15.69,15.3347,15.67,106370,989,15.460900000000001
2024-04-26 04:00:00+00:00,15.65,15.75,15.5001,15.52,101639,758,15.607049
2024-04-29 04:00:00+00:00,15.5,16.02,15.5,16.02,80316,613,15.849501
2024-04-30 04:00:00+00:00,15.9,15.9,15.625,15.66,93712,825,15.722688
2024-05-01 04:00:00+00:00,15.73,15.800000000000001,15.5,15.66,52289,643,15.62637
2024-05-02 04:00:00+00:00,15.609999999999999,16.120000000000001,15.6083,15.93,81041,651,15.946179000000001
2024-05-03 04:00:00+00:00,16,16.260000000000002,15.8256,16.199999999999999,68533,640,16.134214
2024-05-06 04:00:00+00:00,16.170000000000002,16.289999999999999,16.079999999999998,16.219999999999999,51818,576,16.172733000000001
2024-05-07 04:00:00+00:00,16.289999999999999,16.800000000000001,16.239999999999998,16.309999999999999,137326,1360,16.562812000000001
2024-05-08 04:00:00+00:00,16.370000000000001,16.370000000000001,16.039999999999999,16.109999999999999,56145,899,16.215693999999999
2024-05-09 04:00:00+00:00,16.039999999999999,16.449999999999999,15.83,16.16,115089,1308,16.209593000000002
2024-05-10 04:00:00+00:00,16.030000000000001,16.415500000000002,15.66,15.970000000000001,138561,842,15.901469000000001
2024-05-13 04:00:00+00:00,15.9,15.9,15.199999999999999,15.210000000000001,221091,1477,15.573878000000001
2024-05-14 04:00:00+00:00,15.220000000000001,15.49,15.029999999999999,15.449999999999999,89557,1033,15.276721999999999
2024-05-15 04:00:00+00:00,15.324999999999999,15.470000000000001,15.01,15.369999999999999,158644,1235,15.206683999999999
2024-05-16 04:00:00+00:00,15.380000000000001,15.827999999999999,15.3401,15.75,78435,836,15.683714999999999
2024-05-17 04:00:00+00:00,15.699999999999999,15.890000000000001,15.470000000000001,15.76,101838,1160,15.694917
2024-05-20 04:00:00+00:00,15.800000000000001,15.800000000000001,15.41,15.69,170776,1989,15.607429
2024-05-21 04:00:00+00:00,15.619999999999999,15.925000000000001,15.390000000000001,15.640000000000001,117349,1580,15.703725
2024-05-22 04:00:00+00:00,15.699999999999999,15.720000000000001,15.32,15.43,124857,1360,15.519605
2024-05-23 04:00:00+00:00,15.5,15.59,15.25,15.470000000000001,109054,1257,15.386319
2024-05-24 04:00:00+00:00,15.41,15.970000000000001,15.4001,15.970000000000001,141736,1667,15.763895
2024-05-28 04:00:00+00:00,16,16.274999999999999,15.925000000000001,16.129999999999999,103908,840,16.086845
2024-05-29 04:00:00+00:00,15.93,16,15.795,15.91,26926,402,15.875147999999999
2024-05-30 04:00:00+00:00,15.85,16.09,15.7614,16.07,78177,699,15.906985000000001
2024-05-31 04:00:00+00:00,15.98,16.460000000000001,15.98,16.280000000000001,107661,1460,16.254781000000001
2024-06-03 04:00:00+00:00,16.280000000000001,16.5,16,16.460000000000001,73130,869,16.209188000000001
2024-06-04 04:00:00+00:00,16.300000000000001,16.329999999999998,15.93,16.100000000000001,105875,682,16.1143
2024-06-05 04:00:00+00:00,16.07,16.100000000000001,15.779999999999999,15.84,114902,879,15.941272
2024-06-06 04:00:00+00:00,15.77,15.82,15.630000000000001,15.81,88884,989,15.739845000000001
2024-06-07 04:00:00+00:00,15.710000000000001,15.880000000000001,15.6134,15.800000000000001,22665,597,15.768837
2024-06-10 04:00:00+00:00,15.51,16.48,15.51,16.300000000000001,137370,1318,16.072973999999999
2024-06-11 04:00:00+00:00,16.199999999999999,16.460000000000001,16,16.449999999999999,64632,918,16.242484999999999
2024-06-12 04:00:00+00:00,16.48,16.695,16.440000000000001,16.5,45255,852,16.534586000000001
2024-06-13 04:00:00+00:00,16.449999999999999,16.629999999999999,15.85,16.129999999999999,111542,1480,16.176096999999999
2024-06-14 04:00:00+00:00,16.010000000000002,16.129999999999999,15.76,16.09,50464,957,15.962152
2024-06-17 04:00:00+00:00,16,16.280000000000001,16,16.260000000000002,135884,966,16.196514000000001
2024-06-18 04:00:00+00:00,16.129999999999999,16.370000000000001,16.129999999999999,16.370000000000001,36672,453,16.277522000000001
2024-06-20 04:00:00+00:00,15.75,16.34,15.75,16.27,63046,842,16.188882
2024-06-21 04:00:00+00:00,16.140000000000001,16.289999999999999,15.94,16.23,95227,992,16.167645
2024-06-24 04:00:00+00:00,16.199999999999999,16.530000000000001,15.955,16.350000000000001,211873,1944,16.269258000000001
2024-06-25 04:00:00+00:00,16.190000000000001,16.437899999999999,15.9,15.949999999999999,123170,1003,16.248018999999999
2024-06-26 04:00:00+00:00,15.92,16.09,15.92,16.02,95775,1012,16.006874
2024-06-27 04:00:00+00:00,16.09,16.27,16,16.199999999999999,69939,914,16.172205000000002
2024-06-28 04:00:00+00:00,16.109999999999999,16.299900000000001,15.960000000000001,16.050000000000001,61293,869,16.081593000000002
2024-07-01 04:00:00+00:00,16.16,16.260000000000002,16.09,16.129999999999999,65048,615,16.172485000000002
2024-07-02 04:00:00+00:00,16.100000000000001,16.300000000000001,15.9,15.9,62846,1337,16.049007
2024-07-03 04:00:00+00:00,16,16.100000000000001,15.91,16,39974,848,16.014261999999999
2024-07-05 04:00:00+00:00,15.9,16.18,15.9,15.960000000000001,92966,859,16.084970999999999
2024-07-08 04:00:00+00:00,16.005099999999999,16.184699999999999,15.9314,16.140000000000001,188062,1619,16.078137000000002
2024-07-09 04:00:00+00:00,16.190000000000001,16.260000000000002,16.059999999999999,16.140000000000001,141543,1285,16.161617
2024-07-10 04:00:00+00:00,16.440000000000001,17.449999999999999,16.251999999999999,17.32,385610,2901,16.932960999999999
2024-07-11 04:00:00+00:00,17.16,18.100000000000001,16.899999999999999,16.969999999999999,302262,2124,17.51089
2024-07-12 04:00:00+00:00,17.059999999999999,17.059999999999999,15.92,16.300000000000001,340805,3471,16.226095000000001
2024-07-15 04:00:00+00:00,16.5,16.899999999999999,16.219999999999999,16.329999999999998,739589,3139,16.493590999999999
2024-07-16 04:00:00+00:00,16.420000000000002,16.420000000000002,15.98,16.02,215821,2133,16.173058000000001
2024-07-17 04:00:00+00:00,16.07,16.09,15.56,15.640000000000001,800161,2313,15.79574
2024-07-18 04:00:00+00:00,15,15.26,14.449999999999999,14.51,1125133,6825,14.806685999999999
2024-07-19 04:00:00+00:00,14.68,14.92,13.890000000000001,13.970000000000001,436852,5180,14.179430999999999
2024-07-22 04:00:00+00:00,14.08,14.5,13.65,14.199999999999999,361324,3507,14.170382999999999
2024-07-23 04:00:00+00:00,14.109999999999999,14.33,12.890000000000001,12.91,637496,6026,13.434113
2024-07-24 04:00:00+00:00,12.859999999999999,13.42,11.949999999999999,12.210000000000001,1078380,7982,12.451693000000001
2024-07-25 04:00:00+00:00,12.210000000000001,12.695,11.94,12.24,702312,7574,12.397138
2024-07-26 04:00:00+00:00,12.35,13.210000000000001,12.220000000000001,13.15,644346,5500,12.815424
2024-07-29 04:00:00+00:00,13.220000000000001,13.31,12.56,12.66,375056,4597,12.907301
2024-07-30 04:00:00+00:00,12.6,12.83,12.199999999999999,12.67,567290,5838,12.487963000000001
2024-07-31 04:00:00+00:00,12.69,13.58,12.69,13.4,456597,4016,13.281359999999999
2024-08-01 04:00:00+00:00,13.5,13.779999999999999,12.27,12.66,413213,4778,12.793906
2024-08-02 04:00:00+00:00,12.210000000000001,12.41,11.52,11.84,633717,6703,11.836485
2024-08-05 04:00:00+00:00,11,11.66,9.9719999999999995,11.470000000000001,715526,5543,10.994410999999999
2024-08-06 04:00:00+00:00,11.449999999999999,12.35,11.220000000000001,11.84,530367,5661,11.985556000000001
2024-08-07 04:00:00+00:00,12,12.140000000000001,11.200100000000001,11.26,350957,5475,11.630238
2024-08-08 04:00:00+00:00,11.359999999999999,11.84,11.09,11.789999999999999,450832,5156,11.577931
2024-08-09 04:00:00+00:00,12.4,13.99,12.298,13.640000000000001,1155525,9710,13.527168
2024-08-12 04:00:00+00:00,13.539999999999999,14.31,13.539999999999999,14.19,694003,6808,14.023503
2024-08-13 04:00:00+00:00,14.48,16.045000000000002,14.23,15.98,1507663,11027,15.404394999999999
2024-08-14 04:00:00+00:00,15.960000000000001,16.59,15.59,15.949999999999999,616057,7987,16.005706
2024-08-15 04:00:00+00:00,16.039999999999999,17.329899999999999,15.848100000000001,17.289999999999999,1023371,8450,16.795134000000001
2024-08-16 04:00:00+00:00,16.789999999999999,17.699999999999999,16.785,16.949999999999999,557617,8098,17.197158999999999
2024-08-19 04:00:00+00:00,17,17.370000000000001,16.776299999999999,17.07,388271,4662,17.081325
2024-08-20 04:00:00+00:00,17.100000000000001,17.295000000000002,16.640000000000001,16.98,366579,4635,16.997463
2024-08-21 04:00:00+00:00,17.09,17.940000000000001,17.09,17.510000000000002,620014,6900,17.682448999999998
2024-08-22 04:00:00+00:00,17.629999999999999,20.859999999999999,17.629999999999999,20.640000000000001,2616511,20176,19.872644999999999
2024-08-23 04:00:00+00:00,20.640000000000001,21.190000000000001,19.379999999999999,19.98,945650,9437,20.314948000000001
2024-08-26 04:00:00+00:00,19.989999999999998,20.543299999999999,19.440000000000001,20.260000000000002,404256,4998,20.015888
2024-08-27 04:00:00+00:00,20,20.800000000000001,19.859999999999999,20.18,616606,7979,20.444624000000001
2024-08-28 04:00:00+00:00,20,20.191400000000002,18.359999999999999,18.52,671959,7495,18.820364999999999
2024-08-29 04:00:00+00:00,18.649999999999999,19.050000000000001,17.859999999999999,18.059999999999999,510734,6112,18.447690000000001
2024-08-30 04:00:00+00:00,18.010000000000002,18.609999999999999,17.57,18.059999999999999,508538,5584,18.029108999999998
2024-09-03 04:00:00+00:00,17.969999999999999,18.109999999999999,17.02,17.379999999999999,477367,7523,17.475196
2024-09-04 04:00:00+00:00,17.260000000000002,18.48,17.260000000000002,18.010000000000002,391973,6196,18.023692
2024-09-05 04:00:00+00:00,18.059999999999999,18.34,17.449999999999999,17.48,296420,4271,17.898489000000001
2024-09-06 04:00:00+00:00,17.530000000000001,18.140000000000001,16.629999999999999,17.75,1171316,9817,17.566773999999999
2024-09-09 04:00:00+00:00,17.949999999999999,18.25,15.395,16.010000000000002,1066799,12792,16.443142000000002
2024-09-10 04:00:00+00:00,15.84,16.510000000000002,15.58,15.98,608545,7740,16.089621999999999
2024-09-11 04:00:00+00:00,16.140000000000001,16.170000000000002,15.029999999999999,15.029999999999999,739390,9616,15.495182
2024-09-12 04:00:00+00:00,15.98,16.899999999999999,15.85,16.579999999999998,872854,10354,16.471446
2024-09-13 04:00:00+00:00,16.210000000000001,17.350000000000001,16.210000000000001,17.16,1071565,11782,17.063386000000001
2024-09-16 04:00:00+00:00,17.02,18.18,16.870000000000001,17.960000000000001,1168064,11629,17.717835000000001
2024-09-17 04:00:00+00:00,17.989999999999998,18.475000000000001,17.539999999999999,18.289999999999999,1034320,13161,18.188105
2024-09-18 04:00:00+00:00,18.5,18.739999999999998,17.850000000000001,18.239999999999998,1455896,16594,18.281472000000001
2024-09-19 04:00:00+00:00,18.68,18.879999999999999,17.390000000000001,18.030000000000001,1317519,9170,18.121714000000001
2024-09-20 04:00:00+00:00,17.699999999999999,18.109999999999999,17.18,18,6442531,15431,17.979255999999999
2024-09-23 04:00:00+00:00,17.52,17.989999999999998,17,17.219999999999999,1095298,7034,17.241014
2024-09-24 04:00:00+00:00,17.25,17.890000000000001,17.052499999999998,17.77,1043084,8218,17.711658
2024-09-25 04:00:00+00:00,17.460000000000001,17.98,17.350000000000001,17.449999999999999,381592,6883,17.710809999999999
2024-09-26 04:00:00+00:00,17.399999999999999,17.934999999999999,17,17.010000000000002,274353,4843,17.438775
2024-09-27 04:00:00+00:00,17.140000000000001,17.629999999999999,17.140000000000001,17.52,242500,5303,17.462184000000001
2024-09-30 04:00:00+00:00,17.649999999999999,17.989999999999998,17.454999999999998,17.82,261657,5247,17.764230000000001
2024-10-01 04:00:00+00:00,17.850000000000001,18.07,17.449999999999999,17.460000000000001,308334,4621,17.734061000000001
2024-10-02 04:00:00+00:00,17.539999999999999,17.899999999999999,17.390000000000001,17.66,256393,4513,17.622361999999999
2024-10-03 04:00:00+00:00,17.940000000000001,19.239999999999998,17.700099999999999,18.98,717875,7771,18.858550000000001
2024-10-04 04:00:00+00:00,19,20.620000000000001,19,20.420000000000002,864691,9584,20.117031999999998
2024-10-07 04:00:00+00:00,20.219999999999999,20.940000000000001,20.030100000000001,20.469999999999999,681419,6663,20.524197999999998
2024-10-08 04:00:00+00:00,20.539999999999999,20.539999999999999,19.600000000000001,20.260000000000002,409342,6582,20.23659
2024-10-09 04:00:00+00:00,20.289999999999999,20.574999999999999,19.690000000000001,20.100000000000001,584358,8831,20.179746999999999
2024-10-10 04:00:00+00:00,20.5,20.780000000000001,19.699999999999999,20.23,812470,7136,20.450886000000001
2024-10-11 04:00:00+00:00,20.379999999999999,20.800000000000001,20.129999999999999,20.670000000000002,346636,5641,20.587674
2024-10-14 04:00:00+00:00,20.75,21.68,20.470300000000002,21.379999999999999,668892,8662,21.225971999999999
2024-10-15 04:00:00+00:00,20.940000000000001,21.984999999999999,20.329999999999998,21.879999999999999,1134332,10911,21.556158
2024-10-16 04:00:00+00:00,21.329999999999998,21.98,21.329999999999998,21.93,674046,7378,21.737909999999999
2024-10-17 04:00:00+00:00,25.07,25.289899999999999,21.609999999999999,21.870000000000001,2351905,21803,22.972899999999999
2024-10-18 04:00:00+00:00,22,22.469999999999999,19.73,20.059999999999999,2288536,19483,20.204863
2024-10-21 04:00:00+00:00,20.489999999999998,21.850000000000001,20.219999999999999,21.149999999999999,1040634,11173,21.299690999999999
2024-10-22 04:00:00+00:00,21.149999999999999,21.469999999999999,20.835000000000001,21.199999999999999,470835,5582,21.208386999999998
2024-10-23 04:00:00+00:00,21.199999999999999,22.27,21,21.07,633671,8721,21.531033000000001
2024-10-24 04:00:00+00:00,20.719999999999999,21.289999999999999,20.719999999999999,21.184999999999999,546132,6099,21.062218999999999
2024-10-25 04:00:00+00:00,21.399999999999999,21.399999999999999,20.829999999999998,21.18,422234,4477,21.147300000000001
2024-10-28 04:00:00+00:00,21,21.68,20.710000000000001,21.41,573551,4280,21.408957000000001
2024-10-29 04:00:00+00:00,21.18,21.5213,20.059999999999999,20.129999999999999,652100,6703,20.449507000000001
2024-10-30 04:00:00+00:00,20.109999999999999,21.420000000000002,20.010000000000002,21.210000000000001,564344,7887,20.826635
2024-10-31 04:00:00+00:00,21.210000000000001,21.539999999999999,20.399999999999999,21.329999999999998,672040,7182,21.155754000000002
2024-11-01 04:00:00+00:00,21.370000000000001,21.699999999999999,20.780000000000001,21.120000000000001,611268,6511,21.185713
2024-11-04 05:00:00+00:00,20.960000000000001,21.690000000000001,20.844899999999999,21.030000000000001,420148,5995,21.137426999999999
2024-11-05 05:00:00+00:00,21.059999999999999,21.539999999999999,20.489999999999998,20.550000000000001,421696,5384,20.879615000000001
2024-11-06 05:00:00+00:00,19.460000000000001,19.920000000000002,18.219999999999999,19.600000000000001,1175162,13131,19.242424
2024-11-07 05:00:00+00:00,19.719999999999999,20.539999999999999,19.719999999999999,20.260000000000002,909768,10278,20.229151000000002
2024-11-08 05:00:00+00:00,20.32,22.5,18.180099999999999,22.239999999999998,1588386,17743,20.303432000000001
2024-11-11 05:00:00+00:00,22.199999999999999,22.84,21.800000000000001,22.25,1248245,10968,22.280792000000002
2024-11-12 05:00:00+00:00,22,22.300000000000001,20.149999999999999,20.329999999999998,1008412,11397,20.667591999999999
2024-11-13 05:00:00+00:00,20.219999999999999,20.48,19.614999999999998,19.899999999999999,701753,7820,20.012336999999999
2024-11-14 05:00:00+00:00,19.960000000000001,20.539999999999999,19.629999999999999,20.489999999999998,397393,6116,20.182860999999999
2024-11-15 05:00:00+00:00,20.530000000000001,21.710000000000001,20.460000000000001,20.920000000000002,735939,8256,20.973251000000001
2024-11-18 05:00:00+00:00,21.039999999999999,21.215,20.09,20.57,526008,6531,20.494599999999998
2024-11-19 05:00:00+00:00,20.399999999999999,21.079999999999998,20.399999999999999,20.785,471872,6716,20.808928999999999
2024-11-20 05:00:00+00:00,20.66,21.32,20.530000000000001,20.809999999999999,413925,6760,20.836086999999999
2024-11-21 05:00:00+00:00,20.870000000000001,21.629999999999999,20.861999999999998,21.52,341887,5071,21.358060999999999
2024-11-22 05:00:00+00:00,21.600000000000001,22.164999999999999,21.219999999999999,21.800000000000001,585700,8680,21.834543
2024-11-25 05:00:00+00:00,22,22.43,21.41,22.16,1786913,10508,22.117554999999999
2024-11-26 05:00:00+00:00,22,22.629999999999999,21.98,22.399999999999999,437654,6194,22.397479000000001
2024-11-27 05:00:00+00:00,22.460000000000001,22.73,22.02,22.399999999999999,286642,5208,22.408707
2024-11-29 05:00:00+00:00,22.5,23.25,22.219999999999999,22.539999999999999,323219,4125,22.759529000000001
2024-12-02 05:00:00+00:00,22.809999999999999,22.809999999999999,21.829999999999998,22.510000000000002,654105,9918,22.198654000000001
2024-12-03 05:00:00+00:00,22.600000000000001,22.75,20.859999999999999,21.920000000000002,982127,11140,21.60294
2024-12-04 05:00:00+00:00,21.82,22.600000000000001,21.41,22.52,686194,7567,22.249839000000001
2024-12-05 05:00:00+00:00,22.530000000000001,23.34,22.02,22.100000000000001,793841,8183,22.481338000000001
2024-12-06 05:00:00+00:00,21.870000000000001,22,21.25,21.870000000000001,406970,7032,21.629258
2024-12-09 05:00:00+00:00,21.98,22.050000000000001,21.010000000000002,21.52,424193,7011,21.455953000000001
2024-12-10 05:00:00+00:00,21.789999999999999,22.16,21.440000000000001,21.579999999999998,705035,7496,21.739825
2024-12-11 05:00:00+00:00,21.670000000000002,22.370000000000001,21.359999999999999,22.280000000000001,412449,6357,22.067357000000001
2024-12-12 05:00:00+00:00,22.219999999999999,22.399999999999999,21.5,21.829999999999998,538421,7626,21.820992
2024-12-13 05:00:00+00:00,21.870000000000001,22,20.555,21.379999999999999,699423,11453,21.154913000000001
2024-12-16 05:00:00+00:00,21.449999999999999,21.5,20,20.18,779531,10493,20.558465000000002
2024-12-17 05:00:00+00:00,20,21.640000000000001,19.850000000000001,21.600000000000001,771905,12253,21.0153
2024-12-18 05:00:00+00:00,21.789999999999999,22.184699999999999,20.530000000000001,20.68,616132,11295,21.217825999999999
2024-12-19 05:00:00+00:00,21,21.109999999999999,20.149999999999999,20.300000000000001,552265,9339,20.480176
2024-12-20 05:00:00+00:00,20.199999999999999,21.02,20.199999999999999,20.390000000000001,2068759,10768,20.438731000000001
2024-12-23 05:00:00+00:00,20.550000000000001,20.899999999999999,19.739999999999998,19.859999999999999,746693,11199,20.178211999999998
2024-12-24 05:00:00+00:00,19.760000000000002,21.16,19.32,20.620000000000001,574620,7398,20.475193999999998
2024-12-26 05:00:00+00:00,20.370000000000001,20.77,20.199999999999999,20.600000000000001,748347,9069,20.534424000000001
2024-12-27 05:00:00+00:00,20.469999999999999,21.41,20.440000000000001,21.170000000000002,740239,9293,21.107755000000001
2024-12-30 05:00:00+00:00,21,21.75,20.636700000000001,21.73,455330,5987,21.409742000000001
2024-12-31 05:00:00+00:00,21.98,22.190000000000001,21.59,22.02,885637,10599,21.909908000000001
2025-01-02 05:00:00+00:00,22.039999999999999,22.390799999999999,21.649999999999999,21.789999999999999,551178,8658,21.893464000000002
2025-01-03 05:00:00+00:00,21.940000000000001,23.719999999999999,21.579999999999998,23.579999999999998,1198719,11570,23.002331999999999
2025-01-06 05:00:00+00:00,23.579999999999998,23.75,22.07,22.440000000000001,991090,11713,22.586449999999999
2025-01-07 05:00:00+00:00,22.239999999999998,22.239999999999998,20.940000000000001,21.309999999999999,658301,9720,21.379521
2025-01-08 05:00:00+00:00,21.039999999999999,21.510000000000002,20.609999999999999,21.379999999999999,487193,5246,21.126676
2025-01-10 05:00:00+00:00,21.530000000000001,21.920000000000002,21.149999999999999,21.75,864925,7817,21.669407
2025-01-13 05:00:00+00:00,22.649999999999999,23.199999999999999,21.449999999999999,22,2559574,21016,22.153479999999998
2025-01-14 05:00:00+00:00,22.109999999999999,22.149999999999999,18.850000000000001,18.960000000000001,2904444,27740,19.766446999999999
2025-01-15 05:00:00+00:00,19.02,19.98,18.850000000000001,18.93,1889596,20203,19.105611
2025-01-16 05:00:00+00:00,18.93,19.600000000000001,18.16,18.16,1257437,11955,18.673705000000002
2025-01-17 05:00:00+00:00,18.079999999999998,18.529900000000001,17.09,18.399999999999999,2005644,17522,17.828348999999999
2025-01-21 05:00:00+00:00,18.09,18.09,15.25,16.039999999999999,2714816,26575,16.143348
2025-01-22 05:00:00+00:00,16.050000000000001,16.940000000000001,15.74,15.98,1266920,13259,16.297235000000001
2025-01-23 05:00:00+00:00,16.050000000000001,16.27,15.66,16,1256337,13144,15.989103
2025-01-24 05:00:00+00:00,16.07,17.039999999999999,15.74,16.68,1222548,15107,16.533918
2025-01-27 05:00:00+00:00,16.219999999999999,16.719999999999999,16.030000000000001,16.23,758073,10511,16.327366000000001
2025-01-28 05:00:00+00:00,16.199999999999999,16.27,14.779999999999999,15.01,1765052,15499,15.178069000000001
2025-01-29 05:00:00+00:00,15.050000000000001,17.280000000000001,14.800000000000001,16.829999999999998,2636977,23464,16.186454999999999
2025-01-30 05:00:00+00:00,16.91,17.02,16.2211,16.760000000000002,881001,10000,16.659192999999998
2025-01-31 05:00:00+00:00,16.899999999999999,17.98,16.43,17.710000000000001,1226888,11767,17.61035
2025-02-03 05:00:00+00:00,17.32,18.440000000000001,16.901199999999999,18.34,1165217,14177,18.095078000000001
2025-02-04 05:00:00+00:00,16.699999999999999,17.879999999999999,16,17.004999999999999,1532047,18978,17.161883
2025-02-05 05:00:00+00:00,16.780000000000001,16.875,15.33,16.640000000000001,2045959,21121,16.196732999999998
2025-02-06 05:00:00+00:00,16.850000000000001,17.300000000000001,16.280000000000001,16.510000000000002,1026927,12011,16.677816
2025-02-07 05:00:00+00:00,16.52,16.690000000000001,16.100000000000001,16.210000000000001,732758,10929,16.320630999999999
2025-02-10 05:00:00+00:00,16.300000000000001,16.899999999999999,16.140000000000001,16.16,1088231,15168,16.40691
2025-02-11 05:00:00+00:00,16,16.297799999999999,15.83,15.880000000000001,1296227,13672,16.022369000000001
2025-02-12 05:00:00+00:00,19,19.140000000000001,17.210000000000001,17.41,3627569,31731,18.021179
2025-02-13 05:00:00+00:00,17.359999999999999,17.489999999999998,15.4001,16.550000000000001,2010708,22144,16.373522000000001
2025-02-14 05:00:00+00:00,16.59,16.949999999999999,16.425000000000001,16.57,642102,10024,16.606037000000001
2025-02-18 05:00:00+00:00,16.75,16.84,15.85,16.079999999999998,1211688,12390,16.215722
2025-02-19 05:00:00+00:00,16.219999999999999,16.219999999999999,15.33,15.470000000000001,1013815,13193,15.630061
2025-02-20 05:00:00+00:00,15.49,15.710000000000001,14.710000000000001,15.5,1246036,15818,15.341236
2025-02-21 05:00:00+00:00,15.43,15.5,14.48,14.93,1924218,20344,14.868017
2025-02-24 05:00:00+00:00,14.880000000000001,15.449999999999999,14.35,14.98,847511,11132,14.973323000000001
2025-02-25 05:00:00+00:00,14.869999999999999,15.56,14.44,15.529999999999999,1014550,14346,15.190645999999999
2025-02-26 05:00:00+00:00,15.619999999999999,15.73,15.130000000000001,15.449999999999999,841373,11741,15.408079000000001
2025-02-27 05:00:00+00:00,15.42,15.57,14.94,14.98,1243427,18511,15.179754000000001
2025-02-28 05:00:00+00:00,14.93,15.25,13.710000000000001,14.33,1802038,19750,14.33634
2025-03-03 05:00:00+00:00,14.300000000000001,14.300000000000001,13.33,13.460000000000001,2126230,25100,13.715778
2025-03-04 05:00:00+00:00,12.6,13.18,11.890000000000001,13.039999999999999,2724435,26753,12.471176
2025-03-05 05:00:00+00:00,12.77,13.02,12.1,12.98,1389345,16817,12.593398000000001
2025-03-06 05:00:00+00:00,12.9,12.94,12.390000000000001,12.449999999999999,975156,13674,12.535652000000001
2025-03-07 05:00:00+00:00,12.48,12.77,11.949999999999999,11.970000000000001,830810,11214,12.147678000000001
2025-03-10 04:00:00+00:00,11.800000000000001,11.98,10.880000000000001,10.949999999999999,1525772,18291,11.322608000000001
2025-03-11 04:00:00+00:00,10.92,11.25,10.109999999999999,10.785,1549618,17494,10.560651
2025-03-12 04:00:00+00:00,10.869999999999999,11.3192,10.550000000000001,11.140000000000001,998163,14375,11.003615
2025-03-13 04:00:00+00:00,11.220000000000001,11.529999999999999,10.955,11.26,1122215,14191,11.216025
2025-03-14 04:00:00+00:00,11.4,12.109999999999999,11.315,12.06,1046791,14486,11.940771
2025-03-17 04:00:00+00:00,12.73,13.49,12.31,13.19,1544445,23626,13.208050999999999
2025-03-18 04:00:00+00:00,12.98,13.27,12.84,12.845000000000001,697732,10330,12.993772
2025-03-19 04:00:00+00:00,13.06,13.460000000000001,12.779999999999999,13.220000000000001,741449,11387,13.265601
2025-03-20 04:00:00+00:00,13.109999999999999,13.51,13.109999999999999,13.380000000000001,992184,10369,13.360073999999999
2025-03-21 04:00:00+00:00,13.48,13.48,12.57,12.720000000000001,3140072,14576,12.755644
2025-03-24 04:00:00+00:00,12.800000000000001,12.99,12.43,12.67,1059762,12954,12.660819999999999
2025-03-25 04:00:00+00:00,12.69,12.975,12.220000000000001,12.23,720403,7973,12.429292
2025-03-26 04:00:00+00:00,12.24,12.75,12.17,12.23,680964,11239,12.364191999999999
2025-03-27 04:00:00+00:00,12.32,13.48,11.914,13.449999999999999,1911063,15850,12.934347000000001
2025-03-28 04:00:00+00:00,13.359999999999999,13.56,13.050000000000001,13.16,1425518,13690,13.262587
2025-03-31 04:00:00+00:00,13.01,13.24,12.66,12.68,1104286,15161,12.904646
2025-04-01 04:00:00+00:00,12.68,13.01,12.06,12.73,1066186,13790,12.581087999999999
2025-04-02 04:00:00+00:00,12.56,13.460000000000001,12.56,13.15,688977,9955,13.133245000000001
2025-04-03 04:00:00+00:00,12.19,12.77,11.265000000000001,11.960000000000001,1815158,19837,11.728419000000001
2025-04-04 04:00:00+00:00,11.029999999999999,11.16,9.0399999999999991,9.75,2272359,22795,9.7815569999999994
2025-04-07 04:00:00+00:00,8.7799999999999994,10.23,8.5,9.8300000000000001,2205124,19498,9.6315969999999993
2025-04-08 04:00:00+00:00,10.34,10.4,8.5100999999999996,8.9900000000000002,1449631,18446,9.0838099999999997
2025-04-09 04:00:00+00:00,8.3000000000000007,10.32,7.6799999999999997,10.109999999999999,4250270,33551,9.1000409999999992
2025-04-10 04:00:00+00:00,9.7200000000000006,9.8350000000000009,8.6300000000000008,9.1449999999999996,1588790,14163,8.9438379999999995
2025-04-11 04:00:00+00:00,9.0700000000000003,9.9499999999999993,8.8599999999999994,9.9149999999999991,1276569,13900,9.4469309999999993
2025-04-14 04:00:00+00:00,10.17,10.205,9.2899999999999991,9.3100000000000005,825694,11164,9.6111240000000002
2025-04-15 04:00:00+00:00,9.1600000000000001,9.4800000000000004,9.0601000000000003,9.4499999999999993,1350810,10114,9.2606369999999991
2025-04-16 04:00:00+00:00,9.5199999999999996,10.050000000000001,9.3000000000000007,9.4149999999999991,782058,10744,9.5701059999999991
2025-04-17 04:00:00+00:00,9.6199999999999992,9.9450000000000003,9.5800000000000001,9.7599999999999998,960511,13254,9.7601960000000005
2025-04-21 04:00:00+00:00,9.7400000000000002,9.75,9.1699999999999999,9.2200000000000006,618332,8558,9.2919750000000008
2025-04-22 04:00:00+00:00,9.2899999999999991,9.5899999999999999,8.8800000000000008,9.5500000000000007,1025187,11252,9.3168790000000001
2025-04-23 04:00:00+00:00,9.9700000000000006,10.1448,9.6400000000000006,9.9299999999999997,1387841,10535,9.8050540000000002
2025-04-24 04:00:00+00:00,10,10.42,9.875,10.380000000000001,797845,9953,10.260225
2025-04-25 04:00:00+00:00,10.220000000000001,10.5,9.8108000000000004,10.48,804986,9429,10.307460000000001
2025-04-28 04:00:00+00:00,10.68,11.1,10.625,11.074999999999999,802368,10511,10.923166
2025-04-29 04:00:00+00:00,10.960000000000001,11.2967,10.75,10.859999999999999,648582,8106,11.008827
2025-04-30 04:00:00+00:00,10.57,10.73,10.140000000000001,10.6,1079598,9530,10.449768000000001
2025-05-01 04:00:00+00:00,10.6,11.08,10.41,10.69,991999,11045,10.725527
2025-05-02 04:00:00+00:00,10.84,11.34,10.640000000000001,11.25,976145,11752,11.112513
2025-05-05 04:00:00+00:00,11.140000000000001,11.33,10.91,11.1,866835,9532,11.128873
2025-05-06 04:00:00+00:00,11.199999999999999,11.390000000000001,11,11.18,726250,8196,11.173736
2025-05-07 04:00:00+00:00,11.300000000000001,11.390000000000001,11.015000000000001,11.35,768242,10036,11.222901
2025-05-08 04:00:00+00:00,11.4,12.16,11.375,11.869999999999999,1329348,13794,11.820342
2025-05-09 04:00:00+00:00,11.92,12.5,11.800000000000001,12.32,1493555,13567,12.253323
2025-05-12 04:00:00+00:00,12.94,13.4,12.635,13.119999999999999,1293737,11950,13.008025
2025-05-13 04:00:00+00:00,13.42,14.119999999999999,13.275,14,1504514,15639,13.885354
2025-05-14 04:00:00+00:00,13.91,13.960000000000001,13.58,13.869999999999999,1638847,12657,13.822513000000001
2025-05-15 04:00:00+00:00,13.619999999999999,13.699999999999999,12.81,13.449999999999999,1512963,16240,13.279609000000001
2025-05-16 04:00:00+00:00,13.289999999999999,13.74,13.045,13.73,817252,10871,13.531091
2025-05-19 04:00:00+00:00,13.57,13.99,13.32,13.82,806434,10511,13.745132
2025-05-20 04:00:00+00:00,13.859999999999999,13.99,13.5,13.779999999999999,617409,10427,13.768897000000001
2025-05-21 04:00:00+00:00,13.779999999999999,13.890000000000001,13.5,13.81,911884,13215,13.738503
2025-05-22 04:00:00+00:00,13.75,14.31,13.41,14.140000000000001,887205,11057,13.980397999999999
2025-05-23 04:00:00+00:00,13.98,14.210000000000001,13.710000000000001,14.15,1158606,15387,14.032035
2025-05-27 04:00:00+00:00,14.25,14.640000000000001,13.755000000000001,14.619999999999999,1282601,18130,14.34535
2025-05-28 04:00:00+00:00,14.720000000000001,14.720000000000001,14.225,14.52,844135,11672,14.517609
2025-05-29 04:00:00+00:00,14.720000000000001,14.83,14.26,14.4,732749,10869,14.466341
2025-05-30 04:00:00+00:00,14.210000000000001,14.49,13.869999999999999,13.98,1286129,9949,14.028368
2025-06-02 04:00:00+00:00,14.1,14.1,13.06,13.35,893590,11723,13.358646
2025-06-03 04:00:00+00:00,13.43,13.585000000000001,13.140000000000001,13.199999999999999,760745,10823,13.336452
2025-06-04 04:00:00+00:00,13.279999999999999,13.389900000000001,12.699999999999999,13.23,624693,9208,13.025978
2025-06-05 04:00:00+00:00,13.300000000000001,13.43,12.965,13.210000000000001,546164,8450,13.190403999999999
2025-06-06 04:00:00+00:00,13.449999999999999,13.67,13.210000000000001,13.44,464729,7310,13.487413999999999
2025-06-09 04:00:00+00:00,13.369999999999999,13.470000000000001,13.15,13.17,537742,8999,13.26083
2025-06-10 04:00:00+00:00,13.23,14.130000000000001,13.195,13.94,747226,11112,13.889041000000001
2025-06-11 04:00:00+00:00,14.15,14.44,13.869999999999999,14.15,538037,9636,14.137492999999999
2025-06-12 04:00:00+00:00,14.1,14.300000000000001,13.81,14.17,542803,8544,14.072647999999999
2025-06-13 04:00:00+00:00,14,15.66,13.949999999999999,15.130000000000001,2464752,26339,15.124219999999999
2025-06-16 04:00:00+00:00,15.66,17,15.574999999999999,16.859999999999999,1883481,21178,16.577943999999999
2025-06-17 04:00:00+00:00,16.690000000000001,17.23,16.5,16.875,1030903,15967,16.920811
2025-06-18 04:00:00+00:00,16.879999999999999,16.879999999999999,16.149999999999999,16.43,1084194,13169,16.444189999999999
2025-06-20 04:00:00+00:00,16.66,16.710000000000001,16.200099999999999,16.370000000000001,1582785,8970,16.404523000000001
2025-06-23 04:00:00+00:00,16.170000000000002,16.445,15.535,15.85,1032752,16926,15.878746
2025-06-24 04:00:00+00:00,15.880000000000001,16.120000000000001,15.539999999999999,15.789999999999999,733976,11690,15.771602
2025-06-25 04:00:00+00:00,15.715,15.970000000000001,15.4353,15.550000000000001,833645,11376,15.577324000000001
2025-06-26 04:00:00+00:00,15.539999999999999,15.984999999999999,15.52,15.609999999999999,711184,11568,15.793155
2025-06-27 04:00:00+00:00,15.609999999999999,15.789999999999999,14.960000000000001,15.529999999999999,10791590,18696,15.50914
2025-06-30 04:00:00+00:00,15.51,15.949999999999999,15.295,15.755000000000001,1061289,15240,15.712391
2025-07-01 04:00:00+00:00,15.640000000000001,16.068000000000001,15.52,15.539999999999999,868732,11247,15.682886
2025-07-02 04:00:00+00:00,15.81,16.82,15.675000000000001,16.34,1282363,17897,16.396591999999998
2025-07-03 04:00:00+00:00,16.41,17.125,16.2302,17.059999999999999,1048785,12017,16.860084000000001
2025-07-07 04:00:00+00:00,16.559999999999999,17.099900000000002,16.239999999999998,16.640000000000001,879520,11489,16.623858999999999
2025-07-08 04:00:00+00:00,16.600000000000001,16.890000000000001,16.32,16.350000000000001,665477,8071,16.420576000000001
2025-07-09 04:00:00+00:00,16.350000000000001,16.489999999999998,15.630000000000001,15.94,586493,9428,15.951317
2025-07-10 04:00:00+00:00,15.85,16.670000000000002,15.805,16.629999999999999,514978,7329,16.507259000000001
2025-07-11 04:00:00+00:00,16.649999999999999,17.039999999999999,16.550000000000001,16.780000000000001,668439,8967,16.731279000000001
2025-07-14 04:00:00+00:00,16.780000000000001,16.780000000000001,15.94,16.379999999999999,1296685,11282,16.321432000000001
2025-07-15 04:00:00+00:00,16.390000000000001,16.489999999999998,16.100000000000001,16.18,789536,9764,16.231468
2025-07-16 04:00:00+00:00,16.23,16.5,15.397600000000001,16.210000000000001,706161,9878,16.028355999999999
2025-07-17 04:00:00+00:00,16.109999999999999,16.379999999999999,15.75,16.02,731614,12108,15.990515
2025-07-18 04:00:00+00:00,16.350000000000001,16.719999999999999,16.1008,16.140000000000001,595330,9020,16.291485999999999
2025-07-21 04:00:00+00:00,16.23,16.945,16.100000000000001,16.539999999999999,734544,11061,16.508296000000001
2025-07-22 04:00:00+00:00,16.59,17.059999999999999,16.385000000000002,17.02,681543,11024,16.919008000000002
2025-07-23 04:00:00+00:00,17.170000000000002,17.289999999999999,16.649999999999999,17.100000000000001,680271,9906,17.055444000000001
2025-07-24 04:00:00+00:00,17.039999999999999,17.265000000000001,16.66,17.140000000000001,568690,8622,16.996343
2025-07-25 04:00:00+00:00,17.170000000000002,17.170000000000002,16.43,16.870000000000001,542607,9683,16.827607
2025-07-28 04:00:00+00:00,16.850000000000001,16.995000000000001,16.414999999999999,16.809999999999999,602173,10383,16.717255000000002
2025-07-29 04:00:00+00:00,16.879999999999999,16.879999999999999,16.030000000000001,16.43,643290,11106,16.360313999999999
2025-07-30 04:00:00+00:00,16.420000000000002,16.43,15.720000000000001,16.129999999999999,621701,10652,16.097569
2025-07-31 04:00:00+00:00,15.869999999999999,15.9999,15.380000000000001,15.94,842539,14311,15.783720000000001
2025-08-01 04:00:00+00:00,15.779999999999999,15.779999999999999,15.029999999999999,15.51,640136,12260,15.435790000000001
2025-08-04 04:00:00+00:00,15.529999999999999,15.83,15.035,15.300000000000001,712187,9894,15.249814000000001
2025-08-05 04:00:00+00:00,15.359999999999999,15.74,15.210000000000001,15.51,617458,10758,15.501410999999999
2025-08-06 04:00:00+00:00,15.69,15.699999999999999,14.720000000000001,15.220000000000001,1246003,15384,15.038244000000001
2025-08-07 04:00:00+00:00,15.26,15.470000000000001,14.585000000000001,14.91,772092,12900,14.889887999999999
2025-08-08 04:00:00+00:00,14.27,15.3825,14.140000000000001,14.369999999999999,1172113,15786,14.516926
2025-08-11 04:00:00+00:00,14.4,14.44,13.01,13.27,1592012,20716,13.350394
2025-08-12 04:00:00+00:00,13.27,14.275,13.27,14.140000000000001,1183345,17964,13.991564
2025-08-13 04:00:00+00:00,14.06,14.49,13.805,14.289999999999999,683916,11008,14.288850999999999
2025-08-14 04:00:00+00:00,14.119999999999999,14.140000000000001,13.51,13.75,669403,10872,13.733352
2025-08-15 04:00:00+00:00,13.85,14.01,13.484999999999999,13.6,773657,10721,13.650525
2025-08-18 04:00:00+00:00,13.58,13.6,13.220000000000001,13.23,713868,11286,13.352795
2025-08-19 04:00:00+00:00,13.1,13.35,12.935,13.26,642448,9110,13.184596000000001
2025-08-20 04:00:00+00:00,13.27,14.24,13.185,13.84,896515,12343,13.828682000000001
2025-08-21 04:00:00+00:00,13.789999999999999,15.109999999999999,13.710000000000001,14.835000000000001,695066,11984,14.665359
2025-08-22 04:00:00+00:00,14.91,16.34,14.835000000000001,15.949999999999999,2216676,25204,15.874457
2025-08-25 04:00:00+00:00,16,16.550000000000001,15.865,16.399999999999999,1336961,15455,16.338038000000001
2025-08-26 04:00:00+00:00,16.399999999999999,16.579999999999998,15.35,16,1607180,18945,15.90793
2025-08-27 04:00:00+00:00,15.880000000000001,16.43,15.789999999999999,16.18,516524,7701,16.210263999999999
2025-08-28 04:00:00+00:00,16.329999999999998,16.48,16.050000000000001,16.329999999999998,459641,6388,16.355941999999999
2025-08-29 04:00:00+00:00,16.309999999999999,16.52,16.039999999999999,16.300000000000001,518239,8199,16.262893999999999
2025-09-02 04:00:00+00:00,16.25,16.539999999999999,15.994999999999999,16.535,501451,8124,16.369956999999999
2025-09-03 04:00:00+00:00,16.129999999999999,16.84,16.129999999999999,16.760000000000002,646331,9316,16.604801999999999
2025-09-04 04:00:00+00:00,16.73,17.27,16.561900000000001,17.039999999999999,533584,9853,17.014275999999999
2025-09-05 04:00:00+00:00,16.93,17.893699999999999,16.7501,17.84,799161,11630,17.533981000000001
2025-09-08 04:00:00+00:00,17.960000000000001,17.960000000000001,17.16,17.27,742475,12878,17.359224999999999
2025-09-09 04:00:00+00:00,17.27,18.149999999999999,17.27,17.77,830270,12377,17.865092000000001
2025-09-10 04:00:00+00:00,17.77,17.949999999999999,17.100000000000001,17.66,777244,10473,17.513256999999999
2025-09-11 04:00:00+00:00,17.66,17.965,17.41,17.609999999999999,632785,10650,17.646263999999999
2025-09-12 04:00:00+00:00,17.690000000000001,17.690000000000001,17.087499999999999,17.390000000000001,702548,10973,17.354780000000002
2025-09-15 04:00:00+00:00,17.420000000000002,17.704999999999998,17.079999999999998,17.510000000000002,528094,9646,17.511675
2025-09-16 04:00:00+00:00,17.68,19.48,17.510000000000002,19.260000000000002,1772648,22785,18.811578000000001
2025-09-17 04:00:00+00:00,18.960000000000001,19.555,18.199999999999999,18.765000000000001,1676488,23786,19.003685000000001
2025-09-18 04:00:00+00:00,19.050000000000001,19.050000000000001,18.350000000000001,18.579999999999998,645415,10340,18.623028999999999
2025-09-19 04:00:00+00:00,18.5,18.82,18.18,18.510000000000002,1733858,10556,18.480356
2025-09-22 04:00:00+00:00,18.27,18.82,18.199999999999999,18.66,609642,7948,18.568382
2025-09-23 04:00:00+00:00,18.66,19.109999999999999,18.41,18.510000000000002,814639,10651,18.686574
2025-09-24 04:00:00+00:00,18.66,18.920000000000002,18.370000000000001,18.510000000000002,765045,10878,18.628433000000001
2025-09-25 04:00:00+00:00,18.399999999999999,18.859999999999999,18.100000000000001,18.815000000000001,1634732,11407,18.702427
2025-09-26 04:00:00+00:00,18.449999999999999,18.960000000000001,18.010000000000002,18.75,824046,10091,18.761310000000002
2025-09-29 04:00:00+00:00,18.66,18.66,18.062000000000001,18.48,621110,9952,18.370509999999999
2025-09-30 04:00:00+00:00,18.260000000000002,18.41,17.93,18.25,542960,8335,18.203040999999999
2025-10-01 04:00:00+00:00,18.109999999999999,18.649999999999999,17.98,18.420000000000002,500428,7670,18.300481000000001
2025-10-02 04:00:00+00:00,18.420000000000002,18.5,18.210000000000001,18.440000000000001,431345,8017,18.390768999999999
2025-10-03 04:00:00+00:00,18.5,18.93,18.315000000000001,18.59,591733,7333,18.596657
2025-10-06 04:00:00+00:00,18.670000000000002,18.93,18.219999999999999,18.23,679490,10165,18.515677
2025-10-07 04:00:00+00:00,18.079999999999998,18.370000000000001,17.739999999999998,18.27,814175,11089,18.133161000000001
2025-10-08 04:00:00+00:00,18.32,18.739999999999998,18.175000000000001,18.550000000000001,511963,8096,18.520868
2025-10-09 04:00:00+00:00,18.579999999999998,18.649999999999999,18.140000000000001,18.18,461685,7702,18.278089999999999
2025-10-10 04:00:00+00:00,17.949999999999999,18.690000000000001,17.420000000000002,17.68,773068,12021,17.837824000000001
2025-10-13 04:00:00+00:00,17.850000000000001,18.465,17.449999999999999,18.280000000000001,604266,8999,18.095793
2025-10-14 04:00:00+00:00,17.809999999999999,18.68,17.75,18.620000000000001,349588,6753,18.419573
2025-10-15 04:00:00+00:00,18.699999999999999,19.305,18.440000000000001,18.829999999999998,504462,7985,18.900945
2025-10-16 04:00:00+00:00,19,19.305,18.329999999999998,18.949999999999999,671652,9434,18.902505999999999
2025-10-17 04:00:00+00:00,18.789999999999999,18.995000000000001,18.07,18.190000000000001,818914,11786,18.317443999999998
2025-10-20 04:00:00+00:00,18.329999999999998,18.809999999999999,18.149999999999999,18.780000000000001,432452,6383,18.636223999999999
2025-10-21 04:00:00+00:00,18.710000000000001,18.765000000000001,18.149999999999999,18.670000000000002,404574,6534,18.562518000000001
2025-10-22 04:00:00+00:00,19.140000000000001,20.050000000000001,18.911000000000001,19.640000000000001,993348,12052,19.522649999999999
2025-10-23 04:00:00+00:00,19.670000000000002,20.579999999999998,19.620000000000001,19.989999999999998,1298734,15956,20.092392
2025-10-24 04:00:00+00:00,20.170000000000002,20.300000000000001,19.620000000000001,20.100000000000001,1064377,10741,19.955169999999999
2025-10-27 04:00:00+00:00,20.100000000000001,20.18,19.710000000000001,20.109999999999999,720508,10016,19.961963000000001
2025-10-28 04:00:00+00:00,20,20.350000000000001,19.7301,19.899999999999999,393120,7219,20.00601
2025-10-29 04:00:00+00:00,19.84,20.32,19.239999999999998,19.510000000000002,606691,8954,19.708703
2025-10-30 04:00:00+00:00,19.559999999999999,19.922499999999999,19.2456,19.399999999999999,395836,8254,19.486689999999999
2025-10-31 04:00:00+00:00,19.32,19.655000000000001,18.91,19.559999999999999,492269,7564,19.488574
2025-11-03 05:00:00+00:00,19.5,20.379999999999999,19.170000000000002,20.09,728550,12244,20.047785999999999
2025-11-04 05:00:00+00:00,19.690000000000001,20.149999999999999,18.920000000000002,19.73,890741,11999,19.803082
2025-11-05 05:00:00+00:00,19.760000000000002,20,19.199999999999999,19.489999999999998,810978,11051,19.600044
2025-11-06 05:00:00+00:00,19.59,19.82,19.309999999999999,19.510000000000002,936536,13698,19.579653
2025-11-07 05:00:00+00:00,21,22.100000000000001,18.370000000000001,19.190000000000001,2405124,28551,20.141919999999999
2025-11-10 05:00:00+00:00,19.280000000000001,19.899999999999999,18.902799999999999,19.149999999999999,1215608,14488,19.211331999999999
2025-11-11 05:00:00+00:00,19.190000000000001,19.760300000000001,19.039999999999999,19.280000000000001,582105,10400,19.325510999999999
2025-11-12 05:00:00+00:00,19.280000000000001,19.41,18.766500000000001,18.93,815827,12125,18.964646999999999
2025-11-13 05:00:00+00:00,18.829999999999998,19.079999999999998,17.91,18.309999999999999,1438060,16296,18.379080999999999
2025-11-14 05:00:00+00:00,18.039999999999999,18.899999999999999,18,18.670000000000002,482155,9054,18.651713000000001
2025-11-17 05:00:00+00:00,18.640000000000001,18.835000000000001,18.210000000000001,18.57,748302,11697,18.547218999999998
2025-11-18 05:00:00+00:00,18.300000000000001,19.129999999999999,18.18,19.079999999999998,649907,10110,18.763306
2025-11-19 05:00:00+00:00,18.84,19,18.219999999999999,18.699999999999999,707260,10697,18.611348
2025-11-20 05:00:00+00:00,18.969999999999999,19.370000000000001,18.149999999999999,18.219999999999999,583078,8988,18.394404999999999
2025-11-21 05:00:00+00:00,18.149999999999999,18.890000000000001,17.850100000000001,18.649999999999999,802335,12080,18.545290000000001
2025-11-24 05:00:00+00:00,18.620000000000001,18.73,18.145,18.559999999999999,538819,8556,18.508776999999998
2025-11-25 05:00:00+00:00,18.579999999999998,19.09,18.375,19.039999999999999,493604,7959,18.885351
2025-11-26 05:00:00+00:00,18.899999999999999,19.274999999999999,18.899999999999999,19.030000000000001,602644,9310,19.067260000000001
2025-11-28 05:00:00+00:00,19,19.359999999999999,19,19.300000000000001,189167,3918,19.251324
2025-12-01 05:00:00+00:00,19.27,19.850000000000001,19.129999999999999,19.329999999999998,417789,8899,19.491506999999999
2025-12-02 05:00:00+00:00,19.379999999999999,19.732199999999999,18.984999999999999,19.52,367866,6044,19.514483999999999
2025-12-03 05:00:00+00:00,19.760000000000002,19.800000000000001,19.43,19.629999999999999,733189,6985,19.623806999999999
2025-12-04 05:00:00+00:00,19.75,19.75,19.419,19.449999999999999,413317,8618,19.525597999999999
2025-12-05 05:00:00+00:00,19.370000000000001,19.704999999999998,19.219999999999999,19.34,449961,7147,19.426120999999998
2025-12-08 05:00:00+00:00,19.239999999999998,19.549900000000001,19.164999999999999,19.390000000000001,478751,7837,19.322399000000001
2025-12-09 05:00:00+00:00,19.52,19.890000000000001,19.350000000000001,19.800000000000001,467397,7718,19.764707999999999
2025-12-10 05:00:00+00:00,19.84,20.079999999999998,19.5,19.960000000000001,605490,8332,19.858211000000001
2025-12-11 05:00:00+00:00,19.809999999999999,20.41,19.760000000000002,20.239999999999998,639803,9619,20.225849
2025-12-12 05:00:00+00:00,20.210000000000001,20.670000000000002,20.079999999999998,20.460000000000001,679997,9841,20.457182
2025-12-15 05:00:00+00:00,20.469999999999999,20.890000000000001,20.305,20.420000000000002,823483,10527,20.484347
2025-12-16 05:00:00+00:00,19.800000000000001,20.489999999999998,19.399999999999999,19.600000000000001,765903,12065,19.755580999999999
2025-12-17 05:00:00+00:00,19.609999999999999,19.77,19.190000000000001,19.390000000000001,796252,12514,19.424644000000001
2025-12-18 05:00:00+00:00,19.52,19.789999999999999,19.305,19.510000000000002,737590,10505,19.576630999999999
2025-12-19 05:00:00+00:00,19.469999999999999,20.390000000000001,19.379999999999999,20.260000000000002,1420030,14461,20.006097
2025-12-22 05:00:00+00:00,20.420000000000002,20.59,19.82,19.949999999999999,495981,7869,20.057706
2025-12-23 05:00:00+00:00,20,20.109999999999999,19.870000000000001,20,348402,6195,19.996763999999999
2025-12-24 05:00:00+00:00,19.920000000000002,20.109999999999999,19.649999999999999,19.710000000000001,254311,3966,19.808737000000001
2025-12-26 05:00:00+00:00,19.710000000000001,19.835000000000001,19.504999999999999,19.690000000000001,266871,4676,19.680541999999999
2025-12-29 05:00:00+00:00,19.66,20.015000000000001,19.555,19.780000000000001,300009,4148,19.784348000000001
2025-12-30 05:00:00+00:00,19.780000000000001,19.940000000000001,19.550000000000001,19.73,480887,7825,19.750530000000001
2025-12-31 05:00:00+00:00,19.73,19.969999999999999,19.57,19.870000000000001,410564,7835,19.848825999999999
2026-01-02 05:00:00+00:00,19.77,19.969999999999999,19.524999999999999,19.550000000000001,466966,7159,19.732202000000001
2026-01-05 05:00:00+00:00,19.98,20.690000000000001,19.48,19.52,1888600,15758,20.031597000000001
2026-01-06 05:00:00+00:00,18.739999999999998,19.989999999999998,18.225000000000001,19.59,1652970,20133,19.147839999999999
2026-01-07 05:00:00+00:00,19.620000000000001,20.055,19.57,19.77,860566,10025,19.812933999999998
2026-01-08 05:00:00+00:00,19.780000000000001,20.16,19.629999999999999,20.129999999999999,1269391,12359,19.966861999999999
2026-01-09 05:00:00+00:00,20.18,20.280000000000001,19.824999999999999,19.870000000000001,1190933,13073,19.992308999999999
2026-01-12 05:00:00+00:00,19.739999999999998,20.25,19.289999999999999,19.98,888816,11022,19.992840999999999
2026-01-13 05:00:00+00:00,20.43,20.43,19.77,19.890000000000001,765690,10032,19.957561999999999
2026-01-14 05:00:00+00:00,19.870000000000001,20.195,19.864999999999998,20.100000000000001,986746,10293,20.090128
2026-01-15 05:00:00+00:00,19.93,21.27,19.890000000000001,20.559999999999999,2255042,21720,20.689672999999999
2026-01-16 05:00:00+00:00,20.57,20.704999999999998,19.620000000000001,20.329999999999998,1820469,15950,20.165285000000001
2026-01-20 05:00:00+00:00,20.149999999999999,21.170000000000002,20.059999999999999,20.579999999999998,1975652,13843,20.790844
2026-01-21 05:00:00+00:00,20.780000000000001,21.125,20.329999999999998,20.739999999999998,700054,10203,20.729158000000002
2026-01-22 05:00:00+00:00,20.699999999999999,21.16,20.66,20.850000000000001,1440951,10908,21.007743000000001
2026-01-23 05:00:00+00:00,20.91,21.309999999999999,20.879999999999999,21.125,1611745,12882,21.134426000000001
2026-01-26 05:00:00+00:00,21.260000000000002,21.82,21.050000000000001,21.469999999999999,1115217,12113,21.505638999999999
2026-01-27 05:00:00+00:00,21.559999999999999,22.465,21.41,22.129999999999999,1870280,14988,21.817768999999998
2026-01-28 05:00:00+00:00,22.309999999999999,22.350000000000001,21.260000000000002,21.59,1441179,15630,21.565805999999998
2026-01-29 05:00:00+00:00,21.559999999999999,23,21.559999999999999,22.390000000000001,1563801,16954,22.30039
2026-01-30 05:00:00+00:00,22.27,22.449999999999999,21.605,22.41,1023865,12135,22.045197000000002
2026-02-02 05:00:00+00:00,22.030000000000001,23.407,22.030000000000001,22.73,1217913,15096,22.875695
2026-02-03 05:00:00+00:00,22.77,24,22.510000000000002,23.989999999999998,2282288,16184,23.292242000000002
2026-02-04 05:00:00+00:00,24.09,25.32,24,24.510000000000002,2122710,26855,24.725545
2026-02-05 05:00:00+00:00,24.280000000000001,24.75,24.059999999999999,24.539999999999999,936398,13705,24.503914999999999
2026-02-06 05:00:00+00:00,24.559999999999999,25.390000000000001,24.559999999999999,25.190000000000001,1700955,15879,25.149750000000001
2026-02-09 05:00:00+00:00,25.34,26.065000000000001,25.219999999999999,25.760000000000002,1278020,14065,25.818846000000001
2026-02-10 05:00:00+00:00,25.870000000000001,25.879999999999999,24.969999999999999,25.170000000000002,979342,11828,25.171332
2026-02-11 05:00:00+00:00,25.629999999999999,25.855,25.460000000000001,25.690000000000001,1409984,10920,25.681441
2026-02-12 05:00:00+00:00,25.93,26.289999999999999,25.555,25.98,912790,13132,25.935514000000001
2026-02-13 05:00:00+00:00,26.48,29.195,26.469999999999999,28.609999999999999,3098321,29414,28.366099999999999
2026-02-17 05:00:00+00:00,28.449999999999999,28.899999999999999,27.890000000000001,28.73,1684949,18070,28.545614
2026-02-18 05:00:00+00:00,28.73,29.920000000000002,28.635000000000002,29.5,1326630,19683,29.406317000000001
2026-02-19 05:00:00+00:00,29.710000000000001,29.710000000000001,28.670000000000002,29.390000000000001,916595,14644,29.297343999999999
2026-02-20 05:00:00+00:00,29.329999999999998,29.510000000000002,28.050000000000001,28.140000000000001,1189722,16380,28.452392
2026-02-23 05:00:00+00:00,28.550000000000001,29.260000000000002,27.800000000000001,29,1848369,14803,28.754107999999999
2026-02-24 05:00:00+00:00,28.969999999999999,29.52,28.550000000000001,29.25,939100,14284,29.189823000000001
2026-02-25 05:00:00+00:00,29.48,29.75,28.539999999999999,29.59,918024,14418,29.343083
2026-02-26 05:00:00+00:00,29.199999999999999,30.350000000000001,29.199999999999999,30.219999999999999,1722052,21972,29.973911999999999
2026-02-27 05:00:00+00:00,28.93,29.225000000000001,26.649999999999999,26.960000000000001,2680215,31539,27.402260999999999
2026-03-02 05:00:00+00:00,27.510000000000002,28.035,26.739999999999998,27.41,1526652,23173,27.328184
2026-03-03 05:00:00+00:00,26.870000000000001,28.655000000000001,26.4087,27.890000000000001,1760583,19526,27.890138
2026-03-04 05:00:00+00:00,28,30.030000000000001,28,29.32,1474411,19097,29.217438000000001
2026-03-05 05:00:00+00:00,29.379999999999999,30.52,28.93,30.289999999999999,1700485,19357,30.051241999999998
2026-03-06 05:00:00+00:00,30.48,31.41,30.02,30.399999999999999,2067868,22723,30.621763000000001
2026-03-09 04:00:00+00:00,30.350000000000001,30.710000000000001,29.010000000000002,29.34,1349175,16703,29.816918000000001
2026-03-10 04:00:00+00:00,29.190000000000001,29.780000000000001,28.550000000000001,28.850000000000001,890505,14814,29.074722999999999
2026-03-11 04:00:00+00:00,29.649999999999999,30.122800000000002,28.859999999999999,29.079999999999998,1392511,20115,29.262260000000001
2026-03-12 04:00:00+00:00,29.77,29.93,28.539999999999999,28.739999999999998,1365803,20576,29.115359000000002
2026-03-13 04:00:00+00:00,28.68,29.190000000000001,28.280000000000001,28.59,829999,14152,28.611889000000001
2026-03-16 04:00:00+00:00,28.59,29.260000000000002,28.100000000000001,28.280000000000001,661671,14563,28.633022
2026-03-17 04:00:00+00:00,28.829999999999998,29.34,28.300000000000001,28.629999999999999,950748,17331,28.790939000000002
2026-03-18 04:00:00+00:00,28.629999999999999,29.32,28.629999999999999,29.109999999999999,1026900,14712,29.063381
2026-03-19 04:00:00+00:00,29.809999999999999,30,28.350000000000001,28.719999999999999,1131999,19244,28.975542000000001
2026-03-20 04:00:00+00:00,29.02,29.504999999999999,27.280000000000001,28.039999999999999,2903872,17035,28.057503000000001
2026-03-23 04:00:00+00:00,27.609999999999999,28.510000000000002,27.010000000000002,28.059999999999999,1185584,16772,28.083817
2026-03-24 04:00:00+00:00,28.199999999999999,29.920000000000002,27.879999999999999,29.25,1333103,19833,29.325261999999999
2026-03-25 04:00:00+00:00,29.25,30.460000000000001,29.120000000000001,29.989999999999998,1107714,15496,29.999130000000001
2026-03-26 04:00:00+00:00,29.859999999999999,31.41,29.370000000000001,30.789999999999999,1226375,17976,30.895212000000001
2026-03-27 04:00:00+00:00,30.82,32.07,30.5,32.060000000000002,1697804,20122,31.498843000000001
2026-03-30 04:00:00+00:00,33.829999999999998,36.939999999999998,33.490000000000002,35.039999999999999,4640004,45828,35.476289000000001
2026-03-31 04:00:00+00:00,35.060000000000002,36.494999999999997,34.789999999999999,35.899999999999999,2357555,29120,35.765144999999997
2026-04-01 04:00:00+00:00,35.82,35.840000000000003,33.729999999999997,34.590000000000003,2367234,26510,34.574365999999998
2026-04-02 04:00:00+00:00,34.869999999999997,35.479999999999997,34.490000000000002,35.060000000000002,1094203,17547,34.949804
2026-04-06 04:00:00+00:00,34.920000000000002,35.729999999999997,34.5,35.719999999999999,668044,11393,35.357939999999999
2026-04-07 04:00:00+00:00,35.5,36.100000000000001,34.159999999999997,34.729999999999997,1451590,14454,34.760308999999999
2026-04-08 04:00:00+00:00,32.840000000000003,34.515000000000001,32.43,34.5,938459,15488,34.101680999999999
2026-04-09 04:00:00+00:00,34.689999999999998,35.07,33.0441,33.450000000000003,962390,14255,33.731625999999999
2026-04-10 04:00:00+00:00,33.170000000000002,34.119999999999997,33.119999999999997,33.649999999999999,1152078,16634,33.662692
2026-04-13 04:00:00+00:00,34.100000000000001,34.630000000000003,32.130000000000003,32.899999999999999,1428016,16930,32.953153999999998
2026-04-14 04:00:00+00:00,32.640000000000001,33.119900000000001,32.030000000000001,32.240000000000002,637808,13018,32.378028
2026-04-15 04:00:00+00:00,32.109999999999999,32.489899999999999,31.670000000000002,32,1140179,14920,32.008096000000002
2026-04-16 04:00:00+00:00,32.079999999999998,32.909999999999997,32.079999999999998,32.539999999999999,1146159,17489,32.485836999999997
2026-04-17 04:00:00+00:00,32.409999999999997,32.530000000000001,31.110600000000002,32.210000000000001,1677826,24632,31.976542999999999
2026-04-20 04:00:00+00:00,32.539999999999999,32.539999999999999,31.920000000000002,32.07,803821,11958,32.115394000000002
2026-04-21 04:00:00+00:00,32.189999999999998,32.710000000000001,32.030000000000001,32.530000000000001,650025,14241,32.474313000000002
2026-04-22 04:00:00+00:00,32.530000000000001,33.270000000000003,32.210000000000001,32.479999999999997,639303,11411,32.474657999999998
2026-04-23 04:00:00+00:00,32.850000000000001,32.990000000000002,32.210000000000001,32.780000000000001,644214,14210,32.619934000000001
2026-04-24 04:00:00+00:00,31.98,32.130000000000003,30.219999999999999,30.59,1398776,19780,30.872814000000002
2026-04-27 04:00:00+00:00,30.77,31.5,30.629999999999999,30.75,550281,11683,30.823768999999999
2026-04-28 04:00:00+00:00,31.210000000000001,31.475000000000001,29.809999999999999,30.510000000000002,720899,14342,30.369876999999999
2026-04-29 04:00:00+00:00,30.850000000000001,32.560000000000002,30.850000000000001,32.530000000000001,1122948,18346,32.170090999999999
2026-04-30 04:00:00+00:00,32.140000000000001,33.07,32,32.719999999999999,619246,12772,32.675046999999999
2026-05-01 04:00:00+00:00,32.57,33.844999999999999,32.469999999999999,33.68,923458,13116,33.531776000000001
2026-05-04 04:00:00+00:00,33.609999999999999,34.450000000000003,33.330100000000002,34.149999999999999,1027769,17040,34.080426000000003
2026-05-05 04:00:00+00:00,34.090000000000003,36.329999999999998,34.090000000000003,36.020000000000003,1351091,15757,35.661105999999997
2026-05-06 04:00:00+00:00,34.920000000000002,36.626300000000001,34.039999999999999,34.5,1439676,21162,34.630889000000003
2026-05-07 04:00:00+00:00,33.840000000000003,34.740000000000002,33.340000000000003,34.609999999999999,1033709,17412,34.327275999999998
2026-05-08 04:00:00+00:00,32.530000000000001,34.159999999999997,31.149999999999999,32.079999999999998,2220793,33985,32.576092000000003
2026-05-11 04:00:00+00:00,32.560000000000002,32.770000000000003,31.789999999999999,32.32,1268198,15872,32.343623000000001
2026-05-12 04:00:00+00:00,32.450000000000003,32.539999999999999,31.489999999999998,32.119999999999997,770447,13615,32.084009999999999
2026-05-13 04:00:00+00:00,32.109999999999999,32.420000000000002,31.199999999999999,31.43,1271619,13569,31.482129
2026-05-14 04:00:00+00:00,31.539999999999999,31.715,31,31.329999999999998,570148,11183,31.393809999999998
2026-05-15 04:00:00+00:00,31.039999999999999,31.5,30.760000000000002,31.379999999999999,771219,11839,31.216718
2026-05-18 04:00:00+00:00,31.48,32.68,30.899999999999999,32.350000000000001,561179,11383,32.350897000000003
2026-05-19 04:00:00+00:00,32.670000000000002,32.670000000000002,31.829999999999998,32.229999999999997,708809,11789,32.254727000000003
2026-05-20 04:00:00+00:00,31.899999999999999,32.560000000000002,31.48,31.920000000000002,714640,13700,31.909568
2026-05-21 04:00:00+00:00,32.909999999999997,32.93,31.73,32.869999999999997,719510,13661,32.447462999999999
2026-05-22 04:00:00+00:00,32.780000000000001,34.43,32.75,34.219999999999999,899945,13586,34.075586999999999
2026-05-26 04:00:00+00:00,34,34.75,33.564999999999998,33.969999999999999,879744,12605,34.014422000000003
2026-05-27 04:00:00+00:00,33.100000000000001,34.450000000000003,32.975000000000001,34.079999999999998,655077,11841,33.889727999999998
2026-05-28 04:00:00+00:00,34.490000000000002,35.850000000000001,34.259999999999998,35.5,841015,14912,35.405016000000003
2026-05-29 04:00:00+00:00,35.390000000000001,35.710000000000001,34.740000000000002,35.469999999999999,909367,12522,35.329692000000001
2026-06-01 04:00:00+00:00,35.93,36.600000000000001,35.609999999999999,35.82,720984,15286,36.088574000000001
2026-06-02 04:00:00+00:00,35.859999999999999,36.299999999999997,35.490000000000002,36.109999999999999,778162,11679,36.039634999999997
2026-06-03 04:00:00+00:00,37,38.75,36.314999999999998,37.369999999999997,1444009,20794,37.820075000000003
2026-06-04 04:00:00+00:00,37.049999999999997,37.725000000000001,36.549999999999997,37.409999999999997,609804,12248,37.277129000000002
2026-06-05 04:00:00+00:00,37.130000000000003,37.130000000000003,34.960000000000001,35.170000000000002,1334600,18315,35.509988999999997
2026-06-08 04:00:00+00:00,36.030000000000001,36.119999999999997,35.32,35.5,560002,11496,35.633918000000001
2026-06-09 04:00:00+00:00,35.130000000000003,35.439999999999998,33.159999999999997,34.049999999999997,1075511,18715,33.909368999999998
2026-06-10 04:00:00+00:00,34.060000000000002,35.340000000000003,34.015000000000001,34.649999999999999,679578,12522,34.738204000000003
2026-06-11 04:00:00+00:00,34.82,35.274999999999999,34.509999999999998,34.920000000000002,686624,12457,34.880831999999998
2026-06-12 04:00:00+00:00,34.549999999999997,35.780000000000001,34.270000000000003,34.420000000000002,657949,12678,34.767555999999999
2026-06-15 04:00:00+00:00,33.289999999999999,34.090000000000003,32.770000000000003,33.409999999999997,916917,14191,33.318801999999998
2026-06-16 04:00:00+00:00,32.840000000000003,33.153300000000002,31.765000000000001,32.689999999999998,783940,14466,32.472127999999998
2026-06-17 04:00:00+00:00,33.270000000000003,33.960000000000001,32.630000000000003,33.149999999999999,652280,14370,33.306111000000001
2026-06-18 04:00:00+00:00,33.549999999999997,33.549999999999997,31.655000000000001,32.640000000000001,1333049,13883,32.622511000000003
2026-06-22 04:00:00+00:00,32.950000000000003,33.289900000000003,32.170000000000002,33.25,641751,10334,33.076445
2026-06-23 04:00:00+00:00,32.890000000000001,33.359999999999999,32.359999999999999,32.829999999999998,699734,13240,32.729438999999999
2026-06-24 04:00:00+00:00,32.340000000000003,32.835000000000001,31.699999999999999,32.740000000000002,856839,13772,32.495798000000001
2026-06-25 04:00:00+00:00,32.5,34.335000000000001,32.149999999999999,34.270000000000003,505224,10980,33.820408
2026-06-26 04:00:00+00:00,34.43,35.659999999999997,33.399999999999999,35.079999999999998,2688734,15067,35.010438999999998
2026-06-29 04:00:00+00:00,35.229999999999997,36.68,35.200000000000003,35.829999999999998,770815,13640,35.996648
2026-06-30 04:00:00+00:00,36.060000000000002,36.350000000000001,35.25,36.020000000000003,657367,11001,35.944159999999997
2026-07-01 04:00:00+00:00,35.590000000000003,36.57,35.590000000000003,36.43,863031,13921,36.244498999999998
2026-07-02 04:00:00+00:00,36.479999999999997,36.979999999999997,35.689999999999998,36.420000000000002,744810,13363,36.279888
2026-07-06 04:00:00+00:00,35.840000000000003,37.420000000000002,35.840000000000003,36.869999999999997,537162,8591,36.771355999999997
2026-07-07 04:00:00+00:00,37.270000000000003,37.895000000000003,36.770000000000003,37.170000000000002,816162,15596,37.271788999999998
2026-07-08 04:00:00+00:00,37.689999999999998,39.5,37.685000000000002,38.789999999999999,1097940,16745,38.802197999999997
2026-07-09 04:00:00+00:00,38.799999999999997,39.329999999999998,38.329999999999998,39,839161,12195,38.863539000000003
2026-07-10 04:00:00+00:00,38.920000000000002,39.729900000000001,38.859999999999999,39.469999999999999,665583,11863,39.294747999999998
2026-07-13 04:00:00+00:00,40.18,41.369999999999997,39.399999999999999,39.579999999999998,1727118,22589,40.141427
2026-07-14 04:00:00+00:00,40.259999999999998,40.469999999999999,38.729999999999997,39.57,1290364,14754,39.548582000000003
2026-07-15 04:00:00+00:00,39.439999999999998,40.210000000000001,38.75,40.009999999999998,1081224,12797,39.729039999999998
2026-07-16 04:00:00+00:00,40.060000000000002,42.18,40.060000000000002,41.079999999999998,1729733,24058,41.219296
2026-07-17 04:00:00+00:00,41.149999999999999,42.950000000000003,41.009999999999998,42.829999999999998,2744485,30221,42.190430999999997
2026-07-20 04:00:00+00:00,42.75,44.020000000000003,42.420000000000002,43.439999999999998,867807,14751,43.239285000000002
2026-07-21 04:00:00+00:00,43.780000000000001,44.340000000000003,42.884999999999998,44.170000000000002,856686,15575,43.771025999999999
2026-07-22 04:00:00+00:00,44.350000000000001,44.609999999999999,43.585000000000001,44.140000000000001,755805,13249,44.135700999999997
2026-07-23 04:00:00+00:00,45.170000000000002,45.200000000000003,41.945,42.82,1279929,19196,42.928598999999998
2026-07-24 04:00:00+00:00,42.770000000000003,42.997900000000001,41.170000000000002,41.689999999999998,1424807,21150,41.858147000000002
2026-07-27 04:00:00+00:00,40.740000000000002,41.450000000000003,40.259999999999998,41.280000000000001,1057869,18308,40.979619999999997
2026-07-28 04:00:00+00:00,41.899999999999999,42.18,40.939999999999998,41.479999999999997,903269,14786,41.508040999999999
2026-07-29 04:00:00+00:00,42.170000000000002,42.960000000000001,41.700000000000003,42.399999999999999,777893,16568,42.373373000000001
2026-07-30 04:00:00+00:00,42.670000000000002,44.049999999999997,42.670000000000002,43.75,1228347,18248,43.691164999999998
2026-07-31 04:00:00+00:00,44.479999999999997,44.479999999999997,42.909999999999997,44.189999999999998,742256,12694,43.794820000000001
2026-08-03 04:00:00+00:00,43.530000000000001,45.100000000000001,42.009999999999998,42.369999999999997,1347671,17614,43.169609000000001
2026-08-04 04:00:00+00:00,42.340000000000003,42.659999999999997,41.060000000000002,41.560000000000002,1194009,19715,41.721609000000001
2026-08-05 04:00:00+00:00,42.055,42.150399999999998,39.835000000000001,40.259999999999998,1161443,18913,40.453512000000003
2026-08-06 04:00:00+00:00,41.240000000000002,41.960000000000001,40.295000000000002,41.880000000000003,1391485,21797,41.426369999999999
2026-08-07 04:00:00+00:00,40.850000000000001,41.468600000000002,38.619999999999997,39.479999999999997,2260884,30758,39.661254
2026-08-10 04:00:00+00:00,39.630000000000003,45.549999999999997,39.479999999999997,45.469999999999999,2670911,36208,44.314905000000003
2026-08-11 04:00:00+00:00,45.880000000000003,47.399999999999999,45.700000000000003,46.039999999999999,1578409,24847,46.542127000000001
2026-08-12 04:00:00+00:00,45.990000000000002,47.619999999999997,45.990000000000002,47.189999999999998,1460563,21373,47.17841
2026-08-13 04:00:00+00:00,46.560000000000002,49.170000000000002,46.289999999999999,48.789999999999999,1286098,19825,48.459463
2026-08-14 04:00:00+00:00,48.869999999999997,48.960000000000001,47.060000000000002,47.719999999999999,758261,15531,47.821362999999998
2026-08-17 04:00:00+00:00,47.719999999999999,48.93,47.490000000000002,48.350000000000001,923272,15526,48.337752000000002
2026-08-18 04:00:00+00:00,49.100000000000001,50.990000000000002,48.039999999999999,50.810000000000002,1385562,18710,50.040078999999999
2026-08-19 04:00:00+00:00,50.799999999999997,51.5,48.649999999999999,49.189999999999998,1064272,16244,49.786746999999998
2026-08-20 04:00:00+00:00,49.649999999999999,50.305,48.024999999999999,48.289999999999999,834443,16929,48.650620000000004
2026-08-21 04:00:00+00:00,48.75,49.710000000000001,48.399999999999999,49.009999999999998,889371,15859,49.092109999999998
2026-08-24 04:00:00+00:00,48.064999999999998,48.655000000000001,46.369999999999997,47.32,966343,16062,47.178275999999997
2026-08-25 04:00:00+00:00,48.07,48.549999999999997,46.75,47.030000000000001,834238,14639,47.159094000000003
2026-08-26 04:00:00+00:00,47.07,48.670000000000002,46.530000000000001,47.789999999999999,823560,15158,47.671548000000001
2026-08-27 04:00:00+00:00,47.609999999999999,48.030000000000001,45.725000000000001,45.770000000000003,1004473,17872,46.195134000000003
2026-08-28 04:00:00+00:00,46.259999999999998,48.375,46.259999999999998,47.75,1259072,17163,47.768259999999998
2026-08-31 04:00:00+00:00,48.57,49.899999999999999,46.530000000000001,49.729999999999997,1085451,16606,48.620690000000003
2026-09-01 04:00:00+00:00,50.950000000000003,51.57,49.420000000000002,51.520000000000003,2046597,24436,50.931134
2026-09-02 04:00:00+00:00,52.960000000000001,54.609999999999999,51.770000000000003,53.07,1434571,19835,53.096595000000001
2026-09-03 04:00:00+00:00,53.200000000000003,54.695,52.079999999999998,53.5,1180908,17711,53.583233999999997
2026-09-04 04:00:00+00:00,53.380000000000003,54.100000000000001,52.5,53.130000000000003,573831,11478,53.245328999999998
2026-09-08 04:00:00+00:00,53.93,54.68,53.450000000000003,53.909999999999997,1604354,19741,53.996634999999998
2026-09-09 04:00:00+00:00,54.719999999999999,56.090000000000003,53.854999999999997,55.689999999999998,1256217,18497,55.195805
2026-09-10 04:00:00+00:00,56.140000000000001,56.984999999999999,55.299999999999997,56.439999999999998,1367481,18670,56.417431999999998
2026-09-11 04:00:00+00:00,55.979999999999997,58.399999999999999,55.700000000000003,56.799999999999997,1277502,22603,57.268255000000003
2026-09-14 04:00:00+00:00,57.460000000000001,58.061700000000002,54.909999999999997,56.549999999999997,1310974,19519,56.324241000000001
2026-09-15 04:00:00+00:00,56.659999999999997,57.840000000000003,55.649999999999999,57.549999999999997,1193364,18282,57.168109999999999
2026-09-16 04:00:00+00:00,56.530000000000001,59.079999999999998,56.270000000000003,58.009999999999998,1950170,23945,58.146039999999999
2026-09-17 04:00:00+00:00,57.990000000000002,59.295000000000002,57.296999999999997,59.049999999999997,1295810,22525,58.860011
