timestamp,open,high,low,close,volume,trade_count,vwap
2016-01-04 05:00:00+00:00,0.5,0.5,0.47160000000000002,0.47699999999999998,558014,720,0.489846
2016-01-05 05:00:00+00:00,0.47999999999999998,0.4884,0.47099999999999997,0.47789999999999999,141163,184,0.47888999999999998
2016-01-06 05:00:00+00:00,0.47999999999999998,0.4824,0.46000000000000002,0.46739999999999998,590030,342,0.47010800000000003
2016-01-07 05:00:00+00:00,0.46000000000000002,0.46000000000000002,0.42330000000000001,0.42530000000000001,949948,653,0.43772299999999997
2016-01-08 05:00:00+00:00,0.43159999999999998,0.44600000000000001,0.42599999999999999,0.443,344068,416,0.43615900000000002
2016-01-11 05:00:00+00:00,0.46000000000000002,0.4698,0.42999999999999999,0.4395,379674,518,0.456459
2016-01-12 05:00:00+00:00,0.45179999999999998,0.45179999999999998,0.41849999999999998,0.42699999999999999,468680,454,0.42381600000000003
2016-01-13 05:00:00+00:00,0.43269999999999997,0.43269999999999997,0.41010000000000002,0.41199999999999998,273493,244,0.416908
2016-01-14 05:00:00+00:00,0.40999999999999998,0.41930000000000001,0.40210000000000001,0.41160000000000002,367872,406,0.40902699999999997
2016-01-15 05:00:00+00:00,0.41620000000000001,0.41620000000000001,0.3911,0.39800000000000002,315690,291,0.40007900000000002
2016-01-19 05:00:00+00:00,0.40000000000000002,0.41889999999999999,0.38329999999999997,0.39019999999999999,555758,611,0.39650099999999999
2016-01-20 05:00:00+00:00,0.37690000000000001,0.38790000000000002,0.3619,0.38100000000000001,735461,728,0.372525
2016-01-21 05:00:00+00:00,0.38,0.39129999999999998,0.374,0.3775,392414,336,0.38426300000000002
2016-01-22 05:00:00+00:00,0.39000000000000001,0.41149999999999998,0.39000000000000001,0.40999999999999998,383546,437,0.40298800000000001
2016-01-25 05:00:00+00:00,0.40999999999999998,0.41699999999999998,0.40110000000000001,0.41370000000000001,163724,188,0.41004200000000002
2016-01-26 05:00:00+00:00,0.40999999999999998,0.41999999999999998,0.40479999999999999,0.41949999999999998,330627,247,0.41354999999999997
2016-01-27 05:00:00+00:00,0.41999999999999998,0.42799999999999999,0.41110000000000002,0.42630000000000001,263630,347,0.41898200000000002
2016-01-28 05:00:00+00:00,0.42999999999999999,0.4486,0.42780000000000001,0.44,374089,520,0.43723200000000001
2016-01-29 05:00:00+00:00,0.44,0.45000000000000001,0.4325,0.45000000000000001,351170,561,0.44316699999999998
2016-02-01 05:00:00+00:00,0.45000000000000001,0.46999999999999997,0.45000000000000001,0.46999999999999997,506586,699,0.46266200000000002
2016-02-02 05:00:00+00:00,0.46000000000000002,0.46000000000000002,0.43980000000000002,0.44629999999999997,421779,464,0.44602199999999997
2016-02-03 05:00:00+00:00,0.45000000000000001,0.4647,0.439,0.4647,305538,465,0.44822600000000001
2016-02-04 05:00:00+00:00,0.46000000000000002,0.46999999999999997,0.45000000000000001,0.46000000000000002,200046,408,0.45996300000000001
2016-02-05 05:00:00+00:00,0.45000000000000001,0.46000000000000002,0.44019999999999998,0.4521,323836,387,0.45283699999999999
2016-02-08 05:00:00+00:00,0.436,0.44,0.41999999999999998,0.4304,626314,611,0.42925099999999999
2016-02-09 05:00:00+00:00,0.42999999999999999,0.44,0.41299999999999998,0.42370000000000002,494293,466,0.42565500000000001
2016-02-10 05:00:00+00:00,0.44,0.44,0.40999999999999998,0.40999999999999998,315824,353,0.42133500000000002
2016-02-11 05:00:00+00:00,0.41389999999999999,0.43149999999999999,0.4138,0.42299999999999999,217983,321,0.42457400000000001
2016-02-12 05:00:00+00:00,0.43180000000000002,0.44,0.4239,0.43190000000000001,446538,604,0.43011199999999999
2016-02-16 05:00:00+00:00,0.44,0.45900000000000002,0.43730000000000002,0.45889999999999997,400481,674,0.450291
2016-02-17 05:00:00+00:00,0.46000000000000002,0.47999999999999998,0.46000000000000002,0.47770000000000001,905414,660,0.47144900000000001
2016-02-18 05:00:00+00:00,0.47999999999999998,0.48999999999999999,0.46750000000000003,0.47999999999999998,412724,385,0.47991200000000001
2016-02-19 05:00:00+00:00,0.47849999999999998,0.47899999999999998,0.45610000000000001,0.46000000000000002,447096,346,0.46657999999999999
2016-02-22 05:00:00+00:00,0.4657,0.48749999999999999,0.4657,0.48130000000000001,393739,445,0.47948800000000003
2016-02-23 05:00:00+00:00,0.47999999999999998,0.48370000000000002,0.45390000000000003,0.46000000000000002,495162,603,0.46757599999999999
2016-02-24 05:00:00+00:00,0.46000000000000002,0.46000000000000002,0.435,0.44869999999999999,178132,265,0.44811899999999999
2016-02-25 05:00:00+00:00,0.44750000000000001,0.45660000000000001,0.43409999999999999,0.44490000000000002,201549,506,0.445488
2016-02-26 05:00:00+00:00,0.44280000000000003,0.45750000000000002,0.4425,0.44400000000000001,122754,240,0.44738800000000001
2016-02-29 05:00:00+00:00,0.443,0.45910000000000001,0.443,0.45910000000000001,78455,142,0.451459
2016-03-01 05:00:00+00:00,0.46000000000000002,0.47089999999999999,0.44400000000000001,0.45590000000000003,210743,242,0.461233
2016-03-02 05:00:00+00:00,0.44359999999999999,0.4698,0.44359999999999999,0.46949999999999997,181704,284,0.455202
2016-03-03 05:00:00+00:00,0.46899999999999997,0.48980000000000001,0.46010000000000001,0.48249999999999998,663551,787,0.47759499999999999
2016-03-04 05:00:00+00:00,0.48599999999999999,0.51000000000000001,0.47999999999999998,0.5,1028904,1326,0.49396899999999999
2016-03-07 05:00:00+00:00,0.47499999999999998,0.51280000000000003,0.47499999999999998,0.505,828168,644,0.49652099999999999
2016-03-08 05:00:00+00:00,0.50239999999999996,0.50309999999999999,0.47999999999999998,0.47999999999999998,946105,405,0.48796099999999998
2016-03-09 05:00:00+00:00,0.48999999999999999,0.49880000000000002,0.47999999999999998,0.48499999999999999,138915,200,0.48899599999999999
2016-03-10 05:00:00+00:00,0.4899,0.49109999999999998,0.46999999999999997,0.46999999999999997,507309,413,0.47784100000000002
2016-03-11 05:00:00+00:00,0.48139999999999999,0.50009999999999999,0.47399999999999998,0.49509999999999998,777780,714,0.49026900000000001
2016-03-14 04:00:00+00:00,0.48999999999999999,0.49509999999999998,0.48499999999999999,0.48999999999999999,252021,174,0.49071799999999999
2016-03-15 04:00:00+00:00,0.48999999999999999,0.48999999999999999,0.47999999999999998,0.48649999999999999,618014,408,0.48276599999999997
2016-03-16 04:00:00+00:00,0.48749999999999999,0.51019999999999999,0.48010000000000003,0.51019999999999999,895358,557,0.494394
2016-03-17 04:00:00+00:00,0.501,0.55559999999999998,0.501,0.54000000000000004,1439635,1184,0.532142
2016-03-18 04:00:00+00:00,0.54749999999999999,0.59009999999999996,0.52649999999999997,0.55000000000000004,2311872,1553,0.57197500000000001
2016-03-21 04:00:00+00:00,0.57720000000000005,0.57989999999999997,0.55000000000000004,0.5665,546142,528,0.56664400000000004
2016-03-22 04:00:00+00:00,0.56000000000000005,0.56999999999999995,0.55000000000000004,0.56000000000000005,351336,578,0.56060100000000002
2016-03-23 04:00:00+00:00,0.54949999999999999,0.54949999999999999,0.51000000000000001,0.51319999999999999,560546,510,0.52163499999999996
2016-03-24 04:00:00+00:00,0.51000000000000001,0.51500000000000001,0.50370000000000004,0.5111,322109,312,0.50925399999999998
2016-03-28 04:00:00+00:00,0.51500000000000001,0.52449999999999997,0.51119999999999999,0.52400000000000002,165282,238,0.51857600000000004
2016-03-29 04:00:00+00:00,0.53000000000000003,0.5373,0.51000000000000001,0.52500000000000002,337162,430,0.52341199999999999
2016-03-30 04:00:00+00:00,0.51900000000000002,0.57099999999999995,0.51900000000000002,0.54079999999999995,632506,706,0.55021500000000001
2016-03-31 04:00:00+00:00,0.54000000000000004,0.56289999999999996,0.54000000000000004,0.55000000000000004,239158,260,0.55139700000000003
2016-04-01 04:00:00+00:00,0.56630000000000003,0.56630000000000003,0.54679999999999995,0.56000000000000005,325588,275,0.55584699999999998
2016-04-04 04:00:00+00:00,0.56499999999999995,0.56999999999999995,0.53000000000000003,0.54149999999999998,372371,416,0.55821100000000001
2016-04-05 04:00:00+00:00,0.53000000000000003,0.54669999999999996,0.52090000000000003,0.53080000000000005,417526,448,0.53731399999999996
2016-04-06 04:00:00+00:00,0.54749999999999999,0.57389999999999997,0.53849999999999998,0.55000000000000004,523820,456,0.55849499999999996
2016-04-07 04:00:00+00:00,0.56000000000000005,0.57150000000000001,0.53859999999999997,0.54620000000000002,298995,317,0.55400899999999997
2016-04-08 04:00:00+00:00,0.55010000000000003,0.57569999999999999,0.55010000000000003,0.56040000000000001,239954,260,0.56246700000000005
2016-04-11 04:00:00+00:00,0.56999999999999995,0.59060000000000001,0.56569999999999998,0.58140000000000003,499464,416,0.58519200000000005
2016-04-12 04:00:00+00:00,0.59909999999999997,0.64000000000000001,0.59150000000000003,0.64000000000000001,1354499,845,0.61436100000000005
2016-04-13 04:00:00+00:00,0.64500000000000002,0.66579999999999995,0.64100000000000001,0.64749999999999996,705472,627,0.65751899999999996
2016-04-14 04:00:00+00:00,0.65700000000000003,0.65700000000000003,0.61429999999999996,0.62890000000000001,437271,499,0.63791299999999995
2016-04-15 04:00:00+00:00,0.62519999999999998,0.64000000000000001,0.61109999999999998,0.62160000000000004,605239,502,0.62634500000000004
2016-04-18 04:00:00+00:00,0.62,0.64970000000000006,0.61899999999999999,0.64870000000000005,500094,630,0.63782099999999997
2016-04-19 04:00:00+00:00,0.65310000000000001,0.66539999999999999,0.64459999999999995,0.65500000000000003,592474,399,0.65837900000000005
2016-04-20 04:00:00+00:00,0.65000000000000002,0.65259999999999996,0.624,0.624,648053,620,0.64013100000000001
2016-04-21 04:00:00+00:00,0.62080000000000002,0.64000000000000001,0.61229999999999996,0.61950000000000005,364063,356,0.62473699999999999
2016-04-22 04:00:00+00:00,0.63429999999999997,0.63429999999999997,0.59999999999999998,0.61499999999999999,865949,533,0.622637
2016-04-25 04:00:00+00:00,0.60919999999999996,0.62350000000000005,0.58999999999999997,0.60019999999999996,515329,567,0.60156399999999999
2016-04-26 04:00:00+00:00,0.59179999999999999,0.59560000000000002,0.56000000000000005,0.58189999999999997,481205,410,0.58037499999999997
2016-04-27 04:00:00+00:00,0.58560000000000001,0.60999999999999999,0.57999999999999996,0.59999999999999998,854292,619,0.59604000000000001
2016-04-28 04:00:00+00:00,0.60999999999999999,0.63280000000000003,0.60519999999999996,0.63029999999999997,266503,361,0.62762799999999996
2016-04-29 04:00:00+00:00,0.62490000000000001,0.64000000000000001,0.58599999999999997,0.59999999999999998,455451,544,0.60599700000000001
2016-05-02 04:00:00+00:00,0.59999999999999998,0.60540000000000005,0.5736,0.59189999999999998,694027,707,0.58673799999999998
2016-05-03 04:00:00+00:00,0.59230000000000005,0.59230000000000005,0.54600000000000004,0.55000000000000004,912653,735,0.56415700000000002
2016-05-04 04:00:00+00:00,0.53000000000000003,0.56269999999999998,0.51160000000000005,0.51249999999999996,644837,977,0.53262799999999999
2016-05-05 04:00:00+00:00,0.52180000000000004,0.53000000000000003,0.52000000000000002,0.52000000000000002,235957,281,0.52402000000000004
2016-05-06 04:00:00+00:00,0.53000000000000003,0.54339999999999999,0.52000000000000002,0.5323,286243,213,0.537883
2016-05-09 04:00:00+00:00,0.54179999999999995,0.54179999999999995,0.51280000000000003,0.52370000000000005,353526,242,0.52152900000000002
2016-05-10 04:00:00+00:00,0.52000000000000002,0.52490000000000003,0.51490000000000002,0.51700000000000002,96779,153,0.51944999999999997
2016-05-11 04:00:00+00:00,0.51000000000000001,0.52800000000000002,0.51000000000000001,0.52800000000000002,180788,227,0.52130799999999999
2016-05-12 04:00:00+00:00,0.52000000000000002,0.53749999999999998,0.5,0.50239999999999996,292071,211,0.51191699999999996
2016-05-13 04:00:00+00:00,0.50639999999999996,0.51000000000000001,0.46999999999999997,0.5,340720,317,0.491618
2016-05-16 04:00:00+00:00,0.48580000000000001,0.51349999999999996,0.48580000000000001,0.50239999999999996,348599,280,0.49554399999999998
2016-05-17 04:00:00+00:00,0.51980000000000004,0.53000000000000003,0.5,0.51680000000000004,243844,357,0.51731899999999997
2016-05-18 04:00:00+00:00,0.51000000000000001,0.51819999999999999,0.49270000000000003,0.49909999999999999,166860,232,0.504637
2016-05-19 04:00:00+00:00,0.48999999999999999,0.50590000000000002,0.47270000000000001,0.50580000000000003,216981,148,0.48764299999999999
2016-05-20 04:00:00+00:00,0.5,0.5,0.48449999999999999,0.49399999999999999,182332,116,0.48936299999999999
2016-05-23 04:00:00+00:00,0.5,0.50019999999999998,0.48199999999999998,0.5,116776,100,0.49621300000000002
2016-05-24 04:00:00+00:00,0.5,0.50429999999999997,0.47999999999999998,0.47999999999999998,161415,178,0.49339
2016-05-25 04:00:00+00:00,0.48499999999999999,0.50570000000000004,0.47999999999999998,0.47999999999999998,242829,278,0.48799900000000002
2016-05-26 04:00:00+00:00,0.48530000000000001,0.49730000000000002,0.4788,0.48530000000000001,188080,103,0.48500399999999999
2016-05-27 04:00:00+00:00,0.48999999999999999,0.48999999999999999,0.47499999999999998,0.47770000000000001,139161,113,0.48021999999999998
2016-05-31 04:00:00+00:00,0.48420000000000002,0.48999999999999999,0.47999999999999998,0.48999999999999999,161059,154,0.48404999999999998
2016-06-01 04:00:00+00:00,0.48999999999999999,0.495,0.47999999999999998,0.49299999999999999,142295,119,0.488427
2016-06-02 04:00:00+00:00,0.48999999999999999,0.51800000000000002,0.48999999999999999,0.51280000000000003,609223,593,0.501444
2016-06-03 04:00:00+00:00,0.52000000000000002,0.54349999999999998,0.51000000000000001,0.51980000000000004,618295,592,0.52750900000000001
2016-06-06 04:00:00+00:00,0.5363,0.55000000000000004,0.5202,0.54000000000000004,1032782,969,0.53646000000000005
2016-06-07 04:00:00+00:00,0.55720000000000003,0.58020000000000005,0.54500000000000004,0.55900000000000005,1159081,969,0.56342199999999998
2016-06-08 04:00:00+00:00,0.57999999999999996,0.58599999999999997,0.56000000000000005,0.56999999999999995,375505,467,0.56889699999999999
2016-06-09 04:00:00+00:00,0.56310000000000004,0.57999999999999996,0.55579999999999996,0.57999999999999996,633351,586,0.56704600000000005
2016-06-10 04:00:00+00:00,0.57799999999999996,0.58320000000000005,0.55410000000000004,0.56499999999999995,493590,432,0.56893499999999997
2016-06-13 04:00:00+00:00,0.56459999999999999,0.56499999999999995,0.54510000000000003,0.55400000000000005,378360,434,0.555284
2016-06-14 04:00:00+00:00,0.54290000000000005,0.55520000000000003,0.53010000000000002,0.54000000000000004,401682,321,0.53849800000000003
2016-06-15 04:00:00+00:00,0.54500000000000004,0.56879999999999997,0.54000000000000004,0.55549999999999999,161803,202,0.55667699999999998
2016-06-16 04:00:00+00:00,0.54500000000000004,0.56399999999999995,0.54290000000000005,0.55000000000000004,268126,180,0.55254000000000003
2016-06-17 04:00:00+00:00,0.5615,0.56999999999999995,0.55600000000000005,0.56999999999999995,142899,127,0.56204200000000004
2016-06-20 04:00:00+00:00,0.58140000000000003,0.58140000000000003,0.5675,0.57909999999999995,366732,270,0.57604999999999995
2016-06-21 04:00:00+00:00,0.57999999999999996,0.59489999999999998,0.55220000000000002,0.56779999999999997,236431,278,0.57691800000000004
2016-06-22 04:00:00+00:00,0.56499999999999995,0.58999999999999997,0.55000000000000004,0.55979999999999996,170501,150,0.56904999999999994
2016-06-23 04:00:00+00:00,0.56220000000000003,0.58789999999999998,0.56220000000000003,0.57999999999999996,169506,174,0.57772699999999999
2016-06-24 04:00:00+00:00,0.56000000000000005,0.56679999999999997,0.54000000000000004,0.54010000000000002,351234,242,0.550153
2016-06-27 04:00:00+00:00,0.54000000000000004,0.54579999999999995,0.501,0.52000000000000002,627313,505,0.52487300000000003
2016-06-28 04:00:00+00:00,0.51049999999999995,0.54000000000000004,0.51049999999999995,0.53910000000000002,218894,197,0.52485899999999996
2016-06-29 04:00:00+00:00,0.52400000000000002,0.54800000000000004,0.52400000000000002,0.53180000000000005,213590,209,0.53206100000000001
2016-06-30 04:00:00+00:00,0.53800000000000003,0.55000000000000004,0.52890000000000004,0.55000000000000004,247439,168,0.53355600000000003
2016-07-01 04:00:00+00:00,0.55000000000000004,0.55989999999999995,0.53010000000000002,0.54549999999999998,213874,201,0.54352199999999995
2016-07-05 04:00:00+00:00,0.56000000000000005,0.56540000000000001,0.54010000000000002,0.54090000000000005,162506,164,0.55422099999999996
2016-07-06 04:00:00+00:00,0.54979999999999996,0.54979999999999996,0.53000000000000003,0.54000000000000004,365141,319,0.53668700000000003
2016-07-07 04:00:00+00:00,0.53249999999999997,0.54500000000000004,0.52990000000000004,0.5363,204275,171,0.53588599999999997
2016-07-08 04:00:00+00:00,0.53469999999999995,0.55000000000000004,0.53139999999999998,0.53149999999999997,364571,305,0.54021799999999998
2016-07-11 04:00:00+00:00,0.53300000000000003,0.54000000000000004,0.53000000000000003,0.53859999999999997,356085,312,0.53287300000000004
2016-07-12 04:00:00+00:00,0.53190000000000004,0.57779999999999998,0.53190000000000004,0.56979999999999997,468491,561,0.56738200000000005
2016-07-13 04:00:00+00:00,0.56999999999999995,0.57999999999999996,0.55279999999999996,0.55559999999999998,225445,335,0.56292600000000004
2016-07-14 04:00:00+00:00,0.55959999999999999,0.56430000000000002,0.54700000000000004,0.55620000000000003,206278,218,0.55731299999999995
2016-07-15 04:00:00+00:00,0.55600000000000005,0.56299999999999994,0.54610000000000003,0.56010000000000004,111510,116,0.55398999999999998
2016-07-18 04:00:00+00:00,0.56000000000000005,0.56669999999999998,0.54449999999999998,0.55820000000000003,138271,219,0.55752000000000002
2016-07-19 04:00:00+00:00,0.56000000000000005,0.56279999999999997,0.55000000000000004,0.55030000000000001,172165,169,0.55509200000000003
2016-07-20 04:00:00+00:00,0.55979999999999996,0.55989999999999995,0.54200000000000004,0.55159999999999998,72424,123,0.55168799999999996
2016-07-21 04:00:00+00:00,0.56000000000000005,0.56000000000000005,0.54900000000000004,0.5514,85199,103,0.55590499999999998
2016-07-22 04:00:00+00:00,0.55000000000000004,0.55630000000000002,0.54449999999999998,0.55000000000000004,90329,134,0.54837100000000005
2016-07-25 04:00:00+00:00,0.55000000000000004,0.55369999999999997,0.53000000000000003,0.53000000000000003,192010,263,0.541103
2016-07-26 04:00:00+00:00,0.53000000000000003,0.54800000000000004,0.52690000000000003,0.54000000000000004,389250,335,0.53232699999999999
2016-07-27 04:00:00+00:00,0.54869999999999997,0.55000000000000004,0.53510000000000002,0.54500000000000004,349305,294,0.54556800000000005
2016-07-28 04:00:00+00:00,0.54600000000000004,0.55000000000000004,0.53000000000000003,0.53000000000000003,151126,187,0.54452999999999996
2016-07-29 04:00:00+00:00,0.53910000000000002,0.54000000000000004,0.52410000000000001,0.5272,932660,613,0.53163400000000005
2016-08-01 04:00:00+00:00,0.52000000000000002,0.54000000000000004,0.51149999999999995,0.51149999999999995,595480,366,0.52537800000000001
2016-08-02 04:00:00+00:00,0.52690000000000003,0.54000000000000004,0.51670000000000005,0.52000000000000002,378935,313,0.52814899999999998
2016-08-03 04:00:00+00:00,0.51700000000000002,0.52959999999999996,0.5101,0.52600000000000002,118351,171,0.51999200000000001
2016-08-04 04:00:00+00:00,0.53000000000000003,0.53129999999999999,0.50049999999999994,0.50609999999999999,479734,437,0.51772499999999999
2016-08-05 04:00:00+00:00,0.51000000000000001,0.51719999999999999,0.5,0.50329999999999997,401842,389,0.50328099999999998
2016-08-08 04:00:00+00:00,0.5,0.52090000000000003,0.4919,0.51880000000000004,404641,261,0.50505199999999995
2016-08-09 04:00:00+00:00,0.52000000000000002,0.52000000000000002,0.50009999999999999,0.50990000000000002,266855,224,0.50842799999999999
2016-08-10 04:00:00+00:00,0.50009999999999999,0.5161,0.50009999999999999,0.51000000000000001,141276,161,0.50980599999999998
2016-08-11 04:00:00+00:00,0.50419999999999998,0.53500000000000003,0.50419999999999998,0.53349999999999997,597199,460,0.52683199999999997
2016-08-12 04:00:00+00:00,0.53069999999999995,0.54310000000000003,0.52000000000000002,0.52990000000000004,413902,410,0.53242900000000004
2016-08-15 04:00:00+00:00,0.52580000000000005,0.5363,0.5242,0.52500000000000002,206851,252,0.53002400000000005
2016-08-16 04:00:00+00:00,0.53000000000000003,0.53500000000000003,0.52170000000000005,0.52170000000000005,215574,283,0.53142100000000003
2016-08-17 04:00:00+00:00,0.53000000000000003,0.53500000000000003,0.52539999999999998,0.52869999999999995,87911,146,0.52936899999999998
2016-08-18 04:00:00+00:00,0.53490000000000004,0.53500000000000003,0.52480000000000004,0.53490000000000004,336537,360,0.53296200000000005
2016-08-19 04:00:00+00:00,0.5393,0.5393,0.52000000000000002,0.52200000000000002,179158,278,0.52936799999999995
2016-08-22 04:00:00+00:00,0.53000000000000003,0.53490000000000004,0.52000000000000002,0.52000000000000002,380593,333,0.53112400000000004
2016-08-23 04:00:00+00:00,0.52470000000000006,0.53000000000000003,0.52000000000000002,0.52000000000000002,141316,195,0.522949
2016-08-24 04:00:00+00:00,0.5161,0.53000000000000003,0.5081,0.50839999999999996,576086,474,0.51662300000000005
2016-08-25 04:00:00+00:00,0.52059999999999995,0.52059999999999995,0.50829999999999997,0.52000000000000002,293858,274,0.513714
2016-08-26 04:00:00+00:00,0.51000000000000001,0.52849999999999997,0.50600000000000001,0.51000000000000001,263466,177,0.51594300000000004
2016-08-29 04:00:00+00:00,0.51000000000000001,0.51649999999999996,0.505,0.50760000000000005,192560,247,0.51076500000000002
2016-08-30 04:00:00+00:00,0.503,0.5141,0.5,0.50639999999999996,220261,395,0.50744800000000001
2016-08-31 04:00:00+00:00,0.50039999999999996,0.51000000000000001,0.5,0.5,245452,290,0.50242299999999995
2016-09-01 04:00:00+00:00,0.5,0.51359999999999995,0.49430000000000002,0.50649999999999995,225543,174,0.50021400000000005
2016-09-02 04:00:00+00:00,0.5,0.52000000000000002,0.5,0.51539999999999997,135346,131,0.51717400000000002
2016-09-06 04:00:00+00:00,0.51000000000000001,0.53649999999999998,0.51000000000000001,0.53000000000000003,266053,234,0.52729300000000001
2016-09-07 04:00:00+00:00,0.53000000000000003,0.54000000000000004,0.52000000000000002,0.52600000000000002,168040,209,0.53055099999999999
2016-09-08 04:00:00+00:00,0.52510000000000001,0.53510000000000002,0.52049999999999996,0.52800000000000002,107304,164,0.52603299999999997
2016-09-09 04:00:00+00:00,0.52000000000000002,0.52990000000000004,0.51200000000000001,0.5121,221670,238,0.51945300000000005
2016-09-12 04:00:00+00:00,0.51000000000000001,0.53000000000000003,0.51000000000000001,0.52000000000000002,272398,268,0.514019
2016-09-13 04:00:00+00:00,0.51000000000000001,0.52000000000000002,0.48999999999999999,0.5,510770,342,0.50000199999999995
2016-09-14 04:00:00+00:00,0.47999999999999998,0.5,0.47999999999999998,0.4829,268942,230,0.48889100000000002
2016-09-15 04:00:00+00:00,0.48999999999999999,0.48999999999999999,0.47449999999999998,0.47649999999999998,519487,360,0.47698099999999999
2016-09-16 04:00:00+00:00,0.47399999999999998,0.48420000000000002,0.46729999999999999,0.46999999999999997,236611,255,0.475082
2016-09-19 04:00:00+00:00,0.47999999999999998,0.48110000000000003,0.46229999999999999,0.46500000000000002,156876,150,0.470779
2016-09-20 04:00:00+00:00,0.46999999999999997,0.47939999999999999,0.46089999999999998,0.47449999999999998,214812,234,0.46904400000000002
2016-09-21 04:00:00+00:00,0.47249999999999998,0.48280000000000001,0.46500000000000002,0.47510000000000002,106626,204,0.47526099999999999
2016-09-22 04:00:00+00:00,0.48199999999999998,0.49440000000000001,0.47499999999999998,0.47999999999999998,150163,149,0.48178599999999999
2016-09-23 04:00:00+00:00,0.48230000000000001,0.48230000000000001,0.46960000000000002,0.47970000000000002,161584,168,0.47496500000000003
2016-09-26 04:00:00+00:00,0.48099999999999998,0.48099999999999998,0.46100000000000002,0.46829999999999999,188862,190,0.47074899999999997
2016-09-27 04:00:00+00:00,0.46000000000000002,0.47520000000000001,0.45789999999999997,0.47520000000000001,173819,161,0.46231299999999997
2016-09-28 04:00:00+00:00,0.47710000000000002,0.47860000000000003,0.46500000000000002,0.47489999999999999,89118,91,0.47144799999999998
2016-09-29 04:00:00+00:00,0.46500000000000002,0.47620000000000001,0.46100000000000002,0.46139999999999998,224884,243,0.467949
2016-09-30 04:00:00+00:00,0.46360000000000001,0.47510000000000002,0.45500000000000002,0.46999999999999997,102176,160,0.46679900000000002
2016-10-03 04:00:00+00:00,0.46300000000000002,0.47449999999999998,0.45989999999999998,0.46999999999999997,210146,176,0.46582200000000001
2016-10-04 04:00:00+00:00,0.46000000000000002,0.46999999999999997,0.45350000000000001,0.4617,132464,157,0.45737499999999998
2016-10-05 04:00:00+00:00,0.46100000000000002,0.46850000000000003,0.4446,0.46000000000000002,628651,417,0.45234799999999997
2016-10-06 04:00:00+00:00,0.45000000000000001,0.45629999999999998,0.4451,0.4551,242815,291,0.45144099999999998
2016-10-07 04:00:00+00:00,0.46000000000000002,0.46999999999999997,0.45000000000000001,0.46500000000000002,331949,260,0.45974300000000001
2016-10-10 04:00:00+00:00,0.45200000000000001,0.46200000000000002,0.41099999999999998,0.43559999999999999,449839,284,0.43237300000000001
2016-10-11 04:00:00+00:00,0.45989999999999998,0.46589999999999998,0.44500000000000001,0.44990000000000002,63133,79,0.45533000000000001
2016-10-12 04:00:00+00:00,0.45100000000000001,0.45300000000000001,0.44230000000000003,0.44969999999999999,119269,165,0.443629
2016-10-13 04:00:00+00:00,0.44330000000000003,0.45000000000000001,0.443,0.44519999999999998,205115,166,0.44574000000000003
2016-10-14 04:00:00+00:00,0.44500000000000001,0.45490000000000003,0.439,0.43909999999999999,137893,128,0.44558500000000001
2016-10-17 04:00:00+00:00,0.44,0.44919999999999999,0.39500000000000002,0.42459999999999998,638885,439,0.42342200000000002
2016-10-18 04:00:00+00:00,0.438,0.45000000000000001,0.42999999999999999,0.44,402623,251,0.443712
2016-10-19 04:00:00+00:00,0.44529999999999997,0.44529999999999997,0.42559999999999998,0.435,138395,112,0.43329499999999999
2016-10-20 04:00:00+00:00,0.42549999999999999,0.44009999999999999,0.42549999999999999,0.43020000000000003,513159,397,0.43345699999999998
2016-10-21 04:00:00+00:00,0.43020000000000003,0.44,0.42559999999999998,0.44,77759,86,0.43495099999999998
2016-10-24 04:00:00+00:00,0.43709999999999999,0.43709999999999999,0.42330000000000001,0.43009999999999998,369349,195,0.426514
2016-10-25 04:00:00+00:00,0.43020000000000003,0.43020000000000003,0.42480000000000001,0.42599999999999999,162391,160,0.42687900000000001
2016-10-26 04:00:00+00:00,0.42399999999999999,0.434,0.42009999999999997,0.42499999999999999,128437,93,0.42584100000000003
2016-10-27 04:00:00+00:00,0.42099999999999999,0.4279,0.41999999999999998,0.4259,152862,127,0.42210999999999999
2016-10-28 04:00:00+00:00,0.42759999999999998,0.42830000000000001,0.40999999999999998,0.41749999999999998,210671,147,0.4229
2016-10-31 04:00:00+00:00,0.40699999999999997,0.42009999999999997,0.40229999999999999,0.40229999999999999,474360,231,0.410437
2016-11-01 04:00:00+00:00,0.40610000000000002,0.40610000000000002,0.40000000000000002,0.40000000000000002,272195,223,0.40149600000000002
2016-11-02 04:00:00+00:00,0.40570000000000001,0.40600000000000003,0.37290000000000001,0.37290000000000001,1253931,772,0.38778200000000002
2016-11-03 04:00:00+00:00,0.37130000000000002,0.3831,0.36759999999999998,0.36980000000000002,483712,393,0.37520900000000001
2016-11-04 04:00:00+00:00,0.38,0.39000000000000001,0.37,0.3805,327968,342,0.38127800000000001
2016-11-07 05:00:00+00:00,0.38629999999999998,0.40000000000000002,0.38150000000000001,0.39119999999999999,349189,246,0.39091300000000001
2016-11-08 05:00:00+00:00,0.38669999999999999,0.40999999999999998,0.38669999999999999,0.40710000000000002,549823,297,0.40053499999999997
2016-11-09 05:00:00+00:00,0.40000000000000002,0.41189999999999999,0.3921,0.40999999999999998,193427,253,0.40381699999999998
2016-11-10 05:00:00+00:00,0.40999999999999998,0.47470000000000001,0.40500000000000003,0.44619999999999999,1590216,702,0.43572499999999997
2016-11-11 05:00:00+00:00,0.46850000000000003,0.48370000000000002,0.43330000000000002,0.44340000000000002,824625,378,0.45466400000000001
2016-11-14 05:00:00+00:00,0.44340000000000002,0.45500000000000002,0.44,0.44319999999999998,338937,286,0.44464500000000001
2016-11-15 05:00:00+00:00,0.44319999999999998,0.46160000000000001,0.44,0.45400000000000001,235105,296,0.45011400000000001
2016-11-16 05:00:00+00:00,0.45569999999999999,0.47010000000000002,0.45000000000000001,0.46889999999999998,650014,301,0.46669500000000003
2016-11-17 05:00:00+00:00,0.47160000000000002,0.47999999999999998,0.45979999999999999,0.47999999999999998,422712,408,0.46868500000000002
2016-11-18 05:00:00+00:00,0.47999999999999998,0.47999999999999998,0.46999999999999997,0.47220000000000001,348762,512,0.473468
2016-11-21 05:00:00+00:00,0.46760000000000002,0.48499999999999999,0.46760000000000002,0.48499999999999999,386748,326,0.47822599999999998
2016-11-22 05:00:00+00:00,0.47999999999999998,0.48499999999999999,0.46639999999999998,0.46999999999999997,506665,258,0.473493
2016-11-23 05:00:00+00:00,0.4713,0.47710000000000002,0.45000000000000001,0.46500000000000002,185514,181,0.46510899999999999
2016-11-25 05:00:00+00:00,0.4602,0.47599999999999998,0.46000000000000002,0.46999999999999997,786503,103,0.47410099999999999
2016-11-28 05:00:00+00:00,0.47989999999999999,0.47989999999999999,0.46000000000000002,0.46999999999999997,288123,276,0.46942800000000001
2016-11-29 05:00:00+00:00,0.4511,0.4607,0.44359999999999999,0.45000000000000001,560909,453,0.449741
2016-11-30 05:00:00+00:00,0.45500000000000002,0.46279999999999999,0.42999999999999999,0.435,367346,467,0.45009199999999999
2016-12-01 05:00:00+00:00,0.4415,0.45610000000000001,0.42999999999999999,0.44309999999999999,299345,284,0.44251699999999999
2016-12-02 05:00:00+00:00,0.44069999999999998,0.4612,0.44069999999999998,0.45000000000000001,97300,103,0.45039499999999999
2016-12-05 05:00:00+00:00,0.4425,0.45300000000000001,0.4425,0.45000000000000001,303555,304,0.44872400000000001
2016-12-06 05:00:00+00:00,0.44190000000000002,0.46000000000000002,0.441,0.45910000000000001,318230,364,0.45268799999999998
2016-12-07 05:00:00+00:00,0.45000000000000001,0.48549999999999999,0.44950000000000001,0.47610000000000002,477495,565,0.46706700000000001
2016-12-08 05:00:00+00:00,0.48599999999999999,0.48999999999999999,0.46639999999999998,0.48999999999999999,775169,594,0.48177399999999998
2016-12-09 05:00:00+00:00,0.5,0.53800000000000003,0.5,0.52580000000000005,1803314,939,0.51822800000000002
2016-12-12 05:00:00+00:00,0.53110000000000002,0.55000000000000004,0.53000000000000003,0.53310000000000002,1015999,588,0.53451000000000004
2016-12-13 05:00:00+00:00,0.54000000000000004,0.55000000000000004,0.51629999999999998,0.5413,951719,1025,0.53349199999999997
2016-12-14 05:00:00+00:00,0.55000000000000004,0.55989999999999995,0.52490000000000003,0.5373,521776,525,0.54962
2016-12-15 05:00:00+00:00,0.53859999999999997,0.54000000000000004,0.52949999999999997,0.54000000000000004,342740,549,0.53537999999999997
2016-12-16 05:00:00+00:00,0.54790000000000005,0.55789999999999995,0.53800000000000003,0.55789999999999995,480690,720,0.54963300000000004
2016-12-19 05:00:00+00:00,0.56000000000000005,0.56000000000000005,0.52739999999999998,0.53000000000000003,324530,241,0.54317199999999999
2016-12-20 05:00:00+00:00,0.53000000000000003,0.54000000000000004,0.52380000000000004,0.53320000000000001,397994,414,0.53395499999999996
2016-12-21 05:00:00+00:00,0.54000000000000004,0.54000000000000004,0.52249999999999996,0.53800000000000003,457932,379,0.53077799999999997
2016-12-22 05:00:00+00:00,0.53559999999999997,0.54500000000000004,0.51749999999999996,0.5232,638257,742,0.53095899999999996
2016-12-23 05:00:00+00:00,0.5333,0.53949999999999998,0.51600000000000001,0.53000000000000003,708224,886,0.52797000000000005
2016-12-27 05:00:00+00:00,0.55000000000000004,0.57499999999999996,0.54000000000000004,0.55520000000000003,837510,669,0.56633299999999998
2016-12-28 05:00:00+00:00,0.54769999999999996,0.54769999999999996,0.52500000000000002,0.52800000000000002,587284,573,0.53604200000000002
2016-12-29 05:00:00+00:00,0.53000000000000003,0.54339999999999999,0.52549999999999997,0.52569999999999995,315598,321,0.53529700000000002
2016-12-30 05:00:00+00:00,0.52600000000000002,0.53849999999999998,0.50619999999999998,0.51470000000000005,507920,532,0.51975199999999999
2017-01-03 05:00:00+00:00,0.53000000000000003,0.55120000000000002,0.51949999999999996,0.55089999999999995,576837,415,0.53325800000000001
2017-01-04 05:00:00+00:00,0.55500000000000005,0.58850000000000002,0.54490000000000005,0.58850000000000002,866627,778,0.56506299999999998
2017-01-05 05:00:00+00:00,0.59989999999999999,0.62009999999999998,0.59499999999999997,0.61199999999999999,1448224,971,0.60910900000000001
2017-01-06 05:00:00+00:00,0.622,0.62339999999999995,0.58999999999999997,0.60999999999999999,783672,797,0.605908
2017-01-09 05:00:00+00:00,0.61380000000000001,0.62,0.58089999999999997,0.60429999999999995,608985,541,0.60116599999999998
2017-01-10 05:00:00+00:00,0.61109999999999998,0.69020000000000004,0.60509999999999997,0.68500000000000005,1959192,1675,0.650841
2017-01-11 05:00:00+00:00,0.69199999999999995,0.78300000000000003,0.68999999999999995,0.78300000000000003,5205621,4283,0.74340600000000001
2017-01-12 05:00:00+00:00,0.81200000000000006,0.81940000000000002,0.72850000000000004,0.73119999999999996,3443778,2942,0.77644299999999999
2017-01-13 05:00:00+00:00,0.74299999999999999,0.81200000000000006,0.69689999999999996,0.80500000000000005,3362496,1590,0.754695
2017-01-17 05:00:00+00:00,0.7802,0.80210000000000004,0.74560000000000004,0.76780000000000004,1828388,1617,0.78215199999999996
2017-01-18 05:00:00+00:00,0.73499999999999999,0.75580000000000003,0.6653,0.68000000000000005,2780350,1854,0.702214
2017-01-19 05:00:00+00:00,0.67000000000000004,0.72909999999999997,0.66049999999999998,0.7137,1175233,926,0.69953299999999996
2017-01-20 05:00:00+00:00,0.71999999999999997,0.7349,0.69999999999999996,0.71279999999999999,421887,435,0.71043199999999995
2017-01-23 05:00:00+00:00,0.71499999999999997,0.75,0.69799999999999995,0.73899999999999999,885199,695,0.72489800000000004
2017-01-24 05:00:00+00:00,0.7712,0.80000000000000004,0.74490000000000001,0.79010000000000002,1567523,1247,0.783385
2017-01-25 05:00:00+00:00,0.80500000000000005,0.83999999999999997,0.76000000000000001,0.7651,1833121,1546,0.79752100000000004
2017-01-26 05:00:00+00:00,0.78359999999999996,0.78359999999999996,0.73999999999999999,0.76000000000000001,1063650,798,0.75478000000000001
2017-01-27 05:00:00+00:00,0.75549999999999995,0.76729999999999998,0.72860000000000003,0.73499999999999999,841327,509,0.74287199999999998
2017-01-30 05:00:00+00:00,0.75,0.75590000000000002,0.70660000000000001,0.71599999999999997,1182732,674,0.72652399999999995
2017-01-31 05:00:00+00:00,0.71150000000000002,0.74519999999999997,0.70520000000000005,0.74239999999999995,626418,854,0.72472400000000003
2017-02-01 05:00:00+00:00,0.71999999999999997,0.73709999999999998,0.68679999999999997,0.69989999999999997,906942,652,0.70297600000000005
2017-02-02 05:00:00+00:00,0.72499999999999998,0.73999999999999999,0.69030000000000002,0.69999999999999996,956464,749,0.70480699999999996
2017-02-03 05:00:00+00:00,0.69999999999999996,0.71660000000000001,0.69630000000000003,0.70569999999999999,422494,351,0.70555999999999996
2017-02-06 05:00:00+00:00,0.71309999999999996,0.72970000000000002,0.70820000000000005,0.72140000000000004,627507,452,0.72001899999999996
2017-02-07 05:00:00+00:00,0.71579999999999999,0.74660000000000004,0.70409999999999995,0.72170000000000001,680674,710,0.72517799999999999
2017-02-08 05:00:00+00:00,0.72740000000000005,0.745,0.72740000000000005,0.745,626129,478,0.73783799999999999
2017-02-09 05:00:00+00:00,0.75,0.76700000000000002,0.72999999999999998,0.73860000000000003,977795,740,0.75600599999999996
2017-02-10 05:00:00+00:00,0.75,0.78000000000000003,0.747,0.78000000000000003,673713,597,0.76476699999999997
2017-02-13 05:00:00+00:00,0.78000000000000003,0.80000000000000004,0.77500000000000002,0.80000000000000004,1174742,1025,0.79245900000000002
2017-02-14 05:00:00+00:00,0.81230000000000002,0.83889999999999998,0.80820000000000003,0.82989999999999997,1371935,901,0.82591599999999998
2017-02-15 05:00:00+00:00,0.83999999999999997,0.83999999999999997,0.77000000000000002,0.77939999999999998,1204272,914,0.80599299999999996
2017-02-16 05:00:00+00:00,0.77000000000000002,0.78480000000000005,0.74099999999999999,0.74950000000000006,1234134,994,0.75065199999999999
2017-02-17 05:00:00+00:00,0.751,0.76290000000000002,0.73499999999999999,0.75539999999999996,1177779,639,0.75041500000000005
2017-02-21 05:00:00+00:00,0.74299999999999999,0.75749999999999995,0.72030000000000005,0.72999999999999998,1010878,578,0.73426100000000005
2017-02-22 05:00:00+00:00,0.71999999999999997,0.72499999999999998,0.71179999999999999,0.71509999999999996,779714,515,0.71940499999999996
2017-02-23 05:00:00+00:00,0.71499999999999997,0.71999999999999997,0.69499999999999995,0.69499999999999995,632263,516,0.707152
2017-02-24 05:00:00+00:00,0.69499999999999995,0.69499999999999995,0.66010000000000002,0.67090000000000005,1122185,942,0.67224200000000001
2017-02-27 05:00:00+00:00,0.6603,0.70699999999999996,0.64290000000000003,0.69599999999999995,951110,1204,0.66531899999999999
2017-02-28 05:00:00+00:00,0.69999999999999996,0.71440000000000003,0.65000000000000002,0.68000000000000005,612556,678,0.68102499999999999
2017-03-01 05:00:00+00:00,0.65800000000000003,0.69999999999999996,0.65800000000000003,0.67000000000000004,354044,513,0.67316900000000002
2017-03-02 05:00:00+00:00,0.68000000000000005,0.68940000000000001,0.65000000000000002,0.65639999999999998,496300,791,0.66217400000000004
2017-03-03 05:00:00+00:00,0.66000000000000003,0.67000000000000004,0.63500000000000001,0.65000000000000002,906891,587,0.64748499999999998
2017-03-06 05:00:00+00:00,0.66000000000000003,0.67000000000000004,0.61760000000000004,0.62760000000000005,1016296,951,0.63071299999999997
2017-03-07 05:00:00+00:00,0.63,0.65429999999999999,0.61509999999999998,0.64500000000000002,589339,532,0.63201799999999997
2017-03-08 05:00:00+00:00,0.64500000000000002,0.68569999999999998,0.63229999999999997,0.65000000000000002,1049264,841,0.66500599999999999
2017-03-09 05:00:00+00:00,0.64200000000000002,0.65410000000000001,0.625,0.63,562214,505,0.63789099999999999
2017-03-10 05:00:00+00:00,0.64000000000000001,0.65539999999999998,0.62160000000000004,0.64029999999999998,518233,671,0.64150099999999999
2017-03-13 04:00:00+00:00,0.65669999999999995,0.66410000000000002,0.65000000000000002,0.65490000000000004,746619,1390,0.65826300000000004
2017-03-14 04:00:00+00:00,0.64470000000000005,0.6472,0.62,0.64559999999999995,716696,450,0.63007100000000005
2017-03-15 04:00:00+00:00,0.64890000000000003,0.67000000000000004,0.63080000000000003,0.66500000000000004,590993,633,0.65363300000000002
2017-03-16 04:00:00+00:00,0.68430000000000002,0.68999999999999995,0.66000000000000003,0.6734,593659,655,0.67534499999999997
2017-03-17 04:00:00+00:00,0.67979999999999996,0.68579999999999997,0.65369999999999995,0.67000000000000004,337621,384,0.66436099999999998
2017-03-20 04:00:00+00:00,0.65369999999999995,0.65400000000000003,0.63,0.64510000000000001,506102,606,0.64232999999999996
2017-03-21 04:00:00+00:00,0.64000000000000001,0.64590000000000003,0.60460000000000003,0.60570000000000002,699108,545,0.61818200000000001
2017-03-22 04:00:00+00:00,0.59999999999999998,0.60999999999999999,0.57969999999999999,0.59130000000000005,669659,541,0.594055
2017-03-23 04:00:00+00:00,0.59950000000000003,0.62529999999999997,0.59740000000000004,0.61950000000000005,402902,418,0.61336000000000002
2017-03-24 04:00:00+00:00,0.63,0.63,0.60009999999999997,0.60750000000000004,316105,363,0.61588500000000002
2017-03-27 04:00:00+00:00,0.61570000000000003,0.62880000000000003,0.59279999999999999,0.62770000000000004,190803,293,0.61382700000000001
2017-03-28 04:00:00+00:00,0.62,0.63900000000000001,0.62,0.62770000000000004,380772,304,0.62950099999999998
2017-03-29 04:00:00+00:00,0.63500000000000001,0.65000000000000002,0.63009999999999999,0.6381,344117,227,0.64205599999999996
2017-03-30 04:00:00+00:00,0.64129999999999998,0.64129999999999998,0.63,0.63749999999999996,122395,291,0.63510699999999998
2017-03-31 04:00:00+00:00,0.63200000000000001,0.64000000000000001,0.62,0.62,254023,226,0.62953499999999996
2017-04-03 04:00:00+00:00,0.62,0.62990000000000002,0.6008,0.61109999999999998,422170,302,0.61534100000000003
2017-04-04 04:00:00+00:00,0.59999999999999998,0.62,0.58999999999999997,0.62,462180,532,0.60178100000000001
2017-04-05 04:00:00+00:00,0.60240000000000005,0.62,0.59999999999999998,0.60980000000000001,381791,359,0.608738
2017-04-06 04:00:00+00:00,0.59999999999999998,0.60550000000000004,0.59340000000000004,0.60409999999999997,287952,325,0.59953199999999995
2017-04-07 04:00:00+00:00,0.60360000000000003,0.61439999999999995,0.60089999999999999,0.60399999999999998,198070,207,0.60665400000000003
2017-04-10 04:00:00+00:00,0.60999999999999999,0.6472,0.60499999999999998,0.63,816828,636,0.628498
2017-04-11 04:00:00+00:00,0.63019999999999998,0.65990000000000004,0.62170000000000003,0.64980000000000004,497840,669,0.64188400000000001
2017-04-12 04:00:00+00:00,0.65000000000000002,0.65380000000000005,0.61619999999999997,0.62560000000000004,306312,347,0.63036199999999998
2017-04-13 04:00:00+00:00,0.61809999999999998,0.625,0.60499999999999998,0.60650000000000004,423611,496,0.615591
2017-04-17 04:00:00+00:00,0.61499999999999999,0.61919999999999997,0.60009999999999997,0.60870000000000002,253803,210,0.60777400000000004
2017-04-18 04:00:00+00:00,0.60009999999999997,0.61450000000000005,0.59999999999999998,0.60529999999999995,220122,243,0.60375500000000004
2017-04-19 04:00:00+00:00,0.60999999999999999,0.60999999999999999,0.59999999999999998,0.60019999999999996,275586,485,0.60195699999999996
2017-04-20 04:00:00+00:00,0.59999999999999998,0.60999999999999999,0.58999999999999997,0.59499999999999997,220754,608,0.59948800000000002
2017-04-21 04:00:00+00:00,0.59999999999999998,0.60070000000000001,0.58250000000000002,0.58989999999999998,333130,337,0.590059
2017-04-24 04:00:00+00:00,0.59660000000000002,0.59660000000000002,0.57999999999999996,0.57999999999999996,390976,364,0.58512799999999998
2017-04-25 04:00:00+00:00,0.57999999999999996,0.59160000000000001,0.56310000000000004,0.57999999999999996,619498,1317,0.57723500000000005
2017-04-26 04:00:00+00:00,0.57999999999999996,0.58999999999999997,0.57999999999999996,0.58999999999999997,195857,161,0.58617600000000003
2017-04-27 04:00:00+00:00,0.58799999999999997,0.58799999999999997,0.54820000000000002,0.54879999999999995,550667,659,0.560836
2017-04-28 04:00:00+00:00,0.54800000000000004,0.54979999999999996,0.50929999999999997,0.52000000000000002,1349811,2001,0.52276599999999995
2017-05-01 04:00:00+00:00,0.52000000000000002,0.53010000000000002,0.50290000000000001,0.52000000000000002,395678,282,0.51956500000000005
2017-05-02 04:00:00+00:00,0.52029999999999998,0.52759999999999996,0.50990000000000002,0.52500000000000002,279395,324,0.52119400000000005
2017-05-03 04:00:00+00:00,0.52500000000000002,0.52500000000000002,0.51000000000000001,0.52500000000000002,249498,372,0.51764699999999997
2017-05-04 04:00:00+00:00,0.51990000000000003,0.52000000000000002,0.47999999999999998,0.49509999999999998,669186,648,0.50108900000000001
2017-05-05 04:00:00+00:00,0.49180000000000001,0.50580000000000003,0.48549999999999999,0.48999999999999999,372282,323,0.494371
2017-05-08 04:00:00+00:00,0.48999999999999999,0.52790000000000004,0.48699999999999999,0.52539999999999998,369288,386,0.515872
2017-05-09 04:00:00+00:00,0.51000000000000001,0.52669999999999995,0.50280000000000002,0.52000000000000002,201221,179,0.51520900000000003
2017-05-10 04:00:00+00:00,0.5181,0.52490000000000003,0.50890000000000002,0.52000000000000002,235854,529,0.51862399999999997
2017-05-11 04:00:00+00:00,0.51670000000000005,0.52569999999999995,0.51000000000000001,0.51819999999999999,188357,242,0.51756999999999997
2017-05-12 04:00:00+00:00,0.52000000000000002,0.5272,0.51000000000000001,0.52000000000000002,706470,744,0.51789399999999997
2017-05-15 04:00:00+00:00,0.52270000000000005,0.53000000000000003,0.52000000000000002,0.52039999999999997,208919,265,0.52173099999999994
2017-05-16 04:00:00+00:00,0.52890000000000004,0.52890000000000004,0.51500000000000001,0.52500000000000002,174475,254,0.52132400000000001
2017-05-17 04:00:00+00:00,0.51500000000000001,0.51500000000000001,0.48999999999999999,0.49490000000000001,213129,248,0.49852400000000002
2017-05-18 04:00:00+00:00,0.48999999999999999,0.5,0.48499999999999999,0.48959999999999998,293671,309,0.49046099999999998
2017-05-19 04:00:00+00:00,0.48509999999999998,0.52500000000000002,0.48509999999999998,0.52500000000000002,360082,373,0.50892300000000001
2017-05-22 04:00:00+00:00,0.50449999999999995,0.52349999999999997,0.50449999999999995,0.505,227459,214,0.51256199999999996
2017-05-23 04:00:00+00:00,0.5101,0.51429999999999998,0.50209999999999999,0.50609999999999999,132713,145,0.50673999999999997
2017-05-24 04:00:00+00:00,0.51019999999999999,0.51549999999999996,0.48999999999999999,0.49159999999999998,325507,387,0.50349900000000003
2017-05-25 04:00:00+00:00,0.49159999999999998,0.50770000000000004,0.45029999999999998,0.4526,1467809,1023,0.47591600000000001
2017-05-26 04:00:00+00:00,0.4657,0.47999999999999998,0.46500000000000002,0.47999999999999998,259088,451,0.47057399999999999
2017-05-30 04:00:00+00:00,0.46000000000000002,0.47010000000000002,0.45069999999999999,0.45200000000000001,182830,245,0.45927800000000002
2017-05-31 04:00:00+00:00,0.46200000000000002,0.46689999999999998,0.45000000000000001,0.45319999999999999,578947,289,0.45312400000000003
2017-06-01 04:00:00+00:00,0.45379999999999998,0.46939999999999998,0.45000000000000001,0.45000000000000001,242714,243,0.46014899999999997
2017-06-02 04:00:00+00:00,0.46000000000000002,0.46050000000000002,0.43469999999999998,0.44600000000000001,381360,468,0.445712
2017-06-05 04:00:00+00:00,0.44690000000000002,0.45000000000000001,0.435,0.44729999999999998,424776,379,0.444629
2017-06-06 04:00:00+00:00,0.44800000000000001,0.44800000000000001,0.43099999999999999,0.44,369407,231,0.43570500000000001
2017-06-07 04:00:00+00:00,0.43109999999999998,0.43509999999999999,0.41099999999999998,0.41260000000000002,1151724,983,0.42232999999999998
2017-06-08 04:00:00+00:00,0.40550000000000003,0.44650000000000001,0.40550000000000003,0.42499999999999999,780408,670,0.43207899999999999
2017-06-09 04:00:00+00:00,0.42999999999999999,0.44130000000000003,0.42009999999999997,0.44,485345,430,0.43360500000000002
2017-06-12 04:00:00+00:00,0.44009999999999999,0.4486,0.43099999999999999,0.44,160941,189,0.43915900000000002
2017-06-13 04:00:00+00:00,0.44,0.45000000000000001,0.44,0.4496,482284,402,0.44805
2017-06-14 04:00:00+00:00,0.45000000000000001,0.45000000000000001,0.42299999999999999,0.44,333375,348,0.43735099999999999
2017-06-15 04:00:00+00:00,0.42999999999999999,0.43009999999999998,0.42009999999999997,0.4219,179514,177,0.42554500000000001
2017-06-16 04:00:00+00:00,0.41999999999999998,0.42549999999999999,0.41499999999999998,0.41999999999999998,264379,332,0.41979300000000003
2017-06-19 04:00:00+00:00,0.42530000000000001,0.44469999999999998,0.41699999999999998,0.44469999999999998,201359,160,0.42670599999999997
2017-06-20 04:00:00+00:00,0.433,0.44469999999999998,0.41510000000000002,0.41999999999999998,531218,342,0.43213800000000002
2017-06-21 04:00:00+00:00,0.41999999999999998,0.42370000000000002,0.40820000000000001,0.40999999999999998,485492,356,0.41398800000000002
2017-06-22 04:00:00+00:00,0.41999999999999998,0.42120000000000002,0.40999999999999998,0.41310000000000002,186764,215,0.41727599999999998
2017-06-23 04:00:00+00:00,0.41299999999999998,0.45000000000000001,0.41299999999999998,0.45000000000000001,475748,371,0.42549599999999999
2017-06-26 04:00:00+00:00,0.44869999999999999,0.46239999999999998,0.43959999999999999,0.4521,395562,397,0.45121299999999998
2017-06-27 04:00:00+00:00,0.4521,0.46200000000000002,0.41749999999999998,0.41999999999999998,660531,606,0.43446800000000002
2017-06-28 04:00:00+00:00,0.42999999999999999,0.43090000000000001,0.42399999999999999,0.42999999999999999,409712,396,0.429454
2017-06-29 04:00:00+00:00,0.441,0.45129999999999998,0.42999999999999999,0.43759999999999999,337713,373,0.44272899999999998
2017-06-30 04:00:00+00:00,0.44940000000000002,0.44940000000000002,0.43020000000000003,0.4405,208227,185,0.43735099999999999
2017-07-03 04:00:00+00:00,0.42999999999999999,0.46000000000000002,0.42999999999999999,0.45600000000000002,126296,180,0.44791500000000001
2017-07-05 04:00:00+00:00,0.442,0.45000000000000001,0.42499999999999999,0.44919999999999999,779047,887,0.43573299999999998
2017-07-06 04:00:00+00:00,0.44,0.45069999999999999,0.43099999999999999,0.43669999999999998,186796,331,0.43939099999999998
2017-07-07 04:00:00+00:00,0.44019999999999998,0.44540000000000002,0.43330000000000002,0.44280000000000003,286060,211,0.44164100000000001
2017-07-10 04:00:00+00:00,0.44,0.44080000000000003,0.42499999999999999,0.43459999999999999,420382,321,0.43339800000000001
2017-07-11 04:00:00+00:00,0.4355,0.44330000000000003,0.42999999999999999,0.42999999999999999,217037,200,0.43536599999999998
2017-07-12 04:00:00+00:00,0.43990000000000001,0.44340000000000002,0.43330000000000002,0.44,310223,249,0.43898300000000001
2017-07-13 04:00:00+00:00,0.44,0.45000000000000001,0.42959999999999998,0.44800000000000001,284407,280,0.43546499999999999
2017-07-14 04:00:00+00:00,0.44800000000000001,0.46500000000000002,0.44800000000000001,0.45860000000000001,243430,299,0.45583299999999999
2017-07-17 04:00:00+00:00,0.46000000000000002,0.51300000000000001,0.45000000000000001,0.50700000000000001,1497071,1095,0.47617799999999999
2017-07-18 04:00:00+00:00,0.51800000000000002,0.52000000000000002,0.41749999999999998,0.5,648066,611,0.48576799999999998
2017-07-19 04:00:00+00:00,0.495,0.51980000000000004,0.47439999999999999,0.51880000000000004,640234,708,0.49572500000000003
2017-07-20 04:00:00+00:00,0.51980000000000004,0.51980000000000004,0.48509999999999998,0.505,407691,268,0.49845200000000001
2017-07-21 04:00:00+00:00,0.49509999999999998,0.49509999999999998,0.46000000000000002,0.46989999999999998,1262640,1058,0.47797400000000001
2017-07-24 04:00:00+00:00,0.49199999999999999,0.49199999999999999,0.46999999999999997,0.46999999999999997,313421,313,0.47659600000000002
2017-07-25 04:00:00+00:00,0.46999999999999997,0.49349999999999999,0.46610000000000001,0.49349999999999999,389622,316,0.483267
2017-07-26 04:00:00+00:00,0.51349999999999996,0.51349999999999996,0.47099999999999997,0.48580000000000001,431718,382,0.48593199999999998
2017-07-27 04:00:00+00:00,0.499,0.5,0.47999999999999998,0.47999999999999998,303693,391,0.49022100000000002
2017-07-28 04:00:00+00:00,0.48499999999999999,0.52459999999999996,0.47999999999999998,0.51249999999999996,1256299,1191,0.50507100000000005
2017-07-31 04:00:00+00:00,0.52000000000000002,0.52900000000000003,0.5,0.505,384816,436,0.51329599999999997
2017-08-01 04:00:00+00:00,0.52000000000000002,0.52000000000000002,0.48999999999999999,0.49459999999999998,307331,307,0.50208699999999995
2017-08-02 04:00:00+00:00,0.48999999999999999,0.49590000000000001,0.47999999999999998,0.49280000000000002,777938,955,0.48668400000000001
2017-08-03 04:00:00+00:00,0.48180000000000001,0.496,0.47489999999999999,0.47649999999999998,509568,698,0.48529099999999997
2017-08-04 04:00:00+00:00,0.4899,0.4899,0.45529999999999998,0.46629999999999999,385011,532,0.47140100000000001
2017-08-07 04:00:00+00:00,0.46500000000000002,0.47489999999999999,0.45500000000000002,0.4602,341800,450,0.46071299999999998
2017-08-08 04:00:00+00:00,0.46999999999999997,0.47399999999999998,0.45000000000000001,0.45829999999999999,349744,384,0.463868
2017-08-09 04:00:00+00:00,0.46000000000000002,0.46510000000000001,0.45000000000000001,0.46489999999999998,172742,244,0.45174599999999998
2017-08-10 04:00:00+00:00,0.45000000000000001,0.45850000000000002,0.44,0.44790000000000002,327369,276,0.45012099999999999
2017-08-11 04:00:00+00:00,0.45000000000000001,0.4672,0.44500000000000001,0.46529999999999999,244982,214,0.45719199999999999
2017-08-14 04:00:00+00:00,0.46000000000000002,0.47460000000000002,0.45400000000000001,0.46360000000000001,280247,298,0.461976
2017-08-15 04:00:00+00:00,0.45800000000000002,0.46360000000000001,0.44479999999999997,0.4481,143327,144,0.45199699999999998
2017-08-16 04:00:00+00:00,0.45000000000000001,0.45879999999999999,0.44,0.45140000000000002,154526,150,0.44966800000000001
2017-08-17 04:00:00+00:00,0.44600000000000001,0.45340000000000003,0.44,0.44769999999999999,209067,282,0.44861400000000001
2017-08-18 04:00:00+00:00,0.44240000000000002,0.45500000000000002,0.44240000000000002,0.45500000000000002,109435,253,0.447764
2017-08-21 04:00:00+00:00,0.45600000000000002,0.45600000000000002,0.44259999999999999,0.45329999999999998,117084,174,0.44705099999999998
2017-08-22 04:00:00+00:00,0.46000000000000002,0.46000000000000002,0.44419999999999998,0.44969999999999999,188259,175,0.45253399999999999
2017-08-23 04:00:00+00:00,0.45000000000000001,0.46000000000000002,0.45000000000000001,0.45390000000000003,188803,357,0.45365800000000001
2017-08-24 04:00:00+00:00,0.45000000000000001,0.46000000000000002,0.44469999999999998,0.46000000000000002,274096,413,0.45861600000000002
2017-08-25 04:00:00+00:00,0.46000000000000002,0.46500000000000002,0.45019999999999999,0.46010000000000001,141509,306,0.45848100000000003
2017-08-28 04:00:00+00:00,0.46460000000000001,0.46779999999999999,0.44629999999999997,0.4521,343714,428,0.45547399999999999
2017-08-29 04:00:00+00:00,0.45000000000000001,0.46510000000000001,0.44,0.46010000000000001,972095,1356,0.44964100000000001
2017-08-30 04:00:00+00:00,0.45000000000000001,0.46310000000000001,0.45000000000000001,0.45400000000000001,234611,363,0.45819500000000002
2017-08-31 04:00:00+00:00,0.4718,0.48999999999999999,0.47010000000000002,0.48039999999999999,326284,443,0.48160900000000001
2017-09-01 04:00:00+00:00,0.5,0.5,0.47999999999999998,0.4904,217486,348,0.48947400000000002
2017-09-05 04:00:00+00:00,0.48480000000000001,0.49469999999999997,0.47399999999999998,0.49209999999999998,275549,320,0.48697200000000002
2017-09-06 04:00:00+00:00,0.48999999999999999,0.51000000000000001,0.48409999999999997,0.501,337101,316,0.501054
2017-09-07 04:00:00+00:00,0.51000000000000001,0.51000000000000001,0.4919,0.5,154936,294,0.49754500000000002
2017-09-08 04:00:00+00:00,0.49980000000000002,0.5,0.48409999999999997,0.49940000000000001,261740,413,0.49288300000000002
2017-09-11 04:00:00+00:00,0.5,0.5,0.48399999999999999,0.48999999999999999,160745,213,0.49024299999999998
2017-09-12 04:00:00+00:00,0.49980000000000002,0.49980000000000002,0.48230000000000001,0.4929,121824,172,0.48762299999999997
2017-09-13 04:00:00+00:00,0.48999999999999999,0.49440000000000001,0.48010000000000003,0.49280000000000002,154448,311,0.48741400000000001
2017-09-14 04:00:00+00:00,0.49280000000000002,0.49390000000000001,0.48159999999999997,0.48830000000000001,129242,231,0.48696400000000001
2017-09-15 04:00:00+00:00,0.48499999999999999,0.49349999999999999,0.48159999999999997,0.48470000000000002,107925,182,0.48622199999999999
2017-09-18 04:00:00+00:00,0.48470000000000002,0.48999999999999999,0.46860000000000002,0.48399999999999999,381455,368,0.47567199999999998
2017-09-19 04:00:00+00:00,0.48399999999999999,0.48949999999999999,0.46550000000000002,0.46999999999999997,210299,367,0.47411399999999998
2017-09-20 04:00:00+00:00,0.46260000000000001,0.47549999999999998,0.46029999999999999,0.46989999999999998,84528,173,0.468779
2017-09-21 04:00:00+00:00,0.46000000000000002,0.47999999999999998,0.46000000000000002,0.4743,153325,217,0.47186
2017-09-22 04:00:00+00:00,0.4768,0.5,0.46129999999999999,0.49480000000000002,284578,404,0.47945700000000002
2017-09-25 04:00:00+00:00,0.48799999999999999,0.49249999999999999,0.47589999999999999,0.48499999999999999,152522,251,0.48217500000000002
2017-09-26 04:00:00+00:00,0.48010000000000003,0.48499999999999999,0.46629999999999999,0.46910000000000002,324190,380,0.4763
2017-09-27 04:00:00+00:00,0.46999999999999997,0.48459999999999998,0.46920000000000001,0.46920000000000001,130642,266,0.47429500000000002
2017-09-28 04:00:00+00:00,0.46350000000000002,0.47689999999999999,0.46329999999999999,0.46500000000000002,126965,275,0.46775600000000001
2017-09-29 04:00:00+00:00,0.46000000000000002,0.47520000000000001,0.4511,0.46000000000000002,295752,285,0.46066200000000002
2017-10-02 04:00:00+00:00,0.46000000000000002,0.46650000000000003,0.45000000000000001,0.46050000000000002,250376,310,0.45706999999999998
2017-10-03 04:00:00+00:00,0.46050000000000002,0.46050000000000002,0.44040000000000001,0.45650000000000002,449115,319,0.45272899999999999
2017-10-04 04:00:00+00:00,0.46000000000000002,0.46000000000000002,0.44040000000000001,0.45000000000000001,210932,247,0.44966899999999999
2017-10-05 04:00:00+00:00,0.4405,0.45469999999999999,0.44,0.44540000000000002,198566,315,0.44408399999999998
2017-10-06 04:00:00+00:00,0.4405,0.45000000000000001,0.44,0.44500000000000001,149827,250,0.44487199999999999
2017-10-09 04:00:00+00:00,0.45000000000000001,0.45000000000000001,0.42570000000000002,0.42999999999999999,127428,124,0.442967
2017-10-10 04:00:00+00:00,0.42509999999999998,0.44009999999999999,0.42509999999999998,0.4395,204304,246,0.43390499999999999
2017-10-11 04:00:00+00:00,0.42999999999999999,0.43940000000000001,0.41099999999999998,0.41999999999999998,614324,484,0.41989799999999999
2017-10-12 04:00:00+00:00,0.40999999999999998,0.4335,0.40999999999999998,0.42999999999999999,229761,313,0.42007800000000001
2017-10-13 04:00:00+00:00,0.42999999999999999,0.43490000000000001,0.42570000000000002,0.433,316320,358,0.42870399999999997
2017-10-16 04:00:00+00:00,0.40999999999999998,0.435,0.40999999999999998,0.41799999999999998,221744,174,0.42242000000000002
2017-10-17 04:00:00+00:00,0.42999999999999999,0.42999999999999999,0.41909999999999997,0.42520000000000002,199769,228,0.42305500000000001
2017-10-18 04:00:00+00:00,0.41170000000000001,0.432,0.41170000000000001,0.41499999999999998,231562,317,0.42074699999999998
2017-10-19 04:00:00+00:00,0.41410000000000002,0.42499999999999999,0.41410000000000002,0.41999999999999998,147425,232,0.42180299999999998
2017-10-20 04:00:00+00:00,0.4158,0.42499999999999999,0.40999999999999998,0.41210000000000002,194669,280,0.41580699999999998
2017-10-23 04:00:00+00:00,0.40999999999999998,0.42499999999999999,0.40870000000000001,0.41999999999999998,447841,270,0.41737800000000003
2017-10-24 04:00:00+00:00,0.41220000000000001,0.42099999999999999,0.40870000000000001,0.41499999999999998,238041,225,0.413221
2017-10-25 04:00:00+00:00,0.40589999999999998,0.41980000000000001,0.40260000000000001,0.40400000000000003,201101,334,0.40696199999999999
2017-10-26 04:00:00+00:00,0.40100000000000002,0.40789999999999998,0.39500000000000002,0.39789999999999998,361219,325,0.39817999999999998
2017-10-27 04:00:00+00:00,0.39400000000000002,0.40770000000000001,0.39269999999999999,0.39850000000000002,345218,281,0.39740799999999998
2017-10-30 04:00:00+00:00,0.38,0.40749999999999997,0.38,0.40000000000000002,281573,197,0.39217099999999999
2017-10-31 04:00:00+00:00,0.40000000000000002,0.41670000000000001,0.40000000000000002,0.4138,280675,428,0.40887299999999999
2017-11-01 04:00:00+00:00,0.41649999999999998,0.41649999999999998,0.40210000000000001,0.40450000000000003,230686,222,0.40893499999999999
2017-11-02 04:00:00+00:00,0.40000000000000002,0.41570000000000001,0.40000000000000002,0.41570000000000001,190051,172,0.410333
2017-11-03 04:00:00+00:00,0.41649999999999998,0.41649999999999998,0.40200000000000002,0.40999999999999998,292134,235,0.41089399999999998
2017-11-06 05:00:00+00:00,0.40999999999999998,0.41860000000000003,0.40539999999999998,0.41410000000000002,409566,411,0.41408499999999998
2017-11-07 05:00:00+00:00,0.41820000000000002,0.4249,0.41410000000000002,0.42449999999999999,375694,293,0.42050999999999999
2017-11-08 05:00:00+00:00,0.42499999999999999,0.45760000000000001,0.42499999999999999,0.45029999999999998,848075,658,0.44476900000000003
2017-11-09 05:00:00+00:00,0.47410000000000002,0.51980000000000004,0.47410000000000002,0.50990000000000002,2585830,1424,0.49791200000000002
2017-11-10 05:00:00+00:00,0.51700000000000002,0.56189999999999996,0.50409999999999999,0.53090000000000004,5071657,3873,0.54299600000000003
2017-11-13 05:00:00+00:00,0.56000000000000005,0.56000000000000005,0.501,0.504,1211635,1363,0.52644899999999994
2017-11-14 05:00:00+00:00,0.51480000000000004,0.51480000000000004,0.45229999999999998,0.46339999999999998,1848399,2416,0.476325
2017-11-15 05:00:00+00:00,0.46300000000000002,0.47210000000000002,0.44,0.46229999999999999,1031150,1669,0.45531899999999997
2017-11-16 05:00:00+00:00,0.46999999999999997,0.505,0.46920000000000001,0.50209999999999999,895349,916,0.49172300000000002
2017-11-17 05:00:00+00:00,0.52000000000000002,0.54920000000000002,0.51000000000000001,0.54890000000000005,1098422,725,0.52714899999999998
2017-11-20 05:00:00+00:00,0.56799999999999995,0.56999999999999995,0.51600000000000001,0.53000000000000003,1731263,1147,0.54088899999999995
2017-11-21 05:00:00+00:00,0.54500000000000004,0.5665,0.53220000000000001,0.5635,1045671,1505,0.554616
2017-11-22 05:00:00+00:00,0.56999999999999995,0.58999999999999997,0.56310000000000004,0.58240000000000003,1456150,1265,0.57745299999999999
2017-11-24 05:00:00+00:00,0.58709999999999996,0.58709999999999996,0.55000000000000004,0.55679999999999996,397617,628,0.56721299999999997
2017-11-27 05:00:00+00:00,0.55000000000000004,0.55000000000000004,0.5,0.51719999999999999,1148009,1210,0.52277300000000004
2017-11-28 05:00:00+00:00,0.52000000000000002,0.5444,0.48999999999999999,0.53810000000000002,981405,698,0.51475499999999996
2017-11-29 05:00:00+00:00,0.54000000000000004,0.54000000000000004,0.50319999999999998,0.52839999999999998,600956,582,0.52517100000000005
2017-11-30 05:00:00+00:00,0.52000000000000002,0.53669999999999995,0.4879,0.4879,1705191,1557,0.51312400000000002
2017-12-01 05:00:00+00:00,0.48230000000000001,0.51890000000000003,0.48230000000000001,0.49669999999999997,403093,863,0.50226000000000004
2017-12-04 05:00:00+00:00,0.52200000000000002,0.58999999999999997,0.52200000000000002,0.57410000000000005,3095157,1605,0.56239399999999995
2017-12-05 05:00:00+00:00,0.58899999999999997,0.58899999999999997,0.5504,0.5615,1110969,878,0.56520199999999998
2017-12-06 05:00:00+00:00,0.54000000000000004,0.55149999999999999,0.52439999999999998,0.53249999999999997,914029,552,0.53606100000000001
2017-12-07 05:00:00+00:00,0.53300000000000003,0.56000000000000005,0.52500000000000002,0.56000000000000005,456655,427,0.54107899999999998
2017-12-08 05:00:00+00:00,0.55979999999999996,0.57920000000000005,0.54079999999999995,0.56999999999999995,935078,1261,0.561477
2017-12-11 05:00:00+00:00,0.56999999999999995,0.60999999999999999,0.56999999999999995,0.60819999999999996,2225677,1304,0.59896700000000003
2017-12-12 05:00:00+00:00,0.62,0.62,0.57499999999999996,0.58909999999999996,965559,845,0.59006899999999995
2017-12-13 05:00:00+00:00,0.57999999999999996,0.58979999999999999,0.56499999999999995,0.57789999999999997,507650,478,0.57793799999999995
2017-12-14 05:00:00+00:00,0.56999999999999995,0.60999999999999999,0.56999999999999995,0.59999999999999998,503059,506,0.59740000000000004
2017-12-15 05:00:00+00:00,0.60999999999999999,0.60999999999999999,0.57999999999999996,0.5837,325310,429,0.59150899999999995
2017-12-18 05:00:00+00:00,0.59540000000000004,0.59999999999999998,0.57999999999999996,0.58279999999999998,502941,461,0.59254099999999998
2017-12-19 05:00:00+00:00,0.57999999999999996,0.59999999999999998,0.57130000000000003,0.58819999999999995,456737,393,0.58123899999999995
2017-12-20 05:00:00+00:00,0.57999999999999996,0.59319999999999995,0.5736,0.57501000000000002,495165,373,0.58031200000000005
2017-12-21 05:00:00+00:00,0.57389999999999997,0.58499999999999996,0.55520000000000003,0.56559999999999999,515966,658,0.56867100000000004
2017-12-22 05:00:00+00:00,0.5544,0.56530000000000002,0.53139999999999998,0.54749999999999999,637788,564,0.544794
2017-12-26 05:00:00+00:00,0.54749999999999999,0.5585,0.54000000000000004,0.55000000000000004,396625,352,0.54894500000000002
2017-12-27 05:00:00+00:00,0.56000000000000005,0.56000000000000005,0.52000000000000002,0.52259999999999995,811628,692,0.53385400000000005
2017-12-28 05:00:00+00:00,0.53000000000000003,0.55830000000000002,0.52549999999999997,0.55000000000000004,614668,839,0.54381599999999997
2017-12-29 05:00:00+00:00,0.55000000000000004,0.55010000000000003,0.53120000000000001,0.55000000000000004,759529,702,0.54542900000000005
2018-01-02 05:00:00+00:00,0.55000000000000004,0.59399999999999997,0.55000000000000004,0.59350000000000003,743312,634,0.57615499999999997
2018-01-03 05:00:00+00:00,0.59999999999999998,0.59999999999999998,0.57240000000000002,0.59209999999999996,500845,479,0.58473900000000001
2018-01-04 05:00:00+00:00,0.59999999999999998,0.63,0.57310000000000005,0.63,848191,801,0.60088699999999995
2018-01-05 05:00:00+00:00,0.63980000000000004,0.63980000000000004,0.59419999999999995,0.60519999999999996,697185,565,0.60716800000000004
2018-01-08 05:00:00+00:00,0.60470000000000002,0.61860000000000004,0.57999999999999996,0.58909999999999996,525335,560,0.58997299999999997
2018-01-09 05:00:00+00:00,0.57999999999999996,0.58850000000000002,0.55020000000000002,0.5575,656850,689,0.56465299999999996
2018-01-10 05:00:00+00:00,0.55010000000000003,0.56189999999999996,0.55000000000000004,0.55689999999999995,336570,436,0.55522400000000005
2018-01-11 05:00:00+00:00,0.55679999999999996,0.56059999999999999,0.54000000000000004,0.55279999999999996,802640,652,0.54964400000000002
2018-01-12 05:00:00+00:00,0.55279999999999996,0.55369999999999997,0.5333,0.54700000000000004,398819,501,0.54450699999999996
2018-01-16 05:00:00+00:00,0.54000000000000004,0.5494,0.52300000000000002,0.53069999999999995,702239,724,0.53495099999999995
2018-01-17 05:00:00+00:00,0.53600000000000003,0.54320000000000002,0.51180000000000003,0.52700000000000002,692036,681,0.53097300000000003
2018-01-18 05:00:00+00:00,0.51600000000000001,0.53280000000000005,0.51000000000000001,0.51000000000000001,467677,394,0.52295700000000001
2018-01-19 05:00:00+00:00,0.53000000000000003,0.53000000000000003,0.51000000000000001,0.5121,672650,617,0.51756899999999995
2018-01-22 05:00:00+00:00,0.5101,0.53000000000000003,0.5101,0.51459999999999995,659529,1215,0.51434100000000005
2018-01-23 05:00:00+00:00,0.51829999999999998,0.54000000000000004,0.502,0.53000000000000003,537999,738,0.51234299999999999
2018-01-24 05:00:00+00:00,0.54059999999999997,0.54059999999999997,0.52100000000000002,0.53500000000000003,703104,564,0.530138
2018-01-25 05:00:00+00:00,0.54000000000000004,0.54000000000000004,0.5,0.50849999999999995,699470,770,0.51682399999999995
2018-01-26 05:00:00+00:00,0.50019999999999998,0.51139999999999997,0.5,0.505,684445,859,0.50423200000000001
2018-01-29 05:00:00+00:00,0.505,0.505,0.48299999999999998,0.48920000000000002,810877,560,0.49726999999999999
2018-01-30 05:00:00+00:00,0.48999999999999999,0.48999999999999999,0.46200000000000002,0.47699999999999998,1147826,802,0.47445399999999999
2018-01-31 05:00:00+00:00,0.48999999999999999,0.51149999999999995,0.48010000000000003,0.50860000000000005,478589,497,0.49747999999999998
2018-02-01 05:00:00+00:00,0.51480000000000004,0.5222,0.48999999999999999,0.49809999999999999,412405,503,0.50964200000000004
2018-02-02 05:00:00+00:00,0.5,0.5,0.46229999999999999,0.46639999999999998,643629,852,0.47513100000000003
2018-02-05 05:00:00+00:00,0.47839999999999999,0.47989999999999999,0.45529999999999998,0.46610000000000001,490305,639,0.46758899999999998
2018-02-06 05:00:00+00:00,0.46999999999999997,0.47539999999999999,0.45000000000000001,0.47320000000000001,595508,572,0.46177099999999999
2018-02-07 05:00:00+00:00,0.48999999999999999,0.48999999999999999,0.4602,0.47920000000000001,367438,406,0.47270600000000002
2018-02-08 05:00:00+00:00,0.47999999999999998,0.47999999999999998,0.43340000000000001,0.44240000000000002,962496,1867,0.44993699999999998
2018-02-09 05:00:00+00:00,0.44640000000000002,0.45540000000000003,0.42999999999999999,0.45050000000000001,1819997,1817,0.44148300000000001
2018-02-12 05:00:00+00:00,0.45100000000000001,0.49249999999999999,0.45000000000000001,0.48010000000000003,636290,1047,0.46634199999999998
2018-02-13 05:00:00+00:00,0.47589999999999999,0.48999999999999999,0.46999999999999997,0.48980000000000001,325602,560,0.47953000000000001
2018-02-14 05:00:00+00:00,0.45500000000000002,0.50590000000000002,0.45500000000000002,0.503,413663,620,0.49030000000000001
2018-02-15 05:00:00+00:00,0.51000000000000001,0.51000000000000001,0.47010000000000002,0.49630000000000002,312978,507,0.488396
2018-02-16 05:00:00+00:00,0.49149999999999999,0.4965,0.47760000000000002,0.48139999999999999,376450,343,0.48268800000000001
2018-02-20 05:00:00+00:00,0.48999999999999999,0.499,0.47039999999999998,0.4894,210661,281,0.48534899999999997
2018-02-21 05:00:00+00:00,0.48999999999999999,0.48999999999999999,0.47120000000000001,0.47520000000000001,179099,231,0.48082999999999998
2018-02-22 05:00:00+00:00,0.46999999999999997,0.49819999999999998,0.46989999999999998,0.47989999999999999,446749,236,0.48530800000000002
2018-02-23 05:00:00+00:00,0.47470000000000001,0.49990000000000001,0.47089999999999999,0.49780000000000002,223997,282,0.49019200000000002
2018-02-26 05:00:00+00:00,0.49790000000000001,0.49830000000000002,0.48649999999999999,0.4894,128333,303,0.49222300000000002
2018-02-27 05:00:00+00:00,0.48999999999999999,0.48999999999999999,0.46000000000000002,0.47599999999999998,323703,674,0.47519800000000001
2018-02-28 05:00:00+00:00,0.46000000000000002,0.47999999999999998,0.45500000000000002,0.46539999999999998,419513,418,0.46420299999999998
2018-03-01 05:00:00+00:00,0.47589999999999999,0.47960000000000003,0.45500000000000002,0.46350000000000002,221844,527,0.46605000000000002
2018-03-02 05:00:00+00:00,0.46200000000000002,0.48220000000000002,0.46200000000000002,0.47999999999999998,300757,701,0.47147600000000001
2018-03-05 05:00:00+00:00,0.46510000000000001,0.48899999999999999,0.46000000000000002,0.47999999999999998,324001,630,0.474163
2018-03-06 05:00:00+00:00,0.46999999999999997,0.48230000000000001,0.46000000000000002,0.4798,285119,458,0.47124199999999999
2018-03-07 05:00:00+00:00,0.48249999999999998,0.48249999999999998,0.46079999999999999,0.46999999999999997,253564,329,0.46953699999999998
2018-03-08 05:00:00+00:00,0.46500000000000002,0.47989999999999999,0.45490000000000003,0.46999999999999997,451508,560,0.46351700000000001
2018-03-09 05:00:00+00:00,0.46999999999999997,0.47699999999999998,0.45810000000000001,0.46949999999999997,491897,334,0.46532099999999998
2018-03-12 04:00:00+00:00,0.46000000000000002,0.47760000000000002,0.4582,0.47249999999999998,256800,380,0.46836699999999998
2018-03-13 04:00:00+00:00,0.47960000000000003,0.47960000000000003,0.46729999999999999,0.46999999999999997,252796,300,0.47329399999999999
2018-03-14 04:00:00+00:00,0.46729999999999999,0.47099999999999997,0.46529999999999999,0.46529999999999999,94825,236,0.46824300000000002
2018-03-15 04:00:00+00:00,0.46639999999999998,0.46700000000000003,0.46000999999999997,0.4602,106502,292,0.46375300000000003
2018-03-16 04:00:00+00:00,0.46779999999999999,0.46810000000000002,0.45610000000000001,0.46000000000000002,148461,245,0.461594
2018-03-19 04:00:00+00:00,0.46000000000000002,0.46839999999999998,0.44700000000000001,0.44700000000000001,484985,1059,0.456399
2018-03-20 04:00:00+00:00,0.45000000000000001,0.45500000000000002,0.44040000000000001,0.45500000000000002,483133,849,0.445882
2018-03-21 04:00:00+00:00,0.442,0.47489999999999999,0.44040000000000001,0.47489999999999999,226466,424,0.45688600000000001
2018-03-22 04:00:00+00:00,0.46999999999999997,0.48499999999999999,0.4551,0.48249999999999998,1397789,1070,0.47673700000000002
2018-03-23 04:00:00+00:00,0.48499999999999999,0.48499999999999999,0.4506,0.45500000000000002,226773,514,0.46395500000000001
2018-03-26 04:00:00+00:00,0.47499999999999998,0.47499999999999998,0.44,0.45000000000000001,391528,414,0.44832499999999997
2018-03-27 04:00:00+00:00,0.44,0.45490000000000003,0.44,0.4471,294822,203,0.44442900000000002
2018-03-28 04:00:00+00:00,0.44450000000000001,0.44450000000000001,0.43159999999999998,0.435,325410,353,0.43703199999999998
2018-03-29 04:00:00+00:00,0.435,0.45540000000000003,0.42999999999999999,0.45000000000000001,186324,204,0.43598999999999999
2018-04-02 04:00:00+00:00,0.43120000000000003,0.44769999999999999,0.43120000000000003,0.4385,127828,251,0.43884099999999998
2018-04-03 04:00:00+00:00,0.4385,0.46389999999999998,0.43180000000000002,0.46279999999999999,360682,329,0.453903
2018-04-04 04:00:00+00:00,0.44119999999999998,0.46189999999999998,0.439,0.45610000000000001,395371,349,0.45157199999999997
2018-04-05 04:00:00+00:00,0.45119999999999999,0.47489999999999999,0.44409999999999999,0.47260000000000002,352119,368,0.46604400000000001
2018-04-06 04:00:00+00:00,0.46999999999999997,0.47260000000000002,0.44519999999999998,0.45000000000000001,287370,357,0.459368
2018-04-09 04:00:00+00:00,0.44490000000000002,0.48999999999999999,0.44490000000000002,0.46260000000000001,473196,483,0.47264400000000001
2018-04-10 04:00:00+00:00,0.48139999999999999,0.4879,0.46000000000000002,0.47149999999999997,376529,351,0.47936299999999998
2018-04-11 04:00:00+00:00,0.47999999999999998,0.47999999999999998,0.46710000000000002,0.47170000000000001,172275,252,0.47554800000000003
2018-04-12 04:00:00+00:00,0.47149999999999997,0.47699999999999998,0.46000000000000002,0.4708,403924,536,0.46798499999999998
2018-04-13 04:00:00+00:00,0.46500000000000002,0.48010000000000003,0.46500000000000002,0.47670000000000001,374950,337,0.476076
2018-04-16 04:00:00+00:00,0.47999999999999998,0.51990000000000003,0.4743,0.50980000000000003,1495818,1204,0.50054100000000001
2018-04-17 04:00:00+00:00,0.53000000000000003,0.53000000000000003,0.49041000000000001,0.50990000000000002,735211,536,0.50655600000000001
2018-04-18 04:00:00+00:00,0.51839999999999997,0.52800000000000002,0.49399999999999999,0.51890000000000003,805433,770,0.51074900000000001
2018-04-19 04:00:00+00:00,0.51000000000000001,0.53000000000000003,0.503,0.51000000000000001,469979,544,0.51628600000000002
2018-04-20 04:00:00+00:00,0.5,0.5151,0.48099999999999998,0.50219999999999998,356056,331,0.49413499999999999
2018-04-23 04:00:00+00:00,0.49059999999999998,0.5,0.47999999999999998,0.48959999999999998,641808,476,0.487645
2018-04-24 04:00:00+00:00,0.5,0.501,0.46999999999999997,0.47070000000000001,205067,282,0.48018499999999997
2018-04-25 04:00:00+00:00,0.47070000000000001,0.4899,0.46200000000000002,0.48480000000000001,177319,276,0.47178199999999998
2018-04-26 04:00:00+00:00,0.46999999999999997,0.48999999999999999,0.45629999999999998,0.4677,210261,219,0.467302
2018-04-27 04:00:00+00:00,0.47560000000000002,0.47999999999999998,0.46010000000000001,0.4753,108081,145,0.47064
2018-04-30 04:00:00+00:00,0.47999999999999998,0.47999999999999998,0.4572,0.45800000000000002,212187,288,0.46712500000000001
2018-05-01 04:00:00+00:00,0.46899999999999997,0.497,0.45100000000000001,0.48599999999999999,536164,627,0.47304099999999999
2018-05-02 04:00:00+00:00,0.49559999999999998,0.50780000000000003,0.47699999999999998,0.502,754337,711,0.49571300000000001
2018-05-03 04:00:00+00:00,0.48999999999999999,0.50380000000000003,0.46999999999999997,0.46999999999999997,486658,448,0.47983300000000001
2018-05-04 04:00:00+00:00,0.46999999999999997,0.4819,0.46629999999999999,0.4677,160233,410,0.47258099999999997
2018-05-07 04:00:00+00:00,0.46000000000000002,0.48270000000000002,0.46000000000000002,0.46999999999999997,202203,307,0.476072
2018-05-08 04:00:00+00:00,0.46000000000000002,0.4773,0.46000000000000002,0.47149999999999997,206844,301,0.46800000000000003
2018-05-09 04:00:00+00:00,0.46000000000000002,0.48299999999999998,0.46000000000000002,0.47439999999999999,175170,215,0.48012100000000002
2018-05-10 04:00:00+00:00,0.4703,0.48999999999999999,0.47010000000000002,0.48409999999999997,311635,294,0.48251100000000002
2018-05-11 04:00:00+00:00,0.48010000000000003,0.4899,0.46500000000000002,0.46500000000000002,140802,276,0.47644300000000001
2018-05-14 04:00:00+00:00,0.48820000000000002,0.4889,0.47010000000000002,0.47010000000000002,177016,194,0.48026200000000002
2018-05-15 04:00:00+00:00,0.47099999999999997,0.48799999999999999,0.47099999999999997,0.47499999999999998,319679,350,0.48017100000000001
2018-05-16 04:00:00+00:00,0.47499999999999998,0.48699999999999999,0.47499999999999998,0.47989999999999999,246316,273,0.48111300000000001
2018-05-17 04:00:00+00:00,0.48499999999999999,0.4864,0.47520000000000001,0.48320999999999997,293320,212,0.48277900000000001
2018-05-18 04:00:00+00:00,0.47499999999999998,0.5,0.47499999999999998,0.495,521151,611,0.49294100000000002
2018-05-21 04:00:00+00:00,0.5,0.51000000000000001,0.48499999999999999,0.50900000000000001,367477,354,0.50300599999999995
2018-05-22 04:00:00+00:00,0.5091,0.5091,0.47439999999999999,0.47999999999999998,338300,435,0.48912699999999998
2018-05-23 04:00:00+00:00,0.495,0.495,0.46800000000000003,0.47670000000000001,455653,832,0.47684900000000002
2018-05-24 04:00:00+00:00,0.47670000000000001,0.48309999999999997,0.46999999999999997,0.47039999999999998,414577,1082,0.47566799999999998
2018-05-25 04:00:00+00:00,0.46999999999999997,0.47999999999999998,0.46200000000000002,0.46999999999999997,559135,1348,0.47207300000000002
2018-05-29 04:00:00+00:00,0.4551,0.47999999999999998,0.45029999999999998,0.45200000000000001,570340,1010,0.45782600000000001
2018-05-30 04:00:00+00:00,0.45739999999999997,0.47210000000000002,0.45000000000000001,0.46500000000000002,164066,192,0.45914100000000002
2018-05-31 04:00:00+00:00,0.46000000000000002,0.46999999999999997,0.45519999999999999,0.45550000000000002,220670,209,0.46041199999999999
2018-06-01 04:00:00+00:00,0.46000000000000002,0.47139999999999999,0.45550000000000002,0.46260000000000001,620722,417,0.46588200000000002
2018-06-04 04:00:00+00:00,0.47139999999999999,0.50070000000000003,0.46100000000000002,0.49009999999999998,978134,1202,0.48710300000000001
2018-06-05 04:00:00+00:00,0.51000000000000001,0.55000000000000004,0.495,0.53169999999999995,2349473,2471,0.53208599999999995
2018-06-06 04:00:00+00:00,0.55979999999999996,0.55979999999999996,0.53180000000000005,0.53469999999999995,1130499,1031,0.54729499999999998
2018-06-07 04:00:00+00:00,0.53500000000000003,0.54269999999999996,0.51500000000000001,0.52000000000000002,477781,401,0.52675300000000003
2018-06-08 04:00:00+00:00,0.54100000000000004,0.54500000000000004,0.51949999999999996,0.54500000000000004,911708,924,0.53738799999999998
2018-06-11 04:00:00+00:00,0.54010000000000002,0.5706,0.53010000000000002,0.5706,3633632,2755,0.55604699999999996
2018-06-12 04:00:00+00:00,0.58040000000000003,0.58040000000000003,0.55000000000000004,0.56000000000000005,934948,864,0.56650500000000004
2018-06-13 04:00:00+00:00,0.57499999999999996,0.57499999999999996,0.55000000000000004,0.55010000000000003,534783,545,0.56101000000000001
2018-06-14 04:00:00+00:00,0.56100000000000005,0.56599999999999995,0.53000000000000003,0.55549999999999999,519858,573,0.54951399999999995
2018-06-15 04:00:00+00:00,0.56000000000000005,0.56000000000000005,0.52000000000000002,0.52990000000000004,580354,414,0.52839499999999995
2018-06-18 04:00:00+00:00,0.52000000000000002,0.5444,0.52000000000000002,0.53990000000000005,444270,323,0.52921899999999999
2018-06-19 04:00:00+00:00,0.53000000000000003,0.53979999999999995,0.51119999999999999,0.52010000000000001,451066,513,0.52609300000000003
2018-06-20 04:00:00+00:00,0.52400000000000002,0.54000000000000004,0.51500000000000001,0.54000000000000004,395843,392,0.52810299999999999
2018-06-21 04:00:00+00:00,0.53990000000000005,0.54900000000000004,0.51039999999999996,0.5131,402671,377,0.52371599999999996
2018-06-22 04:00:00+00:00,0.5121,0.53510000000000002,0.51139999999999997,0.52880000000000005,384871,390,0.52536899999999997
2018-06-25 04:00:00+00:00,0.51000000000000001,0.52990000000000004,0.505,0.5101,362089,425,0.51646000000000003
2018-06-26 04:00:00+00:00,0.50190000000000001,0.51200000000000001,0.5,0.5,378681,552,0.50356599999999996
2018-06-27 04:00:00+00:00,0.5,0.50990000000000002,0.48749999999999999,0.48920000000000002,568329,531,0.49590600000000001
2018-06-28 04:00:00+00:00,0.50009999999999999,0.50009999999999999,0.47299999999999998,0.47597,584161,695,0.48171999999999998
2018-06-29 04:00:00+00:00,0.49980000000000002,0.50509999999999999,0.48270000000000002,0.50339999999999996,448182,448,0.49629299999999998
2018-07-02 04:00:00+00:00,0.48010000000000003,0.55245,0.48010000000000003,0.52329999999999999,622216,843,0.52817899999999995
2018-07-03 04:00:00+00:00,0.52000000000000002,0.52600000000000002,0.501,0.51100000000000001,236301,328,0.51700400000000002
2018-07-05 04:00:00+00:00,0.51000000000000001,0.52710000000000001,0.5,0.51239999999999997,414705,494,0.51497400000000004
2018-07-06 04:00:00+00:00,0.51000000000000001,0.52929999999999999,0.5,0.51200000000000001,293838,391,0.51576699999999998
2018-07-09 04:00:00+00:00,0.50600000000000001,0.52149999999999996,0.50319999999999998,0.50519999999999998,320287,495,0.51472499999999999
2018-07-10 04:00:00+00:00,0.51259999999999994,0.52000000000000002,0.50519999999999998,0.50994600000000001,353221,364,0.50969200000000003
2018-07-11 04:00:00+00:00,0.52000000000000002,0.52010000000000001,0.49590000000000001,0.50160000000000005,306359,464,0.50576500000000002
2018-07-12 04:00:00+00:00,0.51000000000000001,0.51000000000000001,0.49349999999999999,0.4975,327478,482,0.50034400000000001
2018-07-13 04:00:00+00:00,0.5,0.502,0.49309999999999998,0.49480000000000002,119112,227,0.498442
2018-07-16 04:00:00+00:00,0.51000000000000001,0.51000000000000001,0.48499999999999999,0.48549999999999999,330764,287,0.49166900000000002
2018-07-17 04:00:00+00:00,0.48499999999999999,0.48999999999999999,0.46999999999999997,0.47010000000000002,852273,948,0.47613
2018-07-18 04:00:00+00:00,0.47999999999999998,0.48020000000000002,0.46000000000000002,0.4698,1239068,984,0.467443
2018-07-19 04:00:00+00:00,0.46100000000000002,0.46810000000000002,0.46000000000000002,0.46010000000000001,468988,605,0.461895
2018-07-20 04:00:00+00:00,0.46239999999999998,0.47999999999999998,0.46000000000000002,0.47508899999999998,443044,422,0.471443
2018-07-23 04:00:00+00:00,0.5,0.50249999999999995,0.46000000000000002,0.46239999999999998,485119,474,0.469055
2018-07-24 04:00:00+00:00,0.46300000000000002,0.47389999999999999,0.45000000000000001,0.4511,484582,340,0.46003899999999998
2018-07-25 04:00:00+00:00,0.4632,0.46999999999999997,0.45590000000000003,0.46539999999999998,461443,402,0.46357500000000001
2018-07-26 04:00:00+00:00,0.46999999999999997,0.52000000000000002,0.46999999999999997,0.51000000000000001,1623311,1270,0.50267799999999996
2018-07-27 04:00:00+00:00,0.496,0.52000000000000002,0.48199999999999998,0.48499999999999999,619263,686,0.49315500000000001
2018-07-30 04:00:00+00:00,0.49009999999999998,0.51000000000000001,0.49009999999999998,0.5,702148,663,0.50129400000000002
2018-07-31 04:00:00+00:00,0.5,0.51739999999999997,0.48999999999999999,0.50980000000000003,809470,584,0.497006
2018-08-01 04:00:00+00:00,0.51990000000000003,0.51990000000000003,0.495,0.51000000000000001,479585,543,0.50031300000000001
2018-08-02 04:00:00+00:00,0.49619999999999997,0.51000000000000001,0.48999999999999999,0.49780000000000002,573419,785,0.50248099999999996
2018-08-03 04:00:00+00:00,0.4919,0.51990000000000003,0.48999999999999999,0.49990000000000001,701638,1001,0.50345200000000001
2018-08-06 04:00:00+00:00,0.505,0.54000000000000004,0.50319999999999998,0.52700000000000002,633477,656,0.52763199999999999
2018-08-07 04:00:00+00:00,0.52700000000000002,0.52700000000000002,0.5,0.50700000000000001,816258,825,0.51006499999999999
2018-08-08 04:00:00+00:00,0.5,0.50929999999999997,0.48999999999999999,0.50639999999999996,552293,818,0.498583
2018-08-09 04:00:00+00:00,0.5,0.50970000000000004,0.495,0.50009999999999999,337737,577,0.50173599999999996
2018-08-10 04:00:00+00:00,0.50009999999999999,0.50470000000000004,0.48999999999999999,0.49199999999999999,286630,270,0.49407000000000001
2018-08-13 04:00:00+00:00,0.48999999999999999,0.49199999999999999,0.46999999999999997,0.4718,468662,667,0.48097499999999999
2018-08-14 04:00:00+00:00,0.49559999999999998,0.49890000000000001,0.47199999999999998,0.48199999999999998,341823,322,0.48199599999999998
2018-08-15 04:00:00+00:00,0.47999999999999998,0.49490000000000001,0.46999999999999997,0.47039999999999998,661830,502,0.47621799999999997
2018-08-16 04:00:00+00:00,0.47599999999999998,0.49990000000000001,0.47599999999999998,0.47999999999999998,320714,538,0.48729699999999998
2018-08-17 04:00:00+00:00,0.48999999999999999,0.497,0.48010000000000003,0.48280000000000001,121160,218,0.48800100000000002
2018-08-20 04:00:00+00:00,0.48999999999999999,0.5,0.4879,0.4904,364670,516,0.49166799999999999
2018-08-21 04:00:00+00:00,0.49809999999999999,0.5,0.48999999999999999,0.49790000000000001,182685,386,0.49601099999999998
2018-08-22 04:00:00+00:00,0.5,0.5,0.48799999999999999,0.495,183193,244,0.49703700000000001
2018-08-23 04:00:00+00:00,0.5,0.5,0.48010000000000003,0.4919,669182,364,0.48719899999999999
2018-08-24 04:00:00+00:00,0.48999999999999999,0.5,0.48010000000000003,0.48199999999999998,166226,384,0.49293500000000001
2018-08-27 04:00:00+00:00,0.47999999999999998,0.48999999999999999,0.47499999999999998,0.48499999999999999,252137,312,0.48285400000000001
2018-08-28 04:00:00+00:00,0.48899999999999999,0.48999999999999999,0.47999999999999998,0.48359999999999997,147599,242,0.48300799999999999
2018-08-29 04:00:00+00:00,0.48499999999999999,0.496,0.48499999999999999,0.490147,407236,563,0.490757
2018-08-30 04:00:00+00:00,0.51459999999999995,0.51500000000000001,0.495,0.51000000000000001,1240036,1009,0.502274
2018-08-31 04:00:00+00:00,0.51990000000000003,0.52490000000000003,0.502,0.52000000000000002,844034,1758,0.51739900000000005
2018-09-04 04:00:00+00:00,0.52500000000000002,0.52500000000000002,0.50480000000000003,0.51000000000000001,1213149,1815,0.51700599999999997
2018-09-05 04:00:00+00:00,0.52000000000000002,0.5302,0.49099999999999999,0.49249999999999999,847545,1478,0.508853
2018-09-06 04:00:00+00:00,0.52000000000000002,0.52000000000000002,0.495,0.49790000000000001,691404,461,0.50603900000000002
2018-09-07 04:00:00+00:00,0.5,0.51280000000000003,0.48299999999999998,0.49299999999999999,767159,920,0.48877900000000002
2018-09-10 04:00:00+00:00,0.49399999999999999,0.50529999999999997,0.48299999999999998,0.50180000000000002,952497,1125,0.495869
2018-09-11 04:00:00+00:00,0.4919,0.50209999999999999,0.48999999999999999,0.5,693473,1798,0.49479699999999999
2018-09-12 04:00:00+00:00,0.51000000000000001,0.54000000000000004,0.49020000000000002,0.53400000000000003,2091616,1620,0.52165600000000001
2018-09-13 04:00:00+00:00,0.55000000000000004,0.5625,0.53000000000000003,0.56000000000000005,2118249,2105,0.54956499999999997
2018-09-14 04:00:00+00:00,0.56779999999999997,0.56779999999999997,0.53010000000000002,0.53525100000000003,1162773,1687,0.55154700000000001
2018-09-17 04:00:00+00:00,0.5353,0.56110000000000004,0.5353,0.54000000000000004,962027,918,0.54891400000000001
2018-09-18 04:00:00+00:00,0.55000000000000004,0.55989999999999995,0.53049999999999997,0.55989999999999995,797847,939,0.55042199999999997
2018-09-19 04:00:00+00:00,0.56999999999999995,0.57489999999999997,0.55200000000000005,0.57150000000000001,828974,1237,0.56610000000000005
2018-09-20 04:00:00+00:00,0.57669999999999999,0.57669999999999999,0.54000000000000004,0.56999999999999995,542732,993,0.562554
2018-09-21 04:00:00+00:00,0.56999999999999995,0.57010000000000005,0.55000000000000004,0.55700000000000005,743703,554,0.55905499999999997
2018-09-24 04:00:00+00:00,0.55869999999999997,0.56789999999999996,0.55030000000000001,0.56259999999999999,239099,486,0.56006800000000001
2018-09-25 04:00:00+00:00,0.57999999999999996,0.59999999999999998,0.57520000000000004,0.59499999999999997,1523730,1647,0.58611000000000002
2018-09-26 04:00:00+00:00,0.59999999999999998,0.64000000000000001,0.57999999999999996,0.62990000000000002,2328389,2310,0.617313
2018-09-27 04:00:00+00:00,0.65000000000000002,0.68989999999999996,0.63900000000000001,0.66100000000000003,2177947,2980,0.65784299999999996
2018-09-28 04:00:00+00:00,0.67989999999999995,0.68010000000000004,0.65010000000000001,0.66500000000000004,1330938,2967,0.66541300000000003
2018-10-01 04:00:00+00:00,0.68999999999999995,0.68999999999999995,0.62,0.63429999999999997,1028334,1246,0.65050200000000002
2018-10-02 04:00:00+00:00,0.63,0.66000000000000003,0.62009999999999998,0.64000000000000001,1143483,2338,0.63358499999999995
2018-10-03 04:00:00+00:00,0.64000000000000001,0.68020000000000003,0.63500000000000001,0.66500000000000004,1233353,2029,0.65565799999999996
2018-10-04 04:00:00+00:00,0.68789999999999996,0.68789999999999996,0.64000000000000001,0.67000000000000004,791921,965,0.66842100000000004
2018-10-05 04:00:00+00:00,0.67000000000000004,0.68000000000000005,0.65520999999999996,0.66500000000000004,631301,690,0.66807399999999995
2018-10-08 04:00:00+00:00,0.66500000000000004,0.68000000000000005,0.65010000000000001,0.67769999999999997,617000,677,0.662632
2018-10-09 04:00:00+00:00,0.68000000000000005,0.68179999999999996,0.66000000000000003,0.66120000000000001,675136,640,0.67048600000000003
2018-10-10 04:00:00+00:00,0.66500000000000004,0.67000000000000004,0.58999999999999997,0.6069,1187746,1336,0.62226499999999996
2018-10-11 04:00:00+00:00,0.60619999999999996,0.62849999999999995,0.59219999999999995,0.62,673898,679,0.61320200000000002
2018-10-12 04:00:00+00:00,0.6401,0.6401,0.61080000000000001,0.62350000000000005,341662,696,0.62898100000000001
2018-10-15 04:00:00+00:00,0.64219999999999999,0.64219999999999999,0.61109999999999998,0.625,695460,775,0.62031199999999997
2018-10-16 04:00:00+00:00,0.63449999999999995,0.65000000000000002,0.62009999999999998,0.64480000000000004,720759,1054,0.63866100000000003
2018-10-17 04:00:00+00:00,0.65000000000000002,0.65000000000000002,0.62609999999999999,0.63,371796,563,0.63654500000000003
2018-10-18 04:00:00+00:00,0.63109999999999999,0.63780000000000003,0.59499999999999997,0.60199999999999998,539623,621,0.60897999999999997
2018-10-19 04:00:00+00:00,0.60299999999999998,0.60999999999999999,0.57699999999999996,0.57999999999999996,556983,604,0.59020799999999995
2018-10-22 04:00:00+00:00,0.60670000000000002,0.60670000000000002,0.57950000000000002,0.58730000000000004,613721,1486,0.59287599999999996
2018-10-23 04:00:00+00:00,0.59919999999999995,0.59919999999999995,0.56000000000000005,0.59389999999999998,778634,1048,0.57598300000000002
2018-10-24 04:00:00+00:00,0.57999999999999996,0.60999999999999999,0.55000000000000004,0.55659999999999998,435075,528,0.57152499999999995
2018-10-25 04:00:00+00:00,0.56000000000000005,0.5726,0.54000000000000004,0.54490000000000005,487926,519,0.55156000000000005
2018-10-26 04:00:00+00:00,0.54700000000000004,0.57130000000000003,0.52500000000000002,0.55679999999999996,603044,1966,0.54361400000000004
2018-10-29 04:00:00+00:00,0.56000000000000005,0.56120000000000003,0.53010000000000002,0.54920000000000002,304589,647,0.55277100000000001
2018-10-30 04:00:00+00:00,0.54000000000000004,0.57999999999999996,0.53500000000000003,0.57850000000000001,622780,1950,0.55603800000000003
2018-10-31 04:00:00+00:00,0.5786,0.64000000000000001,0.55410000000000004,0.64000000000000001,1051635,3399,0.615591
2018-11-01 04:00:00+00:00,0.64000000000000001,0.64000000000000001,0.61070000000000002,0.62880000000000003,489483,919,0.62638400000000005
2018-11-02 04:00:00+00:00,0.63,0.64000000000000001,0.60009999999999997,0.60009999999999997,351415,771,0.62002100000000004
2018-11-05 05:00:00+00:00,0.59999999999999998,0.65000000000000002,0.59999999999999998,0.64990000000000003,1060263,1005,0.63980899999999996
2018-11-06 05:00:00+00:00,0.66000000000000003,0.67479999999999996,0.61809999999999998,0.63900000000000001,1415355,2245,0.65061400000000003
2018-11-07 05:00:00+00:00,0.67520000000000002,0.67520000000000002,0.63360000000000005,0.65000000000000002,733345,1144,0.64615599999999995
2018-11-08 05:00:00+00:00,0.65000000000000002,0.66469999999999996,0.60709999999999997,0.63429999999999997,798767,1691,0.63624700000000001
2018-11-09 05:00:00+00:00,0.62970000000000004,0.62970000000000004,0.58999999999999997,0.59999999999999998,695807,1308,0.60244500000000001
2018-11-12 05:00:00+00:00,0.59999999999999998,0.6099,0.56000000000000005,0.56989999999999996,474313,661,0.58171099999999998
2018-11-13 05:00:00+00:00,0.58509999999999995,0.59619999999999995,0.56000000000000005,0.56499999999999995,597130,777,0.57460900000000004
2018-11-14 05:00:00+00:00,0.57350000000000001,0.57879999999999998,0.55000000000000004,0.57089999999999996,611094,1568,0.56251799999999996
2018-11-15 05:00:00+00:00,0.56999999999999995,0.58660000000000001,0.56000000000000005,0.56010000000000004,783681,521,0.57116900000000004
2018-11-16 05:00:00+00:00,0.58460000000000001,0.58999999999999997,0.55149999999999999,0.57120000000000004,389617,438,0.56802600000000003
2018-11-19 05:00:00+00:00,0.57120000000000004,0.59889999999999999,0.56499999999999995,0.56710000000000005,350320,802,0.57981899999999997
2018-11-20 05:00:00+00:00,0.56999999999999995,0.56999999999999995,0.54010000000000002,0.54039999999999999,916324,760,0.55039300000000002
2018-11-21 05:00:00+00:00,0.55000000000000004,0.56979999999999997,0.54020000000000001,0.56569999999999998,377036,409,0.55243200000000003
2018-11-23 05:00:00+00:00,0.55010000000000003,0.56999999999999995,0.54010000000000002,0.5595,224599,277,0.54716600000000004
2018-11-26 05:00:00+00:00,0.56999999999999995,0.57940000000000003,0.54000000000000004,0.55079999999999996,678423,504,0.55380700000000005
2018-11-27 05:00:00+00:00,0.55000000000000004,0.55989999999999995,0.54206699999999997,0.55279999999999996,300810,484,0.55308999999999997
2018-11-28 05:00:00+00:00,0.55279999999999996,0.56999999999999995,0.54579999999999995,0.56540000000000001,581626,854,0.55829200000000001
2018-11-29 05:00:00+00:00,0.56000000000000005,0.56999999999999995,0.55500000000000005,0.56710000000000005,234520,757,0.56140599999999996
2018-11-30 05:00:00+00:00,0.56999999999999995,0.59109999999999996,0.55010000000000003,0.59109999999999996,514415,2297,0.57606999999999997
2018-12-03 05:00:00+00:00,0.58999999999999997,0.59499999999999997,0.56000000000000005,0.57289999999999996,646935,435,0.58050800000000002
2018-12-04 05:00:00+00:00,0.5786,0.5786,0.54339999999999999,0.55879999999999996,793630,710,0.554975
2018-12-06 05:00:00+00:00,0.55830000000000002,0.55830000000000002,0.53249999999999997,0.55449999999999999,606352,963,0.54093100000000005
2018-12-07 05:00:00+00:00,0.54690000000000005,0.55969999999999998,0.5403,0.55000000000000004,341334,370,0.54653099999999999
2018-12-10 05:00:00+00:00,0.54000000000000004,0.54690000000000005,0.52500000000000002,0.53010000000000002,345694,397,0.53428200000000003
2018-12-11 05:00:00+00:00,0.53500000000000003,0.54690000000000005,0.505,0.5151,864390,543,0.52507499999999996
2018-12-12 05:00:00+00:00,0.51000000000000001,0.53879999999999995,0.51000000000000001,0.53017999999999998,427699,427,0.52585599999999999
2018-12-13 05:00:00+00:00,0.53939999999999999,0.54000000000000004,0.51000000000000001,0.51980000000000004,292031,294,0.52258400000000005
2018-12-14 05:00:00+00:00,0.52000000000000002,0.52990000000000004,0.51149999999999995,0.52500000000000002,133538,205,0.52290000000000003
2018-12-17 05:00:00+00:00,0.52900000000000003,0.52969999999999995,0.46000000000000002,0.46000000000000002,1408528,1354,0.48994900000000002
2018-12-18 05:00:00+00:00,0.46999999999999997,0.48774000000000001,0.45750000000000002,0.4657,1443316,1233,0.46426299999999998
2018-12-19 05:00:00+00:00,0.46000000000000002,0.48499999999999999,0.45750000000000002,0.45750000000000002,419273,636,0.47450100000000001
2018-12-20 05:00:00+00:00,0.46000000000000002,0.47989999999999999,0.45019999999999999,0.45979999999999999,652574,605,0.45834200000000003
2018-12-21 05:00:00+00:00,0.45000000000000001,0.4768,0.45000000000000001,0.45300000000000001,482565,518,0.456264
2018-12-24 05:00:00+00:00,0.51000000000000001,0.51000000000000001,0.442,0.45000000000000001,581009,356,0.45752500000000002
2018-12-26 05:00:00+00:00,0.45000000000000001,0.50900000000000001,0.45000000000000001,0.50619999999999998,610830,1302,0.47531600000000002
2018-12-27 05:00:00+00:00,0.499,0.499,0.45069999999999999,0.47410000000000002,855556,1191,0.46739999999999998
2018-12-28 05:00:00+00:00,0.47499999999999998,0.47899999999999998,0.44800000000000001,0.45500000000000002,1540434,2636,0.46121600000000001
2018-12-31 05:00:00+00:00,0.46000000000000002,0.47799999999999998,0.45500000000000002,0.46400000000000002,825225,2709,0.46797800000000001
2019-01-02 05:00:00+00:00,0.46999999999999997,0.49890000000000001,0.46410000000000001,0.48930000000000001,731501,458,0.476381
2019-01-03 05:00:00+00:00,0.498,0.50470000000000004,0.48999999999999999,0.49909999999999999,136362,225,0.495703
2019-01-04 05:00:00+00:00,0.51290000000000002,0.51500000000000001,0.48999999999999999,0.50970000000000004,464162,453,0.50580599999999998
2019-01-07 05:00:00+00:00,0.51000000000000001,0.5252,0.5,0.51500000000000001,696382,491,0.51454
2019-01-08 05:00:00+00:00,0.52849999999999997,0.52849999999999997,0.5,0.5,173970,320,0.513459
2019-01-09 05:00:00+00:00,0.52000000000000002,0.53000000000000003,0.50109999999999999,0.51200000000000001,672517,605,0.52192300000000003
2019-01-10 05:00:00+00:00,0.51400000000000001,0.52800000000000002,0.49199999999999999,0.50790000000000002,393077,471,0.51339800000000002
2019-01-11 05:00:00+00:00,0.5,0.51849999999999996,0.48870000000000002,0.49559999999999998,416591,570,0.50218799999999997
2019-01-14 05:00:00+00:00,0.5,0.50129999999999997,0.47999999999999998,0.48599999999999999,412030,441,0.48874299999999998
2019-01-15 05:00:00+00:00,0.50270000000000004,0.50600000000000001,0.48999999999999999,0.495,246410,352,0.49604799999999999
2019-01-16 05:00:00+00:00,0.48999999999999999,0.5,0.48820000000000002,0.495,288146,385,0.49417499999999998
2019-01-17 05:00:00+00:00,0.495,0.50095000000000001,0.47939999999999999,0.48999999999999999,870226,1369,0.49549799999999999
2019-01-18 05:00:00+00:00,0.48999999999999999,0.495,0.48010000000000003,0.4914,397998,417,0.49222399999999999
2019-01-22 05:00:00+00:00,0.48099999999999998,0.495,0.47999999999999998,0.4834,482121,1004,0.48792799999999997
2019-01-23 05:00:00+00:00,0.48699999999999999,0.49430000000000002,0.47910000000000003,0.48199999999999998,435855,1219,0.48489199999999999
2019-01-24 05:00:00+00:00,0.495,0.495,0.48159999999999997,0.48159999999999997,204479,183,0.490288
2019-01-25 05:00:00+00:00,0.48849999999999999,0.53100000000000003,0.48010000000000003,0.53100000000000003,1368869,862,0.51003399999999999
2019-01-28 05:00:00+00:00,0.52000000000000002,0.55000000000000004,0.51100000000000001,0.52300000000000002,547641,623,0.52382499999999999
2019-01-29 05:00:00+00:00,0.53500000000000003,0.53969999999999996,0.52010000000000001,0.52149999999999996,217792,328,0.528868
2019-01-30 05:00:00+00:00,0.53300000000000003,0.54000000000000004,0.50009999999999999,0.51129999999999998,367950,370,0.51705500000000004
2019-01-31 05:00:00+00:00,0.52300000000000002,0.52380000000000004,0.49480000000000002,0.51200000000000001,322945,403,0.51127400000000001
2019-02-01 05:00:00+00:00,0.51000000000000001,0.51949999999999996,0.50049999999999994,0.51670000000000005,325354,457,0.51341800000000004
2019-02-04 05:00:00+00:00,0.51500000000000001,0.51900000000000002,0.5,0.51349999999999996,505511,1584,0.50824000000000003
2019-02-05 05:00:00+00:00,0.5202,0.54800000000000004,0.51000000000000001,0.54800000000000004,1037538,551,0.53195700000000001
2019-02-06 05:00:00+00:00,0.54700000000000004,0.54700000000000004,0.51249999999999996,0.53220000000000001,876000,668,0.52366199999999996
2019-02-07 05:00:00+00:00,0.52000000000000002,0.52990000000000004,0.505,0.52000000000000002,323896,351,0.51769600000000005
2019-02-08 05:00:00+00:00,0.51800000000000002,0.52759999999999996,0.5101,0.51259999999999994,510861,480,0.52084900000000001
2019-02-11 05:00:00+00:00,0.52759999999999996,0.52759999999999996,0.51000000000000001,0.51519999999999999,224106,396,0.51720299999999997
2019-02-12 05:00:00+00:00,0.53600000000000003,0.53600000000000003,0.51000000000000001,0.51319999999999999,191993,270,0.51665300000000003
2019-02-13 05:00:00+00:00,0.54000000000000004,0.54000000000000004,0.50519999999999998,0.52000000000000002,264352,337,0.51554199999999994
2019-02-14 05:00:00+00:00,0.53000000000000003,0.54520000000000002,0.52490000000000003,0.5413,481059,538,0.53782399999999997
2019-02-15 05:00:00+00:00,0.53000000000000003,0.54479999999999995,0.5202,0.54290000000000005,539866,384,0.53608100000000003
2019-02-19 05:00:00+00:00,0.54700000000000004,0.54700000000000004,0.51119999999999999,0.54000000000000004,638746,868,0.52690099999999995
2019-02-20 05:00:00+00:00,0.53000000000000003,0.53290000000000004,0.52010000000000001,0.53000000000000003,385878,929,0.52756400000000003
2019-02-21 05:00:00+00:00,0.52200000000000002,0.5373,0.52000000000000002,0.52849999999999997,257155,369,0.52649299999999999
2019-02-22 05:00:00+00:00,0.53000000000000003,0.53849999999999998,0.53000000000000003,0.53759999999999997,102368,181,0.53484699999999996
2019-02-25 05:00:00+00:00,0.53759999999999997,0.54420000000000002,0.53000000000000003,0.53439999999999999,407171,426,0.53810999999999998
2019-02-26 05:00:00+00:00,0.53000000000000003,0.54979999999999996,0.52800000000000002,0.54790000000000005,438988,1420,0.53908999999999996
2019-02-27 05:00:00+00:00,0.53649999999999998,0.54990000000000006,0.53649999999999998,0.54990000000000006,255310,283,0.54088899999999995
2019-02-28 05:00:00+00:00,0.54000000000000004,0.55400000000000005,0.54000000000000004,0.5423,480086,789,0.54427700000000001
2019-03-01 05:00:00+00:00,0.54249999999999998,0.54990000000000006,0.52539999999999998,0.52600000000000002,502465,433,0.53395199999999998
2019-03-04 05:00:00+00:00,0.52000000000000002,0.53600000000000003,0.50243599999999999,0.505,511854,544,0.51162399999999997
2019-03-05 05:00:00+00:00,0.51000000000000001,0.51649999999999996,0.50549999999999995,0.5091,125477,194,0.512351
2019-03-06 05:00:00+00:00,0.50600000000000001,0.51000000000000001,0.5,0.50729999999999997,295074,289,0.50717500000000004
2019-03-07 05:00:00+00:00,0.50249999999999995,0.50980000000000003,0.49709999999999999,0.50980000000000003,536555,469,0.50234699999999999
2019-03-08 05:00:00+00:00,0.49149999999999999,0.50680000000000003,0.49109999999999998,0.50209999999999999,562699,484,0.49995699999999998
2019-03-11 04:00:00+00:00,0.49959999999999999,0.51949999999999996,0.49559999999999998,0.51549999999999996,303053,275,0.51056699999999999
2019-03-12 04:00:00+00:00,0.51529999999999998,0.52000000000000002,0.50049999999999994,0.52000000000000002,160571,203,0.51172300000000004
2019-03-13 04:00:00+00:00,0.51049999999999995,0.52980000000000005,0.51000000000000001,0.52980000000000005,335282,354,0.51579699999999995
2019-03-14 04:00:00+00:00,0.52500000000000002,0.5444,0.51000000000000001,0.54249999999999998,711114,975,0.536578
2019-03-15 04:00:00+00:00,0.56000000000000005,0.56299999999999994,0.52310000000000001,0.53300000000000003,779764,467,0.53380000000000005
2019-03-18 04:00:00+00:00,0.55000000000000004,0.55000000000000004,0.51500000000000001,0.52990000000000004,1441641,581,0.52589300000000005
2019-03-19 04:00:00+00:00,0.52000000000000002,0.53690000000000004,0.51890000000000003,0.52390000000000003,301796,441,0.52392399999999995
2019-03-20 04:00:00+00:00,0.52980000000000005,0.53500000000000003,0.51759999999999995,0.5323,501514,741,0.527393
2019-03-21 04:00:00+00:00,0.53239999999999998,0.56000000000000005,0.52259999999999995,0.55130000000000001,971840,800,0.53956199999999999
2019-03-22 04:00:00+00:00,0.54000000000000004,0.54000000000000004,0.5202,0.52300000000000002,623254,931,0.52616399999999997
2019-03-25 04:00:00+00:00,0.52880000000000005,0.52880000000000005,0.5141,0.51649999999999996,230881,307,0.51967600000000003
2019-03-26 04:00:00+00:00,0.52000000000000002,0.52339999999999998,0.51449999999999996,0.52184299999999995,314121,511,0.51892300000000002
2019-03-27 04:00:00+00:00,0.52959999999999996,0.52959999999999996,0.505,0.51790000000000003,379544,478,0.51226300000000002
2019-03-28 04:00:00+00:00,0.51000000000000001,0.51790000000000003,0.50309999999999999,0.505,275260,339,0.50581299999999996
2019-03-29 04:00:00+00:00,0.50309999999999999,0.51970000000000005,0.50119999999999998,0.51849999999999996,442231,899,0.51441199999999998
2019-04-01 04:00:00+00:00,0.51739999999999997,0.52600000000000002,0.50990000000000002,0.52049999999999996,821715,528,0.51624999999999999
2019-04-02 04:00:00+00:00,0.52000000000000002,0.53280000000000005,0.52000000000000002,0.53000000000000003,287895,360,0.52664200000000005
2019-04-03 04:00:00+00:00,0.53290000000000004,0.55000000000000004,0.52300000000000002,0.53800000000000003,624371,821,0.53739499999999996
2019-04-04 04:00:00+00:00,0.52000000000000002,0.53910000000000002,0.51359999999999995,0.53510000000000002,1127539,812,0.53137800000000002
2019-04-05 04:00:00+00:00,0.53790000000000004,0.54886400000000002,0.53159999999999996,0.53749999999999998,1384748,1063,0.53928399999999999
2019-04-08 04:00:00+00:00,0.54000000000000004,0.56000000000000005,0.53749999999999998,0.54790000000000005,867135,511,0.54786800000000002
2019-04-09 04:00:00+00:00,0.55000000000000004,0.57379899999999995,0.55000000000000004,0.57199999999999995,759088,792,0.56515300000000002
2019-04-10 04:00:00+00:00,0.57699999999999996,0.58720000000000006,0.56999999999999995,0.57399999999999995,757045,1602,0.578731
2019-04-11 04:00:00+00:00,0.56999999999999995,0.57410000000000005,0.55000000000000004,0.56499999999999995,677870,462,0.55647000000000002
2019-04-12 04:00:00+00:00,0.56000000000000005,0.57999999999999996,0.54469999999999996,0.54469999999999996,397359,706,0.55874999999999997
2019-04-15 04:00:00+00:00,0.55000000000000004,0.5635,0.55000000000000004,0.55479999999999996,502908,295,0.55295300000000003
2019-04-16 04:00:00+00:00,0.55979999999999996,0.57399999999999995,0.54110000000000003,0.5413,416167,322,0.54842999999999997
2019-04-17 04:00:00+00:00,0.54269999999999996,0.55169999999999997,0.54000000000000004,0.54000000000000004,132349,209,0.54288999999999998
2019-04-18 04:00:00+00:00,0.54000000000000004,0.54000000000000004,0.52829999999999999,0.53380000000000005,310168,396,0.53184900000000002
2019-04-22 04:00:00+00:00,0.52859999999999996,0.54000000000000004,0.52839999999999998,0.53369999999999995,293191,296,0.53268000000000004
2019-04-23 04:00:00+00:00,0.53600000000000003,0.53800000000000003,0.52000000000000002,0.53800000000000003,312376,289,0.52881900000000004
2019-04-24 04:00:00+00:00,0.54000000000000004,0.54279999999999995,0.51529999999999998,0.52200000000000002,348473,441,0.52417499999999995
2019-04-25 04:00:00+00:00,0.52629999999999999,0.52629999999999999,0.51108600000000004,0.52080000000000004,913167,585,0.51794399999999996
2019-04-26 04:00:00+00:00,0.52749999999999997,0.52749999999999997,0.51000000000000001,0.51770000000000005,474490,852,0.51764100000000002
2019-04-29 04:00:00+00:00,0.51770000000000005,0.52949999999999997,0.51000000000000001,0.51500000000000001,333512,501,0.51537100000000002
2019-04-30 04:00:00+00:00,0.51329999999999998,0.53510000000000002,0.51019999999999999,0.5323,535895,760,0.51426499999999997
2019-05-01 04:00:00+00:00,0.52500000000000002,0.54500000000000004,0.52000000000000002,0.54000000000000004,348273,1381,0.526312
2019-05-02 04:00:00+00:00,0.51539999999999997,0.53879999999999995,0.51039999999999996,0.52010000000000001,437616,735,0.52213500000000002
2019-05-03 04:00:00+00:00,0.51349999999999996,0.52839999999999998,0.51000000000000001,0.5262,371467,1030,0.51830200000000004
2019-05-06 04:00:00+00:00,0.53500000000000003,0.53500000000000003,0.5111,0.52659999999999996,317441,433,0.52682600000000002
2019-05-07 04:00:00+00:00,0.52659999999999996,0.52659999999999996,0.50800000000000001,0.51119999999999999,643435,1436,0.51868400000000003
2019-05-08 04:00:00+00:00,0.52000000000000002,0.52000000000000002,0.5,0.50119999999999998,301500,349,0.50729500000000005
2019-05-09 04:00:00+00:00,0.50490000000000002,0.50860000000000005,0.49490000000000001,0.50370000000000004,393881,525,0.50126899999999996
2019-05-10 04:00:00+00:00,0.5,0.505,0.5,0.504,125265,245,0.50219800000000003
2019-05-13 04:00:00+00:00,0.505,0.50509999999999999,0.4955,0.49790000000000001,560061,466,0.49843300000000001
2019-05-14 04:00:00+00:00,0.49390000000000001,0.50519999999999998,0.48999999999999999,0.49730000000000002,719488,629,0.49453999999999998
2019-05-15 04:00:00+00:00,0.5,0.50509999999999999,0.49559999999999998,0.50255000000000005,213302,318,0.49928299999999998
2019-05-16 04:00:00+00:00,0.5,0.52000000000000002,0.49990000000000001,0.52000000000000002,205315,410,0.505552
2019-05-17 04:00:00+00:00,0.52000000000000002,0.52049999999999996,0.50960000000000005,0.52000000000000002,703147,660,0.51679799999999998
2019-05-20 04:00:00+00:00,0.51500000000000001,0.52729999999999999,0.50029999999999997,0.50029999999999997,266288,228,0.51482399999999995
2019-05-21 04:00:00+00:00,0.51000000000000001,0.52839999999999998,0.51000000000000001,0.51580000000000004,339790,197,0.52069399999999999
2019-05-22 04:00:00+00:00,0.51719999999999999,0.52000000000000002,0.50019999999999998,0.50639999999999996,205588,264,0.50962300000000005
2019-05-23 04:00:00+00:00,0.5,0.50439999999999996,0.495,0.50390000000000001,189672,458,0.49904599999999999
2019-05-24 04:00:00+00:00,0.5,0.51000000000000001,0.497,0.50029999999999997,150657,202,0.50060300000000002
2019-05-28 04:00:00+00:00,0.5,0.51649999999999996,0.49469999999999997,0.49959999999999999,325598,285,0.50024900000000005
2019-05-29 04:00:00+00:00,0.49469999999999997,0.5,0.49349999999999999,0.49990000000000001,320046,677,0.49530999999999997
2019-05-30 04:00:00+00:00,0.5,0.50790000000000002,0.49524800000000002,0.50609999999999999,268104,571,0.50134599999999996
2019-05-31 04:00:00+00:00,0.5,0.52890000000000004,0.495,0.51519499999999996,786373,1531,0.50938899999999998
2019-06-03 04:00:00+00:00,0.52859999999999996,0.52859999999999996,0.52200000000000002,0.52859999999999996,264297,337,0.52574399999999999
2019-06-04 04:00:00+00:00,0.54969999999999997,0.55000000000000004,0.51100000000000001,0.51770000000000005,337145,923,0.52882600000000002
2019-06-05 04:00:00+00:00,0.52000000000000002,0.52200000000000002,0.51000000000000001,0.52000000000000002,251640,399,0.51677499999999998
2019-06-06 04:00:00+00:00,0.52000000000000002,0.52470000000000006,0.51000000000000001,0.52429999999999999,278482,1067,0.51661900000000005
2019-06-07 04:00:00+00:00,0.51170000000000004,0.52859999999999996,0.51160000000000005,0.52500000000000002,198054,328,0.52215500000000004
2019-06-10 04:00:00+00:00,0.52500000000000002,0.52829999999999999,0.51825399999999999,0.52470000000000006,160866,173,0.52200599999999997
2019-06-11 04:00:00+00:00,0.52000000000000002,0.53000000000000003,0.51500000000000001,0.51600000000000001,142545,429,0.51914300000000002
2019-06-12 04:00:00+00:00,0.51180000000000003,0.52349999999999997,0.51180000000000003,0.51990000000000003,137544,240,0.51882300000000003
2019-06-13 04:00:00+00:00,0.52000000000000002,0.52690000000000003,0.51990000000000003,0.52690000000000003,118361,300,0.52234499999999995
2019-06-14 04:00:00+00:00,0.51800000000000002,0.53000000000000003,0.51800000000000002,0.52000000000000002,103873,139,0.52247699999999997
2019-06-17 04:00:00+00:00,0.5181,0.52270000000000005,0.5181,0.51880000000000004,126013,312,0.51983100000000004
2019-06-18 04:00:00+00:00,0.5181,0.52164900000000003,0.51349999999999996,0.51670000000000005,115001,218,0.51633200000000001
2019-06-19 04:00:00+00:00,0.51970000000000005,0.51990000000000003,0.51049999999999995,0.5131,189229,351,0.513575
2019-06-20 04:00:00+00:00,0.51000000000000001,0.53249999999999997,0.51000000000000001,0.52700000000000002,492932,1967,0.52624700000000002
2019-06-21 04:00:00+00:00,0.52200000000000002,0.54720000000000002,0.52200000000000002,0.5393,359502,927,0.53574200000000005
2019-06-24 04:00:00+00:00,0.53000000000000003,0.53600000000000003,0.5292,0.52969999999999995,223856,264,0.53042199999999995
2019-06-25 04:00:00+00:00,0.53000000000000003,0.53000000000000003,0.5121,0.51590000000000003,243581,497,0.51780099999999996
2019-06-26 04:00:00+00:00,0.51000000000000001,0.52980000000000005,0.51000000000000001,0.52890000000000004,143908,224,0.51610500000000004
2019-06-27 04:00:00+00:00,0.53369999999999995,0.54000000000000004,0.52000000000000002,0.52000000000000002,388283,1611,0.53051599999999999
2019-06-28 04:00:00+00:00,0.52010000000000001,0.54000000000000004,0.52000000000000002,0.52900000000000003,798510,2305,0.53086299999999997
2019-07-01 04:00:00+00:00,0.52000000000000002,0.52990000000000004,0.52000000000000002,0.52227100000000004,156308,173,0.52155099999999999
2019-07-02 04:00:00+00:00,0.52000000000000002,0.52969999999999995,0.52000000000000002,0.52400000000000002,127682,173,0.52538899999999999
2019-07-03 04:00:00+00:00,0.52900000000000003,0.54000000000000004,0.52539999999999998,0.53990000000000005,584346,582,0.53463099999999997
2019-07-05 04:00:00+00:00,0.53920000000000001,0.53979999999999995,0.51949999999999996,0.52080000000000004,224352,310,0.52465099999999998
2019-07-08 04:00:00+00:00,0.52700000000000002,0.53480000000000005,0.52280000000000004,0.52800000000000002,428218,1432,0.528003
2019-07-09 04:00:00+00:00,0.53000000000000003,0.53300000000000003,0.51300000000000001,0.51549999999999996,299152,447,0.52347999999999995
2019-07-10 04:00:00+00:00,0.53000000000000003,0.53000000000000003,0.5171,0.52980000000000005,278881,456,0.52528699999999995
2019-07-11 04:00:00+00:00,0.52000000000000002,0.52810000000000001,0.51549999999999996,0.51700000000000002,146685,336,0.51930900000000002
2019-07-12 04:00:00+00:00,0.51500000000000001,0.55000000000000004,0.51000000000000001,0.54000000000000004,1607665,2721,0.53587300000000004
2019-07-15 04:00:00+00:00,0.55000000000000004,0.55000000000000004,0.52529999999999999,0.53400000000000003,476943,887,0.535497
2019-07-16 04:00:00+00:00,0.54500000000000004,0.54500000000000004,0.52029999999999998,0.52769999999999995,222051,318,0.53480799999999995
2019-07-17 04:00:00+00:00,0.52929999999999999,0.52929999999999999,0.505,0.51060000000000005,334296,382,0.512235
2019-07-18 04:00:00+00:00,0.51000000000000001,0.51000000000000001,0.48999999999999999,0.49340000000000001,759477,887,0.49745
2019-07-19 04:00:00+00:00,0.495,0.50160000000000005,0.46999999999999997,0.47249999999999998,555157,755,0.48444100000000001
2019-07-22 04:00:00+00:00,0.47999999999999998,0.4889,0.4521,0.45950000000000002,1043790,970,0.46507900000000002
2019-07-23 04:00:00+00:00,0.46500000000000002,0.46989999999999998,0.44140000000000001,0.44890000000000002,1117215,1511,0.453677
2019-07-24 04:00:00+00:00,0.45000000000000001,0.45950000000000002,0.4304,0.4415,700783,886,0.440523
2019-07-25 04:00:00+00:00,0.42999999999999999,0.45700000000000002,0.42999999999999999,0.44069999999999998,605127,645,0.444411
2019-07-26 04:00:00+00:00,0.45000000000000001,0.45000000000000001,0.42999999999999999,0.4405,591803,724,0.43852000000000002
2019-07-29 04:00:00+00:00,0.44,0.45250000000000001,0.43740000000000001,0.44240000000000002,302298,725,0.44225300000000001
2019-07-30 04:00:00+00:00,0.44040000000000001,0.45000000000000001,0.42999999999999999,0.44869999999999999,441854,1253,0.44010500000000002
2019-07-31 04:00:00+00:00,0.4415,0.50029999999999997,0.44,0.48970000000000002,1800170,3565,0.46937800000000002
2019-08-01 04:00:00+00:00,0.47060000000000002,0.48499999999999999,0.46970000000000001,0.48039999999999999,326448,608,0.472578
2019-08-02 04:00:00+00:00,0.47199999999999998,0.47999999999999998,0.46010000000000001,0.46920000000000001,244957,470,0.46814
2019-08-05 04:00:00+00:00,0.46029999999999999,0.47449999999999998,0.44,0.45490000000000003,373968,309,0.45486799999999999
2019-08-06 04:00:00+00:00,0.45000000000000001,0.47999999999999998,0.45000000000000001,0.45679999999999998,486976,1220,0.45793200000000001
2019-08-07 04:00:00+00:00,0.45200000000000001,0.45660000000000001,0.43309999999999998,0.45000000000000001,358137,557,0.443741
2019-08-08 04:00:00+00:00,0.44,0.45240000000000002,0.44,0.44940000000000002,224024,470,0.44512299999999999
2019-08-09 04:00:00+00:00,0.44,0.45000000000000001,0.43559999999999999,0.441,284089,367,0.43942900000000001
2019-08-12 04:00:00+00:00,0.43009999999999998,0.43890000000000001,0.41999999999999998,0.4259,495720,551,0.43119299999999999
2019-08-13 04:00:00+00:00,0.435,0.435,0.4204,0.42699999999999999,365098,1130,0.428172
2019-08-14 04:00:00+00:00,0.4284,0.4284,0.40600000000000003,0.40999999999999998,495512,716,0.41414499999999999
2019-08-15 04:00:00+00:00,0.40000000000000002,0.41299999999999998,0.38,0.40339999999999998,1891299,1191,0.39810000000000001
2019-08-16 04:00:00+00:00,0.40000000000000002,0.43090000000000001,0.40000000000000002,0.42999999999999999,423539,614,0.416823
2019-08-19 04:00:00+00:00,0.4299,0.44569999999999999,0.41999999999999998,0.42749999999999999,580576,546,0.43115500000000001
2019-08-20 04:00:00+00:00,0.42999999999999999,0.44450000000000001,0.42999999999999999,0.44290000000000002,315638,1191,0.43817499999999998
2019-08-21 04:00:00+00:00,0.45000000000000001,0.46989999999999998,0.44350000000000001,0.46600000000000003,642190,797,0.45469300000000001
2019-08-22 04:00:00+00:00,0.46999999999999997,0.46999999999999997,0.43009999999999998,0.44209999999999999,477087,474,0.43769400000000003
2019-08-23 04:00:00+00:00,0.42999999999999999,0.436,0.41310000000000002,0.41320000000000001,356909,1217,0.42263499999999998
2019-08-26 04:00:00+00:00,0.41999999999999998,0.42099999999999999,0.40550000000000003,0.40670000000000001,277367,555,0.41083599999999998
2019-08-27 04:00:00+00:00,0.40000000000000002,0.42280000000000001,0.39500000000000002,0.4078,552942,755,0.40548200000000001
2019-08-28 04:00:00+00:00,0.40999999999999998,0.42299999999999999,0.39689999999999998,0.41499999999999998,309180,464,0.40758100000000003
2019-08-29 04:00:00+00:00,0.41499999999999998,0.41499999999999998,0.4027,0.40600000000000003,286439,611,0.40761999999999998
2019-08-30 04:00:00+00:00,0.4123,0.46000000000000002,0.40889999999999999,0.45600000000000002,789508,2602,0.43291299999999999
2019-09-03 04:00:00+00:00,0.46000000000000002,0.46000000000000002,0.44,0.45190000000000002,672210,553,0.44812600000000002
2019-09-04 04:00:00+00:00,0.45000000000000001,0.45689999999999997,0.44030000000000002,0.45319999999999999,403787,619,0.449739
2019-09-05 04:00:00+00:00,0.45000000000000001,0.45900000000000002,0.44069999999999998,0.44140000000000001,600011,961,0.44636100000000001
2019-09-06 04:00:00+00:00,0.45000000000000001,0.45500000000000002,0.44419999999999998,0.44419999999999998,254527,450,0.44967699999999999
2019-09-09 04:00:00+00:00,0.44419999999999998,0.47170000000000001,0.44,0.46339999999999998,314961,605,0.45902300000000001
2019-09-10 04:00:00+00:00,0.46250000000000002,0.48730000000000001,0.45750000000000002,0.48442800000000003,798162,2505,0.47830099999999998
2019-09-11 04:00:00+00:00,0.47899999999999998,0.49690000000000001,0.46500000000000002,0.48999999999999999,839208,1473,0.48797800000000002
2019-09-12 04:00:00+00:00,0.4899,0.5,0.4899,0.49099999999999999,350476,983,0.492483
2019-09-13 04:00:00+00:00,0.49869999999999998,0.49869999999999998,0.47499999999999998,0.47720000000000001,323914,515,0.48616599999999999
2019-09-16 04:00:00+00:00,0.48070000000000002,0.48620000000000002,0.45219999999999999,0.47399999999999998,644648,1876,0.46637600000000001
2019-09-17 04:00:00+00:00,0.47299999999999998,0.48420000000000002,0.45900000000000002,0.48249999999999998,177043,437,0.47676400000000002
2019-09-18 04:00:00+00:00,0.48299999999999998,0.48299999999999998,0.47499999999999998,0.48120299999999999,307483,440,0.47997800000000002
2019-09-19 04:00:00+00:00,0.46999999999999997,0.4899,0.46999999999999997,0.47249999999999998,245930,358,0.48245399999999999
2019-09-20 04:00:00+00:00,0.47770000000000001,0.51290000000000002,0.45889600000000003,0.51290000000000002,736908,1228,0.4854
2019-09-23 04:00:00+00:00,0.48249999999999998,0.51000000000000001,0.48120000000000002,0.50860000000000005,480958,683,0.49837999999999999
2019-09-24 04:00:00+00:00,0.49640000000000001,0.50570000000000004,0.49009999999999998,0.504,218465,399,0.49898999999999999
2019-09-25 04:00:00+00:00,0.46999999999999997,0.50060000000000004,0.46999999999999997,0.48849999999999999,279202,508,0.49500300000000003
2019-09-26 04:00:00+00:00,0.47999999999999998,0.50619999999999998,0.47999999999999998,0.49490000000000001,247616,490,0.49442199999999997
2019-09-27 04:00:00+00:00,0.49969999999999998,0.49969999999999998,0.48659999999999998,0.48999999999999999,207497,758,0.492593
2019-09-30 04:00:00+00:00,0.48999999999999999,0.48999999999999999,0.45050000000000001,0.45050000000000001,662141,1054,0.47292299999999998
2019-10-01 04:00:00+00:00,0.45050000000000001,0.47449999999999998,0.45050000000000001,0.46870000000000001,159120,443,0.466561
2019-10-02 04:00:00+00:00,0.46999999999999997,0.46999999999999997,0.45689999999999997,0.46589999999999998,246402,438,0.46469100000000002
2019-10-03 04:00:00+00:00,0.46000000000000002,0.47999999999999998,0.4501,0.47599999999999998,306877,607,0.47043099999999999
2019-10-04 04:00:00+00:00,0.46999999999999997,0.48509999999999998,0.46999999999999997,0.48399999999999999,246515,557,0.47870000000000001
2019-10-07 04:00:00+00:00,0.47999999999999998,0.47999999999999998,0.47120000000000001,0.47160000000000002,95768,202,0.47298099999999998
2019-10-08 04:00:00+00:00,0.46100000000000002,0.47999999999999998,0.46100000000000002,0.4733,211948,504,0.469636
2019-10-09 04:00:00+00:00,0.46039999999999998,0.48499999999999999,0.46039999999999998,0.4743,232454,305,0.47850300000000001
2019-10-10 04:00:00+00:00,0.4849,0.48999999999999999,0.46999999999999997,0.48999999999999999,377858,1073,0.48139199999999999
2019-10-11 04:00:00+00:00,0.4899,0.48999999999999999,0.48170000000000002,0.48180000000000001,201672,305,0.485429
2019-10-14 04:00:00+00:00,0.46999999999999997,0.47989999999999999,0.46500000000000002,0.47170000000000001,87884,205,0.47114899999999998
2019-10-15 04:00:00+00:00,0.47360000000000002,0.4869,0.47360000000000002,0.47539999999999999,261971,487,0.47854000000000002
2019-10-16 04:00:00+00:00,0.46999999999999997,0.47999999999999998,0.45000000000000001,0.47220000000000001,205370,382,0.46424300000000002
2019-10-17 04:00:00+00:00,0.47220000000000001,0.48070000000000002,0.46999999999999997,0.47899999999999998,88254,258,0.477408
2019-10-18 04:00:00+00:00,0.4869,0.4869,0.47149999999999997,0.47949999999999998,130165,314,0.47794999999999999
2019-10-21 04:00:00+00:00,0.47499999999999998,0.4869,0.47220000000000001,0.47389999999999999,103031,286,0.47764000000000001
2019-10-22 04:00:00+00:00,0.47320000000000001,0.4743,0.46100000000000002,0.46100000000000002,163983,385,0.46975699999999998
2019-10-23 04:00:00+00:00,0.46200000000000002,0.47999999999999998,0.46200000000000002,0.47270000000000001,106448,290,0.47040599999999999
2019-10-24 04:00:00+00:00,0.46999999999999997,0.47249999999999998,0.46000000000000002,0.46000000000000002,137105,288,0.46667700000000001
2019-10-25 04:00:00+00:00,0.47499999999999998,0.47499999999999998,0.46000000000000002,0.46955000000000002,312544,281,0.46758
2019-10-28 04:00:00+00:00,0.46899999999999997,0.46999999999999997,0.4627,0.4627,184436,359,0.469051
2019-10-29 04:00:00+00:00,0.46000000000000002,0.46989999999999998,0.46000000000000002,0.465449,62465,201,0.46563500000000002
2019-10-30 04:00:00+00:00,0.46999999999999997,0.46999999999999997,0.45190000000000002,0.45429999999999998,448641,627,0.455509
2019-10-31 04:00:00+00:00,0.46999999999999997,0.46999999999999997,0.45300000000000001,0.46000000000000002,276725,729,0.45837099999999997
2019-11-01 04:00:00+00:00,0.46999999999999997,0.46999999999999997,0.45429999999999998,0.45519999999999999,67564,271,0.458042
2019-11-04 05:00:00+00:00,0.46000000000000002,0.47989999999999999,0.45540000000000003,0.47010000000000002,288334,536,0.473769
2019-11-05 05:00:00+00:00,0.46999999999999997,0.47899999999999998,0.46379999999999999,0.47120000000000001,192042,303,0.469889
2019-11-06 05:00:00+00:00,0.47999999999999998,0.480354,0.46210000000000001,0.46999999999999997,95032,261,0.47132499999999999
2019-11-07 05:00:00+00:00,0.46999999999999997,0.47989999999999999,0.4602,0.46110000000000001,201192,284,0.46521099999999999
2019-11-08 05:00:00+00:00,0.46010000000000001,0.4743,0.45850000000000002,0.46000000000000002,118119,410,0.46049699999999999
2019-11-11 05:00:00+00:00,0.46000000000000002,0.46989999999999998,0.45100000000000001,0.45100000000000001,69311,208,0.45493099999999997
2019-11-12 05:00:00+00:00,0.45100000000000001,0.45960000000000001,0.44,0.44719999999999999,306157,322,0.446606
2019-11-13 05:00:00+00:00,0.4451,0.44950000000000001,0.44429999999999997,0.44950000000000001,105688,231,0.44586100000000001
2019-11-14 05:00:00+00:00,0.44600000000000001,0.45900000000000002,0.442,0.45650000000000002,102470,187,0.449096
2019-11-15 05:00:00+00:00,0.45000000000000001,0.45629999999999998,0.44,0.44600000000000001,99476,317,0.44586700000000001
2019-11-18 05:00:00+00:00,0.44500000000000001,0.45000000000000001,0.43869999999999998,0.43869999999999998,326930,742,0.44130200000000003
2019-11-19 05:00:00+00:00,0.43869999999999998,0.44359999999999999,0.4294,0.4375,505581,840,0.43475200000000003
2019-11-20 05:00:00+00:00,0.42999999999999999,0.44919999999999999,0.42949999999999999,0.44409999999999999,158077,684,0.43811699999999998
2019-11-21 05:00:00+00:00,0.44500000000000001,0.44900000000000001,0.42080000000000001,0.42799999999999999,404721,500,0.43365799999999999
2019-11-22 05:00:00+00:00,0.42999999999999999,0.44519999999999998,0.42620000000000002,0.4446,387000,753,0.43709900000000002
2019-11-25 05:00:00+00:00,0.44,0.44479999999999997,0.43480000000000002,0.442,151097,291,0.43879600000000002
2019-11-26 05:00:00+00:00,0.42049999999999998,0.44,0.41999999999999998,0.42976300000000001,662823,918,0.42171399999999998
2019-11-27 05:00:00+00:00,0.42499999999999999,0.43730000000000002,0.4209,0.43719999999999998,148501,612,0.43208999999999997
2019-11-29 05:00:00+00:00,0.43719999999999998,0.43719999999999998,0.41999999999999998,0.42999999999999999,475948,1758,0.42716900000000002
2019-12-02 05:00:00+00:00,0.41999999999999998,0.434,0.40110000000000001,0.4199,719819,807,0.41522599999999998
2019-12-03 05:00:00+00:00,0.41689999999999999,0.42399999999999999,0.41220000000000001,0.41749999999999998,147295,214,0.41587800000000003
2019-12-04 05:00:00+00:00,0.41999999999999998,0.41999999999999998,0.41499999999999998,0.41999999999999998,225426,359,0.41756500000000002
2019-12-05 05:00:00+00:00,0.41660000000000003,0.4259,0.41149999999999998,0.41320000000000001,571802,669,0.41824499999999998
2019-12-06 05:00:00+00:00,0.40999999999999998,0.42399999999999999,0.40999999999999998,0.42149999999999999,398857,616,0.420178
2019-12-09 05:00:00+00:00,0.42499999999999999,0.42499999999999999,0.40810000000000002,0.41070000000000001,378568,1011,0.41449399999999997
2019-12-10 05:00:00+00:00,0.40589999999999998,0.40999999999999998,0.39550000000000002,0.39600000000000002,1175624,1732,0.40122799999999997
2019-12-11 05:00:00+00:00,0.40000000000000002,0.40489999999999998,0.39600000000000002,0.40489999999999998,264786,834,0.39938600000000002
2019-12-12 05:00:00+00:00,0.40310000000000001,0.40999999999999998,0.40000000000000002,0.40010000000000001,498775,605,0.40311900000000001
2019-12-13 05:00:00+00:00,0.40000000000000002,0.41089999999999999,0.38400000000000001,0.41089999999999999,1075594,1257,0.394812
2019-12-16 05:00:00+00:00,0.40000000000000002,0.41189999999999999,0.40000000000000002,0.40899999999999997,350268,711,0.40374700000000002
2019-12-17 05:00:00+00:00,0.40000000000000002,0.41949999999999998,0.40000000000000002,0.40999999999999998,487992,776,0.40580100000000002
2019-12-18 05:00:00+00:00,0.40999999999999998,0.4194,0.40010000000000001,0.40360000000000001,345772,716,0.40606300000000001
2019-12-19 05:00:00+00:00,0.41999999999999998,0.41999999999999998,0.40000000000000002,0.40970000000000001,442759,537,0.40553699999999998
2019-12-20 05:00:00+00:00,0.40500000000000003,0.41020000000000001,0.39500000000000002,0.39500000000000002,710432,1153,0.40103899999999998
2019-12-23 05:00:00+00:00,0.40000000000000002,0.4098,0.38690000000000002,0.39979999999999999,1002818,1757,0.39396100000000001
2019-12-24 05:00:00+00:00,0.40000000000000002,0.41289999999999999,0.39500000000000002,0.40999999999999998,242768,844,0.40456399999999998
2019-12-26 05:00:00+00:00,0.41099999999999998,0.41599999999999998,0.40200000000000002,0.40839999999999999,189556,545,0.41074899999999998
2019-12-27 05:00:00+00:00,0.41199999999999998,0.41999999999999998,0.40389999999999998,0.41049999999999998,378426,1451,0.41331800000000002
2019-12-30 05:00:00+00:00,0.40999999999999998,0.42249999999999999,0.40999999999999998,0.41077200000000003,483246,1319,0.41505199999999998
2019-12-31 05:00:00+00:00,0.41610000000000003,0.42249999999999999,0.40480100000000002,0.41499999999999998,809578,2432,0.41139700000000001
2020-01-02 05:00:00+00:00,0.4113,0.41999999999999998,0.40649999999999997,0.4123,168257,338,0.41027599999999997
2020-01-03 05:00:00+00:00,0.40999999999999998,0.41739999999999999,0.40604899999999999,0.40920000000000001,163892,337,0.41084100000000001
2020-01-06 05:00:00+00:00,0.40400000000000003,0.40999999999999998,0.40400000000000003,0.40739999999999998,204928,493,0.407557
2020-01-07 05:00:00+00:00,0.40400000000000003,0.41539999999999999,0.40110000000000001,0.40110000000000001,239660,568,0.40956599999999999
2020-01-08 05:00:00+00:00,0.40000000000000002,0.4123,0.39600000000000002,0.41170000000000001,343912,647,0.40305000000000002
2020-01-09 05:00:00+00:00,0.3972,0.4143,0.3972,0.41160000000000002,376498,573,0.40734999999999999
2020-01-10 05:00:00+00:00,0.40670000000000001,0.4158,0.4052,0.41249999999999998,408918,724,0.41160600000000003
2020-01-13 05:00:00+00:00,0.40899999999999997,0.4173,0.4002,0.40210000000000001,182614,365,0.40754600000000002
2020-01-14 05:00:00+00:00,0.40000000000000002,0.40560000000000002,0.39710000000000001,0.3992,301320,605,0.39878400000000003
2020-01-15 05:00:00+00:00,0.40000000000000002,0.40649999999999997,0.39300000000000002,0.39300000000000002,494872,1296,0.399312
2020-01-16 05:00:00+00:00,0.40000000000000002,0.40079999999999999,0.39029999999999998,0.40000000000000002,166394,420,0.396119
2020-01-17 05:00:00+00:00,0.40000000000000002,0.40489999999999998,0.39029999999999998,0.39663700000000002,170231,345,0.396843
2020-01-21 05:00:00+00:00,0.39090000000000003,0.39600000000000002,0.3871,0.39600000000000002,469179,605,0.39122099999999999
2020-01-22 05:00:00+00:00,0.40000000000000002,0.40000000000000002,0.3871,0.39424300000000001,362227,511,0.39113100000000001
2020-01-23 05:00:00+00:00,0.39419999999999999,0.39500000000000002,0.38080000000000003,0.3896,335087,426,0.38703300000000002
2020-01-24 05:00:00+00:00,0.39000000000000001,0.39000000000000001,0.38100000000000001,0.38940000000000002,363042,803,0.38752599999999998
2020-01-27 05:00:00+00:00,0.39000000000000001,0.39510000000000001,0.37290000000000001,0.38790000000000002,949871,1633,0.38617200000000002
2020-01-28 05:00:00+00:00,0.3836,0.39500000000000002,0.36099999999999999,0.37630000000000002,1068539,2834,0.374836
2020-01-29 05:00:00+00:00,0.375,0.37830000000000003,0.34999999999999998,0.34999999999999998,995592,3526,0.36121399999999998
2020-01-30 05:00:00+00:00,0.35399999999999998,0.35489999999999999,0.33660000000000001,0.35160000000000002,1930380,3622,0.34432099999999999
2020-01-31 05:00:00+00:00,0.35389999999999999,0.35539999999999999,0.32100000000000001,0.34139999999999998,1238955,4102,0.340785
2020-02-03 05:00:00+00:00,0.3543,0.3649,0.34290999999999999,0.34899999999999998,590032,942,0.35111100000000001
2020-02-04 05:00:00+00:00,0.34999999999999998,0.36199999999999999,0.34370000000000001,0.3548,857664,1363,0.35526200000000002
2020-02-05 05:00:00+00:00,0.35999999999999999,0.38,0.35110000000000002,0.37559999999999999,1460318,2240,0.37065500000000001
2020-02-06 05:00:00+00:00,0.38,0.38,0.35580099999999998,0.36259999999999998,438008,1220,0.36468699999999998
2020-02-07 05:00:00+00:00,0.36459999999999998,0.3669,0.34999999999999998,0.36099999999999999,405490,867,0.35700399999999999
2020-02-10 05:00:00+00:00,0.36049999999999999,0.36099999999999999,0.34310000000000002,0.34739999999999999,714847,1820,0.35196
2020-02-11 05:00:00+00:00,0.34310000000000002,0.35999999999999999,0.3427,0.3569,512154,1109,0.35295799999999999
2020-02-12 05:00:00+00:00,0.34999999999999998,0.38479999999999998,0.34999999999999998,0.38,742687,1182,0.369589
2020-02-13 05:00:00+00:00,0.37,0.37490000000000001,0.36504700000000001,0.36940000000000001,258348,599,0.37045
2020-02-14 05:00:00+00:00,0.36940000000000001,0.38,0.35759999999999997,0.38,501041,599,0.36574600000000002
2020-02-18 05:00:00+00:00,0.38,0.3871,0.35730000000000001,0.36009999999999998,538283,1360,0.36646499999999999
2020-02-19 05:00:00+00:00,0.39000000000000001,0.39000000000000001,0.35999999999999999,0.378,451590,1342,0.373917
2020-02-20 05:00:00+00:00,0.37409999999999999,0.39000000000000001,0.37,0.38669999999999999,1068505,1521,0.38208900000000001
2020-02-21 05:00:00+00:00,0.37,0.38950000000000001,0.37,0.38,515989,857,0.379388
2020-02-24 05:00:00+00:00,0.38,0.38900000000000001,0.36009999999999998,0.37,514085,922,0.370504
2020-02-25 05:00:00+00:00,0.36870000000000003,0.37,0.34760000000000002,0.34999999999999998,351918,862,0.35556199999999999
2020-02-26 05:00:00+00:00,0.34000000000000002,0.3574,0.3301,0.35310000000000002,1328675,3687,0.34238200000000002
2020-02-27 05:00:00+00:00,0.34999999999999998,0.34999999999999998,0.32029999999999997,0.32919999999999999,1629363,3398,0.334866
2020-02-28 05:00:00+00:00,0.33000000000000002,0.37,0.31,0.36170000000000002,1933735,5411,0.33132800000000001
2020-03-02 05:00:00+00:00,0.38,0.38,0.34770000000000001,0.35149999999999998,523269,565,0.36139199999999999
2020-03-03 05:00:00+00:00,0.36170000000000002,0.37,0.32040000000000002,0.34539999999999998,444212,822,0.35060599999999997
2020-03-04 05:00:00+00:00,0.35680000000000001,0.35770000000000002,0.34000000000000002,0.34699999999999998,377495,851,0.34567799999999999
2020-03-05 05:00:00+00:00,0.35510000000000003,0.35510000000000003,0.33410000000000001,0.34350000000000003,385856,707,0.33780500000000002
2020-03-06 05:00:00+00:00,0.33000000000000002,0.34250000000000003,0.32000000000000001,0.3367,772120,1168,0.32985500000000001
2020-03-09 04:00:00+00:00,0.32000000000000001,0.32979999999999998,0.28999999999999998,0.29699999999999999,1006872,1093,0.31075599999999998
2020-03-10 04:00:00+00:00,0.38,0.38,0.28460000000000002,0.29999999999999999,678075,1214,0.30489300000000003
2020-03-11 04:00:00+00:00,0.29999999999999999,0.29999999999999999,0.26100000000000001,0.28100000000000003,787170,1067,0.27729300000000001
2020-03-12 04:00:00+00:00,0.20999999999999999,0.25,0.20280000000000001,0.23999999999999999,1406292,1063,0.22994600000000001
2020-03-13 04:00:00+00:00,0.23100000000000001,0.26090000000000002,0.23100000000000001,0.25209999999999999,1169250,1958,0.243982
2020-03-16 04:00:00+00:00,0.2311,0.25,0.19120000000000001,0.22,1003354,1582,0.21282699999999999
2020-03-17 04:00:00+00:00,0.23999999999999999,0.23999999999999999,0.19500000000000001,0.23100000000000001,861730,1476,0.21885199999999999
2020-03-18 04:00:00+00:00,0.22,0.22320000000000001,0.20000000000000001,0.20000000000000001,727240,1043,0.20856
2020-03-19 04:00:00+00:00,0.19,0.222,0.19,0.21529999999999999,593964,1007,0.209372
2020-03-20 04:00:00+00:00,0.20999999999999999,0.22,0.20999999999999999,0.218,1154596,1895,0.216168
2020-03-23 04:00:00+00:00,0.20999999999999999,0.22289999999999999,0.2026,0.22,710693,552,0.21559400000000001
2020-03-24 04:00:00+00:00,0.21099999999999999,0.24399999999999999,0.21099999999999999,0.24299999999999999,1207850,1572,0.226078
2020-03-25 04:00:00+00:00,0.23300000000000001,0.26650000000000001,0.216,0.255,996218,1320,0.24473200000000001
2020-03-26 04:00:00+00:00,0.23000000000000001,0.2349,0.2082,0.22009999999999999,2667558,4108,0.22239
2020-03-27 04:00:00+00:00,0.22,0.22,0.20200000000000001,0.2074,946787,2521,0.21074799999999999
2020-03-30 04:00:00+00:00,0.21679999999999999,0.2238,0.20000000000000001,0.2238,1056933,1537,0.20952999999999999
2020-03-31 04:00:00+00:00,0.221,0.26000000000000001,0.21584900000000001,0.253,1128355,1582,0.23980399999999999
2020-04-01 04:00:00+00:00,0.23999999999999999,0.31969999999999998,0.23000000000000001,0.2676,3393435,3666,0.28760599999999997
2020-04-02 04:00:00+00:00,0.27989999999999998,0.29899999999999999,0.2712,0.28299999999999997,568913,1336,0.28548200000000001
2020-04-03 04:00:00+00:00,0.29399999999999998,0.34000000000000002,0.27379999999999999,0.28000000000000003,765261,1298,0.29868899999999998
2020-04-06 04:00:00+00:00,0.31900000000000001,0.31900000000000001,0.28299999999999997,0.29499999999999998,800040,1036,0.29472900000000002
2020-04-07 04:00:00+00:00,0.32040000000000002,0.32040000000000002,0.29999999999999999,0.307,1407305,1222,0.30942199999999997
2020-04-08 04:00:00+00:00,0.31,0.32000000000000001,0.29999999999999999,0.30740000000000001,821004,1417,0.30892500000000001
2020-04-09 04:00:00+00:00,0.31,0.31509999999999999,0.27860000000000001,0.29409999999999997,906047,1761,0.30046600000000001
2020-04-13 04:00:00+00:00,0.29999999999999999,0.3019,0.27000000000000002,0.28999999999999998,903689,881,0.285688
2020-04-14 04:00:00+00:00,0.29999999999999999,0.311,0.28999999999999998,0.308,1343946,1690,0.30160500000000001
2020-04-15 04:00:00+00:00,0.32379999999999998,0.33000000000000002,0.28870000000000001,0.29099999999999998,2137356,2306,0.29846400000000001
2020-04-16 04:00:00+00:00,0.29999999999999999,0.37,0.29999999999999999,0.37,3553122,4868,0.34720099999999998
2020-04-17 04:00:00+00:00,0.36199999999999999,0.37119999999999997,0.3468,0.37,1605916,1683,0.36262499999999998
2020-04-20 04:00:00+00:00,0.36990000000000001,0.438,0.36270000000000002,0.41460000000000002,2296176,2570,0.40560499999999999
2020-04-21 04:00:00+00:00,0.42999999999999999,0.42999999999999999,0.38100000000000001,0.39500000000000002,1648012,2015,0.39921099999999998
2020-04-22 04:00:00+00:00,0.40200000000000002,0.42530000000000001,0.39300000000000002,0.42530000000000001,1104313,1549,0.40202199999999999
2020-04-23 04:00:00+00:00,0.43020000000000003,0.44940000000000002,0.41789999999999999,0.44369999999999998,2710049,2806,0.43849399999999999
2020-04-24 04:00:00+00:00,0.45000000000000001,0.47499999999999998,0.44519999999999998,0.4647,1835931,3329,0.45956999999999998
2020-04-27 04:00:00+00:00,0.48999999999999999,0.48999999999999999,0.45290000000000002,0.48880000000000001,1775723,3582,0.47692299999999999
2020-04-28 04:00:00+00:00,0.48299999999999998,0.48299999999999998,0.42999999999999999,0.44879999999999998,1933328,2069,0.45672299999999999
2020-04-29 04:00:00+00:00,0.45789999999999997,0.45989999999999998,0.41470000000000001,0.43169999999999997,1220750,1808,0.43725799999999998
2020-04-30 04:00:00+00:00,0.43340000000000001,0.44,0.4148,0.42849999999999999,369236,693,0.426232
2020-05-01 04:00:00+00:00,0.42999999999999999,0.45000000000000001,0.40000000000000002,0.43990000000000001,1745428,4406,0.42350599999999999
2020-05-04 04:00:00+00:00,0.42999999999999999,0.46179999999999999,0.41499999999999998,0.45000000000000001,902636,982,0.438917
2020-05-05 04:00:00+00:00,0.47999999999999998,0.47999999999999998,0.441,0.45519999999999999,631633,907,0.45461400000000002
2020-05-06 04:00:00+00:00,0.44979999999999998,0.45000000000000001,0.41671000000000002,0.42649999999999999,670682,953,0.43053900000000001
2020-05-07 04:00:00+00:00,0.43890000000000001,0.43890000000000001,0.40200000000000002,0.41270000000000001,584978,863,0.41440500000000002
2020-05-08 04:00:00+00:00,0.4108,0.43149999999999999,0.4108,0.42880000000000001,544949,834,0.42554599999999998
2020-05-11 04:00:00+00:00,0.43980000000000002,0.44400000000000001,0.42030000000000001,0.44240000000000002,737698,1200,0.436255
2020-05-12 04:00:00+00:00,0.42999999999999999,0.45000000000000001,0.42580000000000001,0.44319999999999998,559570,956,0.43714599999999998
2020-05-13 04:00:00+00:00,0.42499999999999999,0.44500000000000001,0.38,0.43290000000000001,2167967,4269,0.41316599999999998
2020-05-14 04:00:00+00:00,0.40200000000000002,0.41999999999999998,0.39379999999999998,0.40600000000000003,836658,1682,0.40377999999999997
2020-05-15 04:00:00+00:00,0.40510000000000002,0.42870000000000003,0.39000000000000001,0.40989999999999999,614862,924,0.414572
2020-05-18 04:00:00+00:00,0.42999999999999999,0.435,0.40999999999999998,0.42209999999999998,254924,898,0.41578199999999998
2020-05-19 04:00:00+00:00,0.42999999999999999,0.434,0.40200000000000002,0.40999999999999998,745125,1168,0.41403800000000002
2020-05-20 04:00:00+00:00,0.40749999999999997,0.432,0.40749999999999997,0.41410000000000002,467384,1420,0.41661300000000001
2020-05-21 04:00:00+00:00,0.42099999999999999,0.42099999999999999,0.40000000000000002,0.4098,294770,647,0.40540300000000001
2020-05-22 04:00:00+00:00,0.41999999999999998,0.41999999999999998,0.39000000000000001,0.40100000000000002,461460,688,0.39611400000000002
2020-05-26 04:00:00+00:00,0.39040000000000002,0.40849999999999997,0.39000000000000001,0.40660000000000002,301206,535,0.40317500000000001
2020-05-27 04:00:00+00:00,0.40999999999999998,0.42999999999999999,0.39839999999999998,0.4294,570700,964,0.417215
2020-05-28 04:00:00+00:00,0.4118,0.435,0.41010999999999997,0.4214,585819,982,0.42652099999999998
2020-05-29 04:00:00+00:00,0.41389999999999999,0.4239,0.40999999999999998,0.41830000000000001,264789,306,0.41479199999999999
2020-06-01 04:00:00+00:00,0.4199,0.42499999999999999,0.40510000000000002,0.40999999999999998,449362,751,0.41475200000000001
2020-06-02 04:00:00+00:00,0.41959999999999997,0.42249999999999999,0.40600000000000003,0.40600000000000003,259474,854,0.41642400000000002
2020-06-03 04:00:00+00:00,0.40600000000000003,0.4199,0.40200000000000002,0.40760000000000002,268552,499,0.40712199999999998
2020-06-04 04:00:00+00:00,0.40999999999999998,0.42499999999999999,0.40010000000000001,0.42499999999999999,566409,735,0.41153699999999999
2020-06-05 04:00:00+00:00,0.4279,0.42999999999999999,0.38550000000000001,0.3957,1387059,2739,0.404501
2020-06-08 04:00:00+00:00,0.41999999999999998,0.41999999999999998,0.3821,0.39629999999999999,1515445,2032,0.39107199999999998
2020-06-09 04:00:00+00:00,0.40000000000000002,0.41610000000000003,0.35499999999999998,0.37280000000000002,1581466,2446,0.37598100000000001
2020-06-10 04:00:00+00:00,0.38,0.38,0.33000000000000002,0.35510000000000003,2728914,2361,0.352302
2020-06-11 04:00:00+00:00,0.34999999999999998,0.35560000000000003,0.3211,0.32290000000000002,1436638,1340,0.33244400000000002
2020-06-12 04:00:00+00:00,0.35999999999999999,0.35999999999999999,0.33050000000000002,0.3412,953249,1072,0.34362500000000001
2020-06-15 04:00:00+00:00,0.34999999999999998,0.3695,0.34289999999999998,0.3669,567793,956,0.35510999999999998
2020-06-16 04:00:00+00:00,0.3705,0.3705,0.34891699999999998,0.35120000000000001,726706,885,0.35782799999999998
2020-06-17 04:00:00+00:00,0.35999999999999999,0.35999999999999999,0.33100000000000002,0.35599999999999998,925744,1602,0.34304800000000002
2020-06-18 04:00:00+00:00,0.36499999999999999,0.36499999999999999,0.34000000000000002,0.34999999999999998,422585,669,0.346968
2020-06-19 04:00:00+00:00,0.35999999999999999,0.35999999999999999,0.33629999999999999,0.34379999999999999,286661,424,0.345387
2020-06-22 04:00:00+00:00,0.34899999999999998,0.34999999999999998,0.34000000000000002,0.34649999999999997,357233,1235,0.345746
2020-06-23 04:00:00+00:00,0.34339999999999998,0.36220000000000002,0.34150000000000003,0.35499999999999998,445288,789,0.35111199999999998
2020-06-24 04:00:00+00:00,0.35499999999999998,0.35499999999999998,0.32500000000000001,0.33000000000000002,729432,1632,0.33288800000000002
2020-06-25 04:00:00+00:00,0.33139999999999997,0.34000000000000002,0.32750000000000001,0.34000000000000002,263659,603,0.33580300000000002
2020-06-26 04:00:00+00:00,0.33000000000000002,0.34350000000000003,0.3271,0.32890000000000003,236481,376,0.332009
2020-06-29 04:00:00+00:00,0.34160000000000001,0.35489999999999999,0.3266,0.33789999999999998,456262,1061,0.339866
2020-06-30 04:00:00+00:00,0.34599999999999997,0.35599999999999998,0.33339999999999997,0.33639999999999998,1765909,5060,0.34197
2020-07-01 04:00:00+00:00,0.34499999999999997,0.37480000000000002,0.34425899999999998,0.35849999999999999,505280,957,0.35822599999999999
2020-07-02 04:00:00+00:00,0.37,0.37880000000000003,0.34789999999999999,0.35010000000000002,614500,621,0.35491499999999998
2020-07-06 04:00:00+00:00,0.35999999999999999,0.37530000000000002,0.35999999999999999,0.3725,555275,587,0.36974699999999999
2020-07-07 04:00:00+00:00,0.378,0.378,0.37,0.37530000000000002,387087,577,0.37447999999999998
2020-07-08 04:00:00+00:00,0.36530000000000001,0.39100000000000001,0.36530000000000001,0.38423800000000002,378494,464,0.38140299999999999
2020-07-09 04:00:00+00:00,0.38059999999999999,0.39200000000000002,0.37390000000000001,0.375,685370,910,0.382691
2020-07-10 04:00:00+00:00,0.39000000000000001,0.39000000000000001,0.35999999999999999,0.36580000000000001,795986,1529,0.36768299999999998
2020-07-13 04:00:00+00:00,0.36580000000000001,0.37,0.34999999999999998,0.35809999999999997,547557,901,0.36135
2020-07-14 04:00:00+00:00,0.36009999999999998,0.36409999999999998,0.34310000000000002,0.34899999999999998,539996,539,0.34980899999999998
2020-07-15 04:00:00+00:00,0.35999999999999999,0.3755,0.34999999999999998,0.37,524361,1802,0.36198000000000002
2020-07-16 04:00:00+00:00,0.37,0.38700000000000001,0.36120000000000002,0.37619999999999998,670419,2348,0.375197
2020-07-17 04:00:00+00:00,0.38519999999999999,0.40000000000000002,0.36820000000000003,0.39650000000000002,1270795,2674,0.385349
2020-07-20 04:00:00+00:00,0.40000000000000002,0.42630000000000001,0.40000000000000002,0.42220000000000002,1592634,2782,0.417574
2020-07-21 04:00:00+00:00,0.41199999999999998,0.45000000000000001,0.41099999999999998,0.44590000000000002,2385509,2360,0.43624299999999999
2020-07-22 04:00:00+00:00,0.45000000000000001,0.46439999999999998,0.42999999999999999,0.45000000000000001,1816718,2805,0.44887100000000002
2020-07-23 04:00:00+00:00,0.46000000000000002,0.47349999999999998,0.45300000000000001,0.46250000000000002,1298496,2295,0.46413599999999999
2020-07-24 04:00:00+00:00,0.46999999999999997,0.47470000000000001,0.44619999999999999,0.45269999999999999,643226,1088,0.45731899999999998
2020-07-27 04:00:00+00:00,0.46999999999999997,0.47999999999999998,0.45000000000000001,0.47949999999999998,1067459,1439,0.46645900000000001
2020-07-28 04:00:00+00:00,0.48999999999999999,0.496,0.46000000000000002,0.46999999999999997,1163363,1410,0.48197400000000001
2020-07-29 04:00:00+00:00,0.46999999999999997,0.46999999999999997,0.39989999999999998,0.43480000000000002,1544112,1940,0.42673800000000001
2020-07-30 04:00:00+00:00,0.46000000000000002,0.47539999999999999,0.40350000000000003,0.4239,1326293,2138,0.42115900000000001
2020-07-31 04:00:00+00:00,0.4239,0.47999999999999998,0.41670000000000001,0.46989999999999998,1989802,6893,0.451679
2020-08-03 04:00:00+00:00,0.47999999999999998,0.52000000000000002,0.47989999999999999,0.5151,1785844,2397,0.50393699999999997
2020-08-04 04:00:00+00:00,0.51970000000000005,0.52000000000000002,0.47010000000000002,0.49619999999999997,1761702,3261,0.494365
2020-08-05 04:00:00+00:00,0.51000000000000001,0.51000000000000001,0.47999999999999998,0.4924,1350618,2182,0.49754100000000001
2020-08-06 04:00:00+00:00,0.51000000000000001,0.51000000000000001,0.46999999999999997,0.48999999999999999,771378,1698,0.48515399999999997
2020-08-07 04:00:00+00:00,0.4899,0.495,0.46999999999999997,0.495,861920,754,0.48855599999999999
2020-08-10 04:00:00+00:00,0.499,0.51000000000000001,0.48099999999999998,0.48720000000000002,602491,895,0.493315
2020-08-11 04:00:00+00:00,0.47999999999999998,0.48849900000000002,0.46000000000000002,0.47539999999999999,653293,1477,0.47566999999999998
2020-08-12 04:00:00+00:00,0.47999999999999998,0.48399999999999999,0.46210000000000001,0.47739999999999999,606681,1205,0.47053
2020-08-13 04:00:00+00:00,0.46889999999999998,0.47739999999999999,0.46000000000000002,0.4743,410993,971,0.46727600000000002
2020-08-14 04:00:00+00:00,0.4748,0.48430000000000001,0.46150000000000002,0.48139999999999999,401596,952,0.47236899999999998
2020-08-17 04:00:00+00:00,0.50539999999999996,0.50539999999999996,0.47510000000000002,0.48599999999999999,477731,1064,0.48493999999999998
2020-08-18 04:00:00+00:00,0.48999999999999999,0.5,0.46289999999999998,0.4793,482128,1020,0.47845500000000002
2020-08-19 04:00:00+00:00,0.47499999999999998,0.48409999999999997,0.46500000000000002,0.48409999999999997,564751,724,0.47506100000000001
2020-08-20 04:00:00+00:00,0.48609999999999998,0.49409999999999998,0.47299999999999998,0.49330000000000002,457315,737,0.48707600000000001
2020-08-21 04:00:00+00:00,0.49299999999999999,0.5,0.47199999999999998,0.498,535959,1140,0.47858699999999998
2020-08-24 04:00:00+00:00,0.498,0.498,0.46800000000000003,0.48060000000000003,510066,881,0.47632600000000003
2020-08-25 04:00:00+00:00,0.46500000000000002,0.49930000000000002,0.46500000000000002,0.49809999999999999,860722,1989,0.480045
2020-08-26 04:00:00+00:00,0.48999999999999999,0.51800000000000002,0.48820000000000002,0.51500000000000001,935216,914,0.50642200000000004
2020-08-27 04:00:00+00:00,0.52000000000000002,0.53500000000000003,0.5101,0.52000000000000002,928707,1233,0.52554599999999996
2020-08-28 04:00:00+00:00,0.52000000000000002,0.53779999999999994,0.51990000000000003,0.52900000000000003,754020,1130,0.53069999999999995
2020-08-31 04:00:00+00:00,0.53800000000000003,0.54000000000000004,0.52100000000000002,0.53800000000000003,1067129,2931,0.53343600000000002
2020-09-01 04:00:00+00:00,0.53800000000000003,0.56479999999999997,0.52000000000000002,0.56059999999999999,1051020,1387,0.54151000000000005
2020-09-02 04:00:00+00:00,0.5655,0.5766,0.55059999999999998,0.55400000000000005,1268547,2478,0.56887299999999996
2020-09-03 04:00:00+00:00,0.55000000000000004,0.57199999999999995,0.50409999999999999,0.50939999999999996,1643742,2247,0.54127199999999998
2020-09-04 04:00:00+00:00,0.52000000000000002,0.52490000000000003,0.46000000000000002,0.48080000000000001,1473929,2479,0.48335299999999998
2020-09-08 04:00:00+00:00,0.46999999999999997,0.47399999999999998,0.45229999999999998,0.46000000000000002,1197114,2291,0.46032200000000001
2020-09-09 04:00:00+00:00,0.4617,0.47820000000000001,0.45500000000000002,0.47070000000000001,590873,1619,0.46311099999999999
2020-09-10 04:00:00+00:00,0.48499999999999999,0.49120000000000003,0.46110000000000001,0.46760000000000002,784068,1215,0.47291100000000003
2020-09-11 04:00:00+00:00,0.46999999999999997,0.47939999999999999,0.44500000000000001,0.45222699999999999,845796,1049,0.45650200000000002
2020-09-14 04:00:00+00:00,0.44500000000000001,0.4849,0.44500000000000001,0.48280000000000001,534202,1101,0.47212100000000001
2020-09-15 04:00:00+00:00,0.47999999999999998,0.49990000000000001,0.46000000000000002,0.46700000000000003,1036027,1446,0.47909499999999999
2020-09-16 04:00:00+00:00,0.46999999999999997,0.47649999999999998,0.44519999999999998,0.45400000000000001,1077670,1739,0.456513
2020-09-17 04:00:00+00:00,0.46000000000000002,0.47039999999999998,0.441,0.45129999999999998,454426,722,0.45354299999999997
2020-09-18 04:00:00+00:00,0.45100000000000001,0.45599899999999999,0.42509999999999998,0.43409999999999999,988762,1720,0.43827500000000003
2020-09-21 04:00:00+00:00,0.43109999999999998,0.434,0.40250000000000002,0.41520000000000001,1207312,1745,0.41411500000000001
2020-09-22 04:00:00+00:00,0.41999999999999998,0.4249,0.40999999999999998,0.40999999999999998,727119,1170,0.41347299999999998
2020-09-23 04:00:00+00:00,0.42299999999999999,0.42299999999999999,0.38119999999999998,0.41949999999999998,1341596,2108,0.394841
2020-09-24 04:00:00+00:00,0.41999999999999998,0.41999999999999998,0.39710000000000001,0.41260000000000002,1368880,2266,0.40689599999999998
2020-09-25 04:00:00+00:00,0.41099999999999998,0.41920000000000002,0.3952,0.41839999999999999,798374,2111,0.40595999999999999
2020-09-28 04:00:00+00:00,0.41999999999999998,0.43440000000000001,0.40679999999999999,0.4219,1214413,3603,0.41991400000000001
2020-09-29 04:00:00+00:00,0.42359999999999998,0.42699999999999999,0.40799999999999997,0.40799999999999997,1301701,3557,0.41282099999999999
2020-09-30 04:00:00+00:00,0.40999999999999998,0.42270000000000002,0.38669999999999999,0.40660000000000002,1969369,3998,0.40350000000000003
2020-10-01 04:00:00+00:00,0.42599999999999999,0.42599999999999999,0.40000000000000002,0.40010000000000001,657522,922,0.40871299999999999
2020-10-02 04:00:00+00:00,0.40000000000000002,0.41370000000000001,0.3911,0.40589999999999998,763130,1689,0.39714899999999997
2020-10-05 04:00:00+00:00,0.41999999999999998,0.42449999999999999,0.40210000000000001,0.42220000000000002,670265,919,0.41318899999999997
2020-10-06 04:00:00+00:00,0.42999999999999999,0.42999999999999999,0.40999999999999998,0.42020000000000002,1158072,1600,0.41937600000000003
2020-10-07 04:00:00+00:00,0.41980000000000001,0.52990000000000004,0.40999999999999998,0.4572,18138404,18394,0.46660499999999999
2020-10-08 04:00:00+00:00,0.38,0.39000000000000001,0.35999999999999999,0.37009999999999998,14619350,18063,0.37346600000000002
2020-10-09 04:00:00+00:00,0.37009999999999998,0.37709999999999999,0.35999999999999999,0.36030000000000001,4421810,7268,0.36805900000000003
2020-10-12 04:00:00+00:00,0.35510000000000003,0.35949999999999999,0.34499999999999997,0.35310000000000002,2731437,4404,0.35014600000000001
2020-10-13 04:00:00+00:00,0.34999999999999998,0.3589,0.34110000000000001,0.3483,4061026,5747,0.34769699999999998
2020-10-14 04:00:00+00:00,0.34250000000000003,0.34399999999999997,0.33560000000000001,0.34300000000000003,4130134,5607,0.34050999999999998
2020-10-15 04:00:00+00:00,0.34699999999999998,0.34999999999999998,0.33600000000000002,0.34000000000000002,3438595,6187,0.34173500000000001
2020-10-16 04:00:00+00:00,0.34110000000000001,0.34910000000000002,0.33179999999999998,0.34910000000000002,3330519,3687,0.34038200000000002
2020-10-19 04:00:00+00:00,0.34789999999999999,0.35439999999999999,0.34050999999999998,0.34860000000000002,1781387,3438,0.35093999999999997
2020-10-20 04:00:00+00:00,0.34810000000000002,0.35699999999999998,0.34499999999999997,0.35410000000000003,2042460,3192,0.35199200000000003
2020-10-21 04:00:00+00:00,0.34999999999999998,0.35699999999999998,0.3427,0.34849999999999998,4058985,5214,0.34718500000000002
2020-10-22 04:00:00+00:00,0.34960000000000002,0.35470000000000002,0.34200000000000003,0.34720000000000001,2032353,3106,0.348555
2020-10-23 04:00:00+00:00,0.34970000000000001,0.34970000000000001,0.33000000000000002,0.33129999999999998,1742698,3131,0.335843
2020-10-26 04:00:00+00:00,0.33200000000000002,0.33539999999999998,0.312,0.31290000000000001,2025524,4215,0.31903999999999999
2020-10-27 04:00:00+00:00,0.32000000000000001,0.33479399999999998,0.32000000000000001,0.32640000000000002,1089455,2324,0.32554699999999998
2020-10-28 04:00:00+00:00,0.33150000000000002,0.33150000000000002,0.30199999999999999,0.315,978503,1625,0.31448100000000001
2020-10-29 04:00:00+00:00,0.316,0.32940000000000003,0.31030000000000002,0.32300000000000001,593982,938,0.32152199999999997
2020-10-30 04:00:00+00:00,0.32269999999999999,0.35699999999999998,0.311,0.35460000000000003,1543713,2761,0.32558100000000001
2020-11-02 05:00:00+00:00,0.34000000000000002,0.34989999999999999,0.33500000000000002,0.33900000000000002,580796,1242,0.33972200000000002
2020-11-03 05:00:00+00:00,0.34000000000000002,0.34100000000000003,0.32769999999999999,0.34000000000000002,453514,730,0.33726299999999998
2020-11-04 05:00:00+00:00,0.34499999999999997,0.3468,0.33079999999999998,0.33579999999999999,779623,853,0.33968599999999999
2020-11-05 05:00:00+00:00,0.33400000000000002,0.34939999999999999,0.33000000000000002,0.34749999999999998,920307,1411,0.34026200000000001
2020-11-06 05:00:00+00:00,0.34999999999999998,0.35449999999999998,0.34000000000000002,0.34510000000000002,744184,1029,0.34981299999999999
2020-11-09 05:00:00+00:00,0.34999999999999998,0.35970000000000002,0.34310000000000002,0.34589999999999999,997918,2204,0.35211900000000002
2020-11-10 05:00:00+00:00,0.34999999999999998,0.376,0.34699999999999998,0.3725,1414394,1608,0.363375
2020-11-11 05:00:00+00:00,0.375,0.37990000000000002,0.36120000000000002,0.37009999999999998,1086030,1696,0.36939100000000002
2020-11-12 05:00:00+00:00,0.37380000000000002,0.37380000000000002,0.35210000000000002,0.35210000000000002,1075303,1848,0.36096499999999998
2020-11-13 05:00:00+00:00,0.36980000000000002,0.36980000000000002,0.35239999999999999,0.3528,653019,1599,0.35762300000000002
2020-11-16 05:00:00+00:00,0.34999999999999998,0.3679,0.34999999999999998,0.35210000000000002,938778,2958,0.35662700000000003
2020-11-17 05:00:00+00:00,0.38,0.38,0.3397,0.34000000000000002,1436359,2043,0.35050599999999998
2020-11-18 05:00:00+00:00,0.34029999999999999,0.35799999999999998,0.34000000000000002,0.3473,1315639,3110,0.35118500000000002
2020-11-19 05:00:00+00:00,0.35899999999999999,0.35899999999999999,0.34000000000000002,0.34000000000000002,808935,1579,0.344107
2020-11-20 05:00:00+00:00,0.34000000000000002,0.34889999999999999,0.33560000000000001,0.34499999999999997,828342,1792,0.34364400000000001
2020-11-23 05:00:00+00:00,0.34999999999999998,0.35099999999999998,0.33800000000000002,0.34320000000000001,1190005,1765,0.34747800000000001
2020-11-24 05:00:00+00:00,0.34999999999999998,0.36849999999999999,0.34100000000000003,0.35759999999999997,4576732,3396,0.35704900000000001
2020-11-25 05:00:00+00:00,0.36499999999999999,0.39300000000000002,0.35399999999999998,0.39200000000000002,3695086,4887,0.378826
2020-11-27 05:00:00+00:00,0.39300000000000002,0.39300000000000002,0.36809999999999998,0.374,1365606,1825,0.37820599999999999
2020-11-30 05:00:00+00:00,0.39660000000000001,0.39660000000000001,0.35580099999999998,0.37740000000000001,1485784,2708,0.36998700000000001
2020-12-01 05:00:00+00:00,0.37,0.38829900000000001,0.36499999999999999,0.375,2005800,3507,0.37179499999999999
2020-12-02 05:00:00+00:00,0.37340000000000001,0.40999999999999998,0.36599999999999999,0.40999999999999998,2955786,4058,0.39378099999999999
2020-12-03 05:00:00+00:00,0.41399999999999998,0.41999999999999998,0.39610000000000001,0.40039999999999998,1489280,2632,0.40862700000000002
2020-12-04 05:00:00+00:00,0.40500000000000003,0.4627,0.39800000000000002,0.45860000000000001,3302281,4919,0.43823099999999998
2020-12-07 05:00:00+00:00,0.5,0.54190000000000005,0.47999999999999998,0.52200000000000002,9329275,13478,0.51677099999999998
2020-12-08 05:00:00+00:00,0.55200000000000005,0.56499900000000003,0.48899999999999999,0.51000000000000001,6189802,9089,0.51377399999999995
2020-12-09 05:00:00+00:00,0.52000000000000002,0.52490000000000003,0.47399999999999998,0.49859999999999999,2785997,4503,0.49425799999999998
2020-12-10 05:00:00+00:00,0.51000000000000001,0.56899999999999995,0.51000000000000001,0.53369999999999995,3607045,4448,0.53724099999999997
2020-12-11 05:00:00+00:00,0.54100000000000004,0.56989999999999996,0.52000000000000002,0.56659999999999999,2823364,3691,0.54341099999999998
2020-12-14 05:00:00+00:00,0.59999999999999998,0.62949999999999995,0.56110000000000004,0.57999999999999996,6667349,9059,0.60197299999999998
2020-12-15 05:00:00+00:00,0.62,0.62,0.56499999999999995,0.60809999999999997,3252578,5603,0.59281600000000001
2020-12-16 05:00:00+00:00,0.60999999999999999,0.61209999999999998,0.58009999999999995,0.59499999999999997,2713135,4577,0.59655100000000005
2020-12-17 05:00:00+00:00,0.59999999999999998,0.59999999999999998,0.5635,0.58199999999999996,2635318,3163,0.58212900000000001
2020-12-18 05:00:00+00:00,0.56999999999999995,0.59530000000000005,0.56279999999999997,0.5948,2445444,3476,0.57515300000000003
2020-12-21 05:00:00+00:00,0.57999999999999996,0.59499999999999997,0.55700000000000005,0.58889999999999998,3002853,5678,0.57633199999999996
2020-12-22 05:00:00+00:00,0.6099,0.60999999999999999,0.56999999999999995,0.58879999999999999,1878790,4244,0.58645199999999997
2020-12-23 05:00:00+00:00,0.59999999999999998,0.63919999999999999,0.59009999999999996,0.62080000000000002,5184642,7020,0.61821000000000004
2020-12-24 05:00:00+00:00,0.63,0.64000000000000001,0.59099999999999997,0.62450000000000006,1912149,2571,0.61280900000000005
2020-12-28 05:00:00+00:00,0.65000000000000002,0.74890000000000001,0.63009999999999999,0.71930000000000005,5737789,10292,0.70913700000000002
2020-12-29 05:00:00+00:00,0.69999999999999996,0.71999999999999997,0.66000000000000003,0.69999999999999996,4632430,7992,0.68751700000000004
2020-12-30 05:00:00+00:00,0.71999999999999997,0.76500000000000001,0.70000099999999998,0.70999999999999996,3870744,6123,0.73469200000000001
2020-12-31 05:00:00+00:00,0.72999999999999998,0.73209900000000006,0.64700000000000002,0.64700000000000002,3425622,6752,0.67726200000000003
2021-01-04 05:00:00+00:00,0.68999999999999995,0.71909999999999996,0.65500000000000003,0.67010000000000003,2960300,5543,0.68281099999999995
2021-01-05 05:00:00+00:00,0.69999999999999996,0.76490000000000002,0.67201,0.76219999999999999,4899789,10463,0.73352300000000004
2021-01-06 05:00:00+00:00,0.77000000000000002,0.77000000000000002,0.71999999999999997,0.74399999999999999,3506643,6314,0.75501700000000005
2021-01-07 05:00:00+00:00,0.78000000000000003,0.8236,0.75390000000000001,0.81210000000000004,4598887,7176,0.79914499999999999
2021-01-08 05:00:00+00:00,0.8155,0.82999999999999996,0.76000000000000001,0.78580000000000005,5196994,9151,0.78600400000000004
2021-01-11 05:00:00+00:00,0.77000000000000002,0.78000000000000003,0.71509999999999996,0.77049999999999996,3171596,5826,0.75227500000000003
2021-01-12 05:00:00+00:00,0.80000000000000004,0.80000000000000004,0.7248,0.75209999999999999,2777249,4805,0.755525
2021-01-13 05:00:00+00:00,0.75,0.75719999999999998,0.71850000000000003,0.74309999999999998,2572130,4527,0.73858699999999999
2021-01-14 05:00:00+00:00,0.77300000000000002,0.81989999999999996,0.76000000000000001,0.80310000000000004,5363241,9725,0.79406900000000002
2021-01-15 05:00:00+00:00,0.81999999999999995,0.82999999999999996,0.75629999999999997,0.77700000000000002,3944362,9299,0.78090400000000004
2021-01-19 05:00:00+00:00,0.77580000000000005,0.77580000000000005,0.72299999999999998,0.75329999999999997,4090794,6169,0.74209800000000004
2021-01-20 05:00:00+00:00,0.75,0.755,0.70150000000000001,0.73199999999999998,3220798,5050,0.729383
2021-01-21 05:00:00+00:00,0.73499999999999999,0.75,0.68149999999999999,0.72270000000000001,3743310,6359,0.70559099999999997
2021-01-22 05:00:00+00:00,0.70009999999999994,0.70899999999999996,0.68510000000000004,0.69699999999999995,2374239,4834,0.69347899999999996
2021-01-25 05:00:00+00:00,0.70709999999999995,0.71999999999999997,0.65000000000000002,0.68000000000000005,3622459,7176,0.67809799999999998
2021-01-26 05:00:00+00:00,0.67000000000000004,0.71989999999999998,0.66120000000000001,0.69020000000000004,4431181,7035,0.683971
2021-01-27 05:00:00+00:00,0.66200000000000003,0.66800000000000004,0.622,0.63859999999999995,4276276,8142,0.64751899999999996
2021-01-28 05:00:00+00:00,0.68999999999999995,0.69999999999999996,0.628,0.66000000000000003,6822150,11411,0.65299499999999999
2021-01-29 05:00:00+00:00,0.67400000000000004,0.69999999999999996,0.64029999999999998,0.65810000000000002,5179586,11333,0.67372100000000001
2021-02-01 05:00:00+00:00,0.68999999999999995,0.79990000000000006,0.66120000000000001,0.74439999999999995,16413181,23028,0.74336199999999997
2021-02-02 05:00:00+00:00,0.74770000000000003,0.7591,0.69059999999999999,0.73450000000000004,5503032,11708,0.71981399999999995
2021-02-03 05:00:00+00:00,0.72850000000000004,0.75999899999999998,0.71999999999999997,0.73499999999999999,3815825,6737,0.73879399999999995
2021-02-04 05:00:00+00:00,0.76000000000000001,0.76070000000000004,0.72109999999999996,0.75,3445506,6143,0.74216599999999999
2021-02-05 05:00:00+00:00,0.7399,0.78200000000000003,0.73019999999999996,0.77700000000000002,4157852,7910,0.76490400000000003
2021-02-08 05:00:00+00:00,0.83999999999999997,0.878,0.79900000000000004,0.86270000000000002,11507760,22870,0.84640499999999996
2021-02-09 05:00:00+00:00,0.94589999999999996,0.94999999999999996,0.89529999999999998,0.92920000000000003,13654083,29663,0.931454
2021-02-10 05:00:00+00:00,1.04,1.04,0.90000000000000002,0.97609999999999997,20442034,42908,0.973661
2021-02-11 05:00:00+00:00,0.97130000000000005,1.27,0.95240000000000002,1.0600000000000001,148826580,194123,1.1033930000000001
2021-02-12 05:00:00+00:00,1.3300000000000001,1.3400000000000001,1.0700000000000001,1.1100000000000001,153037700,236533,1.1872480000000001
2021-02-16 05:00:00+00:00,1.28,1.55,1.24,1.47,219277964,314958,1.408274
2021-02-17 05:00:00+00:00,1.5600000000000001,1.8049999999999999,1.3700000000000001,1.51,182757985,306347,1.546405
2021-02-18 05:00:00+00:00,1.4099999999999999,1.45,1.22,1.27,81329655,131401,1.3185720000000001
2021-02-19 05:00:00+00:00,1.3200000000000001,1.3200000000000001,1.1499999999999999,1.2,61703420,93166,1.2224520000000001
2021-02-22 05:00:00+00:00,1.2,1.3400000000000001,1.1399999999999999,1.1899999999999999,58251620,82585,1.2382219999999999
2021-02-23 05:00:00+00:00,1.04,1.1499999999999999,0.93000000000000005,1.1000000000000001,59517788,79520,1.059952
2021-02-24 05:00:00+00:00,1.131,1.2,1.1000000000000001,1.1599999999999999,34658483,50277,1.1456120000000001
2021-02-25 05:00:00+00:00,1.1499999999999999,1.1499999999999999,1.04,1.0700000000000001,42193483,50541,1.0969100000000001
2021-02-26 05:00:00+00:00,1.0700000000000001,1.1000000000000001,0.97060000000000002,1.05,39286936,42790,1.0322690000000001
2021-03-01 05:00:00+00:00,1.1000000000000001,1.1399999999999999,1.05,1.0700000000000001,23820217,32611,1.076681
2021-03-02 05:00:00+00:00,1.0700000000000001,1.23,1.02,1.23,51874645,64149,1.1609320000000001
2021-03-03 05:00:00+00:00,1.24,1.3300000000000001,1.0800000000000001,1.1399999999999999,55745942,64739,1.19536
2021-03-04 05:00:00+00:00,1.1000000000000001,1.1399999999999999,0.95999999999999996,1.03,33045604,43216,1.041304
2021-03-05 05:00:00+00:00,1.05,1.0800000000000001,0.86280000000000001,1,27789283,50156,0.95760999999999996
2021-03-08 05:00:00+00:00,1.02,1.05,0.95999999999999996,0.97109999999999996,16010504,28152,0.99789799999999995
2021-03-09 05:00:00+00:00,1.01,1.04,0.97800100000000001,1.03,16667765,24556,1.01356
2021-03-10 05:00:00+00:00,1.04,1.0600000000000001,0.97230000000000005,0.98560000000000003,14278975,25893,1.0074380000000001
2021-03-11 05:00:00+00:00,0.98440000000000005,1.0488999999999999,0.98440000000000005,1.04,13712275,18458,1.021414
2021-03-12 05:00:00+00:00,1.02,1.1499999999999999,0.99399999999999999,1.1399999999999999,20425149,25890,1.08683
2021-03-15 04:00:00+00:00,1.3100000000000001,1.3200000000000001,1.2150000000000001,1.3,71513139,87125,1.273954
2021-03-16 04:00:00+00:00,1.28,1.3,1.1399999999999999,1.1699999999999999,51459364,73605,1.227352
2021-03-17 04:00:00+00:00,1.1399999999999999,1.1799999999999999,1.1200000000000001,1.1799999999999999,23769595,41240,1.1482810000000001
2021-03-18 04:00:00+00:00,1.1699999999999999,1.23,1.0800000000000001,1.1200000000000001,25444636,37721,1.1402239999999999
2021-03-19 04:00:00+00:00,1.1100000000000001,1.1599999999999999,1.0900000000000001,1.1100000000000001,15260886,25078,1.125748
2021-03-22 04:00:00+00:00,1.1299999999999999,1.24,1.1200000000000001,1.1299999999999999,30025771,35939,1.168731
2021-03-23 04:00:00+00:00,1.1899999999999999,1.1899999999999999,1.0700000000000001,1.0900000000000001,22406550,30957,1.1025990000000001
2021-03-24 04:00:00+00:00,1.1100000000000001,1.1299999999999999,1.01,1.02,17061231,24464,1.0665260000000001
2021-03-25 04:00:00+00:00,1.01,1.0900000000000001,1.01,1.04,16946218,22305,1.0507629999999999
2021-03-26 04:00:00+00:00,1.0700000000000001,1.1000000000000001,1.03,1.0800000000000001,12128479,17106,1.0647219999999999
2021-03-29 04:00:00+00:00,1.0900000000000001,1.1000000000000001,1.02,1.0900000000000001,15948104,17511,1.0552189999999999
2021-03-30 04:00:00+00:00,1.0700000000000001,1.1000000000000001,1.03,1.0900000000000001,15201436,19849,1.074187
2021-03-31 04:00:00+00:00,1.0900000000000001,1.1799999999999999,1.0600000000000001,1.0900000000000001,24602189,23677,1.1190910000000001
2021-04-01 04:00:00+00:00,1.1200000000000001,1.2,1.1000000000000001,1.1799999999999999,24879061,40719,1.157057
2021-04-05 04:00:00+00:00,1.22,1.3284,1.1699999999999999,1.3,50809472,60610,1.2515860000000001
2021-04-06 04:00:00+00:00,1.3300000000000001,1.3500000000000001,1.21,1.25,26977576,33455,1.2703960000000001
2021-04-07 04:00:00+00:00,1.25,1.2549999999999999,1.2,1.2,12258985,16774,1.2180340000000001
2021-04-08 04:00:00+00:00,1.24,1.26,1.2,1.23,11501006,16586,1.2324489999999999
2021-04-09 04:00:00+00:00,1.24,1.25,1.1399999999999999,1.1599999999999999,13779197,16458,1.180944
2021-04-12 04:00:00+00:00,1.1299999999999999,1.1399999999999999,1.03,1.0900000000000001,20216763,27162,1.0811949999999999
2021-04-13 04:00:00+00:00,1.0900000000000001,1.1100000000000001,1.05,1.0700000000000001,9409486,15159,1.0681689999999999
2021-04-14 04:00:00+00:00,1.1200000000000001,1.1399999999999999,1.05,1.0700000000000001,14991571,19633,1.094665
2021-04-15 04:00:00+00:00,1.0800000000000001,1.0900000000000001,1.03,1.04,12448055,16735,1.0484290000000001
2021-04-16 04:00:00+00:00,1.04,1.0700000000000001,1,1.0600000000000001,12262898,20259,1.03803
2021-04-19 04:00:00+00:00,1.03,1.05,0.97009999999999996,0.98280000000000001,15833033,25334,0.99868500000000004
2021-04-20 04:00:00+00:00,0.97370000000000001,1.02,0.93000000000000005,1.01,13361999,23583,0.97300900000000001
2021-04-21 04:00:00+00:00,1.01,1.0900000000000001,0.98160000000000003,1.02,13166522,15096,1.035506
2021-04-22 04:00:00+00:00,1.03,1.04,0.9758,0.99980000000000002,9771992,14278,1.0072140000000001
2021-04-23 04:00:00+00:00,1,1.03,0.98199999999999998,0.99539999999999995,7629980,12771,0.99941400000000002
2021-04-26 04:00:00+00:00,1,1.05,0.999,1.04,11397367,12521,1.0218799999999999
2021-04-27 04:00:00+00:00,1.0600000000000001,1.0700000000000001,1.02,1.03,7682035,11203,1.032481
2021-04-28 04:00:00+00:00,1.01,1.0800000000000001,1.01,1.0800000000000001,10759632,12089,1.0599350000000001
2021-04-29 04:00:00+00:00,1.0900000000000001,1.1100000000000001,1.01,1.0700000000000001,13195388,13475,1.0625260000000001
2021-04-30 04:00:00+00:00,1.05,1.0800000000000001,1.04,1.0700000000000001,7249693,9380,1.0637540000000001
2021-05-03 04:00:00+00:00,1.0900000000000001,1.1799999999999999,1.0700000000000001,1.1599999999999999,43089699,38741,1.115415
2021-05-04 04:00:00+00:00,1.1299999999999999,1.1699999999999999,1.0700000000000001,1.0800000000000001,23973178,26562,1.0958760000000001
2021-05-05 04:00:00+00:00,1.1200000000000001,1.23,1.1100000000000001,1.2,42179583,55814,1.1756219999999999
2021-05-06 04:00:00+00:00,1.2,1.22,1.1100000000000001,1.1499999999999999,21937488,23694,1.14941
2021-05-07 04:00:00+00:00,1.1499999999999999,1.2050000000000001,1.1299999999999999,1.1899999999999999,10869751,18309,1.177832
2021-05-10 04:00:00+00:00,1.23,1.23,1.1299999999999999,1.1399999999999999,14872564,17094,1.1567080000000001
2021-05-11 04:00:00+00:00,1.1000000000000001,1.1699999999999999,1.0800000000000001,1.1499999999999999,10082326,12436,1.1306020000000001
2021-05-12 04:00:00+00:00,1.1299999999999999,1.1586000000000001,1.0600000000000001,1.0600000000000001,10129037,15418,1.096943
2021-05-13 04:00:00+00:00,1.0700000000000001,1.1200000000000001,1.02,1.04,8732791,11928,1.057734
2021-05-14 04:00:00+00:00,1.0600000000000001,1.1499999999999999,1.0600000000000001,1.1399999999999999,8554785,11103,1.1243240000000001
2021-05-17 04:00:00+00:00,1.1599999999999999,1.1899999999999999,1.1200000000000001,1.1499999999999999,11601901,13295,1.159351
2021-05-18 04:00:00+00:00,1.1599999999999999,1.21,1.1499999999999999,1.1599999999999999,8553293,10883,1.1850860000000001
2021-05-19 04:00:00+00:00,1.1200000000000001,1.1899999999999999,1.1000000000000001,1.1599999999999999,9844857,11892,1.1558200000000001
2021-05-20 04:00:00+00:00,1.1799999999999999,1.2,1.1499999999999999,1.1799999999999999,7678344,10725,1.1799630000000001
2021-05-21 04:00:00+00:00,1.2,1.24,1.1599999999999999,1.1599999999999999,9348571,11134,1.190723
2021-05-24 04:00:00+00:00,1.1599999999999999,1.1781999999999999,1.1299999999999999,1.1299999999999999,5113864,9697,1.1445689999999999
2021-05-25 04:00:00+00:00,1.1399999999999999,1.1699999999999999,1.1200000000000001,1.1299999999999999,4091457,5876,1.1456010000000001
2021-05-26 04:00:00+00:00,1.1399999999999999,1.175,1.1321000000000001,1.1599999999999999,6740308,8298,1.162363
2021-05-27 04:00:00+00:00,1.1799999999999999,1.3200000000000001,1.1599999999999999,1.3100000000000001,28452426,31651,1.2587390000000001
2021-05-28 04:00:00+00:00,1.3100000000000001,1.3400000000000001,1.2,1.25,20506298,22299,1.2601560000000001
2021-06-01 04:00:00+00:00,1.3,1.3799999999999999,1.28,1.3200000000000001,15801661,20333,1.3188439999999999
2021-06-02 04:00:00+00:00,1.3400000000000001,1.3400000000000001,1.25,1.26,11020414,17339,1.2893779999999999
2021-06-03 04:00:00+00:00,1.25,1.29,1.21,1.28,8577377,11680,1.2474050000000001
2021-06-04 04:00:00+00:00,1.26,1.3899999999999999,1.23,1.3700000000000001,16159950,20392,1.319642
2021-06-07 04:00:00+00:00,1.3799999999999999,1.46,1.3700000000000001,1.4399999999999999,21780410,28661,1.415818
2021-06-08 04:00:00+00:00,1.48,1.49,1.3799999999999999,1.3999999999999999,14033148,20164,1.4298519999999999
2021-06-09 04:00:00+00:00,1.3999999999999999,1.4199999999999999,1.3,1.3200000000000001,12107104,15997,1.3568039999999999
2021-06-10 04:00:00+00:00,1.3600000000000001,1.4099999999999999,1.3,1.4099999999999999,7724560,10555,1.364792
2021-06-11 04:00:00+00:00,1.4199999999999999,1.4299999999999999,1.3799999999999999,1.4099999999999999,4374966,8397,1.3961809999999999
2021-06-14 04:00:00+00:00,1.3799999999999999,1.3799999999999999,1.28,1.3700000000000001,18776192,22993,1.3297060000000001
2021-06-15 04:00:00+00:00,1.3600000000000001,1.4199999999999999,1.3400000000000001,1.4199999999999999,11219642,15288,1.379456
2021-06-16 04:00:00+00:00,1.3700000000000001,1.5,1.3600000000000001,1.5,13910663,15572,1.4328430000000001
2021-06-17 04:00:00+00:00,1.4299999999999999,1.46,1.3300000000000001,1.3899999999999999,19774516,22077,1.3830290000000001
2021-06-18 04:00:00+00:00,1.3799999999999999,1.3999999999999999,1.3300000000000001,1.3600000000000001,11142614,17222,1.3642129999999999
2021-06-21 04:00:00+00:00,1.3400000000000001,1.365,1.26,1.3200000000000001,11434176,17395,1.29556
2021-06-22 04:00:00+00:00,1.3300000000000001,1.3300000000000001,1.25,1.3100000000000001,10777887,13424,1.283169
2021-06-23 04:00:00+00:00,1.3100000000000001,1.3700000000000001,1.3049999999999999,1.3100000000000001,7496671,9526,1.3348
2021-06-24 04:00:00+00:00,1.3200000000000001,1.3799999999999999,1.3100000000000001,1.3500000000000001,7271705,10179,1.348211
2021-06-25 04:00:00+00:00,1.3500000000000001,1.3799999999999999,1.29,1.3200000000000001,5743075,14527,1.318891
2021-06-28 04:00:00+00:00,1.3200000000000001,1.3200000000000001,1.25,1.25,5793773,10570,1.267855
2021-06-29 04:00:00+00:00,1.26,1.28,1.21,1.22,7062664,13651,1.236694
2021-06-30 04:00:00+00:00,1.23,1.23,1.1699999999999999,1.1899999999999999,14714902,20362,1.1967840000000001
2021-07-01 04:00:00+00:00,1.22,1.27,1.1499999999999999,1.22,11259827,16204,1.2167079999999999
2021-07-02 04:00:00+00:00,1.22,1.25,1.1799999999999999,1.23,4564831,7016,1.2071780000000001
2021-07-06 04:00:00+00:00,1.23,1.25,1.1599999999999999,1.1599999999999999,6875235,9730,1.1939960000000001
2021-07-07 04:00:00+00:00,1.1699999999999999,1.1899999999999999,1.0800000000000001,1.1499999999999999,8299000,13749,1.129526
2021-07-08 04:00:00+00:00,1.0800000000000001,1.1399999999999999,1.0600000000000001,1.0800000000000001,8524983,9602,1.095224
2021-07-09 04:00:00+00:00,1.0900000000000001,1.1599999999999999,1.0800000000000001,1.1299999999999999,4229106,8181,1.1292469999999999
2021-07-12 04:00:00+00:00,1.1200000000000001,1.1200000000000001,1.0600000000000001,1.0600000000000001,7995779,11760,1.0755509999999999
2021-07-13 04:00:00+00:00,1.0700000000000001,1.1000000000000001,1.04,1.0800000000000001,15250983,16771,1.0734429999999999
2021-07-14 04:00:00+00:00,1.0800000000000001,1.1000000000000001,1.04,1.1000000000000001,10385059,9530,1.069278
2021-07-15 04:00:00+00:00,1.0800000000000001,1.1000000000000001,1,1.02,10052794,12605,1.0310429999999999
2021-07-16 04:00:00+00:00,1.04,1.04,0.98260000000000003,0.99019999999999997,11920919,24602,1.002197
2021-07-19 04:00:00+00:00,0.97999999999999998,0.98319999999999996,0.91549999999999998,0.92500000000000004,15869443,31389,0.93796800000000002
2021-07-20 04:00:00+00:00,0.94099999999999995,1.05,0.92510000000000003,1.02,11560491,18818,0.99148599999999998
2021-07-21 04:00:00+00:00,1.0700000000000001,1.0999000000000001,1.03,1.05,6404030,9811,1.061874
2021-07-22 04:00:00+00:00,1.0700000000000001,1.0700000000000001,1.01,1.03,4819463,7592,1.035671
2021-07-23 04:00:00+00:00,1.03,1.05,1.01,1.03,4767237,7078,1.0267440000000001
2021-07-26 04:00:00+00:00,1.03,1.0800000000000001,1.03,1.0700000000000001,4817008,7046,1.055615
2021-07-27 04:00:00+00:00,1.0600000000000001,1.0700000000000001,1.02,1.04,3084240,4616,1.034146
2021-07-28 04:00:00+00:00,1.03,1.1399999999999999,1.03,1.1399999999999999,7195985,9557,1.099807
2021-07-29 04:00:00+00:00,1.1599999999999999,1.1699999999999999,1.1100000000000001,1.1499999999999999,6014213,10167,1.1387929999999999
2021-07-30 04:00:00+00:00,1.1200000000000001,1.1399999999999999,1.0900000000000001,1.1000000000000001,4596525,8349,1.110179
2021-08-02 04:00:00+00:00,1.1000000000000001,1.1200000000000001,1.0700000000000001,1.0900000000000001,2617337,4453,1.095248
2021-08-03 04:00:00+00:00,1.0800000000000001,1.1000000000000001,1.0600000000000001,1.0800000000000001,3103039,4902,1.081474
2021-08-04 04:00:00+00:00,1.0700000000000001,1.1000000000000001,1.05,1.0800000000000001,3450002,6210,1.068522
2021-08-05 04:00:00+00:00,1.0900000000000001,1.1200000000000001,1.0600000000000001,1.1000000000000001,4155463,6224,1.0939179999999999
2021-08-06 04:00:00+00:00,1.1100000000000001,1.1200000000000001,1.0600000000000001,1.1000000000000001,3045817,5103,1.096096
2021-08-09 04:00:00+00:00,1.1000000000000001,1.1100000000000001,1.03,1.04,5087343,8033,1.054945
2021-08-10 04:00:00+00:00,1.05,1.1399999999999999,1.04,1.1100000000000001,8919581,8973,1.0962209999999999
2021-08-11 04:00:00+00:00,1.1000000000000001,1.1399999999999999,1.0800000000000001,1.1100000000000001,3864298,5874,1.105842
2021-08-12 04:00:00+00:00,1.1000000000000001,1.1200000000000001,1.0800000000000001,1.0900000000000001,2478690,3444,1.0895760000000001
2021-08-13 04:00:00+00:00,1.0800000000000001,1.0900000000000001,1.0600000000000001,1.0700000000000001,3268545,4514,1.0754459999999999
2021-08-16 04:00:00+00:00,1.0600000000000001,1.0649999999999999,1,1.03,5243350,6912,1.0239
2021-08-17 04:00:00+00:00,1.02,1.0387999999999999,1,1.01,4152537,5774,1.0083629999999999
2021-08-18 04:00:00+00:00,1.01,1.0699000000000001,1,1.03,5147774,5854,1.0390980000000001
2021-08-19 04:00:00+00:00,1.03,1.0391999999999999,0.97829999999999995,0.98199999999999998,5506341,7590,1.00074
2021-08-20 04:00:00+00:00,0.98970000000000002,1.03,0.97550000000000003,1.03,5319179,8405,1.0044999999999999
2021-08-23 04:00:00+00:00,1.03,1.1000000000000001,1.03,1.1000000000000001,4958759,5373,1.08003
2021-08-24 04:00:00+00:00,1.1000000000000001,1.1200000000000001,1.0700000000000001,1.0800000000000001,5798838,7525,1.0910010000000001
2021-08-25 04:00:00+00:00,1.0900000000000001,1.1200000000000001,1.0800000000000001,1.1000000000000001,3828472,5214,1.103443
2021-08-26 04:00:00+00:00,1.1000000000000001,1.1200000000000001,1.0700000000000001,1.0800000000000001,2514109,3645,1.0892770000000001
2021-08-27 04:00:00+00:00,1.0800000000000001,1.1499999999999999,1.0800000000000001,1.1299999999999999,8509683,8608,1.122012
2021-08-30 04:00:00+00:00,1.1399999999999999,1.1799999999999999,1.1299999999999999,1.1799999999999999,5924296,7302,1.152147
2021-08-31 04:00:00+00:00,1.1799999999999999,1.28,1.1599999999999999,1.27,12860338,13050,1.234067
2021-09-01 04:00:00+00:00,1.27,1.29,1.23,1.29,12456669,15990,1.2682020000000001
2021-09-02 04:00:00+00:00,1.3,1.4199999999999999,1.3,1.3999999999999999,25519675,26418,1.378007
2021-09-03 04:00:00+00:00,1.46,1.5,1.3700000000000001,1.4099999999999999,28521877,38097,1.432291
2021-09-07 04:00:00+00:00,1.5,1.5449999999999999,1.4299999999999999,1.51,40844355,48893,1.4899359999999999
2021-09-08 04:00:00+00:00,1.51,1.52,1.3799999999999999,1.45,18023017,19891,1.438374
2021-09-09 04:00:00+00:00,1.4199999999999999,1.45,1.3500000000000001,1.4099999999999999,13279709,20148,1.3924840000000001
2021-09-10 04:00:00+00:00,1.4199999999999999,1.6299999999999999,1.4199999999999999,1.5900000000000001,49322796,57994,1.5461990000000001
2021-09-13 04:00:00+00:00,1.7,1.73,1.6100000000000001,1.6299999999999999,50757439,65758,1.665683
2021-09-14 04:00:00+00:00,1.6899999999999999,1.7,1.51,1.6100000000000001,34056949,43518,1.599853
2021-09-15 04:00:00+00:00,1.6100000000000001,1.78,1.6100000000000001,1.78,37004662,49598,1.7214020000000001
2021-09-16 04:00:00+00:00,1.8,1.8,1.6499999999999999,1.7,21371092,29125,1.70628
2021-09-17 04:00:00+00:00,1.6899999999999999,1.72,1.53,1.6100000000000001,30602742,35180,1.592401
2021-09-20 04:00:00+00:00,1.48,1.51,1.3799999999999999,1.4099999999999999,27897839,26367,1.4273450000000001
2021-09-21 04:00:00+00:00,1.48,1.51,1.4099999999999999,1.4099999999999999,25256517,25448,1.4582919999999999
2021-09-22 04:00:00+00:00,1.45,1.51,1.3700000000000001,1.3700000000000001,21618250,19621,1.428833
2021-09-23 04:00:00+00:00,1.3999999999999999,1.45,1.3200000000000001,1.45,18293641,16498,1.3968039999999999
2021-09-24 04:00:00+00:00,1.4099999999999999,1.4299999999999999,1.3,1.3300000000000001,22553734,22044,1.3392820000000001
2021-09-27 04:00:00+00:00,1.3500000000000001,1.46,1.3500000000000001,1.4399999999999999,14396753,15665,1.4278280000000001
2021-09-28 04:00:00+00:00,1.4199999999999999,1.45,1.3500000000000001,1.3799999999999999,15582054,14115,1.386309
2021-09-29 04:00:00+00:00,1.3799999999999999,1.3999999999999999,1.3200000000000001,1.3400000000000001,11995740,12140,1.3444179999999999
2021-09-30 04:00:00+00:00,1.3400000000000001,1.49,1.3301000000000001,1.47,26056001,23577,1.44574
2021-10-01 04:00:00+00:00,1.45,1.53,1.3999999999999999,1.51,17356178,19013,1.4558549999999999
2021-10-04 04:00:00+00:00,1.53,1.5649999999999999,1.3999999999999999,1.4399999999999999,22437977,23063,1.4891509999999999
2021-10-05 04:00:00+00:00,1.48,1.51,1.4299999999999999,1.45,8626042,9649,1.4636450000000001
2021-10-06 04:00:00+00:00,1.4099999999999999,1.4099999999999999,1.3200000000000001,1.3500000000000001,16025008,17462,1.3584700000000001
2021-10-07 04:00:00+00:00,1.3700000000000001,1.4399999999999999,1.3500000000000001,1.3999999999999999,8958064,9766,1.3986559999999999
2021-10-08 04:00:00+00:00,1.3899999999999999,1.4350000000000001,1.3500000000000001,1.3700000000000001,8924464,8664,1.3768089999999999
2021-10-11 04:00:00+00:00,1.3799999999999999,1.4299999999999999,1.3603000000000001,1.4299999999999999,7934511,8085,1.39595
2021-10-12 04:00:00+00:00,1.4099999999999999,1.6399999999999999,1.3899999999999999,1.6200000000000001,28741430,33558,1.5537319999999999
2021-10-13 04:00:00+00:00,1.6399999999999999,1.78,1.54,1.71,33235929,39443,1.6757930000000001
2021-10-14 04:00:00+00:00,1.73,1.78,1.6200000000000001,1.6499999999999999,21890049,27126,1.6836120000000001
2021-10-15 04:00:00+00:00,1.6499999999999999,1.7158,1.5900000000000001,1.6499999999999999,9947074,13918,1.6591800000000001
2021-10-18 04:00:00+00:00,1.6899999999999999,1.8999999999999999,1.6799999999999999,1.8600000000000001,35952926,46807,1.822411
2021-10-19 04:00:00+00:00,1.8999999999999999,1.9099999999999999,1.78,1.8400000000000001,21155120,28397,1.8443130000000001
2021-10-20 04:00:00+00:00,1.8500000000000001,1.96,1.79,1.96,15765095,21213,1.905378
2021-10-21 04:00:00+00:00,1.96,1.97,1.8400000000000001,1.8799999999999999,13268163,17583,1.8937139999999999
2021-10-22 04:00:00+00:00,1.8700000000000001,1.8999999999999999,1.75,1.8600000000000001,13418666,15711,1.8215699999999999
2021-10-25 04:00:00+00:00,1.8999999999999999,1.98,1.8600000000000001,1.8899999999999999,14736679,17961,1.9255260000000001
2021-10-26 04:00:00+00:00,1.9199999999999999,1.9199999999999999,1.8,1.8600000000000001,15116317,17667,1.8648880000000001
2021-10-27 04:00:00+00:00,1.8300000000000001,1.8999999999999999,1.72,1.74,15471561,17701,1.802772
2021-10-28 04:00:00+00:00,1.74,1.7945,1.71,1.77,11804872,12810,1.749873
2021-10-29 04:00:00+00:00,1.77,1.79,1.6200000000000001,1.6899999999999999,19780529,29598,1.6803779999999999
2021-11-01 04:00:00+00:00,1.7,1.8200000000000001,1.7,1.77,12880653,15287,1.7662260000000001
2021-11-02 04:00:00+00:00,1.76,1.7949999999999999,1.72,1.77,9459161,11847,1.7461880000000001
2021-11-03 04:00:00+00:00,1.78,1.9299999999999999,1.77,1.9199999999999999,17921831,21873,1.8724000000000001
2021-11-04 04:00:00+00:00,2,2,1.8500000000000001,1.9399999999999999,18321335,20810,1.906388
2021-11-05 04:00:00+00:00,1.97,1.99,1.8601000000000001,1.9299999999999999,11665872,13810,1.9004570000000001
2021-11-08 05:00:00+00:00,1.95,2.1000000000000001,1.9299999999999999,2.0800000000000001,23095092,31022,2.043094
2021-11-09 05:00:00+00:00,2.1000000000000001,2.1284999999999998,1.96,2.1200000000000001,16438777,22711,2.0504060000000002
2021-11-10 05:00:00+00:00,2.1000000000000001,2.1400000000000001,1.8999999999999999,1.9399999999999999,22437005,24848,2.0005039999999998
2021-11-11 05:00:00+00:00,1.98,2.0499999999999998,1.9107000000000001,1.99,17038345,20247,1.9959249999999999
2021-11-12 05:00:00+00:00,2.0099999999999998,2.0789,1.9399999999999999,1.97,11139475,16524,1.99312
2021-11-15 05:00:00+00:00,2.04,2.04,1.8799999999999999,1.9399999999999999,11052170,15087,1.926301
2021-11-16 05:00:00+00:00,1.8899999999999999,1.9199999999999999,1.77,1.8300000000000001,12937543,16962,1.830282
2021-11-17 05:00:00+00:00,1.8,1.9099999999999999,1.76,1.76,11609777,17882,1.811455
2021-11-18 05:00:00+00:00,1.78,1.8200000000000001,1.72,1.8,8382535,13374,1.7642739999999999
2021-11-19 05:00:00+00:00,1.76,1.79,1.6699999999999999,1.7,13293670,18801,1.7145379999999999
2021-11-22 05:00:00+00:00,1.7,1.73,1.5800000000000001,1.6000000000000001,14481356,18245,1.6422209999999999
2021-11-23 05:00:00+00:00,1.6399999999999999,1.77,1.6332,1.74,14601045,19857,1.7139200000000001
2021-11-24 05:00:00+00:00,1.75,1.75,1.6499999999999999,1.71,7338722,12221,1.6917629999999999
2021-11-26 05:00:00+00:00,1.5600000000000001,1.6399999999999999,1.5301,1.6299999999999999,9265928,12527,1.583221
2021-11-29 05:00:00+00:00,1.6599999999999999,1.7,1.6299999999999999,1.6499999999999999,7773639,10978,1.669551
2021-11-30 05:00:00+00:00,1.6100000000000001,1.6599999999999999,1.48,1.5900000000000001,14502848,15900,1.555976
2021-12-01 05:00:00+00:00,1.55,1.6399999999999999,1.48,1.48,9901895,12689,1.549776
2021-12-02 05:00:00+00:00,1.5,1.5600000000000001,1.46,1.51,10000052,10942,1.5020359999999999
2021-12-03 05:00:00+00:00,1.54,1.55,1.3799999999999999,1.4399999999999999,13787467,14674,1.4290830000000001
2021-12-06 05:00:00+00:00,1.3899999999999999,1.4399999999999999,1.3100000000000001,1.4299999999999999,12943399,15421,1.3892310000000001
2021-12-07 05:00:00+00:00,1.5,1.5800000000000001,1.4886999999999999,1.5600000000000001,8026680,11468,1.541871
2021-12-08 05:00:00+00:00,1.5800000000000001,1.605,1.53,1.5800000000000001,6795699,8872,1.558022
2021-12-09 05:00:00+00:00,1.5900000000000001,1.5900000000000001,1.48,1.49,7824345,8930,1.514726
2021-12-10 05:00:00+00:00,1.5,1.51,1.3999999999999999,1.4199999999999999,12937582,15207,1.4307449999999999
2021-12-13 05:00:00+00:00,1.4299999999999999,1.45,1.3500000000000001,1.3899999999999999,7677935,9986,1.384228
2021-12-14 05:00:00+00:00,1.3500000000000001,1.3799999999999999,1.3049999999999999,1.3700000000000001,12553774,15631,1.341666
2021-12-15 05:00:00+00:00,1.3600000000000001,1.47,1.3,1.47,9814521,12087,1.3814340000000001
2021-12-16 05:00:00+00:00,1.51,1.53,1.3700000000000001,1.3899999999999999,8882536,11013,1.430151
2021-12-17 05:00:00+00:00,1.3799999999999999,1.4167000000000001,1.3300000000000001,1.3899999999999999,6378779,7926,1.3835759999999999
2021-12-20 05:00:00+00:00,1.3300000000000001,1.3400000000000001,1.27,1.3300000000000001,14099763,13798,1.3077570000000001
2021-12-21 05:00:00+00:00,1.3600000000000001,1.4299999999999999,1.3300000000000001,1.4299999999999999,6667955,7915,1.392414
2021-12-22 05:00:00+00:00,1.3899999999999999,1.4399999999999999,1.3899999999999999,1.3999999999999999,4296740,7649,1.4123110000000001
2021-12-23 05:00:00+00:00,1.4299999999999999,1.47,1.405,1.4399999999999999,3531862,5968,1.4421839999999999
2021-12-27 05:00:00+00:00,1.46,1.52,1.4299999999999999,1.52,3734232,5418,1.4820009999999999
2021-12-28 05:00:00+00:00,1.53,1.55,1.3999999999999999,1.45,9487642,14794,1.4485840000000001
2021-12-29 05:00:00+00:00,1.4199999999999999,1.4450000000000001,1.3899999999999999,1.3999999999999999,4623999,6680,1.410668
2021-12-30 05:00:00+00:00,1.3999999999999999,1.45,1.3799999999999999,1.3999999999999999,5850010,10130,1.411065
2021-12-31 05:00:00+00:00,1.4099999999999999,1.4299999999999999,1.3700000000000001,1.3700000000000001,6083608,10830,1.3858379999999999
2022-01-03 05:00:00+00:00,1.46,1.54,1.45,1.51,11587598,17568,1.4912799999999999
2022-01-04 05:00:00+00:00,1.51,1.53,1.46,1.51,7002470,10403,1.4978400000000001
2022-01-05 05:00:00+00:00,1.5600000000000001,1.72,1.54,1.5800000000000001,29724399,40783,1.636924
2022-01-06 05:00:00+00:00,1.6200000000000001,1.6299999999999999,1.4099999999999999,1.4299999999999999,18399846,28781,1.4684200000000001
2022-01-07 05:00:00+00:00,1.45,1.47,1.3899999999999999,1.46,10589255,16324,1.436259
2022-01-10 05:00:00+00:00,1.46,1.47,1.3700000000000001,1.4299999999999999,9195902,12339,1.408021
2022-01-11 05:00:00+00:00,1.4299999999999999,1.46,1.3799999999999999,1.45,7005178,8289,1.42994
2022-01-12 05:00:00+00:00,1.45,1.51,1.4199999999999999,1.4299999999999999,6497439,8440,1.4613130000000001
2022-01-13 05:00:00+00:00,1.4299999999999999,1.4750000000000001,1.3400000000000001,1.3700000000000001,8340361,10526,1.3898489999999999
2022-01-14 05:00:00+00:00,1.3600000000000001,1.3801000000000001,1.27,1.3600000000000001,9828153,13672,1.3166979999999999
2022-01-18 05:00:00+00:00,1.3300000000000001,1.3400000000000001,1.24,1.26,12031652,18206,1.2752490000000001
2022-01-19 05:00:00+00:00,1.28,1.3072999999999999,1.21,1.27,12596421,15392,1.264729
2022-01-20 05:00:00+00:00,1.28,1.3300000000000001,1.23,1.25,9492245,12002,1.287337
2022-01-21 05:00:00+00:00,1.2,1.23,1.1599999999999999,1.1799999999999999,11734767,14765,1.1921090000000001
2022-01-24 05:00:00+00:00,1.1100000000000001,1.21,1.0600000000000001,1.21,18237647,22373,1.1131279999999999
2022-01-25 05:00:00+00:00,1.22,1.22,1.1399999999999999,1.21,9854960,14956,1.1775249999999999
2022-01-26 05:00:00+00:00,1.25,1.26,1.1200000000000001,1.1499999999999999,11002563,13535,1.1809259999999999
2022-01-27 05:00:00+00:00,1.1499999999999999,1.1799999999999999,1.0700000000000001,1.1000000000000001,8314168,10238,1.108447
2022-01-28 05:00:00+00:00,1.0900000000000001,1.1499999999999999,1.0600000000000001,1.1399999999999999,9486688,11588,1.113677
2022-01-31 05:00:00+00:00,1.1299999999999999,1.21,1.1100000000000001,1.21,6543801,10785,1.1683650000000001
2022-02-01 05:00:00+00:00,1.22,1.27,1.1799999999999999,1.23,6131155,10139,1.2360709999999999
2022-02-02 05:00:00+00:00,1.28,1.28,1.1699999999999999,1.2,5614929,7848,1.1984509999999999
2022-02-03 05:00:00+00:00,1.1599999999999999,1.1853,1.115,1.1299999999999999,5111713,7710,1.1449689999999999
2022-02-04 05:00:00+00:00,1.1499999999999999,1.1899999999999999,1.1299999999999999,1.1799999999999999,5902906,7778,1.1619839999999999
2022-02-07 05:00:00+00:00,1.1799999999999999,1.2099,1.1499999999999999,1.2,4326354,5821,1.1800900000000001
2022-02-08 05:00:00+00:00,1.2,1.23,1.1699999999999999,1.22,4474446,4566,1.201722
2022-02-09 05:00:00+00:00,1.25,1.3500000000000001,1.24,1.3500000000000001,13394439,16140,1.3180959999999999
2022-02-10 05:00:00+00:00,1.3,1.3799999999999999,1.27,1.29,11576568,12030,1.3271710000000001
2022-02-11 05:00:00+00:00,1.29,1.3300000000000001,1.24,1.28,5961865,7553,1.2798609999999999
2022-02-14 05:00:00+00:00,1.26,1.3,1.23,1.24,4216122,6008,1.2602420000000001
2022-02-15 05:00:00+00:00,1.26,1.3,1.24,1.28,3630714,4662,1.2702469999999999
2022-02-16 05:00:00+00:00,1.29,1.3100000000000001,1.25,1.27,5107827,7391,1.2771030000000001
2022-02-17 05:00:00+00:00,1.26,1.27,1.21,1.23,5169171,6497,1.2368129999999999
2022-02-18 05:00:00+00:00,1.22,1.23,1.1799999999999999,1.2,5013434,7507,1.198064
2022-02-22 05:00:00+00:00,1.1799999999999999,1.28,1.1699999999999999,1.24,9746966,19095,1.2241109999999999
2022-02-23 05:00:00+00:00,1.26,1.29,1.23,1.25,7752163,11158,1.2525759999999999
2022-02-24 05:00:00+00:00,1.2,1.345,1.1899999999999999,1.3300000000000001,17839000,23084,1.305585
2022-02-25 05:00:00+00:00,1.3400000000000001,1.3899999999999999,1.2601,1.3700000000000001,12721252,18898,1.311806
2022-02-28 05:00:00+00:00,1.4199999999999999,1.52,1.3999999999999999,1.49,17253123,19880,1.48065
2022-03-01 05:00:00+00:00,1.55,1.5700000000000001,1.46,1.52,10994608,16172,1.5086580000000001
2022-03-02 05:00:00+00:00,1.54,1.6200000000000001,1.5,1.6100000000000001,9591907,13885,1.5702879999999999
2022-03-03 05:00:00+00:00,1.6100000000000001,1.6200000000000001,1.4919,1.52,13556181,19538,1.536937
2022-03-04 05:00:00+00:00,1.4199999999999999,1.49,1.3500000000000001,1.4399999999999999,17570599,20049,1.412264
2022-03-07 05:00:00+00:00,1.52,1.6100000000000001,1.4831000000000001,1.5,14467772,18590,1.5529409999999999
2022-03-08 05:00:00+00:00,1.5600000000000001,1.6699999999999999,1.5,1.6200000000000001,18137932,26540,1.597296
2022-03-09 05:00:00+00:00,1.5900000000000001,1.79,1.52,1.73,28617483,38971,1.662237
2022-03-10 05:00:00+00:00,1.75,1.8200000000000001,1.6899999999999999,1.76,24570056,31542,1.7546759999999999
2022-03-11 05:00:00+00:00,1.72,1.76,1.6200000000000001,1.6399999999999999,14791512,18440,1.6722809999999999
2022-03-14 04:00:00+00:00,1.6000000000000001,1.6100000000000001,1.45,1.47,16043853,18425,1.512886
2022-03-15 04:00:00+00:00,1.45,1.51,1.3899999999999999,1.48,9795007,12853,1.445362
2022-03-16 04:00:00+00:00,1.53,1.5600000000000001,1.4099999999999999,1.47,12989619,12351,1.4633620000000001
2022-03-17 04:00:00+00:00,1.5,1.6499999999999999,1.4950000000000001,1.6399999999999999,12462430,16254,1.5967610000000001
2022-03-18 04:00:00+00:00,1.6299999999999999,1.7,1.6000000000000001,1.6299999999999999,9969689,12103,1.6490279999999999
2022-03-21 04:00:00+00:00,1.6599999999999999,1.79,1.6599999999999999,1.71,12967489,15613,1.7319560000000001
2022-03-22 04:00:00+00:00,1.6899999999999999,1.7649999999999999,1.6706000000000001,1.73,7590814,10356,1.7175560000000001
2022-03-23 04:00:00+00:00,1.75,1.79,1.6699999999999999,1.6899999999999999,9443185,12133,1.7292190000000001
2022-03-24 04:00:00+00:00,1.6899999999999999,1.75,1.6299999999999999,1.72,8668553,9528,1.6923029999999999
2022-03-25 04:00:00+00:00,1.72,1.74,1.6399999999999999,1.6699999999999999,9048522,11026,1.6894439999999999
2022-03-28 04:00:00+00:00,1.6399999999999999,1.645,1.53,1.55,13209298,13637,1.5627899999999999
2022-03-29 04:00:00+00:00,1.5700000000000001,1.6499999999999999,1.47,1.6499999999999999,12823501,14756,1.5866469999999999
2022-03-30 04:00:00+00:00,1.6699999999999999,1.74,1.6200000000000001,1.6299999999999999,9777554,11995,1.6868110000000001
2022-03-31 04:00:00+00:00,1.6399999999999999,1.71,1.5900000000000001,1.6000000000000001,15491293,11549,1.6377029999999999
2022-04-01 04:00:00+00:00,1.6299999999999999,1.7,1.6200000000000001,1.6399999999999999,7201180,8492,1.663851
2022-04-04 04:00:00+00:00,1.6799999999999999,1.6850000000000001,1.6000000000000001,1.6299999999999999,6472167,8986,1.625812
2022-04-05 04:00:00+00:00,1.6699999999999999,1.77,1.6000000000000001,1.6100000000000001,15168406,15534,1.678674
2022-04-06 04:00:00+00:00,1.6100000000000001,1.6174999999999999,1.53,1.6100000000000001,11211411,14941,1.572873
2022-04-07 04:00:00+00:00,1.6200000000000001,1.8100000000000001,1.6100000000000001,1.79,24541219,27534,1.7392570000000001
2022-04-08 04:00:00+00:00,1.8100000000000001,1.8300000000000001,1.73,1.75,12854331,18989,1.779542
2022-04-11 04:00:00+00:00,1.75,1.79,1.6699999999999999,1.73,10935567,13920,1.721096
2022-04-12 04:00:00+00:00,1.77,1.8,1.7115,1.74,9810321,12210,1.7541949999999999
2022-04-13 04:00:00+00:00,1.77,1.8200000000000001,1.7408999999999999,1.79,17155305,20883,1.7832779999999999
2022-04-14 04:00:00+00:00,1.8200000000000001,1.8200000000000001,1.7150000000000001,1.74,9566271,10683,1.755444
2022-04-18 04:00:00+00:00,1.76,1.76,1.6799999999999999,1.7,9584448,11978,1.717225
2022-04-19 04:00:00+00:00,1.7,1.71,1.5800000000000001,1.6000000000000001,13178636,19085,1.6214580000000001
2022-04-20 04:00:00+00:00,1.6100000000000001,1.6799999999999999,1.5600000000000001,1.6699999999999999,11489776,14272,1.6259969999999999
2022-04-21 04:00:00+00:00,1.6599999999999999,1.6699999999999999,1.5,1.51,12748058,15088,1.5467880000000001
2022-04-22 04:00:00+00:00,1.5,1.5198,1.3700000000000001,1.4299999999999999,14845320,17448,1.4304939999999999
2022-04-25 04:00:00+00:00,1.3500000000000001,1.3899999999999999,1.3,1.3799999999999999,14327750,15810,1.3418829999999999
2022-04-26 04:00:00+00:00,1.3999999999999999,1.4099999999999999,1.29,1.3,11716495,16411,1.3326629999999999
2022-04-27 04:00:00+00:00,1.3,1.3600000000000001,1.29,1.3100000000000001,10588057,11269,1.3134220000000001
2022-04-28 04:00:00+00:00,1.3200000000000001,1.365,1.25,1.3600000000000001,9475216,13144,1.304324
2022-04-29 04:00:00+00:00,1.3700000000000001,1.4199999999999999,1.28,1.3100000000000001,9241337,12427,1.3367370000000001
2022-05-02 04:00:00+00:00,1.27,1.29,1.22,1.26,8474393,10760,1.251722
2022-05-03 04:00:00+00:00,1.26,1.3100000000000001,1.26,1.3,6848364,8997,1.284008
2022-05-04 04:00:00+00:00,1.29,1.3600000000000001,1.24,1.3600000000000001,8440371,12275,1.2817499999999999
2022-05-05 04:00:00+00:00,1.3600000000000001,1.3899999999999999,1.21,1.22,12359093,18040,1.2583390000000001
2022-05-06 04:00:00+00:00,1.1799999999999999,1.23,1.1399999999999999,1.2,9014972,10701,1.188205
2022-05-09 04:00:00+00:00,1.1299999999999999,1.1499999999999999,1.04,1.05,18397404,22663,1.076306
2022-05-10 04:00:00+00:00,1.0700000000000001,1.1299999999999999,1.03,1.0800000000000001,10705596,11646,1.073904
2022-05-11 04:00:00+00:00,1.0800000000000001,1.1299999999999999,1.02,1.03,9620459,11479,1.07182
2022-05-12 04:00:00+00:00,1,1.0800000000000001,0.97999999999999998,1.02,15714988,20648,1.0137210000000001
2022-05-13 04:00:00+00:00,1.0700000000000001,1.1399999999999999,1.05,1.0900000000000001,10571744,11902,1.0948070000000001
2022-05-16 04:00:00+00:00,1.1100000000000001,1.1200000000000001,1.0649999999999999,1.0900000000000001,9625167,11836,1.0900339999999999
2022-05-17 04:00:00+00:00,1.1299999999999999,1.2,1.1100000000000001,1.1899999999999999,10552483,10293,1.1544570000000001
2022-05-18 04:00:00+00:00,1.1699999999999999,1.1850000000000001,1.0700000000000001,1.1000000000000001,7552552,11045,1.112185
2022-05-19 04:00:00+00:00,1.0600000000000001,1.1399999999999999,1.0600000000000001,1.1299999999999999,7890550,8036,1.1122920000000001
2022-05-20 04:00:00+00:00,1.1499999999999999,1.1514,1.0700000000000001,1.1299999999999999,6399791,9545,1.0997809999999999
2022-05-23 04:00:00+00:00,1.1299999999999999,1.1699999999999999,1.0800000000000001,1.1599999999999999,6184542,7189,1.1273260000000001
2022-05-24 04:00:00+00:00,1.1299999999999999,1.135,1.0900000000000001,1.1299999999999999,5438938,6899,1.112781
2022-05-25 04:00:00+00:00,1.1299999999999999,1.1499999999999999,1.1100000000000001,1.1499999999999999,4697100,6678,1.129507
2022-05-26 04:00:00+00:00,1.1499999999999999,1.22,1.1399999999999999,1.1899999999999999,5541207,6647,1.188183
2022-05-27 04:00:00+00:00,1.22,1.25,1.2,1.24,5326093,6069,1.2301329999999999
2022-05-31 04:00:00+00:00,1.27,1.3200000000000001,1.21,1.22,6507713,8042,1.2600830000000001
2022-06-01 04:00:00+00:00,1.24,1.2549999999999999,1.1699999999999999,1.21,5445318,6643,1.198955
2022-06-02 04:00:00+00:00,1.22,1.29,1.2,1.27,6305202,7186,1.2681979999999999
2022-06-03 04:00:00+00:00,1.25,1.27,1.22,1.24,4335544,5568,1.241933
2022-06-06 04:00:00+00:00,1.26,1.28,1.22,1.26,4173511,5632,1.2541279999999999
2022-06-07 04:00:00+00:00,1.25,1.3799999999999999,1.22,1.3700000000000001,17821363,17753,1.3160320000000001
2022-06-08 04:00:00+00:00,1.3799999999999999,1.3999999999999999,1.3,1.3300000000000001,13239844,15233,1.3517479999999999
2022-06-09 04:00:00+00:00,1.3200000000000001,1.3200000000000001,1.2350000000000001,1.24,6865039,10158,1.275104
2022-06-10 04:00:00+00:00,1.22,1.26,1.1699999999999999,1.22,6434548,7649,1.1960219999999999
2022-06-13 04:00:00+00:00,1.1399999999999999,1.1437999999999999,1.0900000000000001,1.0900000000000001,6294520,8279,1.1111200000000001
2022-06-14 04:00:00+00:00,1.1100000000000001,1.1200000000000001,1.01,1.02,9424891,13978,1.0533250000000001
2022-06-15 04:00:00+00:00,1.04,1.0800000000000001,1.01,1.0700000000000001,7397401,10936,1.0489269999999999
2022-06-16 04:00:00+00:00,1.02,1.0399,0.97999999999999998,0.99590000000000001,9906135,16149,0.99750499999999998
2022-06-17 04:00:00+00:00,1.01,1.03,0.98329999999999995,1,7599092,11513,1.0085189999999999
2022-06-21 04:00:00+00:00,1.02,1.0900000000000001,1.02,1.0600000000000001,5099525,7544,1.0573030000000001
2022-06-22 04:00:00+00:00,1.04,1.04,1,1.02,6756527,7439,1.019477
2022-06-23 04:00:00+00:00,1.02,1.04,0.97050000000000003,0.99939999999999996,7712383,13256,0.99513700000000005
2022-06-24 04:00:00+00:00,1,1.1000000000000001,1,1.0900000000000001,6774163,8140,1.062174
2022-06-27 04:00:00+00:00,1.0900000000000001,1.1399999999999999,1.0800000000000001,1.1000000000000001,5159009,5883,1.10286
2022-06-28 04:00:00+00:00,1.1200000000000001,1.121,1.04,1.05,3734915,4414,1.0695969999999999
2022-06-29 04:00:00+00:00,1.04,1.0588,0.97999999999999998,1,6940233,11028,1.000934
2022-06-30 04:00:00+00:00,0.97999999999999998,0.99749900000000002,0.94999999999999996,0.97299999999999998,6614467,11873,0.96932399999999996
2022-07-01 04:00:00+00:00,0.98140000000000005,1.04,0.96009999999999995,1.04,4318149,6608,1.0173490000000001
2022-07-05 04:00:00+00:00,1.01,1.02,0.93999999999999995,0.95130000000000003,7019411,12157,0.95904500000000004
2022-07-06 04:00:00+00:00,0.95920000000000005,0.98799999999999999,0.91000000000000003,0.93999999999999995,6188538,11869,0.93454700000000002
2022-07-07 04:00:00+00:00,0.94999999999999996,1.04,0.94999999999999996,1.04,6368974,7594,1.0122359999999999
2022-07-08 04:00:00+00:00,1.02,1.0700000000000001,1.01,1.05,2896467,4877,1.037652
2022-07-11 04:00:00+00:00,1.03,1.0499000000000001,0.99019999999999997,0.997,2931372,5045,1.009871
2022-07-12 04:00:00+00:00,0.99760000000000004,1.01,0.96599999999999997,0.97999999999999998,1908742,5330,0.98136199999999996
2022-07-13 04:00:00+00:00,0.96660000000000001,0.99829999999999997,0.9607,0.98009999999999997,2444611,4804,0.98003799999999996
2022-07-14 04:00:00+00:00,0.95350000000000001,1.05,0.94130000000000003,1.05,6347033,6986,1.0031270000000001
2022-07-15 04:00:00+00:00,1.05,1.0600000000000001,1.02,1.04,2323007,4968,1.0370889999999999
2022-07-18 04:00:00+00:00,1.05,1.1100000000000001,1.05,1.0700000000000001,6425526,7781,1.0906849999999999
2022-07-19 04:00:00+00:00,1.1200000000000001,1.1699999999999999,1.0900000000000001,1.1599999999999999,5338597,9170,1.1422369999999999
2022-07-20 04:00:00+00:00,1.1599999999999999,1.1899999999999999,1.1299999999999999,1.1899999999999999,4012031,6899,1.1725920000000001
2022-07-21 04:00:00+00:00,1.1599999999999999,1.1799999999999999,1.1200000000000001,1.1299999999999999,4569073,5460,1.140463
2022-07-22 04:00:00+00:00,1.1200000000000001,1.1499999999999999,1.05,1.05,3385741,4950,1.0869120000000001
2022-07-25 04:00:00+00:00,1.0800000000000001,1.1200000000000001,1.0342,1.1200000000000001,3443763,5914,1.0901130000000001
2022-07-26 04:00:00+00:00,1.1200000000000001,1.1499999999999999,1.1000000000000001,1.1299999999999999,5189809,7090,1.123316
2022-07-27 04:00:00+00:00,1.1499999999999999,1.21,1.1399999999999999,1.21,6352991,8326,1.181135
2022-07-28 04:00:00+00:00,1.21,1.24,1.1699999999999999,1.23,5809505,10944,1.210118
2022-07-29 04:00:00+00:00,1.2,1.21,1.1499999999999999,1.1899999999999999,10507186,13769,1.1783300000000001
2022-08-01 04:00:00+00:00,1.1799999999999999,1.1799999999999999,1.1499999999999999,1.1499999999999999,2484564,4413,1.166355
2022-08-02 04:00:00+00:00,1.1499999999999999,1.2,1.1499999999999999,1.1899999999999999,4605587,6994,1.1811100000000001
2022-08-03 04:00:00+00:00,1.22,1.22,1.1699999999999999,1.1899999999999999,3384356,4317,1.191184
2022-08-04 04:00:00+00:00,1.1799999999999999,1.1987000000000001,1.1299999999999999,1.1499999999999999,5228324,9280,1.1575800000000001
2022-08-05 04:00:00+00:00,1.1599999999999999,1.1899999999999999,1.1299999999999999,1.1599999999999999,5370622,6302,1.157794
2022-08-08 04:00:00+00:00,1.1799999999999999,1.28,1.1799999999999999,1.24,7665607,12413,1.240453
2022-08-09 04:00:00+00:00,1.24,1.24,1.1599999999999999,1.1799999999999999,3214880,3864,1.1908559999999999
2022-08-10 04:00:00+00:00,1.22,1.22,1.1699999999999999,1.1899999999999999,3846684,4787,1.1891149999999999
2022-08-11 04:00:00+00:00,1.2,1.24,1.2,1.21,4053307,6926,1.222094
2022-08-12 04:00:00+00:00,1.22,1.23,1.1899999999999999,1.21,2625726,4152,1.2031130000000001
2022-08-15 04:00:00+00:00,1.1899999999999999,1.1899999999999999,1.1499999999999999,1.1699999999999999,2868107,4343,1.1638470000000001
2022-08-16 04:00:00+00:00,1.1799999999999999,1.1899999999999999,1.1399999999999999,1.1599999999999999,3866770,5385,1.1618839999999999
2022-08-17 04:00:00+00:00,1.1399999999999999,1.1599999999999999,1.0794509999999999,1.0900000000000001,5106391,7201,1.1094390000000001
2022-08-18 04:00:00+00:00,1.0900000000000001,1.1100000000000001,1.0600000000000001,1.1100000000000001,3216384,4979,1.0895919999999999
2022-08-19 04:00:00+00:00,1.0900000000000001,1.0900000000000001,1.03,1.05,5848435,6399,1.0504720000000001
2022-08-22 04:00:00+00:00,1.03,1.0600000000000001,1,1.0600000000000001,5370578,9479,1.021555
2022-08-23 04:00:00+00:00,1.05,1.1200000000000001,1.04,1.1000000000000001,3904037,6427,1.0975269999999999
2022-08-24 04:00:00+00:00,1.1599999999999999,1.3,1.1399999999999999,1.28,18780908,19628,1.2512829999999999
2022-08-25 04:00:00+00:00,1.3,1.3200000000000001,1.22,1.26,12810879,13949,1.2625090000000001
2022-08-26 04:00:00+00:00,1.27,1.27,1.1799999999999999,1.21,6286999,7344,1.2136150000000001
2022-08-29 04:00:00+00:00,1.1799999999999999,1.4199999999999999,1.1699999999999999,1.3500000000000001,20259032,22146,1.342285
2022-08-30 04:00:00+00:00,1.45,1.45,1.3,1.3999999999999999,19994239,20769,1.3587670000000001
2022-08-31 04:00:00+00:00,1.3799999999999999,1.4399999999999999,1.3300000000000001,1.4099999999999999,14181773,18694,1.3978090000000001
2022-09-01 04:00:00+00:00,1.3600000000000001,1.3899999999999999,1.28,1.3,11382124,12860,1.3190679999999999
2022-09-02 04:00:00+00:00,1.3,1.3500000000000001,1.29,1.3300000000000001,9902216,14562,1.323145
2022-09-06 04:00:00+00:00,1.3799999999999999,1.3899999999999999,1.3200000000000001,1.3300000000000001,11251375,12730,1.3624860000000001
2022-09-07 04:00:00+00:00,1.3400000000000001,1.3500000000000001,1.28,1.3400000000000001,5206836,8100,1.323636
2022-09-08 04:00:00+00:00,1.3300000000000001,1.45,1.3300000000000001,1.45,11878406,15889,1.416042
2022-09-09 04:00:00+00:00,1.45,1.52,1.4199999999999999,1.45,10538717,13164,1.458474
2022-09-12 04:00:00+00:00,1.47,1.48,1.3999999999999999,1.4199999999999999,5010951,7151,1.430523
2022-09-13 04:00:00+00:00,1.3799999999999999,1.4399999999999999,1.3500000000000001,1.3899999999999999,10751096,14376,1.392325
2022-09-14 04:00:00+00:00,1.3799999999999999,1.4299999999999999,1.3600000000000001,1.3899999999999999,7275278,8046,1.4020729999999999
2022-09-15 04:00:00+00:00,1.3899999999999999,1.3999999999999999,1.3,1.3100000000000001,8308846,8096,1.342894
2022-09-16 04:00:00+00:00,1.25,1.29,1.23,1.26,7531275,8838,1.2540249999999999
2022-09-19 04:00:00+00:00,1.22,1.2949999999999999,1.21,1.26,5784195,8239,1.258931
2022-09-20 04:00:00+00:00,1.25,1.29,1.22,1.24,3245453,4999,1.2480070000000001
2022-09-21 04:00:00+00:00,1.24,1.26,1.1799999999999999,1.23,5733194,9423,1.223984
2022-09-22 04:00:00+00:00,1.22,1.23,1.1499999999999999,1.1599999999999999,5728378,8571,1.1849529999999999
2022-09-23 04:00:00+00:00,1.1299999999999999,1.1391,1.0600000000000001,1.0800000000000001,6638141,8089,1.0870340000000001
2022-09-26 04:00:00+00:00,1.05,1.1100000000000001,1.05,1.0600000000000001,5642537,6543,1.0719320000000001
2022-09-27 04:00:00+00:00,1.1000000000000001,1.1499999999999999,1.085,1.1200000000000001,5846286,6661,1.1212169999999999
2022-09-28 04:00:00+00:00,1.1399999999999999,1.21,1.1000000000000001,1.21,5211983,6452,1.164568
2022-09-29 04:00:00+00:00,1.2,1.2,1.1200000000000001,1.1599999999999999,4342575,6034,1.1556379999999999
2022-09-30 04:00:00+00:00,1.1299999999999999,1.1899999999999999,1.1100000000000001,1.1899999999999999,13341384,8780,1.1704220000000001
2022-10-03 04:00:00+00:00,1.2,1.23,1.1799999999999999,1.2,4029247,6824,1.2053879999999999
2022-10-04 04:00:00+00:00,1.25,1.28,1.22,1.27,5014683,8249,1.247398
2022-10-05 04:00:00+00:00,1.24,1.27,1.21,1.26,3471563,5716,1.2465109999999999
2022-10-06 04:00:00+00:00,1.23,1.29,1.23,1.23,2469171,4452,1.247039
2022-10-07 04:00:00+00:00,1.21,1.24,1.1699999999999999,1.1899999999999999,3223158,5557,1.209935
2022-10-10 04:00:00+00:00,1.1899999999999999,1.1899999999999999,1.1100000000000001,1.1100000000000001,3561723,5470,1.1404920000000001
2022-10-11 04:00:00+00:00,1.1299999999999999,1.1499999999999999,1.0900000000000001,1.1200000000000001,6038568,7808,1.124992
2022-10-12 04:00:00+00:00,1.1399999999999999,1.1699999999999999,1.0700000000000001,1.1399999999999999,6491069,12654,1.1211310000000001
2022-10-13 04:00:00+00:00,1.1000000000000001,1.1799999999999999,1.0900000000000001,1.1799999999999999,5665672,6835,1.1474329999999999
2022-10-14 04:00:00+00:00,1.1599999999999999,1.1850000000000001,1.0900000000000001,1.1000000000000001,5302816,7768,1.1127849999999999
2022-10-17 04:00:00+00:00,1.1299999999999999,1.23,1.1299999999999999,1.22,8290097,9817,1.1979610000000001
2022-10-18 04:00:00+00:00,1.26,1.28,1.1899999999999999,1.22,3970415,6609,1.2248079999999999
2022-10-19 04:00:00+00:00,1.1899999999999999,1.2188000000000001,1.1699999999999999,1.2,2332459,4130,1.195821
2022-10-20 04:00:00+00:00,1.22,1.25,1.1499999999999999,1.1699999999999999,2499788,3419,1.2048559999999999
2022-10-21 04:00:00+00:00,1.1699999999999999,1.23,1.1599999999999999,1.23,4057779,5107,1.2014469999999999
2022-10-24 04:00:00+00:00,1.21,1.22,1.1599999999999999,1.1899999999999999,3976672,6409,1.1840310000000001
2022-10-25 04:00:00+00:00,1.1899999999999999,1.24,1.1799999999999999,1.23,3799746,4271,1.223474
2022-10-26 04:00:00+00:00,1.24,1.3100000000000001,1.2399,1.3,5186944,6396,1.2846230000000001
2022-10-27 04:00:00+00:00,1.3100000000000001,1.3300000000000001,1.25,1.25,3700623,5336,1.2917259999999999
2022-10-28 04:00:00+00:00,1.27,1.28,1.22,1.27,3527494,4609,1.247566
2022-10-31 04:00:00+00:00,1.27,1.28,1.24,1.27,2990043,4747,1.257681
2022-11-01 04:00:00+00:00,1.28,1.3,1.1799999999999999,1.22,2746762,4320,1.2590760000000001
2022-11-02 04:00:00+00:00,1.22,1.23,1.1299999999999999,1.1299999999999999,6567988,8832,1.1811689999999999
2022-11-03 04:00:00+00:00,1.1299999999999999,1.2,1.1299999999999999,1.1599999999999999,3583410,4500,1.1680250000000001
2022-11-04 04:00:00+00:00,1.2,1.22,1.1499999999999999,1.1799999999999999,3631426,4302,1.1852990000000001
2022-11-07 05:00:00+00:00,1.1799999999999999,1.25,1.1499999999999999,1.24,3616527,5736,1.200806
2022-11-08 05:00:00+00:00,1.24,1.27,1.2,1.26,4108349,6816,1.2475449999999999
2022-11-09 05:00:00+00:00,1.26,1.27,1.1599999999999999,1.1699999999999999,4310878,6732,1.1984980000000001
2022-11-10 05:00:00+00:00,1.23,1.25,1.21,1.24,4512646,5703,1.228629
2022-11-11 05:00:00+00:00,1.23,1.3100000000000001,1.23,1.27,8007304,11106,1.2855970000000001
2022-11-14 05:00:00+00:00,1.27,1.27,1.23,1.26,3673041,4985,1.2516700000000001
2022-11-15 05:00:00+00:00,1.3100000000000001,1.3100000000000001,1.25,1.26,3770645,7353,1.2781640000000001
2022-11-16 05:00:00+00:00,1.25,1.26,1.1899999999999999,1.21,3187343,4802,1.2138100000000001
2022-11-17 05:00:00+00:00,1.1899999999999999,1.21,1.1599999999999999,1.2,3423356,6787,1.184612
2022-11-18 05:00:00+00:00,1.2,1.22,1.1699999999999999,1.1799999999999999,3577040,6753,1.190196
2022-11-21 05:00:00+00:00,1.1799999999999999,1.1799999999999999,1.1299999999999999,1.1499999999999999,4426371,7644,1.1508449999999999
2022-11-22 05:00:00+00:00,1.1599999999999999,1.22,1.1599999999999999,1.22,4121548,10102,1.19851
2022-11-23 05:00:00+00:00,1.22,1.24,1.1799999999999999,1.21,2683394,4976,1.2139219999999999
2022-11-25 05:00:00+00:00,1.2,1.22,1.1899999999999999,1.21,1520766,3739,1.206977
2022-11-28 05:00:00+00:00,1.1799999999999999,1.1899999999999999,1.1499999999999999,1.1499999999999999,3839324,8887,1.1683730000000001
2022-11-29 05:00:00+00:00,1.1699999999999999,1.1799999999999999,1.1499999999999999,1.1799999999999999,2071427,3636,1.1663809999999999
2022-11-30 05:00:00+00:00,1.1899999999999999,1.23,1.1599999999999999,1.22,5174252,9481,1.200258
2022-12-01 05:00:00+00:00,1.23,1.24,1.1799999999999999,1.1899999999999999,2296573,3740,1.203757
2022-12-02 05:00:00+00:00,1.1799999999999999,1.2,1.1699999999999999,1.1799999999999999,1784196,3044,1.1845779999999999
2022-12-05 05:00:00+00:00,1.1699999999999999,1.1915,1.1200000000000001,1.1200000000000001,4192714,6278,1.1419330000000001
2022-12-06 05:00:00+00:00,1.1299999999999999,1.1399999999999999,1.0600000000000001,1.0800000000000001,4400868,7100,1.085636
2022-12-07 05:00:00+00:00,1.0900000000000001,1.1100000000000001,1.0647,1.1000000000000001,5368422,7723,1.0925720000000001
2022-12-08 05:00:00+00:00,1.1000000000000001,1.1699999999999999,1.1000000000000001,1.1499999999999999,4789620,10461,1.141904
2022-12-09 05:00:00+00:00,1.1499999999999999,1.1699999999999999,1.1000000000000001,1.1100000000000001,3173560,4415,1.1337459999999999
2022-12-12 05:00:00+00:00,1.1200000000000001,1.1699999999999999,1.1193,1.1699999999999999,6465936,8794,1.152242
2022-12-13 05:00:00+00:00,1.1799999999999999,1.21,1.1299999999999999,1.1399999999999999,5251218,6705,1.1607320000000001
2022-12-14 05:00:00+00:00,1.1299999999999999,1.1399999999999999,1.1000000000000001,1.1100000000000001,3465985,5478,1.119286
2022-12-15 05:00:00+00:00,1.1100000000000001,1.1499999999999999,1.0900000000000001,1.1499999999999999,5427349,5510,1.1246499999999999
2022-12-16 05:00:00+00:00,1.1200000000000001,1.1699999999999999,1.1200000000000001,1.1699999999999999,4833839,6277,1.151675
2022-12-19 05:00:00+00:00,1.1499999999999999,1.1850000000000001,1.1000000000000001,1.1000000000000001,5106042,9363,1.131386
2022-12-20 05:00:00+00:00,1.1000000000000001,1.1499999999999999,1.1000000000000001,1.1100000000000001,3469965,6004,1.129937
2022-12-21 05:00:00+00:00,1.1399999999999999,1.2,1.1299999999999999,1.2,4841748,5665,1.171062
2022-12-22 05:00:00+00:00,1.1899999999999999,1.2,1.135,1.1699999999999999,3478050,5670,1.168498
2022-12-23 05:00:00+00:00,1.1699999999999999,1.1799999999999999,1.1499999999999999,1.1599999999999999,1808264,3025,1.1627780000000001
2022-12-27 05:00:00+00:00,1.1599999999999999,1.1799999999999999,1.1399999999999999,1.1399999999999999,3960023,6102,1.157462
2022-12-28 05:00:00+00:00,1.1499999999999999,1.1599999999999999,1.1000000000000001,1.1200000000000001,5069391,6441,1.1274459999999999
2022-12-29 05:00:00+00:00,1.1200000000000001,1.1499999999999999,1.1100000000000001,1.1399999999999999,2694297,3802,1.1378200000000001
2022-12-30 05:00:00+00:00,1.1299999999999999,1.1599999999999999,1.1249,1.1499999999999999,5516283,8051,1.1408579999999999
2023-01-03 05:00:00+00:00,1.1499999999999999,1.1799999999999999,1.1100000000000001,1.1100000000000001,5160224,6765,1.1397120000000001
2023-01-04 05:00:00+00:00,1.1399999999999999,1.1499999999999999,1.1100000000000001,1.1299999999999999,4297501,7385,1.1223620000000001
2023-01-05 05:00:00+00:00,1.1200000000000001,1.1499999999999999,1.1000000000000001,1.1200000000000001,3329396,6113,1.129885
2023-01-06 05:00:00+00:00,1.1200000000000001,1.22,1.1200000000000001,1.22,6542509,7734,1.1855770000000001
2023-01-09 05:00:00+00:00,1.22,1.3100000000000001,1.22,1.3,10463448,14740,1.286645
2023-01-10 05:00:00+00:00,1.3,1.3600000000000001,1.29,1.3500000000000001,6731923,9473,1.3220449999999999
2023-01-11 05:00:00+00:00,1.3500000000000001,1.3600000000000001,1.3100000000000001,1.3500000000000001,3744368,8142,1.3403080000000001
2023-01-12 05:00:00+00:00,1.3500000000000001,1.3600000000000001,1.3100000000000001,1.3500000000000001,4224841,5807,1.3411470000000001
2023-01-13 05:00:00+00:00,1.3400000000000001,1.3700000000000001,1.3200000000000001,1.3500000000000001,3151095,6487,1.3524400000000001
2023-01-17 05:00:00+00:00,1.3,1.3500000000000001,1.28,1.3,5082597,6026,1.304915
2023-01-18 05:00:00+00:00,1.3100000000000001,1.3400000000000001,1.24,1.24,6327255,6787,1.280017
2023-01-19 05:00:00+00:00,1.23,1.29,1.222,1.26,3483976,5834,1.2676940000000001
2023-01-20 05:00:00+00:00,1.27,1.3600000000000001,1.25,1.3500000000000001,4938022,7616,1.318198
2023-01-23 05:00:00+00:00,1.3500000000000001,1.375,1.3100000000000001,1.3700000000000001,3858772,7155,1.3594299999999999
2023-01-24 05:00:00+00:00,1.3700000000000001,1.4299999999999999,1.3500000000000001,1.4299999999999999,9078263,10123,1.39561
2023-01-25 05:00:00+00:00,1.4199999999999999,1.4399999999999999,1.3600000000000001,1.4299999999999999,6231592,8530,1.406687
2023-01-26 05:00:00+00:00,1.4399999999999999,1.46,1.3799999999999999,1.4199999999999999,4844001,6764,1.4175500000000001
2023-01-27 05:00:00+00:00,1.4099999999999999,1.47,1.4035,1.4399999999999999,5207856,9361,1.4448129999999999
2023-01-30 05:00:00+00:00,1.4399999999999999,1.52,1.4260999999999999,1.47,11686325,18642,1.492076
2023-01-31 05:00:00+00:00,1.49,1.49,1.3999999999999999,1.4399999999999999,5898747,9220,1.438742
2023-02-01 05:00:00+00:00,1.4199999999999999,1.51,1.3799999999999999,1.5,9642019,13636,1.4542660000000001
2023-02-02 05:00:00+00:00,1.51,1.53,1.4099999999999999,1.4299999999999999,6930770,8819,1.455816
2023-02-03 05:00:00+00:00,1.4099999999999999,1.4199999999999999,1.3500000000000001,1.3700000000000001,6672777,8301,1.37643
2023-02-06 05:00:00+00:00,1.3500000000000001,1.3600000000000001,1.29,1.3200000000000001,7598655,8945,1.322381
2023-02-07 05:00:00+00:00,1.3400000000000001,1.3700000000000001,1.3100000000000001,1.3500000000000001,5895697,7577,1.3454200000000001
2023-02-08 05:00:00+00:00,1.3400000000000001,1.3600000000000001,1.3100000000000001,1.3300000000000001,2691478,4715,1.333434
2023-02-09 05:00:00+00:00,1.3500000000000001,1.415,1.3400000000000001,1.3500000000000001,5520576,6503,1.371691
2023-02-10 05:00:00+00:00,1.3500000000000001,1.3899999999999999,1.3300000000000001,1.3600000000000001,2804285,4901,1.3527400000000001
2023-02-13 05:00:00+00:00,1.3500000000000001,1.3600000000000001,1.3200000000000001,1.3300000000000001,2707146,7628,1.33504
2023-02-14 05:00:00+00:00,1.3200000000000001,1.3799999999999999,1.29,1.3700000000000001,5256923,5745,1.348692
2023-02-15 05:00:00+00:00,1.3500000000000001,1.3899999999999999,1.3300000000000001,1.3899999999999999,4573269,5882,1.3573090000000001
2023-02-16 05:00:00+00:00,1.3799999999999999,1.3799999999999999,1.3300000000000001,1.3300000000000001,3290250,6683,1.3548180000000001
2023-02-17 05:00:00+00:00,1.3300000000000001,1.3300000000000001,1.28,1.3100000000000001,4599249,8267,1.305607
2023-02-21 05:00:00+00:00,1.29,1.3,1.22,1.22,4906729,7355,1.2604900000000001
2023-02-22 05:00:00+00:00,1.25,1.26,1.21,1.22,3326499,4520,1.2346509999999999
2023-02-23 05:00:00+00:00,1.24,1.25,1.2,1.23,4375699,4382,1.2234529999999999
2023-02-24 05:00:00+00:00,1.2,1.23,1.1899999999999999,1.2,4414232,5052,1.2074389999999999
2023-02-27 05:00:00+00:00,1.21,1.2649999999999999,1.2,1.25,3437922,6182,1.243271
2023-02-28 05:00:00+00:00,1.26,1.27,1.22,1.25,3184260,7884,1.2477689999999999
2023-03-01 05:00:00+00:00,1.26,1.3300000000000001,1.24,1.3300000000000001,4152350,8159,1.2813399999999999
2023-03-02 05:00:00+00:00,1.3100000000000001,1.3100000000000001,1.25,1.26,5467368,11204,1.2642469999999999
2023-03-03 05:00:00+00:00,1.25,1.29,1.25,1.28,3948752,5190,1.2700910000000001
2023-03-06 05:00:00+00:00,1.28,1.28,1.22,1.23,2276288,3117,1.2400850000000001
2023-03-07 05:00:00+00:00,1.24,1.24,1.1599999999999999,1.1699999999999999,4907975,6339,1.1857880000000001
2023-03-08 05:00:00+00:00,1.1899999999999999,1.1899999999999999,1.1200000000000001,1.1599999999999999,8977393,17299,1.1456729999999999
2023-03-09 05:00:00+00:00,1.1499999999999999,1.1699999999999999,1.1299999999999999,1.1499999999999999,5919206,6940,1.154541
2023-03-10 05:00:00+00:00,1.1200000000000001,1.1399999999999999,1.0600000000000001,1.0700000000000001,10336434,12501,1.0868910000000001
2023-03-13 04:00:00+00:00,1.0800000000000001,1.1000000000000001,1.03,1.05,7326596,9484,1.0660289999999999
2023-03-14 04:00:00+00:00,1.0700000000000001,1.0800000000000001,1.05,1.05,3702300,6991,1.063402
2023-03-15 04:00:00+00:00,1.04,1.0469999999999999,0.95999999999999996,1.02,14083362,21474,0.99752300000000005
2023-03-16 04:00:00+00:00,1,1.02,0.92200000000000004,1.01,12543896,17205,0.98222299999999996
2023-03-17 04:00:00+00:00,1,1.03,0.96379999999999999,1.03,8348678,11115,0.99824400000000002
2023-03-20 04:00:00+00:00,1.03,1.04,1,1.02,3214306,7571,1.0196179999999999
2023-03-21 04:00:00+00:00,1,1.0377000000000001,1,1.02,4425593,7486,1.011816
2023-03-22 04:00:00+00:00,1.02,1.04,0.98999999999999999,0.98999999999999999,3764666,7211,1.0155639999999999
2023-03-23 04:00:00+00:00,1.01,1.0349999999999999,0.97999999999999998,0.98029999999999995,3317464,4434,1.0037560000000001
2023-03-24 04:00:00+00:00,0.98680000000000001,0.999,0.95999999999999996,0.97309999999999997,3923112,8199,0.96770199999999995
2023-03-27 04:00:00+00:00,0.98240000000000005,0.99795,0.97299999999999998,0.98999999999999999,1896657,3845,0.98557600000000001
2023-03-28 04:00:00+00:00,0.9829,1.02,0.98150000000000004,1.02,1751101,3255,1.006308
2023-03-29 04:00:00+00:00,1.02,1.0600000000000001,1.0149999999999999,1.05,3146710,5409,1.0464070000000001
2023-03-30 04:00:00+00:00,1.0800000000000001,1.1200000000000001,1.0700000000000001,1.1000000000000001,6022601,13521,1.0996870000000001
2023-03-31 04:00:00+00:00,1.1100000000000001,1.1100000000000001,1.0800000000000001,1.0900000000000001,3100837,10473,1.091477
2023-04-03 04:00:00+00:00,1.1000000000000001,1.1100000000000001,1.0600000000000001,1.0800000000000001,3205209,5084,1.084136
2023-04-04 04:00:00+00:00,1.1000000000000001,1.1000000000000001,1.01,1.03,4825717,5435,1.0319290000000001
2023-04-05 04:00:00+00:00,1.02,1.04,0.98999999999999999,1.01,6311439,12297,1.003771
2023-04-06 04:00:00+00:00,1,1.01,0.97999999999999998,1,6954737,12351,0.99466299999999996
2023-04-10 04:00:00+00:00,0.97999999999999998,1.04,0.97999999999999998,1.04,1931070,3963,1.015628
2023-04-11 04:00:00+00:00,1.03,1.05,1.02,1.05,2420866,4328,1.0382450000000001
2023-04-12 04:00:00+00:00,1.05,1.0585,1.01,1.03,2951301,5281,1.029228
2023-04-13 04:00:00+00:00,1.02,1.0800000000000001,1.02,1.0700000000000001,3231692,4820,1.0588519999999999
2023-04-14 04:00:00+00:00,1.0600000000000001,1.0700000000000001,1.01,1.04,1923811,3391,1.0351710000000001
2023-04-17 04:00:00+00:00,1.05,1.05,1.01,1.03,3532251,6813,1.0200959999999999
2023-04-18 04:00:00+00:00,1.02,1.03,1.01,1.02,2980357,6153,1.018427
2023-04-19 04:00:00+00:00,1.01,1.02,0.995,1.01,3782883,7069,1.006831
2023-04-20 04:00:00+00:00,1,1.02,1,1.01,2108449,4812,1.008375
2023-04-21 04:00:00+00:00,1,1.03,0.99229999999999996,1.02,3140731,6381,1.005342
2023-04-24 04:00:00+00:00,1,1.02,1,1.02,2090696,3850,1.0059400000000001
2023-04-25 04:00:00+00:00,1.01,1.05,1.01,1.03,3669310,7699,1.0357989999999999
2023-04-26 04:00:00+00:00,1.04,1.0800000000000001,1.01,1.01,4436613,4956,1.0476620000000001
2023-04-27 04:00:00+00:00,1.02,1.0700000000000001,1.02,1.0600000000000001,2629613,5009,1.050222
2023-04-28 04:00:00+00:00,1.05,1.1000000000000001,1.0449999999999999,1.1000000000000001,3178894,5722,1.0859179999999999
2023-05-01 04:00:00+00:00,1.1000000000000001,1.1100000000000001,1.03,1.03,2531889,4567,1.0648869999999999
2023-05-02 04:00:00+00:00,1.03,1.04,1.01,1.03,2305258,2738,1.023434
2023-05-03 04:00:00+00:00,1.01,1.05,1.01,1.03,2325124,4428,1.0291170000000001
2023-05-04 04:00:00+00:00,1.03,1.0486,1.01,1.03,1787920,3196,1.026348
2023-05-05 04:00:00+00:00,1.03,1.0800000000000001,1.03,1.0600000000000001,2650185,4357,1.060168
2023-05-08 04:00:00+00:00,1.0800000000000001,1.1000000000000001,1.0649999999999999,1.0900000000000001,2524502,5436,1.0821240000000001
2023-05-09 04:00:00+00:00,1.0800000000000001,1.1599999999999999,1.0800000000000001,1.1499999999999999,5153676,7588,1.1310750000000001
2023-05-10 04:00:00+00:00,1.1499999999999999,1.1699999999999999,1.1100000000000001,1.1299999999999999,3308971,7060,1.131853
2023-05-11 04:00:00+00:00,1.1100000000000001,1.1299999999999999,1.0800000000000001,1.1100000000000001,3391449,7065,1.09737
2023-05-12 04:00:00+00:00,1.1200000000000001,1.1200000000000001,1.0900000000000001,1.1000000000000001,1444391,2450,1.1026860000000001
2023-05-15 04:00:00+00:00,1.1000000000000001,1.1399999999999999,1.1000000000000001,1.1299999999999999,1448531,2593,1.121162
2023-05-16 04:00:00+00:00,1.1100000000000001,1.1214999999999999,1.0800000000000001,1.0900000000000001,1985477,3281,1.091189
2023-05-17 04:00:00+00:00,1.0800000000000001,1.1100000000000001,1.0700000000000001,1.0900000000000001,1782927,3360,1.092293
2023-05-18 04:00:00+00:00,1.0900000000000001,1.1000000000000001,1.0700000000000001,1.1000000000000001,1687522,3580,1.0842989999999999
2023-05-19 04:00:00+00:00,1.0900000000000001,1.1100000000000001,1.0600000000000001,1.0700000000000001,1862582,2918,1.0806039999999999
2023-05-22 04:00:00+00:00,1.0700000000000001,1.1499999999999999,1.0700000000000001,1.1399999999999999,4401119,5879,1.121642
2023-05-23 04:00:00+00:00,1.1100000000000001,1.1398999999999999,1.0900000000000001,1.1000000000000001,3064860,4849,1.111564
2023-05-24 04:00:00+00:00,1.1000000000000001,1.1100000000000001,1.0600000000000001,1.0900000000000001,3015733,4768,1.071278
2023-05-25 04:00:00+00:00,1.0700000000000001,1.0900000000000001,1.0600000000000001,1.0700000000000001,2133524,5138,1.069199
2023-05-26 04:00:00+00:00,1.05,1.0700000000000001,1.05,1.0600000000000001,3029994,5514,1.0562130000000001
2023-05-30 04:00:00+00:00,1.0600000000000001,1.0600000000000001,1,1.03,4285026,5880,1.024173
2023-05-31 04:00:00+00:00,1.01,1.0800000000000001,1,1.0800000000000001,3225204,6259,1.0470839999999999
2023-06-01 04:00:00+00:00,1.0800000000000001,1.1899999999999999,1.0800000000000001,1.1599999999999999,12002625,14022,1.1533960000000001
2023-06-02 04:00:00+00:00,1.1899999999999999,1.1899999999999999,1.1399999999999999,1.1699999999999999,6700292,6519,1.1590959999999999
2023-06-05 04:00:00+00:00,1.1799999999999999,1.2,1.1399999999999999,1.1899999999999999,4487891,9489,1.179203
2023-06-06 04:00:00+00:00,1.1799999999999999,1.1899999999999999,1.1399999999999999,1.1799999999999999,3360379,4356,1.1705700000000001
2023-06-07 04:00:00+00:00,1.1799999999999999,1.2,1.1499999999999999,1.1599999999999999,3885568,4343,1.169211
2023-06-08 04:00:00+00:00,1.1599999999999999,1.21,1.1399999999999999,1.21,3730888,5989,1.1750959999999999
2023-06-09 04:00:00+00:00,1.21,1.22,1.1718,1.22,2940543,5508,1.1994009999999999
2023-06-12 04:00:00+00:00,1.2,1.28,1.1899999999999999,1.25,4548385,8853,1.245317
2023-06-13 04:00:00+00:00,1.28,1.3100000000000001,1.2,1.21,6768219,11294,1.244305
2023-06-14 04:00:00+00:00,1.2,1.25,1.2,1.21,4366381,8785,1.2260450000000001
2023-06-15 04:00:00+00:00,1.2,1.26,1.2,1.24,2573537,5297,1.236432
2023-06-16 04:00:00+00:00,1.24,1.2549999999999999,1.22,1.25,2181788,4408,1.2403690000000001
2023-06-20 04:00:00+00:00,1.23,1.27,1.23,1.25,2390043,4515,1.2465059999999999
2023-06-21 04:00:00+00:00,1.23,1.26,1.23,1.25,3503144,5232,1.240558
2023-06-22 04:00:00+00:00,1.22,1.23,1.1899999999999999,1.2,2906805,3964,1.1999139999999999
2023-06-23 04:00:00+00:00,1.1899999999999999,1.2,1.1699999999999999,1.1799999999999999,1802772,2317,1.184288
2023-06-26 04:00:00+00:00,1.1799999999999999,1.22,1.1799999999999999,1.2,2402815,4097,1.206188
2023-06-27 04:00:00+00:00,1.23,1.23,1.2,1.2,3048097,4377,1.2139150000000001
2023-06-28 04:00:00+00:00,1.21,1.23,1.1899999999999999,1.21,2206094,4891,1.2116910000000001
2023-06-29 04:00:00+00:00,1.21,1.25,1.21,1.23,5133942,6990,1.2298279999999999
2023-06-30 04:00:00+00:00,1.23,1.26,1.2250000000000001,1.25,6080685,12578,1.2456879999999999
2023-07-03 04:00:00+00:00,1.25,1.27,1.25,1.25,2965022,6884,1.2598389999999999
2023-07-05 04:00:00+00:00,1.25,1.25,1.21,1.22,3822641,6540,1.225951
2023-07-06 04:00:00+00:00,1.1899999999999999,1.22,1.1521999999999999,1.1699999999999999,4782976,7599,1.1745989999999999
2023-07-07 04:00:00+00:00,1.1599999999999999,1.2450000000000001,1.1499999999999999,1.22,6057004,6747,1.2136279999999999
2023-07-10 04:00:00+00:00,1.22,1.24,1.21,1.22,2169216,4166,1.2296240000000001
2023-07-11 04:00:00+00:00,1.23,1.25,1.2250000000000001,1.24,3395825,3990,1.240089
2023-07-12 04:00:00+00:00,1.25,1.28,1.23,1.24,2764278,3321,1.256659
2023-07-13 04:00:00+00:00,1.24,1.28,1.24,1.28,3368964,8531,1.269531
2023-07-14 04:00:00+00:00,1.28,1.28,1.2150000000000001,1.24,2461209,3742,1.236688
2023-07-17 04:00:00+00:00,1.21,1.25,1.2,1.25,2641245,5399,1.226207
2023-07-18 04:00:00+00:00,1.24,1.28,1.2307999999999999,1.25,3188866,4706,1.263733
2023-07-19 04:00:00+00:00,1.27,1.3,1.24,1.27,3564119,3573,1.2753410000000001
2023-07-20 04:00:00+00:00,1.26,1.26,1.22,1.22,2864087,4822,1.232497
2023-07-21 04:00:00+00:00,1.24,1.24,1.2,1.22,2716210,4355,1.215247
2023-07-24 04:00:00+00:00,1.21,1.26,1.21,1.22,2235872,3950,1.2409920000000001
2023-07-25 04:00:00+00:00,1.22,1.28,1.22,1.27,2637555,3379,1.2603569999999999
2023-07-26 04:00:00+00:00,1.26,1.2699,1.2301,1.25,2092242,4510,1.2493430000000001
2023-07-27 04:00:00+00:00,1.26,1.2633000000000001,1.2,1.21,6026340,8177,1.223538
2023-07-28 04:00:00+00:00,1.21,1.25,1.2,1.24,3537438,4594,1.2328760000000001
2023-07-31 04:00:00+00:00,1.26,1.3300000000000001,1.25,1.28,6395174,9104,1.2885789999999999
2023-08-01 04:00:00+00:00,1.27,1.29,1.25,1.28,2905307,5371,1.2760579999999999
2023-08-02 04:00:00+00:00,1.26,1.27,1.21,1.27,4048424,5316,1.242958
2023-08-03 04:00:00+00:00,1.24,1.27,1.23,1.25,2835295,4322,1.2566649999999999
2023-08-04 04:00:00+00:00,1.25,1.29,1.24,1.28,3390890,5024,1.2689490000000001
2023-08-07 04:00:00+00:00,1.3,1.3300000000000001,1.27,1.29,4931397,4319,1.2959419999999999
2023-08-08 04:00:00+00:00,1.27,1.3100000000000001,1.23,1.3100000000000001,4035570,5860,1.2760910000000001
2023-08-09 04:00:00+00:00,1.3,1.345,1.2949999999999999,1.3400000000000001,4011915,5429,1.3286709999999999
2023-08-10 04:00:00+00:00,1.3700000000000001,1.405,1.29,1.3100000000000001,9040139,9563,1.3422320000000001
2023-08-11 04:00:00+00:00,1.3100000000000001,1.3899999999999999,1.3049999999999999,1.3799999999999999,6209254,7313,1.361998
2023-08-14 04:00:00+00:00,1.3600000000000001,1.3899999999999999,1.3300000000000001,1.3899999999999999,3544548,5901,1.3712390000000001
2023-08-15 04:00:00+00:00,1.3799999999999999,1.3799999999999999,1.3200000000000001,1.3300000000000001,4933807,4931,1.3378680000000001
2023-08-16 04:00:00+00:00,1.3300000000000001,1.3600000000000001,1.3200000000000001,1.3300000000000001,3172606,5010,1.3295600000000001
2023-08-17 04:00:00+00:00,1.3300000000000001,1.3400000000000001,1.29,1.3100000000000001,4234473,7252,1.303658
2023-08-18 04:00:00+00:00,1.3,1.3700000000000001,1.29,1.3700000000000001,4493112,5757,1.337561
2023-08-21 04:00:00+00:00,1.3700000000000001,1.4399999999999999,1.3600000000000001,1.4299999999999999,9229093,17558,1.4145890000000001
2023-08-22 04:00:00+00:00,1.4399999999999999,1.45,1.3799999999999999,1.4099999999999999,6422093,10095,1.405065
2023-08-23 04:00:00+00:00,1.3999999999999999,1.4399999999999999,1.3899999999999999,1.4199999999999999,6144911,8034,1.4286779999999999
2023-08-24 04:00:00+00:00,1.4199999999999999,1.4299999999999999,1.3300000000000001,1.3799999999999999,5077389,6873,1.3991709999999999
2023-08-25 04:00:00+00:00,1.3899999999999999,1.4199999999999999,1.3400000000000001,1.4199999999999999,6522969,8233,1.387651
2023-08-28 04:00:00+00:00,1.3899999999999999,1.4299999999999999,1.3799999999999999,1.4099999999999999,4006869,5190,1.397016
2023-08-29 04:00:00+00:00,1.3999999999999999,1.4099999999999999,1.3799999999999999,1.3899999999999999,3428664,5452,1.3936459999999999
2023-08-30 04:00:00+00:00,1.3799999999999999,1.4299999999999999,1.3700000000000001,1.4199999999999999,6024593,7941,1.4048400000000001
2023-08-31 04:00:00+00:00,1.4399999999999999,1.45,1.3899999999999999,1.3999999999999999,3625705,3925,1.418472
2023-09-01 04:00:00+00:00,1.4299999999999999,1.45,1.4099999999999999,1.4099999999999999,3962742,6889,1.431721
2023-09-05 04:00:00+00:00,1.45,1.47,1.4099999999999999,1.46,7837120,9993,1.441943
2023-09-06 04:00:00+00:00,1.48,1.48,1.3899999999999999,1.4199999999999999,6608213,6942,1.420118
2023-09-07 04:00:00+00:00,1.3999999999999999,1.4199999999999999,1.3899999999999999,1.4099999999999999,5538879,5664,1.402299
2023-09-08 04:00:00+00:00,1.3899999999999999,1.4399999999999999,1.3799999999999999,1.4299999999999999,5419211,5318,1.405016
2023-09-11 04:00:00+00:00,1.4199999999999999,1.46,1.4199999999999999,1.46,7066938,8925,1.4451769999999999
2023-09-12 04:00:00+00:00,1.45,1.49,1.4450000000000001,1.48,9060293,12507,1.47244
2023-09-13 04:00:00+00:00,1.48,1.54,1.46,1.52,14872270,18720,1.5034700000000001
2023-09-14 04:00:00+00:00,1.54,1.6000000000000001,1.52,1.5800000000000001,15747526,18518,1.565615
2023-09-15 04:00:00+00:00,1.6000000000000001,1.6499999999999999,1.5900000000000001,1.6499999999999999,18548332,27851,1.627162
2023-09-18 04:00:00+00:00,1.6499999999999999,1.6699999999999999,1.5900000000000001,1.6499999999999999,13487941,14946,1.6324339999999999
2023-09-19 04:00:00+00:00,1.6599999999999999,1.6791,1.5800000000000001,1.6100000000000001,16333904,18231,1.611899
2023-09-20 04:00:00+00:00,1.5800000000000001,1.6499999999999999,1.5800000000000001,1.5900000000000001,8477485,9935,1.615532
2023-09-21 04:00:00+00:00,1.55,1.6000000000000001,1.53,1.5700000000000001,6028308,7254,1.571272
2023-09-22 04:00:00+00:00,1.5600000000000001,1.6799999999999999,1.5600000000000001,1.6299999999999999,11497917,12296,1.6382159999999999
2023-09-25 04:00:00+00:00,1.6299999999999999,1.73,1.6100000000000001,1.72,14254828,16429,1.6922410000000001
2023-09-26 04:00:00+00:00,1.74,1.74,1.6399999999999999,1.6399999999999999,14486844,14853,1.675203
2023-09-27 04:00:00+00:00,1.6799999999999999,1.72,1.6299999999999999,1.6699999999999999,13018110,13408,1.67195
2023-09-28 04:00:00+00:00,1.6899999999999999,1.79,1.6799999999999999,1.75,15071493,15912,1.7345980000000001
2023-09-29 04:00:00+00:00,1.79,1.79,1.6499999999999999,1.6499999999999999,21354382,20107,1.677662
2023-10-02 04:00:00+00:00,1.6299999999999999,1.6499999999999999,1.5600000000000001,1.5800000000000001,11893459,13680,1.590884
2023-10-03 04:00:00+00:00,1.5600000000000001,1.6499999999999999,1.5600000000000001,1.5800000000000001,9461703,10375,1.5890010000000001
2023-10-04 04:00:00+00:00,1.55,1.5700000000000001,1.5,1.55,10515437,11017,1.529067
2023-10-05 04:00:00+00:00,1.54,1.6000000000000001,1.53,1.5600000000000001,7160447,9050,1.5658399999999999
2023-10-06 04:00:00+00:00,1.53,1.6399999999999999,1.5210999999999999,1.6000000000000001,6437789,7871,1.6012630000000001
2023-10-09 04:00:00+00:00,1.6000000000000001,1.6085,1.53,1.5700000000000001,3175423,5033,1.5610900000000001
2023-10-10 04:00:00+00:00,1.55,1.6499999999999999,1.55,1.6200000000000001,9650150,9845,1.616795
2023-10-11 04:00:00+00:00,1.5,1.51,1.47,1.48,36955809,34714,1.482971
2023-10-12 04:00:00+00:00,1.49,1.51,1.4199999999999999,1.45,18266274,14045,1.466577
2023-10-13 04:00:00+00:00,1.45,1.49,1.4299999999999999,1.46,12230031,9697,1.4616199999999999
2023-10-16 04:00:00+00:00,1.5,1.5,1.4299999999999999,1.46,9450633,7327,1.4547220000000001
2023-10-17 04:00:00+00:00,1.4399999999999999,1.51,1.4357,1.47,8982951,8311,1.485015
2023-10-18 04:00:00+00:00,1.49,1.52,1.47,1.5,4598079,5125,1.494167
2023-10-19 04:00:00+00:00,1.49,1.55,1.46,1.53,7685260,8293,1.523107
2023-10-20 04:00:00+00:00,1.52,1.5583,1.48,1.51,7292347,9143,1.5142580000000001
2023-10-23 04:00:00+00:00,1.52,1.54,1.47,1.52,7636646,7934,1.5104010000000001
2023-10-24 04:00:00+00:00,1.51,1.5800000000000001,1.51,1.5800000000000001,5787670,6422,1.5565629999999999
2023-10-25 04:00:00+00:00,1.5900000000000001,1.635,1.5700000000000001,1.5800000000000001,7181903,10926,1.5961989999999999
2023-10-26 04:00:00+00:00,1.6000000000000001,1.6100000000000001,1.53,1.5600000000000001,7254331,8556,1.5618700000000001
2023-10-27 04:00:00+00:00,1.5600000000000001,1.5800000000000001,1.51,1.53,6482494,6760,1.541531
2023-10-30 04:00:00+00:00,1.52,1.5700000000000001,1.52,1.5700000000000001,6805170,7227,1.5457019999999999
2023-10-31 04:00:00+00:00,1.5800000000000001,1.6200000000000001,1.5600000000000001,1.6200000000000001,12789256,12801,1.6036490000000001
2023-11-01 04:00:00+00:00,1.6299999999999999,1.6399999999999999,1.5800000000000001,1.6299999999999999,9203095,10582,1.618865
2023-11-02 04:00:00+00:00,1.6299999999999999,1.6599999999999999,1.6000000000000001,1.6499999999999999,11332238,9336,1.6390039999999999
2023-11-03 04:00:00+00:00,1.6200000000000001,1.6399999999999999,1.5900000000000001,1.6000000000000001,8529063,9427,1.615874
2023-11-06 05:00:00+00:00,1.6000000000000001,1.6100000000000001,1.53,1.54,6726515,7593,1.5521069999999999
2023-11-07 05:00:00+00:00,1.53,1.5700000000000001,1.5,1.55,9445286,10001,1.544773
2023-11-08 05:00:00+00:00,1.54,1.5600000000000001,1.5,1.51,6138879,6962,1.519949
2023-11-09 05:00:00+00:00,1.54,1.6200000000000001,1.5289999999999999,1.5700000000000001,10500000,10198,1.5836209999999999
2023-11-10 05:00:00+00:00,1.5800000000000001,1.6100000000000001,1.5249999999999999,1.5900000000000001,7945146,8907,1.5685340000000001
2023-11-13 05:00:00+00:00,1.5800000000000001,1.6899999999999999,1.5700000000000001,1.6599999999999999,9807168,10038,1.6565879999999999
2023-11-14 05:00:00+00:00,1.6799999999999999,1.7,1.6343000000000001,1.6899999999999999,10067426,9564,1.672193
2023-11-15 05:00:00+00:00,1.6899999999999999,1.6899999999999999,1.6399999999999999,1.6799999999999999,5969302,6492,1.6677979999999999
2023-11-16 05:00:00+00:00,1.6699999999999999,1.75,1.655,1.75,11463277,9569,1.7121360000000001
2023-11-17 05:00:00+00:00,1.76,1.8,1.74,1.78,12470737,11732,1.778931
2023-11-20 05:00:00+00:00,1.79,1.8400000000000001,1.78,1.8400000000000001,11683726,12070,1.818513
2023-11-21 05:00:00+00:00,1.8500000000000001,1.8600000000000001,1.79,1.8400000000000001,10255775,11885,1.8181
2023-11-22 05:00:00+00:00,1.8500000000000001,1.8500000000000001,1.79,1.8500000000000001,6839584,10066,1.829313
2023-11-24 05:00:00+00:00,1.8500000000000001,1.8899999999999999,1.835,1.8500000000000001,2962000,4253,1.8620540000000001
2023-11-27 05:00:00+00:00,1.8200000000000001,1.8799999999999999,1.8200000000000001,1.8799999999999999,5873114,8845,1.864085
2023-11-28 05:00:00+00:00,1.8700000000000001,1.8799999999999999,1.8200000000000001,1.8300000000000001,6824802,7472,1.84056
2023-11-29 05:00:00+00:00,1.8200000000000001,1.8200000000000001,1.74,1.74,8075006,9117,1.7684280000000001
2023-11-30 05:00:00+00:00,1.74,1.8500000000000001,1.73,1.8300000000000001,12415733,14944,1.806386
2023-12-01 05:00:00+00:00,1.8100000000000001,1.8700000000000001,1.79,1.8,8493530,11475,1.8229280000000001
2023-12-04 05:00:00+00:00,1.8400000000000001,1.8700000000000001,1.8200000000000001,1.8600000000000001,9776673,10911,1.849343
2023-12-05 05:00:00+00:00,1.8600000000000001,1.8799999999999999,1.8,1.8200000000000001,7881563,9066,1.8323160000000001
2023-12-06 05:00:00+00:00,1.8100000000000001,1.855,1.79,1.8,10347759,8596,1.8159650000000001
2023-12-07 05:00:00+00:00,1.79,1.8300000000000001,1.77,1.8100000000000001,8218657,8336,1.801793
2023-12-08 05:00:00+00:00,1.8200000000000001,1.8600000000000001,1.8,1.8500000000000001,9254809,8105,1.8399369999999999
2023-12-11 05:00:00+00:00,1.8400000000000001,1.8700000000000001,1.79,1.8300000000000001,9316797,13748,1.814254
2023-12-12 05:00:00+00:00,1.8400000000000001,1.8400000000000001,1.76,1.8100000000000001,10755571,11410,1.7971520000000001
2023-12-13 05:00:00+00:00,1.8200000000000001,1.8300000000000001,1.75,1.79,13913243,12426,1.783785
2023-12-14 05:00:00+00:00,1.78,1.8500000000000001,1.72,1.8400000000000001,17803628,14844,1.788311
2023-12-15 05:00:00+00:00,1.8500000000000001,1.8500000000000001,1.76,1.76,11290668,9063,1.7943899999999999
2023-12-18 05:00:00+00:00,1.8,1.8600000000000001,1.78,1.79,10269534,9411,1.8132010000000001
2023-12-19 05:00:00+00:00,1.78,1.79,1.7,1.7,22431008,14023,1.740863
2023-12-20 05:00:00+00:00,1.72,1.74,1.665,1.7,17381882,13965,1.7050730000000001
2023-12-21 05:00:00+00:00,1.74,1.79,1.72,1.79,28399515,17398,1.7622960000000001
2023-12-22 05:00:00+00:00,1.77,1.8100000000000001,1.73,1.73,14116974,14890,1.7648740000000001
2023-12-26 05:00:00+00:00,1.75,1.77,1.72,1.77,3592410,4747,1.7427140000000001
2023-12-27 05:00:00+00:00,1.76,1.79,1.74,1.76,9423693,9237,1.759708
2023-12-28 05:00:00+00:00,1.76,1.76,1.7,1.71,9274103,7493,1.723795
2023-12-29 05:00:00+00:00,1.72,1.77,1.71,1.77,8653977,7900,1.7468570000000001
2024-01-02 05:00:00+00:00,1.78,1.78,1.6899999999999999,1.6899999999999999,11720976,11287,1.718664
2024-01-03 05:00:00+00:00,1.7,1.74,1.6699999999999999,1.6699999999999999,12528155,12424,1.6976789999999999
2024-01-04 05:00:00+00:00,1.6899999999999999,1.73,1.6699999999999999,1.6899999999999999,7396901,7816,1.7028479999999999
2024-01-05 05:00:00+00:00,1.71,1.73,1.6599999999999999,1.6599999999999999,7165843,6587,1.6852050000000001
2024-01-08 05:00:00+00:00,1.6499999999999999,1.6799999999999999,1.6299999999999999,1.6699999999999999,7367141,8329,1.656763
2024-01-09 05:00:00+00:00,1.6599999999999999,1.79,1.6399999999999999,1.77,15918826,13657,1.731765
2024-01-10 05:00:00+00:00,1.8,1.8300000000000001,1.74,1.77,12387526,13835,1.7818210000000001
2024-01-11 05:00:00+00:00,1.77,1.8,1.7201,1.8,14601352,14047,1.7762450000000001
2024-01-12 05:00:00+00:00,1.8700000000000001,1.99,1.8600000000000001,1.98,35358516,29845,1.9433050000000001
2024-01-16 05:00:00+00:00,2.04,2.1200000000000001,1.98,2,35934070,31517,2.031803
2024-01-17 05:00:00+00:00,2.0099999999999998,2.0299999999999998,1.96,2.0099999999999998,21463930,22529,2.0041389999999999
2024-01-18 05:00:00+00:00,2.0299999999999998,2.04,1.97,2.0099999999999998,9994901,10749,1.999093
2024-01-19 05:00:00+00:00,2.0099999999999998,2.0291999999999999,1.95,1.96,10596243,9780,1.9786029999999999
2024-01-22 05:00:00+00:00,1.9399999999999999,1.98,1.9099999999999999,1.9099999999999999,10433951,10496,1.9427620000000001
2024-01-23 05:00:00+00:00,1.9199999999999999,2,1.8999999999999999,1.97,9536613,8148,1.9646600000000001
2024-01-24 05:00:00+00:00,2.0099999999999998,2.0499999999999998,1.96,1.97,9715286,10100,2.0036870000000002
2024-01-25 05:00:00+00:00,1.98,1.98,1.8799999999999999,1.8999999999999999,13373437,14020,1.9122440000000001
2024-01-26 05:00:00+00:00,1.9299999999999999,1.9299999999999999,1.8799999999999999,1.9199999999999999,5948005,7361,1.9089609999999999
2024-01-29 05:00:00+00:00,1.9099999999999999,1.96,1.8700000000000001,1.95,9239050,8996,1.9278489999999999
2024-01-30 05:00:00+00:00,1.97,2.0299999999999998,1.95,2.0299999999999998,14371445,15063,2.0031819999999998
2024-01-31 05:00:00+00:00,2.0299999999999998,2.0550000000000002,2,2,15038668,13763,2.020686
2024-02-01 05:00:00+00:00,2.0899999999999999,2.1499999999999999,2.0600000000000001,2.1400000000000001,30129408,27669,2.122814
2024-02-02 05:00:00+00:00,2.1400000000000001,2.1400000000000001,2.0834000000000001,2.1099999999999999,15890499,13646,2.1084779999999999
2024-02-05 05:00:00+00:00,2.1200000000000001,2.1299999999999999,2.0299999999999998,2.0800000000000001,16484947,13860,2.0628510000000002
2024-02-06 05:00:00+00:00,2.1000000000000001,2.1099999999999999,2.0299999999999998,2.04,16058116,14035,2.0667339999999998
2024-02-07 05:00:00+00:00,2.0499999999999998,2.1000000000000001,2.02,2.0899999999999999,12621640,13359,2.0754329999999999
2024-02-08 05:00:00+00:00,2.1000000000000001,2.1179999999999999,1.98,2,17581200,14768,2.0181
2024-02-09 05:00:00+00:00,2,2.0676000000000001,1.97,2.0099999999999998,12954429,10927,2.0269689999999998
2024-02-12 05:00:00+00:00,2.02,2.0499999999999998,1.9804999999999999,2.0299999999999998,10665770,9452,2.022405
2024-02-13 05:00:00+00:00,2,2.0299999999999998,1.954,1.98,14347894,12448,1.9822770000000001
2024-02-14 05:00:00+00:00,1.96,2.0085000000000002,1.95,1.95,9887881,7390,1.9696130000000001
2024-02-15 05:00:00+00:00,1.95,1.97,1.9199999999999999,1.9299999999999999,8253104,9770,1.9413149999999999
2024-02-16 05:00:00+00:00,1.9399999999999999,1.96,1.9199999999999999,1.9299999999999999,6719782,8092,1.934221
2024-02-20 05:00:00+00:00,1.9199999999999999,1.9299999999999999,1.79,1.8100000000000001,17278537,15887,1.840679
2024-02-21 05:00:00+00:00,1.78,1.8899999999999999,1.77,1.8500000000000001,16875629,11396,1.83222
2024-02-22 05:00:00+00:00,1.8600000000000001,1.8799999999999999,1.79,1.79,11927170,12580,1.809232
2024-02-23 05:00:00+00:00,1.79,1.8100000000000001,1.75,1.76,12871507,9054,1.773706
2024-02-26 05:00:00+00:00,1.75,1.8300000000000001,1.7401,1.79,13967459,11403,1.7836799999999999
2024-02-27 05:00:00+00:00,1.77,1.8999999999999999,1.77,1.8700000000000001,22907094,14938,1.8479699999999999
2024-02-28 05:00:00+00:00,1.8700000000000001,1.8799999999999999,1.78,1.8,15922042,12253,1.82484
2024-02-29 05:00:00+00:00,1.8100000000000001,1.8300000000000001,1.75,1.78,17450569,16266,1.7902400000000001
2024-03-01 05:00:00+00:00,1.8100000000000001,1.95,1.8,1.9199999999999999,21335798,17616,1.8990610000000001
2024-03-04 05:00:00+00:00,1.96,1.96,1.8400000000000001,1.8500000000000001,11589589,14318,1.8790610000000001
2024-03-05 05:00:00+00:00,1.8500000000000001,1.8799999999999999,1.8,1.8,10295687,10563,1.831704
2024-03-06 05:00:00+00:00,1.8300000000000001,1.8799999999999999,1.8200000000000001,1.8200000000000001,7560297,7423,1.8530979999999999
2024-03-07 05:00:00+00:00,1.8300000000000001,1.96,1.8200000000000001,1.96,14780881,11307,1.9226129999999999
2024-03-08 05:00:00+00:00,1.96,1.9650000000000001,1.8100000000000001,1.8400000000000001,17447246,15303,1.8564449999999999
2024-03-11 04:00:00+00:00,1.8500000000000001,1.8600000000000001,1.8,1.8200000000000001,11947122,12649,1.814281
2024-03-12 04:00:00+00:00,1.8300000000000001,1.8700000000000001,1.79,1.8200000000000001,7374318,8795,1.8337650000000001
2024-03-13 04:00:00+00:00,1.8200000000000001,1.8799999999999999,1.76,1.79,23999019,16045,1.814236
2024-03-14 04:00:00+00:00,1.8,1.8100000000000001,1.73,1.79,15293235,10856,1.777847
2024-03-15 04:00:00+00:00,1.79,1.8899999999999999,1.78,1.8799999999999999,18518446,11966,1.85704
2024-03-18 04:00:00+00:00,1.8899999999999999,1.8999999999999999,1.8400000000000001,1.8899999999999999,11122579,8942,1.875513
2024-03-19 04:00:00+00:00,1.8500000000000001,1.8799999999999999,1.8100000000000001,1.8300000000000001,16269328,16137,1.84341
2024-03-20 04:00:00+00:00,1.8400000000000001,1.9399999999999999,1.8200000000000001,1.9299999999999999,13874451,13807,1.8781330000000001
2024-03-21 04:00:00+00:00,1.9299999999999999,1.96,1.8999999999999999,1.9299999999999999,10334700,9389,1.9336660000000001
2024-03-22 04:00:00+00:00,1.9299999999999999,1.97,1.9199999999999999,1.9399999999999999,6502536,7025,1.94252
2024-03-25 04:00:00+00:00,1.95,2.0099999999999998,1.9299999999999999,1.95,11732206,11532,1.9708399999999999
2024-03-26 04:00:00+00:00,1.9199999999999999,1.97,1.8999999999999999,1.95,10743934,9310,1.9382630000000001
2024-03-27 04:00:00+00:00,1.96,1.97,1.9099999999999999,1.95,8498505,8354,1.9353739999999999
2024-03-28 04:00:00+00:00,1.9399999999999999,2,1.9399999999999999,1.95,13285029,12640,1.9731909999999999
2024-04-01 04:00:00+00:00,1.97,2.0800000000000001,1.97,2.0699999999999998,19397068,16516,2.0470809999999999
2024-04-02 04:00:00+00:00,2.0600000000000001,2.1200000000000001,2.0150000000000001,2.1200000000000001,16756718,17890,2.0779519999999998
2024-04-03 04:00:00+00:00,2.1200000000000001,2.2200000000000002,2.1150000000000002,2.2200000000000002,22373568,20451,2.1931400000000001
2024-04-04 04:00:00+00:00,2.21,2.2400000000000002,2.1299999999999999,2.1600000000000001,22564780,19792,2.191716
2024-04-05 04:00:00+00:00,2.1200000000000001,2.2200000000000002,2.1000000000000001,2.1400000000000001,16648715,15986,2.1571210000000001
2024-04-08 04:00:00+00:00,2.1499999999999999,2.1699999999999999,2.0499999999999998,2.0699999999999998,13939800,11128,2.0818810000000001
2024-04-09 04:00:00+00:00,2.0899999999999999,2.1200000000000001,2.04,2.0499999999999998,16034584,16814,2.068495
2024-04-10 04:00:00+00:00,2.02,2.1200000000000001,2,2.1200000000000001,15117823,12876,2.079523
2024-04-11 04:00:00+00:00,2.1299999999999999,2.21,2.0800000000000001,2.1899999999999999,20870509,21156,2.1594890000000002
2024-04-12 04:00:00+00:00,2.1899999999999999,2.25,2.0804999999999998,2.1099999999999999,20497291,17921,2.1733470000000001
2024-04-15 04:00:00+00:00,2.1200000000000001,2.1600000000000001,2.0499999999999998,2.0600000000000001,24519684,21778,2.0932200000000001
2024-04-16 04:00:00+00:00,2.04,2.0800000000000001,1.96,2.0299999999999998,20959814,17715,2.0249259999999998
2024-04-17 04:00:00+00:00,2.0499999999999998,2.0899999999999999,1.98,2.02,12685685,12919,2.040899
2024-04-18 04:00:00+00:00,2.0299999999999998,2.0800000000000001,2.0099999999999998,2.0099999999999998,11040841,11695,2.0429979999999999
2024-04-19 04:00:00+00:00,2,2.0449999999999999,1.98,1.99,8761016,10469,2.0058669999999998
2024-04-22 04:00:00+00:00,1.99,2.0899999999999999,1.96,2,13677406,12930,1.991303
2024-04-23 04:00:00+00:00,2,2.04,1.9701,1.99,12981426,10671,2.0089899999999998
2024-04-24 04:00:00+00:00,2.0299999999999998,2.04,1.9650000000000001,1.97,13789224,13144,1.9880899999999999
2024-04-25 04:00:00+00:00,1.96,2,1.9399999999999999,1.97,14551099,11913,1.964818
2024-04-26 04:00:00+00:00,1.95,2.1000000000000001,1.95,2.0299999999999998,18175498,13803,1.9982150000000001
2024-04-29 04:00:00+00:00,2.0600000000000001,2.1400000000000001,2.02,2.1400000000000001,25615551,19026,2.0754980000000001
2024-04-30 04:00:00+00:00,2.1099999999999999,2.1200000000000001,1.98,1.98,22266034,18216,2.0196710000000002
2024-05-01 04:00:00+00:00,2.0800000000000001,2.1400000000000001,2.0099999999999998,2.04,26863140,21085,2.0598779999999999
2024-05-02 04:00:00+00:00,2.0499999999999998,2.1400000000000001,2.0099999999999998,2.1099999999999999,17497267,16002,2.1022370000000001
2024-05-03 04:00:00+00:00,2.1400000000000001,2.1600000000000001,2.1000000000000001,2.1299999999999999,18189925,16338,2.1267420000000001
2024-05-06 04:00:00+00:00,2.1200000000000001,2.23,2.1200000000000001,2.1899999999999999,21335577,19635,2.186957
2024-05-07 04:00:00+00:00,2.1800000000000002,2.2400000000000002,2.1299999999999999,2.1400000000000001,14900448,18481,2.1807940000000001
2024-05-08 04:00:00+00:00,2.1499999999999999,2.1699999999999999,2.04,2.0800000000000001,22383089,18152,2.1068609999999999
2024-05-09 04:00:00+00:00,2.0800000000000001,2.1549999999999998,2.0499999999999998,2.1400000000000001,14395094,14138,2.108663
2024-05-10 04:00:00+00:00,2.1499999999999999,2.1699999999999999,2.0600000000000001,2.0699999999999998,14107130,11746,2.0968740000000001
2024-05-13 04:00:00+00:00,2.0800000000000001,2.1200000000000001,2.04,2.04,9520303,8939,2.074335
2024-05-14 04:00:00+00:00,2.0499999999999998,2.0750000000000002,2.0299999999999998,2.0499999999999998,13332960,14185,2.044467
2024-05-15 04:00:00+00:00,2.0499999999999998,2.0899999999999999,2.0299999999999998,2.0600000000000001,12512883,12275,2.0632769999999998
2024-05-16 04:00:00+00:00,2.0600000000000001,2.1299999999999999,2.0600000000000001,2.1000000000000001,11271474,12814,2.1059519999999998
2024-05-17 04:00:00+00:00,2.1000000000000001,2.27,2.0899999999999999,2.2400000000000002,35492800,26876,2.2219359999999999
2024-05-20 04:00:00+00:00,2.2999999999999998,2.3199999999999998,2.25,2.29,19793289,25805,2.2894169999999998
2024-05-21 04:00:00+00:00,2.2999999999999998,2.3300000000000001,2.27,2.2799999999999998,17379708,19747,2.294149
2024-05-22 04:00:00+00:00,2.2599999999999998,2.2999999999999998,2.23,2.2400000000000002,23024406,24198,2.2631999999999999
2024-05-23 04:00:00+00:00,2.2599999999999998,2.2799999999999998,2.23,2.2400000000000002,12790578,14948,2.2542789999999999
2024-05-24 04:00:00+00:00,2.25,2.3300000000000001,2.23,2.3199999999999998,13242112,12928,2.304103
2024-05-28 04:00:00+00:00,2.3399999999999999,2.3999999999999999,2.3100999999999998,2.3999999999999999,15583579,19071,2.3667880000000001
2024-05-29 04:00:00+00:00,2.3700000000000001,2.4199999999999999,2.2999999999999998,2.4199999999999999,19132678,16011,2.3509060000000002
2024-05-30 04:00:00+00:00,2.4199999999999999,2.4500000000000002,2.3799999999999999,2.4199999999999999,17031954,17925,2.4169550000000002
2024-05-31 04:00:00+00:00,2.46,2.4700000000000002,2.3999999999999999,2.4199999999999999,15931632,16138,2.429792
2024-06-03 04:00:00+00:00,2.4199999999999999,2.4300000000000002,2.2993000000000001,2.3700000000000001,15087029,12831,2.370349
2024-06-04 04:00:00+00:00,2.3199999999999998,2.3300000000000001,2.1699999999999999,2.23,22948598,23396,2.221489
2024-06-05 04:00:00+00:00,2.27,2.2799999999999998,2.1600000000000001,2.1699999999999999,12179994,14827,2.2186279999999998
2024-06-06 04:00:00+00:00,2.1499999999999999,2.2599999999999998,2.1400000000000001,2.2000000000000002,13910812,13401,2.2138949999999999
2024-06-07 04:00:00+00:00,2.1899999999999999,2.2000000000000002,2.0899999999999999,2.1000000000000001,12532286,13653,2.1422349999999999
2024-06-10 04:00:00+00:00,2.0899999999999999,2.1600000000000001,2.0800000000000001,2.1200000000000001,15023647,15283,2.1348210000000001
2024-06-11 04:00:00+00:00,2.0899999999999999,2.1000000000000001,2,2.0099999999999998,17163465,12390,2.0457960000000002
2024-06-12 04:00:00+00:00,2.0499999999999998,2.0800000000000001,2.0099999999999998,2.0800000000000001,14437700,13284,2.0481690000000001
2024-06-13 04:00:00+00:00,2.0800000000000001,2.1600000000000001,2.0800000000000001,2.1400000000000001,13211411,19284,2.1314980000000001
2024-06-14 04:00:00+00:00,2.1299999999999999,2.1400000000000001,2.0600000000000001,2.0600000000000001,11873627,16625,2.09226
2024-06-17 04:00:00+00:00,2.0600000000000001,2.105,2.0299999999999998,2.0600000000000001,14415743,16518,2.0700430000000001
2024-06-18 04:00:00+00:00,2.0600000000000001,2.1400000000000001,2.0600000000000001,2.1099999999999999,10251212,11956,2.106608
2024-06-20 04:00:00+00:00,2.1299999999999999,2.1349999999999998,2.0600000000000001,2.0899999999999999,16792448,13669,2.0882679999999998
2024-06-21 04:00:00+00:00,2.0499999999999998,2.085,2.0099999999999998,2.02,14780627,15735,2.0311059999999999
2024-06-24 04:00:00+00:00,2.0099999999999998,2.0699999999999998,2,2.0099999999999998,11390052,13356,2.0379969999999998
2024-06-25 04:00:00+00:00,2.0099999999999998,2.04,1.96,1.99,15007739,17542,1.9921420000000001
2024-06-26 04:00:00+00:00,1.99,2.0699999999999998,1.99,2.02,11877102,13725,2.0311840000000001
2024-06-27 04:00:00+00:00,2.0499999999999998,2.1099999999999999,2.0299999999999998,2.1000000000000001,14524435,19542,2.0804719999999999
2024-06-28 04:00:00+00:00,2.1000000000000001,2.1299999999999999,1.98,1.99,20174068,21320,2.0340449999999999
2024-07-01 04:00:00+00:00,2,2.0800000000000001,2,2.0499999999999998,11513427,14913,2.0551810000000001
2024-07-02 04:00:00+00:00,2.0499999999999998,2.1200000000000001,2.0099999999999998,2.1200000000000001,15326727,17984,2.0620630000000002
2024-07-03 04:00:00+00:00,2.1299999999999999,2.1699999999999999,2.1099999999999999,2.1200000000000001,8538253,10627,2.1358160000000002
2024-07-05 04:00:00+00:00,2.1499999999999999,2.1499999999999999,2.0600000000000001,2.0600000000000001,7351500,10572,2.0790860000000002
2024-07-08 04:00:00+00:00,2.0600000000000001,2.1000000000000001,2.02,2.0299999999999998,16893228,20530,2.0535670000000001
2024-07-09 04:00:00+00:00,2.0299999999999998,2.0899999999999999,2.0099999999999998,2.0600000000000001,11540448,16513,2.0451480000000002
2024-07-10 04:00:00+00:00,2.0600000000000001,2.2599999999999998,2.0600000000000001,2.2400000000000002,24271075,22238,2.2057470000000001
2024-07-11 04:00:00+00:00,2.2599999999999998,2.29,2.23,2.2799999999999998,10583902,13798,2.267935
2024-07-12 04:00:00+00:00,2.2799999999999998,2.2999999999999998,2.2200000000000002,2.2400000000000002,11060029,15701,2.2581440000000002
2024-07-15 04:00:00+00:00,2.2400000000000002,2.2549999999999999,2.1499999999999999,2.1600000000000001,23829664,24553,2.1927720000000002
2024-07-16 04:00:00+00:00,2.1400000000000001,2.1699999999999999,2.1000000000000001,2.1299999999999999,19832140,22736,2.1255000000000002
2024-07-17 04:00:00+00:00,2.1000000000000001,2.1200000000000001,2,2,22569597,24114,2.0358529999999999
2024-07-18 04:00:00+00:00,2.0099999999999998,2.0299999999999998,1.95,1.95,20322312,21530,1.9820819999999999
2024-07-19 04:00:00+00:00,1.95,1.98,1.9299999999999999,1.95,11336489,13193,1.9502429999999999
2024-07-22 04:00:00+00:00,1.96,1.99,1.9299999999999999,1.98,11405000,14018,1.951333
2024-07-23 04:00:00+00:00,1.98,2,1.9099999999999999,1.96,9313327,10407,1.93964
2024-07-24 04:00:00+00:00,1.95,1.97,1.8899999999999999,1.8999999999999999,15400256,16420,1.929165
2024-07-25 04:00:00+00:00,1.8700000000000001,1.9099999999999999,1.8240000000000001,1.8799999999999999,18912179,17362,1.876288
2024-07-26 04:00:00+00:00,1.8899999999999999,1.9299999999999999,1.8799999999999999,1.9299999999999999,13884945,13056,1.9011400000000001
2024-07-29 04:00:00+00:00,1.9199999999999999,1.9399999999999999,1.8100000000000001,1.8500000000000001,11838673,13605,1.8479129999999999
2024-07-30 04:00:00+00:00,1.8400000000000001,1.8700000000000001,1.8200000000000001,1.8600000000000001,14042732,15017,1.843545
2024-07-31 04:00:00+00:00,1.8899999999999999,1.99,1.8600000000000001,1.97,36096529,21810,1.9275329999999999
2024-08-01 04:00:00+00:00,1.96,1.96,1.74,1.76,33499840,21389,1.8034650000000001
2024-08-02 04:00:00+00:00,1.7,1.71,1.5700000000000001,1.6000000000000001,32639474,23887,1.6108229999999999
2024-08-05 04:00:00+00:00,1.46,1.54,1.4219999999999999,1.54,27486471,22352,1.494883
2024-08-06 04:00:00+00:00,1.5700000000000001,1.6100000000000001,1.54,1.5700000000000001,16497070,18584,1.5812729999999999
2024-08-07 04:00:00+00:00,1.6100000000000001,1.6299999999999999,1.5,1.5,20075156,16575,1.5543659999999999
2024-08-08 04:00:00+00:00,1.52,1.5800000000000001,1.5049999999999999,1.54,13826876,11764,1.5434669999999999
2024-08-09 04:00:00+00:00,1.5600000000000001,1.575,1.48,1.48,13487760,15633,1.518108
2024-08-12 04:00:00+00:00,1.5,1.5595000000000001,1.5,1.54,18801958,19741,1.5276689999999999
2024-08-13 04:00:00+00:00,1.55,1.55,1.51,1.53,9686358,12602,1.532003
2024-08-14 04:00:00+00:00,1.54,1.6100000000000001,1.53,1.5700000000000001,11979876,11635,1.5702320000000001
2024-08-15 04:00:00+00:00,1.5700000000000001,1.6299999999999999,1.5700000000000001,1.6100000000000001,13094170,10677,1.60503
2024-08-16 04:00:00+00:00,1.6100000000000001,1.6100000000000001,1.53,1.5600000000000001,13027231,11844,1.5581510000000001
2024-08-19 04:00:00+00:00,1.5600000000000001,1.6299999999999999,1.5600000000000001,1.5900000000000001,13026584,11277,1.5883389999999999
2024-08-20 04:00:00+00:00,1.6000000000000001,1.6100000000000001,1.54,1.5600000000000001,14204736,13589,1.567774
2024-08-21 04:00:00+00:00,1.55,1.5800000000000001,1.54,1.5700000000000001,9966298,9206,1.5631919999999999
2024-08-22 04:00:00+00:00,1.5700000000000001,1.5900000000000001,1.49,1.5,9634927,9240,1.5374140000000001
2024-08-23 04:00:00+00:00,1.6100000000000001,1.77,1.5900000000000001,1.71,28188065,20953,1.7102109999999999
2024-08-26 04:00:00+00:00,1.75,1.77,1.6899999999999999,1.71,21424903,16099,1.7358629999999999
2024-08-27 04:00:00+00:00,1.71,1.73,1.6499999999999999,1.71,15574220,16621,1.7022679999999999
2024-08-28 04:00:00+00:00,1.6699999999999999,1.6799999999999999,1.6140000000000001,1.6200000000000001,16517812,12869,1.638161
2024-08-29 04:00:00+00:00,1.6599999999999999,1.6899999999999999,1.6100000000000001,1.6499999999999999,16874999,11680,1.655796
2024-08-30 04:00:00+00:00,1.6699999999999999,1.6799999999999999,1.6200000000000001,1.6699999999999999,9587858,9933,1.6525730000000001
2024-09-03 04:00:00+00:00,1.6499999999999999,1.6699999999999999,1.51,1.53,20451707,17437,1.5397970000000001
2024-09-04 04:00:00+00:00,1.54,1.5800000000000001,1.51,1.53,17982798,13268,1.5458160000000001
2024-09-05 04:00:00+00:00,1.54,1.55,1.49,1.49,16837000,15568,1.512202
2024-09-06 04:00:00+00:00,1.49,1.5,1.3999999999999999,1.4399999999999999,17174697,12866,1.434623
2024-09-09 04:00:00+00:00,1.47,1.48,1.4299999999999999,1.4399999999999999,9368335,9200,1.4521059999999999
2024-09-10 04:00:00+00:00,1.46,1.5099,1.4299999999999999,1.49,11857549,12496,1.46827
2024-09-11 04:00:00+00:00,1.49,1.6000000000000001,1.48,1.5900000000000001,20840869,11752,1.5617650000000001
2024-09-12 04:00:00+00:00,1.6000000000000001,1.6499999999999999,1.6000000000000001,1.6200000000000001,11494819,8846,1.622379
2024-09-13 04:00:00+00:00,1.6299999999999999,1.6299999999999999,1.5445,1.5700000000000001,11889812,10638,1.569888
2024-09-16 04:00:00+00:00,1.5900000000000001,1.6000000000000001,1.53,1.55,7844159,7538,1.55121
2024-09-17 04:00:00+00:00,1.5700000000000001,1.5900000000000001,1.54,1.54,16052500,9775,1.5588120000000001
2024-09-18 04:00:00+00:00,1.54,1.5800000000000001,1.51,1.52,21392129,14683,1.53607
2024-09-19 04:00:00+00:00,1.5700000000000001,1.6000000000000001,1.54,1.5800000000000001,10039481,8983,1.5721259999999999
2024-09-20 04:00:00+00:00,1.6499999999999999,1.7,1.6200000000000001,1.6899999999999999,26474563,16446,1.668194
2024-09-23 04:00:00+00:00,1.71,1.8100000000000001,1.6899999999999999,1.77,36476295,28914,1.7685569999999999
2024-09-24 04:00:00+00:00,1.8100000000000001,1.8400000000000001,1.78,1.8,22259752,16743,1.8054209999999999
2024-09-25 04:00:00+00:00,1.8300000000000001,1.9299999999999999,1.8200000000000001,1.8799999999999999,25291471,19410,1.8867799999999999
2024-09-26 04:00:00+00:00,1.9099999999999999,1.9399,1.8400000000000001,1.8600000000000001,23562471,15923,1.8746229999999999
2024-09-27 04:00:00+00:00,1.8899999999999999,1.8999999999999999,1.8218000000000001,1.8700000000000001,13636544,12001,1.8555269999999999
2024-09-30 04:00:00+00:00,1.8500000000000001,1.8799999999999999,1.78,1.8300000000000001,16912460,15098,1.8184020000000001
2024-10-01 04:00:00+00:00,1.8400000000000001,1.9099999999999999,1.8300000000000001,1.8999999999999999,19650951,14673,1.881343
2024-10-02 04:00:00+00:00,1.8999999999999999,1.9399999999999999,1.8899999999999999,1.9199999999999999,15371010,12253,1.912336
2024-10-03 04:00:00+00:00,1.95,1.99,1.8799999999999999,1.8999999999999999,15295337,11702,1.928976
2024-10-04 04:00:00+00:00,1.8999999999999999,1.98,1.8999999999999999,1.96,14077333,14374,1.944709
2024-10-07 04:00:00+00:00,1.97,1.97,1.8501000000000001,1.8999999999999999,19419358,17228,1.8939379999999999
2024-10-08 04:00:00+00:00,1.8600000000000001,1.9199999999999999,1.8400000000000001,1.9099999999999999,12900374,13469,1.8801730000000001
2024-10-09 04:00:00+00:00,1.8999999999999999,1.8999999999999999,1.8200000000000001,1.8500000000000001,13287988,11749,1.843702
2024-10-10 04:00:00+00:00,1.8200000000000001,1.8899999999999999,1.8200000000000001,1.8799999999999999,14500354,10310,1.8629849999999999
2024-10-11 04:00:00+00:00,1.8600000000000001,1.9199999999999999,1.8400000000000001,1.9199999999999999,18636634,13712,1.888107
2024-10-14 04:00:00+00:00,1.8999999999999999,1.946,1.8799999999999999,1.9299999999999999,10404128,8141,1.9147320000000001
2024-10-15 04:00:00+00:00,1.9299999999999999,1.9399999999999999,1.8600000000000001,1.9299999999999999,16491925,13248,1.906809
2024-10-16 04:00:00+00:00,1.99,2.2400000000000002,1.98,2.1800000000000002,54523296,42068,2.1461549999999998
2024-10-17 04:00:00+00:00,2.2000000000000002,2.3100000000000001,2.1800000000000002,2.23,33353770,28603,2.2459020000000001
2024-10-18 04:00:00+00:00,2.2599999999999998,2.3999999999999999,2.21,2.3799999999999999,43643700,41987,2.327407
2024-10-21 04:00:00+00:00,2.3999999999999999,2.3999999999999999,2.2400000000000002,2.29,27724923,22369,2.2795700000000001
2024-10-22 04:00:00+00:00,2.25,2.3100000000000001,2.21,2.29,20453211,18025,2.259236
2024-10-23 04:00:00+00:00,2.25,2.27,2.1299999999999999,2.1699999999999999,22118422,19429,2.1898430000000002
2024-10-24 04:00:00+00:00,2.1800000000000002,2.2200000000000002,2.1440000000000001,2.2000000000000002,17620615,14724,2.1843439999999998
2024-10-25 04:00:00+00:00,2.1899999999999999,2.23,2.1400000000000001,2.1899999999999999,13828787,12908,2.1921849999999998
2024-10-28 04:00:00+00:00,2.1699999999999999,2.2599999999999998,2.1400000000000001,2.23,22469607,14484,2.2142170000000001
2024-10-29 04:00:00+00:00,2.25,2.27,2.1499999999999999,2.1600000000000001,15827314,13195,2.1946759999999998
2024-10-30 04:00:00+00:00,2.1499999999999999,2.1899999999999999,2.1200000000000001,2.1499999999999999,12449552,10122,2.1484320000000001
2024-10-31 04:00:00+00:00,2.1200000000000001,2.145,2.0499999999999998,2.1000000000000001,18531335,14343,2.10006
2024-11-01 04:00:00+00:00,2.1299999999999999,2.1699999999999999,2.0600000000000001,2.0800000000000001,17447563,11796,2.119367
2024-11-04 05:00:00+00:00,2.04,2.0899999999999999,2,2.0699999999999998,15178167,11256,2.0489869999999999
2024-11-05 05:00:00+00:00,2.0699999999999998,2.1099999999999999,2.0499999999999998,2.0600000000000001,8409874,8973,2.0736240000000001
2024-11-06 05:00:00+00:00,2.1000000000000001,2.125,2.0299999999999998,2.04,14182743,11486,2.0598290000000001
2024-11-07 05:00:00+00:00,2.0600000000000001,2.1899999999999999,2.0099999999999998,2.1200000000000001,18457023,15191,2.132234
2024-11-08 05:00:00+00:00,2.1099999999999999,2.1349999999999998,2.0099999999999998,2.04,20680255,14800,2.053204
2024-11-11 05:00:00+00:00,2.04,2.0608,1.97,2.04,25660267,16895,2.0105759999999999
2024-11-12 05:00:00+00:00,1.99,2.1699999999999999,1.99,2.1499999999999999,28392834,18155,2.0629029999999999
2024-11-13 05:00:00+00:00,2.2000000000000002,2.2000000000000002,2.0600000000000001,2.0800000000000001,28783859,21843,2.0954190000000001
2024-11-14 05:00:00+00:00,2.0600000000000001,2.0899999999999999,2.02,2.0699999999999998,16062264,14448,2.0596290000000002
2024-11-15 05:00:00+00:00,2.0299999999999998,2.2200000000000002,2.0299999999999998,2.0899999999999999,40402607,30979,2.1401159999999999
2024-11-18 05:00:00+00:00,2.1800000000000002,2.3300000000000001,2.1600000000000001,2.27,34991005,25604,2.264313
2024-11-19 05:00:00+00:00,2.2799999999999998,2.3799999999999999,2.23,2.3700000000000001,32171643,26261,2.3404989999999999
2024-11-20 05:00:00+00:00,2.3599999999999999,2.3799999999999999,2.25,2.2799999999999998,23579069,18597,2.308567
2024-11-21 05:00:00+00:00,2.29,2.3900000000000001,2.27,2.3599999999999999,23589058,18530,2.3434370000000002
2024-11-22 05:00:00+00:00,2.3799999999999999,2.3999999999999999,2.3199999999999998,2.3900000000000001,23416015,18543,2.3628979999999999
2024-11-25 05:00:00+00:00,2.3999999999999999,2.4300000000000002,2.27,2.3199999999999998,30204012,22998,2.3244669999999998
2024-11-26 05:00:00+00:00,2.2999999999999998,2.3399999999999999,2.2549999999999999,2.27,21044785,14790,2.2942619999999998
2024-11-27 05:00:00+00:00,2.2799999999999998,2.3799999999999999,2.2799999999999998,2.2999999999999998,18539049,16430,2.3321909999999999
2024-11-29 05:00:00+00:00,2.3300000000000001,2.4700000000000002,2.3300000000000001,2.3599999999999999,24024704,15692,2.4154749999999998
2024-12-02 05:00:00+00:00,2.4100000000000001,2.4199999999999999,2.25,2.29,29374237,22386,2.3049870000000001
2024-12-03 05:00:00+00:00,2.27,2.2799999999999998,2.1899999999999999,2.2400000000000002,23204456,20420,2.2345449999999998
2024-12-04 05:00:00+00:00,2.2599999999999998,2.3199999999999998,2.21,2.25,20181067,17745,2.2545120000000001
2024-12-05 05:00:00+00:00,2.2400000000000002,2.3698999999999999,2.2200000000000002,2.3199999999999998,18819666,16354,2.3133720000000002
2024-12-06 05:00:00+00:00,2.3300000000000001,2.3399999999999999,2.2799999999999998,2.29,22951048,20519,2.3043800000000001
2024-12-09 05:00:00+00:00,2.3199999999999998,2.3300000000000001,2.1200000000000001,2.1899999999999999,22217686,20847,2.2382029999999999
2024-12-10 05:00:00+00:00,2.2000000000000002,2.23,2.1600000000000001,2.2200000000000002,16372947,18894,2.2016870000000002
2024-12-11 05:00:00+00:00,2.23,2.2599999999999998,2.1499999999999999,2.25,18151209,15673,2.212809
2024-12-12 05:00:00+00:00,2.2400000000000002,2.25,2.1499999999999999,2.1499999999999999,16429300,11984,2.1830880000000001
2024-12-13 05:00:00+00:00,2.1499999999999999,2.1699000000000002,2.0750000000000002,2.0800000000000001,12740364,11912,2.1112109999999999
2024-12-16 05:00:00+00:00,2.0800000000000001,2.1000000000000001,2.0299999999999998,2.0499999999999998,16701198,16135,2.0630809999999999
2024-12-17 05:00:00+00:00,2.02,2.04,1.97,2.0299999999999998,24186723,18541,2.0035910000000001
2024-12-18 05:00:00+00:00,2.0099999999999998,2.0600000000000001,1.9099999999999999,1.9099999999999999,25338886,20316,1.9923660000000001
2024-12-19 05:00:00+00:00,1.9399999999999999,1.9799,1.9200999999999999,1.9399999999999999,18036510,16836,1.947597
2024-12-20 05:00:00+00:00,1.9199999999999999,1.96,1.8799999999999999,1.8899999999999999,32499754,31926,1.912992
2024-12-23 05:00:00+00:00,1.8899999999999999,1.95,1.8899999999999999,1.95,12666421,12104,1.9231780000000001
2024-12-24 05:00:00+00:00,1.96,1.96,1.8700000000000001,1.8799999999999999,15016199,19281,1.8996740000000001
2024-12-26 05:00:00+00:00,1.8899999999999999,1.9399999999999999,1.8680000000000001,1.8999999999999999,7544030,8569,1.908928
2024-12-27 05:00:00+00:00,1.8899999999999999,1.8999999999999999,1.8500000000000001,1.8700000000000001,16202877,14411,1.8759520000000001
2024-12-30 05:00:00+00:00,1.8700000000000001,1.8799999999999999,1.8300000000000001,1.8400000000000001,20487762,18767,1.846929
2024-12-31 05:00:00+00:00,1.8400000000000001,1.8600000000000001,1.79,1.8,23402163,19591,1.8151729999999999
2025-01-02 05:00:00+00:00,1.8600000000000001,2.0800000000000001,1.8506,2.0800000000000001,29416785,20494,2.016991
2025-01-03 05:00:00+00:00,2.0699999999999998,2.1099999999999999,1.99,2.1000000000000001,32212154,32845,2.062046
2025-01-06 05:00:00+00:00,2.1299999999999999,2.1899999999999999,2.0600000000000001,2.0800000000000001,31317080,25083,2.132072
2025-01-07 05:00:00+00:00,2.1000000000000001,2.1088,1.97,1.97,30075091,21242,2.0231539999999999
2025-01-08 05:00:00+00:00,1.97,2,1.8899999999999999,1.96,36494201,22824,1.9364479999999999
2025-01-10 05:00:00+00:00,2,2.0049999999999999,1.9199999999999999,1.95,28676824,19950,1.9503140000000001
2025-01-13 05:00:00+00:00,1.9099999999999999,2,1.8999999999999999,1.9099999999999999,30204571,18390,1.9302360000000001
2025-01-14 05:00:00+00:00,1.9299999999999999,1.99,1.8999999999999999,1.9099999999999999,25019273,14776,1.9394690000000001
2025-01-15 05:00:00+00:00,1.9399999999999999,1.9706999999999999,1.9099999999999999,1.95,26621929,14931,1.947951
2025-01-16 05:00:00+00:00,1.95,1.9787999999999999,1.8400000000000001,1.8600000000000001,23916879,18960,1.878463
2025-01-17 05:00:00+00:00,1.8700000000000001,1.9199999999999999,1.8400000000000001,1.8799999999999999,34844061,20424,1.883634
2025-01-21 05:00:00+00:00,1.8999999999999999,1.96,1.895,1.96,29366434,18529,1.9305079999999999
2025-01-22 05:00:00+00:00,1.99,2.0699999999999998,1.9399999999999999,2.04,35748698,20789,2.0061249999999999
2025-01-23 05:00:00+00:00,2.0099999999999998,2.0600000000000001,1.97,2.04,37729631,21033,2.022081
2025-01-24 05:00:00+00:00,2.0699999999999998,2.1400000000000001,2.0099999999999998,2.0299999999999998,43931522,26450,2.04264
2025-01-27 05:00:00+00:00,1.9299999999999999,1.9399999999999999,1.73,1.73,51509945,37060,1.8184769999999999
2025-01-28 05:00:00+00:00,1.79,1.79,1.71,1.78,28984552,23164,1.7450049999999999
2025-01-29 05:00:00+00:00,1.79,1.8799999999999999,1.75,1.8500000000000001,36404347,24613,1.834571
2025-01-30 05:00:00+00:00,1.8500000000000001,1.9299999999999999,1.8500000000000001,1.9199999999999999,37268907,19815,1.904752
2025-01-31 05:00:00+00:00,1.9099999999999999,1.9199999999999999,1.8,1.8200000000000001,44484240,25253,1.858492
2025-02-03 05:00:00+00:00,1.74,1.8100000000000001,1.7,1.75,66120878,35083,1.779288
2025-02-04 05:00:00+00:00,1.77,1.8700000000000001,1.77,1.8500000000000001,51299953,26405,1.8360050000000001
2025-02-05 05:00:00+00:00,1.8400000000000001,1.8899999999999999,1.8149999999999999,1.8600000000000001,51014107,27680,1.842992
2025-02-06 05:00:00+00:00,1.8600000000000001,1.8799999999999999,1.77,1.79,32122493,17851,1.802667
2025-02-07 05:00:00+00:00,1.8100000000000001,1.8600000000000001,1.79,1.8100000000000001,49787821,23478,1.818962
2025-02-10 05:00:00+00:00,1.8200000000000001,1.8600000000000001,1.78,1.8,53177889,21577,1.8111409999999999
2025-02-11 05:00:00+00:00,1.78,1.8,1.73,1.75,54615659,23881,1.752491
2025-02-12 05:00:00+00:00,1.74,1.8100000000000001,1.72,1.76,41066379,17555,1.7687459999999999
2025-02-13 05:00:00+00:00,1.76,1.78,1.71,1.75,64007086,27610,1.7418469999999999
2025-02-14 05:00:00+00:00,1.75,1.76,1.6100000000000001,1.6200000000000001,53128810,28568,1.6578349999999999
2025-02-18 05:00:00+00:00,1.6200000000000001,1.6499999999999999,1.5800000000000001,1.6299999999999999,48241132,37399,1.6304479999999999
2025-02-19 05:00:00+00:00,1.6299999999999999,1.6399999999999999,1.5700000000000001,1.6000000000000001,61364147,30161,1.5897129999999999
2025-02-20 05:00:00+00:00,1.6200000000000001,1.6399999999999999,1.5800000000000001,1.5800000000000001,53022408,25154,1.606921
2025-02-21 05:00:00+00:00,1.5900000000000001,1.6000000000000001,1.53,1.54,51264240,25897,1.557795
2025-02-24 05:00:00+00:00,1.55,1.5900000000000001,1.52,1.55,59893680,26343,1.550713
2025-02-25 05:00:00+00:00,1.53,1.54,1.46,1.48,69318660,39025,1.4913780000000001
2025-02-26 05:00:00+00:00,1.52,1.5900000000000001,1.48,1.5,70335819,28660,1.5412349999999999
2025-02-27 05:00:00+00:00,1.52,1.5899000000000001,1.45,1.45,68092662,34411,1.499938
2025-02-28 05:00:00+00:00,1.46,1.51,1.425,1.49,61392451,34996,1.464062
2025-03-03 05:00:00+00:00,1.53,1.55,1.3700000000000001,1.3700000000000001,81545645,40484,1.4219440000000001
2025-03-04 05:00:00+00:00,1.3700000000000001,1.46,1.3300000000000001,1.4099999999999999,68966412,37573,1.4004460000000001
2025-03-05 05:00:00+00:00,1.4299999999999999,1.46,1.3899999999999999,1.45,47607722,27094,1.425411
2025-03-06 05:00:00+00:00,1.4099999999999999,1.47,1.3999999999999999,1.4299999999999999,76475363,35904,1.4332009999999999
2025-03-07 05:00:00+00:00,1.4099999999999999,1.4378,1.3700000000000001,1.3899999999999999,65594097,32869,1.398793
2025-03-10 04:00:00+00:00,1.3799999999999999,1.3889,1.27,1.3,80012526,36726,1.311904
2025-03-11 04:00:00+00:00,1.3,1.3899999999999999,1.28,1.3600000000000001,91969083,52450,1.3298270000000001
2025-03-12 04:00:00+00:00,1.3899999999999999,1.45,1.3899999999999999,1.4199999999999999,51759371,31423,1.42265
2025-03-13 04:00:00+00:00,1.4299999999999999,1.4399999999999999,1.3600000000000001,1.3999999999999999,56082065,29973,1.3930149999999999
2025-03-14 04:00:00+00:00,1.3999999999999999,1.4399999999999999,1.3799999999999999,1.3799999999999999,39317929,20713,1.4028039999999999
2025-03-17 04:00:00+00:00,1.3899999999999999,1.46,1.3799999999999999,1.45,47739204,24638,1.4337310000000001
2025-03-18 04:00:00+00:00,1.47,1.47,1.3999999999999999,1.46,49942345,31750,1.434725
2025-03-19 04:00:00+00:00,1.4399999999999999,1.49,1.4399999999999999,1.49,45378894,28239,1.466207
2025-03-20 04:00:00+00:00,1.45,1.55,1.4399999999999999,1.53,60683996,35724,1.509058
2025-03-21 04:00:00+00:00,1.54,1.55,1.46,1.5,71943636,46052,1.4897389999999999
2025-03-24 04:00:00+00:00,1.52,1.54,1.48,1.51,55994253,27937,1.5151840000000001
2025-03-25 04:00:00+00:00,1.5,1.5101,1.4299999999999999,1.47,69189321,31912,1.4570689999999999
2025-03-26 04:00:00+00:00,1.48,1.48,1.4199999999999999,1.4299999999999999,63057764,29823,1.43879
2025-03-27 04:00:00+00:00,1.4399999999999999,1.45,1.3600000000000001,1.3899999999999999,64462482,31941,1.402698
2025-03-28 04:00:00+00:00,1.3700000000000001,1.3999999999999999,1.3300000000000001,1.3300000000000001,70877482,34478,1.3564320000000001
2025-03-31 04:00:00+00:00,1.3100000000000001,1.3300000000000001,1.28,1.3,59541139,34162,1.304074
2025-04-01 04:00:00+00:00,1.3100000000000001,1.3500000000000001,1.27,1.3,79506982,33479,1.3169759999999999
2025-04-02 04:00:00+00:00,1.3,1.3300000000000001,1.28,1.3,71746422,35305,1.2975239999999999
2025-04-03 04:00:00+00:00,1.25,1.3,1.23,1.24,62018217,33905,1.2668269999999999
2025-04-04 04:00:00+00:00,1.21,1.2250000000000001,1.1200000000000001,1.1899999999999999,83305335,41255,1.183581
2025-04-07 04:00:00+00:00,1.1000000000000001,1.26,1.0800000000000001,1.1799999999999999,106866962,49338,1.1780189999999999
2025-04-08 04:00:00+00:00,1.25,1.2568999999999999,1.1299999999999999,1.1499999999999999,76062636,36130,1.1785669999999999
2025-04-09 04:00:00+00:00,1.1399999999999999,1.3,1.1299999999999999,1.3,88206585,39497,1.1987220000000001
2025-04-10 04:00:00+00:00,1.26,1.28,1.21,1.24,91514348,42839,1.2378309999999999
2025-04-11 04:00:00+00:00,1.26,1.3300000000000001,1.25,1.3100000000000001,68337354,32613,1.2964439999999999
2025-04-14 04:00:00+00:00,1.3300000000000001,1.3500000000000001,1.28,1.3100000000000001,61967775,29737,1.3049440000000001
2025-04-15 04:00:00+00:00,1.3100000000000001,1.3400000000000001,1.26,1.27,71712832,35811,1.2843770000000001
2025-04-16 04:00:00+00:00,1.26,1.3600000000000001,1.26,1.3300000000000001,96444607,43828,1.3265720000000001
2025-04-17 04:00:00+00:00,1.3300000000000001,1.3899999999999999,1.3100000000000001,1.3799999999999999,48061611,22468,1.348174
2025-04-21 04:00:00+00:00,1.3600000000000001,1.3700000000000001,1.24,1.27,58090813,31588,1.2803819999999999
2025-04-22 04:00:00+00:00,1.3,1.3100000000000001,1.26,1.29,39722814,26873,1.2854540000000001
2025-04-23 04:00:00+00:00,1.3400000000000001,1.4099999999999999,1.3100000000000001,1.3600000000000001,56137607,24622,1.3685350000000001
2025-04-24 04:00:00+00:00,1.3700000000000001,1.4299999999999999,1.3700000000000001,1.4199999999999999,41808367,22527,1.407127
2025-04-25 04:00:00+00:00,1.4099999999999999,1.4189000000000001,1.3700000000000001,1.3899999999999999,37203691,16338,1.3951629999999999
2025-04-28 04:00:00+00:00,1.4199999999999999,1.48,1.3700000000000001,1.46,61822383,39235,1.419808
2025-04-29 04:00:00+00:00,1.46,1.48,1.4099999999999999,1.4199999999999999,62655740,30680,1.4321200000000001
2025-04-30 04:00:00+00:00,1.3999999999999999,1.4299999999999999,1.3600000000000001,1.4099999999999999,57107244,30907,1.402981
2025-05-01 04:00:00+00:00,1.4299999999999999,1.46,1.3799999999999999,1.4299999999999999,78616027,39627,1.4180820000000001
2025-05-02 04:00:00+00:00,1.45,1.5,1.4299999999999999,1.46,64957262,34553,1.466299
2025-05-05 04:00:00+00:00,1.46,1.46,1.3999999999999999,1.4099999999999999,59103731,34501,1.43452
2025-05-06 04:00:00+00:00,1.3999999999999999,1.49,1.3899999999999999,1.49,78802287,46281,1.443325
2025-05-07 04:00:00+00:00,1.5,1.54,1.47,1.51,58785667,29471,1.514019
2025-05-08 04:00:00+00:00,1.53,1.5700000000000001,1.49,1.52,51348620,28933,1.522311
2025-05-09 04:00:00+00:00,1.52,1.5600000000000001,1.48,1.54,41892121,23158,1.531965
2025-05-12 04:00:00+00:00,1.5900000000000001,1.6100000000000001,1.53,1.54,51259884,29136,1.563577
2025-05-13 04:00:00+00:00,1.54,1.5600000000000001,1.51,1.52,46676391,29565,1.5320530000000001
2025-05-14 04:00:00+00:00,1.51,1.52,1.47,1.51,45443754,31402,1.4996179999999999
2025-05-15 04:00:00+00:00,1.5,1.51,1.46,1.5,40779405,38413,1.4901169999999999
2025-05-16 04:00:00+00:00,1.5,1.51,1.4099999999999999,1.4299999999999999,57929242,32396,1.441349
2025-05-19 04:00:00+00:00,1.4099999999999999,1.4399999999999999,1.3899999999999999,1.4099999999999999,40762745,23641,1.4147460000000001
2025-05-20 04:00:00+00:00,1.3999999999999999,1.47,1.3899999999999999,1.45,58951889,32296,1.4328460000000001
2025-05-21 04:00:00+00:00,1.45,1.5700000000000001,1.45,1.52,63635950,29420,1.529512
2025-05-22 04:00:00+00:00,1.49,1.52,1.47,1.5,84106479,36622,1.4936419999999999
2025-05-23 04:00:00+00:00,1.5800000000000001,1.6899999999999999,1.5601,1.6799999999999999,157024323,56880,1.6516789999999999
2025-05-27 04:00:00+00:00,1.77,1.78,1.6499999999999999,1.7,157474634,57441,1.6953130000000001
2025-05-28 04:00:00+00:00,1.6899999999999999,1.75,1.6799999999999999,1.71,208177968,81763,1.7172339999999999
2025-05-29 04:00:00+00:00,1.7,1.72,1.55,1.6000000000000001,167970278,72512,1.6226560000000001
2025-05-30 04:00:00+00:00,1.5800000000000001,1.5965,1.54,1.5900000000000001,191221899,72327,1.5705979999999999
2025-06-02 04:00:00+00:00,1.6000000000000001,1.6200000000000001,1.51,1.52,173286156,69326,1.54928
2025-06-03 04:00:00+00:00,1.6100000000000001,1.7,1.5600000000000001,1.6899999999999999,213430558,82464,1.6475550000000001
2025-06-04 04:00:00+00:00,1.71,1.72,1.6000000000000001,1.6499999999999999,141714112,62895,1.6314900000000001
2025-06-05 04:00:00+00:00,1.6499999999999999,1.6699999999999999,1.5900000000000001,1.6200000000000001,140568779,56042,1.620903
2025-06-06 04:00:00+00:00,1.6499999999999999,1.6799999999999999,1.5900000000000001,1.6799999999999999,168221759,73049,1.6250880000000001
2025-06-09 04:00:00+00:00,1.71,1.8100000000000001,1.7,1.72,211977419,95750,1.7682020000000001
2025-06-10 04:00:00+00:00,1.74,1.75,1.5600000000000001,1.5800000000000001,194588836,84780,1.6111089999999999
2025-06-11 04:00:00+00:00,1.5900000000000001,1.6599999999999999,1.5800000000000001,1.6299999999999999,135595031,56630,1.6224479999999999
2025-06-12 04:00:00+00:00,1.6200000000000001,1.6499999999999999,1.5900000000000001,1.6200000000000001,157228659,64277,1.619394
2025-06-13 04:00:00+00:00,1.6100000000000001,1.6799999999999999,1.5700000000000001,1.6499999999999999,237344003,97798,1.644801
2025-06-16 04:00:00+00:00,1.72,1.8999999999999999,1.72,1.8600000000000001,343662320,128939,1.853445
2025-06-17 04:00:00+00:00,1.8500000000000001,1.8700000000000001,1.77,1.8300000000000001,227897650,86127,1.814154
2025-06-18 04:00:00+00:00,1.8,1.8400000000000001,1.78,1.8400000000000001,200178875,71821,1.8138259999999999
2025-06-20 04:00:00+00:00,1.8400000000000001,1.8400000000000001,1.71,1.74,187690454,76714,1.74224
2025-06-23 04:00:00+00:00,1.73,1.7849999999999999,1.71,1.75,208602223,83704,1.7454780000000001
2025-06-24 04:00:00+00:00,1.77,1.8300000000000001,1.74,1.8,182157287,65959,1.7710729999999999
2025-06-25 04:00:00+00:00,1.79,1.8100000000000001,1.72,1.77,142030032,58364,1.7544900000000001
2025-06-26 04:00:00+00:00,1.75,1.8500000000000001,1.75,1.8400000000000001,137067580,57117,1.8164990000000001
2025-06-27 04:00:00+00:00,1.8500000000000001,1.8799999999999999,1.75,1.79,120960426,55252,1.7968630000000001
2025-06-30 04:00:00+00:00,1.8,1.8500000000000001,1.76,1.8200000000000001,77115287,35998,1.807342
2025-07-01 04:00:00+00:00,1.8100000000000001,1.8100000000000001,1.73,1.75,64427029,30512,1.7677639999999999
2025-07-02 04:00:00+00:00,1.76,1.8600000000000001,1.76,1.8100000000000001,129971429,55101,1.8165119999999999
2025-07-03 04:00:00+00:00,1.8300000000000001,1.8499000000000001,1.77,1.8200000000000001,45011406,20380,1.8086819999999999
2025-07-07 04:00:00+00:00,1.79,1.8400000000000001,1.73,1.8100000000000001,103020449,65523,1.807434
2025-07-08 04:00:00+00:00,1.8100000000000001,1.8100000000000001,1.6899999999999999,1.73,103520469,45601,1.738686
2025-07-09 04:00:00+00:00,1.74,1.74,1.6699999999999999,1.6899999999999999,69802280,28399,1.7004030000000001
2025-07-10 04:00:00+00:00,1.71,1.7649999999999999,1.7,1.73,62588673,30446,1.7273529999999999
2025-07-11 04:00:00+00:00,1.71,1.8100000000000001,1.7,1.78,60539644,32807,1.7673840000000001
2025-07-14 04:00:00+00:00,1.76,1.8600000000000001,1.75,1.8600000000000001,67535135,34087,1.811911
2025-07-15 04:00:00+00:00,1.8400000000000001,1.8799999999999999,1.79,1.8700000000000001,60140731,31490,1.845035
2025-07-16 04:00:00+00:00,1.8899999999999999,2.0600000000000001,1.8799999999999999,2.0299999999999998,116638121,60624,1.981643
2025-07-17 04:00:00+00:00,2.0299999999999998,2.1499999999999999,2.02,2.1099999999999999,79335423,43454,2.1158440000000001
2025-07-18 04:00:00+00:00,2.1099999999999999,2.1699999999999999,2.0600000000000001,2.1400000000000001,79776258,40814,2.1139519999999998
2025-07-21 04:00:00+00:00,2.1499999999999999,2.1800000000000002,2.0800000000000001,2.1099999999999999,82016779,42228,2.1301480000000002
2025-07-22 04:00:00+00:00,2.0899999999999999,2.1699999999999999,2.0699999999999998,2.1600000000000001,93485864,39484,2.127758
2025-07-23 04:00:00+00:00,2.1699999999999999,2.2400000000000002,2.1000000000000001,2.1899999999999999,76381006,31806,2.1679439999999999
2025-07-24 04:00:00+00:00,2.1699999999999999,2.2799999999999998,2.165,2.27,91622816,44588,2.2358250000000002
2025-07-25 04:00:00+00:00,2.25,2.27,2.1699999999999999,2.2200000000000002,67060616,33797,2.199503
2025-07-28 04:00:00+00:00,2.21,2.2200000000000002,2.1499999999999999,2.2200000000000002,54690810,25780,2.1823709999999998
2025-07-29 04:00:00+00:00,2.2000000000000002,2.2400000000000002,2.1200000000000001,2.1299999999999999,80417425,35015,2.1773479999999998
2025-07-30 04:00:00+00:00,2.1200000000000001,2.1699999999999999,2.0499999999999998,2.0800000000000001,76492324,36393,2.1106099999999999
2025-07-31 04:00:00+00:00,2.0699999999999998,2.1000000000000001,2.02,2.0699999999999998,73193445,31281,2.0506069999999998
2025-08-01 04:00:00+00:00,1.99,2.0600000000000001,1.9399999999999999,2.04,57913611,31142,2.0093540000000001
2025-08-04 04:00:00+00:00,2.0499999999999998,2.1499999999999999,2.0348000000000002,2.1299999999999999,52341492,30038,2.0964399999999999
2025-08-05 04:00:00+00:00,2.1299999999999999,2.2400000000000002,2.1099999999999999,2.2400000000000002,63877385,32400,2.183843
2025-08-06 04:00:00+00:00,2.25,2.3300000000000001,2.23,2.2599999999999998,53680885,40075,2.269075
2025-08-07 04:00:00+00:00,2.25,2.2799999999999998,2.1899999999999999,2.2400000000000002,41702868,31810,2.2218100000000001
2025-08-08 04:00:00+00:00,2.25,2.3599999999999999,2.1200000000000001,2.1200000000000001,53141514,33491,2.214836
2025-08-11 04:00:00+00:00,2.1200000000000001,2.1899999999999999,2.0800000000000001,2.1200000000000001,39355507,27949,2.129848
2025-08-12 04:00:00+00:00,2.1200000000000001,2.1800000000000002,2.105,2.1600000000000001,45064650,25171,2.1508180000000001
2025-08-13 04:00:00+00:00,2,2.1000000000000001,1.99,2.02,132475991,150354,2.0292620000000001
2025-08-14 04:00:00+00:00,2,2.0699999999999998,1.98,2.0299999999999998,70277229,50765,2.0445000000000002
2025-08-15 04:00:00+00:00,2.04,2.0499999999999998,1.97,2.0299999999999998,47572792,36696,2.0125890000000002
2025-08-18 04:00:00+00:00,2.02,2.0800000000000001,2.0099999999999998,2.0600000000000001,46190216,47335,2.0508090000000001
2025-08-19 04:00:00+00:00,2.0899999999999999,2.1065,1.9099999999999999,1.9299999999999999,53206892,36974,1.9744090000000001
2025-08-20 04:00:00+00:00,1.9199999999999999,1.96,1.8600000000000001,1.9199999999999999,43891577,39309,1.9044479999999999
2025-08-21 04:00:00+00:00,1.9199999999999999,1.96,1.8899999999999999,1.95,31931759,22428,1.9289689999999999
2025-08-22 04:00:00+00:00,1.99,2.1099999999999999,1.96,2.0800000000000001,60708682,39190,2.0570599999999999
2025-08-25 04:00:00+00:00,2.0699999999999998,2.1200000000000001,2.0400999999999998,2.0800000000000001,44090303,30312,2.0846360000000002
2025-08-26 04:00:00+00:00,2.0899999999999999,2.25,2.0800000000000001,2.2200000000000002,83962948,42987,2.206159
2025-08-27 04:00:00+00:00,2.2000000000000002,2.2370000000000001,2.1400000000000001,2.1699999999999999,55307852,30067,2.1790409999999998
2025-08-28 04:00:00+00:00,2.1400000000000001,2.23,2.1400000000000001,2.2000000000000002,46382066,33291,2.19997
2025-08-29 04:00:00+00:00,2.2599999999999998,2.3900000000000001,2.2599999999999998,2.3199999999999998,75121072,53471,2.2944960000000001
2025-09-02 04:00:00+00:00,2.2599999999999998,2.2799999999999998,2.2000000000000002,2.2799999999999998,52308535,38725,2.2406969999999999
2025-09-03 04:00:00+00:00,2.25,2.3500000000000001,2.23,2.3500000000000001,67380639,38110,2.3165719999999999
2025-09-04 04:00:00+00:00,2.3399999999999999,2.3700000000000001,2.2599999999999998,2.2799999999999998,59231886,31581,2.293059
2025-09-05 04:00:00+00:00,2.2999999999999998,2.3500000000000001,2.23,2.3500000000000001,47660771,28115,2.2905479999999998
2025-09-08 04:00:00+00:00,2.3599999999999999,2.3999999999999999,2.3199999999999998,2.3799999999999999,57213621,33925,2.3657789999999999
2025-09-09 04:00:00+00:00,2.3999999999999999,2.4399999999999999,2.3599999999999999,2.3900000000000001,61353772,36640,2.4053170000000001
2025-09-10 04:00:00+00:00,2.3900000000000001,2.48,2.3849999999999998,2.4500000000000002,66891111,38458,2.4469479999999999
2025-09-11 04:00:00+00:00,2.4500000000000002,2.5,2.4100000000000001,2.4300000000000002,69155098,42210,2.4548290000000001
2025-09-12 04:00:00+00:00,2.4399999999999999,2.4399999999999999,2.3500000000000001,2.3700000000000001,59090756,47194,2.3936190000000002
2025-09-15 04:00:00+00:00,2.3500000000000001,2.605,2.3399999999999999,2.5800000000000001,96577706,72420,2.483511
2025-09-16 04:00:00+00:00,2.5899999999999999,2.6000000000000001,2.4700000000000002,2.5,72966983,43838,2.5047730000000001
2025-09-17 04:00:00+00:00,2.48,2.5800000000000001,2.4700000000000002,2.54,67888774,45759,2.533833
2025-09-18 04:00:00+00:00,2.5600000000000001,2.5800000000000001,2.4900000000000002,2.5699999999999998,59550059,40032,2.5336560000000001
2025-09-19 04:00:00+00:00,2.5600000000000001,2.7400000000000002,2.5499999999999998,2.6699999999999999,112473274,56703,2.6711670000000001
2025-09-22 04:00:00+00:00,2.7000000000000002,2.79,2.6099999999999999,2.7799999999999998,93405143,64834,2.7337560000000001
2025-09-23 04:00:00+00:00,2.8199999999999998,2.9199999999999999,2.77,2.8199999999999998,125131276,78897,2.8474349999999999
2025-09-24 04:00:00+00:00,2.7999999999999998,2.9500000000000002,2.73,2.75,115983712,65325,2.8104200000000001
2025-09-25 04:00:00+00:00,2.6800000000000002,2.8700000000000001,2.6400000000000001,2.8599999999999999,96822603,59546,2.807267
2025-09-26 04:00:00+00:00,2.8500000000000001,2.9300000000000002,2.75,2.77,114359921,60265,2.8029280000000001
2025-09-29 04:00:00+00:00,2.8399999999999999,2.8452999999999999,2.75,2.79,105339078,57616,2.7800449999999999
2025-09-30 04:00:00+00:00,2.75,2.8199000000000001,2.7200000000000002,2.75,116383422,58395,2.757126
2025-10-01 04:00:00+00:00,2.73,2.7999999999999998,2.71,2.77,100270563,53496,2.7583839999999999
2025-10-02 04:00:00+00:00,2.79,2.8599999999999999,2.7000000000000002,2.77,100414458,48851,2.7501470000000001
2025-10-03 04:00:00+00:00,2.7799999999999998,2.8599999999999999,2.7334999999999998,2.7999999999999998,119674032,60387,2.7951220000000001
2025-10-06 04:00:00+00:00,2.8300000000000001,2.96,2.79,2.8100000000000001,130299733,82900,2.8550990000000001
2025-10-07 04:00:00+00:00,2.8399999999999999,2.9700000000000002,2.7999999999999998,2.8500000000000001,166851059,80711,2.859057
2025-10-08 04:00:00+00:00,2.8799999999999999,2.9900000000000002,2.7999999999999998,2.8599999999999999,125282256,70895,2.8696890000000002
2025-10-09 04:00:00+00:00,2.8399999999999999,2.9700000000000002,2.7799999999999998,2.8300000000000001,113842834,62026,2.8583479999999999
2025-10-10 04:00:00+00:00,2.8399999999999999,3.0800000000000001,2.79,2.8799999999999999,133598716,68589,2.9806810000000001
2025-10-13 04:00:00+00:00,3.04,3.1400000000000001,3.0099999999999998,3.0800000000000001,95354366,60079,3.0663360000000002
2025-10-14 04:00:00+00:00,3.0800000000000001,3.29,2.8700000000000001,3.1899999999999999,120866655,66669,3.1332249999999999
2025-10-15 04:00:00+00:00,3.2599999999999998,3.3500000000000001,3.0499999999999998,3.1699999999999999,119504272,68077,3.1650459999999998
2025-10-16 04:00:00+00:00,3.2000000000000002,3.4199999999999999,3.0699999999999998,3.0899999999999999,135296304,82780,3.1975709999999999
2025-10-17 04:00:00+00:00,2.9100000000000001,3.0760000000000001,2.8500000000000001,2.9199999999999999,88062598,61494,2.9187110000000001
2025-10-20 04:00:00+00:00,2.9900000000000002,3,2.8500000000000001,2.9300000000000002,80362782,46209,2.9233730000000002
2025-10-21 04:00:00+00:00,2.8799999999999999,2.9199999999999999,2.6699999999999999,2.7200000000000002,74662686,56000,2.7266840000000001
2025-10-22 04:00:00+00:00,2.6000000000000001,2.7599999999999998,2.5899999999999999,2.7200000000000002,99878965,61982,2.6911779999999998
2025-10-23 04:00:00+00:00,2.7599999999999998,2.79,2.7000000000000002,2.73,65985225,49144,2.7430180000000002
2025-10-24 04:00:00+00:00,2.7400000000000002,2.8500000000000001,2.71,2.8100000000000001,90250918,53497,2.7983069999999999
2025-10-27 04:00:00+00:00,2.8300000000000001,2.8700000000000001,2.7000000000000002,2.7799999999999998,64930154,41908,2.7611110000000001
2025-10-28 04:00:00+00:00,2.96,3.165,2.9100000000000001,3.0699999999999998,126819940,67379,3.0871810000000002
2025-10-29 04:00:00+00:00,3.0899999999999999,3.2400000000000002,3.0099999999999998,3.1699999999999999,119166181,55793,3.1640809999999999
2025-10-30 04:00:00+00:00,3.1400000000000001,3.25,3.0699999999999998,3.2200000000000002,75184367,45196,3.1826099999999999
2025-10-31 04:00:00+00:00,3.23,3.2999999999999998,3.1200000000000001,3.1699999999999999,87043375,52042,3.1967029999999999
2025-11-03 05:00:00+00:00,3.1600000000000001,3.2000000000000002,2.8900000000000001,2.9199999999999999,102902595,63329,2.9822950000000001
2025-11-04 05:00:00+00:00,2.7999999999999998,2.8300000000000001,2.7200000000000002,2.7400000000000002,91508256,48220,2.7762540000000002
2025-11-05 05:00:00+00:00,2.75,2.7795999999999998,2.6400000000000001,2.6699999999999999,69213568,37666,2.6905540000000001
2025-11-06 05:00:00+00:00,2.6499999999999999,2.6724999999999999,2.5299999999999998,2.5600000000000001,86321897,53788,2.580225
2025-11-07 05:00:00+00:00,2.48,2.5800000000000001,2.4100000000000001,2.5499999999999998,77939083,49147,2.4839220000000002
2025-11-10 05:00:00+00:00,2.6600000000000001,2.6800000000000002,2.5899999999999999,2.6400000000000001,63639210,41858,2.6407769999999999
2025-11-11 05:00:00+00:00,2.6000000000000001,2.6099999999999999,2.54,2.5899999999999999,47660408,34635,2.572365
2025-11-12 05:00:00+00:00,2.5899999999999999,2.6499000000000001,2.5499999999999998,2.5899999999999999,57713007,34751,2.5762510000000001
2025-11-13 05:00:00+00:00,2.5800000000000001,2.6299999999999999,2.4700000000000002,2.4900000000000002,82139976,50304,2.5248780000000002
2025-11-14 05:00:00+00:00,2.4100000000000001,2.54,2.3700000000000001,2.48,50685750,35632,2.4973070000000002
2025-11-17 05:00:00+00:00,2.4700000000000002,2.5049999999999999,2.3500000000000001,2.3900000000000001,67438330,44580,2.4280110000000001
2025-11-18 05:00:00+00:00,2.3599999999999999,2.4100000000000001,2.3199999999999998,2.3799999999999999,58291095,41898,2.3782260000000002
2025-11-19 05:00:00+00:00,2.4100000000000001,2.4900000000000002,2.3601000000000001,2.4300000000000002,78118293,48116,2.441058
2025-11-20 05:00:00+00:00,2.4700000000000002,2.54,2.3100000000000001,2.3199999999999998,76267950,50421,2.391813
2025-11-21 05:00:00+00:00,2.3199999999999998,2.3199999999999998,2.2000000000000002,2.27,66872550,42771,2.2604220000000002
2025-11-24 05:00:00+00:00,2.29,2.3399999999999999,2.2599999999999998,2.3199999999999998,45004399,33423,2.3003480000000001
2025-11-25 05:00:00+00:00,2.3199999999999998,2.5,2.29,2.4700000000000002,56844415,36828,2.4108839999999998
2025-11-26 05:00:00+00:00,2.5,2.6000000000000001,2.48,2.5600000000000001,40082688,24596,2.555955
2025-11-28 05:00:00+00:00,2.5899999999999999,2.6000000000000001,2.54,2.5600000000000001,21771630,14794,2.575224
2025-12-01 05:00:00+00:00,2.4900000000000002,2.5899999999999999,2.4700000000000002,2.52,32707734,26764,2.5490599999999999
2025-12-02 05:00:00+00:00,2.52,2.6200000000000001,2.5099999999999998,2.5899999999999999,45261293,33627,2.5847600000000002
2025-12-03 05:00:00+00:00,2.6099999999999999,2.71,2.5600000000000001,2.7000000000000002,46276960,31124,2.6474139999999999
2025-12-04 05:00:00+00:00,2.71,2.8700000000000001,2.6699999999999999,2.8399999999999999,50386912,36511,2.805787
2025-12-05 05:00:00+00:00,2.8500000000000001,2.8599999999999999,2.71,2.7400000000000002,50637424,30831,2.7638720000000001
2025-12-08 05:00:00+00:00,2.7400000000000002,2.7690999999999999,2.7000000000000002,2.73,25167298,20557,2.7259500000000001
2025-12-09 05:00:00+00:00,2.7200000000000002,2.7799999999999998,2.71,2.7400000000000002,39965585,27625,2.740761
2025-12-10 05:00:00+00:00,2.73,2.75,2.5950000000000002,2.6899999999999999,49277263,27260,2.6557650000000002
2025-12-11 05:00:00+00:00,2.6600000000000001,2.8199999999999998,2.6400000000000001,2.7599999999999998,47117434,29770,2.7578360000000002
2025-12-12 05:00:00+00:00,2.79,2.79,2.54,2.6099999999999999,50495130,32742,2.6258569999999999
2025-12-15 05:00:00+00:00,2.6600000000000001,2.7050000000000001,2.5350000000000001,2.54,42820516,27102,2.587996
2025-12-16 05:00:00+00:00,2.5099999999999998,2.6200000000000001,2.5,2.6000000000000001,38909155,23302,2.5648
2025-12-17 05:00:00+00:00,2.6000000000000001,2.6400000000000001,2.48,2.48,41607171,27059,2.5306449999999998
2025-12-18 05:00:00+00:00,2.5099999999999998,2.5899999999999999,2.5,2.5699999999999998,32765768,29773,2.5498729999999998
2025-12-19 05:00:00+00:00,2.6000000000000001,2.7999999999999998,2.5899999999999999,2.7400000000000002,79272874,42504,2.7517839999999998
2025-12-22 05:00:00+00:00,2.7999999999999998,2.8799999999999999,2.75,2.77,31406410,28895,2.8234919999999999
2025-12-23 05:00:00+00:00,2.7599999999999998,2.8900000000000001,2.75,2.7799999999999998,33678269,24809,2.820138
2025-12-24 05:00:00+00:00,2.79,2.7999999999999998,2.7400000000000002,2.77,10922909,11722,2.7603499999999999
2025-12-26 05:00:00+00:00,2.7799999999999998,2.7799999999999998,2.6800000000000002,2.6899999999999999,14691827,15488,2.7028889999999999
2025-12-29 05:00:00+00:00,2.6400000000000001,2.8050000000000002,2.6299999999999999,2.7000000000000002,32304245,22229,2.7241330000000001
2025-12-30 05:00:00+00:00,2.71,2.7401,2.6150000000000002,2.6299999999999999,32113067,27428,2.6644109999999999
2025-12-31 05:00:00+00:00,2.6200000000000001,2.6850000000000001,2.6099999999999999,2.6600000000000001,21977967,17086,2.655735
2026-01-02 05:00:00+00:00,2.7400000000000002,3.0699999999999998,2.7400000000000002,3.0299999999999998,68389349,59396,2.9754480000000001
2026-01-05 05:00:00+00:00,3.1200000000000001,3.23,3.0299999999999998,3.2200000000000002,62541149,54392,3.1704759999999998
2026-01-06 05:00:00+00:00,3.25,3.3250000000000002,3.2050000000000001,3.2799999999999998,53459202,42705,3.2733819999999998
2026-01-07 05:00:00+00:00,3.2200000000000002,3.3399999999999999,3.21,3.3300000000000001,41655219,37071,3.2837679999999998
2026-01-08 05:00:00+00:00,3.29,3.3500000000000001,3.2599999999999998,3.3300000000000001,50281160,43440,3.3075450000000002
2026-01-09 05:00:00+00:00,3.3999999999999999,3.5099999999999998,3.2599999999999998,3.3100000000000001,37255804,37248,3.3467880000000001
2026-01-12 05:00:00+00:00,3.3300000000000001,3.4100000000000001,3.2799999999999998,3.3799999999999999,25275336,31016,3.3669259999999999
2026-01-13 05:00:00+00:00,3.3999999999999999,3.4199999999999999,3.3300000000000001,3.3500000000000001,40757338,35451,3.3727610000000001
2026-01-14 05:00:00+00:00,3.3599999999999999,3.5499999999999998,3.2999999999999998,3.4900000000000002,62193305,50908,3.4759250000000002
2026-01-15 05:00:00+00:00,3.5,3.6400000000000001,3.4199999999999999,3.5499999999999998,77634225,53762,3.559879
2026-01-16 05:00:00+00:00,3.5899999999999999,3.7999999999999998,3.5699999999999998,3.6899999999999999,68959895,57317,3.6539799999999998
2026-01-20 05:00:00+00:00,3.6200000000000001,3.7599999999999998,3.6099999999999999,3.6899999999999999,67859795,54748,3.6943790000000001
2026-01-21 05:00:00+00:00,3.7200000000000002,3.77,3.6400000000000001,3.75,70850939,50960,3.7058010000000001
2026-01-22 05:00:00+00:00,3.7999999999999998,3.9199999999999999,3.7799999999999998,3.9199999999999999,61423644,52493,3.8671929999999999
2026-01-23 05:00:00+00:00,3.9500000000000002,3.96,3.7799999999999998,3.8999999999999999,41024091,50125,3.868347
2026-01-26 05:00:00+00:00,3.98,4.0499999999999998,3.6699999999999999,3.7000000000000002,58476876,53204,3.7973430000000001
2026-01-27 05:00:00+00:00,3.71,3.96,3.6600000000000001,3.9399999999999999,44719690,48575,3.8807719999999999
2026-01-28 05:00:00+00:00,3.98,4.3200000000000003,3.9500000000000002,4.3099999999999996,73991618,68594,4.1704720000000002
2026-01-29 05:00:00+00:00,4.3700000000000001,4.4299999999999997,4.0499999999999998,4.2400000000000002,62317890,66076,4.2007310000000002
2026-01-30 05:00:00+00:00,4.0800000000000001,4.25,3.9209999999999998,3.96,56928227,60228,4.0575960000000002
2026-02-02 05:00:00+00:00,3.79,4.0149999999999997,3.7000000000000002,3.7799999999999998,64128156,54618,3.7875749999999999
2026-02-03 05:00:00+00:00,3.9100000000000001,4.1398999999999999,3.8799999999999999,4.0999999999999996,76274000,66885,4.0441940000000001
2026-02-04 05:00:00+00:00,4.0899999999999999,4.0949999999999998,3.5299999999999998,3.6899999999999999,54405665,60141,3.6831900000000002
2026-02-05 05:00:00+00:00,3.5800000000000001,3.6850000000000001,3.4300000000000002,3.46,47457415,46874,3.5145770000000001
2026-02-06 05:00:00+00:00,3.5499999999999998,3.71,3.4500000000000002,3.6899999999999999,43301019,44967,3.573982
2026-02-09 05:00:00+00:00,3.71,3.9900000000000002,3.6699999999999999,3.9500000000000002,43401940,47140,3.9039609999999998
2026-02-10 05:00:00+00:00,3.9300000000000002,3.98,3.855,3.8799999999999999,32729097,32574,3.9198469999999999
2026-02-11 05:00:00+00:00,3.9399999999999999,4.0270000000000001,3.7949999999999999,3.96,38652192,31213,3.9032969999999998
2026-02-12 05:00:00+00:00,3.9500000000000002,3.9900000000000002,3.77,3.8300000000000001,49634208,35699,3.8561700000000001
2026-02-13 05:00:00+00:00,3.8300000000000001,3.9399999999999999,3.73,3.7799999999999998,51529777,39733,3.8289819999999999
2026-02-17 05:00:00+00:00,3.7200000000000002,3.8199999999999998,3.5899999999999999,3.8100000000000001,42134488,35981,3.734057
2026-02-18 05:00:00+00:00,3.8399999999999999,4.0099999999999998,3.8250000000000002,3.9199999999999999,38540663,37139,3.925989
2026-02-19 05:00:00+00:00,3.9100000000000001,4.1086,3.8300000000000001,4.0899999999999999,48008458,40284,4.0220950000000002
2026-02-20 05:00:00+00:00,4.0999999999999996,4.2300000000000004,3.9500000000000002,4.0599999999999996,44630713,36256,4.0337690000000004
2026-02-23 05:00:00+00:00,4.04,4.2697000000000003,4.0023,4.1900000000000004,49019223,39229,4.1921140000000001
2026-02-24 05:00:00+00:00,4.1500000000000004,4.3099999999999996,4.04,4.2999999999999998,38629759,41026,4.1955710000000002
2026-02-25 05:00:00+00:00,4.3600000000000003,4.4099000000000004,4.21,4.2300000000000004,32897522,30647,4.2805499999999999
2026-02-26 05:00:00+00:00,4.21,4.2699999999999996,4.0800000000000001,4.2599999999999998,36438527,28355,4.1802020000000004
2026-02-27 05:00:00+00:00,4.21,4.2199999999999998,4.0700000000000003,4.1799999999999997,29809956,35641,4.1438490000000003
2026-03-02 05:00:00+00:00,4.0899999999999999,4.3799999999999999,4.0800000000000001,4.3700000000000001,40871529,43845,4.2677649999999998
2026-03-03 05:00:00+00:00,4.21,4.2400000000000002,3.8902999999999999,4,29775286,38184,4.0206049999999998
2026-03-04 05:00:00+00:00,4.0800000000000001,4.1449999999999996,3.915,4.1200000000000001,23195219,27676,4.0883330000000004
2026-03-05 05:00:00+00:00,4.0800000000000001,4.0949999999999998,3.7799999999999998,3.8799999999999999,73654703,49574,3.8745059999999998
2026-03-06 05:00:00+00:00,3.77,3.8597999999999999,3.6200000000000001,3.6699999999999999,52893736,43111,3.7494939999999999
2026-03-09 04:00:00+00:00,3.5800000000000001,3.8399999999999999,3.5499999999999998,3.8100000000000001,42750840,32123,3.7323110000000002
2026-03-10 04:00:00+00:00,3.8500000000000001,4.1500000000000004,3.8300000000000001,4.04,46563881,37152,4.0605690000000001
2026-03-11 04:00:00+00:00,4,4.0800000000000001,3.8999999999999999,4,31728933,31474,3.96387
2026-03-12 04:00:00+00:00,3.9700000000000002,4.0999999999999996,3.8300000000000001,4.0099999999999998,35061060,39481,3.9982060000000001
2026-03-13 04:00:00+00:00,4,4.0899999999999999,3.77,3.8199999999999998,59416574,51286,3.842212
2026-03-16 04:00:00+00:00,3.8399999999999999,3.8799999999999999,3.5800000000000001,3.6600000000000001,44114265,52189,3.6743410000000001
2026-03-17 04:00:00+00:00,3.6800000000000002,3.8199999999999998,3.6400000000000001,3.71,31265182,33160,3.7143120000000001
2026-03-18 04:00:00+00:00,3.6699999999999999,3.7199,3.5899999999999999,3.6499999999999999,29569388,34075,3.6469499999999999
2026-03-19 04:00:00+00:00,3.5099999999999998,3.5800000000000001,3.3599999999999999,3.52,54817566,48294,3.4873959999999999
2026-03-20 04:00:00+00:00,3.4700000000000002,3.5600000000000001,3.2400000000000002,3.3300000000000001,78048299,43887,3.3379910000000002
2026-03-23 04:00:00+00:00,3.3500000000000001,3.5,3.2839999999999998,3.4300000000000002,47500359,39021,3.4374380000000002
2026-03-24 04:00:00+00:00,3.3500000000000001,3.52,3.3500000000000001,3.5099999999999998,56844057,37488,3.4653160000000001
2026-03-25 04:00:00+00:00,3.6000000000000001,3.6600000000000001,3.5299999999999998,3.5699999999999998,46802156,46984,3.5797479999999999
2026-03-26 04:00:00+00:00,3.48,3.5065,3.2999999999999998,3.3599999999999999,47117137,45545,3.3877660000000001
2026-03-27 04:00:00+00:00,3.3500000000000001,3.4900000000000002,3.3050000000000002,3.4100000000000001,35064641,30860,3.428817
2026-03-30 04:00:00+00:00,3.46,3.48,3.25,3.2999999999999998,37744496,32561,3.3473739999999998
2026-03-31 04:00:00+00:00,3.3599999999999999,3.5800000000000001,3.3300000000000001,3.5299999999999998,51701349,39214,3.5115500000000002
2026-04-01 04:00:00+00:00,3.6099999999999999,3.8399999999999999,3.6004999999999998,3.6600000000000001,39522576,40670,3.727236
2026-04-02 04:00:00+00:00,3.5099999999999998,3.73,3.4700000000000002,3.6600000000000001,26541809,27100,3.6329899999999999
2026-04-06 04:00:00+00:00,3.6600000000000001,3.71,3.5299999999999998,3.6099999999999999,27445358,27543,3.5876990000000002
2026-04-07 04:00:00+00:00,3.5899999999999999,3.6200000000000001,3.4500000000000002,3.4900000000000002,30488578,22746,3.491028
2026-04-08 04:00:00+00:00,3.7200000000000002,3.77,3.395,3.5299999999999998,41902146,36458,3.5247459999999999
2026-04-09 04:00:00+00:00,3.5099999999999998,3.6099999999999999,3.4500000000000002,3.52,22133942,19517,3.5389879999999998
2026-04-10 04:00:00+00:00,3.5499999999999998,3.6699999999999999,3.5499999999999998,3.5600000000000001,23115210,24509,3.6033550000000001
2026-04-13 04:00:00+00:00,3.5299999999999998,3.75,3.4700000000000002,3.73,30239730,28851,3.6725880000000002
2026-04-14 04:00:00+00:00,3.7799999999999998,3.8399999999999999,3.71,3.7599999999999998,24015140,26988,3.7637779999999998
2026-04-15 04:00:00+00:00,3.7799999999999998,4.0199999999999996,3.7599999999999998,3.8799999999999999,30216196,31118,3.913656
2026-04-16 04:00:00+00:00,3.9100000000000001,4.0199999999999996,3.8799999999999999,3.9199999999999999,25473221,28914,3.96225
2026-04-17 04:00:00+00:00,3.98,4.0599999999999996,3.8599999999999999,3.8799999999999999,23184510,32508,3.936874
2026-04-20 04:00:00+00:00,3.8500000000000001,3.9849999999999999,3.77,3.96,18054427,25852,3.9241999999999999
2026-04-21 04:00:00+00:00,3.9500000000000002,3.98,3.77,3.8100000000000001,21208279,25964,3.8399529999999999
2026-04-22 04:00:00+00:00,3.8700000000000001,4.0899999999999999,3.8500999999999999,4.0800000000000001,26229506,31096,3.9604620000000001
2026-04-23 04:00:00+00:00,3.96,4.1699999999999999,3.7999999999999998,3.9199999999999999,29662321,32238,3.965589
2026-04-24 04:00:00+00:00,3.98,3.9996,3.7799999999999998,3.7999999999999998,21169994,26070,3.8530329999999999
2026-04-27 04:00:00+00:00,3.8199999999999998,3.8959000000000001,3.7799999999999998,3.8799999999999999,16010415,19996,3.8465720000000001
2026-04-28 04:00:00+00:00,3.8100000000000001,3.855,3.6699999999999999,3.75,16267474,19760,3.7344520000000001
2026-04-29 04:00:00+00:00,3.79,3.79,3.5899999999999999,3.6000000000000001,20623423,23573,3.6306579999999999
2026-04-30 04:00:00+00:00,3.6699999999999999,3.8500000000000001,3.6499999999999999,3.8300000000000001,16351356,23652,3.763455
2026-05-01 04:00:00+00:00,3.8199999999999998,3.8287,3.6699999999999999,3.75,11704929,21436,3.738467
2026-05-04 04:00:00+00:00,3.77,3.8199999999999998,3.6901000000000002,3.7599999999999998,12451603,23744,3.7622089999999999
2026-05-05 04:00:00+00:00,3.79,3.8500000000000001,3.5499999999999998,3.6000000000000001,27145873,33235,3.6351059999999999
2026-05-06 04:00:00+00:00,3.6499999999999999,3.8799999999999999,3.585,3.8599999999999999,30659697,32106,3.7893110000000001
2026-05-07 04:00:00+00:00,3.8999999999999999,3.98,3.6800000000000002,3.7400000000000002,33592491,37966,3.8017379999999998
2026-05-08 04:00:00+00:00,3.77,3.7949999999999999,3.6949999999999998,3.7400000000000002,17688677,25265,3.7435719999999999
2026-05-11 04:00:00+00:00,3.7400000000000002,3.9199999999999999,3.71,3.8500000000000001,27564485,32030,3.8152050000000002
2026-05-12 04:00:00+00:00,3.79,3.8100000000000001,3.5550000000000002,3.7000000000000002,30326068,37409,3.6452439999999999
2026-05-13 04:00:00+00:00,3.6600000000000001,3.7000000000000002,3.5099999999999998,3.5899999999999999,24699369,29537,3.5906220000000002
2026-05-14 04:00:00+00:00,3.5899999999999999,3.6000000000000001,3.3900000000000001,3.4900000000000002,23549925,31124,3.470402
2026-05-15 04:00:00+00:00,3.3799999999999999,3.3965000000000001,3.25,3.2799999999999998,17803167,31723,3.3011919999999999
2026-05-18 04:00:00+00:00,3.3100000000000001,3.3399999999999999,3.1749999999999998,3.25,19603374,32718,3.2247919999999999
2026-05-19 04:00:00+00:00,3.2000000000000002,3.25,3.0899999999999999,3.1600000000000001,31819549,30631,3.1461250000000001
2026-05-20 04:00:00+00:00,3.2000000000000002,3.2200000000000002,3.1099999999999999,3.1699999999999999,19600135,25890,3.1681870000000001
2026-05-21 04:00:00+00:00,3.1299999999999999,3.2599999999999998,3.1299999999999999,3.2000000000000002,18757167,23787,3.197063
2026-05-22 04:00:00+00:00,3.2400000000000002,3.2949999999999999,3.2000000000000002,3.23,19210571,20534,3.2461280000000001
2026-05-26 04:00:00+00:00,3.3100000000000001,3.3799999999999999,3.27,3.3500000000000001,31994596,30394,3.3273820000000001
2026-05-27 04:00:00+00:00,3.3199999999999998,3.4500000000000002,3.2799999999999998,3.3900000000000001,18326418,22134,3.379054
2026-05-28 04:00:00+00:00,3.3599999999999999,3.4550000000000001,3.3050000000000002,3.4100000000000001,17539467,21552,3.4025829999999999
2026-05-29 04:00:00+00:00,3.4199999999999999,3.4900000000000002,3.3199999999999998,3.48,21568727,24258,3.4321130000000002
2026-06-01 04:00:00+00:00,3.4100000000000001,3.4700000000000002,3.3300000000000001,3.4300000000000002,22870246,26409,3.4223870000000001
2026-06-02 04:00:00+00:00,3.4500000000000002,3.6800000000000002,3.415,3.6699999999999999,27964062,36806,3.5989399999999998
2026-06-03 04:00:00+00:00,3.6200000000000001,3.6600000000000001,3.3599999999999999,3.4199999999999999,26138136,34027,3.4509310000000002
2026-06-04 04:00:00+00:00,3.3999999999999999,3.4399999999999999,3.3300000000000001,3.4100000000000001,21457534,21123,3.399079
2026-06-05 04:00:00+00:00,3.3100000000000001,3.3300000000000001,3.0099999999999998,3.0299999999999998,33827520,41269,3.109032
2026-06-08 04:00:00+00:00,3.1099999999999999,3.1400000000000001,3.0499999999999998,3.0699999999999998,13678956,20554,3.0926960000000001
2026-06-09 04:00:00+00:00,3.1000000000000001,3.1299999999999999,2.8199999999999998,2.9500000000000002,24821175,41085,2.9361510000000002
2026-06-10 04:00:00+00:00,2.8999999999999999,2.9399999999999999,2.7999999999999998,2.8300000000000001,21148231,28879,2.8682439999999998
2026-06-11 04:00:00+00:00,2.9199999999999999,3.04,2.8599999999999999,3,25800506,28884,2.9520110000000002
2026-06-12 04:00:00+00:00,3,3.1400000000000001,2.9900000000000002,3.0600000000000001,25520995,27432,3.0848640000000001
2026-06-15 04:00:00+00:00,3.2000000000000002,3.3900000000000001,3.1800000000000002,3.3100000000000001,28081444,38784,3.333288
2026-06-16 04:00:00+00:00,3.3100000000000001,3.4700000000000002,3.3100000000000001,3.3300000000000001,20793255,29127,3.3841960000000002
2026-06-17 04:00:00+00:00,3.3599999999999999,3.4550000000000001,3.3100000000000001,3.3100000000000001,37092292,32666,3.3919619999999999
2026-06-18 04:00:00+00:00,3.3799999999999999,3.4363999999999999,3.27,3.3500000000000001,40490869,32212,3.3278910000000002
2026-06-22 04:00:00+00:00,3.27,3.3599999999999999,3.2450000000000001,3.27,21797965,35231,3.304611
2026-06-23 04:00:00+00:00,3.1800000000000002,3.3900000000000001,3.1099999999999999,3.27,29210202,34280,3.2909229999999998
2026-06-24 04:00:00+00:00,3.1899999999999999,3.2599999999999998,3.1200000000000001,3.1699999999999999,24993684,28171,3.1717759999999999
2026-06-25 04:00:00+00:00,3.23,3.2599999999999998,3.0699999999999998,3.0699999999999998,24573155,28575,3.1239219999999999
2026-06-26 04:00:00+00:00,3.0499999999999998,3.1600000000000001,2.9900000000000002,3.1000000000000001,28207866,32020,3.1037530000000002
2026-06-29 04:00:00+00:00,3.0800000000000001,3.1200000000000001,3.0049999999999999,3.1200000000000001,16908925,20625,3.0620470000000002
2026-06-30 04:00:00+00:00,3.1000000000000001,3.1099999999999999,2.9900000000000002,3.0600000000000001,20362994,21831,3.0480109999999998
2026-07-01 04:00:00+00:00,3.0800000000000001,3.2450000000000001,3.0600000000000001,3.0800000000000001,21322626,22530,3.1230850000000001
2026-07-02 04:00:00+00:00,3.1600000000000001,3.2799999999999998,3.1099999999999999,3.2000000000000002,28294031,25112,3.1836899999999999
2026-07-06 04:00:00+00:00,3.2200000000000002,3.3599999999999999,3.21,3.2400000000000002,21442472,20049,3.2783609999999999
2026-07-07 04:00:00+00:00,3.2200000000000002,3.2400000000000002,3.0899999999999999,3.1499999999999999,23346300,25486,3.1528870000000002
2026-07-08 04:00:00+00:00,3.1000000000000001,3.1899999999999999,2.98,3.1099999999999999,29206615,26310,3.0729890000000002
2026-07-09 04:00:00+00:00,3.1400000000000001,3.2000000000000002,3.1099999999999999,3.1699999999999999,20765069,19345,3.1733980000000002
2026-07-10 04:00:00+00:00,3.1899999999999999,3.2599999999999998,3.1720999999999999,3.23,17411000,18654,3.2235070000000001
2026-07-13 04:00:00+00:00,3.1699999999999999,3.2000000000000002,3,3.0299999999999998,43071769,33490,3.081429
2026-07-14 04:00:00+00:00,3.1099999999999999,3.2200000000000002,3.1000000000000001,3.1699999999999999,24736603,23103,3.1655319999999998
2026-07-15 04:00:00+00:00,3.1699999999999999,3.2400000000000002,3.0099999999999998,3.0899999999999999,21418431,24643,3.0791949999999999
2026-07-16 04:00:00+00:00,3.0600000000000001,3.0600000000000001,2.8300000000000001,2.8500000000000001,38079237,33872,2.8962669999999999
2026-07-17 04:00:00+00:00,2.8199999999999998,2.8799999999999999,2.7599999999999998,2.8199999999999998,21613684,25319,2.8224749999999998
2026-07-20 04:00:00+00:00,2.8500000000000001,2.8700000000000001,2.7999999999999998,2.8300000000000001,13977295,21311,2.8290989999999998
2026-07-21 04:00:00+00:00,2.8900000000000001,3.0099999999999998,2.8700000000000001,2.9900000000000002,20883253,25254,2.9608650000000001
2026-07-22 04:00:00+00:00,2.9900000000000002,3.1099999999999999,2.9900000000000002,3.0499999999999998,17131479,19714,3.0602710000000002
2026-07-23 04:00:00+00:00,3.0099999999999998,3.1200000000000001,3.0049999999999999,3.0899999999999999,19949058,16554,3.0704069999999999
2026-07-24 04:00:00+00:00,3.0800000000000001,3.085,2.8999999999999999,2.9100000000000001,22752275,26678,2.9678260000000001
2026-07-27 04:00:00+00:00,2.96,3.0699999999999998,2.8599999999999999,2.9199999999999999,22282254,21305,2.9326029999999998
2026-07-28 04:00:00+00:00,2.9199999999999999,2.9199999999999999,2.7000000000000002,2.75,29062204,26908,2.757654
2026-07-29 04:00:00+00:00,2.7400000000000002,2.77,2.605,2.6899999999999999,26861208,31673,2.673127
2026-07-30 04:00:00+00:00,2.7999999999999998,2.9300000000000002,2.7400000000000002,2.9199999999999999,30706593,33327,2.870485
2026-07-31 04:00:00+00:00,2.9500000000000002,2.9700000000000002,2.75,2.8100000000000001,22335608,41379,2.8221180000000001
2026-08-03 04:00:00+00:00,2.7999999999999998,2.9199999999999999,2.77,2.8799999999999999,17480269,31711,2.8697620000000001
2026-08-04 04:00:00+00:00,2.9399999999999999,3.0299999999999998,2.9100000000000001,2.98,26339580,38120,2.9949699999999999
2026-08-05 04:00:00+00:00,3.04,3.1200000000000001,3.0049999999999999,3.0899999999999999,27110897,39752,3.070236
2026-08-06 04:00:00+00:00,3.0800000000000001,3.21,3.0600000000000001,3.1299999999999999,25274695,39231,3.1538330000000001
2026-08-07 04:00:00+00:00,3.1600000000000001,3.335,3.1600000000000001,3.2200000000000002,20697159,32888,3.2371219999999998
2026-08-10 04:00:00+00:00,3.23,3.2999999999999998,3.1899999999999999,3.2599999999999998,25572707,43789,3.243163
2026-08-11 04:00:00+00:00,3.2400000000000002,3.3399999999999999,3.2400000000000002,3.3100000000000001,17136281,38053,3.3041010000000002
2026-08-12 04:00:00+00:00,3.3500000000000001,3.4100000000000001,3.2799999999999998,3.29,20575921,38930,3.3345259999999999
2026-08-13 04:00:00+00:00,3.2400000000000002,3.3500000000000001,3.2400000000000002,3.2599999999999998,18295448,19381,3.2799269999999998
2026-08-14 04:00:00+00:00,3.2599999999999998,3.3399999999999999,3.1899999999999999,3.23,22517367,33839,3.2597900000000002
2026-08-17 04:00:00+00:00,3.2400000000000002,3.2799999999999998,3.0899999999999999,3.1899999999999999,30336058,25657,3.195309
2026-08-18 04:00:00+00:00,3.1099999999999999,3.1699999999999999,3.04,3.1499999999999999,24169243,24563,3.1036990000000002
2026-08-19 04:00:00+00:00,3.1899999999999999,3.2599999999999998,3.1600000000000001,3.2200000000000002,23372537,22429,3.2064910000000002
2026-08-20 04:00:00+00:00,3.2000000000000002,3.23,3.0899999999999999,3.1400000000000001,29249326,24565,3.1487029999999998
2026-08-21 04:00:00+00:00,3.23,3.54,3.2200000000000002,3.5,50139907,35521,3.4525800000000002
2026-08-24 04:00:00+00:00,3.5,3.6000000000000001,3.4300000000000002,3.54,33484229,32877,3.5382850000000001
2026-08-25 04:00:00+00:00,3.5499999999999998,3.8300000000000001,3.5476999999999999,3.7200000000000002,40620040,42515,3.7356980000000002
2026-08-26 04:00:00+00:00,3.7400000000000002,3.8450000000000002,3.6000000000000001,3.6299999999999999,27558220,26505,3.670083
2026-08-27 04:00:00+00:00,3.6600000000000001,3.7000000000000002,3.6099999999999999,3.6699999999999999,17266294,19157,3.6618710000000001
2026-08-28 04:00:00+00:00,3.6699999999999999,3.6949999999999998,3.3599999999999999,3.3900000000000001,30422604,27457,3.4442490000000001
2026-08-31 04:00:00+00:00,3.3500000000000001,3.4199999999999999,3.335,3.3900000000000001,22652966,21346,3.3910070000000001
2026-09-01 04:00:00+00:00,3.29,3.3399999999999999,3.2000000000000002,3.2000000000000002,22836702,23376,3.2609889999999999
2026-09-02 04:00:00+00:00,3.25,3.3300000000000001,3.1899999999999999,3.2200000000000002,21282086,18166,3.234035
2026-09-03 04:00:00+00:00,3.3100000000000001,3.4100000000000001,3.3100000000000001,3.4100000000000001,30596402,32174,3.3708960000000001
2026-09-04 04:00:00+00:00,3.3900000000000001,3.4550000000000001,3.375,3.4199999999999999,21060456,20935,3.4195410000000002
2026-09-08 04:00:00+00:00,3.4199999999999999,3.48,3.3300000000000001,3.3500000000000001,29018925,23707,3.4148019999999999
2026-09-09 04:00:00+00:00,3.3500000000000001,3.4399999999999999,3.3199999999999998,3.3500000000000001,24641409,22246,3.384887
2026-09-10 04:00:00+00:00,3.2599999999999998,3.2999999999999998,3.21,3.23,15550377,19321,3.2457889999999998
2026-09-11 04:00:00+00:00,3.2599999999999998,3.27,3,3.02,25365593,27363,3.0798359999999998
2026-09-14 04:00:00+00:00,2.9300000000000002,2.96,2.7999999999999998,2.8900000000000001,25829432,35538,2.871575
2026-09-15 04:00:00+00:00,2.8999999999999999,2.9399999999999999,2.79,2.8599999999999999,21290178,22917,2.8447040000000001
2026-09-16 04:00:00+00:00,2.8900000000000001,2.915,2.77,2.8199999999999998,21297112,23303,2.8327979999999999
2026-09-17 04:00:00+00:00,2.8999999999999999,2.9100000000000001,2.835,2.8900000000000001,15745819,22584,2.8793120000000001
