timestamp,open,high,low,close,volume,trade_count,vwap
2016-01-04 05:00:00+00:00,16.489899999999999,16.789999999999999,16.309999999999999,16.559999999999999,21869,135,16.542418000000001
2016-01-05 05:00:00+00:00,16.5,16.870000000000001,16.5,16.68,12392,78,16.743279999999999
2016-01-06 05:00:00+00:00,16.489999999999998,16.98,16.489999999999998,16.890000000000001,5587,57,16.770690999999999
2016-01-07 05:00:00+00:00,16.75,16.93,16.73,16.73,11487,41,16.810956999999998
2016-01-08 05:00:00+00:00,16.760000000000002,16.890000000000001,16.559999999999999,16.719999999999999,8906,34,16.734186000000001
2016-01-11 05:00:00+00:00,16.710000000000001,17.219999999999999,16.601600000000001,16.800000000000001,37723,167,16.835695000000001
2016-01-12 05:00:00+00:00,16.739999999999998,17.148199999999999,16.739999999999998,16.969999999999999,12010,84,17.004114000000001
2016-01-13 05:00:00+00:00,16.969999999999999,16.969999999999999,16.57,16.699999999999999,11278,52,16.790264000000001
2016-01-14 05:00:00+00:00,16.68,16.800000000000001,16.401,16.52,25200,84,16.563345000000002
2016-01-15 05:00:00+00:00,16.449999999999999,16.620000000000001,16.449999999999999,16.460000000000001,10653,40,16.509050999999999
2016-01-19 05:00:00+00:00,16.59,16.59,15.661099999999999,15.970000000000001,36615,151,16.147449000000002
2016-01-20 05:00:00+00:00,15.619999999999999,15.800000000000001,15.15,15.720000000000001,39766,178,15.388717
2016-01-21 05:00:00+00:00,15.69,16.469999999999999,15.69,16.32,15550,91,16.225839000000001
2016-01-22 05:00:00+00:00,16.57,16.699999999999999,16.100000000000001,16.27,31402,130,16.496013000000001
2016-01-25 05:00:00+00:00,16.030000000000001,16.18,15.75,16.140000000000001,56267,242,16.067730999999998
2016-01-26 05:00:00+00:00,16.239999999999998,16.57,16.23,16.23,3761,34,16.307829999999999
2016-01-27 05:00:00+00:00,16.43,16.52,15.84,16.280000000000001,19001,58,16.224930000000001
2016-01-28 05:00:00+00:00,16.43,16.472999999999999,15.93,16.370000000000001,2783,29,16.166872000000001
2016-01-29 05:00:00+00:00,16.469999999999999,16.469999999999999,15.994,16.129999999999999,5698,36,16.183077999999998
2016-02-01 05:00:00+00:00,16.170999999999999,16.199999999999999,15.962,16.100000000000001,9720,34,16.066303000000001
2016-02-02 05:00:00+00:00,15.949999999999999,16.100000000000001,15.875,15.94,5736,30,15.967686
2016-02-03 05:00:00+00:00,15.889900000000001,15.889900000000001,15.73,15.75,2113,15,15.801256
2016-02-04 05:00:00+00:00,15.83,15.83,15.279999999999999,15.43,40723,111,15.444839
2016-02-05 05:00:00+00:00,15.51,15.51,14.92,14.949999999999999,13420,72,15.242038000000001
2016-02-08 05:00:00+00:00,14.77,14.77,14.1311,14.23,30591,260,14.47269
2016-02-09 05:00:00+00:00,13.98,13.98,13.609999999999999,13.800000000000001,21706,70,13.793278000000001
2016-02-10 05:00:00+00:00,13.922499999999999,13.968400000000001,13.81,13.859999999999999,9827,26,13.836717
2016-02-11 05:00:00+00:00,13.724,13.765000000000001,13.59,13.65,8542,50,13.644504
2016-02-12 05:00:00+00:00,13.786,13.789999999999999,13.6096,13.609999999999999,4502,25,13.657926
2016-02-16 05:00:00+00:00,13.74,13.74,13.300000000000001,13.52,21631,87,13.51707
2016-02-17 05:00:00+00:00,13.619999999999999,14.9,13.592000000000001,14.57,32066,164,14.252143
2016-02-18 05:00:00+00:00,14.67,14.67,14.07,14.07,11125,65,14.201273
2016-02-19 05:00:00+00:00,13.994300000000001,14.18,13.960000000000001,14.18,6514,40,14.07427
2016-02-22 05:00:00+00:00,14.199999999999999,14.52,14.199999999999999,14.26,13650,51,14.360346
2016-02-23 05:00:00+00:00,14.390000000000001,14.390000000000001,14.25,14.34,12370,59,14.333092000000001
2016-02-24 05:00:00+00:00,14.1,14.41,14.0901,14.279999999999999,6396,58,14.328659999999999
2016-02-25 05:00:00+00:00,14.26,14.960000000000001,14.26,14.550000000000001,16145,123,14.767760000000001
2016-02-26 05:00:00+00:00,14.34,14.83,14.34,14.65,13685,85,14.568768
2016-02-29 05:00:00+00:00,14.619999999999999,15.300000000000001,14.619999999999999,15.09,26232,74,14.984631
2016-03-01 05:00:00+00:00,15,15.07,14.970000000000001,15.06,5897,33,15.026306
2016-03-02 05:00:00+00:00,15.23,15.449999999999999,15.130000000000001,15.44,15187,97,15.300253
2016-03-03 05:00:00+00:00,15.43,15.699999999999999,15.039999999999999,15.460000000000001,17580,82,15.309085
2016-03-04 05:00:00+00:00,15.460000000000001,15.869999999999999,15.460000000000001,15.869999999999999,24117,121,15.671365
2016-03-07 05:00:00+00:00,16.199999999999999,16.3475,15.9,15.904999999999999,10361,71,16.103363000000002
2016-03-08 05:00:00+00:00,15.93,16.5,15.92,16.219999999999999,4741,32,16.151700000000002
2016-03-09 05:00:00+00:00,15.9,16.129999999999999,15.9,15.9,18600,117,16.009748999999999
2016-03-10 05:00:00+00:00,15.9,16.190000000000001,15.85,15.890000000000001,3282,24,15.956301
2016-03-11 05:00:00+00:00,15.99,16,15.74,15.762600000000001,9661,36,15.900829
2016-03-14 04:00:00+00:00,15.81,16.170000000000002,15.705,16.120000000000001,20183,71,16.042902999999999
2016-03-15 04:00:00+00:00,15.9,15.9,15.449999999999999,15.65,17250,76,15.560819
2016-03-16 04:00:00+00:00,15.550000000000001,16.038900000000002,15.4,15.85,32621,109,15.607844999999999
2016-03-17 04:00:00+00:00,15.8857,16.120000000000001,15.8857,15.940099999999999,8320,41,15.984472999999999
2016-03-18 04:00:00+00:00,16.149999999999999,16.390000000000001,16.149999999999999,16.390000000000001,9370,54,16.235855999999998
2016-03-21 04:00:00+00:00,16.440000000000001,16.883500000000002,16.3597,16.800000000000001,5957,28,16.545448
2016-03-22 04:00:00+00:00,16.699999999999999,17.173400000000001,16.201000000000001,16.889900000000001,18988,97,16.856441
2016-03-23 04:00:00+00:00,16.739999999999998,16.805,16.449999999999999,16.620000000000001,15189,75,16.669982999999998
2016-03-24 04:00:00+00:00,16.729199999999999,16.729199999999999,16.510000000000002,16.649999999999999,7298,38,16.689409999999999
2016-03-28 04:00:00+00:00,16.719999999999999,17,16.579899999999999,17,15624,74,16.776482999999999
2016-03-29 04:00:00+00:00,16.579999999999998,16.579999999999998,16.199999999999999,16.300000000000001,5511,22,16.293641000000001
2016-03-30 04:00:00+00:00,16.234000000000002,16.399999999999999,16.200099999999999,16.362400000000001,1238,9,16.273565999999999
2016-03-31 04:00:00+00:00,16.549900000000001,16.549900000000001,16.399999999999999,16.399999999999999,614,5,16.520603000000001
2016-04-01 04:00:00+00:00,16.289999999999999,16.425799999999999,16.287299999999998,16.425799999999999,2101,8,16.392959000000001
2016-04-04 04:00:00+00:00,16.41,16.6785,16.390000000000001,16.640000000000001,10505,57,16.487276000000001
2016-04-05 04:00:00+00:00,16.558700000000002,16.670000000000002,16.440000000000001,16.670000000000002,4600,71,16.557216
2016-04-06 04:00:00+00:00,16.57,16.68,16.52,16.670000000000002,2491,15,16.610112999999998
2016-04-07 04:00:00+00:00,16.48,16.669,16.460000000000001,16.465,2433,17,16.559235000000001
2016-04-08 04:00:00+00:00,16.649999999999999,16.82,16.5001,16.600000000000001,8220,53,16.670266000000002
2016-04-11 04:00:00+00:00,16.780000000000001,17.524999999999999,16.670000000000002,17.489999999999998,22554,96,17.149052000000001
2016-04-12 04:00:00+00:00,17.890000000000001,17.899999999999999,17.400099999999998,17.84,12451,58,17.80884
2016-04-13 04:00:00+00:00,17.899999999999999,17.899999999999999,17.670000000000002,17.84,7906,27,17.833732999999999
2016-04-14 04:00:00+00:00,17.895,18,17.890000000000001,18,9487,29,17.923922999999998
2016-04-15 04:00:00+00:00,17.989999999999998,18.129999999999999,17.989999999999998,18.109999999999999,8840,36,18.056832
2016-04-18 04:00:00+00:00,18.109999999999999,18.399999999999999,18.109999999999999,18.27,17739,69,18.321366999999999
2016-04-19 04:00:00+00:00,18.2699,18.379999999999999,18.2683,18.379999999999999,1317,9,18.277612000000001
2016-04-20 04:00:00+00:00,18.399999999999999,18.399999999999999,18.200099999999999,18.350000000000001,10672,37,18.291467999999998
2016-04-21 04:00:00+00:00,18.359999999999999,18.359999999999999,18.25,18.350000000000001,2040,7,18.321897
2016-04-22 04:00:00+00:00,18.398599999999998,18.398599999999998,18.268000000000001,18.268000000000001,1498,13,18.329117
2016-04-25 04:00:00+00:00,18.276700000000002,18.329999999999998,18.25,18.260000000000002,9352,37,18.277021999999999
2016-04-26 04:00:00+00:00,18.390000000000001,18.399999999999999,18.27,18.399999999999999,4060,22,18.357970000000002
2016-04-27 04:00:00+00:00,18.319400000000002,18.390000000000001,18.300000000000001,18.329999999999998,3824,33,18.356725999999998
2016-04-28 04:00:00+00:00,18.379999999999999,18.75,18.25,18.68,11781,80,18.388078
2016-04-29 04:00:00+00:00,18.43,18.668199999999999,18.120000000000001,18.190000000000001,11086,38,18.339932000000001
2016-05-02 04:00:00+00:00,18.329999999999998,18.879000000000001,18.100000000000001,18.5,13719,51,18.500530000000001
2016-05-03 04:00:00+00:00,18.379999999999999,18.379999999999999,18.100000000000001,18.280000000000001,1671,21,18.259340000000002
2016-05-04 04:00:00+00:00,18.219999999999999,18.379999999999999,18.100000000000001,18.300000000000001,16550,99,18.243784000000002
2016-05-05 04:00:00+00:00,18.370000000000001,18.93,18.239999999999998,18.239999999999998,2795,20,18.709837
2016-05-06 04:00:00+00:00,18.27,18.548999999999999,18.27,18.530000000000001,2854,25,18.463101999999999
2016-05-09 04:00:00+00:00,18.600000000000001,18.600000000000001,18.23,18.440000000000001,4044,51,18.40718
2016-05-10 04:00:00+00:00,18.440000000000001,19.120000000000001,18.399999999999999,18.760000000000002,14116,77,18.876028000000002
2016-05-11 04:00:00+00:00,19.1096,19.149999999999999,18.960000000000001,19.050000000000001,8983,36,19.110254999999999
2016-05-12 04:00:00+00:00,19.079999999999998,19.079999999999998,18.719999999999999,18.73,15433,65,18.964179000000001
2016-05-13 04:00:00+00:00,16.5,16.850000000000001,15.94,16,1630111,6902,16.330404999999999
2016-05-16 04:00:00+00:00,16.109999999999999,16.300000000000001,16.030100000000001,16.280000000000001,111466,450,16.161352999999998
2016-05-17 04:00:00+00:00,16.210000000000001,16.3399,16.149999999999999,16.23,38511,162,16.218861
2016-05-18 04:00:00+00:00,16.300000000000001,16.300000000000001,16.100000000000001,16.129999999999999,53434,121,16.193926999999999
2016-05-19 04:00:00+00:00,16.199999999999999,16.239999999999998,16.100000000000001,16.18,53640,210,16.176525000000002
2016-05-20 04:00:00+00:00,16.399999999999999,16.399999999999999,16.114999999999998,16.170100000000001,38992,184,16.17352
2016-05-23 04:00:00+00:00,16.170000000000002,16.273399999999999,16.120000000000001,16.129999999999999,44587,244,16.173907
2016-05-24 04:00:00+00:00,16.170000000000002,16.289899999999999,16.100000000000001,16.199999999999999,26054,127,16.165831000000001
2016-05-25 04:00:00+00:00,16.231000000000002,16.379999999999999,16.120000000000001,16.16,69064,200,16.220300000000002
2016-05-26 04:00:00+00:00,16.239999999999998,16.289999999999999,16.170000000000002,16.25,35663,110,16.251774000000001
2016-05-27 04:00:00+00:00,16.289999999999999,16.489999999999998,16.289999999999999,16.420000000000002,48255,381,16.429107999999999
2016-05-31 04:00:00+00:00,16.309999999999999,16.600000000000001,16.309999999999999,16.59,63385,256,16.507719999999999
2016-06-01 04:00:00+00:00,16.34,16.68,16.120000000000001,16.309999999999999,86689,560,16.437840000000001
2016-06-02 04:00:00+00:00,16.199999999999999,16.399999999999999,16.16,16.375,24032,167,16.365672
2016-06-03 04:00:00+00:00,16.309999999999999,16.629999999999999,16.309999999999999,16.4922,20345,81,16.485738000000001
2016-06-06 04:00:00+00:00,16.5,16.614999999999998,16.385000000000002,16.59,48941,337,16.543962000000001
2016-06-07 04:00:00+00:00,16.68,16.84,16.48,16.82,42874,332,16.727108999999999
2016-06-08 04:00:00+00:00,16.93,17.239999999999998,16.765000000000001,17.039999999999999,31706,154,16.963187999999999
2016-06-09 04:00:00+00:00,17.09,17.09,16.760000000000002,16.989999999999998,34058,128,16.870677000000001
2016-06-10 04:00:00+00:00,16.75,16.890000000000001,16.73,16.73,8553,58,16.816662000000001
2016-06-13 04:00:00+00:00,16.809999999999999,16.981999999999999,16.809999999999999,16.859999999999999,20507,106,16.871832000000001
2016-06-14 04:00:00+00:00,16.879999999999999,16.9849,16.5,16.5,23309,74,16.72437
2016-06-15 04:00:00+00:00,16.530000000000001,16.785599999999999,16.390000000000001,16.530000000000001,14737,55,16.601486000000001
2016-06-16 04:00:00+00:00,16.52,16.709900000000001,16.52,16.579899999999999,11076,74,16.630023999999999
2016-06-17 04:00:00+00:00,16.780000000000001,16.800000000000001,16.510000000000002,16.579999999999998,43745,123,16.582287000000001
2016-06-20 04:00:00+00:00,16.91,16.9543,16.41,16.41,43387,234,16.595001
2016-06-21 04:00:00+00:00,16.620000000000001,16.639900000000001,16.346399999999999,16.370000000000001,14075,69,16.45074
2016-06-22 04:00:00+00:00,16.52,16.579899999999999,16.289999999999999,16.289999999999999,33970,112,16.409424999999999
2016-06-23 04:00:00+00:00,16.48,16.48,16.2501,16.300000000000001,33004,139,16.344424
2016-06-24 04:00:00+00:00,16.07,16.615500000000001,16.0501,16.219999999999999,30073,118,16.319341999999999
2016-06-27 04:00:00+00:00,16.459900000000001,16.559999999999999,16.23,16.32,64666,238,16.348330000000001
2016-06-28 04:00:00+00:00,16.260000000000002,16.289899999999999,15.720000000000001,15.949999999999999,64322,253,15.972987
2016-06-29 04:00:00+00:00,15.949999999999999,16.2499,15.859999999999999,16.239999999999998,40031,222,16.069679000000001
2016-06-30 04:00:00+00:00,16.25,16.312999999999999,15.960000000000001,16.100000000000001,46703,239,16.126002
2016-07-01 04:00:00+00:00,16.09,16.259899999999998,15.9,16.18,70923,353,16.127994999999999
2016-07-05 04:00:00+00:00,16.07,16.280100000000001,16,16.100000000000001,18480,135,16.101565000000001
2016-07-06 04:00:00+00:00,16.081600000000002,16.170000000000002,15.93,16.170000000000002,24350,139,16.039735
2016-07-07 04:00:00+00:00,16.170000000000002,16.239999999999998,16.02,16.039999999999999,13880,112,16.115400000000001
2016-07-08 04:00:00+00:00,16.25,16.460000000000001,16.199200000000001,16.420000000000002,38108,113,16.310336
2016-07-11 04:00:00+00:00,16.440000000000001,16.850000000000001,16.373999999999999,16.629999999999999,41708,176,16.589082999999999
2016-07-12 04:00:00+00:00,16.670000000000002,16.789999999999999,16.5,16.510000000000002,25751,110,16.697322
2016-07-13 04:00:00+00:00,16.5,16.670000000000002,16.469999999999999,16.649999999999999,20566,103,16.609074
2016-07-14 04:00:00+00:00,16.68,16.760000000000002,16.555,16.629999999999999,10938,66,16.635489
2016-07-15 04:00:00+00:00,16.75,17.27,16.68,16.890000000000001,24063,109,16.881782999999999
2016-07-18 04:00:00+00:00,16.949999999999999,16.989999999999998,16.710000000000001,16.809999999999999,14421,78,16.813777000000002
2016-07-19 04:00:00+00:00,16.890000000000001,16.940000000000001,16.739999999999998,16.789999999999999,6251,30,16.856705999999999
2016-07-20 04:00:00+00:00,16.899999999999999,17.02,16.530999999999999,16.780000000000001,43269,198,16.918634000000001
2016-07-21 04:00:00+00:00,16.850000000000001,17,16.579999999999998,17,12481,87,16.864692000000002
2016-07-22 04:00:00+00:00,16.879999999999999,16.996200000000002,16.805,16.949999999999999,5568,36,16.939668999999999
2016-07-25 04:00:00+00:00,16.850000000000001,16.949999999999999,16.710000000000001,16.91,17841,104,16.852001999999999
2016-07-26 04:00:00+00:00,17.02,17.1723,16.879999999999999,16.879999999999999,19766,103,16.972107999999999
2016-07-27 04:00:00+00:00,16.960000000000001,17.050000000000001,16.949999999999999,17.039999999999999,24385,78,17.011324999999999
2016-07-28 04:00:00+00:00,16.890000000000001,16.9938,16.850000000000001,16.870000000000001,13785,84,16.885864999999999
2016-07-29 04:00:00+00:00,16.960000000000001,17,16.850100000000001,16.971,17377,86,16.943415999999999
2016-08-01 04:00:00+00:00,16.879999999999999,17.039999999999999,16.870000000000001,16.989999999999998,14524,47,16.952611999999998
2016-08-02 04:00:00+00:00,17,17,16.850000000000001,16.870000000000001,31340,169,16.905103
2016-08-03 04:00:00+00:00,17.050000000000001,17.050000000000001,16.600000000000001,16.649999999999999,35965,162,16.835289
2016-08-04 04:00:00+00:00,16.73,16.879999999999999,16.629999999999999,16.73,19455,152,16.762124
2016-08-05 04:00:00+00:00,16.800000000000001,17.09,16.737500000000001,16.98,21059,128,16.895775
2016-08-08 04:00:00+00:00,17.02,17.059999999999999,16.75,16.98,27239,129,16.939008000000001
2016-08-09 04:00:00+00:00,16.969999999999999,17.010000000000002,16.760999999999999,16.890000000000001,9614,54,16.851531000000001
2016-08-10 04:00:00+00:00,16.949999999999999,16.951000000000001,16.810099999999998,16.850000000000001,9018,17,16.890055
2016-08-11 04:00:00+00:00,16.898,16.940000000000001,16.82,16.940000000000001,17244,64,16.882164
2016-08-12 04:00:00+00:00,17.100000000000001,17.100000000000001,16.844200000000001,17.029900000000001,67261,196,17.013843999999999
2016-08-15 04:00:00+00:00,17.02,17.170000000000002,16.899999999999999,16.989999999999998,77075,218,17.010783
2016-08-16 04:00:00+00:00,17.018999999999998,17.350000000000001,17,17.18,53804,171,17.170677999999999
2016-08-17 04:00:00+00:00,17.120000000000001,17.239999999999998,17.039999999999999,17.079999999999998,16049,102,17.105473
2016-08-18 04:00:00+00:00,17.210000000000001,17.884,17.09,17.66,53176,321,17.572818999999999
2016-08-19 04:00:00+00:00,17.66,17.850000000000001,17.5,17.780000000000001,29246,163,17.714383000000002
2016-08-22 04:00:00+00:00,17.66,17.82,17.48,17.600000000000001,44216,252,17.605554000000001
2016-08-23 04:00:00+00:00,17.6357,17.649999999999999,17.41,17.530000000000001,35313,177,17.535588000000001
2016-08-24 04:00:00+00:00,17.850000000000001,18.100000000000001,17.52,17.739999999999998,78808,449,17.812557999999999
2016-08-25 04:00:00+00:00,17.809999999999999,17.949999999999999,17.57,17.670000000000002,43207,197,17.764237000000001
2016-08-26 04:00:00+00:00,17.670000000000002,17.699999999999999,17.390000000000001,17.390000000000001,46702,217,17.550045999999998
2016-08-29 04:00:00+00:00,17.469999999999999,17.699999999999999,17.433199999999999,17.59,36299,171,17.554396000000001
2016-08-30 04:00:00+00:00,17.690000000000001,17.800000000000001,17.510100000000001,17.699999999999999,18092,102,17.672034
2016-08-31 04:00:00+00:00,17.699999999999999,17.850000000000001,17.629999999999999,17.699999999999999,33655,176,17.686612
2016-09-01 04:00:00+00:00,17.699999999999999,17.739999999999998,17.620000000000001,17.699999999999999,14366,52,17.679556999999999
2016-09-02 04:00:00+00:00,17.699999999999999,17.98,17.626300000000001,17.98,20649,145,17.792642000000001
2016-09-06 04:00:00+00:00,17.989999999999998,18,17.699999999999999,17.859999999999999,56368,346,17.822398
2016-09-07 04:00:00+00:00,17.9999,17.9999,17.800000000000001,17.800000000000001,7635,41,17.874227999999999
2016-09-08 04:00:00+00:00,17.82,17.989899999999999,17.420000000000002,17.600000000000001,36083,170,17.684073000000001
2016-09-09 04:00:00+00:00,17.489999999999998,17.949999999999999,16.890000000000001,17.140000000000001,54920,248,17.264427000000001
2016-09-12 04:00:00+00:00,17.030000000000001,17.370000000000001,16.550000000000001,17.239999999999998,80179,339,16.833015
2016-09-13 04:00:00+00:00,17.199999999999999,17.568200000000001,17,17.010000000000002,27788,174,17.255883000000001
2016-09-14 04:00:00+00:00,17.229800000000001,17.229800000000001,16.934999999999999,16.969999999999999,7026,40,17.018381999999999
2016-09-15 04:00:00+00:00,17.010000000000002,17.25,16.989999999999998,17.149999999999999,14140,59,17.144000999999999
2016-09-16 04:00:00+00:00,17,17.82,17,17.77,17771,64,17.389084
2016-09-19 04:00:00+00:00,17.699999999999999,17.940000000000001,17.397300000000001,17.559999999999999,17383,138,17.727025999999999
2016-09-20 04:00:00+00:00,17.609999999999999,17.868099999999998,17.609999999999999,17.710000000000001,19856,73,17.754413
2016-09-21 04:00:00+00:00,17.530000000000001,17.600000000000001,17.350000000000001,17.579999999999998,36729,136,17.512464999999999
2016-09-22 04:00:00+00:00,17.550000000000001,17.670000000000002,17.390000000000001,17.66,33347,123,17.546271999999998
2016-09-23 04:00:00+00:00,17.5,17.649999999999999,17.5,17.649999999999999,14015,57,17.587297
2016-09-26 04:00:00+00:00,17.640000000000001,17.699999999999999,17.559999999999999,17.600000000000001,52034,162,17.632963
2016-09-27 04:00:00+00:00,17.579999999999998,17.649999999999999,17.199999999999999,17.300000000000001,46424,171,17.506774
2016-09-28 04:00:00+00:00,16.699999999999999,17,16.628,16.920000000000002,36680,126,16.796047999999999
2016-09-29 04:00:00+00:00,16.800000000000001,17.309999999999999,16.800000000000001,16.84,45703,235,17.060808999999999
2016-09-30 04:00:00+00:00,17,17.199999999999999,17,17.16,20976,94,17.109787000000001
2016-10-03 04:00:00+00:00,17.100000000000001,17.199999999999999,17.010000000000002,17.109999999999999,13774,90,17.109406
2016-10-04 04:00:00+00:00,16.881,17.016200000000001,16.811,16.8401,15407,81,16.9114
2016-10-05 04:00:00+00:00,17.09,17.09,16.860099999999999,17.07,30741,154,17.006214
2016-10-06 04:00:00+00:00,17,17.010000000000002,16.84,16.899999999999999,9422,61,16.894539000000002
2016-10-07 04:00:00+00:00,16.899999999999999,17.199999999999999,16.800000000000001,16.920000000000002,15231,99,16.938334000000001
2016-10-10 04:00:00+00:00,16.899999999999999,17.02,16.800000000000001,16.969999999999999,16188,101,16.905578999999999
2016-10-11 04:00:00+00:00,16.8874,17.02,16.850000000000001,16.920000000000002,14146,78,16.934108999999999
2016-10-12 04:00:00+00:00,16.84,16.889900000000001,16.809999999999999,16.829999999999998,9910,39,16.849751999999999
2016-10-13 04:00:00+00:00,16.850000000000001,16.850000000000001,16.710000000000001,16.8001,17766,71,16.802659999999999
2016-10-14 04:00:00+00:00,16.800000000000001,16.989999999999998,16.760000000000002,16.760000000000002,14089,59,16.834641000000001
2016-10-17 04:00:00+00:00,16.809999999999999,16.969999999999999,16.809999999999999,16.890000000000001,16457,87,16.888456999999999
2016-10-18 04:00:00+00:00,16.91,16.989899999999999,16.890000000000001,16.899999999999999,29311,130,16.954768000000001
2016-10-19 04:00:00+00:00,16.989999999999998,17.07,16.928000000000001,17,23614,123,16.993718999999999
2016-10-20 04:00:00+00:00,17.030000000000001,17.030000000000001,16.917999999999999,16.989999999999998,22843,99,16.986623000000002
2016-10-21 04:00:00+00:00,16.949999999999999,17,16.93,17,22445,76,16.977077999999999
2016-10-24 04:00:00+00:00,17,17.149999999999999,16.989999999999998,17.030000000000001,22256,64,17.074940999999999
2016-10-25 04:00:00+00:00,17.039999999999999,17.1188,16.780000000000001,16.800000000000001,28750,200,16.945793999999999
2016-10-26 04:00:00+00:00,17.047499999999999,17.047499999999999,16.739999999999998,16.800000000000001,32380,194,16.870073000000001
2016-10-27 04:00:00+00:00,16.77,16.893799999999999,16.699999999999999,16.715,23880,75,16.746963000000001
2016-10-28 04:00:00+00:00,16.850000000000001,16.912299999999998,16.710000000000001,16.789999999999999,15448,63,16.810998999999999
2016-10-31 04:00:00+00:00,16.800000000000001,16.9438,16.66,16.699999999999999,35760,114,16.820553
2016-11-01 04:00:00+00:00,16.77,16.954000000000001,16.539999999999999,16.690000000000001,18139,70,16.819697000000001
2016-11-02 04:00:00+00:00,16.73,16.739000000000001,16.649999999999999,16.649999999999999,9281,55,16.697198
2016-11-03 04:00:00+00:00,16.719999999999999,16.91,16.25,16.25,18926,83,16.587582999999999
2016-11-04 04:00:00+00:00,16.300000000000001,16.509899999999998,16.300000000000001,16.330100000000002,18712,75,16.389016000000002
2016-11-07 05:00:00+00:00,16.449999999999999,16.57,16.289999999999999,16.300000000000001,66442,192,16.391058000000001
2016-11-08 05:00:00+00:00,16.350000000000001,16.528400000000001,16.240100000000002,16.25,22048,99,16.332567000000001
2016-11-09 05:00:00+00:00,16.219999999999999,16.600000000000001,16.126999999999999,16.23,31997,183,16.326774
2016-11-10 05:00:00+00:00,16.34,16.370000000000001,16.239999999999998,16.280000000000001,35277,194,16.284696
2016-11-11 05:00:00+00:00,16.239999999999998,16.569900000000001,16.239999999999998,16.559999999999999,24685,79,16.539470999999999
2016-11-14 05:00:00+00:00,16.52,16.879999999999999,16.52,16.870000000000001,11457,59,16.801537
2016-11-15 05:00:00+00:00,16.920000000000002,17.199999999999999,16.895,17.199999999999999,32974,128,17.054696
2016-11-16 05:00:00+00:00,17.149999999999999,17.800000000000001,17.149999999999999,17.5,62436,225,17.448893999999999
2016-11-17 05:00:00+00:00,17.359999999999999,17.82,17.359999999999999,17.649999999999999,84059,387,17.652000999999998
2016-11-18 05:00:00+00:00,17.649999999999999,17.690000000000001,17.5,17.59,16665,79,17.594318000000001
2016-11-21 05:00:00+00:00,17.649999999999999,17.649999999999999,17.510000000000002,17.609999999999999,26108,165,17.616201
2016-11-22 05:00:00+00:00,17.649999999999999,17.879999999999999,17.600000000000001,17.780000000000001,23984,142,17.675384999999999
2016-11-23 05:00:00+00:00,17.809999999999999,17.809999999999999,17.6601,17.77,23658,64,17.776005000000001
2016-11-25 05:00:00+00:00,17.77,17.98,17.77,17.82,12967,32,17.882595999999999
2016-11-28 05:00:00+00:00,17.859999999999999,17.899899999999999,17.673999999999999,17.879999999999999,15049,44,17.848047999999999
2016-11-29 05:00:00+00:00,17.871500000000001,17.871500000000001,17.710000000000001,17.719999999999999,11598,34,17.754162999999998
2016-11-30 05:00:00+00:00,17.719999999999999,17.879999999999999,17.710100000000001,17.800000000000001,38856,115,17.789408999999999
2016-12-01 05:00:00+00:00,17.780000000000001,17.969999999999999,17.699999999999999,17.890000000000001,42338,145,17.855194000000001
2016-12-02 05:00:00+00:00,17.878499999999999,18,17.878499999999999,17.969999999999999,23323,81,17.955259000000002
2016-12-05 05:00:00+00:00,17.98,18,17.940000000000001,17.969999999999999,25712,87,17.984807
2016-12-06 05:00:00+00:00,17.98,18,17.887,18,20250,44,17.922459
2016-12-07 05:00:00+00:00,18,18,17.949999999999999,17.969999999999999,16553,66,17.997875000000001
2016-12-08 05:00:00+00:00,17.25,17.550000000000001,17.100000000000001,17.359999999999999,689568,2424,17.273046000000001
2016-12-09 05:00:00+00:00,17.329999999999998,17.385000000000002,17.25,17.350000000000001,97921,524,17.340664
2016-12-12 05:00:00+00:00,17.300000000000001,17.489999999999998,17.300000000000001,17.350000000000001,102144,334,17.368095
2016-12-13 05:00:00+00:00,17.379999999999999,17.5,17.300000000000001,17.399999999999999,44469,203,17.357247000000001
2016-12-14 05:00:00+00:00,17.350000000000001,17.350000000000001,17.199999999999999,17.25,45327,184,17.273281999999998
2016-12-15 05:00:00+00:00,17.297000000000001,17.43,17.199999999999999,17.23,76659,346,17.292480999999999
2016-12-16 05:00:00+00:00,17.299900000000001,17.48,17.228300000000001,17.350000000000001,57446,192,17.367573
2016-12-19 05:00:00+00:00,17.399999999999999,17.399999999999999,17.199999999999999,17.199999999999999,50738,195,17.257244
2016-12-20 05:00:00+00:00,17.280000000000001,17.48,17.120000000000001,17.390000000000001,52232,266,17.339338000000001
2016-12-21 05:00:00+00:00,17.370000000000001,17.593499999999999,17.350000000000001,17.370000000000001,45930,183,17.459031
2016-12-22 05:00:00+00:00,17.350000000000001,17.5884,17.350000000000001,17.460000000000001,28002,141,17.465835999999999
2016-12-23 05:00:00+00:00,17.388000000000002,17.649999999999999,17.350000000000001,17.489999999999998,37047,222,17.490379999999998
2016-12-27 05:00:00+00:00,17.52,17.566199999999998,17.350000000000001,17.449999999999999,127129,341,17.440507
2016-12-28 05:00:00+00:00,16.850000000000001,17.031500000000001,16.809999999999999,16.949999999999999,34166,146,16.914128999999999
2016-12-29 05:00:00+00:00,17,17,16.809999999999999,16.93,35292,134,16.882037
2016-12-30 05:00:00+00:00,16.890000000000001,16.890000000000001,16.699999999999999,16.710000000000001,23763,109,16.798473999999999
2017-01-03 05:00:00+00:00,16.829999999999998,16.9146,16.699999999999999,16.75,34474,135,16.756456
2017-01-04 05:00:00+00:00,16.789999999999999,16.899999999999999,16.733899999999998,16.890000000000001,37961,141,16.812503
2017-01-05 05:00:00+00:00,16.890000000000001,16.899999999999999,16.739999999999998,16.829999999999998,40467,110,16.828337999999999
2017-01-06 05:00:00+00:00,16.84,16.907699999999998,16.800000000000001,16.850000000000001,25094,56,16.850864000000001
2017-01-09 05:00:00+00:00,16.850000000000001,16.899000000000001,16.800000000000001,16.870000000000001,25250,68,16.852574000000001
2017-01-10 05:00:00+00:00,16.800000000000001,16.890000000000001,16.699999999999999,16.779699999999998,41596,112,16.783283000000001
2017-01-11 05:00:00+00:00,16.75,16.885000000000002,16.710100000000001,16.870000000000001,28380,110,16.818618000000001
2017-01-12 05:00:00+00:00,16.899999999999999,16.949999999999999,16.842500000000001,16.870000000000001,36832,125,16.874412
2017-01-13 05:00:00+00:00,16.915500000000002,17,16.879999999999999,16.91,31703,108,16.936588
2017-01-17 05:00:00+00:00,16.949999999999999,17.142900000000001,16.881,16.98,100017,341,17.003896000000001
2017-01-18 05:00:00+00:00,16.966100000000001,17.100000000000001,16.966100000000001,17.050000000000001,72912,251,17.052923
2017-01-19 05:00:00+00:00,17.100000000000001,17.25,17.100000000000001,17.239999999999998,87556,325,17.181311000000001
2017-01-20 05:00:00+00:00,17.25,17.289999999999999,17.160799999999998,17.190000000000001,17125,81,17.199309
2017-01-23 05:00:00+00:00,17.170000000000002,17.25,17.16,17.2407,21003,69,17.207744000000002
2017-01-24 05:00:00+00:00,17.219999999999999,17.34,17.149999999999999,17.300000000000001,37765,119,17.206752999999999
2017-01-25 05:00:00+00:00,17.280000000000001,17.300000000000001,17.210000000000001,17.260000000000002,50387,117,17.262353999999998
2017-01-26 05:00:00+00:00,17.309999999999999,17.379999999999999,17.25,17.280000000000001,54593,190,17.312265
2017-01-27 05:00:00+00:00,17.370000000000001,17.417300000000001,17.280000000000001,17.300000000000001,33262,90,17.336259999999999
2017-01-30 05:00:00+00:00,17.277000000000001,17.390000000000001,17.25,17.379999999999999,20792,85,17.304022
2017-01-31 05:00:00+00:00,17.399999999999999,17.469999999999999,17.27,17.370000000000001,30654,129,17.372101000000001
2017-02-01 05:00:00+00:00,17.32,17.460000000000001,17.221,17.43,49343,261,17.400953000000001
2017-02-02 05:00:00+00:00,17.489999999999998,17.5,17.411999999999999,17.469999999999999,25778,77,17.474575000000002
2017-02-03 05:00:00+00:00,17.489999999999998,17.5,17.449999999999999,17.460000000000001,49992,173,17.482861
2017-02-06 05:00:00+00:00,17.43,17.579999999999998,17.43,17.469999999999999,34741,147,17.503221
2017-02-07 05:00:00+00:00,17.5,17.870000000000001,17.41,17.850000000000001,78559,487,17.720825000000001
2017-02-08 05:00:00+00:00,17.778300000000002,18,17.66,17.789999999999999,53368,284,17.855764000000001
2017-02-09 05:00:00+00:00,17.890000000000001,17.890000000000001,17.649999999999999,17.739999999999998,30082,139,17.747522
2017-02-10 05:00:00+00:00,17.800000000000001,17.928000000000001,17.48,17.579999999999998,46054,225,17.684905000000001
2017-02-13 05:00:00+00:00,17.629999999999999,17.813300000000002,17.600000000000001,17.600000000000001,29135,132,17.736291000000001
2017-02-14 05:00:00+00:00,17.699000000000002,17.75,17.629999999999999,17.73,28583,97,17.683412000000001
2017-02-15 05:00:00+00:00,17.75,17.849,17.719999999999999,17.719999999999999,27561,120,17.760214000000001
2017-02-16 05:00:00+00:00,17.739899999999999,17.870000000000001,17.687000000000001,17.809999999999999,27175,122,17.773181999999998
2017-02-17 05:00:00+00:00,17.780000000000001,17.859999999999999,17.760000000000002,17.809999999999999,13509,66,17.790306000000001
2017-02-21 05:00:00+00:00,17.84,17.989999999999998,17.82,17.91,39200,100,17.913049000000001
2017-02-22 05:00:00+00:00,17.899999999999999,17.989000000000001,17.609999999999999,17.870000000000001,51114,241,17.744878
2017-02-23 05:00:00+00:00,17.899999999999999,17.98,17.7605,17.91,28402,153,17.917891000000001
2017-02-24 05:00:00+00:00,17.969999999999999,19.015000000000001,17.969999999999999,18.68,118942,470,18.594602999999999
2017-02-27 05:00:00+00:00,18.890000000000001,19.209,18.752500000000001,18.949999999999999,79611,323,18.952179999999998
2017-02-28 05:00:00+00:00,19.010000000000002,19.199000000000002,18.710000000000001,18.850000000000001,63123,187,18.901589000000001
2017-03-01 05:00:00+00:00,18.800000000000001,19.346399999999999,18.559999999999999,18.809999999999999,79905,414,18.926335999999999
2017-03-02 05:00:00+00:00,18.780000000000001,19.100000000000001,18.699999999999999,19.010000000000002,39009,159,18.951367999999999
2017-03-03 05:00:00+00:00,19.125599999999999,19.48,19.07,19.440000000000001,79581,223,19.2288
2017-03-06 05:00:00+00:00,19.010000000000002,19.209,18.969999999999999,19.02,81023,192,19.040558000000001
2017-03-07 05:00:00+00:00,19.050000000000001,19.289899999999999,19.039999999999999,19.144600000000001,23706,67,19.143032000000002
2017-03-08 05:00:00+00:00,19.280000000000001,19.289999999999999,19,19.289999999999999,35966,140,19.115955
2017-03-09 05:00:00+00:00,19.289999999999999,19.399999999999999,19.02,19.100000000000001,40959,130,19.180372999999999
2017-03-10 05:00:00+00:00,19.050000000000001,19.440000000000001,19.049800000000001,19.100000000000001,52710,196,19.193971999999999
2017-03-13 04:00:00+00:00,19.09,19.100000000000001,18.91,18.969999999999999,39523,169,19.010639999999999
2017-03-14 04:00:00+00:00,18.960000000000001,18.98,18.690000000000001,18.739999999999998,49941,142,18.853349999999999
2017-03-15 04:00:00+00:00,18.920000000000002,19.100000000000001,18.770499999999998,19.079999999999998,49675,125,18.983667000000001
2017-03-16 04:00:00+00:00,19,19.719999999999999,19,19.48,62974,322,19.386468000000001
2017-03-17 04:00:00+00:00,19.335000000000001,19.649999999999999,19.329999999999998,19.52,32517,92,19.457953
2017-03-20 04:00:00+00:00,19.629999999999999,19.645199999999999,19.4392,19.629999999999999,26979,64,19.590229000000001
2017-03-21 04:00:00+00:00,19.658000000000001,19.658000000000001,19.300000000000001,19.32,37524,153,19.388665
2017-03-22 04:00:00+00:00,19.309999999999999,19.622199999999999,19.309999999999999,19.489999999999998,25649,69,19.474094000000001
2017-03-23 04:00:00+00:00,19.48,19.48,19.329999999999998,19.399999999999999,27990,102,19.385234000000001
2017-03-24 04:00:00+00:00,19.399999999999999,19.48,19.300000000000001,19.449999999999999,35292,131,19.399660000000001
2017-03-27 04:00:00+00:00,19.449999999999999,19.530000000000001,19.335999999999999,19.399999999999999,10874,41,19.419892999999998
2017-03-28 04:00:00+00:00,19.449999999999999,19.449999999999999,19.350000000000001,19.390000000000001,15559,69,19.374697999999999
2017-03-29 04:00:00+00:00,19.48,19.48,19.300000000000001,19.420000000000002,19978,99,19.360050999999999
2017-03-30 04:00:00+00:00,20.140000000000001,21.0242,19.949999999999999,20.239999999999998,546765,2178,20.363769999999999
2017-03-31 04:00:00+00:00,20.440000000000001,20.989999999999998,20.260000000000002,20.850000000000001,229754,844,20.701443999999999
2017-04-03 04:00:00+00:00,21.5,21.5,20.899999999999999,21.263999999999999,141755,516,21.209810999999998
2017-04-04 04:00:00+00:00,21.329999999999998,21.600000000000001,21.300000000000001,21.48,90643,334,21.449950999999999
2017-04-05 04:00:00+00:00,21.449999999999999,21.600000000000001,21.379999999999999,21.52,54325,287,21.505405
2017-04-06 04:00:00+00:00,21.739999999999998,21.948,21.440000000000001,21.449999999999999,79304,341,21.633908999999999
2017-04-07 04:00:00+00:00,21.460000000000001,21.558,21.266300000000001,21.3201,65000,266,21.401247999999999
2017-04-10 04:00:00+00:00,21.420000000000002,22.050000000000001,21.370000000000001,22.02,101925,449,21.647099999999998
2017-04-11 04:00:00+00:00,21.960000000000001,22.106200000000001,21.149999999999999,21.690000000000001,101336,623,21.611113
2017-04-12 04:00:00+00:00,21.59,21.729800000000001,20.550000000000001,20.84,159991,609,21.002371
2017-04-13 04:00:00+00:00,20.84,21.18,20.399999999999999,20.59,62974,305,20.836120000000001
2017-04-17 04:00:00+00:00,20.699999999999999,20.750499999999999,20.199999999999999,20.41,41337,173,20.515778999999998
2017-04-18 04:00:00+00:00,20.420000000000002,20.59,20.420000000000002,20.510000000000002,30487,199,20.516714
2017-04-19 04:00:00+00:00,20.600000000000001,21.120000000000001,20.449999999999999,20.5,95417,433,20.717659999999999
2017-04-20 04:00:00+00:00,19.449999999999999,19.699999999999999,19.350000000000001,19.5,1354079,5062,19.516849000000001
2017-04-21 04:00:00+00:00,19.5,19.75,19.5,19.550000000000001,210815,773,19.62434
2017-04-24 04:00:00+00:00,19.690000000000001,19.75,19.600000000000001,19.620000000000001,148085,444,19.675567000000001
2017-04-25 04:00:00+00:00,19.719999999999999,19.719999999999999,19.5,19.640000000000001,106625,392,19.581529
2017-04-26 04:00:00+00:00,19.649999999999999,19.649999999999999,19.469999999999999,19.489999999999998,101353,355,19.539629000000001
2017-04-27 04:00:00+00:00,19.5,19.797799999999999,19.469999999999999,19.629999999999999,96814,318,19.636693999999999
2017-04-28 04:00:00+00:00,19.68,20.260000000000002,19.566500000000001,19.84,134976,663,19.949518999999999
2017-05-01 04:00:00+00:00,20,20.259,19.949999999999999,20.080300000000001,83014,310,20.119105000000001
2017-05-02 04:00:00+00:00,20.079999999999998,20.390000000000001,20.079999999999998,20.350000000000001,62924,256,20.233180000000001
2017-05-03 04:00:00+00:00,20.399999999999999,20.399999999999999,20.100000000000001,20.170000000000002,53066,211,20.203720000000001
2017-05-04 04:00:00+00:00,20.300000000000001,20.300000000000001,18.719999999999999,19.829999999999998,308689,1222,19.397732000000001
2017-05-05 04:00:00+00:00,19.609999999999999,19.739999999999998,19.5,19.649999999999999,72588,326,19.643561999999999
2017-05-08 04:00:00+00:00,19.510000000000002,19.91,19.510000000000002,19.879999999999999,89848,279,19.747699000000001
2017-05-09 04:00:00+00:00,19.850000000000001,19.850000000000001,19.6678,19.778700000000001,51053,193,19.808273
2017-05-10 04:00:00+00:00,19.690000000000001,19.859999999999999,19.5,19.66,57280,227,19.723071999999998
2017-05-11 04:00:00+00:00,19.5,19.629999999999999,19.390000000000001,19.43,49867,183,19.47917
2017-05-12 04:00:00+00:00,19.34,19.652000000000001,19.34,19.5,30488,81,19.520477
2017-05-15 04:00:00+00:00,19.5,19.588999999999999,19.460000000000001,19.489999999999998,43548,143,19.507173000000002
2017-05-16 04:00:00+00:00,19.550000000000001,19.75,19.550000000000001,19.559999999999999,38707,196,19.652312999999999
2017-05-17 04:00:00+00:00,19.559999999999999,19.73,19.48,19.48,59901,232,19.620676
2017-05-18 04:00:00+00:00,19.379999999999999,19.75,19.379999999999999,19.690000000000001,20345,92,19.651208
2017-05-19 04:00:00+00:00,19.780000000000001,19.899999999999999,19.5596,19.780000000000001,37696,182,19.754090999999999
2017-05-22 04:00:00+00:00,19.800000000000001,19.875,19.605,19.699999999999999,39907,153,19.742401999999998
2017-05-23 04:00:00+00:00,19.870000000000001,19.960000000000001,19.609999999999999,19.960000000000001,75740,271,19.803723000000002
2017-05-24 04:00:00+00:00,19.940000000000001,20.140000000000001,19.66,19.760000000000002,98485,328,19.921361000000001
2017-05-25 04:00:00+00:00,19.84,19.949999999999999,19.760000000000002,19.949999999999999,27423,113,19.824957999999999
2017-05-26 04:00:00+00:00,20.030000000000001,20.089099999999998,19.829999999999998,19.989999999999998,33962,147,19.996344000000001
2017-05-30 04:00:00+00:00,19.949999999999999,20.202200000000001,19.91,20.09,30117,135,20.006746
2017-05-31 04:00:00+00:00,20.100000000000001,20.149999999999999,19.921199999999999,20.120000000000001,35922,152,20.031444
2017-06-01 04:00:00+00:00,20.109999999999999,20.260000000000002,20.030000000000001,20.120000000000001,33250,149,20.135225999999999
2017-06-02 04:00:00+00:00,20.27,20.399999999999999,20.170000000000002,20.399999999999999,61926,226,20.284192000000001
2017-06-05 04:00:00+00:00,20.350000000000001,20.5,20.350000000000001,20.469999999999999,26920,136,20.429103000000001
2017-06-06 04:00:00+00:00,20.5,20.789999999999999,20.4999,20.690000000000001,49352,168,20.654394
2017-06-07 04:00:00+00:00,20.800000000000001,20.827999999999999,20.609999999999999,20.699999999999999,52436,198,20.710491000000001
2017-06-08 04:00:00+00:00,20.5,20.600000000000001,20.465299999999999,20.59,43463,126,20.518065
2017-06-09 04:00:00+00:00,20.52,20.760000000000002,20.510000000000002,20.739999999999998,47848,167,20.611733999999998
2017-06-12 04:00:00+00:00,20.739999999999998,20.739999999999998,20.440000000000001,20.649999999999999,39897,196,20.588456000000001
2017-06-13 04:00:00+00:00,20.52,20.638999999999999,20.300000000000001,20.420000000000002,55442,229,20.450686000000001
2017-06-14 04:00:00+00:00,20.5,20.719999999999999,20.5,20.68,22013,122,20.6158
2017-06-15 04:00:00+00:00,20.690000000000001,20.739899999999999,20.530000000000001,20.59,19404,81,20.641290999999999
2017-06-16 04:00:00+00:00,20.676500000000001,20.699999999999999,20.5,20.66,26167,107,20.641556999999999
2017-06-19 04:00:00+00:00,20.690000000000001,20.84,20.690000000000001,20.760000000000002,37630,128,20.757425999999999
2017-06-20 04:00:00+00:00,20.640000000000001,20.75,20.640000000000001,20.670000000000002,33732,174,20.695042000000001
2017-06-21 04:00:00+00:00,20.739999999999998,20.800000000000001,20.68,20.710000000000001,21006,92,20.711637
2017-06-22 04:00:00+00:00,20.723500000000001,20.723500000000001,20.579999999999998,20.710000000000001,23676,122,20.660250999999999
2017-06-23 04:00:00+00:00,20.601900000000001,20.882999999999999,20.600000000000001,20.82,23192,111,20.784331000000002
2017-06-26 04:00:00+00:00,20.98,20.989999999999998,20.831700000000001,20.93,29681,145,20.903200999999999
2017-06-27 04:00:00+00:00,20.989999999999998,21.050000000000001,20.800000000000001,20.82,52365,151,20.955507999999998
2017-06-28 04:00:00+00:00,20.800000000000001,20.850000000000001,20.5716,20.609999999999999,15426,103,20.741772999999998
2017-06-29 04:00:00+00:00,20.75,20.75,20.510000000000002,20.510000000000002,43581,214,20.640972999999999
2017-06-30 04:00:00+00:00,20.699999999999999,20.699999999999999,20.510000000000002,20.68,30705,210,20.606127999999998
2017-07-03 04:00:00+00:00,20.690000000000001,20.75,20.5,20.510000000000002,50632,241,20.634550000000001
2017-07-05 04:00:00+00:00,20.52,20.809999999999999,20.5,20.719999999999999,52362,312,20.66282
2017-07-06 04:00:00+00:00,20.73,21.07,20.73,20.859999999999999,39257,237,20.893042000000001
2017-07-07 04:00:00+00:00,20.859999999999999,21,20.649999999999999,20.710000000000001,31375,166,20.734670999999999
2017-07-10 04:00:00+00:00,20.870000000000001,21.140000000000001,20.813600000000001,20.899999999999999,52075,250,20.930436
2017-07-11 04:00:00+00:00,20.699999999999999,20.899999999999999,20.690100000000001,20.870000000000001,29341,180,20.815624
2017-07-12 04:00:00+00:00,20.899999999999999,21,20.52,20.739999999999998,38362,237,20.798701000000001
2017-07-13 04:00:00+00:00,20.739999999999998,20.912700000000001,20.739999999999998,20.789999999999999,8717,62,20.862950999999999
2017-07-14 04:00:00+00:00,20.940000000000001,20.940000000000001,20.699999999999999,20.739999999999998,40923,142,20.764467
2017-07-17 04:00:00+00:00,20.579999999999998,20.6999,20.48,20.48,61426,289,20.552119999999999
2017-07-18 04:00:00+00:00,20.5,20.619900000000001,20.219999999999999,20.27,50596,264,20.37182
2017-07-19 04:00:00+00:00,20.350000000000001,20.5,20.25,20.460000000000001,22838,98,20.407402999999999
2017-07-20 04:00:00+00:00,20.399999999999999,20.41,20.280000000000001,20.350000000000001,46107,227,20.335118999999999
2017-07-21 04:00:00+00:00,20.460000000000001,20.5,20.300000000000001,20.379999999999999,28811,135,20.396208999999999
2017-07-24 04:00:00+00:00,20.280000000000001,20.510000000000002,20.280000000000001,20.48,29827,112,20.414344
2017-07-25 04:00:00+00:00,20.5,20.5,20.331,20.449999999999999,31635,132,20.422467999999999
2017-07-26 04:00:00+00:00,20.469999999999999,20.710000000000001,20.391200000000001,20.66,59606,207,20.590230999999999
2017-07-27 04:00:00+00:00,20.719999999999999,20.760000000000002,20.359999999999999,20.390000000000001,74110,296,20.584613999999998
2017-07-28 04:00:00+00:00,20.399999999999999,20.699999999999999,20.360099999999999,20.460000000000001,32180,155,20.491555999999999
2017-07-31 04:00:00+00:00,20.550000000000001,20.75,20.390000000000001,20.559999999999999,51033,186,20.601351999999999
2017-08-01 04:00:00+00:00,20.800000000000001,20.899999999999999,20.550000000000001,20.859999999999999,56816,355,20.833483000000001
2017-08-02 04:00:00+00:00,20.899999999999999,21.129999999999999,20.859999999999999,21.129999999999999,40028,167,21.027781000000001
2017-08-03 04:00:00+00:00,21.033000000000001,21.1188,20.91,20.93,18769,73,21.004873
2017-08-04 04:00:00+00:00,21,21.186599999999999,20.931000000000001,21.039999999999999,42351,178,21.048223
2017-08-07 04:00:00+00:00,21,21.390000000000001,21,21.390000000000001,50766,171,21.232258000000002
2017-08-08 04:00:00+00:00,21.379999999999999,21.530000000000001,21.050000000000001,21.210000000000001,88880,386,21.375397
2017-08-09 04:00:00+00:00,21.18,21.18,20.609999999999999,20.649999999999999,72952,312,20.860116999999999
2017-08-10 04:00:00+00:00,20.600000000000001,20.653400000000001,19.940000000000001,20.030000000000001,132369,679,20.249727
2017-08-11 04:00:00+00:00,19.809999999999999,20.948899999999998,19.809999999999999,20.32,53631,259,20.219526999999999
2017-08-14 04:00:00+00:00,20.350000000000001,20.618400000000001,20.324999999999999,20.449999999999999,31242,162,20.472715999999998
2017-08-15 04:00:00+00:00,20.879999999999999,21.209,20.809999999999999,21.125800000000002,71019,256,21.045504999999999
2017-08-16 04:00:00+00:00,21.25,21.440000000000001,21.149999999999999,21.149999999999999,80373,405,21.352176
2017-08-17 04:00:00+00:00,21.190000000000001,21.239899999999999,20.9011,20.920000000000002,78019,293,21.020788
2017-08-18 04:00:00+00:00,20.989999999999998,21.050000000000001,20.899999999999999,20.989999999999998,67367,322,20.990289000000001
2017-08-21 04:00:00+00:00,20.98,20.98,20.66,20.760000000000002,50127,222,20.809815
2017-08-22 04:00:00+00:00,20.75,20.799900000000001,20.650099999999998,20.739999999999998,61963,216,20.758240000000001
2017-08-23 04:00:00+00:00,20.440000000000001,20.66,20.379999999999999,20.449999999999999,80551,334,20.576716000000001
2017-08-24 04:00:00+00:00,20.550000000000001,20.600000000000001,20.5212,20.600000000000001,29536,138,20.587038
2017-08-25 04:00:00+00:00,20.559999999999999,20.609999999999999,20.559999999999999,20.57,19131,113,20.592700000000001
2017-08-28 04:00:00+00:00,20.530000000000001,20.620000000000001,20.379999999999999,20.399999999999999,25516,150,20.565269000000001
2017-08-29 04:00:00+00:00,20.449999999999999,20.6004,20.449999999999999,20.489999999999998,19366,115,20.522766000000001
2017-08-30 04:00:00+00:00,20.600000000000001,20.600000000000001,20.321899999999999,20.359999999999999,20409,105,20.457668000000002
2017-08-31 04:00:00+00:00,20.43,20.481200000000001,20.334199999999999,20.390000000000001,24372,157,20.39817
2017-09-01 04:00:00+00:00,20.440000000000001,20.66,20.410399999999999,20.629999999999999,29173,185,20.573025000000001
2017-09-05 04:00:00+00:00,20.649999999999999,20.649999999999999,20.460000000000001,20.489999999999998,80596,364,20.551383999999999
2017-09-06 04:00:00+00:00,20.510000000000002,20.6191,20.510000000000002,20.52,40842,195,20.556411000000001
2017-09-07 04:00:00+00:00,20.550000000000001,20.609200000000001,20.510000000000002,20.600000000000001,43215,171,20.547930000000001
2017-09-08 04:00:00+00:00,20.649999999999999,20.890000000000001,20.52,20.890000000000001,67311,263,20.743736999999999
2017-09-11 04:00:00+00:00,20.739999999999998,21.010000000000002,20.739999999999998,21,33305,170,20.896591000000001
2017-09-12 04:00:00+00:00,20.989999999999998,21.0322,20.719999999999999,20.800000000000001,41083,149,20.853570999999999
2017-09-13 04:00:00+00:00,20.780000000000001,20.8293,20.670000000000002,20.760000000000002,39126,134,20.751866
2017-09-14 04:00:00+00:00,20.870000000000001,20.870000000000001,20.670000000000002,20.68,27720,161,20.756257999999999
2017-09-15 04:00:00+00:00,20.98,20.98,20.620000000000001,20.670000000000002,40821,210,20.686978
2017-09-18 04:00:00+00:00,20.600000000000001,20.670000000000002,20.510000000000002,20.510000000000002,41643,172,20.594753999999998
2017-09-19 04:00:00+00:00,20.5,20.5899,20.300000000000001,20.550000000000001,22996,101,20.527474000000002
2017-09-20 04:00:00+00:00,20.489999999999998,20.562999999999999,20.489999999999998,20.550000000000001,19853,99,20.521916000000001
2017-09-21 04:00:00+00:00,20.523199999999999,20.75,20.510000000000002,20.66,26066,102,20.680496000000002
2017-09-22 04:00:00+00:00,20.68,20.82,20.623999999999999,20.699999999999999,44934,129,20.740718000000001
2017-09-25 04:00:00+00:00,20.699999999999999,20.850000000000001,20.420000000000002,20.43,56517,215,20.598296999999999
2017-09-26 04:00:00+00:00,20.440000000000001,20.550000000000001,20.350000000000001,20.399999999999999,34323,142,20.423327
2017-09-27 04:00:00+00:00,20.489999999999998,20.489999999999998,20.280000000000001,20.289999999999999,37030,158,20.354796
2017-09-28 04:00:00+00:00,20.300000000000001,20.66,20.300000000000001,20.66,27512,156,20.420110999999999
2017-09-29 04:00:00+00:00,20.649999999999999,20.699999999999999,20.559999999999999,20.690999999999999,22706,140,20.637125000000001
2017-10-02 04:00:00+00:00,20.600000000000001,20.969999999999999,20.522400000000001,20.969999999999999,43889,220,20.792224000000001
2017-10-03 04:00:00+00:00,20.969999999999999,21,20.862400000000001,20.989899999999999,41069,166,20.940404000000001
2017-10-04 04:00:00+00:00,21,21,20.864999999999998,20.965,51213,174,20.909164000000001
2017-10-05 04:00:00+00:00,21,21.100000000000001,20.982199999999999,21.100000000000001,50072,186,21.035748000000002
2017-10-06 04:00:00+00:00,21.100000000000001,21.149999999999999,20.949999999999999,21.149999999999999,31878,138,21.051625999999999
2017-10-09 04:00:00+00:00,21.109999999999999,21.379999999999999,21.109999999999999,21.300000000000001,29389,141,21.266517
2017-10-10 04:00:00+00:00,21.329999999999998,21.600000000000001,21.2104,21.550000000000001,60025,223,21.481366999999999
2017-10-11 04:00:00+00:00,21.32,21.474599999999999,21.021000000000001,21.379999999999999,36334,152,21.238538999999999
2017-10-12 04:00:00+00:00,21.5,21.5,21.300000000000001,21.5,32528,113,21.416181000000002
2017-10-13 04:00:00+00:00,21.5,21.5,21.140000000000001,21.18,27295,117,21.298099000000001
2017-10-16 04:00:00+00:00,21.25,21.389500000000002,21.150099999999998,21.18,23669,123,21.259879999999999
2017-10-17 04:00:00+00:00,21.289999999999999,21.289999999999999,20.629999999999999,20.710000000000001,57902,299,21.056794
2017-10-18 04:00:00+00:00,20.75,21.18,20.710000000000001,20.949999999999999,33671,131,20.955392
2017-10-19 04:00:00+00:00,20.859999999999999,21,20.75,20.890000000000001,36884,193,20.876121000000001
2017-10-20 04:00:00+00:00,20.890000000000001,20.998899999999999,20.760000000000002,20.82,38165,355,20.859507000000001
2017-10-23 04:00:00+00:00,20.8689,21.0075,20.75,20.780000000000001,126924,261,20.866572000000001
2017-10-24 04:00:00+00:00,20.800000000000001,20.800000000000001,20.6236,20.68,40338,218,20.701257999999999
2017-10-25 04:00:00+00:00,20.609400000000001,20.640799999999999,20.149999999999999,20.308800000000002,76487,276,20.410575999999999
2017-10-26 04:00:00+00:00,20.399999999999999,20.460000000000001,19.899999999999999,20,127649,533,20.061599000000001
2017-10-27 04:00:00+00:00,20.059999999999999,20.25,19.91,19.989999999999998,87450,518,20.006328
2017-10-30 04:00:00+00:00,19.989999999999998,20.059000000000001,19.620000000000001,19.75,100505,467,19.815968000000002
2017-10-31 04:00:00+00:00,19.870000000000001,19.870000000000001,18.59,19.219999999999999,261401,1261,19.257225999999999
2017-11-01 04:00:00+00:00,19.359999999999999,19.928000000000001,19.2883,19.41,96360,533,19.657024
2017-11-02 04:00:00+00:00,19.579999999999998,19.674800000000001,19.289999999999999,19.329999999999998,65403,292,19.407491
2017-11-03 04:00:00+00:00,19.379999999999999,19.449999999999999,19.010000000000002,19.079999999999998,106668,549,19.185931
2017-11-06 05:00:00+00:00,19.239999999999998,19.719999999999999,19.010000000000002,19.690000000000001,46046,287,19.320253999999998
2017-11-07 05:00:00+00:00,19.600000000000001,19.699999999999999,19.1617,19.300000000000001,80465,352,19.362738
2017-11-08 05:00:00+00:00,19.32,19.399999999999999,19.18,19.27,43169,185,19.269062999999999
2017-11-09 05:00:00+00:00,19.109999999999999,20.02,19.109999999999999,19.27,68887,386,19.410015000000001
2017-11-10 05:00:00+00:00,19.210000000000001,19.768999999999998,19.109999999999999,19.210000000000001,60001,308,19.210832
2017-11-13 05:00:00+00:00,19.170000000000002,19.420000000000002,19.039999999999999,19.059999999999999,40043,177,19.20796
2017-11-14 05:00:00+00:00,18.5,18.5,18.015000000000001,18.260000000000002,255424,1112,18.225474999999999
2017-11-15 05:00:00+00:00,18.460000000000001,19.300000000000001,18.300000000000001,18.809999999999999,113255,393,18.670559000000001
2017-11-16 05:00:00+00:00,18.829999999999998,19,18.194900000000001,18.41,57261,324,18.433928000000002
2017-11-17 05:00:00+00:00,18.350000000000001,19.350000000000001,18.350000000000001,18.789999999999999,86116,371,18.966843999999998
2017-11-20 05:00:00+00:00,18.91,19.004000000000001,18.650099999999998,18.969999999999999,45615,160,18.848058000000002
2017-11-21 05:00:00+00:00,19.140000000000001,19.299199999999999,18.91,19,32079,149,19.077919999999999
2017-11-22 05:00:00+00:00,18.899999999999999,19.18,18.899999999999999,19.030000000000001,20448,116,19.046371000000001
2017-11-24 05:00:00+00:00,19.09,19.210000000000001,19.032900000000001,19.149999999999999,24424,120,19.145121
2017-11-27 05:00:00+00:00,19.199999999999999,19.199999999999999,19.039999999999999,19.100000000000001,24173,115,19.088683
2017-11-28 05:00:00+00:00,19.050000000000001,19.18,18.350000000000001,18.52,116599,569,18.792224000000001
2017-11-29 05:00:00+00:00,18.609999999999999,18.871200000000002,18.260000000000002,18.510000000000002,85384,403,18.596990999999999
2017-11-30 05:00:00+00:00,18.420000000000002,18.809999999999999,18.420000000000002,18.609999999999999,46260,214,18.611006
2017-12-01 05:00:00+00:00,18.600000000000001,18.739999999999998,18.484999999999999,18.609999999999999,363984,543,18.584913
2017-12-04 05:00:00+00:00,18.600000000000001,18.7288,18.469999999999999,18.559999999999999,97139,342,18.588386
2017-12-05 05:00:00+00:00,18.558,18.558,18.350000000000001,18.460000000000001,74784,385,18.451319999999999
2017-12-06 05:00:00+00:00,18.460000000000001,18.6111,18.390000000000001,18.579999999999998,79891,186,18.495591000000001
2017-12-07 05:00:00+00:00,18.491,18.579899999999999,18.489999999999998,18.5,43638,159,18.537078999999999
2017-12-08 05:00:00+00:00,18.559999999999999,18.670000000000002,18.52,18.530000000000001,21863,120,18.572503999999999
2017-12-11 05:00:00+00:00,18.34,18.5,18.233499999999999,18.5,59559,222,18.420459000000001
2017-12-12 05:00:00+00:00,18.5,18.57,18.359999999999999,18.489999999999998,73513,279,18.474288000000001
2017-12-13 05:00:00+00:00,18.690000000000001,18.699999999999999,18.190000000000001,18.350000000000001,79539,310,18.448322000000001
2017-12-14 05:00:00+00:00,18.379999999999999,18.460000000000001,18.094799999999999,18.16,42876,270,18.282554000000001
2017-12-15 05:00:00+00:00,18.050000000000001,18.1616,17.280000000000001,17.960000000000001,205351,955,17.709613000000001
2017-12-18 05:00:00+00:00,17.899999999999999,18.210000000000001,17.899999999999999,17.960000000000001,50103,236,18.074227
2017-12-19 05:00:00+00:00,17.899999999999999,18.079999999999998,17.800000000000001,17.949999999999999,47211,169,17.954896999999999
2017-12-20 05:00:00+00:00,17.93,18.063199999999998,17.760000000000002,17.82,54953,320,17.876837999999999
2017-12-21 05:00:00+00:00,17.66,18.0884,17.5443,17.780000000000001,84575,382,17.80714
2017-12-22 05:00:00+00:00,17.789999999999999,17.9176,17.68,17.879999999999999,51009,423,17.808647000000001
2017-12-26 05:00:00+00:00,17.899999999999999,18.25,17.809999999999999,18.25,54914,198,18.040189000000002
2017-12-27 05:00:00+00:00,18.300000000000001,18.690000000000001,18.300000000000001,18.66,53044,241,18.563388
2017-12-28 05:00:00+00:00,18.739999999999998,19.07,18.611000000000001,18.899999999999999,67560,317,18.867315000000001
2017-12-29 05:00:00+00:00,18.949999999999999,19.009,18.550000000000001,18.809999999999999,50204,272,18.831443
2018-01-02 05:00:00+00:00,18.809999999999999,19.09,18.781500000000001,19.038,51974,226,18.957106
2018-01-03 05:00:00+00:00,19.170000000000002,19.420000000000002,19.100000000000001,19.300000000000001,86013,399,19.248435000000001
2018-01-04 05:00:00+00:00,19.359999999999999,19.539999999999999,19.189699999999998,19.280000000000001,53027,286,19.336428000000002
2018-01-05 05:00:00+00:00,19.329999999999998,19.460000000000001,19.09,19.219999999999999,78267,353,19.207104999999999
2018-01-08 05:00:00+00:00,19.350000000000001,19.469999999999999,19.200099999999999,19.399999999999999,99110,373,19.361270000000001
2018-01-09 05:00:00+00:00,19.489999999999998,19.66,19.280000000000001,19.469999999999999,93241,482,19.474540999999999
2018-01-10 05:00:00+00:00,19.620000000000001,19.670000000000002,19.380099999999999,19.550000000000001,73371,282,19.518529999999998
2018-01-11 05:00:00+00:00,19.41,20.050000000000001,19.41,19.739999999999998,80647,317,19.716522999999999
2018-01-12 05:00:00+00:00,19.640000000000001,19.870000000000001,19.573599999999999,19.800000000000001,56315,342,19.737252999999999
2018-01-16 05:00:00+00:00,19.75,19.899999999999999,19.399999999999999,19.52,105470,445,19.573667
2018-01-17 05:00:00+00:00,19.640000000000001,19.640000000000001,18.949999999999999,19.129999999999999,190678,881,19.351894000000001
2018-01-18 05:00:00+00:00,18.109999999999999,18.199999999999999,18.030000000000001,18.199999999999999,1166253,4232,18.154402000000001
2018-01-19 05:00:00+00:00,18.149999999999999,18.859999999999999,18.100000000000001,18.300000000000001,440935,1667,18.306162
2018-01-22 05:00:00+00:00,18.440000000000001,18.550000000000001,18.309999999999999,18.41,277297,1135,18.463156999999999
2018-01-23 05:00:00+00:00,18.399999999999999,18.629999999999999,18.350000000000001,18.539999999999999,183065,702,18.500502999999998
2018-01-24 05:00:00+00:00,18.600000000000001,18.600000000000001,18.359999999999999,18.59,213007,1229,18.525403000000001
2018-01-25 05:00:00+00:00,18.510000000000002,18.5504,18.25,18.289999999999999,261180,1219,18.328420000000001
2018-01-26 05:00:00+00:00,18.350000000000001,18.5,18.16,18.350000000000001,167074,620,18.300988
2018-01-29 05:00:00+00:00,18.300000000000001,18.368400000000001,18.150099999999998,18.289999999999999,68073,369,18.271381999999999
2018-01-30 05:00:00+00:00,18.25,18.25,18.039999999999999,18.18,140306,475,18.129387999999999
2018-01-31 05:00:00+00:00,18.27,18.350000000000001,18.100000000000001,18.239999999999998,72879,314,18.249275999999998
2018-02-01 05:00:00+00:00,18.350000000000001,18.73,18.32,18.57,168400,935,18.528905000000002
2018-02-02 05:00:00+00:00,18.5,18.5,18.100000000000001,18.239999999999998,120221,678,18.287946999999999
2018-02-05 05:00:00+00:00,18.239999999999998,18.329999999999998,17.836600000000001,18.16,170437,839,18.160696999999999
2018-02-06 05:00:00+00:00,18.010000000000002,18.190000000000001,17.8201,18.120000000000001,127368,634,18.103701999999998
2018-02-07 05:00:00+00:00,18.18,18.529,18.18,18.390000000000001,79182,379,18.360817999999998
2018-02-08 05:00:00+00:00,18.489999999999998,18.620000000000001,18.18,18.25,130005,491,18.432434000000001
2018-02-09 05:00:00+00:00,18.039999999999999,18.204599999999999,17.75,17.809999999999999,143215,666,17.960512999999999
2018-02-12 05:00:00+00:00,17.850000000000001,18.16,17.850000000000001,18.079999999999998,65686,263,17.978905999999998
2018-02-13 05:00:00+00:00,18.18,18.5,18.18,18.370000000000001,75995,394,18.352412000000001
2018-02-14 05:00:00+00:00,18.390000000000001,18.440000000000001,18.309999999999999,18.390000000000001,43279,255,18.377772
2018-02-15 05:00:00+00:00,18.460000000000001,18.5,18.059999999999999,18.469999999999999,71798,367,18.268431
2018-02-16 05:00:00+00:00,18.489999999999998,18.800000000000001,18.459,18.640000000000001,50918,234,18.600027000000001
2018-02-20 05:00:00+00:00,18.149999999999999,18.5,18.149999999999999,18.309999999999999,180074,579,18.230298000000001
2018-02-21 05:00:00+00:00,18.2958,18.32,18.048300000000001,18.120000000000001,89212,549,18.19284
2018-02-22 05:00:00+00:00,18.300000000000001,18.940000000000001,18.18,18.32,168950,757,18.525455999999998
2018-02-23 05:00:00+00:00,18.350000000000001,18.561299999999999,18.32,18.5,72376,482,18.427772000000001
2018-02-26 05:00:00+00:00,18.620000000000001,18.620000000000001,18.16,18.300000000000001,192194,760,18.322295
2018-02-27 05:00:00+00:00,18.350000000000001,18.362400000000001,18.199999999999999,18.239999999999998,109312,422,18.253337999999999
2018-02-28 05:00:00+00:00,18.260000000000002,18.260000000000002,17.91,17.98,186188,741,18.053871000000001
2018-03-01 05:00:00+00:00,17.969999999999999,18.030000000000001,17.84,17.989999999999998,130894,503,17.954101000000001
2018-03-02 05:00:00+00:00,17.989999999999998,18.030000000000001,17.870000000000001,18.010000000000002,112060,454,17.958086999999999
2018-03-05 05:00:00+00:00,17.960000000000001,18.050000000000001,17.469999999999999,17.969999999999999,264240,1097,17.746230000000001
2018-03-06 05:00:00+00:00,17.98,18.038,17.789999999999999,17.98,75999,340,17.956426
2018-03-07 05:00:00+00:00,18.030000000000001,18.030000000000001,17.899999999999999,17.989999999999998,63377,336,17.988256
2018-03-08 05:00:00+00:00,18.07,18.25,18,18.210000000000001,88153,423,18.165503000000001
2018-03-09 05:00:00+00:00,18.109999999999999,18.140000000000001,17.949999999999999,18.059999999999999,48105,251,18.045825000000001
2018-03-12 04:00:00+00:00,18.059999999999999,18.190000000000001,17.949999999999999,18.140000000000001,66193,334,18.038343000000001
2018-03-13 04:00:00+00:00,18.100000000000001,18.129999999999999,17.91,17.969999999999999,38220,255,18.033866
2018-03-14 04:00:00+00:00,18.050000000000001,18.100000000000001,17.963000000000001,18.010000000000002,27448,161,18.016908000000001
2018-03-15 04:00:00+00:00,18.02,18.059999999999999,17.850000000000001,18,117364,335,17.941787000000001
2018-03-16 04:00:00+00:00,17.98,18.065999999999999,17.84,17.899999999999999,53039,236,17.966159999999999
2018-03-19 04:00:00+00:00,17.899999999999999,17.972000000000001,17.84,17.9343,37290,196,17.889709
2018-03-20 04:00:00+00:00,18.010000000000002,18.010000000000002,17.84,18,23578,180,17.946355000000001
2018-03-21 04:00:00+00:00,17.91,17.98,17.82,17.920000000000002,63173,403,17.890127
2018-03-22 04:00:00+00:00,17.989999999999998,18.0197,17.850000000000001,17.920000000000002,48971,241,17.953564
2018-03-23 04:00:00+00:00,17.949999999999999,18.009899999999998,17.699999999999999,17.760000000000002,64246,295,17.835436000000001
2018-03-26 04:00:00+00:00,17.859999999999999,18,17.699999999999999,17.960000000000001,47347,257,17.857900999999998
2018-03-27 04:00:00+00:00,18,18,17.791,17.859999999999999,35652,205,17.911857000000001
2018-03-28 04:00:00+00:00,17.850000000000001,18.190000000000001,17.82,18.059999999999999,90493,372,17.993655
2018-03-29 04:00:00+00:00,18.120000000000001,18.1997,18.09,18.140000000000001,75139,387,18.121988999999999
2018-04-02 04:00:00+00:00,18.149999999999999,18.260000000000002,18.128299999999999,18.199999999999999,57705,266,18.187334
2018-04-03 04:00:00+00:00,18.300000000000001,18.600000000000001,18.2332,18.579999999999998,74725,320,18.462022999999999
2018-04-04 04:00:00+00:00,18.579999999999998,18.754999999999999,18.41,18.75,75360,335,18.656381
2018-04-05 04:00:00+00:00,18.760000000000002,18.775700000000001,18.489799999999999,18.550000000000001,83115,396,18.580724
2018-04-06 04:00:00+00:00,18.649999999999999,18.989999999999998,18.559999999999999,18.949999999999999,90253,468,18.794083000000001
2018-04-09 04:00:00+00:00,19,19,18.68,18.84,173128,1304,18.781694000000002
2018-04-10 04:00:00+00:00,18.98,18.98,18.539999999999999,18.629999999999999,146631,754,18.660363
2018-04-11 04:00:00+00:00,18.489999999999998,18.5,18.309999999999999,18.489999999999998,35183,217,18.451288999999999
2018-04-12 04:00:00+00:00,18.539999999999999,18.59,18.370000000000001,18.489999999999998,39748,260,18.489910999999999
2018-04-13 04:00:00+00:00,18.457999999999998,18.5076,18.420000000000002,18.460000000000001,26521,181,18.473251999999999
2018-04-16 04:00:00+00:00,18.600000000000001,18.66,18.309999999999999,18.359999999999999,51930,316,18.416678000000001
2018-04-17 04:00:00+00:00,18.41,18.609999999999999,18.210000000000001,18.239999999999998,105426,543,18.396284999999999
2018-04-18 04:00:00+00:00,18.260000000000002,18.3705,18.219999999999999,18.25,43781,205,18.268415999999998
2018-04-19 04:00:00+00:00,18.25,18.280000000000001,18.100000000000001,18.210000000000001,35399,244,18.187239999999999
2018-04-20 04:00:00+00:00,18.170000000000002,18.390000000000001,18.170000000000002,18.390000000000001,29296,135,18.332349000000001
2018-04-23 04:00:00+00:00,18.48,18.57,18.300000000000001,18.34,57450,248,18.464684999999999
2018-04-24 04:00:00+00:00,18.5,18.5,18.100000000000001,18.210000000000001,71585,349,18.194617000000001
2018-04-25 04:00:00+00:00,18.25,18.299900000000001,17.899999999999999,17.91,201250,1553,18.035504
2018-04-26 04:00:00+00:00,17.920000000000002,18.360299999999999,17.920000000000002,18.23,78671,299,18.186872999999999
2018-04-27 04:00:00+00:00,18.289999999999999,18.539999999999999,18.280100000000001,18.530000000000001,45480,231,18.465160999999998
2018-04-30 04:00:00+00:00,18.550000000000001,18.550000000000001,18.399999999999999,18.5,58563,202,18.492659
2018-05-01 04:00:00+00:00,18.449999999999999,18.5,18.4438,18.489999999999998,48160,331,18.493600000000001
2018-05-02 04:00:00+00:00,18.489999999999998,18.5,18.25,18.309999999999999,97292,425,18.409586999999998
2018-05-03 04:00:00+00:00,18.390000000000001,18.438300000000002,18.300000000000001,18.300000000000001,61732,279,18.359276999999999
2018-05-04 04:00:00+00:00,18.300000000000001,18.539999999999999,18.27,18.449999999999999,78109,284,18.420628000000001
2018-05-07 04:00:00+00:00,18.489999999999998,18.5,18.300000000000001,18.390000000000001,88465,339,18.399357999999999
2018-05-08 04:00:00+00:00,18.300000000000001,18.460000000000001,18.190000000000001,18.43,92256,419,18.356677000000001
2018-05-09 04:00:00+00:00,18.399999999999999,18.530000000000001,18.309999999999999,18.460000000000001,103564,351,18.456064000000001
2018-05-10 04:00:00+00:00,18.399999999999999,18.399999999999999,18.170000000000002,18.239999999999998,77310,298,18.274543999999999
2018-05-11 04:00:00+00:00,18.274999999999999,18.300000000000001,18.100000000000001,18.260000000000002,108758,346,18.230699999999999
2018-05-14 04:00:00+00:00,18.350000000000001,18.510000000000002,18.345800000000001,18.5,77540,317,18.433256
2018-05-15 04:00:00+00:00,18.460000000000001,18.5031,18.109999999999999,18.190000000000001,246970,1010,18.247125
2018-05-16 04:00:00+00:00,18.239999999999998,18.298999999999999,18.16,18.210000000000001,148446,487,18.221077000000001
2018-05-17 04:00:00+00:00,18.300000000000001,18.469999999999999,17.989999999999998,18.030000000000001,284506,935,18.070132999999998
2018-05-18 04:00:00+00:00,18.16,18.210000000000001,17.969999999999999,17.969999999999999,213111,758,18.030152000000001
2018-05-21 04:00:00+00:00,17.989999999999998,18.262699999999999,17.969999999999999,18.239999999999998,78200,326,18.170214999999999
2018-05-22 04:00:00+00:00,18.239999999999998,18.239999999999998,18.039999999999999,18.109999999999999,42368,327,18.118891000000001
2018-05-23 04:00:00+00:00,18.120000000000001,18.18,18.100000000000001,18.140000000000001,64618,270,18.134217
2018-05-24 04:00:00+00:00,18.140000000000001,18.16,18.050000000000001,18.059999999999999,70103,320,18.115389
2018-05-25 04:00:00+00:00,18,18,17.98,17.989999999999998,114641,331,17.998546000000001
2018-05-29 04:00:00+00:00,17.989999999999998,18.0914,17.989999999999998,18.039999999999999,47267,172,18.039425999999999
2018-05-30 04:00:00+00:00,18.050000000000001,18.109999999999999,18.050000000000001,18.079999999999998,37854,172,18.083264
2018-05-31 04:00:00+00:00,18.16,18.16,18.07,18.09,45796,233,18.108795000000001
2018-06-01 04:00:00+00:00,18.16,18.210000000000001,18.129999999999999,18.18,142632,567,18.178554999999999
2018-06-04 04:00:00+00:00,18.199999999999999,18.25,18.140000000000001,18.140000000000001,82175,274,18.192875999999998
2018-06-05 04:00:00+00:00,18.16,18.190000000000001,18.100000000000001,18.120000000000001,149516,487,18.136908999999999
2018-06-06 04:00:00+00:00,18.27,18.300000000000001,17.949999999999999,18,224643,1049,18.049903
2018-06-07 04:00:00+00:00,18,18.058,17.84,17.899999999999999,157010,604,17.953848000000001
2018-06-08 04:00:00+00:00,17.899999999999999,18.190000000000001,17.899999999999999,18.18,92632,291,18.062253999999999
2018-06-11 04:00:00+00:00,18.039999999999999,18.039999999999999,17.899999999999999,17.98,75413,264,17.971876000000002
2018-06-12 04:00:00+00:00,17.920000000000002,17.990600000000001,17.879999999999999,17.98,75838,269,17.935347
2018-06-13 04:00:00+00:00,17.940000000000001,17.976800000000001,17.879999999999999,17.960000000000001,62374,243,17.928380000000001
2018-06-14 04:00:00+00:00,17.98,18.039999999999999,17.949999999999999,18.030000000000001,35290,139,17.99549
2018-06-15 04:00:00+00:00,18.030000000000001,18.058,17.859999999999999,17.949999999999999,68873,224,17.954317
2018-06-18 04:00:00+00:00,17.91,17.949999999999999,17.899999999999999,17.940000000000001,53941,169,17.926079000000001
2018-06-19 04:00:00+00:00,17.920000000000002,18,17.920000000000002,17.989999999999998,48152,198,17.970224000000002
2018-06-20 04:00:00+00:00,18,18.039999999999999,17.9694,17.98,38824,162,17.983045000000001
2018-06-21 04:00:00+00:00,18,18.02,17.960000000000001,17.989999999999998,34833,119,17.987511000000001
2018-06-22 04:00:00+00:00,17.989999999999998,18,17.940000000000001,17.989999999999998,38951,188,17.976796
2018-06-25 04:00:00+00:00,17.949999999999999,18.129999999999999,17.949999999999999,18.030000000000001,68349,235,18.048687999999999
2018-06-26 04:00:00+00:00,18.050000000000001,18.140000000000001,18.02,18.030000000000001,38876,167,18.063324000000001
2018-06-27 04:00:00+00:00,18.120000000000001,18.210000000000001,18.07,18.109999999999999,59017,190,18.133842000000001
2018-06-28 04:00:00+00:00,18.149999999999999,18.25,18.113199999999999,18.219999999999999,46028,173,18.190669
2018-06-29 04:00:00+00:00,18.25,18.399999999999999,18.170000000000002,18.170000000000002,67869,225,18.257843999999999
2018-07-02 04:00:00+00:00,18.199999999999999,18.390000000000001,18.170000000000002,18.25,87698,329,18.293113999999999
2018-07-03 04:00:00+00:00,18.420000000000002,18.539999999999999,18.3523,18.48,40992,186,18.439563
2018-07-05 04:00:00+00:00,18.5,18.5274,18.449999999999999,18.52,76047,261,18.497599000000001
2018-07-06 04:00:00+00:00,18.52,18.867999999999999,18.508500000000002,18.649999999999999,75725,265,18.655214999999998
2018-07-09 04:00:00+00:00,18.780000000000001,18.780000000000001,18.399999999999999,18.57,281186,1189,18.546775
2018-07-10 04:00:00+00:00,18.609999999999999,18.738600000000002,18.5,18.59,182848,885,18.605516999999999
2018-07-11 04:00:00+00:00,18.5,18.5,18.229800000000001,18.329999999999998,189601,897,18.289308999999999
2018-07-12 04:00:00+00:00,18.359999999999999,18.52,18.355599999999999,18.440000000000001,66612,407,18.434158
2018-07-13 04:00:00+00:00,18.472000000000001,18.550000000000001,18.4316,18.52,57956,255,18.486764999999998
2018-07-16 04:00:00+00:00,18.489999999999998,18.490100000000002,18.399999999999999,18.489999999999998,64737,360,18.466176000000001
2018-07-17 04:00:00+00:00,18.5,18.519600000000001,18.375,18.379999999999999,108524,409,18.442039999999999
2018-07-18 04:00:00+00:00,18.43,18.43,18.314299999999999,18.32,68093,260,18.357095999999999
2018-07-19 04:00:00+00:00,18.309999999999999,18.41,18.289999999999999,18.370000000000001,64161,366,18.358015000000002
2018-07-20 04:00:00+00:00,18.390000000000001,18.41,18.379999999999999,18.390000000000001,65117,169,18.396391999999999
2018-07-23 04:00:00+00:00,18.390000000000001,18.458200000000001,18.370000000000001,18.395,55998,166,18.405111999999999
2018-07-24 04:00:00+00:00,18.379999999999999,18.43,18.334900000000001,18.399999999999999,88135,279,18.397338999999999
2018-07-25 04:00:00+00:00,18.379999999999999,18.420000000000002,18.379999999999999,18.399999999999999,60297,237,18.407782000000001
2018-07-26 04:00:00+00:00,18.399999999999999,18.43,18.350000000000001,18.359999999999999,44970,156,18.376905000000001
2018-07-27 04:00:00+00:00,18.379999999999999,18.379999999999999,18.321000000000002,18.329999999999998,38152,161,18.345651
2018-07-30 04:00:00+00:00,18.34,18.350000000000001,18.32,18.34,70649,306,18.338063999999999
2018-07-31 04:00:00+00:00,18.329999999999998,18.408999999999999,18.329999999999998,18.359999999999999,108996,406,18.356497000000001
2018-08-01 04:00:00+00:00,18.350000000000001,18.386099999999999,18.100000000000001,18.129999999999999,328400,1227,18.191983
2018-08-02 04:00:00+00:00,18.170000000000002,18.5,18.140000000000001,18.440000000000001,111442,434,18.367916999999998
2018-08-03 04:00:00+00:00,18.449999999999999,18.649999999999999,18.449999999999999,18.588999999999999,135605,400,18.577145000000002
2018-08-06 04:00:00+00:00,18.550000000000001,18.550000000000001,18.25,18.27,298214,1564,18.348799
2018-08-07 04:00:00+00:00,18.370000000000001,18.5,18.25,18.460000000000001,138289,489,18.451279
2018-08-08 04:00:00+00:00,18.41,18.629999999999999,18.370000000000001,18.5,95801,398,18.537042
2018-08-09 04:00:00+00:00,18.52,18.600000000000001,18.52,18.559999999999999,112589,336,18.565045999999999
2018-08-10 04:00:00+00:00,18.489999999999998,18.489999999999998,18.300000000000001,18.41,95171,352,18.399861000000001
2018-08-13 04:00:00+00:00,18.41,18.449999999999999,18.350000000000001,18.399999999999999,91702,304,18.401064000000002
2018-08-14 04:00:00+00:00,18.359999999999999,18.383500000000002,18.210100000000001,18.379999999999999,94918,390,18.307554
2018-08-15 04:00:00+00:00,18.300000000000001,18.460000000000001,18.2638,18.370000000000001,129450,469,18.361336999999999
2018-08-16 04:00:00+00:00,18.395700000000001,18.460000000000001,18.3062,18.32,67181,175,18.372170000000001
2018-08-17 04:00:00+00:00,18.34,18.350999999999999,18.280000000000001,18.289999999999999,96799,407,18.310646999999999
2018-08-20 04:00:00+00:00,18.32,18.32,18.300000000000001,18.300000000000001,76892,257,18.309151
2018-08-21 04:00:00+00:00,18.289999999999999,18.309999999999999,18.219999999999999,18.251000000000001,99333,325,18.272469999999998
2018-08-22 04:00:00+00:00,18.260000000000002,18.289999999999999,18.199999999999999,18.239999999999998,76929,324,18.244956999999999
2018-08-23 04:00:00+00:00,18.23,18.260000000000002,18.219999999999999,18.25,56840,317,18.246872
2018-08-24 04:00:00+00:00,18.25,18.27,18.219999999999999,18.239999999999998,84088,385,18.249628999999999
2018-08-27 04:00:00+00:00,18.239999999999998,18.2789,18.219999999999999,18.239999999999998,60423,240,18.247191000000001
2018-08-28 04:00:00+00:00,18.25,18.309999999999999,18.219999999999999,18.25,40471,221,18.253477
2018-08-29 04:00:00+00:00,18.25,18.300000000000001,18.210000000000001,18.210000000000001,99031,263,18.253429000000001
2018-08-30 04:00:00+00:00,18.210000000000001,18.238900000000001,18.100000000000001,18.140000000000001,142664,653,18.157029000000001
2018-08-31 04:00:00+00:00,18.149999999999999,18.16,18.120000000000001,18.149999999999999,82634,385,18.148372999999999
2018-09-04 04:00:00+00:00,18.149999999999999,18.190000000000001,18.120000000000001,18.140000000000001,121674,498,18.150504000000002
2018-09-05 04:00:00+00:00,18.190000000000001,18.1965,18.120000000000001,18.149999999999999,96264,260,18.156884999999999
2018-09-06 04:00:00+00:00,18.149999999999999,18.170000000000002,18.100000000000001,18.140000000000001,87560,322,18.141601000000001
2018-09-07 04:00:00+00:00,18.149999999999999,18.176100000000002,18.120000000000001,18.140000000000001,113412,382,18.144914
2018-09-10 04:00:00+00:00,18.149999999999999,18.190000000000001,18.100000000000001,18.149999999999999,167486,470,18.150690000000001
2018-09-11 04:00:00+00:00,18,18.07,17.949999999999999,18.039999999999999,100907,420,17.991548000000002
2018-09-12 04:00:00+00:00,17.989999999999998,18.079999999999998,17.98,18.030000000000001,59668,312,18.022023999999998
2018-09-13 04:00:00+00:00,18,18.100000000000001,18,18.07,69591,271,18.075565999999998
2018-09-14 04:00:00+00:00,18.050699999999999,18.094799999999999,18.030000000000001,18.030000000000001,35918,147,18.066458000000001
2018-09-17 04:00:00+00:00,18.039999999999999,18.079999999999998,18.030000000000001,18.030000000000001,55800,178,18.050139000000001
2018-09-18 04:00:00+00:00,18.07,18.07,17.98,18.050000000000001,64330,273,18.023115000000001
2018-09-19 04:00:00+00:00,18.050000000000001,18.051500000000001,17.969999999999999,18.02,70541,258,18.024387999999998
2018-09-20 04:00:00+00:00,17.98,18.100000000000001,17.949999999999999,17.969999999999999,212672,317,18.001287999999999
2018-09-21 04:00:00+00:00,17.960000000000001,18.030000000000001,17.960000000000001,18,45691,253,17.992294999999999
2018-09-24 04:00:00+00:00,18,18.068999999999999,17.969999999999999,17.989999999999998,48637,217,18.012098999999999
2018-09-25 04:00:00+00:00,18.09,18.09,17.9405,17.949999999999999,51631,262,17.986802000000001
2018-09-26 04:00:00+00:00,17.960000000000001,17.983000000000001,17.899999999999999,17.899999999999999,96534,339,17.915510000000001
2018-09-27 04:00:00+00:00,17.940000000000001,17.98,17.879999999999999,17.899999999999999,46158,224,17.914256000000002
2018-09-28 04:00:00+00:00,17.98,17.982700000000001,17.890000000000001,17.899999999999999,42240,171,17.928837999999999
2018-10-01 04:00:00+00:00,17.91,18,17.899999999999999,17.920000000000002,80028,428,17.942018000000001
2018-10-02 04:00:00+00:00,17.940000000000001,18.010000000000002,17.91,17.960000000000001,112667,567,17.943265
2018-10-03 04:00:00+00:00,17.945,18,17.93,17.940000000000001,110195,572,17.970153
2018-10-04 04:00:00+00:00,17.965,18.005500000000001,17.899999999999999,17.91,85095,409,17.967938
2018-10-05 04:00:00+00:00,17.91,18.02,17.91,17.982500000000002,91104,369,17.960812000000001
2018-10-08 04:00:00+00:00,18.120000000000001,18.170000000000002,18.02,18.109999999999999,87081,352,18.106390000000001
2018-10-09 04:00:00+00:00,18.079999999999998,18.129999999999999,17.91,17.960000000000001,97348,324,18.030694
2018-10-10 04:00:00+00:00,18.079999999999998,18.079999999999998,17.82,17.870000000000001,171819,648,17.937806999999999
2018-10-11 04:00:00+00:00,17.690000000000001,17.780000000000001,16.190000000000001,17.300000000000001,549070,2529,16.989494000000001
2018-10-12 04:00:00+00:00,17.390000000000001,17.579999999999998,16.879999999999999,17.109999999999999,148361,1035,17.163350999999999
2018-10-15 04:00:00+00:00,17.239999999999998,17.34,17.120000000000001,17.149999999999999,110257,587,17.198333999999999
2018-10-16 04:00:00+00:00,17.199999999999999,17.5,17.199999999999999,17.420000000000002,80456,497,17.398738000000002
2018-10-17 04:00:00+00:00,17.420000000000002,17.439699999999998,17.314800000000002,17.41,54986,293,17.393819000000001
2018-10-18 04:00:00+00:00,17.300000000000001,17.366700000000002,17.25,17.315000000000001,59731,274,17.316580999999999
2018-10-19 04:00:00+00:00,17.300000000000001,17.489899999999999,17.300000000000001,17.34,98098,431,17.390125999999999
2018-10-22 04:00:00+00:00,17.350000000000001,17.379999999999999,16.949999999999999,17.27,128634,622,17.156251000000001
2018-10-23 04:00:00+00:00,17.07,17.219999999999999,16.690000000000001,17.120000000000001,131506,594,16.929669000000001
2018-10-24 04:00:00+00:00,17.100000000000001,17.100000000000001,16.690000000000001,16.829999999999998,123922,678,16.833037999999998
2018-10-25 04:00:00+00:00,17,17.300000000000001,16.890000000000001,17.109999999999999,120376,516,17.115818000000001
2018-10-26 04:00:00+00:00,16.98,16.98,16.73,16.73,60699,279,16.825596999999998
2018-10-29 04:00:00+00:00,16.859999999999999,16.969999999999999,16.5,16.530000000000001,81884,357,16.737459000000001
2018-10-30 04:00:00+00:00,16.530000000000001,16.799499999999998,16.34,16.440000000000001,94507,496,16.559128999999999
2018-10-31 04:00:00+00:00,16.600000000000001,16.899999999999999,16.510000000000002,16.879999999999999,104342,523,16.748601000000001
2018-11-01 04:00:00+00:00,16.879999999999999,17.02,16.879999999999999,17.02,77704,515,16.937148000000001
2018-11-02 04:00:00+00:00,17.120000000000001,17.27,17.010000000000002,17.050000000000001,61251,333,17.068743999999999
2018-11-05 05:00:00+00:00,17.100000000000001,17.177099999999999,16.82,16.899999999999999,79252,464,16.930624000000002
2018-11-06 05:00:00+00:00,16.920000000000002,16.983899999999998,16.899999999999999,16.960000000000001,43721,197,16.941960999999999
2018-11-07 05:00:00+00:00,17.010000000000002,17.280000000000001,16.969999999999999,17.239999999999998,75473,330,17.157050999999999
2018-11-08 05:00:00+00:00,17.199999999999999,17.756,17.1934,17.739999999999998,168212,644,17.509426999999999
2018-11-09 05:00:00+00:00,17.510000000000002,17.620000000000001,17.190000000000001,17.620000000000001,131706,581,17.452584999999999
2018-11-12 05:00:00+00:00,17.5,17.600000000000001,17.3429,17.48,61736,264,17.470002999999998
2018-11-13 05:00:00+00:00,17.539999999999999,17.574000000000002,17.450099999999999,17.5014,36911,165,17.483879999999999
2018-11-14 05:00:00+00:00,17.5,17.787199999999999,17.270099999999999,17.370000000000001,53264,225,17.467379999999999
2018-11-15 05:00:00+00:00,17.120000000000001,17.149999999999999,16.400099999999998,16.739999999999998,245182,930,16.685506
2018-11-16 05:00:00+00:00,16.75,16.879999999999999,16.710000000000001,16.739999999999998,47721,222,16.763338000000001
2018-11-19 05:00:00+00:00,16.82,16.82,16.420000000000002,16.550000000000001,103383,426,16.591149000000001
2018-11-20 05:00:00+00:00,16.390000000000001,16.59,16.25,16.59,170865,577,16.424119999999998
2018-11-21 05:00:00+00:00,16.739999999999998,16.859999999999999,16.449999999999999,16.559999999999999,79876,295,16.588785000000001
2018-11-23 05:00:00+00:00,16.559999999999999,16.6173,16.5,16.539999999999999,30129,93,16.533313
2018-11-26 05:00:00+00:00,16.649999999999999,16.670000000000002,16.48,16.620000000000001,87647,321,16.556094000000002
2018-11-27 05:00:00+00:00,16.57,16.640000000000001,16.449999999999999,16.545000000000002,67420,292,16.556982000000001
2018-11-28 05:00:00+00:00,16.579999999999998,16.75,16.460000000000001,16.579999999999998,188219,855,16.591992000000001
2018-11-29 05:00:00+00:00,16.600000000000001,16.620000000000001,16.539999999999999,16.579999999999998,38259,218,16.579402000000002
2018-11-30 05:00:00+00:00,16.600000000000001,16.600000000000001,16.449999999999999,16.539999999999999,48646,234,16.514436
2018-12-03 05:00:00+00:00,16.699999999999999,16.699999999999999,16.550000000000001,16.579999999999998,90332,490,16.628734000000001
2018-12-04 05:00:00+00:00,16.600000000000001,16.640000000000001,16.550000000000001,16.59,45309,196,16.596440999999999
2018-12-06 05:00:00+00:00,16.579999999999998,16.6068,16.07,16.5,97931,489,16.365812999999999
2018-12-07 05:00:00+00:00,16.559999999999999,16.6129,16.300000000000001,16.399999999999999,61806,355,16.420159999999999
2018-12-10 05:00:00+00:00,16.350000000000001,16.41,16.210000000000001,16.210000000000001,73546,319,16.258479999999999
2018-12-11 05:00:00+00:00,16.23,16.350000000000001,16,16.109999999999999,91189,488,16.166457999999999
2018-12-12 05:00:00+00:00,16.02,16.02,15.300000000000001,15.68,169656,751,15.664745999999999
2018-12-13 05:00:00+00:00,15.720000000000001,15.75,14.48,14.69,616951,2532,14.883006999999999
2018-12-14 05:00:00+00:00,14.44,14.75,14.050000000000001,14.73,361675,1399,14.420677
2018-12-17 05:00:00+00:00,14.630000000000001,14.720000000000001,14.02,14.050000000000001,209498,829,14.289876
2018-12-18 05:00:00+00:00,14.25,14.52,14.050000000000001,14.06,155293,490,14.234814999999999
2018-12-19 05:00:00+00:00,14.07,14.52,13.699999999999999,13.699999999999999,245621,843,14.036583
2018-12-20 05:00:00+00:00,13.699999999999999,13.699999999999999,12.1608,13.01,790529,2843,12.771462
2018-12-21 05:00:00+00:00,12.99,13.74,12.99,13.5,280992,936,13.405694
2018-12-24 05:00:00+00:00,13.49,14,13.25,13.640000000000001,132178,412,13.640319
2018-12-26 05:00:00+00:00,13.85,14.08,13.761900000000001,14.039999999999999,302661,945,13.896381999999999
2018-12-27 05:00:00+00:00,14.039999999999999,14.275,13.75,14.039999999999999,259828,1148,14.030023
2018-12-28 05:00:00+00:00,14.07,14.16,13.9781,14.109999999999999,174567,876,14.060345
2018-12-31 05:00:00+00:00,14.199999999999999,14.289899999999999,14.109999999999999,14.210000000000001,184156,828,14.199814999999999
2019-01-02 05:00:00+00:00,14.16,14.68,14.16,14.41,182037,838,14.390090000000001
2019-01-03 05:00:00+00:00,14.460000000000001,14.800000000000001,14.451000000000001,14.75,221444,1122,14.641895999999999
2019-01-04 05:00:00+00:00,14.91,15.2677,14.859999999999999,15.109999999999999,208474,839,15.146419
2019-01-07 05:00:00+00:00,15.24,15.9214,15.213900000000001,15.49,194388,825,15.627769000000001
2019-01-08 05:00:00+00:00,15.69,15.7254,15.199999999999999,15.42,186958,812,15.506817
2019-01-09 05:00:00+00:00,15.380000000000001,15.51,15.35,15.4,121757,448,15.431381
2019-01-10 05:00:00+00:00,15.4,15.4,15.119999999999999,15.31,115232,667,15.268637
2019-01-11 05:00:00+00:00,15.1,15.17,14.81,14.82,149062,608,14.942119999999999
2019-01-14 05:00:00+00:00,14.710000000000001,14.83,14.51,14.619999999999999,106305,523,14.665910999999999
2019-01-15 05:00:00+00:00,14.279999999999999,14.565,13.81,14.49,577759,2416,14.183726999999999
2019-01-16 05:00:00+00:00,14.4,14.99,14.3355,14.84,224431,1110,14.711149000000001
2019-01-17 05:00:00+00:00,14.83,15.09,14.699999999999999,14.83,139721,584,14.869472
2019-01-18 05:00:00+00:00,14.82,15.25,14.82,15.119999999999999,258750,1106,15.073091
2019-01-22 05:00:00+00:00,15.109999999999999,15.199999999999999,14.68,14.880000000000001,189474,1005,14.935254
2019-01-23 05:00:00+00:00,14.880000000000001,15.09,14.68,15,159205,784,14.867394000000001
2019-01-24 05:00:00+00:00,14.869999999999999,15.18,14.7805,15.130000000000001,101325,670,14.97447
2019-01-25 05:00:00+00:00,15.15,15.48,15,15.35,82306,382,15.333455000000001
2019-01-28 05:00:00+00:00,15.359999999999999,15.6,15.23,15.48,145423,595,15.431679000000001
2019-01-29 05:00:00+00:00,15.619999999999999,15.678100000000001,15.41,15.470000000000001,67233,329,15.506872
2019-01-30 05:00:00+00:00,15.48,15.529500000000001,15.210000000000001,15.449999999999999,130595,751,15.410076
2019-01-31 05:00:00+00:00,15.48,15.705,15.300000000000001,15.6,101459,423,15.495626
2019-02-01 05:00:00+00:00,15.65,15.85,15.56,15.699999999999999,192516,497,15.68539
2019-02-04 05:00:00+00:00,15.949999999999999,15.949999999999999,15.630000000000001,15.73,201925,687,15.811055
2019-02-05 05:00:00+00:00,15.75,15.76,15.609999999999999,15.609999999999999,156577,575,15.6937
2019-02-06 05:00:00+00:00,15.609999999999999,15.845000000000001,15.609999999999999,15.789999999999999,79043,347,15.744313999999999
2019-02-07 05:00:00+00:00,15.76,15.85,15.630000000000001,15.710000000000001,96279,502,15.749902000000001
2019-02-08 05:00:00+00:00,15.640000000000001,15.889900000000001,15.4,15.83,147844,699,15.705432
2019-02-11 05:00:00+00:00,15.720000000000001,15.979699999999999,15.6442,15.82,109314,451,15.828151999999999
2019-02-12 05:00:00+00:00,15.800000000000001,16.050000000000001,15.7012,15.93,96617,389,15.924099999999999
2019-02-13 05:00:00+00:00,15.92,16.02,15.893800000000001,15.970000000000001,89242,502,15.978005
2019-02-14 05:00:00+00:00,15.949999999999999,16.149999999999999,15.81,16.09,118880,522,15.978424
2019-02-15 05:00:00+00:00,16.100000000000001,16.289999999999999,16.039999999999999,16.16,76327,455,16.142052
2019-02-19 05:00:00+00:00,16.25,16.52,16.25,16.469999999999999,164087,544,16.402170999999999
2019-02-20 05:00:00+00:00,16.469999999999999,16.850000000000001,16.399999999999999,16.68,195171,834,16.668277
2019-02-21 05:00:00+00:00,16.57,16.91,16.5,16.91,177837,756,16.701730999999999
2019-02-22 05:00:00+00:00,16.890000000000001,17.59,16.870000000000001,17.5,472534,3098,17.283992000000001
2019-02-25 05:00:00+00:00,17.460000000000001,17.5,17.030000000000001,17.260000000000002,280902,1527,17.254176999999999
2019-02-26 05:00:00+00:00,17.149999999999999,17.449999999999999,17.09,17.309999999999999,134018,753,17.27646
2019-02-27 05:00:00+00:00,17.260000000000002,17.289999999999999,17.0853,17.210000000000001,117868,593,17.227547000000001
2019-02-28 05:00:00+00:00,17.239999999999998,17.260000000000002,16.862500000000001,17.260000000000002,154858,689,17.129816000000002
2019-03-01 05:00:00+00:00,17.199999999999999,17.25,17.079999999999998,17.140000000000001,108578,503,17.149789999999999
2019-03-04 05:00:00+00:00,17.149999999999999,17.25,17.030000000000001,17.170000000000002,103237,528,17.149208000000002
2019-03-05 05:00:00+00:00,17.190000000000001,17.25,17.109999999999999,17.190000000000001,67513,303,17.178820999999999
2019-03-06 05:00:00+00:00,17.23,17.23,16.850000000000001,16.879999999999999,85989,405,17.081572999999999
2019-03-07 05:00:00+00:00,16.870000000000001,16.870000000000001,16.620000000000001,16.739999999999998,109783,545,16.716775999999999
2019-03-08 05:00:00+00:00,16.539999999999999,16.98,16.510000000000002,16.829999999999998,99147,478,16.753999
2019-03-11 04:00:00+00:00,16.699999999999999,16.699999999999999,16.550000000000001,16.59,97196,415,16.584952999999999
2019-03-12 04:00:00+00:00,16.550000000000001,16.634,16.420000000000002,16.48,70120,332,16.507738
2019-03-13 04:00:00+00:00,16.43,16.670000000000002,16.359999999999999,16.629999999999999,79301,319,16.507684000000001
2019-03-14 04:00:00+00:00,16.670000000000002,16.844200000000001,16.600000000000001,16.793700000000001,42884,253,16.756017
2019-03-15 04:00:00+00:00,16.800000000000001,16.989999999999998,16.800000000000001,16.969999999999999,48575,187,16.962398
2019-03-18 04:00:00+00:00,16.969999999999999,17.050000000000001,16.649999999999999,16.77,102612,337,16.879037
2019-03-19 04:00:00+00:00,16.77,16.829999999999998,16.7254,16.739999999999998,53967,214,16.783425999999999
2019-03-20 04:00:00+00:00,16.600000000000001,16.789000000000001,16.550000000000001,16.73,49172,237,16.654682999999999
2019-03-21 04:00:00+00:00,16.699999999999999,16.710000000000001,16.619599999999998,16.649999999999999,30664,181,16.679932000000001
2019-03-22 04:00:00+00:00,16.699999999999999,16.699999999999999,16.449999999999999,16.489999999999998,150705,389,16.571107000000001
2019-03-25 04:00:00+00:00,16.460000000000001,16.489999999999998,15.98,16.329999999999998,177268,885,16.173812999999999
2019-03-26 04:00:00+00:00,16.399999999999999,16.399999999999999,16.190000000000001,16.34,70356,433,16.281682
2019-03-27 04:00:00+00:00,16.329999999999998,16.399999999999999,16.309999999999999,16.350000000000001,50179,311,16.365459000000001
2019-03-28 04:00:00+00:00,16.4604,16.489999999999998,16.350000000000001,16.460000000000001,40630,270,16.431608000000001
2019-03-29 04:00:00+00:00,16.5,16.98,16.43,16.640000000000001,88228,447,16.695170000000001
2019-04-01 04:00:00+00:00,16.600000000000001,17.129999999999999,16.560099999999998,16.890000000000001,141272,640,16.903054999999998
2019-04-02 04:00:00+00:00,17.050000000000001,17.2197,16.9117,17.120000000000001,75035,486,17.119467
2019-04-03 04:00:00+00:00,17.109999999999999,17.25,17.061,17.190000000000001,113292,569,17.195291000000001
2019-04-04 04:00:00+00:00,17.210000000000001,17.449999999999999,17.199999999999999,17.43,168090,629,17.269151999999998
2019-04-05 04:00:00+00:00,17.489999999999998,17.52,17.43,17.5,105069,389,17.462251999999999
2019-04-08 04:00:00+00:00,17.5,18,17.5,17.829999999999998,364907,1267,17.761068999999999
2019-04-09 04:00:00+00:00,17.809999999999999,17.949999999999999,17.609999999999999,17.829999999999998,115173,544,17.806290000000001
2019-04-10 04:00:00+00:00,17.879999999999999,18,17.809999999999999,17.879999999999999,140659,684,17.874482
2019-04-11 04:00:00+00:00,17.77,17.82,17.664999999999999,17.710000000000001,78793,349,17.713763
2019-04-12 04:00:00+00:00,17.739999999999998,17.879999999999999,17.640000000000001,17.809999999999999,121049,596,17.734487999999999
2019-04-15 04:00:00+00:00,17.73,17.7332,17.129999999999999,17.27,178679,935,17.488564
2019-04-16 04:00:00+00:00,17.350000000000001,17.379999999999999,17.25,17.260000000000002,109158,548,17.305087
2019-04-17 04:00:00+00:00,17.260000000000002,17.3353,16.449999999999999,16.850000000000001,228799,1229,16.763117000000001
2019-04-18 04:00:00+00:00,16.84,17.079999999999998,16.710100000000001,17,68963,343,16.947897000000001
2019-04-22 04:00:00+00:00,17,17.100000000000001,17,17.059999999999999,103910,431,17.062110000000001
2019-04-23 04:00:00+00:00,17.07,17.109999999999999,16.870000000000001,17.010000000000002,112989,546,17.017738000000001
2019-04-24 04:00:00+00:00,17.030000000000001,17.055499999999999,16.978200000000001,17.010000000000002,68911,357,17.016345999999999
2019-04-25 04:00:00+00:00,17,17.09,16.98,17.07,101591,487,17.036263999999999
2019-04-26 04:00:00+00:00,17.050000000000001,17.23,17.039999999999999,17.16,851468,3283,17.160222000000001
2019-04-29 04:00:00+00:00,17.199999999999999,17.210000000000001,17.129999999999999,17.149999999999999,173670,658,17.180980999999999
2019-04-30 04:00:00+00:00,17.149999999999999,17.18,17.050000000000001,17.109999999999999,136815,566,17.109024999999999
2019-05-01 04:00:00+00:00,17.100000000000001,17.16,17.079999999999998,17.100000000000001,187193,750,17.113291
2019-05-02 04:00:00+00:00,17.149999999999999,17.329999999999998,17.149999999999999,17.300000000000001,403857,1337,17.260909999999999
2019-05-03 04:00:00+00:00,17.420000000000002,17.82,17.420000000000002,17.579999999999998,529304,1729,17.610883000000001
2019-05-06 04:00:00+00:00,17.48,17.739999999999998,17.41,17.66,281275,1055,17.642104
2019-05-07 04:00:00+00:00,17.600000000000001,17.620000000000001,17.3171,17.350000000000001,535063,1483,17.460521
2019-05-08 04:00:00+00:00,17.399999999999999,17.41,17.23,17.280000000000001,277668,1702,17.289249999999999
2019-05-09 04:00:00+00:00,17.27,17.5,17.129999999999999,17.420000000000002,235251,1165,17.281873000000001
2019-05-10 04:00:00+00:00,17.34,17.390000000000001,17.199999999999999,17.280000000000001,118145,668,17.284739999999999
2019-05-13 04:00:00+00:00,17.149999999999999,17.199999999999999,16.899999999999999,17.039999999999999,200391,815,17.038965999999999
2019-05-14 04:00:00+00:00,17.149999999999999,17.609999999999999,17.092400000000001,17.52,171567,574,17.373038999999999
2019-05-15 04:00:00+00:00,17.460000000000001,17.48,17,17.149999999999999,201410,878,17.282242
2019-05-16 04:00:00+00:00,17.27,17.48,17.18,17.48,157021,633,17.348568
2019-05-17 04:00:00+00:00,17.390000000000001,17.739999999999998,17.34,17.399999999999999,191460,700,17.585813000000002
2019-05-20 04:00:00+00:00,17.34,17.670000000000002,17.300000000000001,17.469999999999999,149719,658,17.526019999999999
2019-05-21 04:00:00+00:00,17.550000000000001,17.75,17.510000000000002,17.670000000000002,167388,785,17.660169
2019-05-22 04:00:00+00:00,17.609999999999999,17.920000000000002,17.544699999999999,17.890000000000001,232456,930,17.705777000000001
2019-05-23 04:00:00+00:00,17.84,17.850000000000001,17.400099999999998,17.780000000000001,271022,1241,17.618765
2019-05-24 04:00:00+00:00,17.719999999999999,17.789899999999999,17.582599999999999,17.600000000000001,137349,601,17.653804000000001
2019-05-28 04:00:00+00:00,17.59,17.663599999999999,17.420000000000002,17.449999999999999,145952,677,17.524518
2019-05-29 04:00:00+00:00,17.399999999999999,17.440000000000001,17.129999999999999,17.219999999999999,155880,652,17.231369000000001
2019-05-30 04:00:00+00:00,17.280000000000001,17.34,17.120000000000001,17.120000000000001,173726,442,17.196325000000002
2019-05-31 04:00:00+00:00,17.079999999999998,17.170000000000002,16.969999999999999,17,173841,907,17.059978000000001
2019-06-03 04:00:00+00:00,17.050000000000001,17.135000000000002,16.859999999999999,16.890000000000001,170394,984,17.012505999999998
2019-06-04 04:00:00+00:00,17.050000000000001,17.140000000000001,17.010000000000002,17.059999999999999,154004,794,17.062624
2019-06-05 04:00:00+00:00,17.100000000000001,17.140599999999999,17.030000000000001,17.050000000000001,164735,855,17.073132000000001
2019-06-06 04:00:00+00:00,17.050000000000001,17.329999999999998,17.030000000000001,17.260000000000002,153124,677,17.157624999999999
2019-06-07 04:00:00+00:00,17.300000000000001,17.399999999999999,17.199999999999999,17.199999999999999,234837,683,17.304957000000002
2019-06-10 04:00:00+00:00,17.309999999999999,17.6799,17.260000000000002,17.489999999999998,219017,984,17.489107000000001
2019-06-11 04:00:00+00:00,17.359999999999999,17.620000000000001,17.239999999999998,17.600000000000001,149274,587,17.442295999999999
2019-06-12 04:00:00+00:00,17.600000000000001,17.789999999999999,17.5,17.739999999999998,163380,714,17.66104
2019-06-13 04:00:00+00:00,17.739999999999998,17.780000000000001,17.530000000000001,17.690000000000001,146423,569,17.660481000000001
2019-06-14 04:00:00+00:00,17.73,17.789899999999999,17.640000000000001,17.73,86331,329,17.726817
2019-06-17 04:00:00+00:00,17.73,17.82,17.649999999999999,17.719999999999999,190169,854,17.721012000000002
2019-06-18 04:00:00+00:00,17.73,17.899999999999999,17.719999999999999,17.879999999999999,78572,372,17.823506999999999
2019-06-19 04:00:00+00:00,17.899999999999999,17.939,17.787299999999998,17.899999999999999,100234,403,17.861692999999999
2019-06-20 04:00:00+00:00,17.949999999999999,18,17.899999999999999,17.98,153501,525,17.961241999999999
2019-06-21 04:00:00+00:00,17.940000000000001,18,17.899999999999999,17.98,113529,539,17.974613999999999
2019-06-24 04:00:00+00:00,17.969999999999999,18.09,17.760000000000002,17.760000000000002,314373,1087,17.985308
2019-06-25 04:00:00+00:00,17.82,17.940000000000001,17.710000000000001,17.73,116590,494,17.810025
2019-06-26 04:00:00+00:00,17.800000000000001,17.949999999999999,17.739999999999998,17.84,68479,324,17.827272000000001
2019-06-27 04:00:00+00:00,17.789999999999999,18.039999999999999,17.789999999999999,17.969999999999999,191675,740,17.961787000000001
2019-06-28 04:00:00+00:00,18,18.079999999999998,17.859999999999999,17.890000000000001,109087,583,18.003935999999999
2019-07-01 04:00:00+00:00,18.050000000000001,18.289999999999999,18,18.149999999999999,197225,806,18.147200000000002
2019-07-02 04:00:00+00:00,18.210000000000001,18.469999999999999,18.190000000000001,18.329999999999998,286516,1064,18.342565
2019-07-03 04:00:00+00:00,18.440000000000001,18.489999999999998,18.34,18.489999999999998,99500,500,18.436399999999999
2019-07-05 04:00:00+00:00,18.489999999999998,18.789999999999999,18.41,18.760000000000002,220904,821,18.612801000000001
2019-07-08 04:00:00+00:00,18.760000000000002,19.199999999999999,18.75,18.989999999999998,320232,1219,18.986357999999999
2019-07-09 04:00:00+00:00,18.850000000000001,19.184999999999999,18.850000000000001,19.18,201542,782,19.088193
2019-07-10 04:00:00+00:00,19.219999999999999,19.41,19.16,19.379999999999999,264385,927,19.253964
2019-07-11 04:00:00+00:00,19.359999999999999,19.359999999999999,18.390000000000001,18.870000000000001,320069,1177,18.846084000000001
2019-07-12 04:00:00+00:00,19.09,19.09,18.329999999999998,18.629999999999999,258368,1209,18.559569
2019-07-15 04:00:00+00:00,18.460000000000001,18.48,17.940000000000001,17.969999999999999,470815,2144,18.096699000000001
2019-07-16 04:00:00+00:00,18,18,17.77,17.780000000000001,223272,1102,17.855848999999999
2019-07-17 04:00:00+00:00,17.800000000000001,17.84,17.629999999999999,17.800000000000001,171727,759,17.785143999999999
2019-07-18 04:00:00+00:00,17.850000000000001,17.890000000000001,17.719999999999999,17.800000000000001,178701,862,17.805126999999999
2019-07-19 04:00:00+00:00,17.84,18.001000000000001,17.77,17.850000000000001,499338,2031,17.910274999999999
2019-07-22 04:00:00+00:00,17.850000000000001,17.949999999999999,17.82,17.879999999999999,159980,536,17.908033
2019-07-23 04:00:00+00:00,17.879999999999999,17.930700000000002,17.620000000000001,17.640000000000001,200456,982,17.747772000000001
2019-07-24 04:00:00+00:00,17.670000000000002,17.739999999999998,17.34,17.460000000000001,249201,1221,17.498227
2019-07-25 04:00:00+00:00,17.510000000000002,17.609999999999999,17.399999999999999,17.460000000000001,316412,1180,17.529931999999999
2019-07-26 04:00:00+00:00,17.449999999999999,17.539899999999999,17.390000000000001,17.390000000000001,182445,644,17.452078
2019-07-29 04:00:00+00:00,17.48,17.5154,17.27,17.359999999999999,183888,811,17.363199000000002
2019-07-30 04:00:00+00:00,17.350000000000001,17.350000000000001,17.25,17.289999999999999,274272,1086,17.302726
2019-07-31 04:00:00+00:00,17.300000000000001,17.350000000000001,17.219999999999999,17.260000000000002,209902,789,17.284037000000001
2019-08-01 04:00:00+00:00,17.260000000000002,17.300000000000001,17.149999999999999,17.149999999999999,278052,1208,17.244941000000001
2019-08-02 04:00:00+00:00,17.149999999999999,17.170000000000002,17.059999999999999,17.129999999999999,404740,959,17.112297999999999
2019-08-05 04:00:00+00:00,17.050000000000001,17.0748,16.52,16.710000000000001,456416,1826,16.780937999999999
2019-08-06 04:00:00+00:00,16.800000000000001,17.586099999999998,16.800000000000001,17.57,259044,1167,17.213946
2019-08-07 04:00:00+00:00,17.440000000000001,17.690200000000001,17.1601,17.600000000000001,209159,840,17.517910000000001
2019-08-08 04:00:00+00:00,17.640000000000001,17.960000000000001,17.582100000000001,17.710000000000001,261398,1013,17.797471000000002
2019-08-09 04:00:00+00:00,17.57,17.68,17.210000000000001,17.34,124580,461,17.357251000000002
2019-08-12 04:00:00+00:00,17.34,17.460000000000001,17.010000000000002,17.170000000000002,156624,799,17.213453999999999
2019-08-13 04:00:00+00:00,17.07,17.379999999999999,17.07,17.170000000000002,223646,958,17.18629
2019-08-14 04:00:00+00:00,17.050000000000001,17.079999999999998,16.620000000000001,16.899999999999999,255322,1056,16.843862999999999
2019-08-15 04:00:00+00:00,16.82,17.16,16.82,17.079999999999998,149370,796,17.040005000000001
2019-08-16 04:00:00+00:00,17.100000000000001,17.399999999999999,17.0945,17.27,160718,801,17.299482000000001
2019-08-19 04:00:00+00:00,17.280000000000001,17.32,17.140000000000001,17.190000000000001,182396,932,17.238040999999999
2019-08-20 04:00:00+00:00,17.140000000000001,17.199999999999999,17.079999999999998,17.149999999999999,157767,732,17.155746000000001
2019-08-21 04:00:00+00:00,17.190000000000001,17.25,17.120000000000001,17.140000000000001,127501,668,17.187895000000001
2019-08-22 04:00:00+00:00,17.149999999999999,17.1996,17.02,17.02,132978,669,17.085460999999999
2019-08-23 04:00:00+00:00,17,17.039999999999999,16.7835,16.899999999999999,202572,1157,16.917515999999999
2019-08-26 04:00:00+00:00,16.91,16.989999999999998,16.75,16.77,251028,1516,16.846143999999999
2019-08-27 04:00:00+00:00,16.75,16.800000000000001,15.93,16.030000000000001,496058,2590,16.290206999999999
2019-08-28 04:00:00+00:00,16.050000000000001,16.4559,16,16.030000000000001,242811,1249,16.196594000000001
2019-08-29 04:00:00+00:00,16.129999999999999,16.240500000000001,16.050000000000001,16.16,176033,1134,16.145686000000001
2019-08-30 04:00:00+00:00,16.300000000000001,16.699999999999999,15.4794,15.6,686528,4206,15.945154
2019-09-03 04:00:00+00:00,15.5,16.199999999999999,15.48,15.960000000000001,292264,1271,15.88883
2019-09-04 04:00:00+00:00,16.010000000000002,16.379999999999999,16.010000000000002,16.16,183529,929,16.206302000000001
2019-09-05 04:00:00+00:00,16.25,16.719999999999999,16.239999999999998,16.68,216869,956,16.569051999999999
2019-09-06 04:00:00+00:00,16.699999999999999,16.699999999999999,16.300000000000001,16.530000000000001,175707,858,16.496998999999999
2019-09-09 04:00:00+00:00,16.550000000000001,16.855,16.550000000000001,16.670000000000002,353202,1078,16.756992
2019-09-10 04:00:00+00:00,16.699999999999999,16.699999999999999,16.300000000000001,16.390000000000001,245240,1218,16.423093000000001
2019-09-11 04:00:00+00:00,16.370000000000001,16.370000000000001,16.100000000000001,16.170000000000002,116522,526,16.224422000000001
2019-09-12 04:00:00+00:00,16.170000000000002,16.539999999999999,16.109999999999999,16.140000000000001,172958,1162,16.236252
2019-09-13 04:00:00+00:00,16.149999999999999,16.300000000000001,15.880000000000001,16.09,194185,1320,16.082463000000001
2019-09-16 04:00:00+00:00,15.949999999999999,16.224900000000002,15.5,16.199999999999999,375901,2021,15.820534
2019-09-17 04:00:00+00:00,16.23,16.25,15.91,16.109999999999999,148755,894,16.123923000000001
2019-09-18 04:00:00+00:00,16.140000000000001,16.170000000000002,15.859999999999999,15.890000000000001,120815,634,15.965242
2019-09-19 04:00:00+00:00,16.02,16.069900000000001,15.65,15.67,183378,1106,15.89602
2019-09-20 04:00:00+00:00,15.699999999999999,15.7699,15.525,15.6,173285,1396,15.607165
2019-09-23 04:00:00+00:00,15.609999999999999,15.9,15.137700000000001,15.220000000000001,405224,2506,15.431895000000001
2019-09-24 04:00:00+00:00,15.19,15.199999999999999,14.699999999999999,14.960000000000001,662595,3782,14.863165
2019-09-25 04:00:00+00:00,14.9,15.210000000000001,14.82,15.199999999999999,283597,1181,15.038290999999999
2019-09-26 04:00:00+00:00,15.220000000000001,15.67,14.91,15.609999999999999,416820,2116,15.306322
2019-09-27 04:00:00+00:00,15.82,15.84,15.519,15.699999999999999,174276,932,15.659670999999999
2019-09-30 04:00:00+00:00,15.720000000000001,15.82,15.57,15.77,144563,1127,15.69983
2019-10-01 04:00:00+00:00,15.76,15.836399999999999,15.699999999999999,15.789999999999999,195320,685,15.778458000000001
2019-10-02 04:00:00+00:00,15.85,15.8894,15.470000000000001,15.84,239169,1001,15.664070000000001
2019-10-03 04:00:00+00:00,15.9,16.48,15.880000000000001,16.449999999999999,378193,1653,16.218764
2019-10-04 04:00:00+00:00,16.600000000000001,17.129999999999999,16.564599999999999,17.07,485973,2336,16.943055999999999
2019-10-07 04:00:00+00:00,17.050000000000001,17.170000000000002,16.949999999999999,17.09,290527,1587,17.048252000000002
2019-10-08 04:00:00+00:00,16.98,17.120000000000001,16.690000000000001,17,181512,1064,16.928691000000001
2019-10-09 04:00:00+00:00,17.109999999999999,17.1326,16.559999999999999,16.760000000000002,372386,1980,16.855381999999999
2019-10-10 04:00:00+00:00,16.550000000000001,16.699999999999999,16.32,16.530000000000001,156860,1219,16.549068999999999
2019-10-11 04:00:00+00:00,16.600000000000001,16.800000000000001,16.43,16.690000000000001,172151,1018,16.613713000000001
2019-10-14 04:00:00+00:00,16.649999999999999,16.670000000000002,16.34,16.640000000000001,140478,712,16.518535
2019-10-15 04:00:00+00:00,16.600000000000001,16.657,16.300000000000001,16.420000000000002,207359,1077,16.470618999999999
2019-10-16 04:00:00+00:00,16.460000000000001,16.5,16.210000000000001,16.300000000000001,81050,494,16.35257
2019-10-17 04:00:00+00:00,16.199999999999999,16.300000000000001,15.9,16.030000000000001,175982,991,16.074929000000001
2019-10-18 04:00:00+00:00,16.079999999999998,16.09,15.91,16,138726,717,15.995903999999999
2019-10-21 04:00:00+00:00,16,16.16,15.81,15.859999999999999,121859,668,16.004362
2019-10-22 04:00:00+00:00,15.859999999999999,15.8995,15.65,15.73,180974,996,15.752988
2019-10-23 04:00:00+00:00,15.73,15.813000000000001,15.25,15.460000000000001,268295,1544,15.576601
2019-10-24 04:00:00+00:00,15.380000000000001,15.65,15.27,15.56,248832,1601,15.460889999999999
2019-10-25 04:00:00+00:00,15.56,15.66,15.449999999999999,15.539999999999999,204041,1011,15.60148
2019-10-28 04:00:00+00:00,15.57,15.600099999999999,15.51,15.529999999999999,187663,790,15.559766
2019-10-29 04:00:00+00:00,15.529999999999999,15.5717,15.470000000000001,15.49,134978,582,15.516468
2019-10-30 04:00:00+00:00,15.550000000000001,15.550000000000001,15.33,15.33,200957,1042,15.402108
2019-10-31 04:00:00+00:00,15.279999999999999,15.300000000000001,15.109999999999999,15.130000000000001,276916,1489,15.19422
2019-11-01 04:00:00+00:00,15.15,15.199999999999999,14.91,15,549330,2176,15.099553
2019-11-04 05:00:00+00:00,15.039999999999999,15.118,15.01,15.039999999999999,351263,1602,15.073707000000001
2019-11-05 05:00:00+00:00,15.109999999999999,15.369999999999999,15.1,15.369999999999999,221130,1101,15.23188
2019-11-06 05:00:00+00:00,15.539999999999999,15.59,15.199999999999999,15.34,182386,977,15.457058999999999
2019-11-07 05:00:00+00:00,15.41,15.550000000000001,15.26,15.33,269408,1416,15.411374
2019-11-08 05:00:00+00:00,15.029999999999999,15.1647,14.960000000000001,15.06,224885,995,15.037784
2019-11-11 05:00:00+00:00,14.99,15.0199,14.800000000000001,14.92,213037,1084,14.888626
2019-11-12 05:00:00+00:00,14.92,14.949999999999999,14.800000000000001,14.869999999999999,103611,613,14.865455000000001
2019-11-13 05:00:00+00:00,14.890000000000001,14.890000000000001,14.4,14.539999999999999,291782,1728,14.559782999999999
2019-11-14 05:00:00+00:00,14.35,14.359999999999999,14,14.07,510703,2162,14.114508000000001
2019-11-15 05:00:00+00:00,14.050000000000001,14.49,13.960000000000001,14.470000000000001,387722,1728,14.305298000000001
2019-11-18 05:00:00+00:00,14.5,14.82,14.470000000000001,14.57,214972,958,14.602066000000001
2019-11-19 05:00:00+00:00,14.07,14.24,13.800000000000001,14.15,533703,2637,13.967691
2019-11-20 05:00:00+00:00,14.09,14.18,13.92,14.15,142351,765,14.03548
2019-11-21 05:00:00+00:00,14.1,14.300000000000001,14.08,14.279999999999999,121544,545,14.22289
2019-11-22 05:00:00+00:00,14.300000000000001,14.49,14.220000000000001,14.42,132783,816,14.357479
2019-11-25 05:00:00+00:00,14.449999999999999,14.561999999999999,14.3466,14.41,109316,630,14.447378
2019-11-26 05:00:00+00:00,14.41,14.4145,14.210000000000001,14.25,115718,641,14.268019000000001
2019-11-27 05:00:00+00:00,14.199999999999999,14.33,14.16,14.26,110198,477,14.231099
2019-11-29 05:00:00+00:00,14.32,14.35,14.262700000000001,14.35,62484,408,14.312578999999999
2019-12-02 05:00:00+00:00,14.35,14.65,14.34,14.609999999999999,175983,793,14.494666
2019-12-03 05:00:00+00:00,14.640000000000001,15,14.609999999999999,14.91,168374,834,14.859465999999999
2019-12-04 05:00:00+00:00,14.960000000000001,15.109999999999999,14.77,15.047499999999999,195018,1573,14.969844
2019-12-05 05:00:00+00:00,15.1,15.119999999999999,15,15,167074,912,15.052619
2019-12-06 05:00:00+00:00,15.02,15.06,14.99,15.039999999999999,302967,494,15.027348999999999
2019-12-09 05:00:00+00:00,15.24,15.268599999999999,15.09,15.09,336555,1144,15.166416
2019-12-10 05:00:00+00:00,15.08,15.2461,15.045400000000001,15.18,286037,1418,15.13621
2019-12-11 05:00:00+00:00,15,15.140000000000001,14.82,14.960000000000001,211325,1000,14.993377000000001
2019-12-12 05:00:00+00:00,14.9,14.9,14.65,14.68,244718,1181,14.772409
2019-12-13 05:00:00+00:00,14.720000000000001,14.7675,14.539999999999999,14.59,155835,667,14.599862999999999
2019-12-16 05:00:00+00:00,14.609999999999999,14.644,14.5,14.529999999999999,123462,718,14.563497999999999
2019-12-17 05:00:00+00:00,14.5,14.99,14.5,14.91,163294,795,14.798014
2019-12-18 05:00:00+00:00,14.91,14.94,14.609999999999999,14.789999999999999,121430,684,14.822416
2019-12-19 05:00:00+00:00,14.85,14.99,14.57,14.609999999999999,130986,924,14.848345999999999
2019-12-20 05:00:00+00:00,14.6,14.880000000000001,14.6,14.69,371512,1335,14.800424
2019-12-23 05:00:00+00:00,14.73,14.789999999999999,14.699999999999999,14.75,189657,918,14.748492000000001
2019-12-24 05:00:00+00:00,14.75,14.795,14.6401,14.710000000000001,156263,548,14.72565
2019-12-26 05:00:00+00:00,14.67,14.7254,14.550000000000001,14.65,239007,910,14.676271
2019-12-27 05:00:00+00:00,14.699999999999999,14.710000000000001,14.609999999999999,14.67,151195,600,14.676583000000001
2019-12-30 05:00:00+00:00,14.68,14.699999999999999,14.58,14.67,246346,955,14.646338
2019-12-31 05:00:00+00:00,14.65,14.69,14.59,14.609999999999999,433285,996,14.657256
2020-01-02 05:00:00+00:00,14.630000000000001,14.76,14.529999999999999,14.6,231763,875,14.620196
2020-01-03 05:00:00+00:00,14.65,14.74,14.640000000000001,14.74,331635,1249,14.722889
2020-01-06 05:00:00+00:00,14.76,15.449999999999999,14.76,15.27,361984,1497,15.197692999999999
2020-01-07 05:00:00+00:00,15.4,15.52,15.199999999999999,15.300000000000001,217682,1074,15.363947
2020-01-08 05:00:00+00:00,15.300000000000001,15.619999999999999,15.300000000000001,15.550000000000001,257882,1078,15.463763
2020-01-09 05:00:00+00:00,15.57,15.630000000000001,15.27,15.4,289497,1502,15.368653999999999
2020-01-10 05:00:00+00:00,15.199999999999999,15.49,15.199999999999999,15.470000000000001,252868,1137,15.371831
2020-01-13 05:00:00+00:00,15.4,15.449999999999999,15.145,15.4,249741,1310,15.333123000000001
2020-01-14 05:00:00+00:00,15.4,15.7818,15.339600000000001,15.720000000000001,252987,1335,15.614298
2020-01-15 05:00:00+00:00,15.74,15.949999999999999,15.710000000000001,15.880000000000001,156530,664,15.809094
2020-01-16 05:00:00+00:00,15.880000000000001,15.94,15.539999999999999,15.609999999999999,183821,956,15.671279999999999
2020-01-17 05:00:00+00:00,15.619999999999999,15.631,15.25,15.279999999999999,147909,988,15.38424
2020-01-21 05:00:00+00:00,15.32,15.609999999999999,15.31,15.43,206323,962,15.477460000000001
2020-01-22 05:00:00+00:00,15.58,15.58,15.43,15.449999999999999,120089,482,15.488856999999999
2020-01-23 05:00:00+00:00,15.460000000000001,15.4899,15.4,15.42,170882,784,15.44073
2020-01-24 05:00:00+00:00,15.42,15.4879,15.210000000000001,15.220000000000001,193973,877,15.312697
2020-01-27 05:00:00+00:00,15.07,15.25,15.01,15.19,183863,866,15.154316
2020-01-28 05:00:00+00:00,15.210000000000001,15.279999999999999,15.16,15.210000000000001,128190,651,15.222149
2020-01-29 05:00:00+00:00,15.220000000000001,15.32,15.210000000000001,15.25,129122,602,15.262247
2020-01-30 05:00:00+00:00,15.210000000000001,15.27,15.1,15.140000000000001,156902,651,15.175678
2020-01-31 05:00:00+00:00,15.02,15.140700000000001,14.9251,14.970000000000001,187745,989,15.033431999999999
2020-02-03 05:00:00+00:00,15,15.07,14.970000000000001,14.99,366693,864,15.042778999999999
2020-02-04 05:00:00+00:00,15.1,15.19,15,15.029999999999999,388154,1455,15.083397
2020-02-05 05:00:00+00:00,15.050000000000001,15.09,14.960000000000001,15,252216,1308,15.020697
2020-02-06 05:00:00+00:00,15.039999999999999,15.130000000000001,14.9899,15.02,257366,1356,15.043965
2020-02-07 05:00:00+00:00,15.029999999999999,15.199999999999999,15.029999999999999,15.029999999999999,216286,992,15.112685000000001
2020-02-10 05:00:00+00:00,15.08,15.279999999999999,15.08,15.220000000000001,245744,1217,15.196123999999999
2020-02-11 05:00:00+00:00,15.07,15.17,14.949999999999999,14.99,243463,1191,15.030718
2020-02-12 05:00:00+00:00,15,15.09,15,15.07,137220,584,15.048816
2020-02-13 05:00:00+00:00,15.06,15.17,15.036799999999999,15.119999999999999,101022,462,15.111382000000001
2020-02-14 05:00:00+00:00,15.06,15.119999999999999,15.02,15.02,76406,474,15.057968000000001
2020-02-18 05:00:00+00:00,15.02,15.085100000000001,14.84,14.949999999999999,214586,1142,14.956134
2020-02-19 05:00:00+00:00,14.92,14.9659,14.6,14.65,243395,1449,14.821123
2020-02-20 05:00:00+00:00,14.65,14.77,14.65,14.66,209746,1295,14.689881
2020-02-21 05:00:00+00:00,14.699999999999999,14.92,14.699999999999999,14.92,131280,686,14.798520999999999
2020-02-24 05:00:00+00:00,14.699999999999999,14.75,14.550000000000001,14.609999999999999,335512,1530,14.641961
2020-02-25 05:00:00+00:00,14.66,14.75,13.970000000000001,14.01,408238,1995,14.253977000000001
2020-02-26 05:00:00+00:00,13.99,14.5449,13.99,14.25,290736,1324,14.308585000000001
2020-02-27 05:00:00+00:00,13.9,13.99,13.050000000000001,13.369999999999999,692066,3086,13.487475999999999
2020-02-28 05:00:00+00:00,13.119999999999999,13.52,12.619999999999999,13.449999999999999,742380,4053,13.009914999999999
2020-03-02 05:00:00+00:00,13.630000000000001,14.1793,13.460000000000001,13.73,359251,1616,13.843443000000001
2020-03-03 05:00:00+00:00,13.73,14.07,13.73,13.93,268415,1162,13.934640999999999
2020-03-04 05:00:00+00:00,14.1,14.49,14.030099999999999,14.279999999999999,215352,940,14.248996999999999
2020-03-05 05:00:00+00:00,14.029999999999999,14.15,13.699999999999999,13.74,211720,1107,13.921246999999999
2020-03-06 05:00:00+00:00,13.529999999999999,13.68,13.210000000000001,13.42,316709,1626,13.423902999999999
2020-03-09 04:00:00+00:00,12.16,12.720000000000001,12.16,12.539999999999999,510010,2193,12.447730999999999
2020-03-10 04:00:00+00:00,12.890000000000001,13,12.51,12.9,434440,1971,12.801448000000001
2020-03-11 04:00:00+00:00,12.43,12.43,11.109999999999999,11.26,651353,3282,11.797230000000001
2020-03-12 04:00:00+00:00,10.140000000000001,10.199999999999999,8.4100000000000001,9.7899999999999991,984363,3570,9.1167350000000003
2020-03-13 04:00:00+00:00,10.32,10.74,9.7260000000000009,10.4,406766,1741,10.360004999999999
2020-03-16 04:00:00+00:00,9.0600000000000005,9.8501999999999992,8.75,9.0199999999999996,469408,1913,9.5036529999999999
2020-03-17 04:00:00+00:00,9.2599999999999998,10.48,9.0600000000000005,10.09,336119,1450,9.5143520000000006
2020-03-18 04:00:00+00:00,9.25,9.3300000000000001,3.7799999999999998,5.2999999999999998,1669352,5191,5.9295499999999999
2020-03-19 04:00:00+00:00,5.4000000000000004,7.1673,4.9802,6.8600000000000003,429670,1638,6.1109030000000004
2020-03-20 04:00:00+00:00,7.79,8.5800000000000001,6.1550000000000002,6.25,559540,1755,7.3789619999999996
2020-03-23 04:00:00+00:00,6.5,6.5026999999999999,4.9500000000000002,5.1100000000000003,793396,4114,5.2348359999999996
2020-03-24 04:00:00+00:00,5.6200000000000001,6.25,5.2699999999999996,5.7699999999999996,528907,2583,5.6871029999999996
2020-03-25 04:00:00+00:00,6.1100000000000003,9.1799999999999997,5.9900000000000002,7.4800000000000004,966930,4258,7.3672209999999998
2020-03-26 04:00:00+00:00,7.8899999999999997,9,7.8704999999999998,7.9900000000000002,785387,3194,8.4071169999999995
2020-03-27 04:00:00+00:00,8,8.1907999999999994,7.3452999999999999,7.9800000000000004,381662,1658,7.8130709999999999
2020-03-30 04:00:00+00:00,7.9500000000000002,8.2484999999999999,6.1200000000000001,6.5,465209,2203,7.078678
2020-03-31 04:00:00+00:00,6.1799999999999997,7.7324000000000002,6.0899999999999999,6.8399999999999999,426480,2424,6.84321
2020-04-01 04:00:00+00:00,6.25,6.7699999999999996,5.3099999999999996,6.0800000000000001,601358,2928,5.9696439999999997
2020-04-02 04:00:00+00:00,5.8200000000000003,6.3399999999999999,5.1700999999999997,5.4400000000000004,1054079,5307,5.6573989999999998
2020-04-03 04:00:00+00:00,5.3399999999999999,5.3399999999999999,5,5.0499999999999998,495057,2038,5.0941549999999998
2020-04-06 04:00:00+00:00,5.2800000000000002,5.4400000000000004,5.0800000000000001,5.1399999999999997,529243,2235,5.2695889999999999
2020-04-07 04:00:00+00:00,5.3600000000000003,5.7393999999999998,5.2999999999999998,5.4299999999999997,525185,2609,5.5295589999999999
2020-04-08 04:00:00+00:00,5.6799999999999997,6.8499999999999996,5.5000999999999998,6.6100000000000003,802073,3617,6.3535500000000003
2020-04-09 04:00:00+00:00,7,8.1999999999999993,6.9996999999999998,7.9199999999999999,948385,3416,7.7221780000000004
2020-04-13 04:00:00+00:00,8.0500000000000007,8.1699999999999999,7.165,7.3200000000000003,579792,2687,7.7018009999999997
2020-04-14 04:00:00+00:00,7.4000000000000004,7.7050000000000001,6.3200000000000003,6.5510000000000002,614298,2860,6.9258899999999999
2020-04-15 04:00:00+00:00,6,6.2599999999999998,5.8068999999999997,5.9000000000000004,660773,3281,6.0437529999999997
2020-04-16 04:00:00+00:00,5.6200000000000001,6.5499999999999998,5.5300000000000002,6.0999999999999996,617611,2724,6.1114290000000002
2020-04-17 04:00:00+00:00,6.6299999999999999,6.6299999999999999,6.0503999999999998,6.0999999999999996,571574,2025,6.4026579999999997
2020-04-20 04:00:00+00:00,5.8799999999999999,6.1399999999999997,5.5800000000000001,6.1100000000000003,547552,1789,5.8723080000000003
2020-04-21 04:00:00+00:00,6,6.25,5.8099999999999996,6.21,380476,1481,6.0429919999999999
2020-04-22 04:00:00+00:00,6.2999999999999998,6.3849999999999998,6.0099999999999998,6.0700000000000003,300162,1859,6.1458510000000004
2020-04-23 04:00:00+00:00,6.3099999999999996,6.3799999999999999,6.1500000000000004,6.2300000000000004,337538,1198,6.2760680000000004
2020-04-24 04:00:00+00:00,6.2000000000000002,6.2199999999999998,6.0724999999999998,6.1500000000000004,262937,1167,6.1326780000000003
2020-04-27 04:00:00+00:00,6.3200000000000003,6.5499999999999998,6.1600000000000001,6.4599000000000002,230840,1004,6.429786
2020-04-28 04:00:00+00:00,6.5300000000000002,6.5998999999999999,6.1500000000000004,6.2300000000000004,266513,1317,6.3586109999999998
2020-04-29 04:00:00+00:00,6.3399999999999999,6.5,6.3399999999999999,6.4500000000000002,312889,1210,6.4464300000000003
2020-04-30 04:00:00+00:00,6.2999999999999998,6.46,6.2725999999999997,6.4000000000000004,127484,670,6.3523100000000001
2020-05-01 04:00:00+00:00,6.3099999999999996,6.4500000000000002,6.1799999999999997,6.2800000000000002,128199,820,6.276548
2020-05-04 04:00:00+00:00,6.2599999999999998,6.2599999999999998,6,6.0800000000000001,349143,1540,6.0739840000000003
2020-05-05 04:00:00+00:00,6.0999999999999996,6.3300000000000001,6.0099999999999998,6.04,264158,1437,6.1768489999999998
2020-05-06 04:00:00+00:00,6.0999999999999996,6.1600000000000001,5.9900000000000002,5.9900000000000002,175723,873,6.0865859999999996
2020-05-07 04:00:00+00:00,6.0999999999999996,6.2699999999999996,6.0099999999999998,6.1100000000000003,152298,811,6.145041
2020-05-08 04:00:00+00:00,6.1699999999999999,6.3600000000000003,6.1501000000000001,6.2999999999999998,153696,650,6.2747359999999999
2020-05-11 04:00:00+00:00,6.1600000000000001,6.2999999999999998,6.1500000000000004,6.1900000000000004,127104,646,6.2103109999999999
2020-05-12 04:00:00+00:00,6.1900000000000004,6.1900000000000004,6.0599999999999996,6.0599999999999996,160708,836,6.1227689999999999
2020-05-13 04:00:00+00:00,6.0700000000000003,6.1269,5.5296000000000003,5.6299999999999999,268665,1328,5.8028420000000001
2020-05-14 04:00:00+00:00,5.4699999999999998,5.6699999999999999,5.3600000000000003,5.4699999999999998,302924,1169,5.5086849999999998
2020-05-15 04:00:00+00:00,5.46,5.6799999999999997,5.25,5.3099999999999996,158795,1031,5.4824679999999999
2020-05-18 04:00:00+00:00,5.6500000000000004,6.0599999999999996,5.6500000000000004,5.7800000000000002,541780,1509,5.908779
2020-05-19 04:00:00+00:00,5.7999999999999998,5.9800000000000004,5.5,5.5499999999999998,331787,1809,5.6456289999999996
2020-05-20 04:00:00+00:00,5.6299999999999999,5.79,5.3300000000000001,5.5999999999999996,393803,1743,5.5496270000000001
2020-05-21 04:00:00+00:00,5.8799999999999999,6.29,5.7999999999999998,6.0999999999999996,605346,2429,6.0355309999999998
2020-05-22 04:00:00+00:00,6.1500000000000004,6.4500000000000002,6.0199999999999996,6.4500000000000002,234595,1044,6.2398090000000002
2020-05-26 04:00:00+00:00,6.6399999999999997,6.9672999999999998,6.5499999999999998,6.8600000000000003,315677,1371,6.798559
2020-05-27 04:00:00+00:00,7.0499999999999998,7.3579999999999997,6.5499999999999998,7.3200000000000003,394073,1847,6.9874299999999998
2020-05-28 04:00:00+00:00,7.5,7.75,7,7.1299999999999999,427640,1997,7.4161580000000002
2020-05-29 04:00:00+00:00,7.1600000000000001,7.3300000000000001,6.9741999999999997,7.3300000000000001,159311,777,7.1498169999999996
2020-06-01 04:00:00+00:00,7.3600000000000003,7.4499000000000004,7.0610999999999997,7.1399999999999997,443809,2046,7.2113290000000001
2020-06-02 04:00:00+00:00,7.2000000000000002,7.4250999999999996,7.0899999999999999,7.1299999999999999,753239,2592,7.22614
2020-06-03 04:00:00+00:00,7.2599999999999998,7.2699999999999996,7.1600000000000001,7.1799999999999997,727866,1638,7.1966700000000001
2020-06-04 04:00:00+00:00,7.0899999999999999,7.2800000000000002,6.6600000000000001,7.0999999999999996,390275,1633,7.0274570000000001
2020-06-05 04:00:00+00:00,7.21,7.4314,7.1699999999999999,7.2300000000000004,858854,2082,7.3158510000000003
2020-06-08 04:00:00+00:00,7.4000000000000004,8.0999999999999996,7.2999999999999998,8.0500000000000007,674759,2805,7.6893349999999998
2020-06-09 04:00:00+00:00,8.0500000000000007,8.4399999999999995,7.7838000000000003,8.1999999999999993,361304,1716,8.1050140000000006
2020-06-10 04:00:00+00:00,8.2400000000000002,8.3499999999999996,7.7999999999999998,8.3000000000000007,353424,1750,8.1164900000000006
2020-06-11 04:00:00+00:00,7.6500000000000004,7.7800000000000002,6.8017000000000003,7.0999999999999996,640226,2804,7.2453089999999998
2020-06-12 04:00:00+00:00,7.5199999999999996,7.5841000000000003,7.0999999999999996,7.1500000000000004,215239,993,7.2831590000000004
2020-06-15 04:00:00+00:00,6.8200000000000003,7.1299999999999999,6.7800000000000002,7.0599999999999996,159106,1001,7.0193640000000004
2020-06-16 04:00:00+00:00,7.5,7.6016000000000004,7.0899999999999999,7.1100000000000003,227008,931,7.2623319999999998
2020-06-17 04:00:00+00:00,7.1500000000000004,7.1600000000000001,7,7.0199999999999996,199535,1010,7.0761459999999996
2020-06-18 04:00:00+00:00,6.9900000000000002,7.0999999999999996,6.9500000000000002,7,95879,603,7.0231430000000001
2020-06-19 04:00:00+00:00,7.1299999999999999,7.1330999999999998,6.75,6.8399999999999999,274878,1469,6.9017860000000004
2020-06-22 04:00:00+00:00,6.8700000000000001,7.0174000000000003,6.8300000000000001,6.9500000000000002,130037,775,6.9582639999999998
2020-06-23 04:00:00+00:00,7.0499999999999998,7.0499999999999998,6.9500000000000002,6.9699999999999998,256653,985,7.0058179999999997
2020-06-24 04:00:00+00:00,6.9400000000000004,6.9800000000000004,6.6900000000000004,6.8399999999999999,171327,886,6.8267920000000002
2020-06-25 04:00:00+00:00,6.8700000000000001,7.0499999999999998,6.8399999999999999,6.9699999999999998,160088,619,6.9568950000000003
2020-06-26 04:00:00+00:00,6.8600000000000003,7.04,6.5499999999999998,6.6500000000000004,217645,1044,6.6865290000000002
2020-06-29 04:00:00+00:00,6.6600000000000001,6.9100000000000001,6.5601000000000003,6.71,117514,590,6.7766539999999997
2020-06-30 04:00:00+00:00,6.8300000000000001,7.2400000000000002,6.7999999999999998,7.1100000000000003,216940,1101,7.0377960000000002
2020-07-01 04:00:00+00:00,7.1100000000000003,7.2699999999999996,7.0300000000000002,7.2000000000000002,217608,1298,7.2173780000000001
2020-07-02 04:00:00+00:00,7.2699999999999996,7.2999999999999998,7.0549999999999997,7.0899999999999999,180466,806,7.1426809999999996
2020-07-06 04:00:00+00:00,7.2999999999999998,7.5199999999999996,7.1600000000000001,7.5099999999999998,286083,1603,7.3826070000000001
2020-07-07 04:00:00+00:00,7.4699999999999998,7.4699999999999998,6.9500000000000002,7.0300000000000002,264263,1691,7.2134450000000001
2020-07-08 04:00:00+00:00,7.1399999999999997,7.21,6.8499999999999996,7.1399999999999997,154807,983,7.045947
2020-07-09 04:00:00+00:00,7.1600000000000001,7.3300000000000001,7.0700000000000003,7.1200000000000001,158745,1096,7.1322890000000001
2020-07-10 04:00:00+00:00,7,7.1399999999999997,6.915,7.0899999999999999,151557,856,7.0149860000000004
2020-07-13 04:00:00+00:00,7.0499999999999998,7.0999999999999996,6.8600000000000003,6.9400000000000004,157302,908,7.0137900000000002
2020-07-14 04:00:00+00:00,7.0499999999999998,7.2999999999999998,6.9600999999999997,7.2300000000000004,256734,1185,7.1854459999999998
2020-07-15 04:00:00+00:00,7.29,7.3499999999999996,7.2068000000000003,7.3399999999999999,112535,776,7.2848319999999998
2020-07-16 04:00:00+00:00,7.2199999999999998,7.3399999999999999,7.1801000000000004,7.2699999999999996,71663,407,7.2790869999999996
2020-07-17 04:00:00+00:00,7.2199999999999998,7.2899000000000003,7.1699999999999999,7.2300000000000004,129692,527,7.2194719999999997
2020-07-20 04:00:00+00:00,7.0700000000000003,7.1799999999999997,6.968,7.1200000000000001,133839,770,7.0855709999999998
2020-07-21 04:00:00+00:00,7.0999999999999996,7.4299999999999997,7.0999999999999996,7.3399999999999999,153837,1028,7.3007939999999998
2020-07-22 04:00:00+00:00,7.3600000000000003,7.3799999999999999,7.1200000000000001,7.3200000000000003,119018,648,7.2583120000000001
2020-07-23 04:00:00+00:00,7.2999999999999998,7.4000000000000004,7.21,7.3799999999999999,86302,702,7.324497
2020-07-24 04:00:00+00:00,7.3700000000000001,7.4000000000000004,7.21,7.3600000000000003,176146,1079,7.301863
2020-07-27 04:00:00+00:00,7.2999999999999998,7.4000000000000004,7.21,7.3300000000000001,124470,778,7.3205809999999998
2020-07-28 04:00:00+00:00,7.4000000000000004,7.4500000000000002,7.3300000000000001,7.4500000000000002,70454,408,7.3968790000000002
2020-07-29 04:00:00+00:00,7.4500000000000002,7.5199999999999996,7.4169,7.46,134074,764,7.4581439999999999
2020-07-30 04:00:00+00:00,7.3799999999999999,7.4500000000000002,7.2999999999999998,7.4000000000000004,72708,416,7.4089710000000002
2020-07-31 04:00:00+00:00,7.4800000000000004,7.8499999999999996,7.3071000000000002,7.7400000000000002,427670,1991,7.613181
2020-08-03 04:00:00+00:00,7.8300000000000001,7.8499999999999996,7.5300000000000002,7.7000000000000002,251822,1378,7.7389770000000002
2020-08-04 04:00:00+00:00,7.5999999999999996,7.8600000000000003,7.5999999999999996,7.7999999999999998,161982,765,7.7526070000000002
2020-08-05 04:00:00+00:00,7.8200000000000003,7.8600000000000003,7.7599999999999998,7.8099999999999996,150313,644,7.8341419999999999
2020-08-06 04:00:00+00:00,7.8200000000000003,7.8499999999999996,7.8193000000000001,7.8399999999999999,54691,349,7.8400569999999998
2020-08-07 04:00:00+00:00,7.8600000000000003,7.8600000000000003,7.79,7.8399999999999999,65037,513,7.8289059999999999
2020-08-10 04:00:00+00:00,7.7800000000000002,8.0999999999999996,7.7800000000000002,7.9400000000000004,233676,1328,7.9574069999999999
2020-08-11 04:00:00+00:00,7.9299999999999997,7.9344000000000001,7.7699999999999996,7.7800000000000002,114597,693,7.8570960000000003
2020-08-12 04:00:00+00:00,7.9000000000000004,8.1600000000000001,7.8399999999999999,8.0099999999999998,243599,1441,8.0260850000000001
2020-08-13 04:00:00+00:00,8.0500000000000007,8.0500000000000007,7.8399999999999999,7.9500000000000002,98035,637,7.9556089999999999
2020-08-14 04:00:00+00:00,7.96,7.9850000000000003,7.8099999999999996,7.8499999999999996,105154,670,7.8886989999999999
2020-08-17 04:00:00+00:00,7.8099999999999996,7.9900000000000002,7.75,7.8200000000000003,179264,968,7.8603379999999996
2020-08-18 04:00:00+00:00,7.9699999999999998,7.9950000000000001,7.7199999999999998,7.8499999999999996,160036,952,7.8718599999999999
2020-08-19 04:00:00+00:00,7.8600000000000003,7.9494999999999996,7.7300000000000004,7.9400000000000004,102885,620,7.8261900000000004
2020-08-20 04:00:00+00:00,7.8399999999999999,7.9500000000000002,7.7800000000000002,7.9100000000000001,111299,913,7.880471
2020-08-21 04:00:00+00:00,7.9100000000000001,7.9800000000000004,7.7699999999999996,7.9299999999999997,121816,907,7.8895720000000003
2020-08-24 04:00:00+00:00,7.8899999999999997,8.0999999999999996,7.6950000000000003,7.7300000000000004,311303,1458,7.8986879999999999
2020-08-25 04:00:00+00:00,7.7699999999999996,7.8700000000000001,7.7000000000000002,7.8099999999999996,100153,514,7.7863239999999996
2020-08-26 04:00:00+00:00,7.79,7.9900000000000002,7.7599999999999998,7.8200000000000003,76652,415,7.8549439999999997
2020-08-27 04:00:00+00:00,7.8200000000000003,7.9000000000000004,7.1200000000000001,7.4299999999999997,216058,1026,7.6339160000000001
2020-08-28 04:00:00+00:00,7.6100000000000003,7.8600000000000003,7.5800000000000001,7.79,106364,677,7.7331130000000003
2020-08-31 04:00:00+00:00,7.75,8.0399999999999991,7.6600000000000001,8.0399999999999991,371427,835,7.9225789999999998
2020-09-01 04:00:00+00:00,7.9199999999999999,8.1899999999999995,7.9101999999999997,8.1300000000000008,151737,880,8.0892859999999995
2020-09-02 04:00:00+00:00,8.0500000000000007,8.2100000000000009,7.9640000000000004,8.2100000000000009,147125,728,8.1146119999999993
2020-09-03 04:00:00+00:00,8.1500000000000004,8.2599999999999998,7.9100000000000001,8.2599999999999998,201248,1122,8.0698150000000002
2020-09-04 04:00:00+00:00,8.2200000000000006,8.2699999999999996,7.9000000000000004,8.0999999999999996,164421,793,8.0347399999999993
2020-09-08 04:00:00+00:00,7.96,8.2899999999999991,7.8499999999999996,8.2200000000000006,305758,991,8.1564870000000003
2020-09-09 04:00:00+00:00,8.2899999999999991,8.4499999999999993,8.1899999999999995,8.3499999999999996,214040,810,8.3262660000000004
2020-09-10 04:00:00+00:00,8.2300000000000004,8.4100000000000001,8.1400000000000006,8.3699999999999992,135065,531,8.2856919999999992
2020-09-11 04:00:00+00:00,8.3000000000000007,8.3800000000000008,8.1799999999999997,8.3800000000000008,116881,617,8.2521159999999991
2020-09-14 04:00:00+00:00,8.3200000000000003,8.4499999999999993,8.2599999999999998,8.3300000000000001,110661,486,8.3642470000000007
2020-09-15 04:00:00+00:00,8.3000000000000007,8.5999999999999996,8.3000000000000007,8.5800000000000001,111458,567,8.4431170000000009
2020-09-16 04:00:00+00:00,8.5800000000000001,8.6899999999999995,8.5600000000000005,8.5999999999999996,85821,449,8.6209790000000002
2020-09-17 04:00:00+00:00,8.5600000000000005,8.5792000000000002,8.4100000000000001,8.4399999999999995,62258,421,8.4746100000000002
2020-09-18 04:00:00+00:00,8.4199999999999999,8.4900000000000002,8.4000000000000004,8.4100000000000001,123116,590,8.4225410000000007
2020-09-21 04:00:00+00:00,8.3100000000000005,8.4093,8.1799999999999997,8.3699999999999992,87307,476,8.2480019999999996
2020-09-22 04:00:00+00:00,8.3900000000000006,8.4199999999999999,8.2699999999999996,8.3000000000000007,59215,373,8.3501729999999998
2020-09-23 04:00:00+00:00,8.3000000000000007,8.5800000000000001,8.1699999999999999,8.2200000000000006,122812,585,8.3569080000000007
2020-09-24 04:00:00+00:00,8.0500000000000007,8.1899999999999995,7.9800000000000004,8,132353,648,8.0810080000000006
2020-09-25 04:00:00+00:00,8,8.1600000000000001,8,8.0700000000000003,54109,366,8.1008320000000005
2020-09-28 04:00:00+00:00,8.1699999999999999,8.4900000000000002,8.0999999999999996,8.4000000000000004,77659,435,8.3084860000000003
2020-09-29 04:00:00+00:00,8.3200000000000003,8.4800000000000004,8.3200000000000003,8.4149999999999991,41191,296,8.4122970000000006
2020-09-30 04:00:00+00:00,8.4499999999999993,8.6300000000000008,8.4299999999999997,8.6199999999999992,99295,505,8.5708559999999991
2020-10-01 04:00:00+00:00,8.5999999999999996,8.8000000000000007,8.5797000000000008,8.7100000000000009,155405,1084,8.6559659999999994
2020-10-02 04:00:00+00:00,8.5600000000000005,8.6426999999999996,8.4000000000000004,8.5800000000000001,84704,648,8.5798539999999992
2020-10-05 04:00:00+00:00,8.5500000000000007,8.9399999999999995,8.5500000000000007,8.8599999999999994,173322,1065,8.8004929999999995
2020-10-06 04:00:00+00:00,8.9600000000000009,9.0899999999999999,8.8699999999999992,8.9600000000000009,117634,677,8.9875059999999998
2020-10-07 04:00:00+00:00,9.0899999999999999,9.1199999999999992,8.9399999999999995,9.0199999999999996,72676,463,9.0456760000000003
2020-10-08 04:00:00+00:00,9,9.1999999999999993,9,9.1899999999999995,136930,700,9.1462909999999997
2020-10-09 04:00:00+00:00,9.1999999999999993,9.5350000000000001,9.1199999999999992,9.4900000000000002,199503,896,9.3412790000000001
2020-10-12 04:00:00+00:00,9.4299999999999997,9.4600000000000009,9.0299999999999994,9.1400000000000006,214535,1048,9.1811159999999994
2020-10-13 04:00:00+00:00,9.1999999999999993,9.2200000000000006,8.9499999999999993,9.0999999999999996,47210,350,9.1089389999999995
2020-10-14 04:00:00+00:00,9.0500000000000007,9.1500000000000004,8.5299999999999994,8.6500000000000004,167084,1148,8.7474290000000003
2020-10-15 04:00:00+00:00,8.5999999999999996,8.8299000000000003,8.5999999999999996,8.8200000000000003,101185,471,8.7300769999999996
2020-10-16 04:00:00+00:00,8.8000000000000007,8.8000000000000007,8.6501000000000001,8.6600000000000001,74806,506,8.7225339999999996
2020-10-19 04:00:00+00:00,8.6300000000000008,8.6600000000000001,8.5199999999999996,8.5199999999999996,69206,461,8.565258
2020-10-20 04:00:00+00:00,8.4299999999999997,8.5,7.9699999999999998,8.1199999999999992,278934,1576,8.1851330000000004
2020-10-21 04:00:00+00:00,8.0600000000000005,8.4199999999999999,8.0600000000000005,8.2799999999999994,109233,498,8.2882650000000009
2020-10-22 04:00:00+00:00,8.2200000000000006,8.3499999999999996,8.2070000000000007,8.2599999999999998,39200,317,8.2762770000000003
2020-10-23 04:00:00+00:00,8.2599999999999998,8.4597999999999995,8.2599999999999998,8.4000000000000004,41882,394,8.4058910000000004
2020-10-26 04:00:00+00:00,8.3499999999999996,8.4199999999999999,8.1199999999999992,8.1199999999999992,58238,530,8.2601449999999996
2020-10-27 04:00:00+00:00,8.1199999999999992,8.1989999999999998,8.0000999999999998,8.0399999999999991,51161,371,8.0599439999999998
2020-10-28 04:00:00+00:00,7.9699999999999998,7.9900000000000002,7.4400000000000004,7.4800000000000004,300982,1646,7.636253
2020-10-29 04:00:00+00:00,7.5999999999999996,7.8200000000000003,7.5300000000000002,7.79,62880,464,7.7181119999999996
2020-10-30 04:00:00+00:00,7.8200000000000003,8.0050000000000008,7.8037000000000001,8,84122,483,7.8663959999999999
2020-11-02 05:00:00+00:00,8.0999999999999996,8.4399999999999995,8.0999999999999996,8.3699999999999992,138374,744,8.306991
2020-11-03 05:00:00+00:00,8.5,8.6998999999999995,8.3300000000000001,8.3599999999999994,172840,759,8.5223960000000005
2020-11-04 05:00:00+00:00,8.3699999999999992,8.5976999999999997,8.1501000000000001,8.3300000000000001,66342,434,8.3233789999999992
2020-11-05 05:00:00+00:00,8.5,8.6999999999999993,8.4299999999999997,8.6099999999999994,258445,602,8.5689150000000005
2020-11-06 05:00:00+00:00,8.6199999999999992,8.6799999999999997,8.5500000000000007,8.6400000000000006,105330,423,8.6300059999999998
2020-11-09 05:00:00+00:00,8.9499999999999993,9.1400000000000006,8.6999999999999993,8.7599999999999998,258469,1095,9.0357640000000004
2020-11-10 05:00:00+00:00,8.6400000000000006,8.7100000000000009,8.2899999999999991,8.6600000000000001,164120,734,8.5477070000000008
2020-11-11 05:00:00+00:00,8.7100000000000009,8.8000000000000007,8.6600000000000001,8.7100000000000009,101352,414,8.7098420000000001
2020-11-12 05:00:00+00:00,8.6600000000000001,8.9499999999999993,8.4800000000000004,8.5199999999999996,104799,433,8.7782250000000008
2020-11-13 05:00:00+00:00,8.5199999999999996,8.6882000000000001,8.2200000000000006,8.2799999999999994,210283,997,8.3820979999999992
2020-11-16 05:00:00+00:00,8.3499999999999996,8.6300000000000008,8.3499999999999996,8.4499999999999993,120353,775,8.4731039999999993
2020-11-17 05:00:00+00:00,8.4700000000000006,8.5137,8.3300000000000001,8.4299999999999997,107984,643,8.4035419999999998
2020-11-18 05:00:00+00:00,8.6199999999999992,8.6899999999999995,8.4700000000000006,8.5899999999999999,130402,571,8.6007920000000002
2020-11-19 05:00:00+00:00,8.6300000000000008,8.8798999999999992,8.6300000000000008,8.8300000000000001,80965,386,8.7788830000000004
2020-11-20 05:00:00+00:00,8.8900000000000006,8.9800000000000004,8.3300000000000001,8.8499999999999996,368059,1608,8.6963559999999998
2020-11-23 05:00:00+00:00,8.8499999999999996,8.9733999999999998,8.8330000000000002,8.9100000000000001,211461,881,8.9291909999999994
2020-11-24 05:00:00+00:00,8.9499999999999993,9.0099999999999998,8.9000000000000004,8.9800000000000004,315780,1063,8.9684930000000005
2020-11-25 05:00:00+00:00,8.9700000000000006,9,8.9499999999999993,8.9800000000000004,222359,881,8.9832009999999993
2020-11-27 05:00:00+00:00,8.9700000000000006,9.1500000000000004,8.9499999999999993,9.1500000000000004,76858,395,9.0515100000000004
2020-11-30 05:00:00+00:00,9.1999999999999993,9.2300000000000004,8.9700000000000006,9.0800000000000001,145147,806,9.1070860000000007
2020-12-01 05:00:00+00:00,9.0600000000000005,9.2599999999999998,8.9906000000000006,9.2300000000000004,159104,1029,9.2145609999999998
2020-12-02 05:00:00+00:00,9.1899999999999995,9.3900000000000006,9.1899999999999995,9.3499999999999996,224589,981,9.3425069999999995
2020-12-03 05:00:00+00:00,9.4000000000000004,9.5,9.3699999999999992,9.5,216814,976,9.4380360000000003
2020-12-04 05:00:00+00:00,9.5,9.6899999999999995,9.4006000000000007,9.6799999999999997,220686,971,9.55077
2020-12-07 05:00:00+00:00,9.6999999999999993,9.6999999999999993,9.4000000000000004,9.5800000000000001,114399,905,9.5493129999999997
2020-12-08 05:00:00+00:00,9.6400000000000006,9.9199999999999999,9.6084999999999994,9.8699999999999992,206426,950,9.7999530000000004
2020-12-09 05:00:00+00:00,10,10.06,9.7799999999999994,9.8699999999999992,152359,830,9.8935119999999994
2020-12-10 05:00:00+00:00,9.8499999999999996,10.48,9.8200000000000003,10.359999999999999,265971,1228,10.120837
2020-12-11 05:00:00+00:00,10.359999999999999,10.43,9.9600000000000009,10.43,206271,1050,10.164605999999999
2020-12-14 05:00:00+00:00,10.5,10.5535,10.0007,10.050000000000001,171891,898,10.217762
2020-12-15 05:00:00+00:00,10.16,10.1899,9.9600000000000009,10.1,132687,607,10.062167000000001
2020-12-16 05:00:00+00:00,10.16,10.289999999999999,10.050000000000001,10.279999999999999,75890,510,10.197604
2020-12-17 05:00:00+00:00,10.289999999999999,10.289999999999999,10.109999999999999,10.16,95754,611,10.170111
2020-12-18 05:00:00+00:00,10.220000000000001,10.220000000000001,9.9499999999999993,10.130000000000001,148045,753,10.058484
2020-12-21 05:00:00+00:00,9.9299999999999997,10.1,9.6500000000000004,10.1,257420,852,9.9167020000000008
2020-12-22 05:00:00+00:00,10.15,10.17,9.9700000000000006,10.17,100595,533,10.077583000000001
2020-12-23 05:00:00+00:00,10.16,10.27,10.029999999999999,10.26,103150,433,10.142469999999999
2020-12-24 05:00:00+00:00,10.199999999999999,10.199999999999999,10.1,10.18,45355,232,10.158113
2020-12-28 05:00:00+00:00,10.199999999999999,10.5,10.1485,10.449999999999999,109302,618,10.333494999999999
2020-12-29 05:00:00+00:00,10.5,10.5,10.119999999999999,10.18,191252,790,10.274906
2020-12-30 05:00:00+00:00,10.24,10.24,10,10.109999999999999,145166,725,10.125439999999999
2020-12-31 05:00:00+00:00,10.19,10.19,9.9499999999999993,10.09,138801,738,10.085827
2021-01-04 05:00:00+00:00,10.08,10.2499,10.065,10.15,101474,654,10.146115999999999
2021-01-05 05:00:00+00:00,10.08,10.34,10.08,10.119999999999999,188542,1255,10.217904000000001
2021-01-06 05:00:00+00:00,10.23,10.5,10.19,10.390000000000001,106520,656,10.355999000000001
2021-01-07 05:00:00+00:00,10.48,10.65,10.41,10.65,110705,615,10.537276
2021-01-08 05:00:00+00:00,10.57,10.8025,10.52,10.720000000000001,122843,739,10.674925
2021-01-11 05:00:00+00:00,10.6,10.69,10.529999999999999,10.609999999999999,114317,743,10.606534
2021-01-12 05:00:00+00:00,10.56,10.6,10.44,10.57,105205,692,10.537988
2021-01-13 05:00:00+00:00,10.48,10.69,10.4725,10.630000000000001,76641,600,10.566739999999999
2021-01-14 05:00:00+00:00,10.56,10.75,10.56,10.74,93573,474,10.650933999999999
2021-01-15 05:00:00+00:00,10.720000000000001,11.109999999999999,10.720000000000001,11.07,120301,660,10.881481000000001
2021-01-19 05:00:00+00:00,11.07,11.1,10.85,11.07,120733,610,11.026880999999999
2021-01-20 05:00:00+00:00,11.109999999999999,11.390000000000001,11.08,11.210000000000001,67235,399,11.222775
2021-01-21 05:00:00+00:00,11.16,11.390000000000001,11.01,11.1,102372,721,11.164156
2021-01-22 05:00:00+00:00,11.1,11.300000000000001,11,11.300000000000001,127630,610,11.136478
2021-01-25 05:00:00+00:00,11.1,11.279999999999999,10.970000000000001,11.25,191850,774,11.151754
2021-01-26 05:00:00+00:00,11.27,11.279999999999999,10.609999999999999,10.890000000000001,267120,1252,10.979137
2021-01-27 05:00:00+00:00,10.76,10.848599999999999,10.65,10.65,159011,994,10.740743
2021-01-28 05:00:00+00:00,10.65,10.880000000000001,10.65,10.83,94306,686,10.813578
2021-01-29 05:00:00+00:00,10.83,10.890000000000001,10.73,10.75,77076,621,10.809153
2021-02-01 05:00:00+00:00,10.69,11.17,10.68,11,225736,1344,10.988557999999999
2021-02-02 05:00:00+00:00,11.130000000000001,11.5,11.1,11.279999999999999,184975,666,11.311833
2021-02-03 05:00:00+00:00,11.35,11.613,11.33,11.380000000000001,101649,524,11.471679
2021-02-04 05:00:00+00:00,11.52,11.650700000000001,11.4,11.44,138981,642,11.545142
2021-02-05 05:00:00+00:00,11.44,11.44,11.25,11.390000000000001,89967,596,11.326508
2021-02-08 05:00:00+00:00,11.44,11.539999999999999,11.27,11.42,147872,785,11.383443
2021-02-09 05:00:00+00:00,11.42,11.470000000000001,11.34,11.470000000000001,64677,415,11.407140999999999
2021-02-10 05:00:00+00:00,11.5,11.58,11.369999999999999,11.539999999999999,150079,749,11.479689
2021-02-11 05:00:00+00:00,11.44,11.539999999999999,11.380000000000001,11.42,133256,712,11.456816999999999
2021-02-12 05:00:00+00:00,11.4,11.630000000000001,11.35,11.550000000000001,84344,607,11.540649999999999
2021-02-16 05:00:00+00:00,11.539999999999999,11.66,11.119999999999999,11.51,176558,960,11.457792
2021-02-17 05:00:00+00:00,11.5,11.640000000000001,11.41,11.6,56324,362,11.520165
2021-02-18 05:00:00+00:00,11.6,11.65,11.390000000000001,11.5,79216,421,11.482086000000001
2021-02-19 05:00:00+00:00,11.5,11.59,11.42,11.59,77922,465,11.482893000000001
2021-02-22 05:00:00+00:00,11.66,11.699999999999999,11.41,11.52,149715,855,11.583773000000001
2021-02-23 05:00:00+00:00,11.52,11.58,11.199999999999999,11.449999999999999,142420,833,11.428407999999999
2021-02-24 05:00:00+00:00,11.4,11.7293,11.4,11.66,99415,500,11.596627
2021-02-25 05:00:00+00:00,11.630000000000001,11.630000000000001,11.35,11.390000000000001,79319,489,11.464929
2021-02-26 05:00:00+00:00,11.5,11.535399999999999,10.57,11.09,449556,1702,11.033491
2021-03-01 05:00:00+00:00,11.195,11.539999999999999,11.1,11.359999999999999,149455,858,11.411408
2021-03-02 05:00:00+00:00,11.42,11.539999999999999,11.210699999999999,11.449999999999999,134392,561,11.356413
2021-03-03 05:00:00+00:00,11.42,11.630000000000001,11.4,11.4,84980,557,11.49506
2021-03-04 05:00:00+00:00,11.43,11.5999,11.300000000000001,11.48,137138,849,11.417528000000001
2021-03-05 05:00:00+00:00,11.58,11.58,11.199999999999999,11.390000000000001,134768,719,11.348599999999999
2021-03-08 05:00:00+00:00,11.5,11.640000000000001,11.26,11.300000000000001,206565,893,11.46856
2021-03-09 05:00:00+00:00,11.369999999999999,11.569900000000001,11.369999999999999,11.42,82863,453,11.490475999999999
2021-03-10 05:00:00+00:00,11.539999999999999,11.630000000000001,11.51,11.59,113736,646,11.579522000000001
2021-03-11 05:00:00+00:00,11.51,11.59,11.380000000000001,11.51,78923,558,11.4802
2021-03-12 05:00:00+00:00,11.539999999999999,11.605,11.42,11.48,76347,402,11.493430999999999
2021-03-15 04:00:00+00:00,11.449999999999999,11.539999999999999,11.359999999999999,11.44,93636,506,11.421530000000001
2021-03-16 04:00:00+00:00,11.390000000000001,11.488799999999999,11.380000000000001,11.449999999999999,47683,214,11.42577
2021-03-17 04:00:00+00:00,11.460000000000001,11.4999,11.35,11.48,102700,517,11.408628
2021-03-18 04:00:00+00:00,11.529999999999999,11.83,11.4801,11.59,229473,1050,11.684971000000001
2021-03-19 04:00:00+00:00,11.720000000000001,12,11.52,11.619999999999999,173487,1200,11.714471
2021-03-22 04:00:00+00:00,11.550000000000001,11.970000000000001,11.4,11.890000000000001,216577,965,11.750519000000001
2021-03-23 04:00:00+00:00,11.880000000000001,12,11.800000000000001,11.890000000000001,105965,545,11.894691999999999
2021-03-24 04:00:00+00:00,11.94,12.08,11.85,11.91,149610,836,11.962681999999999
2021-03-25 04:00:00+00:00,11.85,11.98,11.630000000000001,11.91,91714,427,11.794919
2021-03-26 04:00:00+00:00,12,12.02,11.8561,11.94,89108,429,11.923126
2021-03-29 04:00:00+00:00,11.93,11.99,11.85,11.91,170561,522,11.913556
2021-03-30 04:00:00+00:00,11.92,11.9201,11.81,11.880000000000001,56181,347,11.869823
2021-03-31 04:00:00+00:00,12.02,12.039999999999999,11.880000000000001,11.98,84080,482,11.954644999999999
2021-04-01 04:00:00+00:00,12.01,12.25,11.880000000000001,12.23,118073,682,12.064866
2021-04-05 04:00:00+00:00,12.25,12.27,12,12.18,132207,682,12.139331
2021-04-06 04:00:00+00:00,12.119999999999999,12.25,12.119999999999999,12.15,57646,370,12.158161
2021-04-07 04:00:00+00:00,12.199999999999999,12.32,12.1601,12.300000000000001,107919,461,12.264526
2021-04-08 04:00:00+00:00,12.300000000000001,12.359999999999999,12.25,12.300000000000001,83549,422,12.306069000000001
2021-04-09 04:00:00+00:00,12.18,12.23,12.09,12.15,87575,431,12.154539
2021-04-12 04:00:00+00:00,12.34,12.4,12.31,12.369999999999999,612082,2148,12.365867
2021-04-13 04:00:00+00:00,12.369999999999999,12.4,12.199999999999999,12.27,220037,812,12.317841
2021-04-14 04:00:00+00:00,12.279999999999999,12.34,12.279999999999999,12.300000000000001,103061,367,12.309448
2021-04-15 04:00:00+00:00,12.300000000000001,12.3299,12.25,12.300000000000001,128714,505,12.302355
2021-04-16 04:00:00+00:00,12.300000000000001,12.33,12.27,12.300000000000001,122846,475,12.302629
2021-04-19 04:00:00+00:00,12.300000000000001,12.300000000000001,12.300000000000001,12.300000000000001,15474,1,12.300000000000001
2021-04-20 04:00:00+00:00,12.279999999999999,12.35,12.130000000000001,12.24,232125,884,12.266203000000001
2021-04-21 04:00:00+00:00,12.289999999999999,12.33,12.16,12.25,171761,835,12.237482
2021-04-22 04:00:00+00:00,12.25,12.300000000000001,12.23,12.24,64389,441,12.2628
2021-04-23 04:00:00+00:00,12.300000000000001,12.31,12.24,12.279999999999999,147123,556,12.294229
2021-04-26 04:00:00+00:00,12.380000000000001,12.4,12.32,12.35,458491,1168,12.371266
2021-04-27 04:00:00+00:00,12.380000000000001,12.51,12.35,12.4,157626,715,12.440227999999999
2021-04-28 04:00:00+00:00,12.4,12.5,12.4,12.460000000000001,207726,506,12.48653
2021-04-29 04:00:00+00:00,12.5,12.51,12.449999999999999,12.494999999999999,117868,483,12.483965
2021-04-30 04:00:00+00:00,12.5,12.550000000000001,12.460000000000001,12.5,106518,528,12.498198
2021-05-03 04:00:00+00:00,12.5,12.994999999999999,12.5,12.83,185690,813,12.779837000000001
2021-05-04 04:00:00+00:00,12.83,13,12.6,12.84,143749,927,12.784185000000001
2021-05-05 04:00:00+00:00,12.85,13.0999,12.81,13.01,129491,797,12.979016
2021-05-06 04:00:00+00:00,12.949999999999999,13.15,12.859999999999999,13.06,121866,605,13.040685
2021-05-07 04:00:00+00:00,12.9,13.09,12.81,12.99,121961,613,12.963991999999999
2021-05-10 04:00:00+00:00,12.9,12.948700000000001,12.630000000000001,12.68,309189,1247,12.76078
2021-05-11 04:00:00+00:00,12.6,12.69,12.52,12.550000000000001,72297,426,12.596019999999999
2021-05-12 04:00:00+00:00,12.529999999999999,12.539999999999999,12.23,12.289999999999999,133702,670,12.431193
2021-05-13 04:00:00+00:00,12.26,12.75,12.26,12.699999999999999,90410,619,12.489927
2021-05-14 04:00:00+00:00,12.9,13.734999999999999,12.859999999999999,13.51,841846,3619,13.232265
2021-05-17 04:00:00+00:00,13.880000000000001,13.880000000000001,13.6,13.699999999999999,691765,3013,13.742328000000001
2021-05-18 04:00:00+00:00,13.98,14.09,13.66,13.74,794082,3068,13.849658
2021-05-19 04:00:00+00:00,13.74,13.76,13.17,13.49,613810,2428,13.569886
2021-05-20 04:00:00+00:00,13.5,13.59,13.470000000000001,13.5,355616,1201,13.545683
2021-05-21 04:00:00+00:00,13.529999999999999,13.59,13.470000000000001,13.5,237733,822,13.539453999999999
2021-05-24 04:00:00+00:00,13.52,13.59,13.48,13.52,381468,1147,13.546071
2021-05-25 04:00:00+00:00,13.529999999999999,13.6,13.48,13.49,137474,562,13.516591999999999
2021-05-26 04:00:00+00:00,13.49,13.4983,13.32,13.4,254185,1061,13.39906
2021-05-27 04:00:00+00:00,13.4,13.48,13.300000000000001,13.380000000000001,252370,652,13.371012
2021-05-28 04:00:00+00:00,13.4,13.5,13.279999999999999,13.279999999999999,226973,848,13.401997
2021-06-01 04:00:00+00:00,13.380000000000001,13.718999999999999,13.380000000000001,13.609999999999999,435063,1983,13.560212
2021-06-02 04:00:00+00:00,13.69,14.050000000000001,13.630000000000001,13.93,440309,1936,13.865155
2021-06-03 04:00:00+00:00,13.970000000000001,14.42,13.970000000000001,14.300000000000001,922129,3321,14.264412
2021-06-04 04:00:00+00:00,14.390000000000001,14.4,14.148999999999999,14.390000000000001,332933,1286,14.282603
2021-06-07 04:00:00+00:00,14.4,14.44,14.26,14.4,242630,769,14.352741999999999
2021-06-08 04:00:00+00:00,14.44,14.44,14.33,14.359999999999999,226910,914,14.370511
2021-06-09 04:00:00+00:00,14.199999999999999,14.289999999999999,14.199999999999999,14.25,291028,1034,14.248626
2021-06-10 04:00:00+00:00,14.199999999999999,14.25,13.57,13.949999999999999,592287,2702,13.911958
2021-06-11 04:00:00+00:00,13.960000000000001,14.029999999999999,13.77,13.779999999999999,275032,1050,13.903365000000001
2021-06-14 04:00:00+00:00,13.85,14,13.82,13.9,191745,896,13.925753
2021-06-15 04:00:00+00:00,13.9,13.9496,13.859999999999999,13.880000000000001,150200,453,13.909281
2021-06-16 04:00:00+00:00,13.890000000000001,13.9499,13.76,13.779999999999999,101614,502,13.877933000000001
2021-06-17 04:00:00+00:00,13.800000000000001,13.85,13.65,13.68,97872,460,13.740719
2021-06-18 04:00:00+00:00,13.68,13.710000000000001,13.57,13.6,165171,586,13.651643999999999
2021-06-21 04:00:00+00:00,13.619999999999999,13.65,13.609999999999999,13.619999999999999,143065,555,13.631895999999999
2021-06-22 04:00:00+00:00,13.6,13.6,13.525,13.529999999999999,143289,632,13.570879
2021-06-23 04:00:00+00:00,13.5,13.57,13.5,13.539999999999999,73905,305,13.538462000000001
2021-06-24 04:00:00+00:00,13.550000000000001,13.57,13.5,13.529999999999999,192237,757,13.55382
2021-06-25 04:00:00+00:00,13.550000000000001,13.5999,13.5,13.52,80388,503,13.560224
2021-06-28 04:00:00+00:00,13.58,13.6,13.529999999999999,13.550000000000001,132848,570,13.563447
2021-06-29 04:00:00+00:00,13.57,13.65,13.539999999999999,13.59,88126,429,13.590884000000001
2021-06-30 04:00:00+00:00,13.67,13.67,13.529999999999999,13.550000000000001,157584,750,13.585647
2021-07-01 04:00:00+00:00,13.56,13.629,13.5,13.539999999999999,151936,734,13.557147000000001
2021-07-02 04:00:00+00:00,13.6,13.6099,13.51,13.550000000000001,136699,482,13.571187999999999
2021-07-06 04:00:00+00:00,13.6,13.6,13.51,13.539999999999999,320160,761,13.549337
2021-07-07 04:00:00+00:00,13.57,13.6,13.27,13.41,240998,987,13.382483000000001
2021-07-08 04:00:00+00:00,13.25,13.289999999999999,13.02,13.25,245946,1379,13.188461
2021-07-09 04:00:00+00:00,13.25,13.328200000000001,13.02,13.111700000000001,186038,1078,13.128272000000001
2021-07-12 04:00:00+00:00,13.19,13.3872,13.1441,13.34,139724,731,13.299787999999999
2021-07-13 04:00:00+00:00,13.25,13.32,13.074999999999999,13.09,223067,990,13.200169000000001
2021-07-14 04:00:00+00:00,13.119999999999999,13.1699,13.050000000000001,13.08,66642,326,13.102906000000001
2021-07-15 04:00:00+00:00,13.1,13.130000000000001,13,13.050000000000001,112717,484,13.047037
2021-07-16 04:00:00+00:00,13.130000000000001,13.233700000000001,13.01,13.09,91184,625,13.138030000000001
2021-07-19 04:00:00+00:00,13,13.039999999999999,12.57,12.73,219391,980,12.780313
2021-07-20 04:00:00+00:00,12.77,12.9781,12.77,12.92,89352,462,12.909446000000001
2021-07-21 04:00:00+00:00,12.92,13.222300000000001,12.82,13.18,78774,404,13.061664
2021-07-22 04:00:00+00:00,13.279999999999999,13.3299,13.164999999999999,13.27,59199,239,13.267166
2021-07-23 04:00:00+00:00,13.279999999999999,13.319900000000001,13.15,13.199999999999999,90109,323,13.231494
2021-07-26 04:00:00+00:00,13.25,13.34,13.1701,13.23,77026,451,13.255656999999999
2021-07-27 04:00:00+00:00,13.24,13.25,12.99,13.029999999999999,94515,627,13.067402
2021-07-28 04:00:00+00:00,13.02,13.15,13,13.15,59852,334,13.091813
2021-07-29 04:00:00+00:00,13.140000000000001,13.3103,13.119999999999999,13.289999999999999,75709,358,13.241801000000001
2021-07-30 04:00:00+00:00,13.289999999999999,13.300000000000001,13.220000000000001,13.300000000000001,98230,451,13.258825
2021-08-02 04:00:00+00:00,13.279999999999999,13.51,13.17,13.17,277567,1168,13.3414
2021-08-03 04:00:00+00:00,13.24,13.52,13.210000000000001,13.5,228147,1013,13.459130999999999
2021-08-04 04:00:00+00:00,13.5,13.5,13.449999999999999,13.5,149750,472,13.494681999999999
2021-08-05 04:00:00+00:00,13.550000000000001,13.5951,13.35,13.529999999999999,145981,759,13.507994
2021-08-06 04:00:00+00:00,13.52,13.56,13.42,13.48,74175,401,13.504035
2021-08-09 04:00:00+00:00,13.5,13.6233,13.4848,13.52,178801,695,13.540835
2021-08-10 04:00:00+00:00,13.4,13.5396,13.4,13.51,90765,400,13.437227
2021-08-11 04:00:00+00:00,13.949999999999999,14.039999999999999,13.850099999999999,14,358963,1059,13.966378000000001
2021-08-12 04:00:00+00:00,14.1,14.4,14.08,14.4,299110,962,14.213449000000001
2021-08-13 04:00:00+00:00,14.43,14.43,14.17,14.289999999999999,280009,1003,14.286493
2021-08-16 04:00:00+00:00,14.33,14.3399,14,14.140000000000001,135212,745,14.145675000000001
2021-08-17 04:00:00+00:00,14.279999999999999,14.279999999999999,13.9,13.94,192937,852,14.072479
2021-08-18 04:00:00+00:00,13.99,14.1,13.91,13.94,87033,591,13.976977
2021-08-19 04:00:00+00:00,13.92,13.99,13.710000000000001,13.76,167817,1090,13.842788000000001
2021-08-20 04:00:00+00:00,13.83,14.25,13.73,13.92,155877,1029,13.849283
2021-08-23 04:00:00+00:00,13.960000000000001,14.039999999999999,13.640000000000001,13.66,206407,1380,13.865202
2021-08-24 04:00:00+00:00,13.67,13.74,13.4985,13.68,189638,1081,13.641408999999999
2021-08-25 04:00:00+00:00,13.75,13.93,13.6,13.869999999999999,125341,737,13.82019
2021-08-26 04:00:00+00:00,13.93,13.9499,13.720000000000001,13.81,108355,799,13.802098000000001
2021-08-27 04:00:00+00:00,13.93,13.93,13.73,13.880000000000001,107114,714,13.832382000000001
2021-08-30 04:00:00+00:00,13.98,14.01,13.82,13.84,124851,861,13.894412000000001
2021-08-31 04:00:00+00:00,13.9,13.9025,13.76,13.85,115448,733,13.845153
2021-09-01 04:00:00+00:00,13.859999999999999,13.9194,13.789999999999999,13.9,172798,1064,13.874280000000001
2021-09-02 04:00:00+00:00,13.91,13.949999999999999,13.800000000000001,13.9,108379,814,13.881088999999999
2021-09-03 04:00:00+00:00,13.859999999999999,13.93,13.85,13.890000000000001,126404,691,13.887306000000001
2021-09-07 04:00:00+00:00,13.9,14,13.9,13.99,254743,1148,13.961321999999999
2021-09-08 04:00:00+00:00,14.09,14.19,14.01,14.109999999999999,739061,2477,14.125275999999999
2021-09-09 04:00:00+00:00,14.15,14.18,14.01,14.16,339449,1415,14.114112
2021-09-10 04:00:00+00:00,14.1,14.1,13.94,14.029999999999999,188671,1088,14.024524
2021-09-13 04:00:00+00:00,13.98,13.993600000000001,13.76,13.880000000000001,296319,1487,13.871892000000001
2021-09-14 04:00:00+00:00,13.9,13.93,13.720000000000001,13.75,93718,669,13.786633
2021-09-15 04:00:00+00:00,13.73,13.776,13.6,13.76,136011,780,13.690936000000001
2021-09-16 04:00:00+00:00,13.76,13.783099999999999,13.550000000000001,13.630000000000001,105487,718,13.634266999999999
2021-09-17 04:00:00+00:00,13.69,13.74,13.52,13.73,78486,543,13.622324000000001
2021-09-20 04:00:00+00:00,13.58,13.58,13.300000000000001,13.52,235948,1341,13.439838999999999
2021-09-21 04:00:00+00:00,13.58,13.58,13.440099999999999,13.51,95009,608,13.512305
2021-09-22 04:00:00+00:00,13.529999999999999,13.77,13.529999999999999,13.69,120235,717,13.667368
2021-09-23 04:00:00+00:00,13.710000000000001,13.75,13.66,13.710000000000001,110702,863,13.716415
2021-09-24 04:00:00+00:00,13.710000000000001,13.74,13.65,13.710000000000001,98376,599,13.701758
2021-09-27 04:00:00+00:00,13.75,13.75,13.6,13.619999999999999,238581,1328,13.691322
2021-09-28 04:00:00+00:00,13.630000000000001,13.635,13.42,13.5,234328,1295,13.534375000000001
2021-09-29 04:00:00+00:00,13.6,13.68,13.48,13.59,106439,722,13.601789999999999
2021-09-30 04:00:00+00:00,13.699999999999999,13.7087,13.59,13.619999999999999,122762,686,13.653373999999999
2021-10-01 04:00:00+00:00,13.640000000000001,13.77,13.59,13.699999999999999,276506,1302,13.69045
2021-10-04 04:00:00+00:00,13.81,13.970000000000001,13.710000000000001,13.81,264707,1266,13.822915999999999
2021-10-05 04:00:00+00:00,13.880000000000001,14.08,13.82,14.02,140612,816,13.981915000000001
2021-10-06 04:00:00+00:00,13.99,14.029999999999999,13.92,13.99,172413,923,13.982205
2021-10-07 04:00:00+00:00,14,14.16,13.99,14.15,236143,981,14.090547000000001
2021-10-08 04:00:00+00:00,13.949999999999999,14.140000000000001,13.92,14.109999999999999,116273,523,14.026516000000001
2021-10-11 04:00:00+00:00,14.01,14.18,13.74,14.050000000000001,163166,633,14.052823999999999
2021-10-12 04:00:00+00:00,14.039999999999999,14.059900000000001,13.99,14.039999999999999,71201,370,14.035021
2021-10-13 04:00:00+00:00,14.039999999999999,14.039999999999999,13.98,14.02,64360,396,14.019503
2021-10-14 04:00:00+00:00,14.050000000000001,14.09,13.960000000000001,14,144381,680,14.043305
2021-10-15 04:00:00+00:00,14.050000000000001,14.07,14.004799999999999,14.06,92670,452,14.047746
2021-10-18 04:00:00+00:00,14.08,14.15,13.970000000000001,14.039999999999999,132152,698,14.044301000000001
2021-10-19 04:00:00+00:00,14.06,14.06,14.01,14.050000000000001,151361,528,14.054592
2021-10-20 04:00:00+00:00,14,14.050000000000001,13.92,14.029999999999999,178652,678,14.017384
2021-10-21 04:00:00+00:00,13.970000000000001,14.07,13.970000000000001,14.050000000000001,329774,1237,14.047972
2021-10-22 04:00:00+00:00,14.050000000000001,14.089499999999999,14.01,14.050000000000001,175373,535,14.065557999999999
2021-10-25 04:00:00+00:00,14.07,14.095800000000001,14.02,14.039999999999999,115040,526,14.055764999999999
2021-10-26 04:00:00+00:00,14.050000000000001,14.08,14,14.0176,228764,962,14.045450000000001
2021-10-27 04:00:00+00:00,14.050000000000001,14.0991,14.029999999999999,14.039999999999999,118217,405,14.066625
2021-10-28 04:00:00+00:00,14.050000000000001,14.06,14.029999999999999,14.050000000000001,281697,820,14.053107000000001
2021-10-29 04:00:00+00:00,14.050000000000001,14.099500000000001,14.050000000000001,14.06,141956,585,14.067225000000001
2021-11-01 04:00:00+00:00,14.08,14.15,14.050000000000001,14.06,288582,1105,14.086833
2021-11-02 04:00:00+00:00,14.130000000000001,14.4399,14.130000000000001,14.41,337563,1160,14.355544999999999
2021-11-03 04:00:00+00:00,14.42,14.6,14.380000000000001,14.59,197502,833,14.489421
2021-11-04 04:00:00+00:00,14.550000000000001,14.65,14.449999999999999,14.6,184831,800,14.579814000000001
2021-11-05 04:00:00+00:00,14.67,14.83,14.609999999999999,14.81,135308,664,14.71599
2021-11-08 05:00:00+00:00,14.81,14.975,14.74,14.869999999999999,303935,1435,14.863299
2021-11-09 05:00:00+00:00,14.42,14.699999999999999,14.404999999999999,14.57,264406,998,14.533538999999999
2021-11-10 05:00:00+00:00,14.630000000000001,14.69,14.550000000000001,14.6,76371,455,14.634468999999999
2021-11-11 05:00:00+00:00,14.66,14.68,14.23,14.369999999999999,213630,900,14.445518
2021-11-12 05:00:00+00:00,14.390000000000001,14.539999999999999,14.1906,14.35,88526,531,14.355299
2021-11-15 05:00:00+00:00,14.41,14.58,14.3583,14.58,86772,533,14.491913
2021-11-16 05:00:00+00:00,14.800000000000001,15,14.75,14.960000000000001,533990,2336,14.903608
2021-11-17 05:00:00+00:00,15,15.23,15,15.210000000000001,264784,1262,15.136779000000001
2021-11-18 05:00:00+00:00,15.199999999999999,15.305,14.865,15.02,261913,1138,15.161265999999999
2021-11-19 05:00:00+00:00,15.050000000000001,15.140000000000001,14.85,15.119999999999999,296580,1112,15.004486
2021-11-22 05:00:00+00:00,15.26,15.49,15.0702,15.220000000000001,409502,1726,15.260445000000001
2021-11-23 05:00:00+00:00,15.289999999999999,15.299899999999999,15.029999999999999,15.25,213862,1067,15.195677999999999
2021-11-24 05:00:00+00:00,15.279999999999999,15.279999999999999,15.199999999999999,15.25,152739,806,15.258716
2021-11-26 05:00:00+00:00,15,15.2349,14.800000000000001,15.1,301418,1158,14.96255
2021-11-29 05:00:00+00:00,15.25,15.279999999999999,15.135,15.15,209234,1105,15.206923
2021-11-30 05:00:00+00:00,15.16,15.189,14.91,15,328160,1459,15.074750999999999
2021-12-01 05:00:00+00:00,15.130000000000001,15.16,14.949999999999999,14.949999999999999,257176,1400,15.096982000000001
2021-12-02 05:00:00+00:00,15,15.207800000000001,14.99,15.15,203308,990,15.083093999999999
2021-12-03 05:00:00+00:00,15.15,15.199999999999999,14.98,15.059900000000001,275433,1351,15.054694
2021-12-06 05:00:00+00:00,15.119999999999999,15.19,15.02,15.130000000000001,230802,1141,15.078893000000001
2021-12-07 05:00:00+00:00,15.17,15.399900000000001,15.16,15.33,193281,676,15.301205
2021-12-08 05:00:00+00:00,15.33,15.5,15.33,15.48,167576,748,15.459434999999999
2021-12-09 05:00:00+00:00,15.5,15.539999999999999,15.440099999999999,15.49,227577,1033,15.489934999999999
2021-12-10 05:00:00+00:00,15.15,15.4,15.130000000000001,15.359999999999999,229426,720,15.256050999999999
2021-12-13 05:00:00+00:00,15.41,15.4331,15.0601,15.09,193756,950,15.175615000000001
2021-12-14 05:00:00+00:00,15.01,15.01,14.68,14.73,251400,1281,14.81967
2021-12-15 05:00:00+00:00,14.75,14.853300000000001,14.06,14.279999999999999,506555,2542,14.444649999999999
2021-12-16 05:00:00+00:00,14.369999999999999,14.5351,14.08,14.15,247217,1209,14.293691000000001
2021-12-17 05:00:00+00:00,14.19,14.26,14.029999999999999,14.18,299353,1712,14.197065
2021-12-20 05:00:00+00:00,14.199999999999999,14.49,14.199999999999999,14.44,473079,2290,14.403527
2021-12-21 05:00:00+00:00,14.65,14.715,14.140000000000001,14.140000000000001,644190,2820,14.443659
2021-12-22 05:00:00+00:00,13.800000000000001,13.9999,13.640000000000001,13.93,305457,1263,13.880944
2021-12-23 05:00:00+00:00,13.93,14.050000000000001,13.93,14.01,386082,1171,14.008989
2021-12-27 05:00:00+00:00,14.025,14.09,13.949999999999999,14.01,546035,2044,14.005179999999999
2021-12-28 05:00:00+00:00,14.02,14.07,13.960000000000001,14.005000000000001,278500,1150,14.010493
2021-12-29 05:00:00+00:00,14.050000000000001,14.050000000000001,13.98,14.02,298021,904,14.017142
2021-12-30 05:00:00+00:00,14.07,14.07,13.970000000000001,14,202097,959,14.007847999999999
2021-12-31 05:00:00+00:00,14.029999999999999,14.029999999999999,13.970000000000001,14,223549,1042,13.998467
2022-01-03 05:00:00+00:00,14.02,14.050000000000001,13.9101,13.960000000000001,802791,2578,13.970316
2022-01-04 05:00:00+00:00,13.99,14.0367,13.9499,13.970000000000001,329392,1236,13.986257
2022-01-05 05:00:00+00:00,13.949999999999999,14,13.83,13.859999999999999,327957,1266,13.933751000000001
2022-01-06 05:00:00+00:00,13.92,13.949999999999999,13.869999999999999,13.93,156637,1064,13.916338
2022-01-07 05:00:00+00:00,13.99,14.279999999999999,13.970000000000001,14.130000000000001,295238,1644,14.091421
2022-01-10 05:00:00+00:00,14.1,14.31,14.07,14.19,564429,1761,14.220328
2022-01-11 05:00:00+00:00,14.27,14.48,14.210000000000001,14.27,498584,1408,14.347388
2022-01-12 05:00:00+00:00,14.300000000000001,14.359999999999999,14.06,14.09,475874,2318,14.162356000000001
2022-01-13 05:00:00+00:00,14.16,14.16,13.960000000000001,13.99,288551,1601,14.019634
2022-01-14 05:00:00+00:00,14,14.0579,13.9,14.01,176426,958,13.972035
2022-01-18 05:00:00+00:00,14.1,14.16,14.050000000000001,14.130000000000001,501025,1876,14.105593000000001
2022-01-19 05:00:00+00:00,14.16,14.199999999999999,14.1,14.109999999999999,198642,1031,14.143777999999999
2022-01-20 05:00:00+00:00,14.130000000000001,14.140000000000001,14.02,14.050000000000001,274929,1020,14.113471000000001
2022-01-21 05:00:00+00:00,14.029999999999999,14.039999999999999,13.800000000000001,13.85,513540,2258,13.924239
2022-01-24 05:00:00+00:00,13.789999999999999,13.789999999999999,12.824999999999999,13.65,1090132,4623,13.291126
2022-01-25 05:00:00+00:00,13.56,13.879899999999999,13.470000000000001,13.710000000000001,512644,2391,13.703484
2022-01-26 05:00:00+00:00,13.800000000000001,13.8491,13.59,13.699999999999999,296469,1528,13.733269
2022-01-27 05:00:00+00:00,13.795,13.83,13.630000000000001,13.68,301950,1469,13.713653000000001
2022-01-28 05:00:00+00:00,13.699999999999999,13.75,13.610099999999999,13.710000000000001,338433,1630,13.701784
2022-01-31 05:00:00+00:00,13.720000000000001,13.84,13.720000000000001,13.77,333737,1164,13.786454000000001
2022-02-01 05:00:00+00:00,13.815,13.960000000000001,13.74,13.960000000000001,315786,1515,13.842233999999999
2022-02-02 05:00:00+00:00,14.06,14.1,13.970000000000001,14.07,562418,1740,14.017122000000001
2022-02-03 05:00:00+00:00,13.99,14.1,13.91,14.01,311572,1452,14.049011
2022-02-04 05:00:00+00:00,13.960000000000001,14.06,13.949999999999999,13.970000000000001,292244,1304,13.999496000000001
2022-02-07 05:00:00+00:00,13.92,14.029999999999999,13.869999999999999,13.99,248855,1256,13.970317
2022-02-08 05:00:00+00:00,13.92,14.02,13.92,14,184036,769,13.991739000000001
2022-02-09 05:00:00+00:00,14,14.029999999999999,13.869999999999999,13.890000000000001,463072,1868,13.962210000000001
2022-02-10 05:00:00+00:00,13.869999999999999,14,13.800000000000001,13.84,161784,861,13.900816000000001
2022-02-11 05:00:00+00:00,13.859999999999999,13.8925,13.58,13.710000000000001,284506,1391,13.736480999999999
2022-02-14 05:00:00+00:00,14.029999999999999,14.08,13.83,13.859999999999999,746710,3446,13.994873999999999
2022-02-15 05:00:00+00:00,14.06,14.08,13.85,13.91,359662,1968,13.976628
2022-02-16 05:00:00+00:00,13.93,14,13.720000000000001,13.98,222802,1254,13.879981000000001
2022-02-17 05:00:00+00:00,14.02,14.279999999999999,13.890000000000001,13.960000000000001,391018,1950,13.979549
2022-02-18 05:00:00+00:00,14.109999999999999,14.175000000000001,14.01,14.140000000000001,479793,2095,14.118054000000001
2022-02-22 05:00:00+00:00,14.15,14.18,13.81,13.94,661668,2621,14.010070000000001
2022-02-23 05:00:00+00:00,14,14.06,13.7399,13.74,613663,2079,13.92802
2022-02-24 05:00:00+00:00,13.56,13.92,13.4512,13.880000000000001,540016,2406,13.713823
2022-02-25 05:00:00+00:00,14.07,14.09,13.949999999999999,14.06,652510,2397,14.045159
2022-02-28 05:00:00+00:00,14.09,14.1,13.93,14,296638,1726,14.027283000000001
2022-03-01 05:00:00+00:00,14,14.09,13.865,13.92,218478,1529,13.968173
2022-03-02 05:00:00+00:00,14.039999999999999,14.068099999999999,13.94,14.029999999999999,268124,1455,14.001536
2022-03-03 05:00:00+00:00,14.06,14.08,13.960000000000001,14.029999999999999,240452,1112,14.020142999999999
2022-03-04 05:00:00+00:00,13.98,14.029999999999999,13.940200000000001,14.02,142223,924,13.991438
2022-03-07 05:00:00+00:00,14.02,14.02,13.59,13.6,461914,2287,13.760612
2022-03-08 05:00:00+00:00,13.66,13.66,13.66,13.66,6079,11,13.66
2022-03-09 05:00:00+00:00,13.890000000000001,13.98,13.8005,13.98,312146,1752,13.906957999999999
2022-03-10 05:00:00+00:00,13.789999999999999,13.949999999999999,13.75,13.85,197091,772,13.825153
2022-03-11 05:00:00+00:00,13.85,13.880000000000001,13.75,13.76,201591,955,13.785830000000001
2022-03-14 04:00:00+00:00,13.800000000000001,13.800000000000001,13.09,13.17,621455,3016,13.427379999999999
2022-03-15 04:00:00+00:00,13.24,13.619999999999999,13.19,13.390000000000001,246084,1225,13.415452999999999
2022-03-16 04:00:00+00:00,13.449999999999999,13.5,13.27,13.460000000000001,401466,1848,13.441050000000001
2022-03-17 04:00:00+00:00,13.460000000000001,13.494999999999999,13.4,13.44,195467,1305,13.444998999999999
2022-03-18 04:00:00+00:00,13.44,13.44,13.350099999999999,13.390000000000001,209507,1077,13.390650000000001
2022-03-21 04:00:00+00:00,13.43,13.470000000000001,13.289999999999999,13.31,294949,1567,13.355582
2022-03-22 04:00:00+00:00,13.31,13.35,13.25,13.27,263759,1180,13.296963999999999
2022-03-23 04:00:00+00:00,13.26,13.27,13.199999999999999,13.27,211385,1014,13.261208
2022-03-24 04:00:00+00:00,13.27,13.275,13.210000000000001,13.23,179202,983,13.245777
2022-03-25 04:00:00+00:00,13.210000000000001,13.2202,12.9,13.1,621260,2962,13.049047
2022-03-28 04:00:00+00:00,13.140000000000001,13.161,12.67,12.98,1182921,4394,12.875961
2022-03-29 04:00:00+00:00,13.06,13.18,13.01,13.119999999999999,469560,1657,13.116547000000001
2022-03-30 04:00:00+00:00,13.119999999999999,13.220000000000001,13.09,13.19,310970,1387,13.160564000000001
2022-03-31 04:00:00+00:00,13.18,13.199999999999999,13.119999999999999,13.15,348803,1610,13.168115
2022-04-01 04:00:00+00:00,13.140000000000001,13.210000000000001,13.130000000000001,13.19,278004,1404,13.165467
2022-04-04 04:00:00+00:00,13.199999999999999,13.35,13.199999999999999,13.300000000000001,524648,1902,13.279913000000001
2022-04-05 04:00:00+00:00,13.33,13.35,13.25,13.26,617163,1870,13.30674
2022-04-06 04:00:00+00:00,13.26,13.279999999999999,12.83,13.16,864369,3984,13.042363999999999
2022-04-07 04:00:00+00:00,13.16,13.2499,12.960800000000001,13.130000000000001,341139,1686,13.112335
2022-04-08 04:00:00+00:00,12.99,13.07,12.93,13.02,270156,1224,13.006982000000001
2022-04-11 04:00:00+00:00,13.039999999999999,13.047499999999999,12.6,12.67,438813,2492,12.800418000000001
2022-04-12 04:00:00+00:00,12.84,13,12.800000000000001,12.93,304274,1408,12.905176000000001
2022-04-13 04:00:00+00:00,12.93,12.99,12.789999999999999,12.85,401685,1430,12.883801
2022-04-14 04:00:00+00:00,12.85,12.99,12.84,12.98,284989,1200,12.919964
2022-04-18 04:00:00+00:00,13,13.119999999999999,12.989599999999999,13.1,315844,960,13.078559
2022-04-19 04:00:00+00:00,13.09,13.199999999999999,13.06,13.09,337481,1373,13.125674
2022-04-20 04:00:00+00:00,13.07,13.16,13.07,13.119999999999999,211177,744,13.126101999999999
2022-04-21 04:00:00+00:00,13.15,13.15,12.98,12.99,145284,837,13.101668
2022-04-22 04:00:00+00:00,13,13.07,12.960000000000001,13.029999999999999,214975,799,13.010512
2022-04-25 04:00:00+00:00,13.029999999999999,13.039999999999999,12.81,12.949999999999999,217453,1205,12.908642
2022-04-26 04:00:00+00:00,12.949999999999999,13.050000000000001,12.869999999999999,12.94,189661,674,12.975320999999999
2022-04-27 04:00:00+00:00,12.93,13.119999999999999,12.9,13.09,176765,860,13.008827
2022-04-28 04:00:00+00:00,13.1,13.1128,12.81,12.91,326443,1596,12.914977
2022-04-29 04:00:00+00:00,12.93,13.1,12.91,13.07,170272,761,13.005868
2022-05-02 04:00:00+00:00,13.08,13.1394,13.01,13.109999999999999,492717,1928,13.095392
2022-05-03 04:00:00+00:00,13.15,13.17,13.1,13.109999999999999,277841,1155,13.122044000000001
2022-05-04 04:00:00+00:00,13.109999999999999,13.139200000000001,13.07,13.1,425060,1123,13.10891
2022-05-05 04:00:00+00:00,13.07,13.08,12.975,13,241374,915,13.028259
2022-05-06 04:00:00+00:00,13.02,13.19,12.949999999999999,13.050000000000001,272862,1110,13.063333
2022-05-09 04:00:00+00:00,13.06,13.06,12.75,12.789999999999999,395113,1658,12.823194000000001
2022-05-10 04:00:00+00:00,12.77,12.789899999999999,12.199999999999999,12.31,517923,1793,12.457445999999999
2022-05-11 04:00:00+00:00,12.300000000000001,12.5,12.15,12.16,277043,2054,12.321431
2022-05-12 04:00:00+00:00,12.09,12.1,11,11.41,1354672,6339,11.346332
2022-05-13 04:00:00+00:00,11.48,11.880000000000001,11.48,11.73,338430,1304,11.686645
2022-05-16 04:00:00+00:00,11.83,12.460000000000001,11.83,12.16,392007,1940,12.201876
2022-05-17 04:00:00+00:00,12.44,12.640000000000001,12.289999999999999,12.460000000000001,283992,1397,12.433764
2022-05-18 04:00:00+00:00,12.4,12.479100000000001,12.050000000000001,12.09,253886,1393,12.184018999999999
2022-05-19 04:00:00+00:00,12.029999999999999,12.369999999999999,12.029999999999999,12.31,193171,830,12.249364
2022-05-20 04:00:00+00:00,12.4,12.44,12.119999999999999,12.210000000000001,157836,943,12.252229
2022-05-23 04:00:00+00:00,12.449999999999999,12.460000000000001,12.199999999999999,12.380000000000001,175267,750,12.351796
2022-05-24 04:00:00+00:00,12.220000000000001,12.470000000000001,12.208399999999999,12.449999999999999,158187,710,12.357699
2022-05-25 04:00:00+00:00,12.49,12.699999999999999,12.449999999999999,12.699999999999999,147382,628,12.594605
2022-05-26 04:00:00+00:00,12.69,12.85,12.640000000000001,12.68,211450,987,12.726051
2022-05-27 04:00:00+00:00,12.69,12.720000000000001,12.550000000000001,12.65,228502,1513,12.665706
2022-05-31 04:00:00+00:00,12.76,12.82,12.68,12.69,278129,1606,12.727169999999999
2022-06-01 04:00:00+00:00,12.699999999999999,12.75,12.67,12.68,299035,1706,12.708667
2022-06-02 04:00:00+00:00,12.68,12.73,12.609999999999999,12.699999999999999,478232,1737,12.692156000000001
2022-06-03 04:00:00+00:00,12.65,12.720000000000001,12.65,12.69,246171,861,12.697843000000001
2022-06-06 04:00:00+00:00,12.85,12.975,12.710000000000001,12.970000000000001,396165,1902,12.815987
2022-06-07 04:00:00+00:00,12.94,13.17,12.779999999999999,13.09,319778,1195,12.997073
2022-06-08 04:00:00+00:00,13.109999999999999,13.109999999999999,12.91,12.949999999999999,193816,1413,13.003423
2022-06-09 04:00:00+00:00,12.81,12.81,12.300000000000001,12.31,322000,1564,12.545356
2022-06-10 04:00:00+00:00,12.300000000000001,12.379300000000001,12.039999999999999,12.289999999999999,223750,1016,12.234022
2022-06-13 04:00:00+00:00,12,12.09,11.57,11.65,560367,2076,11.830602000000001
2022-06-14 04:00:00+00:00,11.75,11.98,11.66,11.69,274790,1206,11.772608
2022-06-15 04:00:00+00:00,11.82,11.99,11.699999999999999,11.859999999999999,265040,1194,11.806654999999999
2022-06-16 04:00:00+00:00,11.65,11.65,11.380000000000001,11.41,455394,2187,11.451217
2022-06-17 04:00:00+00:00,11.390000000000001,11.68,11.380100000000001,11.539999999999999,175309,726,11.522838
2022-06-21 04:00:00+00:00,11.539999999999999,11.7499,11.380000000000001,11.44,464121,1684,11.540959000000001
2022-06-22 04:00:00+00:00,11.34,11.57,11.220000000000001,11.5,189741,1015,11.427598
2022-06-23 04:00:00+00:00,11.630000000000001,11.709899999999999,11.5,11.699999999999999,136172,615,11.60026
2022-06-24 04:00:00+00:00,11.73,11.94,11.725,11.82,212587,821,11.839699
2022-06-27 04:00:00+00:00,11.93,12.130000000000001,11.820499999999999,12,153564,905,11.998868999999999
2022-06-28 04:00:00+00:00,12,12.09,11.74,11.779999999999999,248532,1180,11.900358000000001
2022-06-29 04:00:00+00:00,11.779999999999999,11.789999999999999,11.619999999999999,11.640000000000001,119907,559,11.695292999999999
2022-06-30 04:00:00+00:00,11.6,11.890000000000001,11.51,11.779999999999999,210905,901,11.697558000000001
2022-07-01 04:00:00+00:00,11.890000000000001,11.960000000000001,11.789999999999999,11.859999999999999,215142,976,11.834941000000001
2022-07-05 04:00:00+00:00,11.9,11.92,11.76,11.83,199936,1558,11.817375
2022-07-06 04:00:00+00:00,11.890000000000001,12.15,11.83,12.1,308863,1342,12.003809
2022-07-07 04:00:00+00:00,12.1,12.469900000000001,12.1,12.220000000000001,532185,2412,12.317019999999999
2022-07-08 04:00:00+00:00,12.119999999999999,12.199999999999999,11.909800000000001,12.17,197803,851,12.075957000000001
2022-07-11 04:00:00+00:00,12.15,12.380000000000001,12.02,12.1,164022,1012,12.220151
2022-07-12 04:00:00+00:00,12.050000000000001,12.35,11.9,11.9,181034,973,12.162978000000001
2022-07-13 04:00:00+00:00,11.890000000000001,12.1,11.880000000000001,11.92,123073,617,11.975804
2022-07-14 04:00:00+00:00,11.880000000000001,11.970000000000001,11.74,11.91,76967,601,11.859750999999999
2022-07-15 04:00:00+00:00,12.029999999999999,12.069900000000001,11.9,11.949999999999999,161438,941,11.983413000000001
2022-07-18 04:00:00+00:00,11.970000000000001,12.049899999999999,11.710000000000001,11.75,571875,1065,11.81396
2022-07-19 04:00:00+00:00,11.75,11.81,11.609999999999999,11.699999999999999,488123,2889,11.681622000000001
2022-07-20 04:00:00+00:00,11.800000000000001,11.8279,11.699,11.720000000000001,356443,1498,11.725409000000001
2022-07-21 04:00:00+00:00,11.82,11.82,11.676,11.720000000000001,347753,1784,11.720452999999999
2022-07-22 04:00:00+00:00,11.69,11.7895,11.609999999999999,11.65,261033,1272,11.681862000000001
2022-07-25 04:00:00+00:00,11.6,11.630000000000001,11.5,11.6,349497,1512,11.580897
2022-07-26 04:00:00+00:00,11.6,11.6,11.460000000000001,11.52,376883,1379,11.531530999999999
2022-07-27 04:00:00+00:00,11.57,11.59,11.460000000000001,11.52,275255,1542,11.510896000000001
2022-07-28 04:00:00+00:00,11.52,11.68,11.449999999999999,11.619999999999999,356470,1500,11.57906
2022-07-29 04:00:00+00:00,11.65,11.7599,11.58,11.699999999999999,570657,1895,11.691777999999999
2022-08-01 04:00:00+00:00,11.73,11.73,11.620100000000001,11.66,571892,2385,11.676943
2022-08-02 04:00:00+00:00,11.57,11.59,11.32,11.51,489228,2382,11.501301
2022-08-03 04:00:00+00:00,11.539999999999999,11.58,11.49,11.539999999999999,727736,1401,11.526918
2022-08-04 04:00:00+00:00,11.6,11.6,11.390000000000001,11.51,332313,1350,11.499779999999999
2022-08-05 04:00:00+00:00,11.5,11.5,11.199999999999999,11.33,458939,2167,11.346259999999999
2022-08-08 04:00:00+00:00,11.44,11.449999999999999,11.27,11.289999999999999,329574,1648,11.356007999999999
2022-08-09 04:00:00+00:00,11.359999999999999,11.390000000000001,11.23,11.31,379037,1427,11.305911999999999
2022-08-10 04:00:00+00:00,11.25,11.279999999999999,11.07,11.19,423717,2063,11.172776000000001
2022-08-11 04:00:00+00:00,11.19,11.25,11.15,11.18,427948,1490,11.195698
2022-08-12 04:00:00+00:00,11.23,11.279999999999999,11.140000000000001,11.27,311172,1309,11.198835000000001
2022-08-15 04:00:00+00:00,11.32,11.619999999999999,11.27,11.619999999999999,395536,1310,11.477258000000001
2022-08-16 04:00:00+00:00,11.76,12.09,11.701000000000001,11.99,546828,2312,11.926149000000001
2022-08-17 04:00:00+00:00,11.949999999999999,11.98,11.83,11.859999999999999,251926,1100,11.898796000000001
2022-08-18 04:00:00+00:00,11.869999999999999,11.880000000000001,11.800000000000001,11.84,183205,867,11.841585
2022-08-19 04:00:00+00:00,11.77,11.784800000000001,11.6501,11.75,207244,870,11.720471999999999
2022-08-22 04:00:00+00:00,11.800000000000001,11.85,11.67,11.69,519029,1668,11.752756
2022-08-23 04:00:00+00:00,11.779999999999999,11.779999999999999,11.699999999999999,11.710000000000001,204355,772,11.733197000000001
2022-08-24 04:00:00+00:00,11.76,11.76,11.5,11.56,300072,1292,11.61129
2022-08-25 04:00:00+00:00,11.57,11.57,11.5,11.56,334243,1305,11.540622000000001
2022-08-26 04:00:00+00:00,11.640000000000001,11.65,11.353400000000001,11.52,339523,1469,11.489706
2022-08-29 04:00:00+00:00,11.5,11.539999999999999,11.4,11.5,270432,1022,11.491702999999999
2022-08-30 04:00:00+00:00,11.6,11.6099,11.449999999999999,11.52,212587,1091,11.528954000000001
2022-08-31 04:00:00+00:00,11.58,11.58,11.35,11.5,277396,1419,11.462225999999999
2022-09-01 04:00:00+00:00,11.4,11.44,11.210000000000001,11.359999999999999,308284,1447,11.312543
2022-09-02 04:00:00+00:00,11.4,11.456099999999999,11.199999999999999,11.199999999999999,500618,1694,11.250325999999999
2022-09-06 04:00:00+00:00,11.4,11.65,11.27,11.640000000000001,780430,2196,11.550739
2022-09-07 04:00:00+00:00,11.640000000000001,11.75,11.58,11.74,312815,1488,11.67362
2022-09-08 04:00:00+00:00,11.77,11.94,11.74,11.92,328918,1563,11.810384000000001
2022-09-09 04:00:00+00:00,11.76,11.81,11.609999999999999,11.789999999999999,310944,1242,11.72063
2022-09-12 04:00:00+00:00,11.74,11.84,11.65,11.720000000000001,208581,727,11.731835999999999
2022-09-13 04:00:00+00:00,11.609999999999999,11.67,11.470000000000001,11.48,265359,962,11.567745
2022-09-14 04:00:00+00:00,11.460000000000001,11.58,11.4,11.48,221125,796,11.481563
2022-09-15 04:00:00+00:00,11.460000000000001,11.5617,11.390000000000001,11.48,694428,1124,11.503342
2022-09-16 04:00:00+00:00,11.4,11.450100000000001,11.18,11.220000000000001,372609,1864,11.272000999999999
2022-09-19 04:00:00+00:00,11.25,11.43,11.211399999999999,11.35,259062,1057,11.31291
2022-09-20 04:00:00+00:00,11.279999999999999,11.449999999999999,11.210000000000001,11.380000000000001,191738,1145,11.349444999999999
2022-09-21 04:00:00+00:00,11.449999999999999,11.52,11.31,11.460000000000001,138658,624,11.437493
2022-09-22 04:00:00+00:00,11.460000000000001,11.51,11.08,11.17,557526,2161,11.265243
2022-09-23 04:00:00+00:00,11.029999999999999,11.130000000000001,10.699999999999999,10.9,962837,3535,10.980639999999999
2022-09-26 04:00:00+00:00,10.83,10.99,10.800000000000001,10.890000000000001,439623,1704,10.887390999999999
2022-09-27 04:00:00+00:00,10.98,11.279999999999999,10.9221,11.24,438225,2421,11.081291999999999
2022-09-28 04:00:00+00:00,11.25,11.5,11.17,11.44,316846,1483,11.307555000000001
2022-09-29 04:00:00+00:00,11.44,11.44,10.4,10.6,886052,4218,10.787908
2022-09-30 04:00:00+00:00,10.77,11.0722,10.630000000000001,11,502328,2271,10.893205
2022-10-03 04:00:00+00:00,11.31,11.51,11.1,11.43,480650,2460,11.384607000000001
2022-10-04 04:00:00+00:00,11.56,11.588900000000001,11.49,11.52,652790,2698,11.544945999999999
2022-10-05 04:00:00+00:00,11.5,11.52,11.15,11.48,904465,3045,11.385802999999999
2022-10-06 04:00:00+00:00,11.56,11.75,11.49,11.69,516108,1943,11.652224
2022-10-07 04:00:00+00:00,11.26,11.409700000000001,11.1,11.130000000000001,275886,1328,11.220615
2022-10-10 04:00:00+00:00,10.93,10.94,10.5601,10.69,410499,1827,10.708572999999999
2022-10-11 04:00:00+00:00,10.5,10.76,10.449999999999999,10.52,283764,1382,10.548123
2022-10-12 04:00:00+00:00,10.48,10.66,10.435,10.640000000000001,178187,859,10.561820000000001
2022-10-13 04:00:00+00:00,10.44,10.5299,10.32,10.449999999999999,356797,2140,10.457903
2022-10-14 04:00:00+00:00,10.449999999999999,10.484999999999999,10.359999999999999,10.42,138480,880,10.421196
2022-10-17 04:00:00+00:00,10.48,10.5,10.32,10.35,456214,1963,10.411436999999999
2022-10-18 04:00:00+00:00,10.35,10.4383,10.26,10.369999999999999,445616,1403,10.355657000000001
2022-10-19 04:00:00+00:00,10.35,10.449999999999999,10.210000000000001,10.33,387853,2345,10.360853000000001
2022-10-20 04:00:00+00:00,10.33,10.42,10.32,10.369999999999999,148547,923,10.378209
2022-10-21 04:00:00+00:00,10.32,10.369999999999999,10.16,10.24,301362,1517,10.250235
2022-10-24 04:00:00+00:00,10.199999999999999,10.379899999999999,10.199999999999999,10.35,237490,907,10.308764
2022-10-25 04:00:00+00:00,10.4,10.489000000000001,10.33,10.42,534627,1946,10.437599000000001
2022-10-26 04:00:00+00:00,10.49,10.65,10.465,10.609999999999999,316838,1482,10.591373000000001
2022-10-27 04:00:00+00:00,10.710000000000001,10.7799,10.68,10.75,225394,1446,10.724076
2022-10-28 04:00:00+00:00,10.85,10.872,10.710000000000001,10.779999999999999,341589,1502,10.780635
2022-10-31 04:00:00+00:00,10.859999999999999,10.890000000000001,10.75,10.880000000000001,305823,1425,10.830334000000001
2022-11-01 04:00:00+00:00,11,11.050000000000001,10.76,10.81,374507,2016,10.900124
2022-11-02 04:00:00+00:00,10.91,10.91,10.76,10.800000000000001,234437,1152,10.820668
2022-11-03 04:00:00+00:00,10.800000000000001,10.81,10.56,10.65,570370,1493,10.67103
2022-11-04 04:00:00+00:00,10.82,10.82,10.619999999999999,10.630000000000001,219367,1160,10.669891
2022-11-07 05:00:00+00:00,10.710000000000001,10.85,10.67,10.85,446906,1802,10.727345
2022-11-08 05:00:00+00:00,10.93,11.199999999999999,10.84,11.16,571430,2439,11.011872
2022-11-09 05:00:00+00:00,10.699999999999999,10.859999999999999,10.450100000000001,10.470000000000001,462406,2258,10.634812999999999
2022-11-10 05:00:00+00:00,10.789999999999999,10.94,10.69,10.92,258587,1024,10.820285
2022-11-11 05:00:00+00:00,10.949999999999999,10.9999,10.699999999999999,10.949999999999999,326501,1898,10.823769
2022-11-14 05:00:00+00:00,11.08,11.65,11.08,11.49,643457,2618,11.469203
2022-11-15 05:00:00+00:00,11.75,11.77,11.42,11.539999999999999,443074,2602,11.625183
2022-11-16 05:00:00+00:00,11.619999999999999,11.619999999999999,11.26,11.300000000000001,379168,2067,11.368197
2022-11-17 05:00:00+00:00,11.279999999999999,11.279999999999999,11.050000000000001,11.06,354050,1842,11.133708
2022-11-18 05:00:00+00:00,11.130000000000001,11.207800000000001,11.07,11.09,181363,911,11.107006999999999
2022-11-21 05:00:00+00:00,11.18,11.19,11.050000000000001,11.16,482857,2009,11.098601
2022-11-22 05:00:00+00:00,11.199999999999999,11.23,11.07,11.08,415913,2019,11.103498999999999
2022-11-23 05:00:00+00:00,11.1,11.16,11.06,11.07,250597,1048,11.092846
2022-11-25 05:00:00+00:00,11.09,11.1,11.06,11.08,143881,747,11.080168
2022-11-28 05:00:00+00:00,11.1,11.1,11.06,11.08,323846,1019,11.078626999999999
2022-11-29 05:00:00+00:00,11.09,11.109999999999999,11.050000000000001,11.09,517652,1030,11.088717000000001
2022-11-30 05:00:00+00:00,11.109999999999999,11.119999999999999,10.960000000000001,10.970000000000001,847755,3622,11.049562999999999
2022-12-01 05:00:00+00:00,11.08,11.08,11.02,11.08,422983,1885,11.062124000000001
2022-12-02 05:00:00+00:00,11.050000000000001,11.09,10.98,11.029999999999999,607496,2585,11.034958
2022-12-05 05:00:00+00:00,11.08,11.08,10.74,10.779999999999999,1050685,3010,10.944829
2022-12-06 05:00:00+00:00,10.890000000000001,10.94,10.800000000000001,10.85,645975,2325,10.895417999999999
2022-12-07 05:00:00+00:00,10.85,11.19,10.81,11.18,424482,1867,10.969953
2022-12-08 05:00:00+00:00,11.300000000000001,11.5199,11.140000000000001,11.31,550756,2181,11.354545999999999
2022-12-09 05:00:00+00:00,11.18,11.319599999999999,11.039999999999999,11.18,312676,1205,11.173757
2022-12-12 05:00:00+00:00,11.23,11.42,11.110099999999999,11.25,305663,1142,11.26943
2022-12-13 05:00:00+00:00,11.359999999999999,11.44,11.15,11.16,316545,1380,11.243650000000001
2022-12-14 05:00:00+00:00,11.220000000000001,11.26,11.109999999999999,11.130000000000001,337099,1284,11.143043
2022-12-15 05:00:00+00:00,11.109999999999999,11.130800000000001,11.050000000000001,11.07,282000,1316,11.081345000000001
2022-12-16 05:00:00+00:00,11.119999999999999,11.125,10.949999999999999,11,498017,1497,11.055574
2022-12-19 05:00:00+00:00,11.07,11.1442,11.012499999999999,11.119999999999999,474309,1719,11.068092
2022-12-20 05:00:00+00:00,11.130000000000001,11.17,11.050000000000001,11.1,567401,1394,11.111973000000001
2022-12-21 05:00:00+00:00,11.18,11.18,10.91,10.93,851527,2877,10.994400000000001
2022-12-22 05:00:00+00:00,10.51,10.608700000000001,10.390000000000001,10.5,440075,2087,10.475088
2022-12-23 05:00:00+00:00,10.5,10.535,10.443,10.5,197224,808,10.496795000000001
2022-12-27 05:00:00+00:00,10.52,10.5311,9.9600000000000009,10.09,905882,4069,10.204024
2022-12-28 05:00:00+00:00,10.15,10.237500000000001,9.9900000000000002,10.08,296649,1401,10.089168000000001
2022-12-29 05:00:00+00:00,10.130000000000001,10.25,10.095000000000001,10.23,387724,1319,10.190268
2022-12-30 05:00:00+00:00,10.23,10.23,10.06,10.119999999999999,398355,1835,10.125508999999999
2023-01-03 05:00:00+00:00,10.220000000000001,10.279999999999999,10.210000000000001,10.25,286052,1409,10.249407
2023-01-04 05:00:00+00:00,10.380000000000001,10.380000000000001,10.220000000000001,10.25,296501,1579,10.268093
2023-01-05 05:00:00+00:00,10.26,10.299899999999999,10.2409,10.25,363226,1283,10.262556
2023-01-06 05:00:00+00:00,10.25,10.348000000000001,10.199999999999999,10.32,316338,1945,10.28181
2023-01-09 05:00:00+00:00,10.42,10.74,10.4,10.640000000000001,583881,2988,10.578036000000001
2023-01-10 05:00:00+00:00,10.550000000000001,10.619999999999999,10.450100000000001,10.58,359622,1499,10.555396
2023-01-11 05:00:00+00:00,10.67,10.83,10.65,10.720000000000001,297857,1306,10.728565
2023-01-12 05:00:00+00:00,10.800000000000001,10.85,10.57,10.609999999999999,497837,2618,10.641697000000001
2023-01-13 05:00:00+00:00,10.609999999999999,10.639900000000001,10.539999999999999,10.6,310829,1869,10.600393
2023-01-17 05:00:00+00:00,10.630000000000001,10.699999999999999,10.6,10.68,311071,1869,10.647083
2023-01-18 05:00:00+00:00,10.789999999999999,10.789999999999999,10.65,10.66,206720,1127,10.722802
2023-01-19 05:00:00+00:00,10.65,10.69,10.5,10.51,327481,1680,10.559621999999999
2023-01-20 05:00:00+00:00,10.5,10.5555,10.48,10.51,323585,1514,10.516230999999999
2023-01-23 05:00:00+00:00,10.539999999999999,10.5786,10.49,10.51,308745,1411,10.538558999999999
2023-01-24 05:00:00+00:00,10.539999999999999,10.779999999999999,10.4718,10.609999999999999,476979,2566,10.578163999999999
2023-01-25 05:00:00+00:00,10.56,10.59,10.51,10.52,494117,2398,10.532066
2023-01-26 05:00:00+00:00,10.59,10.595000000000001,10.51,10.59,254508,1561,10.537580999999999
2023-01-27 05:00:00+00:00,10.630000000000001,10.699999999999999,10.58,10.699999999999999,334286,1797,10.647546
2023-01-30 05:00:00+00:00,10.720000000000001,10.800000000000001,10.681699999999999,10.76,362779,1684,10.742234
2023-01-31 05:00:00+00:00,10.82,10.875,10.7814,10.800000000000001,418182,1991,10.826093999999999
2023-02-01 05:00:00+00:00,10.800000000000001,10.869999999999999,10.77,10.77,582402,3192,10.791694
2023-02-02 05:00:00+00:00,10.85,11.045,10.8262,10.99,688986,2646,10.976599
2023-02-03 05:00:00+00:00,10.98,11.199999999999999,10.949999999999999,11.06,461108,2020,11.105992000000001
2023-02-06 05:00:00+00:00,11.119999999999999,11.210000000000001,11.09,11.18,614856,2376,11.152005000000001
2023-02-07 05:00:00+00:00,11.039999999999999,11.06,10.875,11.039999999999999,373263,1842,10.956932
2023-02-08 05:00:00+00:00,11.06,11.06,10.77,10.949999999999999,397643,2200,10.910273999999999
2023-02-09 05:00:00+00:00,10.880000000000001,10.994999999999999,10.831099999999999,10.949999999999999,296524,1243,10.92352
2023-02-10 05:00:00+00:00,11,11,10.76,10.85,306648,1631,10.853125
2023-02-13 05:00:00+00:00,10.85,10.8964,10.785,10.85,307349,1359,10.827545000000001
2023-02-14 05:00:00+00:00,10.9,10.92,10.77,10.859999999999999,324630,1182,10.854212
2023-02-15 05:00:00+00:00,10.81,10.93,10.771000000000001,10.91,256542,1095,10.84384
2023-02-16 05:00:00+00:00,10.880000000000001,10.98,10.81,10.85,312781,1566,10.898776
2023-02-17 05:00:00+00:00,10.859999999999999,10.94,10.791600000000001,10.91,184980,903,10.862176
2023-02-21 05:00:00+00:00,10.9,10.91,10.779999999999999,10.81,298458,1457,10.821083
2023-02-22 05:00:00+00:00,10.890000000000001,11.050000000000001,10.8201,11.050000000000001,535733,1800,10.936385
2023-02-23 05:00:00+00:00,11.050000000000001,11.199999999999999,11,11.15,633510,2537,11.146972
2023-02-24 05:00:00+00:00,11.09,11.25,11.045,11.25,284597,1254,11.142269000000001
2023-02-27 05:00:00+00:00,11.25,11.32,11.06,11.140000000000001,515172,2141,11.193448
2023-02-28 05:00:00+00:00,11.24,11.31,11.18,11.289999999999999,338843,1333,11.269529
2023-03-01 05:00:00+00:00,11.289999999999999,11.446899999999999,11.27,11.380000000000001,471952,1706,11.359501
2023-03-02 05:00:00+00:00,11.359999999999999,11.5,11.25,11.48,264112,1143,11.417141000000001
2023-03-03 05:00:00+00:00,11.630000000000001,11.74,11.550000000000001,11.699999999999999,475792,1738,11.654036
2023-03-06 05:00:00+00:00,11.699999999999999,11.699999999999999,11.359999999999999,11.6,487694,2274,11.531181999999999
2023-03-07 05:00:00+00:00,11.6,11.6,10.949999999999999,11.19,952176,4916,11.24268
2023-03-08 05:00:00+00:00,11.289999999999999,11.539999999999999,11.267200000000001,11.470000000000001,518841,2520,11.423881
2023-03-09 05:00:00+00:00,11.42,11.640000000000001,11.25,11.27,714299,2766,11.480995999999999
2023-03-10 05:00:00+00:00,11.06,11.199999999999999,10.52,10.81,657477,3028,10.808978
2023-03-13 04:00:00+00:00,10.56,10.664999999999999,10.33,10.369999999999999,731200,3492,10.463115999999999
2023-03-14 04:00:00+00:00,10.470000000000001,10.77,10.4618,10.68,332689,1357,10.650021000000001
2023-03-15 04:00:00+00:00,10.529999999999999,10.556800000000001,10.0768,10.380000000000001,587404,3400,10.242823
2023-03-16 04:00:00+00:00,10.24,10.5,10.199999999999999,10.300000000000001,397380,1907,10.355615
2023-03-17 04:00:00+00:00,10.380000000000001,10.43,10.109999999999999,10.16,303152,1498,10.237398000000001
2023-03-20 04:00:00+00:00,10.17,10.535,10.17,10.380000000000001,378330,1856,10.363860000000001
2023-03-21 04:00:00+00:00,10.470000000000001,10.57,10.4146,10.51,208202,723,10.500723000000001
2023-03-22 04:00:00+00:00,10.51,10.83,10.51,10.81,307716,1421,10.692985
2023-03-23 04:00:00+00:00,10.81,10.880000000000001,10.65,10.789999999999999,443493,1816,10.782043
2023-03-24 04:00:00+00:00,10.800000000000001,10.880000000000001,10.65,10.880000000000001,214899,715,10.808906
2023-03-27 04:00:00+00:00,10.970000000000001,11.039999999999999,10.859999999999999,10.99,162011,879,10.937284
2023-03-28 04:00:00+00:00,11.029999999999999,11.050000000000001,10.930099999999999,11.050000000000001,158782,575,10.992456000000001
2023-03-29 04:00:00+00:00,11.1,11.151300000000001,11.061199999999999,11.15,186751,917,11.120433
2023-03-30 04:00:00+00:00,11.16,11.18,11.09,11.18,166697,861,11.141315000000001
2023-03-31 04:00:00+00:00,11.210000000000001,11.210000000000001,11.029999999999999,11.17,370232,1712,11.143311000000001
2023-04-03 04:00:00+00:00,11.199999999999999,11.42,11.1854,11.369999999999999,357894,1767,11.343419000000001
2023-04-04 04:00:00+00:00,11.369999999999999,11.380000000000001,11.220000000000001,11.289999999999999,327498,1590,11.295406
2023-04-05 04:00:00+00:00,11.289999999999999,11.33,11.190099999999999,11.289999999999999,365521,1779,11.283721999999999
2023-04-06 04:00:00+00:00,11.09,11.119999999999999,11,11.07,249447,1048,11.067072
2023-04-10 04:00:00+00:00,11.01,11.139900000000001,10.98,11.09,205702,1130,11.056398
2023-04-11 04:00:00+00:00,11.17,11.199999999999999,11.0829,11.15,201256,1118,11.140491000000001
2023-04-12 04:00:00+00:00,11.289999999999999,11.34,11.109999999999999,11.220000000000001,359456,1618,11.220528
2023-04-13 04:00:00+00:00,11.23,11.369999999999999,11.199999999999999,11.32,203175,1024,11.302155000000001
2023-04-14 04:00:00+00:00,11.31,11.31,11.1,11.17,271564,1783,11.175406000000001
2023-04-17 04:00:00+00:00,11.19,11.2189,11.109999999999999,11.17,213253,871,11.155084
2023-04-18 04:00:00+00:00,11.220000000000001,11.26,11.15,11.199999999999999,192595,1058,11.212482
2023-04-19 04:00:00+00:00,11.18,11.31,11.130000000000001,11.31,222601,1065,11.234226
2023-04-20 04:00:00+00:00,11.289999999999999,11.33,11.24,11.27,120845,666,11.277453
2023-04-21 04:00:00+00:00,11.35,11.369999999999999,11.23,11.35,150471,802,11.319557
2023-04-24 04:00:00+00:00,11.34,11.41,11.3169,11.369999999999999,121552,650,11.368242
2023-04-25 04:00:00+00:00,11.289999999999999,11.35,11.17,11.18,295168,1252,11.240577999999999
2023-04-26 04:00:00+00:00,11.220000000000001,11.25,11.15,11.18,161461,804,11.198803
2023-04-27 04:00:00+00:00,11.220000000000001,11.359999999999999,11.17,11.32,209766,1050,11.27102
2023-04-28 04:00:00+00:00,11.380000000000001,11.449999999999999,11.33,11.4,246418,1154,11.402517
2023-05-01 04:00:00+00:00,11.4,11.49,11.26,11.26,300508,1562,11.395909
2023-05-02 04:00:00+00:00,11.35,11.43,11.199999999999999,11.4,349302,1654,11.328378000000001
2023-05-03 04:00:00+00:00,11.41,11.49,11.3201,11.43,253715,1224,11.422198
2023-05-04 04:00:00+00:00,11.33,11.442399999999999,11.289999999999999,11.380000000000001,198867,962,11.375323
2023-05-05 04:00:00+00:00,11.48,11.5,11.42,11.5,226654,975,11.468992
2023-05-08 04:00:00+00:00,11.5,11.789999999999999,11.449999999999999,11.68,600063,2357,11.635313
2023-05-09 04:00:00+00:00,11.699999999999999,11.779999999999999,11.529999999999999,11.56,432392,1836,11.6921
2023-05-10 04:00:00+00:00,11.5,11.5,11.359999999999999,11.43,231774,951,11.426709000000001
2023-05-11 04:00:00+00:00,11.300000000000001,11.369999999999999,11.24,11.25,287640,1055,11.297758
2023-05-12 04:00:00+00:00,11.33,11.41,11.220000000000001,11.34,205488,997,11.303125
2023-05-15 04:00:00+00:00,11.35,11.4199,11.27,11.300000000000001,431893,2189,11.333054000000001
2023-05-16 04:00:00+00:00,11.289999999999999,11.315,11.06,11.1,681327,3248,11.166102
2023-05-17 04:00:00+00:00,11.130000000000001,11.140000000000001,11.06,11.06,347648,1175,11.093237
2023-05-18 04:00:00+00:00,11.06,11.07,10.942,10.970000000000001,387117,1612,11.002219999999999
2023-05-19 04:00:00+00:00,11.029999999999999,11.039999999999999,10.84,10.84,397052,1635,10.909572000000001
2023-05-22 04:00:00+00:00,10.859999999999999,10.92,10.76,10.779999999999999,637460,1894,10.802239999999999
2023-05-23 04:00:00+00:00,10.82,10.880000000000001,10.66,10.710000000000001,385722,1695,10.725664999999999
2023-05-24 04:00:00+00:00,10.68,10.695,10.449999999999999,10.460000000000001,363579,2195,10.525531000000001
2023-05-25 04:00:00+00:00,10.460000000000001,10.470000000000001,10.220000000000001,10.26,427238,1983,10.291988999999999
2023-05-26 04:00:00+00:00,10.300000000000001,10.319900000000001,10.19,10.26,400459,2205,10.239991
2023-05-30 04:00:00+00:00,10.31,10.359999999999999,10.210000000000001,10.25,511077,2518,10.272456
2023-05-31 04:00:00+00:00,10.300000000000001,10.300000000000001,10.119999999999999,10.119999999999999,614426,3233,10.190524
2023-06-01 04:00:00+00:00,10.18,10.199999999999999,10.15,10.17,469500,2006,10.165429
2023-06-02 04:00:00+00:00,10.25,10.300000000000001,10.199999999999999,10.210000000000001,508432,1941,10.261737
2023-06-05 04:00:00+00:00,10.27,10.279999999999999,10.16,10.17,901100,2377,10.202453999999999
2023-06-06 04:00:00+00:00,10.220000000000001,10.57,10.199999999999999,10.550000000000001,659012,3663,10.34564
2023-06-07 04:00:00+00:00,10.640000000000001,10.9,10.619999999999999,10.84,561535,2382,10.800129
2023-06-08 04:00:00+00:00,10.91,10.949999999999999,10.779999999999999,10.869999999999999,577616,1837,10.899125
2023-06-09 04:00:00+00:00,10.800000000000001,10.800000000000001,10.56,10.66,426183,1771,10.677318
2023-06-12 04:00:00+00:00,10.609999999999999,10.6799,10.51,10.66,337997,1434,10.596693
2023-06-13 04:00:00+00:00,10.640000000000001,10.640000000000001,10.380000000000001,10.41,571046,2459,10.46102
2023-06-14 04:00:00+00:00,10.4,10.4102,10.25,10.289999999999999,288506,1581,10.323055999999999
2023-06-15 04:00:00+00:00,10.32,10.335000000000001,10.255000000000001,10.31,212829,1123,10.305536999999999
2023-06-16 04:00:00+00:00,10.32,10.335000000000001,10.25,10.289999999999999,285016,1435,10.289896000000001
2023-06-20 04:00:00+00:00,10.24,10.289999999999999,10.17,10.25,369070,1812,10.213139
2023-06-21 04:00:00+00:00,10.24,10.24,10.16,10.199999999999999,280208,1600,10.199627
2023-06-22 04:00:00+00:00,10.199999999999999,10.23,10.16,10.19,256871,1363,10.18411
2023-06-23 04:00:00+00:00,10.19,10.199999999999999,10.15,10.19,410991,1973,10.176591999999999
2023-06-26 04:00:00+00:00,10.210000000000001,10.27,10.19,10.220000000000001,273907,1365,10.240849000000001
2023-06-27 04:00:00+00:00,10.27,10.35,10.235200000000001,10.33,372324,1621,10.297764000000001
2023-06-28 04:00:00+00:00,10.359999999999999,10.414999999999999,10.33,10.4,327489,1213,10.370208
2023-06-29 04:00:00+00:00,10.42,10.43,10.140000000000001,10.140000000000001,687726,3563,10.207031000000001
2023-06-30 04:00:00+00:00,10.199999999999999,10.210000000000001,10.15,10.16,400551,1975,10.161004999999999
2023-07-03 04:00:00+00:00,10.199999999999999,10.210000000000001,10.17,10.18,325537,1575,10.19068
2023-07-05 04:00:00+00:00,10.23,10.34,10.205,10.300000000000001,801840,2950,10.247864999999999
2023-07-06 04:00:00+00:00,10.279999999999999,10.289999999999999,10.190099999999999,10.26,598390,2076,10.246504
2023-07-07 04:00:00+00:00,10.25,10.33,10.23,10.25,1034806,3497,10.2682
2023-07-10 04:00:00+00:00,10.130000000000001,10.17,10.1,10.140000000000001,451602,2129,10.145550999999999
2023-07-11 04:00:00+00:00,10.15,10.17,10.109999999999999,10.119999999999999,262654,1706,10.140924
2023-07-12 04:00:00+00:00,10.16,10.17,10,10.15,792986,3764,10.076968000000001
2023-07-13 04:00:00+00:00,10.16,10.244999999999999,10.119999999999999,10.220000000000001,302379,1516,10.194753
2023-07-14 04:00:00+00:00,10.24,10.4,10.167999999999999,10.380000000000001,364364,1527,10.28842
2023-07-17 04:00:00+00:00,10.4,10.41,10.26,10.31,616686,3016,10.326566
2023-07-18 04:00:00+00:00,10.300000000000001,10.449999999999999,10.300000000000001,10.44,653852,2997,10.371968000000001
2023-07-19 04:00:00+00:00,10.449999999999999,10.460000000000001,10.390000000000001,10.4,431560,3952,10.431412
2023-07-20 04:00:00+00:00,10.41,10.470000000000001,10.41,10.43,365948,1617,10.455189000000001
2023-07-21 04:00:00+00:00,10.5,10.5,10.289999999999999,10.300000000000001,2481154,4907,10.352497
2023-07-24 04:00:00+00:00,10.34,10.35,10.140000000000001,10.17,600991,2999,10.225192
2023-07-25 04:00:00+00:00,10.19,10.24,10.17,10.23,547949,2212,10.211085000000001
2023-07-26 04:00:00+00:00,10.27,10.2798,10.19,10.23,355340,1640,10.222668000000001
2023-07-27 04:00:00+00:00,10.26,10.31,10.23,10.26,218500,1244,10.263059999999999
2023-07-28 04:00:00+00:00,10.300000000000001,10.34,10.279999999999999,10.32,522169,2386,10.31549
2023-07-31 04:00:00+00:00,10.380000000000001,10.41,10.32,10.359999999999999,381031,2006,10.374497
2023-08-01 04:00:00+00:00,10.390000000000001,10.4,10.32,10.359999999999999,303002,1707,10.362221999999999
2023-08-02 04:00:00+00:00,10.35,10.35,10.25,10.33,426643,2078,10.309029000000001
2023-08-03 04:00:00+00:00,10.300000000000001,10.32,10.25,10.300000000000001,980674,1568,10.276774
2023-08-04 04:00:00+00:00,10.31,10.359999999999999,10.23,10.289999999999999,1228105,4482,10.282022
2023-08-07 04:00:00+00:00,10.359999999999999,10.449999999999999,10.300000000000001,10.44,493938,2286,10.396345
2023-08-08 04:00:00+00:00,10.449999999999999,10.539999999999999,10.390000000000001,10.470000000000001,424929,2178,10.455982000000001
2023-08-09 04:00:00+00:00,10.49,10.555,10.42,10.529999999999999,610045,2172,10.482207000000001
2023-08-10 04:00:00+00:00,10.32,10.494999999999999,10.3001,10.390000000000001,524470,2047,10.41292
2023-08-11 04:00:00+00:00,10.390000000000001,10.390000000000001,10.33,10.359999999999999,407473,1911,10.361700000000001
2023-08-14 04:00:00+00:00,10.369999999999999,10.5,10.32,10.48,594112,2703,10.426171999999999
2023-08-15 04:00:00+00:00,10.51,10.58,10.4457,10.48,430913,2325,10.508305
2023-08-16 04:00:00+00:00,10.41,10.43,10.26,10.32,548982,2514,10.339575
2023-08-17 04:00:00+00:00,10.359999999999999,10.379899999999999,10.18,10.27,612171,2345,10.257514
2023-08-18 04:00:00+00:00,10.15,10.27,10.1411,10.24,338970,1256,10.223967999999999
2023-08-21 04:00:00+00:00,10.25,10.26,10.18,10.210000000000001,357758,1442,10.213479
2023-08-22 04:00:00+00:00,10.25,10.27,10.19,10.199999999999999,160008,860,10.214395
2023-08-23 04:00:00+00:00,10.25,10.25,10.205,10.220000000000001,223236,963,10.222117000000001
2023-08-24 04:00:00+00:00,10.23,10.238,10.16,10.19,296246,1144,10.206713000000001
2023-08-25 04:00:00+00:00,10.199999999999999,10.199999999999999,10.15,10.199999999999999,237138,1216,10.191502
2023-08-28 04:00:00+00:00,10.220000000000001,10.32,10.199999999999999,10.279999999999999,503370,1869,10.254911
2023-08-29 04:00:00+00:00,10.300000000000001,10.390000000000001,10.2799,10.380000000000001,374502,1398,10.335153
2023-08-30 04:00:00+00:00,10.449999999999999,10.52,10.365,10.43,578714,2127,10.417141000000001
2023-08-31 04:00:00+00:00,10.449999999999999,10.470000000000001,10.369999999999999,10.380000000000001,568250,2313,10.426078
2023-09-01 04:00:00+00:00,10.390000000000001,10.455,10.32,10.369999999999999,386206,2117,10.371886999999999
2023-09-05 04:00:00+00:00,10.44,10.44,10.369999999999999,10.41,598486,2436,10.394568
2023-09-06 04:00:00+00:00,10.41,10.43,10.3667,10.390000000000001,943123,1862,10.394202
2023-09-07 04:00:00+00:00,10.359999999999999,10.399900000000001,10.34,10.380000000000001,438601,1745,10.377469
2023-09-08 04:00:00+00:00,10.16,10.199999999999999,10.15,10.199999999999999,437147,2136,10.178412
2023-09-11 04:00:00+00:00,10.199999999999999,10.25,10.119999999999999,10.130000000000001,489143,2057,10.154225
2023-09-12 04:00:00+00:00,10.15,10.15,10.1,10.130000000000001,294053,1652,10.125685000000001
2023-09-13 04:00:00+00:00,10.220000000000001,10.300000000000001,10.130000000000001,10.140000000000001,441462,1792,10.198902
2023-09-14 04:00:00+00:00,10.15,10.2799,10.15,10.24,214907,1095,10.226163
2023-09-15 04:00:00+00:00,10.18,10.199999999999999,10.09,10.1,377550,1745,10.132547000000001
2023-09-18 04:00:00+00:00,10.18,10.210000000000001,10.119999999999999,10.199999999999999,642391,2332,10.182808
2023-09-19 04:00:00+00:00,10.18,10.199999999999999,10.140000000000001,10.19,778581,1183,10.179831
2023-09-20 04:00:00+00:00,10.199999999999999,10.207000000000001,10.119999999999999,10.140000000000001,476068,1574,10.156458000000001
2023-09-21 04:00:00+00:00,10.1,10.109999999999999,10,10.06,479713,1916,10.046148000000001
2023-09-22 04:00:00+00:00,10.09,10.140000000000001,10,10.050000000000001,601946,2790,10.030885
2023-09-25 04:00:00+00:00,10,10.06,9.9900000000000002,10.02,379704,1626,10.025881999999999
2023-09-26 04:00:00+00:00,10,10.035,9.9800000000000004,9.9800000000000004,336577,1489,9.9960509999999996
2023-09-27 04:00:00+00:00,10.039999999999999,10.09,9.9800000000000004,10.039999999999999,354511,1446,10.030503
2023-09-28 04:00:00+00:00,10.1,10.17,10.07,10.140000000000001,494410,1846,10.131978
2023-09-29 04:00:00+00:00,10.199999999999999,10.199999999999999,10.140000000000001,10.15,338784,1529,10.172409
2023-10-02 04:00:00+00:00,10.15,10.19,10.09,10.140000000000001,577508,2457,10.148714999999999
2023-10-03 04:00:00+00:00,10.1,10.109999999999999,9.9900000000000002,10.029999999999999,524028,2364,10.048973
2023-10-04 04:00:00+00:00,10.029999999999999,10.050000000000001,9.9299999999999997,10.050000000000001,865723,2024,10.002993999999999
2023-10-05 04:00:00+00:00,10,10.029999999999999,9.9700000000000006,10,317202,1640,9.9976479999999999
2023-10-06 04:00:00+00:00,9.9399999999999995,10.08,9.7200000000000006,10.02,1223531,4713,9.9448279999999993
2023-10-09 04:00:00+00:00,9.9700000000000006,10.050000000000001,9.9700000000000006,10.02,433500,1495,10.025492
2023-10-10 04:00:00+00:00,9.8800000000000008,9.9499999999999993,9.8499999999999996,9.9100000000000001,350610,1861,9.894558
2023-10-11 04:00:00+00:00,9.9000000000000004,9.9800000000000004,9.8599999999999994,9.9299999999999997,279787,1310,9.9149729999999998
2023-10-12 04:00:00+00:00,9.9199999999999999,9.9350000000000005,9.7500999999999998,9.8800000000000008,475491,2068,9.8376940000000008
2023-10-13 04:00:00+00:00,9.9100000000000001,9.9368999999999996,9.7200000000000006,9.7899999999999991,401801,2188,9.7766570000000002
2023-10-16 04:00:00+00:00,9.8399999999999999,9.8949999999999996,9.6300000000000008,9.6699999999999999,525602,2423,9.7384350000000008
2023-10-17 04:00:00+00:00,9.6500000000000004,9.6500000000000004,9.1600000000000001,9.5,1814906,6519,9.3822810000000008
2023-10-18 04:00:00+00:00,9.3499999999999996,9.4499999999999993,9.2799999999999994,9.3599999999999994,528047,2450,9.3342500000000008
2023-10-19 04:00:00+00:00,9.3499999999999996,9.3800000000000008,9.25,9.3200000000000003,523545,1802,9.2976790000000005
2023-10-20 04:00:00+00:00,9.3100000000000005,9.3399999999999999,9.2400000000000002,9.2799999999999994,507224,1781,9.2783890000000007
2023-10-23 04:00:00+00:00,9.2799999999999994,9.3399999999999999,9.0850000000000009,9.2200000000000006,538114,2367,9.2351100000000006
2023-10-24 04:00:00+00:00,9.0999999999999996,9.2599999999999998,9.0999999999999996,9.1699999999999999,399723,1948,9.1696919999999995
2023-10-25 04:00:00+00:00,9.1699999999999999,9.1699999999999999,8.8699999999999992,8.9199999999999999,694353,3201,8.9899349999999991
2023-10-26 04:00:00+00:00,8.9000000000000004,8.9398999999999997,8.6699999999999999,8.6999999999999993,591231,2875,8.7883469999999999
2023-10-27 04:00:00+00:00,8.8200000000000003,8.9399999999999995,8.5999999999999996,8.7300000000000004,515229,2312,8.7434759999999994
2023-10-30 04:00:00+00:00,8.8000000000000007,8.9299999999999997,8.75,8.9299999999999997,417262,1705,8.8200389999999995
2023-10-31 04:00:00+00:00,8.9000000000000004,9.3900000000000006,8.9000000000000004,9.3599999999999994,510339,2285,9.2157870000000006
2023-11-01 04:00:00+00:00,9.4000000000000004,9.7100000000000009,9.3800000000000008,9.6999999999999993,849852,3809,9.6428150000000006
2023-11-02 04:00:00+00:00,9.75,9.7699999999999996,9.6400000000000006,9.7400000000000002,507436,2409,9.7180789999999995
2023-11-03 04:00:00+00:00,9.7599999999999998,9.9000000000000004,9.6120000000000001,9.9000000000000004,1095549,2860,9.7584210000000002
2023-11-06 05:00:00+00:00,9.9600000000000009,9.9600000000000009,9.7200000000000006,9.7400000000000002,484693,2187,9.8032640000000004
2023-11-07 05:00:00+00:00,9.7699999999999996,9.7699999999999996,9.5199999999999996,9.6999999999999993,401122,1962,9.6660249999999994
2023-11-08 05:00:00+00:00,9.6699999999999999,9.7400000000000002,9.6400000000000006,9.6999999999999993,234883,1076,9.7040880000000005
2023-11-09 05:00:00+00:00,9.7899999999999991,9.7899999999999991,9.5500000000000007,9.5700000000000003,609846,2429,9.6552760000000006
2023-11-10 05:00:00+00:00,9.5299999999999994,9.5500000000000007,9.3599999999999994,9.4399999999999995,716892,2150,9.4555600000000002
2023-11-13 05:00:00+00:00,9.4399999999999995,9.4499999999999993,9.3000000000000007,9.4499999999999993,427104,2064,9.3817939999999993
2023-11-14 05:00:00+00:00,9.5700000000000003,9.6199999999999992,9.4100000000000001,9.5700000000000003,644402,2527,9.5125609999999998
2023-11-15 05:00:00+00:00,9.5800000000000001,9.6699999999999999,9.4600000000000009,9.5999999999999996,596936,2321,9.5880379999999992
2023-11-16 05:00:00+00:00,9.5999999999999996,9.6500000000000004,9.5999999999999996,9.5999999999999996,308772,1049,9.6256419999999991
2023-11-17 05:00:00+00:00,9.6600000000000001,9.6600000000000001,9.4499999999999993,9.4900000000000002,442675,1843,9.5113830000000004
2023-11-20 05:00:00+00:00,9.5,9.5099999999999998,9.4784000000000006,9.5099999999999998,376675,1993,9.4980609999999999
2023-11-21 05:00:00+00:00,9.5399999999999991,9.5399999999999991,9.4499999999999993,9.5,280168,1277,9.4857010000000006
2023-11-22 05:00:00+00:00,9.5299999999999994,9.5299999999999994,9.4000000000000004,9.4399999999999995,366198,1797,9.4636320000000005
2023-11-24 05:00:00+00:00,9.4499999999999993,9.4900000000000002,9.4097000000000008,9.4900000000000002,147250,922,9.4446309999999993
2023-11-27 05:00:00+00:00,9.5,9.5199999999999996,9.4100000000000001,9.4199999999999999,640337,3429,9.4705700000000004
2023-11-28 05:00:00+00:00,9.4499999999999993,9.4499999999999993,9.4000000000000004,9.4000000000000004,336638,1872,9.4194089999999999
2023-11-29 05:00:00+00:00,9.4100000000000001,9.5500000000000007,9.4000000000000004,9.4199999999999999,950377,3970,9.4606709999999996
2023-11-30 05:00:00+00:00,9.4800000000000004,9.4800000000000004,9.3802000000000003,9.4199999999999999,492046,2686,9.4189749999999997
2023-12-01 05:00:00+00:00,9.4499999999999993,9.5199999999999996,9.3900000000000006,9.5099999999999998,1015962,4482,9.4797159999999998
2023-12-04 05:00:00+00:00,9.5199999999999996,9.5800000000000001,9.4250000000000007,9.5700000000000003,988421,5035,9.5104799999999994
2023-12-05 05:00:00+00:00,9.5999999999999996,9.6500000000000004,9.5050000000000008,9.6500000000000004,939480,2894,9.5823470000000004
2023-12-06 05:00:00+00:00,9.6199999999999992,9.6676000000000002,9.5500000000000007,9.6099999999999994,714443,3186,9.5996089999999992
2023-12-07 05:00:00+00:00,9.6199999999999992,9.7699999999999996,9.6199999999999992,9.7100000000000009,843630,2690,9.6998519999999999
2023-12-08 05:00:00+00:00,9.5500000000000007,9.5800000000000001,9.4299999999999997,9.5299999999999994,661102,2658,9.5188740000000003
2023-12-11 05:00:00+00:00,9.5500000000000007,9.5500000000000007,9.3100000000000005,9.3300000000000001,1089516,3784,9.3852820000000001
2023-12-12 05:00:00+00:00,9.3800000000000008,9.4399999999999995,9.2200000000000006,9.4299999999999997,903506,3272,9.3178249999999991
2023-12-13 05:00:00+00:00,9.3499999999999996,9.6500000000000004,9.3356999999999992,9.5199999999999996,823537,2892,9.5245160000000002
2023-12-14 05:00:00+00:00,9.5199999999999996,9.5500000000000007,9.3900000000000006,9.4499999999999993,1008380,4199,9.464359
2023-12-15 05:00:00+00:00,9.5,9.5,9.3800000000000008,9.4499999999999993,536550,2166,9.4387310000000006
2023-12-18 05:00:00+00:00,9.4600000000000009,9.4700000000000006,9.3499999999999996,9.4100000000000001,619629,2201,9.4201060000000005
2023-12-19 05:00:00+00:00,9.3499999999999996,9.4299999999999997,9.3100000000000005,9.3200000000000003,791356,2970,9.3585220000000007
2023-12-20 05:00:00+00:00,9.3200000000000003,9.3900000000000006,9.25,9.25,655382,2819,9.3164560000000005
2023-12-21 05:00:00+00:00,9.3000000000000007,9.3499999999999996,9.2799999999999994,9.3000000000000007,507315,1803,9.3169710000000006
2023-12-22 05:00:00+00:00,9.3100000000000005,9.3599999999999994,9.2931000000000008,9.3200000000000003,780220,4136,9.3244989999999994
2023-12-26 05:00:00+00:00,9.3699999999999992,9.3800000000000008,9.3499999999999996,9.3699999999999992,634485,2344,9.3617679999999996
2023-12-27 05:00:00+00:00,9.3800000000000008,9.4399999999999995,9.3599999999999994,9.4299999999999997,647863,2014,9.4188639999999992
2023-12-28 05:00:00+00:00,9.4499999999999993,9.5899999999999999,9.4299999999999997,9.5700000000000003,669096,2151,9.526071
2023-12-29 05:00:00+00:00,9.5899999999999999,9.5899999999999999,9.4499999999999993,9.5,579647,2508,9.5103639999999992
2024-01-02 05:00:00+00:00,9.4900000000000002,9.6600000000000001,9.4526000000000003,9.6600000000000001,704667,2893,9.5691079999999999
2024-01-03 05:00:00+00:00,9.6600000000000001,9.6999999999999993,9.5700000000000003,9.6799999999999997,811634,2691,9.6618729999999999
2024-01-04 05:00:00+00:00,9.6999999999999993,9.7400000000000002,9.6600000000000001,9.7100000000000009,968545,1969,9.7040609999999994
2024-01-05 05:00:00+00:00,9.7400000000000002,9.7599999999999998,9.6600000000000001,9.7599999999999998,1076083,3374,9.7068770000000004
2024-01-08 05:00:00+00:00,9.7799999999999994,9.9800000000000004,9.7670999999999992,9.9600000000000009,987035,2951,9.8892550000000004
2024-01-09 05:00:00+00:00,9.9499999999999993,10.16,9.9199999999999999,10.01,1123670,3697,10.047556999999999
2024-01-10 05:00:00+00:00,9.8499999999999996,9.9499999999999993,9.7349999999999994,9.8000000000000007,844134,2920,9.8348010000000006
2024-01-11 05:00:00+00:00,9.7799999999999994,9.8200000000000003,9.6400000000000006,9.7799999999999994,547732,2088,9.7398720000000001
2024-01-12 05:00:00+00:00,9.7599999999999998,9.9299999999999997,9.7599999999999998,9.8800000000000008,475624,1596,9.8510629999999999
2024-01-16 05:00:00+00:00,9.9499999999999993,10.07,9.8699999999999992,10.01,811151,3138,9.9694590000000005
2024-01-17 05:00:00+00:00,9.9800000000000004,9.9800000000000004,9.8116000000000003,9.8599999999999994,517871,2378,9.873977
2024-01-18 05:00:00+00:00,9.9000000000000004,9.9000000000000004,9.8049999999999997,9.8300000000000001,391231,1752,9.8261219999999998
2024-01-19 05:00:00+00:00,9.8300000000000001,9.9499999999999993,9.8300000000000001,9.8699999999999992,568220,1994,9.8913989999999998
2024-01-22 05:00:00+00:00,9.9000000000000004,10.039999999999999,9.8849999999999998,10.039999999999999,369636,1831,9.994351
2024-01-23 05:00:00+00:00,10.039999999999999,10.119999999999999,10,10.1,537396,1420,10.077484999999999
2024-01-24 05:00:00+00:00,10.130000000000001,10.199999999999999,10.1,10.130000000000001,547499,1733,10.153986
2024-01-25 05:00:00+00:00,10.17,10.1774,10.06,10.109999999999999,534084,2023,10.123148
2024-01-26 05:00:00+00:00,10.119999999999999,10.140000000000001,10.029999999999999,10.050000000000001,426018,1741,10.081268
2024-01-29 05:00:00+00:00,10.06,10.119999999999999,10.039999999999999,10.09,684220,2619,10.078322
2024-01-30 05:00:00+00:00,10.1,10.125,10.07,10.109999999999999,511276,1805,10.089642
2024-01-31 05:00:00+00:00,10.119999999999999,10.129899999999999,10.050000000000001,10.06,596277,2045,10.087490000000001
2024-02-01 05:00:00+00:00,10.08,10.17,10.06,10.09,1166298,4121,10.099484
2024-02-02 05:00:00+00:00,10.09,10.119999999999999,10.06,10.08,865026,2732,10.08825
2024-02-05 05:00:00+00:00,10.1,10.135,10.050000000000001,10.06,1651656,4000,10.081486999999999
2024-02-06 05:00:00+00:00,10.109999999999999,10.109999999999999,10.050000000000001,10.08,803850,2365,10.068398
2024-02-07 05:00:00+00:00,10.109999999999999,10.109999999999999,10.08,10.09,683624,2165,10.089221
2024-02-08 05:00:00+00:00,9.9299999999999997,9.9788999999999994,9.8000000000000007,9.9700000000000006,986374,3376,9.8907950000000007
2024-02-09 05:00:00+00:00,9.9600000000000009,9.9649999999999999,9.8599999999999994,9.9399999999999995,480414,1944,9.9174720000000001
2024-02-12 05:00:00+00:00,9.9399999999999995,9.9800000000000004,9.9000000000000004,9.9399999999999995,446022,1488,9.9429610000000004
2024-02-13 05:00:00+00:00,9.9000000000000004,9.9399999999999995,9.8200000000000003,9.9000000000000004,548674,1982,9.8745840000000005
2024-02-14 05:00:00+00:00,9.9199999999999999,10.006,9.9100000000000001,10,464725,1387,9.9600950000000008
2024-02-15 05:00:00+00:00,10.02,10.06,9.9499999999999993,9.9700000000000006,619956,1936,9.9986010000000007
2024-02-16 05:00:00+00:00,9.9700000000000006,9.9700000000000006,9.9399999999999995,9.9600000000000009,387546,1557,9.9549690000000002
2024-02-20 05:00:00+00:00,9.9700000000000006,9.9761000000000006,9.9100000000000001,9.9299999999999997,447541,1444,9.9582230000000003
2024-02-21 05:00:00+00:00,9.9600000000000009,9.9699000000000009,9.9199999999999999,9.9499999999999993,419413,1512,9.9506239999999995
2024-02-22 05:00:00+00:00,10,10.119999999999999,9.9700000000000006,10.1,748287,2173,10.073143
2024-02-23 05:00:00+00:00,10.06,10.1158,10.029999999999999,10.06,428640,1635,10.05705
2024-02-26 05:00:00+00:00,10.09,10.09,10.039999999999999,10.06,473608,1672,10.061204999999999
2024-02-27 05:00:00+00:00,10.07,10.09,10.039999999999999,10.050000000000001,448146,1406,10.069359
2024-02-28 05:00:00+00:00,10.050000000000001,10.06,10.039999999999999,10.06,293812,1380,10.055009
2024-02-29 05:00:00+00:00,10.1,10.109999999999999,10.050000000000001,10.08,625032,2150,10.083603999999999
2024-03-01 05:00:00+00:00,10.109999999999999,10.130000000000001,10.06,10.130000000000001,652414,2564,10.106178
2024-03-04 05:00:00+00:00,10.15,10.157999999999999,10.08,10.09,693941,3037,10.091657
2024-03-05 05:00:00+00:00,10.1,10.1,10.050000000000001,10.09,1160813,2995,10.072786000000001
2024-03-06 05:00:00+00:00,10.15,10.15,10.1,10.140000000000001,1241226,3198,10.118150999999999
2024-03-07 05:00:00+00:00,10.039999999999999,10.1,10,10.09,706930,2118,10.064551
2024-03-08 05:00:00+00:00,10.1,10.1,10.039999999999999,10.06,537555,2185,10.065645
2024-03-11 04:00:00+00:00,10.039999999999999,10.07,10.01,10.07,359878,1469,10.043113
2024-03-12 04:00:00+00:00,10.08,10.18,10.0312,10.18,896628,2436,10.115532
2024-03-13 04:00:00+00:00,10.18,10.32,10.16,10.26,717457,2377,10.258347000000001
2024-03-14 04:00:00+00:00,10.26,10.266,10.07,10.140000000000001,583186,2310,10.155862000000001
2024-03-15 04:00:00+00:00,10.24,10.24,10.109999999999999,10.130000000000001,458005,1946,10.160493000000001
2024-03-18 04:00:00+00:00,10.17,10.17,9.9900000000000002,10.01,816979,3084,10.056647999999999
2024-03-19 04:00:00+00:00,10.02,10.050000000000001,9.9800000000000004,10,633435,2203,10.02131
2024-03-20 04:00:00+00:00,10.02,10.049899999999999,9.9900000000000002,10,619441,2961,10.00386
2024-03-21 04:00:00+00:00,10.039999999999999,10.06,9.9800000000000004,10,825480,2307,10.027253
2024-03-22 04:00:00+00:00,10.02,10.029999999999999,9.9900000000000002,10,935659,2490,10.004573000000001
2024-03-25 04:00:00+00:00,10.01,10.025,9.9900000000000002,10.01,674184,2570,10.003157
2024-03-26 04:00:00+00:00,10.02,10.09,10.015000000000001,10.050000000000001,872478,3103,10.039870000000001
2024-03-27 04:00:00+00:00,10.08,10.130000000000001,10.06,10.130000000000001,621872,2208,10.101673999999999
2024-03-28 04:00:00+00:00,10.140000000000001,10.15,10.09,10.109999999999999,689591,2994,10.119975
2024-04-01 04:00:00+00:00,10.130000000000001,10.15,10.109999999999999,10.15,608239,2604,10.129099
2024-04-02 04:00:00+00:00,10.15,10.17,10.109999999999999,10.15,627786,2211,10.153746
2024-04-03 04:00:00+00:00,10.17,10.210000000000001,10.119999999999999,10.210000000000001,1296138,2746,10.169651
2024-04-04 04:00:00+00:00,10.199999999999999,10.220000000000001,10.16,10.17,750385,2458,10.201142000000001
2024-04-05 04:00:00+00:00,10.199999999999999,10.24,10.140000000000001,10.24,908588,2678,10.168566
2024-04-08 04:00:00+00:00,10.25,10.32,10.24,10.32,1144390,2974,10.289467999999999
2024-04-09 04:00:00+00:00,10.140000000000001,10.17,10.109999999999999,10.140000000000001,882393,2934,10.144166999999999
2024-04-10 04:00:00+00:00,10.109999999999999,10.140000000000001,10.07,10.1,971241,2633,10.092829
2024-04-11 04:00:00+00:00,10.1,10.109999999999999,10.02,10.1,674255,2067,10.070397
2024-04-12 04:00:00+00:00,10.1,10.109999999999999,9.9900000000000002,10,667589,2081,10.029283
2024-04-15 04:00:00+00:00,10.06,10.068099999999999,9.9000000000000004,9.9399999999999995,836385,2956,9.9775600000000004
2024-04-16 04:00:00+00:00,9.9600000000000009,9.9699000000000009,9.8650000000000002,9.9199999999999999,693386,2721,9.9246920000000003
2024-04-17 04:00:00+00:00,9.9299999999999997,9.9600000000000009,9.9199999999999999,9.9600000000000009,432593,2006,9.9411009999999997
2024-04-18 04:00:00+00:00,9.9499999999999993,9.9600000000000009,9.9399999999999995,9.9499999999999993,498281,2247,9.9548330000000007
2024-04-19 04:00:00+00:00,9.9800000000000004,9.9900000000000002,9.9499999999999993,9.9600000000000009,477948,1839,9.9779169999999997
2024-04-22 04:00:00+00:00,9.9600000000000009,9.9800000000000004,9.9600000000000009,9.9800000000000004,511876,1938,9.9702359999999999
2024-04-23 04:00:00+00:00,9.9800000000000004,10.025,9.9800000000000004,10.02,567656,2145,10.003702000000001
2024-04-24 04:00:00+00:00,10.039999999999999,10.039999999999999,9.9900000000000002,10.029999999999999,384627,1388,10.012314999999999
2024-04-25 04:00:00+00:00,10.02,10.02,9.9700000000000006,9.9900000000000002,489707,2033,9.9800590000000007
2024-04-26 04:00:00+00:00,10.029999999999999,10.039999999999999,10.01,10.02,416727,1867,10.020391999999999
2024-04-29 04:00:00+00:00,10.050000000000001,10.06,10.01,10.039999999999999,520482,1727,10.041926
2024-04-30 04:00:00+00:00,10.06,10.06,10.039999999999999,10.050000000000001,440477,1907,10.046618
2024-05-01 04:00:00+00:00,10.050000000000001,10.050000000000001,10.02,10.029999999999999,607128,2495,10.034051
2024-05-02 04:00:00+00:00,10.07,10.07,10.050000000000001,10.06,506518,2297,10.057346000000001
2024-05-03 04:00:00+00:00,10.1,10.109999999999999,10.08,10.109999999999999,1126176,3026,10.100519
2024-05-06 04:00:00+00:00,10.140000000000001,10.27,10.130100000000001,10.25,1358070,4526,10.192359
2024-05-07 04:00:00+00:00,10.25,10.300000000000001,10.23,10.25,904340,2970,10.258732
2024-05-08 04:00:00+00:00,10.279999999999999,10.32,10.23,10.289999999999999,754799,2207,10.287627000000001
2024-05-09 04:00:00+00:00,10.279999999999999,10.33,10.220000000000001,10.33,1060391,3102,10.285119
2024-05-10 04:00:00+00:00,10.16,10.175000000000001,10.07,10.119999999999999,825272,2683,10.123271000000001
2024-05-13 04:00:00+00:00,10.130000000000001,10.16,10.109999999999999,10.15,466284,1573,10.135426000000001
2024-05-14 04:00:00+00:00,10.15,10.15,10.119999999999999,10.130000000000001,603682,1451,10.132246
2024-05-15 04:00:00+00:00,10.16,10.25,10.130000000000001,10.199999999999999,743133,2742,10.189181
2024-05-16 04:00:00+00:00,10.220000000000001,10.220000000000001,10.17,10.199999999999999,766878,2058,10.190987
2024-05-17 04:00:00+00:00,10.220000000000001,10.23,10.199999999999999,10.210000000000001,502969,1416,10.211603999999999
2024-05-20 04:00:00+00:00,10.24,10.27,10.23,10.26,656720,1901,10.247272000000001
2024-05-21 04:00:00+00:00,10.25,10.380000000000001,10.24,10.32,991057,2469,10.335683
2024-05-22 04:00:00+00:00,10.33,10.34,10.26,10.27,635010,1755,10.279757999999999
2024-05-23 04:00:00+00:00,10.279999999999999,10.31,10.18,10.19,681066,2324,10.218707999999999
2024-05-24 04:00:00+00:00,10.25,10.25,10.18,10.19,471895,1490,10.190566
2024-05-28 04:00:00+00:00,10.27,10.27,10.199999999999999,10.220000000000001,607813,2269,10.211553
2024-05-29 04:00:00+00:00,10.23,10.23,10.1,10.15,1120870,3533,10.133468000000001
2024-05-30 04:00:00+00:00,10.16,10.18,10.119999999999999,10.17,675913,2731,10.148973
2024-05-31 04:00:00+00:00,10.23,10.23,10.17,10.19,858960,2598,10.181679000000001
2024-06-03 04:00:00+00:00,10.23,10.27,10.220000000000001,10.27,955245,3922,10.247301
2024-06-04 04:00:00+00:00,10.300000000000001,10.300000000000001,10.234999999999999,10.27,1071422,3075,10.270092
2024-06-05 04:00:00+00:00,10.300000000000001,10.300000000000001,10.26,10.279999999999999,996873,3249,10.27557
2024-06-06 04:00:00+00:00,10.32,10.4,10.300000000000001,10.4,1422333,3807,10.342007000000001
2024-06-07 04:00:00+00:00,10.390000000000001,10.49,10.369999999999999,10.44,1574713,4034,10.446707999999999
2024-06-10 04:00:00+00:00,10.25,10.300000000000001,10.210000000000001,10.27,1160842,3288,10.250316
2024-06-11 04:00:00+00:00,10.24,10.26,10.18,10.220000000000001,802342,2698,10.208107
2024-06-12 04:00:00+00:00,10.220000000000001,10.25,10.17,10.210000000000001,1008345,3542,10.205897999999999
2024-06-13 04:00:00+00:00,10.210000000000001,10.210000000000001,10.119999999999999,10.130000000000001,1075804,2861,10.144702000000001
2024-06-14 04:00:00+00:00,10.119999999999999,10.130000000000001,10.1,10.109999999999999,896233,2557,10.117416
2024-06-17 04:00:00+00:00,10.119999999999999,10.130000000000001,10.09,10.1,526227,1986,10.102472000000001
2024-06-18 04:00:00+00:00,10.109999999999999,10.109999999999999,10.08,10.1,639910,2133,10.093002
2024-06-20 04:00:00+00:00,10.1,10.119999999999999,10.09,10.1,606106,1793,10.098089
2024-06-21 04:00:00+00:00,10.1,10.119999999999999,10.06,10.07,546255,1916,10.069171000000001
2024-06-24 04:00:00+00:00,10.06,10.1,10.06,10.08,651912,2386,10.07882
2024-06-25 04:00:00+00:00,10.08,10.09,10.07,10.08,466886,1386,10.076952
2024-06-26 04:00:00+00:00,10.1,10.1,10.06,10.08,691053,2048,10.079851
2024-06-27 04:00:00+00:00,10.08,10.09,10.050000000000001,10.06,1120239,3519,10.064639
2024-06-28 04:00:00+00:00,10.09,10.09,10.029999999999999,10.050000000000001,1653283,3719,10.067190999999999
2024-07-01 04:00:00+00:00,10.07,10.08,10.029999999999999,10.039999999999999,1006240,3538,10.039887
2024-07-02 04:00:00+00:00,10.050000000000001,10.09,10.02,10.09,971012,3556,10.042142
2024-07-03 04:00:00+00:00,10.1,10.17,10.08,10.15,570750,2143,10.113472
2024-07-05 04:00:00+00:00,10.19,10.199999999999999,10.130000000000001,10.199999999999999,965418,4442,10.157705
2024-07-08 04:00:00+00:00,10.199999999999999,10.26,10.16,10.25,975837,3553,10.222664
2024-07-09 04:00:00+00:00,10.27,10.32,10.23,10.300000000000001,1198384,3266,10.278922
2024-07-10 04:00:00+00:00,10.300000000000001,10.300000000000001,10.23,10.24,1497518,4998,10.257479
2024-07-11 04:00:00+00:00,10.1,10.109999999999999,10.02,10.029999999999999,1336345,3673,10.052561000000001
2024-07-12 04:00:00+00:00,10.06,10.061199999999999,10,10.01,1402408,3866,10.013684
2024-07-15 04:00:00+00:00,10.029999999999999,10.039999999999999,9.9900000000000002,10.039999999999999,1877993,5667,10.017602
2024-07-16 04:00:00+00:00,10.08,10.087199999999999,9.9900000000000002,10.039999999999999,986699,4279,10.023503
2024-07-17 04:00:00+00:00,10.039999999999999,10.045,9.9900000000000002,10.02,1233807,4310,10.009376
2024-07-18 04:00:00+00:00,10.050000000000001,10.050000000000001,9.9600000000000009,9.9700000000000006,1051006,4560,9.9829840000000001
2024-07-19 04:00:00+00:00,9.9900000000000002,10,9.9199999999999999,9.9199999999999999,2763031,4446,9.9313680000000009
2024-07-22 04:00:00+00:00,9.9900000000000002,10.029999999999999,9.9700000000000006,10.01,939432,2761,9.9974410000000002
2024-07-23 04:00:00+00:00,10.029999999999999,10.029999999999999,9.9600000000000009,10,795922,2524,9.9909540000000003
2024-07-24 04:00:00+00:00,9.9700000000000006,9.9900000000000002,9.6899999999999995,9.7100000000000009,2915278,8063,9.8252609999999994
2024-07-25 04:00:00+00:00,9.7799999999999994,9.9299999999999997,9.7401,9.8200000000000003,1517666,4129,9.8417720000000006
2024-07-26 04:00:00+00:00,9.9199999999999999,9.9800000000000004,9.7700999999999993,9.8300000000000001,1582864,4673,9.8546429999999994
2024-07-29 04:00:00+00:00,9.8900000000000006,9.8900000000000006,9.8000000000000007,9.8200000000000003,647987,2176,9.8441329999999994
2024-07-30 04:00:00+00:00,9.8499999999999996,9.8900000000000006,9.7850000000000001,9.8900000000000006,895804,2901,9.8211220000000008
2024-07-31 04:00:00+00:00,9.9199999999999999,9.9700000000000006,9.9000000000000004,9.9499999999999993,901902,2933,9.9360999999999997
2024-08-01 04:00:00+00:00,9.9700000000000006,9.9700000000000006,9.8499999999999996,9.9100000000000001,872303,3585,9.9270259999999997
2024-08-02 04:00:00+00:00,9.8499999999999996,9.8800000000000008,9.7699999999999996,9.8200000000000003,1095101,4750,9.8103750000000005
2024-08-05 04:00:00+00:00,9.5999999999999996,9.7599999999999998,9.4499999999999993,9.6199999999999992,1905284,6502,9.6125609999999995
2024-08-06 04:00:00+00:00,9.7799999999999994,9.8499999999999996,9.6750000000000007,9.7400000000000002,1068560,3485,9.7823419999999999
2024-08-07 04:00:00+00:00,9.8399999999999999,9.9100000000000001,9.8100000000000005,9.8699999999999992,871811,3036,9.8610830000000007
2024-08-08 04:00:00+00:00,9.9299999999999997,10.039999999999999,9.8849999999999998,10.039999999999999,757565,2186,9.9828600000000005
2024-08-09 04:00:00+00:00,10.039999999999999,10.039999999999999,9.9100000000000001,9.9600000000000009,1299779,3741,9.9796329999999998
2024-08-12 04:00:00+00:00,9.7699999999999996,9.8199000000000005,9.7400000000000002,9.7899999999999991,953497,2397,9.7812429999999999
2024-08-13 04:00:00+00:00,9.8100000000000005,9.8300000000000001,9.7149999999999999,9.7400000000000002,918307,2811,9.7740810000000007
2024-08-14 04:00:00+00:00,9.7699999999999996,9.7730999999999995,9.6600000000000001,9.6799999999999997,654011,2625,9.7238209999999992
2024-08-15 04:00:00+00:00,9.6999999999999993,9.75,9.6300000000000008,9.7100000000000009,976035,2978,9.6883870000000005
2024-08-16 04:00:00+00:00,9.7300000000000004,9.8350000000000009,9.7149999999999999,9.7899999999999991,667379,2169,9.7973490000000005
2024-08-19 04:00:00+00:00,9.8699999999999992,9.9299999999999997,9.8599999999999994,9.8800000000000008,807363,2305,9.8950549999999993
2024-08-20 04:00:00+00:00,9.9000000000000004,9.9849999999999994,9.8800000000000008,9.9299999999999997,771082,2425,9.9459549999999997
2024-08-21 04:00:00+00:00,9.9499999999999993,10.01,9.9399999999999995,10,808987,2085,9.9721609999999998
2024-08-22 04:00:00+00:00,10.01,10.01,9.9000000000000004,9.9499999999999993,797503,2190,9.9692469999999993
2024-08-23 04:00:00+00:00,9.9800000000000004,10,9.9250000000000007,10,926029,2322,9.959187
2024-08-26 04:00:00+00:00,10,10,9.9299999999999997,9.9900000000000002,836114,2328,9.9629460000000005
2024-08-27 04:00:00+00:00,9.9499999999999993,9.9600000000000009,9.9000000000000004,9.9399999999999995,791738,1951,9.9323969999999999
2024-08-28 04:00:00+00:00,9.9199999999999999,9.9484999999999992,9.8599999999999994,9.9299999999999997,550448,2467,9.9032210000000003
2024-08-29 04:00:00+00:00,9.9499999999999993,9.9900000000000002,9.9299999999999997,9.9399999999999995,539855,1888,9.9549249999999994
2024-08-30 04:00:00+00:00,9.9800000000000004,10.01,9.9550000000000001,9.9900000000000002,1005279,2548,9.9791430000000005
2024-09-03 04:00:00+00:00,9.9000000000000004,9.9499999999999993,9.8599999999999994,9.9399999999999995,1163061,4589,9.9155990000000003
2024-09-04 04:00:00+00:00,9.9800000000000004,9.9800000000000004,9.9499999999999993,9.9800000000000004,568040,2171,9.9689870000000003
2024-09-05 04:00:00+00:00,10,10.050000000000001,9.9649999999999999,10.02,743462,2127,10.020163999999999
2024-09-06 04:00:00+00:00,10.029999999999999,10.039999999999999,9.9499999999999993,10.01,832511,2715,9.9900310000000001
2024-09-09 04:00:00+00:00,10.02,10.06,9.9900000000000002,10.06,1545045,3537,10.041976999999999
2024-09-10 04:00:00+00:00,9.9199999999999999,9.9499999999999993,9.8499999999999996,9.9100000000000001,689355,2479,9.9069509999999994
2024-09-11 04:00:00+00:00,9.9100000000000001,9.9170999999999996,9.7799999999999994,9.8000000000000007,777642,3345,9.8153039999999994
2024-09-12 04:00:00+00:00,9.8499999999999996,9.8499999999999996,9.7646999999999995,9.8000000000000007,697593,2312,9.793094
2024-09-13 04:00:00+00:00,9.8200000000000003,9.8200000000000003,9.7799999999999994,9.8000000000000007,623233,1953,9.7885720000000003
2024-09-16 04:00:00+00:00,9.8000000000000007,9.8100000000000005,9.7300000000000004,9.8100000000000005,1112586,2853,9.7925850000000008
2024-09-17 04:00:00+00:00,9.8399999999999999,9.8499999999999996,9.7799999999999994,9.7799999999999994,807156,2840,9.8005700000000004
2024-09-18 04:00:00+00:00,9.8000000000000007,9.8100000000000005,9.75,9.8000000000000007,863941,3050,9.7783289999999994
2024-09-19 04:00:00+00:00,9.8599999999999994,9.8599999999999994,9.7599999999999998,9.7699999999999996,830468,3543,9.7851800000000004
2024-09-20 04:00:00+00:00,9.7899999999999991,9.7899999999999991,9.7300000000000004,9.7599999999999998,670744,2335,9.7563010000000006
2024-09-23 04:00:00+00:00,9.7799999999999994,9.7799999999999994,9.7400000000000002,9.75,484094,1808,9.7510759999999994
2024-09-24 04:00:00+00:00,9.7599999999999998,9.7699999999999996,9.7050000000000001,9.7599999999999998,705809,2680,9.7385120000000001
2024-09-25 04:00:00+00:00,9.7300000000000004,9.75,9.7249999999999996,9.7300000000000004,544378,1798,9.7408909999999995
2024-09-26 04:00:00+00:00,9.7699999999999996,9.7699999999999996,9.7100000000000009,9.75,673536,2053,9.7405310000000007
2024-09-27 04:00:00+00:00,9.7699999999999996,9.7699999999999996,9.7200000000000006,9.7200000000000006,467352,2033,9.7358379999999993
2024-09-30 04:00:00+00:00,9.7699999999999996,9.8800000000000008,9.75,9.8599999999999994,1237419,3728,9.8201640000000001
2024-10-01 04:00:00+00:00,9.9000000000000004,9.9049999999999994,9.7599999999999998,9.7599999999999998,1029609,3808,9.8404260000000008
2024-10-02 04:00:00+00:00,9.8200000000000003,9.8200000000000003,9.7599999999999998,9.8200000000000003,807028,3516,9.7952019999999997
2024-10-03 04:00:00+00:00,9.8399999999999999,9.8399999999999999,9.7799999999999994,9.8300000000000001,686140,3134,9.7990130000000004
2024-10-04 04:00:00+00:00,9.8800000000000008,9.8900000000000006,9.8399999999999999,9.8699999999999992,818000,3215,9.8702679999999994
2024-10-07 04:00:00+00:00,9.8900000000000006,9.9100000000000001,9.8699999999999992,9.9100000000000001,912093,2968,9.8851669999999991
2024-10-08 04:00:00+00:00,9.9399999999999995,9.9800000000000004,9.9199999999999999,9.9800000000000004,964831,2794,9.9432849999999995
2024-10-09 04:00:00+00:00,9.9800000000000004,10,9.9198000000000004,9.9399999999999995,1414200,3665,9.9463910000000002
2024-10-10 04:00:00+00:00,9.9399999999999995,9.9488000000000003,9.9100000000000001,9.9199999999999999,1256147,2652,9.9233840000000004
2024-10-11 04:00:00+00:00,9.7899999999999991,9.8100000000000005,9.75,9.7699999999999996,917588,2794,9.7761270000000007
2024-10-14 04:00:00+00:00,9.7699999999999996,9.7750000000000004,9.6500000000000004,9.6999999999999993,1520473,4579,9.7000670000000007
2024-10-15 04:00:00+00:00,9.7100000000000009,9.7199000000000009,9.6600000000000001,9.6999999999999993,487262,2091,9.6898490000000006
2024-10-16 04:00:00+00:00,9.7400000000000002,9.7400000000000002,9.6899999999999995,9.6999999999999993,643735,2117,9.7005739999999996
2024-10-17 04:00:00+00:00,9.7100000000000009,9.7249999999999996,9.6899999999999995,9.6999999999999993,654000,2118,9.7087020000000006
2024-10-18 04:00:00+00:00,9.7200000000000006,9.7249999999999996,9.7100000000000009,9.7200000000000006,430206,1529,9.7153329999999993
2024-10-21 04:00:00+00:00,9.7400000000000002,9.7599999999999998,9.6999999999999993,9.75,845821,1829,9.7215690000000006
2024-10-22 04:00:00+00:00,9.7899999999999991,9.7899999999999991,9.6799999999999997,9.6999999999999993,693077,2191,9.7146380000000008
2024-10-23 04:00:00+00:00,9.7100000000000009,9.7200000000000006,9.6500000000000004,9.6699999999999999,552663,1971,9.6821179999999991
2024-10-24 04:00:00+00:00,9.6799999999999997,9.6999999999999993,9.5700000000000003,9.5700000000000003,1406982,2517,9.6521030000000003
2024-10-25 04:00:00+00:00,9.6500000000000004,9.6699999999999999,9.5999999999999996,9.6099999999999994,806203,2535,9.6357979999999994
2024-10-28 04:00:00+00:00,9.6300000000000008,9.6300000000000008,9.5700000000000003,9.5800000000000001,737100,2885,9.5940100000000008
2024-10-29 04:00:00+00:00,9.5600000000000005,9.5800000000000001,9.5299999999999994,9.5500000000000007,922011,2487,9.5595669999999995
2024-10-30 04:00:00+00:00,9.5199999999999996,9.5568000000000008,9.5199999999999996,9.5500000000000007,812497,2707,9.5379640000000006
2024-10-31 04:00:00+00:00,9.5600000000000005,9.5800000000000001,9.5099999999999998,9.5700000000000003,727990,2389,9.5437139999999996
2024-11-01 04:00:00+00:00,9.5999999999999996,9.6999999999999993,9.5950000000000006,9.6899999999999995,890579,3600,9.6342199999999991
2024-11-04 05:00:00+00:00,9.7400000000000002,9.7400000000000002,9.5900999999999996,9.6199999999999992,1155093,3153,9.6791769999999993
2024-11-05 05:00:00+00:00,9.6199999999999992,9.6999999999999993,9.5503999999999998,9.6899999999999995,545806,2598,9.6278319999999997
2024-11-06 05:00:00+00:00,9.7799999999999994,9.7799999999999994,9.5099999999999998,9.6400000000000006,1872101,4802,9.6208679999999998
2024-11-07 05:00:00+00:00,9.6500000000000004,9.8000000000000007,9.6400000000000006,9.75,1005660,2463,9.7254179999999995
2024-11-08 05:00:00+00:00,9.7899999999999991,9.7899999999999991,9.6899999999999995,9.6999999999999993,1416556,3648,9.7148120000000002
2024-11-11 05:00:00+00:00,9.7200000000000006,9.7300000000000004,9.6400000000000006,9.6999999999999993,1808735,4020,9.6965029999999999
2024-11-12 05:00:00+00:00,9.5399999999999991,9.5399999999999991,9.3000000000000007,9.3699999999999992,1816430,6574,9.4249369999999999
2024-11-13 05:00:00+00:00,9.4000000000000004,9.4600000000000009,9.3300000000000001,9.4100000000000001,1055341,3326,9.38246
2024-11-14 05:00:00+00:00,9.3699999999999992,9.3849999999999998,8.9399999999999995,9.2699999999999996,3604743,9852,9.1718539999999997
2024-11-15 05:00:00+00:00,9.2400000000000002,9.2400000000000002,9.0899999999999999,9.1300000000000008,1239634,4127,9.1375270000000004
2024-11-18 05:00:00+00:00,9.0999999999999996,9.1091999999999995,8.9499999999999993,8.9800000000000004,2097926,6260,9.0045149999999996
2024-11-19 05:00:00+00:00,8.9600000000000009,9.0700000000000003,8.8949999999999996,9.0500000000000007,1121589,3396,9.0064329999999995
2024-11-20 05:00:00+00:00,9.0199999999999996,9.0250000000000004,8.9499999999999993,8.9800000000000004,887949,2926,8.979832
2024-11-21 05:00:00+00:00,8.9900000000000002,9.0299999999999994,8.9199999999999999,8.9399999999999995,1093201,3234,8.9602920000000008
2024-11-22 05:00:00+00:00,8.9499999999999993,9.0700000000000003,8.8900000000000006,9.0500000000000007,865054,2762,8.9924370000000007
2024-11-25 05:00:00+00:00,9.0999999999999996,9.1699000000000002,9.0600000000000005,9.1099999999999994,885112,2897,9.1136350000000004
2024-11-26 05:00:00+00:00,9.1500000000000004,9.1500000000000004,9.0299999999999994,9.0899999999999999,702577,2365,9.0741560000000003
2024-11-27 05:00:00+00:00,9.0999999999999996,9.0999999999999996,9.0299999999999994,9.0899999999999999,868576,2642,9.0651030000000006
2024-11-29 05:00:00+00:00,9.1199999999999992,9.1400000000000006,9.0600000000000005,9.0899999999999999,1202479,2814,9.0891380000000002
2024-12-02 05:00:00+00:00,9.0899999999999999,9.0999999999999996,9.0199999999999996,9.0899999999999999,1060688,3746,9.0675139999999992
2024-12-03 05:00:00+00:00,9.1400000000000006,9.3200000000000003,9.0999999999999996,9.2899999999999991,1900769,4776,9.2039629999999999
2024-12-04 05:00:00+00:00,9.4000000000000004,9.5,9.3800000000000008,9.4800000000000004,2027959,4739,9.4697030000000009
2024-12-05 05:00:00+00:00,9.5099999999999998,9.5199999999999996,9.4399999999999995,9.4900000000000002,1264648,3530,9.4941580000000005
2024-12-06 05:00:00+00:00,9.5299999999999994,9.5299999999999994,9.4399999999999995,9.4700000000000006,981964,2764,9.4717509999999994
2024-12-09 05:00:00+00:00,9.4800000000000004,9.4800000000000004,9.4100000000000001,9.4299999999999997,1036442,3095,9.4450749999999992
2024-12-10 05:00:00+00:00,9.4299999999999997,9.4800000000000004,9.3300000000000001,9.3499999999999996,1505143,4056,9.4132239999999996
2024-12-11 05:00:00+00:00,9.2200000000000006,9.2200000000000006,9.0700000000000003,9.1300000000000008,1062392,3340,9.1303730000000005
2024-12-12 05:00:00+00:00,9.0800000000000001,9.1300000000000008,9.0199999999999996,9.0299999999999994,1464824,4481,9.0625619999999998
2024-12-13 05:00:00+00:00,9.0549999999999997,9.0549999999999997,8.9550000000000001,9,1263545,3541,8.9882489999999997
2024-12-16 05:00:00+00:00,9,9.0099999999999998,8.8600999999999992,8.8800000000000008,1858229,4313,8.953462
2024-12-17 05:00:00+00:00,8.8499999999999996,8.8499999999999996,8.6799999999999997,8.8200000000000003,1413434,4525,8.7773389999999996
2024-12-18 05:00:00+00:00,8.8399999999999999,8.875,8.6999999999999993,8.75,968570,2787,8.789021
2024-12-19 05:00:00+00:00,8.7799999999999994,8.8000000000000007,8.6999999999999993,8.7100000000000009,908608,2427,8.73658
2024-12-20 05:00:00+00:00,8.6999999999999993,8.8499999999999996,8.6999999999999993,8.7899999999999991,959122,2762,8.7892060000000001
2024-12-23 05:00:00+00:00,8.7599999999999998,8.8100000000000005,8.6999999999999993,8.8100000000000005,1057252,3126,8.7585700000000006
2024-12-24 05:00:00+00:00,8.8200000000000003,8.8450000000000006,8.75,8.8100000000000005,484661,1449,8.8023059999999997
2024-12-26 05:00:00+00:00,8.8399999999999999,8.9399999999999995,8.8300000000000001,8.8599999999999994,920672,2707,8.8835639999999998
2024-12-27 05:00:00+00:00,8.8800000000000008,8.8800000000000008,8.7899999999999991,8.8200000000000003,870983,2465,8.8199620000000003
2024-12-30 05:00:00+00:00,8.7899999999999991,8.8100000000000005,8.5600000000000005,8.6999999999999993,2215294,5838,8.6852090000000004
2024-12-31 05:00:00+00:00,8.75,8.8900000000000006,8.7129999999999992,8.8800000000000008,1235214,3112,8.8116470000000007
2025-01-02 05:00:00+00:00,8.9100000000000001,9.1199999999999992,8.8800000000000008,9.0600000000000005,808931,2990,9.023237
2025-01-03 05:00:00+00:00,9.0999999999999996,9.2300000000000004,9.0600000000000005,9.1400000000000006,1340355,3846,9.1746780000000001
2025-01-06 05:00:00+00:00,9.1400000000000006,9.1999999999999993,9.1099999999999994,9.1199999999999992,938544,2870,9.1458499999999994
2025-01-07 05:00:00+00:00,9.1400000000000006,9.1799999999999997,9.0199999999999996,9.0700000000000003,701053,2144,9.1206569999999996
2025-01-08 05:00:00+00:00,9.0700000000000003,9.1400000000000006,9.0299999999999994,9.1199999999999992,616518,1760,9.0980740000000004
2025-01-10 05:00:00+00:00,9.0999999999999996,9.1199999999999992,8.9600000000000009,9.1099999999999994,1165020,3718,9.0666600000000006
2025-01-13 05:00:00+00:00,8.9000000000000004,8.9700000000000006,8.8599999999999994,8.9000000000000004,780641,2149,8.9011479999999992
2025-01-14 05:00:00+00:00,8.8900000000000006,8.9100000000000001,8.8300000000000001,8.8900000000000006,1191278,2500,8.8847919999999991
2025-01-15 05:00:00+00:00,8.9700000000000006,8.9900000000000002,8.8499999999999996,8.8599999999999994,1125671,3243,8.8964180000000006
2025-01-16 05:00:00+00:00,8.8900000000000006,8.8900000000000006,8.8200000000000003,8.8399999999999999,719571,2060,8.8474909999999998
2025-01-17 05:00:00+00:00,8.8599999999999994,8.8699999999999992,8.8200000000000003,8.8499999999999996,634692,1971,8.8436339999999998
2025-01-21 05:00:00+00:00,8.8699999999999992,8.8742000000000001,8.8499999999999996,8.8499999999999996,623256,1686,8.8553890000000006
2025-01-22 05:00:00+00:00,8.8699999999999992,8.8798999999999992,8.7200000000000006,8.7899999999999991,986295,3509,8.8044799999999999
2025-01-23 05:00:00+00:00,8.7699999999999996,8.8392999999999997,8.7524999999999995,8.8000000000000007,1138149,2812,8.7874479999999995
2025-01-24 05:00:00+00:00,8.8000000000000007,8.8100000000000005,8.6999999999999993,8.7200000000000006,2330086,4575,8.7406989999999993
2025-01-27 05:00:00+00:00,8.6899999999999995,8.75,8.6699999999999999,8.7200000000000006,775067,2604,8.7115589999999994
2025-01-28 05:00:00+00:00,8.7400000000000002,8.75,8.6799999999999997,8.7400000000000002,585309,1769,8.7282189999999993
2025-01-29 05:00:00+00:00,8.75,8.7550000000000008,8.7050000000000001,8.7300000000000004,663477,1922,8.730219
2025-01-30 05:00:00+00:00,8.7300000000000004,8.7699999999999996,8.7255000000000003,8.75,738127,2000,8.752815
2025-01-31 05:00:00+00:00,8.8000000000000007,8.8350000000000009,8.7799999999999994,8.7799999999999994,828390,2789,8.8157420000000002
2025-02-03 05:00:00+00:00,8.7100000000000009,8.75,8.6899999999999995,8.7400000000000002,1012195,3347,8.7278970000000005
2025-02-04 05:00:00+00:00,8.7799999999999994,8.8399999999999999,8.7599999999999998,8.8200000000000003,894893,2846,8.8056859999999997
2025-02-05 05:00:00+00:00,8.8699999999999992,8.8699999999999992,8.8200000000000003,8.8699999999999992,1131866,2678,8.8418069999999993
2025-02-06 05:00:00+00:00,8.8499999999999996,8.9299999999999997,8.8499999999999996,8.9100000000000001,893140,2234,8.9021380000000008
2025-02-07 05:00:00+00:00,8.9299999999999997,8.9600000000000009,8.8699999999999992,8.9399999999999995,1411758,3293,8.9106529999999999
2025-02-10 05:00:00+00:00,8.8000000000000007,8.8300000000000001,8.7370999999999999,8.75,1149434,3197,8.7811240000000002
2025-02-11 05:00:00+00:00,8.75,8.7699999999999996,8.6999999999999993,8.7300000000000004,798189,2047,8.7339570000000002
2025-02-12 05:00:00+00:00,8.7300000000000004,8.7400000000000002,8.6600000000000001,8.7100000000000009,1254256,2878,8.7083220000000008
2025-02-13 05:00:00+00:00,8.6799999999999997,8.7100000000000009,8.6500000000000004,8.6600000000000001,892304,2707,8.6824320000000004
2025-02-14 05:00:00+00:00,8.6600000000000001,8.6799999999999997,8.6300000000000008,8.6300000000000008,918085,2718,8.6515090000000008
2025-02-18 05:00:00+00:00,8.6400000000000006,8.6486000000000001,8.5999999999999996,8.6300000000000008,803916,2369,8.6266750000000005
2025-02-19 05:00:00+00:00,8.6500000000000004,8.6600000000000001,8.5999999999999996,8.6400000000000006,692524,2025,8.635707
2025-02-20 05:00:00+00:00,8.6400000000000006,8.8599999999999994,8.6300000000000008,8.8599999999999994,1145225,2718,8.7375520000000009
2025-02-21 05:00:00+00:00,8.8499999999999996,8.8599999999999994,8.7598000000000003,8.7899999999999991,864302,2738,8.8026780000000002
2025-02-24 05:00:00+00:00,8.7699999999999996,8.7799999999999994,8.6699999999999999,8.7400000000000002,916124,2329,8.7212460000000007
2025-02-25 05:00:00+00:00,8.75,8.7699999999999996,8.6999999999999993,8.6999999999999993,645610,1629,8.7195300000000007
2025-02-26 05:00:00+00:00,8.7200000000000006,8.7400000000000002,8.6999999999999993,8.7200000000000006,672206,1732,8.7183410000000006
2025-02-27 05:00:00+00:00,8.7400000000000002,8.7499000000000002,8.6699999999999999,8.6799999999999997,573937,1629,8.7070419999999995
2025-02-28 05:00:00+00:00,8.7300000000000004,8.7599999999999998,8.6799999999999997,8.7599999999999998,1109994,3237,8.7086970000000008
2025-03-03 05:00:00+00:00,8.8499999999999996,8.8499999999999996,8.7799999999999994,8.7799999999999994,1793017,4468,8.8160039999999995
2025-03-04 05:00:00+00:00,8.8100000000000005,8.8199000000000005,8.75,8.7599999999999998,1842386,5194,8.7697819999999993
2025-03-05 05:00:00+00:00,8.8000000000000007,8.8300000000000001,8.7699999999999996,8.8200000000000003,1468513,3556,8.8030460000000001
2025-03-06 05:00:00+00:00,8.8100000000000005,8.8499999999999996,8.7599999999999998,8.8200000000000003,842751,2375,8.8137039999999995
2025-03-07 05:00:00+00:00,8.8000000000000007,8.8499999999999996,8.7599999999999998,8.8000000000000007,1327137,3478,8.8074180000000002
2025-03-10 04:00:00+00:00,8.8000000000000007,8.8599999999999994,8.7200000000000006,8.7599999999999998,1823496,4069,8.7968759999999993
2025-03-11 04:00:00+00:00,8.6400000000000006,8.6500000000000004,8.0500000000000007,8.2599999999999998,4522874,13849,8.2756270000000001
2025-03-12 04:00:00+00:00,8.2699999999999996,8.2942,8.0500000000000007,8.1600000000000001,2442096,7561,8.146706
2025-03-13 04:00:00+00:00,8.1999999999999993,8.2899999999999991,8.0999999999999996,8.1300000000000008,888080,3646,8.185473
2025-03-14 04:00:00+00:00,8.1799999999999997,8.3200000000000003,8.1500000000000004,8.2400000000000002,784981,2287,8.2290989999999997
2025-03-17 04:00:00+00:00,8.1999999999999993,8.2693999999999992,8.0199999999999996,8.0500000000000007,1848638,5401,8.1059269999999994
2025-03-18 04:00:00+00:00,8.0399999999999991,8.0500000000000007,7.9000000000000004,7.9299999999999997,1708990,5284,7.9601680000000004
2025-03-19 04:00:00+00:00,8,8,7.3600000000000003,7.7000000000000002,4245573,12142,7.6166270000000003
2025-03-20 04:00:00+00:00,7.6900000000000004,7.8899999999999997,7.5650000000000004,7.8899999999999997,1407913,5609,7.785253
2025-03-21 04:00:00+00:00,7.8399999999999999,8.0085999999999995,7.8376999999999999,7.9199999999999999,773858,2191,7.9285569999999996
2025-03-24 04:00:00+00:00,8.0199999999999996,8.1400000000000006,7.9400000000000004,7.96,1352162,4379,8.0326400000000007
2025-03-25 04:00:00+00:00,7.96,8.1199999999999992,7.9500000000000002,8.0600000000000005,829701,2056,8.054551
2025-03-26 04:00:00+00:00,8.1099999999999994,8.1351999999999993,7.9800000000000004,8.0299999999999994,635855,1903,8.0410430000000002
2025-03-27 04:00:00+00:00,8.0299999999999994,8.1356000000000002,7.9649999999999999,8.0500000000000007,845473,2696,8.0529770000000003
2025-03-28 04:00:00+00:00,8.0549999999999997,8.0549999999999997,7.9526000000000003,8.0500000000000007,608508,2236,8.0086469999999998
2025-03-31 04:00:00+00:00,7.9800000000000004,8.0999999999999996,7.8250000000000002,8.0999999999999996,1317288,5253,7.9822340000000001
2025-04-01 04:00:00+00:00,8.0999999999999996,8.2400000000000002,8.0800000000000001,8.2100000000000009,826665,2772,8.1686060000000005
2025-04-02 04:00:00+00:00,8.2100000000000009,8.3499999999999996,8.1600000000000001,8.3100000000000005,1292034,3559,8.2603729999999995
2025-04-03 04:00:00+00:00,8.0600000000000005,8.1400000000000006,7.7199999999999998,7.7400000000000002,2216327,7768,7.8604459999999996
2025-04-04 04:00:00+00:00,7.6600000000000001,7.6600000000000001,6.9500000000000002,7.21,2884772,9956,7.3097630000000002
2025-04-07 04:00:00+00:00,6.8300000000000001,7.2279999999999998,6.54,7.0499999999999998,2597652,6344,6.930777
2025-04-08 04:00:00+00:00,7.4400000000000004,7.6500000000000004,7.1448999999999998,7.2199999999999998,2586258,10407,7.4025239999999997
2025-04-09 04:00:00+00:00,7.2000000000000002,8.0899999999999999,7.0899999999999999,8.0199999999999996,2908234,7820,7.6408620000000003
2025-04-10 04:00:00+00:00,7.5899999999999999,7.5999999999999996,7.2199999999999998,7.2800000000000002,2336911,7737,7.3963710000000003
2025-04-11 04:00:00+00:00,7.2800000000000002,7.2999999999999998,7.0170000000000003,7.0300000000000002,2265307,4853,7.1165380000000003
2025-04-14 04:00:00+00:00,7.1600000000000001,7.1900000000000004,6.9400000000000004,6.9400000000000004,1664382,4911,7.0711120000000003
2025-04-15 04:00:00+00:00,6.9500000000000002,7.5199999999999996,6.9100000000000001,7.3899999999999997,4626092,19420,7.3131050000000002
2025-04-16 04:00:00+00:00,7.4699999999999998,7.5499999999999998,7.29,7.29,2401915,8473,7.427047
2025-04-17 04:00:00+00:00,7.4100000000000001,7.5999999999999996,7.3700000000000001,7.3799999999999999,1783888,6091,7.493614
2025-04-21 04:00:00+00:00,7.3600000000000003,7.3899999999999997,7.2350000000000003,7.3799999999999999,1295612,4192,7.3132429999999999
2025-04-22 04:00:00+00:00,7.4900000000000002,7.5999999999999996,7.4109999999999996,7.5999999999999996,1132937,3295,7.5251299999999999
2025-04-23 04:00:00+00:00,7.75,7.7699999999999996,7.6120000000000001,7.6600000000000001,1076634,3700,7.6873760000000004
2025-04-24 04:00:00+00:00,7.71,7.7599999999999998,7.6849999999999996,7.7199999999999998,901887,3749,7.7286390000000003
2025-04-25 04:00:00+00:00,7.7599999999999998,7.8099999999999996,7.7201000000000004,7.7800000000000002,797513,2900,7.7906820000000003
2025-04-28 04:00:00+00:00,7.8200000000000003,7.8499999999999996,7.7599999999999998,7.8099999999999996,853023,3025,7.7963959999999997
2025-04-29 04:00:00+00:00,7.8399999999999999,7.8499999999999996,7.75,7.7999999999999998,921010,3397,7.7887269999999997
2025-04-30 04:00:00+00:00,7.7699999999999996,7.7800000000000002,7.6799999999999997,7.7699999999999996,1674565,4537,7.739852
2025-05-01 04:00:00+00:00,7.8499999999999996,7.8600000000000003,7.7699999999999996,7.7699999999999996,1153033,3898,7.8147729999999997
2025-05-02 04:00:00+00:00,7.8600000000000003,7.8600000000000003,7.8200000000000003,7.8200000000000003,1120651,3972,7.8399760000000001
2025-05-05 04:00:00+00:00,7.8300000000000001,7.9800000000000004,7.8099999999999996,7.9699999999999998,1225527,5068,7.9176989999999998
2025-05-06 04:00:00+00:00,7.9400000000000004,8.1199999999999992,7.9000000000000004,8.1199999999999992,1406047,3724,8.0101879999999994
2025-05-07 04:00:00+00:00,8.1199999999999992,8.2300000000000004,8.0600000000000005,8.1500000000000004,986162,3655,8.1595759999999995
2025-05-08 04:00:00+00:00,7.9400000000000004,8.0500000000000007,7.8200000000000003,7.9900000000000002,2279776,6899,7.9631090000000002
2025-05-09 04:00:00+00:00,8.0500000000000007,8.0500000000000007,7.9900000000000002,7.9900000000000002,1281604,3976,8.0112199999999998
2025-05-12 04:00:00+00:00,8.0199999999999996,8.0199999999999996,7.8300000000000001,7.9000000000000004,1381137,4823,7.9214539999999998
2025-05-13 04:00:00+00:00,7.8600000000000003,7.9181999999999997,7.8000999999999996,7.8399999999999999,1333852,3810,7.8576439999999996
2025-05-14 04:00:00+00:00,7.8099999999999996,7.8300000000000001,7.6600000000000001,7.7199999999999998,1317782,4201,7.7320450000000003
2025-05-15 04:00:00+00:00,7.6600000000000001,7.75,7.6500000000000004,7.7300000000000004,676575,1999,7.7081289999999996
2025-05-16 04:00:00+00:00,7.7400000000000002,7.8899999999999997,7.7199999999999998,7.8899999999999997,633460,2091,7.8149889999999997
2025-05-19 04:00:00+00:00,7.7599999999999998,7.8300000000000001,7.7199999999999998,7.7999999999999998,767280,2562,7.7917050000000003
2025-05-20 04:00:00+00:00,7.7999999999999998,7.7999999999999998,7.71,7.71,618313,2008,7.7521950000000004
2025-05-21 04:00:00+00:00,7.71,7.7350000000000003,7.4800000000000004,7.5499999999999998,990623,3931,7.593553
2025-05-22 04:00:00+00:00,7.5999999999999996,7.5999999999999996,7.4199999999999999,7.4400000000000004,835933,3469,7.4882730000000004
2025-05-23 04:00:00+00:00,7.4000000000000004,7.5300000000000002,7.3746,7.5,589911,2281,7.4711379999999998
2025-05-27 04:00:00+00:00,7.6299999999999999,7.6799999999999997,7.5599999999999996,7.6600000000000001,914043,2462,7.6274030000000002
2025-05-28 04:00:00+00:00,7.4100000000000001,7.5499999999999998,7.3899999999999997,7.5199999999999996,2017125,5984,7.479457
2025-05-29 04:00:00+00:00,7.5499999999999998,7.7000000000000002,7.5499999999999998,7.7000000000000002,921744,2745,7.6497510000000002
2025-05-30 04:00:00+00:00,7.7249999999999996,7.8799999999999999,7.7138,7.8799999999999999,1327814,4196,7.8077030000000001
2025-06-02 04:00:00+00:00,7.8799999999999999,7.9299999999999997,7.8099999999999996,7.8600000000000003,1141166,4049,7.8712400000000002
2025-06-03 04:00:00+00:00,7.8700000000000001,7.8738000000000001,7.7319000000000004,7.7699999999999996,1291067,3304,7.7901990000000003
2025-06-04 04:00:00+00:00,7.79,7.79,7.5899999999999999,7.6399999999999997,1468046,5145,7.6474799999999998
2025-06-05 04:00:00+00:00,7.7199999999999998,7.7798999999999996,7.6769999999999996,7.7599999999999998,902336,2813,7.7426139999999997
2025-06-06 04:00:00+00:00,7.8499999999999996,7.9199999999999999,7.8099999999999996,7.9100000000000001,1530738,3452,7.885802
2025-06-09 04:00:00+00:00,7.9400000000000004,7.9950000000000001,7.9199999999999999,7.9199999999999999,2299585,5888,7.9481210000000004
2025-06-10 04:00:00+00:00,7.7199999999999998,7.8700000000000001,7.6600000000000001,7.7999999999999998,1712889,4303,7.778619
2025-06-11 04:00:00+00:00,7.8200000000000003,7.8250000000000002,7.6600000000000001,7.6699999999999999,1243608,4297,7.7118019999999996
2025-06-12 04:00:00+00:00,7.6900000000000004,7.6900000000000004,7.5700000000000003,7.5800000000000001,1045264,3013,7.6059469999999996
2025-06-13 04:00:00+00:00,7.5599999999999996,7.5599999999999996,7.4800000000000004,7.5199999999999996,901978,2800,7.5235820000000002
2025-06-16 04:00:00+00:00,7.5199999999999996,7.5999999999999996,7.5197000000000003,7.5199999999999996,717525,2082,7.5626069999999999
2025-06-17 04:00:00+00:00,7.54,7.5800000000000001,7.46,7.5300000000000002,1041930,3386,7.5134809999999996
2025-06-18 04:00:00+00:00,7.5800000000000001,7.6200000000000001,7.5300000000000002,7.5300000000000002,557911,1957,7.5660809999999996
2025-06-20 04:00:00+00:00,7.5499999999999998,7.5800000000000001,7.5199999999999996,7.5499999999999998,771694,3106,7.5561790000000002
2025-06-23 04:00:00+00:00,7.54,7.54,7.4299999999999997,7.4800000000000004,1346923,3498,7.4717460000000004
2025-06-24 04:00:00+00:00,7.4800000000000004,7.5599999999999996,7.4800000000000004,7.5499999999999998,917229,2983,7.5295310000000004
2025-06-25 04:00:00+00:00,7.5599999999999996,7.6200000000000001,7.5199999999999996,7.5300000000000002,676937,2801,7.564432
2025-06-26 04:00:00+00:00,7.5499999999999998,7.5599999999999996,7.5,7.5300000000000002,896479,2773,7.5287959999999998
2025-06-27 04:00:00+00:00,7.54,7.5899999999999999,7.5099999999999998,7.5700000000000003,931323,2997,7.5649090000000001
2025-06-30 04:00:00+00:00,7.5800000000000001,7.6600000000000001,7.5635000000000003,7.6600000000000001,1416180,4660,7.605124
2025-07-01 04:00:00+00:00,7.6600000000000001,7.7199999999999998,7.6200000000000001,7.71,1379588,4833,7.691522
2025-07-02 04:00:00+00:00,7.7300000000000004,7.7699999999999996,7.71,7.7599999999999998,2373087,3512,7.7409330000000001
2025-07-03 04:00:00+00:00,7.7699999999999996,7.8200000000000003,7.7400000000000002,7.7699999999999996,774494,2791,7.7899349999999998
2025-07-07 04:00:00+00:00,7.7699999999999996,7.7999999999999998,7.7199999999999998,7.75,1711895,4900,7.7581220000000002
2025-07-08 04:00:00+00:00,7.75,7.7999999999999998,7.75,7.79,1963902,5009,7.7737350000000003
2025-07-09 04:00:00+00:00,7.79,7.7999999999999998,7.7400000000000002,7.75,1743443,4913,7.7634400000000001
2025-07-10 04:00:00+00:00,7.7800000000000002,7.8300000000000001,7.75,7.7999999999999998,1818515,3858,7.7922500000000001
2025-07-11 04:00:00+00:00,7.6100000000000003,7.6200000000000001,7.5,7.5999999999999996,1776875,4396,7.5475479999999999
2025-07-14 04:00:00+00:00,7.5700000000000003,7.5800000000000001,7.4000000000000004,7.5,2664580,6567,7.462415
2025-07-15 04:00:00+00:00,7.4900000000000002,7.4900000000000002,7.3650000000000002,7.3799999999999999,1752406,4393,7.4023680000000001
2025-07-16 04:00:00+00:00,7.3799999999999999,7.3997999999999999,7.2699999999999996,7.3300000000000001,1307651,4160,7.3170770000000003
2025-07-17 04:00:00+00:00,7.2999999999999998,7.4100000000000001,7.2300000000000004,7.4100000000000001,1975556,5493,7.294422
2025-07-18 04:00:00+00:00,7.3799999999999999,7.4500000000000002,7.2400000000000002,7.4500000000000002,2289335,5294,7.3471460000000004
2025-07-21 04:00:00+00:00,7.3899999999999997,7.3899999999999997,7.2699999999999996,7.2999999999999998,1620748,4383,7.3060960000000001
2025-07-22 04:00:00+00:00,7.29,7.3899999999999997,7.2599999999999998,7.3700000000000001,872642,2493,7.3208200000000003
2025-07-23 04:00:00+00:00,7.2999999999999998,7.3899999999999997,7.1150000000000002,7.1399999999999997,2825808,7185,7.2389359999999998
2025-07-24 04:00:00+00:00,7.0499999999999998,7.0800000000000001,6.5800000000000001,6.7000000000000002,6370575,14132,6.7608269999999999
2025-07-25 04:00:00+00:00,6.6200000000000001,6.9349999999999996,6.5499999999999998,6.9100000000000001,1948015,4542,6.8150250000000003
2025-07-28 04:00:00+00:00,6.9000000000000004,7.0499999999999998,6.8901000000000003,7.0099999999999998,1649421,3487,6.9797750000000001
2025-07-29 04:00:00+00:00,7.0700000000000003,7.1098999999999997,6.9950000000000001,7.0499999999999998,1376332,2894,7.0472200000000003
2025-07-30 04:00:00+00:00,7.0599999999999996,7.0698999999999996,6.8600000000000003,6.8700000000000001,1312683,3733,6.9439380000000002
2025-07-31 04:00:00+00:00,6.9699999999999998,6.9775,6.8499999999999996,6.8799999999999999,1280091,3797,6.9208689999999997
2025-08-01 04:00:00+00:00,6.8600000000000003,6.8700000000000001,6.6950000000000003,6.7999999999999998,1658629,5394,6.7968650000000004
2025-08-04 04:00:00+00:00,6.7999999999999998,6.9653,6.7800000000000002,6.8899999999999997,1970947,4574,6.9002829999999999
2025-08-05 04:00:00+00:00,6.9800000000000004,7,6.9199999999999999,7,1404761,3891,6.9699169999999997
2025-08-06 04:00:00+00:00,7.0199999999999996,7.04,6.8099999999999996,6.8200000000000003,1866260,5202,6.9388870000000002
2025-08-07 04:00:00+00:00,6.8099999999999996,6.8200000000000003,6.3300000000000001,6.4100000000000001,4274478,11345,6.4938640000000003
2025-08-08 04:00:00+00:00,6.46,6.4800000000000004,6,6.2300000000000004,6605946,15568,6.2523879999999998
2025-08-11 04:00:00+00:00,6.1799999999999997,6.2699999999999996,6.0999999999999996,6.25,2793991,6580,6.2020369999999998
2025-08-12 04:00:00+00:00,6.4299999999999997,6.8700000000000001,6.4000000000000004,6.8499999999999996,3528795,11157,6.7065210000000004
2025-08-13 04:00:00+00:00,6.8600000000000003,6.8600000000000003,6.75,6.8300000000000001,1540543,4455,6.7927609999999996
2025-08-14 04:00:00+00:00,6.7999999999999998,6.8300000000000001,6.6399999999999997,6.6600000000000001,1267677,3642,6.7070400000000001
2025-08-15 04:00:00+00:00,6.6600000000000001,6.7199999999999998,6.6500000000000004,6.71,883869,2322,6.6930540000000001
2025-08-18 04:00:00+00:00,6.7199999999999998,6.79,6.6900000000000004,6.7599999999999998,665200,1678,6.750807
2025-08-19 04:00:00+00:00,6.7999999999999998,6.8399999999999999,6.7450000000000001,6.7999999999999998,734657,1971,6.7932920000000001
2025-08-20 04:00:00+00:00,6.8099999999999996,6.8292000000000002,6.71,6.75,650101,2022,6.7538179999999999
2025-08-21 04:00:00+00:00,6.7999999999999998,6.8849999999999998,6.7400000000000002,6.8799999999999999,837845,2255,6.8307229999999999
2025-08-22 04:00:00+00:00,6.8799999999999999,7.04,6.8600000000000003,7.04,1104694,3083,6.9565640000000002
2025-08-25 04:00:00+00:00,7.0300000000000002,7.2199999999999998,7.0300000000000002,7.04,2103469,4869,7.1536900000000001
2025-08-26 04:00:00+00:00,7.0700000000000003,7.2497999999999996,7.04,7.2400000000000002,1598242,9673,7.1873230000000001
2025-08-27 04:00:00+00:00,7.2400000000000002,7.3250000000000002,7.2016999999999998,7.21,1670493,5509,7.2752129999999999
2025-08-28 04:00:00+00:00,7.25,7.3499999999999996,7.2300000000000004,7.3399999999999999,781602,2248,7.3020189999999996
2025-08-29 04:00:00+00:00,7.4000000000000004,7.5499999999999998,7.3600000000000003,7.5499999999999998,2493513,5976,7.4546429999999999
2025-09-02 04:00:00+00:00,7.5099999999999998,7.5499999999999998,7.4000000000000004,7.5199999999999996,1822940,5581,7.4784980000000001
2025-09-03 04:00:00+00:00,7.5700000000000003,7.6399999999999997,7.54,7.5899999999999999,1509570,4518,7.5950819999999997
2025-09-04 04:00:00+00:00,7.6100000000000003,7.7199999999999998,7.5599999999999996,7.7000000000000002,1560540,3843,7.6604710000000003
2025-09-05 04:00:00+00:00,7.7400000000000002,7.7699999999999996,7.5499999999999998,7.5499999999999998,2134389,5368,7.6759279999999999
2025-09-08 04:00:00+00:00,7.6399999999999997,7.6399999999999997,7.4500000000000002,7.5300000000000002,2554305,6152,7.5105209999999998
2025-09-09 04:00:00+00:00,7.4000000000000004,7.4000000000000004,7.1399999999999997,7.1399999999999997,4217986,11356,7.2402129999999998
2025-09-10 04:00:00+00:00,6.96,7.1500000000000004,6.8799999999999999,7.0499999999999998,1998547,5916,7.0719390000000004
2025-09-11 04:00:00+00:00,7.0999999999999996,7.1600000000000001,7.0449999999999999,7.0499999999999998,2502258,5204,7.0939319999999997
2025-09-12 04:00:00+00:00,7.0599999999999996,7.0899999999999999,7.0149999999999997,7.0199999999999996,1198416,3194,7.0414529999999997
2025-09-15 04:00:00+00:00,7.0449999999999999,7.0698999999999996,6.9801000000000002,7.0099999999999998,1366409,3915,7.0229860000000004
2025-09-16 04:00:00+00:00,7.04,7.0499999999999998,6.9800000000000004,7,1436093,3901,7.0119109999999996
2025-09-17 04:00:00+00:00,6.9900000000000002,7.0300000000000002,6.9400000000000004,6.9400000000000004,1195818,3501,6.9946130000000002
2025-09-18 04:00:00+00:00,7.0199999999999996,7.0224000000000002,6.9500000000000002,7,1197370,3046,6.9857899999999997
2025-09-19 04:00:00+00:00,7,7.0162000000000004,6.8399999999999999,6.8700000000000001,1198270,3772,6.9071749999999996
2025-09-22 04:00:00+00:00,6.8700000000000001,6.8849999999999998,6.5800000000000001,6.5800000000000001,2942966,7814,6.7140690000000003
2025-09-23 04:00:00+00:00,6.5700000000000003,6.6500000000000004,6.5599999999999996,6.6299999999999999,1151161,3218,6.5958360000000003
2025-09-24 04:00:00+00:00,6.6900000000000004,6.71,6.5300000000000002,6.5800000000000001,948750,3703,6.585585
2025-09-25 04:00:00+00:00,6.5800000000000001,6.6500000000000004,6.5300000000000002,6.5899999999999999,994867,3110,6.5943449999999997
2025-09-26 04:00:00+00:00,6.6500000000000004,6.6699999999999999,6.5,6.5199999999999996,1471649,4230,6.5681380000000003
2025-09-29 04:00:00+00:00,6.5300000000000002,6.5300000000000002,6.3399999999999999,6.3899999999999997,2345092,7317,6.3957410000000001
2025-09-30 04:00:00+00:00,6.5,6.6100000000000003,6.4299999999999997,6.6100000000000003,1971004,6534,6.5233819999999998
2025-10-01 04:00:00+00:00,6.6500000000000004,6.7699999999999996,6.6100000000000003,6.7699999999999996,1312583,4332,6.7197839999999998
2025-10-02 04:00:00+00:00,6.7999999999999998,6.9900000000000002,6.7733999999999996,6.8899999999999997,1414287,5874,6.8664870000000002
2025-10-03 04:00:00+00:00,6.9100000000000001,6.9100000000000001,6.8200000000000003,6.8200000000000003,887491,3209,6.859947
2025-10-06 04:00:00+00:00,6.8399999999999999,6.8499999999999996,6.75,6.7800000000000002,1369526,4158,6.7902399999999998
2025-10-07 04:00:00+00:00,6.7599999999999998,6.7699999999999996,6.6699999999999999,6.7400000000000002,1074867,3078,6.7252840000000003
2025-10-08 04:00:00+00:00,6.75,6.8200000000000003,6.7350000000000003,6.79,865805,2535,6.7751989999999997
2025-10-09 04:00:00+00:00,6.7699999999999996,6.8099999999999996,6.6699999999999999,6.7400000000000002,1356805,3779,6.7271869999999998
2025-10-10 04:00:00+00:00,6.7400000000000002,6.7858000000000001,6.5599999999999996,6.6200000000000001,2151658,6260,6.6388720000000001
2025-10-13 04:00:00+00:00,6.7000000000000002,6.7400000000000002,6.6299999999999999,6.71,1567230,4059,6.6927770000000004
2025-10-14 04:00:00+00:00,6.4900000000000002,6.5700000000000003,6.4400000000000004,6.46,1620735,4698,6.4926000000000004
2025-10-15 04:00:00+00:00,6.4699999999999998,6.5197000000000003,6.1699999999999999,6.2000000000000002,3891652,10777,6.2898690000000004
2025-10-16 04:00:00+00:00,6.1900000000000004,6.2000000000000002,6.0300000000000002,6.0800000000000001,2541754,7167,6.1235160000000004
2025-10-17 04:00:00+00:00,6.0899999999999999,6.1500000000000004,5.9400000000000004,6.0599999999999996,2103303,5364,6.0236169999999998
2025-10-20 04:00:00+00:00,6.0599999999999996,6.0945,5.8200000000000003,5.8499999999999996,2802011,7730,5.9326249999999998
2025-10-21 04:00:00+00:00,5.8200000000000003,6.0099999999999998,5.7999999999999998,5.9299999999999997,2002061,6119,5.9294880000000001
2025-10-22 04:00:00+00:00,5.9400000000000004,6.0350000000000001,5.9000000000000004,5.9699999999999998,1553118,5261,5.9651389999999997
2025-10-23 04:00:00+00:00,6,6.1275000000000004,5.9500000000000002,6.1100000000000003,1437286,5548,6.0551219999999999
2025-10-24 04:00:00+00:00,6.1399999999999997,6.2765000000000004,6.1349999999999998,6.2400000000000002,1220206,3310,6.2313809999999998
2025-10-27 04:00:00+00:00,6.2999999999999998,6.3200000000000003,6.2000999999999999,6.2599999999999998,1160716,3939,6.2567120000000003
2025-10-28 04:00:00+00:00,6.2999999999999998,6.3499999999999996,6.2400000000000002,6.2800000000000002,927766,2711,6.3016629999999996
2025-10-29 04:00:00+00:00,6.2199999999999998,6.2599999999999998,6.0899999999999999,6.0999999999999996,1164235,3425,6.1560189999999997
2025-10-30 04:00:00+00:00,6.0499999999999998,6.0999999999999996,6.0099999999999998,6.0199999999999996,1197995,3517,6.0451350000000001
2025-10-31 04:00:00+00:00,6.1399999999999997,6.2199999999999998,6.0700000000000003,6.21,1735807,5934,6.1661869999999999
2025-11-03 05:00:00+00:00,6.2400000000000002,6.2699999999999996,6.1100000000000003,6.1600000000000001,1420130,4704,6.1871039999999997
2025-11-04 05:00:00+00:00,6.1200000000000001,6.21,6.0700000000000003,6.21,1853305,5951,6.1595740000000001
2025-11-05 05:00:00+00:00,6.2000000000000002,6.2400000000000002,6.1500000000000004,6.1900000000000004,1330332,4452,6.2026789999999998
2025-11-06 05:00:00+00:00,6.2300000000000004,6.2450000000000001,6.1799999999999997,6.1900000000000004,1029169,2594,6.2145700000000001
2025-11-07 05:00:00+00:00,6.1699999999999999,6.2850000000000001,6.1135000000000002,6.2400000000000002,1846222,5351,6.1971439999999998
2025-11-10 05:00:00+00:00,6.1500000000000004,6.1799999999999997,5.9649999999999999,6.0300000000000002,2403197,7258,6.0533419999999998
2025-11-11 05:00:00+00:00,5.9699999999999998,6.0300000000000002,5.9000000000000004,6.0099999999999998,1425398,4756,5.9722160000000004
2025-11-12 05:00:00+00:00,5.9699999999999998,6.0099999999999998,5.9450000000000003,5.9900000000000002,1168834,3175,5.979819
2025-11-13 05:00:00+00:00,5.9400000000000004,5.9699999999999998,5.8799999999999999,5.9699999999999998,1242572,3745,5.9277290000000002
2025-11-14 05:00:00+00:00,5.9100000000000001,5.9299999999999997,5.8200000000000003,5.8399999999999999,1484373,4975,5.8656389999999998
2025-11-17 05:00:00+00:00,5.8600000000000003,5.8864999999999998,5.7050000000000001,5.7400000000000002,3591172,10019,5.7936829999999997
2025-11-18 05:00:00+00:00,5.7300000000000004,5.7300000000000004,5.5635000000000003,5.6399999999999997,2487732,9759,5.6456119999999999
2025-11-19 05:00:00+00:00,5.5999999999999996,5.6334999999999997,5.444,5.5599999999999996,2477857,8197,5.5309900000000001
2025-11-20 05:00:00+00:00,5.5800000000000001,5.6600000000000001,5.5099999999999998,5.5199999999999996,1755829,6303,5.5871690000000003
2025-11-21 05:00:00+00:00,5.5,5.6600000000000001,5.5,5.6500000000000004,1940031,6467,5.5918010000000002
2025-11-24 05:00:00+00:00,5.6900000000000004,5.96,5.6799999999999997,5.9500000000000002,1709328,5584,5.8063909999999996
2025-11-25 05:00:00+00:00,5.9000000000000004,6.1271000000000004,5.9000000000000004,6.0099999999999998,2095560,6367,6.0308510000000002
2025-11-26 05:00:00+00:00,6.0499999999999998,6.2149999999999999,6.0499999999999998,6.1699999999999999,1455708,5242,6.1548170000000004
2025-11-28 05:00:00+00:00,6.2199999999999998,6.3499999999999996,6.2199999999999998,6.2699999999999996,1447809,4637,6.2700849999999999
2025-12-01 05:00:00+00:00,6.2400000000000002,6.29,6.1399999999999997,6.2400000000000002,1465916,5397,6.2224380000000004
2025-12-02 05:00:00+00:00,6.2400000000000002,6.29,6.1900000000000004,6.2800000000000002,1365060,4658,6.2599600000000004
2025-12-03 05:00:00+00:00,6.3099999999999996,6.4299999999999997,6.2735000000000003,6.4100000000000001,1751039,3875,6.3422660000000004
2025-12-04 05:00:00+00:00,6.4299999999999997,6.4500000000000002,6.3201000000000001,6.4100000000000001,1361425,3860,6.4012549999999999
2025-12-05 05:00:00+00:00,6.4100000000000001,6.4400000000000004,6.2999999999999998,6.3099999999999996,1152325,3523,6.3621650000000001
2025-12-08 05:00:00+00:00,6.3099999999999996,6.3200000000000003,6.1299999999999999,6.21,1705137,5762,6.2160159999999998
2025-12-09 05:00:00+00:00,6.21,6.2800000000000002,6.1799999999999997,6.2000000000000002,1101118,3627,6.2411199999999996
2025-12-10 05:00:00+00:00,5.7699999999999996,6.0149999999999997,5.6799999999999997,5.9000000000000004,4021022,11436,5.8762920000000003
2025-12-11 05:00:00+00:00,5.71,5.75,5.5999999999999996,5.6500000000000004,2970661,7727,5.6656500000000003
2025-12-12 05:00:00+00:00,5.6200000000000001,5.6887999999999996,5.5099999999999998,5.5300000000000002,2547725,7928,5.56867
2025-12-15 05:00:00+00:00,5.54,5.5800000000000001,5.4299999999999997,5.4699999999999998,2300604,6332,5.4920549999999997
2025-12-16 05:00:00+00:00,5.4100000000000001,5.5800000000000001,5.4000000000000004,5.54,1745864,5357,5.5038799999999997
2025-12-17 05:00:00+00:00,5.5800000000000001,5.6799999999999997,5.5700000000000003,5.6100000000000003,1602924,5292,5.6279779999999997
2025-12-18 05:00:00+00:00,5.6299999999999999,5.7149999999999999,5.6200000000000001,5.6799999999999997,1069293,3342,5.6774849999999999
2025-12-19 05:00:00+00:00,5.6699999999999999,5.7800000000000002,5.6699999999999999,5.7199999999999998,866179,2599,5.7331289999999999
2025-12-22 05:00:00+00:00,5.71,5.75,5.6399999999999997,5.7300000000000004,1500728,4174,5.6921249999999999
2025-12-23 05:00:00+00:00,5.7000000000000002,5.75,5.6399999999999997,5.7000000000000002,1303214,3552,5.6924010000000003
2025-12-24 05:00:00+00:00,5.6500000000000004,5.7699999999999996,5.6500000000000004,5.75,608637,2041,5.7319899999999997
2025-12-26 05:00:00+00:00,5.7300000000000004,5.7800000000000002,5.7000000000000002,5.7400000000000002,1151992,3502,5.7407000000000004
2025-12-29 05:00:00+00:00,5.7400000000000002,5.7652000000000001,5.6600000000000001,5.7000000000000002,1429521,4315,5.715147
2025-12-30 05:00:00+00:00,5.7000000000000002,5.75,5.6699999999999999,5.7300000000000004,1973261,6175,5.7119369999999998
2025-12-31 05:00:00+00:00,5.7300000000000004,5.8186,5.7000000000000002,5.7599999999999998,2371676,5738,5.7548690000000002
2026-01-02 05:00:00+00:00,5.7800000000000002,5.9400000000000004,5.7736999999999998,5.9000000000000004,1165318,3737,5.8812920000000002
2026-01-05 05:00:00+00:00,5.9199999999999999,6.04,5.9158999999999997,6,1452334,4717,5.9962660000000003
2026-01-06 05:00:00+00:00,6,6.0499999999999998,5.8449999999999998,5.9500000000000002,1779188,5204,5.9652269999999996
2026-01-07 05:00:00+00:00,6,6,5.8499999999999996,5.8499999999999996,1494151,4881,5.9172750000000001
2026-01-08 05:00:00+00:00,5.8799999999999999,5.8899999999999997,5.7800000000000002,5.7999999999999998,1387417,4554,5.831245
2026-01-09 05:00:00+00:00,5.8499999999999996,5.9400000000000004,5.7800000000000002,5.9000000000000004,2112929,5686,5.8790699999999996
2026-01-12 05:00:00+00:00,5.75,5.75,5.6900000000000004,5.7300000000000004,1420185,6102,5.7256030000000004
2026-01-13 05:00:00+00:00,5.6500000000000004,5.6699999999999999,5.5800000000000001,5.6100000000000003,1698989,5574,5.6105260000000001
2026-01-14 05:00:00+00:00,5.5899999999999999,5.7300000000000004,5.5800000000000001,5.6900000000000004,1447029,5079,5.6819629999999997
2026-01-15 05:00:00+00:00,5.6699999999999999,5.7000000000000002,5.6100000000000003,5.7000000000000002,1062374,3355,5.6544660000000002
2026-01-16 05:00:00+00:00,5.7000000000000002,5.75,5.6600000000000001,5.7400000000000002,677316,2635,5.7210479999999997
2026-01-20 05:00:00+00:00,5.71,5.7450000000000001,5.6749999999999998,5.6799999999999997,1133103,3630,5.7131280000000002
2026-01-21 05:00:00+00:00,5.6900000000000004,5.7249999999999996,5.609,5.6100000000000003,2043418,4973,5.6605939999999997
2026-01-22 05:00:00+00:00,5.6600000000000001,5.7000000000000002,5.6299999999999999,5.6699999999999999,877656,2937,5.6728249999999996
2026-01-23 05:00:00+00:00,5.6600000000000001,5.7999999999999998,5.6500000000000004,5.7999999999999998,1689436,5090,5.7405239999999997
2026-01-26 05:00:00+00:00,5.7999999999999998,5.8799999999999999,5.7999999999999998,5.8499999999999996,1681949,4764,5.8397069999999998
2026-01-27 05:00:00+00:00,5.8399999999999999,5.8499999999999996,5.7000000000000002,5.7300000000000004,1487142,4324,5.7642790000000002
2026-01-28 05:00:00+00:00,5.7699999999999996,5.7800000000000002,5.7400000000000002,5.7400000000000002,666896,2533,5.754524
2026-01-29 05:00:00+00:00,5.79,5.79,5.71,5.79,1137623,3525,5.7553400000000003
2026-01-30 05:00:00+00:00,5.5599999999999996,5.6299999999999999,5.3700000000000001,5.4199999999999999,6647269,17119,5.4823040000000001
2026-02-02 05:00:00+00:00,5.3600000000000003,5.3700000000000001,5.1550000000000002,5.1900000000000004,3992191,11117,5.2358960000000003
2026-02-03 05:00:00+00:00,5.165,5.1900000000000004,4.9400000000000004,5,6069677,12700,4.9997959999999999
2026-02-04 05:00:00+00:00,5.0300000000000002,5.1299999999999999,4.9699999999999998,5.1100000000000003,2753819,8021,5.053998
2026-02-05 05:00:00+00:00,5.0800000000000001,5.1100000000000003,4.96,4.9699999999999998,1952402,6013,5.0197520000000004
2026-02-06 05:00:00+00:00,5.0700000000000003,5.1500000000000004,4.9699999999999998,5.1500000000000004,3477929,7551,5.0575770000000002
2026-02-09 05:00:00+00:00,4.9699999999999998,5.0099999999999998,4.7999999999999998,4.8899999999999997,2777752,8483,4.859356
2026-02-10 05:00:00+00:00,4.8200000000000003,4.8399999999999999,4.5339999999999998,4.6100000000000003,6377378,14746,4.6322950000000001
2026-02-11 05:00:00+00:00,4.6399999999999997,4.7999999999999998,4.6399999999999997,4.7800000000000002,2110790,6791,4.6993619999999998
2026-02-12 05:00:00+00:00,4.7800000000000002,4.8399999999999999,4.7400000000000002,4.75,1548020,4147,4.7951629999999996
2026-02-13 05:00:00+00:00,4.7199999999999998,4.7400000000000002,4.4545000000000003,4.4699999999999998,2915023,8634,4.5446210000000002
2026-02-17 05:00:00+00:00,3.98,4.1900000000000004,3.9500000000000002,4.1699999999999999,9411040,18275,4.0733990000000002
2026-02-18 05:00:00+00:00,4.0599999999999996,4.2778999999999998,4.0599999999999996,4.21,3539406,8366,4.2043090000000003
2026-02-19 05:00:00+00:00,4.2599999999999998,4.2599999999999998,4.0599999999999996,4.1299999999999999,3590943,9871,4.1242520000000003
2026-02-20 05:00:00+00:00,4.1399999999999997,4.1399999999999997,4.0265000000000004,4.0499999999999998,2305882,5486,4.0751160000000004
2026-02-23 05:00:00+00:00,4.0300000000000002,4.1699999999999999,3.9700000000000002,3.9900000000000002,3186056,7406,4.0322630000000004
2026-02-24 05:00:00+00:00,3.9500000000000002,3.98,3.8900000000000001,3.9500000000000002,2771430,6249,3.938396
2026-02-25 05:00:00+00:00,3.9500000000000002,4.0999999999999996,3.8799999999999999,4.0700000000000003,3437996,7793,3.9909780000000001
2026-02-26 05:00:00+00:00,4.0499999999999998,4.0599999999999996,3.8700000000000001,3.8999999999999999,5147008,13770,3.940029
2026-02-27 05:00:00+00:00,3.9300000000000002,4.0599999999999996,3.8500000000000001,4.0300000000000002,3688320,8397,3.9401359999999999
2026-03-02 05:00:00+00:00,3.96,4.2050000000000001,3.9500000000000002,4.1299999999999999,4260322,10618,4.1239549999999996
2026-03-03 05:00:00+00:00,4.0899999999999999,4.1399999999999997,3.9900000000000002,4.0499999999999998,2008958,6460,4.0617939999999999
2026-03-04 05:00:00+00:00,4.1100000000000003,4.1399999999999997,3.9900000000000002,3.9900000000000002,1655555,4941,4.0251720000000004
2026-03-05 05:00:00+00:00,4.0300000000000002,4.0800000000000001,4,4.0800000000000001,1243277,3600,4.0427229999999996
2026-03-06 05:00:00+00:00,4,4.0800000000000001,3.98,4.0099999999999998,2875282,6386,4.0242490000000002
2026-03-09 04:00:00+00:00,3.9700000000000002,4.0700000000000003,3.96,4.0599999999999996,2436601,6250,4.0033799999999999
2026-03-10 04:00:00+00:00,4.0800000000000001,4.2000000000000002,4.0700000000000003,4.1799999999999997,2761322,6518,4.1516529999999996
2026-03-11 04:00:00+00:00,4.0499999999999998,4.1150000000000002,3.9350000000000001,3.9700000000000002,2780987,6959,4.0361900000000004
2026-03-12 04:00:00+00:00,3.9399999999999999,3.9500000000000002,3.7999999999999998,3.7999999999999998,3799277,9340,3.8758050000000002
2026-03-13 04:00:00+00:00,3.75,3.7799999999999998,3.4900000000000002,3.5600000000000001,4492991,10767,3.6122079999999999
2026-03-16 04:00:00+00:00,3.5899999999999999,3.6600000000000001,3.54,3.5699999999999998,1746759,4499,3.5969519999999999
2026-03-17 04:00:00+00:00,3.6000000000000001,3.6699999999999999,3.5600000000000001,3.6099999999999999,1177761,3348,3.5958999999999999
2026-03-18 04:00:00+00:00,3.6000000000000001,3.6400000000000001,3.48,3.5099999999999998,1532528,3993,3.5372309999999998
2026-03-19 04:00:00+00:00,3.4700000000000002,3.6549999999999998,3.46,3.6400000000000001,1869106,4213,3.5452520000000001
2026-03-20 04:00:00+00:00,3.6499999999999999,3.6949999999999998,3.605,3.6499999999999999,1513659,4365,3.6559599999999999
2026-03-23 04:00:00+00:00,3.6699999999999999,3.6798999999999999,3.5600000000000001,3.6099999999999999,1607057,3603,3.5992479999999998
2026-03-24 04:00:00+00:00,3.5,3.5649999999999999,3.48,3.5099999999999998,1306313,3190,3.524807
2026-03-25 04:00:00+00:00,3.5299999999999998,3.6400000000000001,3.5299999999999998,3.6099999999999999,1966289,4011,3.5773060000000001
2026-03-26 04:00:00+00:00,3.5699999999999998,3.7200000000000002,3.5699999999999998,3.6800000000000002,959163,2419,3.669905
2026-03-27 04:00:00+00:00,3.6600000000000001,3.7000000000000002,3.6299999999999999,3.6899999999999999,839949,2237,3.6682269999999999
2026-03-30 04:00:00+00:00,3.6600000000000001,3.6800000000000002,3.5901000000000001,3.6099999999999999,1086877,2938,3.6354190000000002
2026-03-31 04:00:00+00:00,3.7000000000000002,3.7999999999999998,3.6099999999999999,3.7599999999999998,1470847,3665,3.7400609999999999
2026-04-01 04:00:00+00:00,3.75,4.0599999999999996,3.75,3.9700000000000002,2398946,5349,3.9165709999999998
2026-04-02 04:00:00+00:00,3.8500000000000001,4.0199999999999996,3.8399999999999999,3.98,1215467,3254,3.9631289999999999
2026-04-06 04:00:00+00:00,3.98,4.0199999999999996,3.9300000000000002,4,1077906,3076,3.9744959999999998
2026-04-07 04:00:00+00:00,4.0199999999999996,4.0250000000000004,3.8599999999999999,3.9300000000000002,719040,2679,3.9126759999999998
2026-04-08 04:00:00+00:00,4,4.085,3.9901,4.0700000000000003,1000859,2365,4.0446410000000004
2026-04-09 04:00:00+00:00,4.0599999999999996,4.1299999999999999,4.04,4.0599999999999996,1680921,3308,4.0900530000000002
2026-04-10 04:00:00+00:00,3.96,3.9801000000000002,3.8199999999999998,3.8199999999999998,1465822,4489,3.8815770000000001
2026-04-13 04:00:00+00:00,3.8500000000000001,3.8700000000000001,3.71,3.8199999999999998,1632227,5256,3.7724579999999999
2026-04-14 04:00:00+00:00,3.79,3.855,3.7599999999999998,3.8399999999999999,1190124,3141,3.8148629999999999
2026-04-15 04:00:00+00:00,3.8900000000000001,4.0698999999999996,3.855,4.04,1383130,4364,4.006793
2026-04-16 04:00:00+00:00,4.0800000000000001,4.0800000000000001,3.9399999999999999,4,1013287,2799,3.9857610000000001
2026-04-17 04:00:00+00:00,4,4.0700000000000003,4,4.0499999999999998,1076069,3066,4.0303849999999999
2026-04-20 04:00:00+00:00,4.0499999999999998,4.0499999999999998,3.9777,4.0099999999999998,741173,2811,4.0172540000000003
2026-04-21 04:00:00+00:00,4,4.0499999999999998,3.9700000000000002,4,787980,2616,4.0144409999999997
2026-04-22 04:00:00+00:00,4.0099999999999998,4.0499999999999998,3.98,4.0499999999999998,405233,1481,4.0101050000000003
2026-04-23 04:00:00+00:00,4.0300000000000002,4.0750000000000002,3.9950000000000001,4.04,1150395,3472,4.0335890000000001
2026-04-24 04:00:00+00:00,4.0199999999999996,4.0599999999999996,4.0199999999999996,4.0199999999999996,465135,1741,4.041531
2026-04-27 04:00:00+00:00,4.0099999999999998,4.0298999999999996,3.9700000000000002,3.9900000000000002,766576,2527,3.999771
2026-04-28 04:00:00+00:00,3.9700000000000002,4.0300000000000002,3.9700000000000002,4.0199999999999996,570222,1555,4.0126299999999997
2026-04-29 04:00:00+00:00,4.0499999999999998,4.0800000000000001,4.0199999999999996,4.0800000000000001,506138,1560,4.0423289999999996
2026-04-30 04:00:00+00:00,4.0899999999999999,4.1500000000000004,4.0599999999999996,4.0800000000000001,1182299,3355,4.1096519999999996
2026-05-01 04:00:00+00:00,4.0800000000000001,4.2450000000000001,4.0602999999999998,4.2199999999999998,2339050,4822,4.1853790000000002
2026-05-04 04:00:00+00:00,4.25,4.3099999999999996,4.1900000000000004,4.25,1390048,4070,4.2461539999999998
2026-05-05 04:00:00+00:00,4.2199999999999998,4.2699999999999996,4.1901000000000002,4.2300000000000004,921889,2762,4.2316969999999996
2026-05-06 04:00:00+00:00,4.2199999999999998,4.25,4.1799999999999997,4.2199999999999998,907356,2475,4.2060890000000004
2026-05-07 04:00:00+00:00,4.2000000000000002,4.29,4.1550000000000002,4.2800000000000002,829335,2241,4.2348249999999998
2026-05-08 04:00:00+00:00,4.2999999999999998,4.2999999999999998,4.2199999999999998,4.2599999999999998,1117103,2792,4.2654199999999998
2026-05-11 04:00:00+00:00,4.2450000000000001,4.3792999999999997,4.2000000000000002,4.2300000000000004,1912917,5761,4.2751859999999997
2026-05-12 04:00:00+00:00,4.1100000000000003,4.2149999999999999,4.0700000000000003,4.0800000000000001,2341704,6171,4.1223549999999998
2026-05-13 04:00:00+00:00,4.0800000000000001,4.1200000000000001,4.0199999999999996,4.0899999999999999,813389,3281,4.0745760000000004
2026-05-14 04:00:00+00:00,4.0700000000000003,4.0854999999999997,4.04,4.0700000000000003,455134,1676,4.0643339999999997
2026-05-15 04:00:00+00:00,4.04,4.0700000000000003,4.0199999999999996,4.0300000000000002,469435,1445,4.0390360000000003
2026-05-18 04:00:00+00:00,4.0199999999999996,4.1798999999999999,4,4.0199999999999996,1285841,3328,4.0714050000000004
2026-05-19 04:00:00+00:00,4,4.0650000000000004,4,4.0199999999999996,523519,1759,4.0346859999999998
2026-05-20 04:00:00+00:00,4.0199999999999996,4.0998999999999999,4.0199999999999996,4.0700000000000003,402357,1267,4.0666830000000003
2026-05-21 04:00:00+00:00,4.0700000000000003,4.1100000000000003,4.0199999999999996,4.04,489343,1725,4.0691829999999998
2026-05-22 04:00:00+00:00,4.1200000000000001,4.1200000000000001,4.0199999999999996,4.04,702665,2237,4.0522039999999997
2026-05-26 04:00:00+00:00,4.04,4.1500000000000004,4.04,4.1200000000000001,679845,2747,4.0948010000000004
2026-05-27 04:00:00+00:00,4.1200000000000001,4.1799999999999997,4.1100000000000003,4.1500000000000004,698552,2280,4.14595
2026-05-28 04:00:00+00:00,4.1799999999999997,4.21,4.1399999999999997,4.1900000000000004,793888,2573,4.1742460000000001
2026-05-29 04:00:00+00:00,4.1799999999999997,4.21,4.1200000000000001,4.1200000000000001,1214704,4106,4.1647420000000004
2026-06-01 04:00:00+00:00,4.1299999999999999,4.1981999999999999,4.1200000000000001,4.1399999999999997,892056,2384,4.1374259999999996
2026-06-02 04:00:00+00:00,4.0999999999999996,4.1500000000000004,4.0899999999999999,4.1500000000000004,646094,1909,4.1064259999999999
2026-06-03 04:00:00+00:00,4.1299999999999999,4.1299999999999999,4.0750000000000002,4.0800000000000001,531393,1966,4.0992749999999996
2026-06-04 04:00:00+00:00,4.0700000000000003,4.1100000000000003,4.0499999999999998,4.0999999999999996,635102,1983,4.0809600000000001
2026-06-05 04:00:00+00:00,4.0999999999999996,4.0999999999999996,4.0199999999999996,4.0599999999999996,933172,2786,4.053458
2026-06-08 04:00:00+00:00,4.04,4.0700000000000003,3.9900000000000002,4.0499999999999998,1339749,2812,4.026116
2026-06-09 04:00:00+00:00,4.0700000000000003,4.0750000000000002,4,4.0300000000000002,885503,2054,4.0274549999999998
2026-06-10 04:00:00+00:00,3.8700000000000001,3.9399999999999999,3.8300000000000001,3.8300000000000001,2168561,4580,3.8751329999999999
2026-06-11 04:00:00+00:00,3.8199999999999998,3.855,3.77,3.8199999999999998,1244333,3416,3.8107229999999999
2026-06-12 04:00:00+00:00,3.8199999999999998,3.8300000000000001,3.7599999999999998,3.8199999999999998,913968,2619,3.7894410000000001
2026-06-15 04:00:00+00:00,3.8300000000000001,3.8999999999999999,3.79,3.8199999999999998,941230,2735,3.8347039999999999
2026-06-16 04:00:00+00:00,3.8100000000000001,3.8399999999999999,3.6600000000000001,3.73,2007855,3876,3.7364820000000001
2026-06-17 04:00:00+00:00,3.6699999999999999,3.6800000000000002,3.6099999999999999,3.6099999999999999,2484654,4498,3.6354860000000002
2026-06-18 04:00:00+00:00,3.6200000000000001,3.6899999999999999,3.5600000000000001,3.6600000000000001,1097563,2911,3.6348669999999998
2026-06-22 04:00:00+00:00,3.6299999999999999,3.6499999999999999,3.5299999999999998,3.5499999999999998,1823023,3335,3.576508
2026-06-23 04:00:00+00:00,3.54,3.6000000000000001,3.5099999999999998,3.6000000000000001,1032446,2767,3.568781
2026-06-24 04:00:00+00:00,3.6000000000000001,3.7200000000000002,3.5950000000000002,3.6499999999999999,1032697,2749,3.677346
2026-06-25 04:00:00+00:00,3.6800000000000002,3.75,3.6499999999999999,3.71,903973,2384,3.715856
2026-06-26 04:00:00+00:00,3.7000000000000002,3.7799999999999998,3.7000000000000002,3.7000000000000002,795683,2148,3.7413989999999999
2026-06-29 04:00:00+00:00,3.71,3.7682000000000002,3.6899999999999999,3.7000000000000002,604200,1942,3.7122039999999998
2026-06-30 04:00:00+00:00,3.73,3.7599999999999998,3.6850000000000001,3.7200000000000002,1222291,3212,3.7215189999999998
2026-07-01 04:00:00+00:00,3.7200000000000002,3.8700000000000001,3.7200000000000002,3.8199999999999998,1013865,2725,3.7920479999999999
2026-07-02 04:00:00+00:00,3.8799999999999999,3.8799999999999999,3.7999999999999998,3.8599999999999999,1027012,3080,3.8341530000000001
2026-07-06 04:00:00+00:00,3.8799999999999999,3.8900000000000001,3.7949999999999999,3.8599999999999999,1154667,3214,3.8580739999999998
2026-07-07 04:00:00+00:00,3.8500000000000001,3.9249999999999998,3.8500000000000001,3.8700000000000001,844999,2612,3.8863300000000001
2026-07-08 04:00:00+00:00,3.8599999999999999,3.9100000000000001,3.7999999999999998,3.8799999999999999,904269,2496,3.8573409999999999
2026-07-09 04:00:00+00:00,3.8599999999999999,3.8900000000000001,3.8300000000000001,3.8399999999999999,693855,2927,3.863356
2026-07-10 04:00:00+00:00,3.8500000000000001,3.8799999999999999,3.8300000000000001,3.8500000000000001,1047893,3041,3.8534329999999999
2026-07-13 04:00:00+00:00,3.7799999999999998,3.8199999999999998,3.7250000000000001,3.77,987851,2378,3.7740960000000001
2026-07-14 04:00:00+00:00,3.7799999999999998,3.7799999999999998,3.7200000000000002,3.7599999999999998,559158,1782,3.7508189999999999
2026-07-15 04:00:00+00:00,3.7400000000000002,3.77,3.6899999999999999,3.7000000000000002,1260989,2773,3.7141069999999998
2026-07-16 04:00:00+00:00,3.6600000000000001,3.73,3.6549999999999998,3.7200000000000002,1161386,2813,3.702458
2026-07-17 04:00:00+00:00,3.7400000000000002,3.7400000000000002,3.6800000000000002,3.7000000000000002,536835,1751,3.6953269999999998
2026-07-20 04:00:00+00:00,3.7200000000000002,3.75,3.6400999999999999,3.6899999999999999,1661531,4106,3.6942680000000001
2026-07-21 04:00:00+00:00,3.7200000000000002,3.7498999999999998,3.6800000000000002,3.71,451870,1431,3.7144279999999998
2026-07-22 04:00:00+00:00,3.7000000000000002,3.73,3.6899999999999999,3.71,343003,1227,3.700437
2026-07-23 04:00:00+00:00,3.6800000000000002,3.6899999999999999,3.5600000000000001,3.6099999999999999,1200506,3736,3.611043
2026-07-24 04:00:00+00:00,3.6099999999999999,3.6299999999999999,3.5699999999999998,3.5699999999999998,585768,2285,3.6035780000000002
2026-07-27 04:00:00+00:00,3.5899999999999999,3.6600000000000001,3.5899999999999999,3.6600000000000001,741350,2265,3.6180859999999999
2026-07-28 04:00:00+00:00,3.6800000000000002,3.79,3.6800000000000002,3.7599999999999998,969597,2983,3.7538830000000001
2026-07-29 04:00:00+00:00,3.8199999999999998,3.8199999999999998,3.7450000000000001,3.7599999999999998,646719,1917,3.7702659999999999
2026-07-30 04:00:00+00:00,3.79,3.8399999999999999,3.7401,3.8399999999999999,702653,2498,3.7888829999999998
2026-07-31 04:00:00+00:00,3.8599999999999999,3.8799999999999999,3.7999999999999998,3.8700000000000001,864774,3759,3.8392940000000002
2026-08-03 04:00:00+00:00,3.8199999999999998,3.9199999999999999,3.8199999999999998,3.8300000000000001,1017155,4029,3.870225
2026-08-04 04:00:00+00:00,3.8900000000000001,3.9100000000000001,3.7850000000000001,3.8500000000000001,1127306,9615,3.8404060000000002
2026-08-05 04:00:00+00:00,3.8799999999999999,3.8799999999999999,3.8100000000000001,3.8599999999999999,782070,3994,3.8311229999999998
2026-08-06 04:00:00+00:00,3.8300000000000001,3.9100000000000001,3.8300000000000001,3.8999999999999999,627579,4431,3.8717830000000002
2026-08-07 04:00:00+00:00,3.8900000000000001,3.9249999999999998,3.8599999999999999,3.8799999999999999,971930,3820,3.89249
2026-08-10 04:00:00+00:00,3.8300000000000001,3.9399999999999999,3.79,3.8700000000000001,1549488,8656,3.865958
2026-08-11 04:00:00+00:00,3.77,3.8199999999999998,3.77,3.79,1013725,4645,3.792799
2026-08-12 04:00:00+00:00,3.7799999999999998,3.8700000000000001,3.7799999999999998,3.8199999999999998,1223563,7564,3.825078
2026-08-13 04:00:00+00:00,3.7999999999999998,3.8999999999999999,3.7999999999999998,3.8700000000000001,1091826,3367,3.8613729999999999
2026-08-14 04:00:00+00:00,3.8500000000000001,3.895,3.8250000000000002,3.8599999999999999,530947,2621,3.8555830000000002
2026-08-17 04:00:00+00:00,3.8799999999999999,3.8799999999999999,3.7799999999999998,3.79,788272,2626,3.8182860000000001
2026-08-18 04:00:00+00:00,3.7799999999999998,3.79,3.7200000000000002,3.7799999999999998,664832,1628,3.7501180000000001
2026-08-19 04:00:00+00:00,3.79,3.8900000000000001,3.7364999999999999,3.8199999999999998,541143,2300,3.8069989999999998
2026-08-20 04:00:00+00:00,3.7999999999999998,3.8199999999999998,3.7599999999999998,3.7999999999999998,447408,1692,3.7892960000000002
2026-08-21 04:00:00+00:00,3.7799999999999998,3.8199999999999998,3.77,3.8100000000000001,347835,1519,3.7970470000000001
2026-08-24 04:00:00+00:00,3.7999999999999998,3.8799999999999999,3.7999999999999998,3.8599999999999999,585263,1801,3.8424339999999999
2026-08-25 04:00:00+00:00,3.8399999999999999,3.8845999999999998,3.7999999999999998,3.8300000000000001,475190,1611,3.837323
2026-08-26 04:00:00+00:00,3.8300000000000001,3.8599999999999999,3.8199999999999998,3.8399999999999999,364954,1404,3.8411140000000001
2026-08-27 04:00:00+00:00,3.8500000000000001,3.8500000000000001,3.8100000000000001,3.8399999999999999,281090,1269,3.8208660000000001
2026-08-28 04:00:00+00:00,3.8500000000000001,3.9199999999999999,3.8437000000000001,3.8999999999999999,1341899,2795,3.8946909999999999
2026-08-31 04:00:00+00:00,3.9399999999999999,3.98,3.9049999999999998,3.98,1323647,3201,3.9422839999999999
2026-09-01 04:00:00+00:00,3.9500000000000002,3.9599000000000002,3.8599999999999999,3.8799999999999999,799430,2900,3.900045
2026-09-02 04:00:00+00:00,3.8799999999999999,3.9199999999999999,3.8300000000000001,3.8700000000000001,927972,3298,3.8561239999999999
2026-09-03 04:00:00+00:00,3.8500000000000001,3.8900000000000001,3.8500000000000001,3.8700000000000001,635066,1984,3.8700510000000001
2026-09-04 04:00:00+00:00,3.8999999999999999,3.9300000000000002,3.8700000000000001,3.9199999999999999,598268,2082,3.8988939999999999
2026-09-08 04:00:00+00:00,3.9199999999999999,3.9500000000000002,3.9049999999999998,3.9100000000000001,534163,1654,3.924903
2026-09-09 04:00:00+00:00,3.8999999999999999,3.9289999999999998,3.8399999999999999,3.8399999999999999,866201,2271,3.8814790000000001
2026-09-10 04:00:00+00:00,3.7599999999999998,3.77,3.7000000000000002,3.71,807934,2034,3.721873
2026-09-11 04:00:00+00:00,3.6899999999999999,3.7400000000000002,3.6499999999999999,3.7000000000000002,980377,2130,3.6810559999999999
2026-09-14 04:00:00+00:00,3.6600000000000001,3.7200000000000002,3.6600000000000001,3.7000000000000002,552403,1537,3.6818919999999999
2026-09-15 04:00:00+00:00,3.6800000000000002,3.6850000000000001,3.5899999999999999,3.6499999999999999,1587643,2475,3.6377640000000002
2026-09-16 04:00:00+00:00,3.6299999999999999,3.6899999999999999,3.6299999999999999,3.6499999999999999,832710,1633,3.6617479999999998
2026-09-17 04:00:00+00:00,3.6699999999999999,3.6899999999999999,3.6499999999999999,3.6699999999999999,620809,1869,3.6731769999999999
