timestamp,open,high,low,close,volume,trade_count,vwap
2016-01-04 05:00:00+00:00,762.20000000000005,762.20000000000005,747.53999999999996,759.44000000000005,3546264,52746,755.36956499999997
2016-01-05 05:00:00+00:00,764.10000000000002,769.20000000000005,755.64999999999998,761.52999999999997,2472023,33786,762.203307
2016-01-06 05:00:00+00:00,750.37,765.73000000000002,748,759.33000000000004,2475553,39908,758.79239500000006
2016-01-07 05:00:00+00:00,746.49000000000001,755.30999999999995,735.27999999999997,741,3300300,49265,746.07065799999998
2016-01-08 05:00:00+00:00,747.79999999999995,750.12,728.92010000000005,730.90999999999997,2605070,39970,737.18017999999995
2016-01-11 05:00:00+00:00,731.95000000000005,735.08000000000004,719.55999999999995,733.07000000000005,2645253,41227,729.14283799999998
2016-01-12 05:00:00+00:00,740.75,748.34000000000003,736.42999999999995,745.34000000000003,2448455,37854,743.89358600000003
2016-01-13 05:00:00+00:00,749.34000000000003,753,716.77999999999997,719.57000000000005,2783727,40505,729.66177100000004
2016-01-14 05:00:00+00:00,724.44000000000005,739.88999999999999,705,731.38999999999999,2919830,43879,726.35299699999996
2016-01-15 05:00:00+00:00,709.99000000000001,724.15800000000002,701.50999999999999,710.49000000000001,4149861,57059,710.95451700000001
2016-01-19 05:00:00+00:00,720.14999999999998,725.35000000000002,709.85000000000002,719.08000000000004,2597184,41500,718.44224199999996
2016-01-20 05:00:00+00:00,705.89999999999998,726.95000000000005,687.77999999999997,718.55999999999995,4321975,65295,706.84951999999998
2016-01-21 05:00:00+00:00,720.16999999999996,737.66999999999996,711.11000000000001,726.66999999999996,2735248,41239,726.77855399999999
2016-01-22 05:00:00+00:00,742,748.55999999999995,740.5,745.46000000000004,2593439,36493,745.05208900000002
2016-01-25 05:00:00+00:00,743.84000000000003,752.46000000000004,732.50099999999998,733.62,2376135,32553,741.93806300000006
2016-01-26 05:00:00+00:00,735.21000000000004,739.46000000000004,726.97000000000003,733.78999999999996,1633977,25633,732.70740699999999
2016-01-27 05:00:00+00:00,735.88999999999999,735.88999999999999,713.45000000000005,717.58000000000004,2225010,31286,724.61313500000006
2016-01-28 05:00:00+00:00,738.19000000000005,751.15999999999997,730.60000000000002,748.29999999999995,3258137,48362,742.94027600000004
2016-01-29 05:00:00+00:00,748.96000000000004,765.10500000000002,744.20000000000005,761.35000000000002,4174138,52047,759.252703
2016-02-01 05:00:00+00:00,771.25999999999999,777.59000000000003,761.38,770.76999999999998,5703832,92391,769.72038899999995
2016-02-02 05:00:00+00:00,800.5,810.35000000000002,780.60000000000002,780.90999999999997,6841702,96690,796.37836400000003
2016-02-03 05:00:00+00:00,786.27999999999997,791.42999999999995,736.25999999999999,749.38,6684151,97334,757.13056400000005
2016-02-04 05:00:00+00:00,744.59000000000003,745.24000000000001,722.6001,730.02999999999997,5384437,78215,732.199611
2016-02-05 05:00:00+00:00,725.5,726.72000000000003,700.13999999999999,703.75999999999999,5648372,79587,709.78128100000004
2016-02-08 05:00:00+00:00,687.67999999999995,704.51999999999998,682.00999999999999,704.15999999999997,4649627,69640,693.21758
2016-02-09 05:00:00+00:00,692.95000000000005,720.96000000000004,688.5,701.01999999999998,4301681,62948,705.12775499999998
2016-02-10 05:00:00+00:00,711.78999999999996,723.22000000000003,705.38999999999999,706.85000000000002,3090726,43223,713.43407300000001
2016-02-11 05:00:00+00:00,696.34000000000003,712.31500000000005,691.19000000000005,706.36000000000001,3341743,51693,700.22585200000003
2016-02-12 05:00:00+00:00,712.21000000000004,716,701.58000000000004,706.88999999999999,2532672,34670,708.17338400000006
2016-02-16 05:00:00+00:00,718.64999999999998,722.87890000000004,710.17999999999995,717.63999999999999,2313068,31688,716.836769
2016-02-17 05:00:00+00:00,727,733.75999999999999,716.61000000000001,731.97000000000003,2595735,38976,727.99334799999997
2016-02-18 05:00:00+00:00,733.96000000000004,736,715.54999999999995,717.50999999999999,2488648,36786,723.06069600000001
2016-02-19 05:00:00+00:00,715.89999999999998,724.02999999999997,713.12,722.11000000000001,1962541,26747,719.82661800000005
2016-02-22 05:00:00+00:00,729.50999999999999,734.84500000000003,723.45000000000005,729.04999999999995,1764114,23993,729.51361699999995
2016-02-23 05:00:00+00:00,726.10000000000002,730.89999999999998,715.66999999999996,717.28999999999996,2155440,32276,721.11097199999995
2016-02-24 05:00:00+00:00,710.61000000000001,721.22000000000003,702.01999999999998,720.89999999999998,1920575,32965,712.02960299999995
2016-02-25 05:00:00+00:00,722.92999999999995,729.50999999999999,713.23000000000002,729.12,1884013,28318,723.65646400000003
2016-02-26 05:00:00+00:00,733.60000000000002,736.15999999999997,721.93920000000003,724.86000000000001,2225893,31733,728.08883800000001
2016-02-29 05:00:00+00:00,721,730.60000000000002,716.84000000000003,717.22000000000003,2523962,30299,722.625181
2016-03-01 05:00:00+00:00,721.29999999999995,742.33000000000004,718.63999999999999,742.16999999999996,3150030,42920,735.28458499999999
2016-03-02 05:00:00+00:00,742.87,743.12099999999998,733.25,739.48000000000002,1937476,27457,737.98898799999995
2016-03-03 05:00:00+00:00,739.48000000000002,741,729.63,731.59000000000003,2092679,32023,732.39705400000003
2016-03-04 05:00:00+00:00,734.79999999999995,735,725.62,730.22000000000003,2579021,35957,729.900893
2016-03-07 05:00:00+00:00,725.14999999999998,727.21000000000004,705.13999999999999,712.79999999999995,3257056,46764,715.27347999999995
2016-03-08 05:00:00+00:00,708.38999999999999,722.25,704,713.52999999999997,2802415,37930,714.53285400000004
2016-03-09 05:00:00+00:00,715.16499999999996,726.24000000000001,712.65999999999997,725.40999999999997,2098815,30251,722.24686699999995
2016-03-10 05:00:00+00:00,727.78999999999996,736.53999999999996,723.28999999999996,732.16999999999996,2294798,38049,730.52459899999997
2016-03-11 05:00:00+00:00,739.95000000000005,744.89999999999998,736.70000000000005,744.87,1887395,28318,742.16263300000003
2016-03-14 04:00:00+00:00,744.97000000000003,754.25999999999999,743.66250000000002,750.24000000000001,1756123,27651,750.18235500000003
2016-03-15 04:00:00+00:00,746.01999999999998,753.00999999999999,742.84000000000003,750.57000000000005,1576945,25433,748.62237200000004
2016-03-16 04:00:00+00:00,749.04999999999995,759,746.5,757.36000000000001,1543117,25816,754.00802399999998
2016-03-17 04:00:00+00:00,757.64999999999998,765.34000000000003,757.36000000000001,758.48000000000002,2331701,32774,761.35840800000005
2016-03-18 04:00:00+00:00,761.63,762.13999999999999,751.82000000000005,755.40999999999997,3634719,27427,757.40802900000006
2016-03-21 04:00:00+00:00,753.90999999999997,763.34000000000003,751.26999999999998,762.15999999999997,1587044,22361,759.41048999999998
2016-03-22 04:00:00+00:00,758.44000000000005,765,757.875,760.04999999999995,1241985,17844,760.85677699999997
2016-03-23 04:00:00+00:00,763.35000000000002,765.38999999999999,756.02999999999997,757.55999999999995,1304554,20084,759.42753500000003
2016-03-24 04:00:00+00:00,751.20000000000005,757.55499999999995,750.5,754.84000000000003,1727541,22099,753.60161700000003
2016-03-28 04:00:00+00:00,756.16999999999996,758.29999999999995,752.03999999999996,753.27999999999997,1139890,17410,754.37095399999998
2016-03-29 04:00:00+00:00,753.67999999999995,767.17999999999995,748.28999999999996,765.88999999999999,2111963,27846,761.01048400000002
2016-03-30 04:00:00+00:00,768.21000000000004,777.30999999999995,767.58000000000004,768.34000000000003,2097739,29904,771.89216099999999
2016-03-31 04:00:00+00:00,768.34000000000003,769.08420000000001,758.25,762.89999999999998,1773215,24783,763.838977
2016-04-01 04:00:00+00:00,757.15999999999997,770.03999999999996,755.20000000000005,769.66999999999996,1730603,22587,766.20646299999999
2016-04-04 04:00:00+00:00,769.50999999999999,772.44000000000005,761.78499999999997,765.12,1510862,20120,765.20154400000001
2016-04-05 04:00:00+00:00,758.13,762.87,755.60000000000002,758.57000000000005,1293120,20465,759.57157600000005
2016-04-06 04:00:00+00:00,757.84000000000003,768.41999999999996,756.29999999999995,768.07000000000005,1337924,19601,764.24918000000002
2016-04-07 04:00:00+00:00,765.32000000000005,769.36000000000001,757.5,760.12,1360121,21081,762.01265599999999
2016-04-08 04:00:00+00:00,765.87,767.13,755.76999999999998,759.47000000000003,1237164,19451,760.39218500000004
2016-04-11 04:00:00+00:00,765.45000000000005,767.22000000000003,757.34000000000003,757.53999999999996,1677995,24677,762.47899600000005
2016-04-12 04:00:00+00:00,758.42999999999995,764.91999999999996,751.56500000000005,764.32000000000005,1428972,22802,759.592536
2016-04-13 04:00:00+00:00,770.30999999999995,775.75,764.59079999999994,771.90999999999997,1891550,25429,770.61733300000003
2016-04-14 04:00:00+00:00,775.36000000000001,779.61000000000001,773.22000000000003,775.38999999999999,1413450,21233,776.33264899999995
2016-04-15 04:00:00+00:00,775.5,780.92999999999995,774.93010000000004,780,1791411,22359,778.68919400000004
2016-04-18 04:00:00+00:00,780.19000000000005,788.54999999999995,777.61000000000001,787.67999999999995,1745531,27184,785.34103800000003
2016-04-19 04:00:00+00:00,790.5,790.95000000000005,770.26999999999998,776.25,2310296,35261,778.02279699999997
2016-04-20 04:00:00+00:00,779.15999999999997,779.65999999999997,771.26999999999998,774.91999999999996,1971088,26049,775.40297699999996
2016-04-21 04:00:00+00:00,777.30999999999995,781.67989999999998,771.54999999999995,780,4011849,71683,778.71621300000004
2016-04-22 04:00:00+00:00,743.90999999999997,753.91999999999996,730.37,737.76999999999998,7329993,103772,738.248515
2016-04-25 04:00:00+00:00,735.35000000000002,744.88,735.10000000000002,742.21000000000004,2731343,35983,740.93016299999999
2016-04-26 04:00:00+00:00,744.41999999999996,745.59000000000003,720.32000000000005,725.37,2931995,44146,730.13204699999994
2016-04-27 04:00:00+00:00,725.32000000000005,727.14999999999998,709.08000000000004,721.46000000000004,3421394,51938,717.02060900000004
2016-04-28 04:00:00+00:00,723.28999999999996,729.25999999999999,703.20000000000005,705.05999999999995,3254342,48609,715.36868000000004
2016-04-29 04:00:00+00:00,704.12,712.11000000000001,703.77999999999997,707.88,3145863,45286,708.01605300000006
2016-05-02 04:00:00+00:00,711.91999999999996,715.40999999999997,706.36000000000001,714.40999999999997,1755783,28570,711.38827700000002
2016-05-03 04:00:00+00:00,712.5,713.37,707.33000000000004,708.44000000000005,2014477,32349,710.36167
2016-05-04 04:00:00+00:00,706.76999999999998,715.04999999999995,704.04999999999995,711.37,1823396,27295,710.90886599999999
2016-05-05 04:00:00+00:00,715,717.54999999999995,709.45010000000002,714.71000000000004,1615000,24625,713.83585900000003
2016-05-06 04:00:00+00:00,712.20000000000005,725.99000000000001,711.95000000000005,725.17999999999995,2085947,29154,720.94348100000002
2016-05-09 04:00:00+00:00,726.70000000000005,734.28999999999996,723.5,729.13,2087992,28957,729.86426600000004
2016-05-10 04:00:00+00:00,734.96000000000004,740,731.61000000000001,739.38,1735292,26120,737.42297499999995
2016-05-11 04:00:00+00:00,740.51999999999998,740.79999999999995,727.90250000000003,730.54999999999995,1571646,24747,734.74384499999996
2016-05-12 04:00:00+00:00,732,735.37,724.26999999999998,728.07000000000005,1416686,23577,728.50607200000002
2016-05-13 04:00:00+00:00,726.62,731.28999999999996,723.50999999999999,724.83000000000004,1405502,19408,725.93518800000004
2016-05-16 04:00:00+00:00,724.32000000000005,732.67999999999995,720,730.29999999999995,1241634,19771,728.37179000000003
2016-05-17 04:00:00+00:00,731.05999999999995,735.85000000000002,718,720.19000000000005,1893292,25757,723.61616900000001
2016-05-18 04:00:00+00:00,718.5,725.57000000000005,715.01999999999998,721.77999999999997,1779170,28432,721.18759599999998
2016-05-19 04:00:00+00:00,718.29999999999995,720.5,710.30499999999995,715.30999999999995,1615935,25148,714.24688000000003
2016-05-20 04:00:00+00:00,716.46000000000004,727.70000000000005,715.00999999999999,721.71000000000004,1955474,24806,721.79872699999999
2016-05-23 04:00:00+00:00,719.98000000000002,723.49990000000003,716.94000000000005,717.25,1313444,19489,718.83496200000002
2016-05-24 04:00:00+00:00,719.85000000000002,734.20000000000005,719.64499999999998,733.02999999999997,2060559,29985,730.73674200000005
2016-05-25 04:00:00+00:00,735,739.88999999999999,732.60000000000002,738.10000000000002,1735353,24280,737.49565299999995
2016-05-26 04:00:00+00:00,736,741.10000000000002,733,736.92999999999995,1422220,21144,736.72183399999994
2016-05-27 04:00:00+00:00,737.50999999999999,747.90999999999997,737.00999999999999,747.60000000000002,1877273,28099,745.66936499999997
2016-05-31 04:00:00+00:00,748.75999999999999,753.48000000000002,745.57000000000005,748.85000000000002,2434991,30563,749.03506300000004
2016-06-01 04:00:00+00:00,748.47000000000003,751.37,744.34000000000003,748.46000000000004,1123803,19005,748.55209100000002
2016-06-02 04:00:00+00:00,746.10000000000002,747.29999999999995,737,744.26999999999998,1789497,25357,741.90103299999998
2016-06-03 04:00:00+00:00,741.49000000000001,741.49000000000001,733.90999999999997,735.86000000000001,1331871,20563,736.496848
2016-06-06 04:00:00+00:00,738.5,738.5,728.28999999999996,730.05999999999995,1586164,25391,731.78520300000002
2016-06-07 04:00:00+00:00,733.26999999999998,736.71000000000004,730.79999999999995,731.09000000000003,1312796,21046,733.00240499999995
2016-06-08 04:00:00+00:00,739.5,743.80999999999995,735.76499999999999,742.92999999999995,1718058,27179,741.19407899999999
2016-06-09 04:00:00+00:00,737.07000000000005,743.92999999999995,736.5,742.51999999999998,1017125,18046,741.48154799999998
2016-06-10 04:00:00+00:00,735.95000000000005,739.63999999999999,730.50999999999999,733.19000000000005,1567430,24090,733.94999499999994
2016-06-13 04:00:00+00:00,729.82000000000005,739,729.82000000000005,731.88,1289212,20570,733.71436000000006
2016-06-14 04:00:00+00:00,729.30999999999995,736,726.5,733.25,1423574,21616,730.69703100000004
2016-06-15 04:00:00+00:00,734.91999999999996,737.14999999999998,731.30999999999995,732.19000000000005,1291965,19143,733.74650299999996
2016-06-16 04:00:00+00:00,727.96000000000004,730.38999999999999,715.53999999999996,724.25,2373795,34773,721.70856700000002
2016-06-17 04:00:00+00:00,721.38999999999999,721.38999999999999,701.12,704.25,4715133,55344,707.87182600000006
2016-06-20 04:00:00+00:00,710.30999999999995,715.87,705.40999999999997,706.13,2593892,33669,709.48252600000001
2016-06-21 04:00:00+00:00,710.04999999999995,715.38,704.65999999999997,708.88,1614692,24135,709.00597600000003
2016-06-22 04:00:00+00:00,714.04999999999995,714.21000000000004,705.88,710.47000000000003,1546194,23576,710.60269000000005
2016-06-23 04:00:00+00:00,710.54999999999995,714.88,700.25,714.87,2219731,32507,707.96841300000006
2016-06-24 04:00:00+00:00,690.16999999999996,705,684.90999999999997,685.20000000000005,5253165,80014,690.151387
2016-06-27 04:00:00+00:00,682.49000000000001,683.32500000000005,672.65999999999997,681.13999999999999,3071538,52904,679.271974
2016-06-28 04:00:00+00:00,691.37,692.73990000000003,684.85000000000002,691.25999999999999,2063328,34856,689.75774699999999
2016-06-29 04:00:00+00:00,694.25999999999999,699.5,692.68340000000001,695.19000000000005,2317340,34493,695.43229299999996
2016-06-30 04:00:00+00:00,697.64999999999998,703.76999999999998,694.90150000000006,703.52999999999997,2432046,29047,700.43084799999997
2016-07-01 04:00:00+00:00,705.10000000000002,712.52999999999997,703.73000000000002,710.25,1652186,26639,709.81170199999997
2016-07-05 04:00:00+00:00,705.00999999999999,708.12,699.13,704.88999999999999,1556975,23501,704.04262600000004
2016-07-06 04:00:00+00:00,699.84000000000003,713,699,708.97000000000003,1535037,24801,708.34227699999997
2016-07-07 04:00:00+00:00,710.11000000000001,710.16999999999996,700.66999999999996,707.25999999999999,1123573,19570,705.69482300000004
2016-07-08 04:00:00+00:00,710.55999999999995,717.89999999999998,708.11000000000001,717.77999999999997,1609246,25468,715.06309899999997
2016-07-11 04:00:00+00:00,719.41999999999996,728.9289,718.86500000000001,727.20000000000005,1583004,23003,725.76486499999999
2016-07-12 04:00:00+00:00,731.91999999999996,735.60000000000002,727.5,732.50999999999999,1417353,23845,732.40038100000004
2016-07-13 04:00:00+00:00,735.51999999999998,735.51999999999998,729.01999999999998,729.48000000000002,1114710,17001,731.75839399999995
2016-07-14 04:00:00+00:00,733.94000000000005,736.13999999999999,730.59000000000003,735.79999999999995,1150600,19577,734.11764500000004
2016-07-15 04:00:00+00:00,741,741,734.63999999999999,735.63,1884062,21917,737.26474099999996
2016-07-18 04:00:00+00:00,737.90999999999997,755.13689999999997,736.50999999999999,753.20000000000005,2046424,29762,749.54233899999997
2016-07-19 04:00:00+00:00,749.87,756.59000000000003,748.48900000000003,753.40999999999997,1646562,23898,753.05648599999995
2016-07-20 04:00:00+00:00,754.04999999999995,760.63999999999999,754.04999999999995,757.08000000000004,1214568,18565,757.68330200000003
2016-07-21 04:00:00+00:00,757,758.14999999999998,751.51999999999998,754.40999999999997,1013179,16039,754.196595
2016-07-22 04:00:00+00:00,757.32000000000005,759.45000000000005,752.65499999999997,759.27999999999997,1156723,17076,757.74703099999999
2016-07-25 04:00:00+00:00,757.67999999999995,759.82489999999996,754.07000000000005,757.51999999999998,1198445,15982,756.84237599999994
2016-07-26 04:00:00+00:00,757.51999999999998,759.25999999999999,752.75030000000004,757.64999999999998,1352561,19173,756.67007699999999
2016-07-27 04:00:00+00:00,758.97000000000003,764.45000000000005,755.92999999999995,761.97000000000003,1699557,26853,761.01629000000003
2016-07-28 04:00:00+00:00,768.84000000000003,768.97000000000003,759.09000000000003,765.84000000000003,3718498,66141,763.83321999999998
2016-07-29 04:00:00+00:00,797.71000000000004,803.94000000000005,790,791.34000000000003,5420971,74247,796.85579700000005
2016-08-01 04:00:00+00:00,785.75999999999999,807.49000000000001,785.03999999999996,800.94000000000005,3178112,48222,801.52323200000001
2016-08-02 04:00:00+00:00,797.33000000000004,802.32000000000005,794.52999999999997,800.12,2092183,33380,798.62799399999994
2016-08-03 04:00:00+00:00,796.47000000000003,799.53999999999996,793.01999999999998,798.91999999999996,1597216,22017,796.61827600000004
2016-08-04 04:00:00+00:00,798.24000000000001,800.20000000000005,793.91999999999996,797.25,1135353,18648,797.50185299999998
2016-08-05 04:00:00+00:00,800.11000000000001,807.22000000000003,797.80999999999995,806.92999999999995,1947993,26388,804.64612599999998
2016-08-08 04:00:00+00:00,806,807.60000000000002,801.69000000000005,805.23000000000002,1378331,18671,804.68256899999994
2016-08-09 04:00:00+00:00,804.49000000000001,813.33000000000004,804.05999999999995,807.48000000000002,1694774,25019,809.56420900000001
2016-08-10 04:00:00+00:00,807.04999999999995,810.87900000000002,806.49000000000001,808.49000000000001,963634,15128,808.39652999999998
2016-08-11 04:00:00+00:00,810.47000000000003,813.87900000000002,806,808.20000000000005,1455331,17152,808.86268700000005
2016-08-12 04:00:00+00:00,805.09000000000003,807.19000000000005,803.63999999999999,807.04999999999995,992354,15308,805.77664700000003
2016-08-15 04:00:00+00:00,807.21000000000004,811.36000000000001,804.02999999999997,805.96000000000004,987399,16006,806.71534899999995
2016-08-16 04:00:00+00:00,803.5,804.25999999999999,797,801.19000000000005,1138115,18042,801.44778899999994
2016-08-17 04:00:00+00:00,800,805.63,796.29999999999995,805.41999999999996,1145371,18326,802.04015500000003
2016-08-18 04:00:00+00:00,805.36000000000001,808,801.63,802.75,956066,14861,804.01668800000004
2016-08-19 04:00:00+00:00,799.78999999999996,801.23000000000002,796.88,799.64999999999998,1291253,18923,799.21624499999996
2016-08-22 04:00:00+00:00,798.50999999999999,799.29999999999995,794.33000000000004,796.95000000000005,933329,14795,796.71985400000005
2016-08-23 04:00:00+00:00,800.48000000000002,801,795.99000000000001,796.59000000000003,977412,16711,798.39412600000003
2016-08-24 04:00:00+00:00,796.86000000000001,798.46000000000004,790.75999999999999,793.60000000000002,1366995,20694,793.95061299999998
2016-08-25 04:00:00+00:00,792,794.72000000000003,787.23000000000002,791.29999999999995,1258275,21699,791.37924799999996
2016-08-26 04:00:00+00:00,792.49000000000001,799.39999999999998,789.40689999999995,793.22000000000003,1358573,20313,793.97186999999997
2016-08-29 04:00:00+00:00,793.04999999999995,798.51999999999998,790.32000000000005,795.82000000000005,832470,14066,795.77692500000001
2016-08-30 04:00:00+00:00,792.88,798,789.47000000000003,791.91999999999996,1318968,19698,791.87142200000005
2016-08-31 04:00:00+00:00,789.60000000000002,791.57000000000005,787.20000000000005,789.85000000000002,1225432,17653,789.58923100000004
2016-09-01 04:00:00+00:00,791.98000000000002,792.88999999999999,786.33000000000004,791.39999999999998,1430545,20353,790.76589799999999
2016-09-02 04:00:00+00:00,795.26999999999998,797.10000000000002,793.25999999999999,796.87,1489658,20942,795.84535200000005
2016-09-06 04:00:00+00:00,798.38999999999999,810.88999999999999,795.42999999999995,808.01999999999998,2190664,31972,805.91064600000004
2016-09-07 04:00:00+00:00,807.92999999999995,810.60000000000002,803.72000000000003,807.99000000000001,1217675,19886,807.01813500000003
2016-09-08 04:00:00+00:00,805.22000000000003,808.41999999999996,801.01009999999997,802.84000000000003,1241753,19799,803.63159800000005
2016-09-09 04:00:00+00:00,798.76999999999998,801.75,788.04999999999995,788.48000000000002,2048231,30759,793.28783799999997
2016-09-12 04:00:00+00:00,784.51999999999998,800.16999999999996,783.5,798.82000000000005,2053137,27816,795.15589299999999
2016-09-13 04:00:00+00:00,794.00999999999999,795.78999999999996,784.33000000000004,788.72000000000003,1905403,28917,788.32636300000001
2016-09-14 04:00:00+00:00,787.52999999999997,796.33000000000004,787.52999999999997,790.46000000000004,1409769,22241,791.94439999999997
2016-09-15 04:00:00+00:00,790.00999999999999,803.64499999999998,788.65999999999997,801.23000000000002,1695629,26608,798.699072
2016-09-16 04:00:00+00:00,799.01999999999998,799.01999999999998,793.62,797.97000000000003,2839556,23505,797.835283
2016-09-19 04:00:00+00:00,801.11000000000001,803.99000000000001,793.55999999999995,795.38999999999999,1301279,16750,797.74492899999996
2016-09-20 04:00:00+00:00,800,802.75,798.25999999999999,799.77999999999997,1174147,17239,800.38723300000004
2016-09-21 04:00:00+00:00,801.25999999999999,805.90999999999997,796.02999999999997,805.02999999999997,1445737,21805,802.27132200000005
2016-09-22 04:00:00+00:00,810,819.05999999999995,807.71000000000004,815.95000000000005,1917206,28519,815.10763899999995
2016-09-23 04:00:00+00:00,815.13999999999999,817,812.73000000000002,814.96000000000004,1513625,23140,815.04491700000005
2016-09-26 04:00:00+00:00,809.82000000000005,810.08000000000004,800.45000000000005,802.64999999999998,1597108,23290,803.929528
2016-09-27 04:00:00+00:00,801.83000000000004,813.49000000000001,801.83000000000004,810.73000000000002,1493485,22304,810.18838100000005
2016-09-28 04:00:00+00:00,804.08000000000004,810.25,802.78030000000001,810.05999999999995,1581718,24420,807.25628400000005
2016-09-29 04:00:00+00:00,807.23000000000002,813.90999999999997,800.85500000000002,802.63999999999999,1427056,21868,806.13027199999999
2016-09-30 04:00:00+00:00,803.60000000000002,808.09000000000003,801.5,804.05999999999995,1957343,21543,804.734735
2016-10-03 04:00:00+00:00,802.54999999999995,803.53999999999996,796.23000000000002,800.38,1610871,24662,799.02963599999998
2016-10-04 04:00:00+00:00,805,806.5,799.66999999999996,802.78999999999996,1337886,21826,802.85233100000005
2016-10-05 04:00:00+00:00,806,808.5,800.71000000000004,801.23000000000002,1286711,21645,804.08716500000003
2016-10-06 04:00:00+00:00,804.08000000000004,806.94500000000005,800.50999999999999,803.08000000000004,1183356,18255,804.05232000000001
2016-10-07 04:00:00+00:00,805.92999999999995,805.94000000000005,796.82000000000005,800.71000000000004,1282548,18612,800.75293999999997
2016-10-10 04:00:00+00:00,803.92999999999995,817.38,802.24000000000001,814.16999999999996,1588828,23485,812.19735400000002
2016-10-11 04:00:00+00:00,814.16999999999996,819.86000000000001,807.37,809.57000000000005,1807619,27514,812.530574
2016-10-12 04:00:00+00:00,811.96000000000004,814.5,808.55449999999996,811.76999999999998,1023924,16382,811.60066200000006
2016-10-13 04:00:00+00:00,806.07000000000005,806.55999999999995,798.62,804.08000000000004,1463851,24132,802.87124200000005
2016-10-14 04:00:00+00:00,807.45000000000005,810.09000000000003,802.32000000000005,804.60000000000002,1319861,17091,805.59855100000004
2016-10-17 04:00:00+00:00,805.99000000000001,813.49000000000001,803.83000000000004,806.84000000000003,1171690,17124,808.42168900000001
2016-10-18 04:00:00+00:00,814.21000000000004,828.80999999999995,813.33000000000004,821.49000000000001,2427846,36505,822.46596199999999
2016-10-19 04:00:00+00:00,824.51999999999998,829.80999999999995,823.20500000000004,827.09000000000003,1621087,25010,826.95181000000002
2016-10-20 04:00:00+00:00,827.55999999999995,828.46500000000003,820.54999999999995,821.63,1528368,23294,823.192588
2016-10-21 04:00:00+00:00,820,824.28999999999996,818.30999999999995,824.05999999999995,1797062,23510,821.84492499999999
2016-10-24 04:00:00+00:00,830.09000000000003,837.94000000000005,829.03999999999996,835.74000000000001,1550625,24518,834.77437999999995
2016-10-25 04:00:00+00:00,837.22000000000003,838.5,825.30050000000006,828.54999999999995,1969434,32333,830.09193500000003
2016-10-26 04:00:00+00:00,827.12,827.71000000000004,816.35000000000002,822.10000000000002,1944505,29477,821.88370299999997
2016-10-27 04:00:00+00:00,823,826.58000000000004,814.61000000000001,817.35000000000002,3060844,54466,818.17384800000002
2016-10-28 04:00:00+00:00,828.84000000000003,839,817,819.55999999999995,4426839,60877,827.28991599999995
2016-10-31 04:00:00+00:00,822.10000000000002,822.63,808,809.89999999999998,2420291,33486,813.62944100000004
2016-11-01 04:00:00+00:00,810,813.96000000000004,798.25999999999999,805.48000000000002,2456821,37842,806.48575400000004
2016-11-02 04:00:00+00:00,806.75999999999999,806.75999999999999,785,788.23000000000002,2474412,40134,792.78614200000004
2016-11-03 04:00:00+00:00,784.5,790,778.63,782.19000000000005,2287854,36341,783.07746099999997
2016-11-04 04:00:00+00:00,771.32000000000005,788.48000000000002,771.00429999999994,781.10000000000002,2131647,32534,782.03360999999995
2016-11-07 05:00:00+00:00,794.95000000000005,805,792.89999999999998,802.02999999999997,2127028,31349,800.41663000000005
2016-11-08 05:00:00+00:00,802.45000000000005,816.03999999999996,799.62,811.98000000000002,1866412,30345,810.42139299999997
2016-11-09 05:00:00+00:00,801.83000000000004,811.71000000000004,792.03499999999997,805.59000000000003,3320666,53970,802.96606199999997
2016-11-10 05:00:00+00:00,809.995,810.05999999999995,768.23000000000002,780.28999999999996,6097061,91663,781.20444899999995
2016-11-11 05:00:00+00:00,776.80999999999995,777.28999999999996,765.53999999999996,771.75,3716205,54378,771.02489400000002
2016-11-14 05:00:00+00:00,771.66999999999996,771.77999999999997,743.59000000000003,753.22000000000003,3917702,60673,754.01089000000002
2016-11-15 05:00:00+00:00,766,780.23760000000004,765.22000000000003,775.15999999999997,3159029,47230,773.97281799999996
2016-11-16 05:00:00+00:00,770.00999999999999,783.5,766.33000000000004,779.98000000000002,1899289,29703,778.22110399999997
2016-11-17 05:00:00+00:00,782.5,788.89999999999998,779.85000000000002,786.15999999999997,1685850,25129,785.37559099999999
2016-11-18 05:00:00+00:00,787.16999999999996,791.28999999999996,775.35000000000002,775.97000000000003,1991330,29243,780.92080899999996
2016-11-21 05:00:00+00:00,778.10000000000002,786.54999999999995,776.29999999999995,784.79999999999995,1790868,27183,784.36750600000005
2016-11-22 05:00:00+00:00,788.99000000000001,793.76999999999998,783.74000000000001,785,1484123,26807,787.71611700000005
2016-11-23 05:00:00+00:00,789.51999999999998,789.51999999999998,772.64999999999998,779,1428707,24311,777.06615699999998
2016-11-25 05:00:00+00:00,782.61000000000001,782.89999999999998,778.19000000000005,780.23000000000002,682578,10522,780.67756599999996
2016-11-28 05:00:00+00:00,778.35000000000002,799.74000000000001,778.10000000000002,785.78999999999996,2778734,35768,790.25124000000005
2016-11-29 05:00:00+00:00,788.38,796.44000000000005,785.34000000000003,789.44000000000005,1678139,25797,791.59920399999999
2016-11-30 05:00:00+00:00,789.10000000000002,791.50999999999999,773.14499999999998,775.88,2516782,37566,779.17915900000003
2016-12-01 05:00:00+00:00,776.88999999999999,778.60000000000002,753.36000000000001,764.33000000000004,2989183,47482,763.69031099999995
2016-12-02 05:00:00+00:00,762,770.5,759,764.46000000000004,1819984,28640,764.00185499999998
2016-12-05 05:00:00+00:00,770,780,766.96860000000004,778.22000000000003,1834139,27679,776.29306299999996
2016-12-06 05:00:00+00:00,780.19000000000005,785.27999999999997,773.32000000000005,776.17999999999995,1830840,29797,779.34912499999996
2016-12-07 05:00:00+00:00,779.95000000000005,792,773.52999999999997,791.47000000000003,2213713,33029,785.89204800000005
2016-12-08 05:00:00+00:00,792.79750000000001,799,787.90499999999997,795.13999999999999,1739211,27625,794.71766500000001
2016-12-09 05:00:00+00:00,799.39999999999998,809.95000000000005,798.04999999999995,809.45000000000005,2032193,30063,805.61379299999999
2016-12-12 05:00:00+00:00,804.95000000000005,811.35000000000002,804.53110000000004,807.89999999999998,1815788,26677,807.47721000000001
2016-12-13 05:00:00+00:00,812.37,824.29999999999995,811.94000000000005,815.34000000000003,2250447,36364,818.37731499999995
2016-12-14 05:00:00+00:00,815.91999999999996,824.25999999999999,812.77999999999997,817.88999999999999,1914105,29776,818.97196599999995
2016-12-15 05:00:00+00:00,817.45000000000005,823,812,815.64999999999998,1876947,27571,816.59968500000002
2016-12-16 05:00:00+00:00,818.38999999999999,819.20000000000005,808.12,809.84000000000003,3368674,25811,812.86952599999995
2016-12-19 05:00:00+00:00,809.27999999999997,816.22000000000003,804.5,812.5,1401935,20476,812.16333099999997
2016-12-20 05:00:00+00:00,814,816.49000000000001,811,815.20000000000005,1404771,20983,814.35686899999996
2016-12-21 05:00:00+00:00,815.72000000000003,815.72000000000003,805.10000000000002,812.20000000000005,1559472,25278,809.88644699999998
2016-12-22 05:00:00+00:00,809.10000000000002,811.07000000000005,806.02999999999997,809.67999999999995,1233966,19653,808.68552099999999
2016-12-23 05:00:00+00:00,808.00999999999999,810.96960000000001,805.11000000000001,807.79999999999995,867890,12379,807.51456499999995
2016-12-27 05:00:00+00:00,808.67999999999995,816,805.79999999999995,809.92999999999995,1048550,17276,811.72306700000001
2016-12-28 05:00:00+00:00,813.33000000000004,813.33000000000004,802.44000000000005,804.57000000000005,1330424,21086,805.19239500000003
2016-12-29 05:00:00+00:00,802.33000000000004,805.75,798.14400000000001,802.88,1108529,18998,801.64050399999996
2016-12-30 05:00:00+00:00,803.21000000000004,803.28499999999997,789.62,792.45000000000005,1981286,27310,793.65261799999996
2017-01-03 05:00:00+00:00,800.62,811.43499999999995,796.88999999999999,808.00999999999999,2117809,33117,806.32945700000005
2017-01-04 05:00:00+00:00,809.88999999999999,813.42999999999995,804.11000000000001,807.76999999999998,1651300,26004,807.79528400000004
2017-01-05 05:00:00+00:00,807.5,813.74000000000001,805.91999999999996,813.01999999999998,1415963,22881,811.70868499999995
2017-01-06 05:00:00+00:00,814.99000000000001,828.96000000000004,811.5,825.21000000000004,2145057,33738,823.729106
2017-01-09 05:00:00+00:00,826.11000000000001,830.42999999999995,821.62,827.17999999999995,1544704,24646,827.128287
2017-01-10 05:00:00+00:00,827.07000000000005,829.40999999999997,823.13999999999999,826.00999999999999,1317705,21726,826.13224700000001
2017-01-11 05:00:00+00:00,826,829.89999999999998,821.47000000000003,829.86000000000001,1425903,22311,826.91622500000005
2017-01-12 05:00:00+00:00,828.38,830.38,821.00999999999999,829.52999999999997,1490792,22494,826.926378
2017-01-13 05:00:00+00:00,831,834.64999999999998,829.51999999999998,830.94000000000005,1435073,20950,831.57967599999995
2017-01-17 05:00:00+00:00,829.46000000000004,830.17999999999995,823.20010000000002,827.46000000000004,1545803,22693,826.65229399999998
2017-01-18 05:00:00+00:00,829.80999999999995,829.80999999999995,824.08000000000004,829.01999999999998,1099054,19646,827.07799799999998
2017-01-19 05:00:00+00:00,829,832.99990000000003,823.96000000000004,824.37,1141372,20590,826.93894699999998
2017-01-20 05:00:00+00:00,829.09000000000003,829.24000000000001,824.60000000000002,828.16999999999996,1563763,20772,827.79713800000002
2017-01-23 05:00:00+00:00,831.61000000000001,845.54280000000006,828.70000000000005,844.79999999999995,2586068,43325,839.13123700000006
2017-01-24 05:00:00+00:00,846.65999999999997,851.51999999999998,842.27999999999997,849.52999999999997,1771836,29106,847.704295
2017-01-25 05:00:00+00:00,853.54999999999995,858.79359999999997,849.74000000000001,858.45000000000005,1806952,30089,854.56595100000004
2017-01-26 05:00:00+00:00,859.04999999999995,861,850.52009999999996,856.98000000000002,3587106,73899,854.86244099999999
2017-01-27 05:00:00+00:00,859,867,841.89999999999998,845.02999999999997,3874711,59137,850.190516
2017-01-30 05:00:00+00:00,836.90999999999997,837.23000000000002,821.02999999999997,823.83000000000004,3675501,59003,825.72626400000001
2017-01-31 05:00:00+00:00,820,823.07000000000005,813.39999999999998,820.19000000000005,2140140,36322,818.39879699999995
2017-02-01 05:00:00+00:00,823.75,824,812.25,815.24000000000001,2357548,40442,816.08543599999996
2017-02-02 05:00:00+00:00,815,824.55999999999995,812.05100000000004,818.25999999999999,1770674,29381,818.65967599999999
2017-02-03 05:00:00+00:00,823.13,826.13,819.35000000000002,820.13,1656205,25470,822.32693200000006
2017-02-06 05:00:00+00:00,819.90999999999997,822.38999999999999,814.28999999999996,821.62,1515645,22673,819.94304899999997
2017-02-07 05:00:00+00:00,824.53999999999996,831.91999999999996,823.29259999999999,829.23000000000002,1755758,27913,828.52284199999997
2017-02-08 05:00:00+00:00,830,834.25,825.11000000000001,829.88,1427085,22789,830.94522900000004
2017-02-09 05:00:00+00:00,831.73000000000002,831.98000000000002,826.5,830.05999999999995,1282029,22224,830.11695899999995
2017-02-10 05:00:00+00:00,832.95000000000005,837.14999999999998,830.50999999999999,834.85000000000002,1525283,24571,834.92722500000002
2017-02-13 05:00:00+00:00,837.70000000000005,841.73500000000001,836.24599999999998,838.96000000000004,1395662,23225,838.55882199999996
2017-02-14 05:00:00+00:00,839.76999999999998,842,835.83000000000004,840.02999999999997,1450760,21984,839.98056899999995
2017-02-15 05:00:00+00:00,838.80999999999995,841.77250000000004,836.22000000000003,837.32000000000005,1446170,24716,838.81140100000005
2017-02-16 05:00:00+00:00,838.5,842.69000000000005,837.25999999999999,842.16999999999996,1082132,19599,840.98926900000004
2017-02-17 05:00:00+00:00,841.30999999999995,846.94000000000005,839.77999999999997,846.54999999999995,1693505,23245,844.58842700000002
2017-02-21 05:00:00+00:00,847.98000000000002,852.20000000000005,846.54999999999995,849.26999999999998,1396644,22943,849.30348700000002
2017-02-22 05:00:00+00:00,848,853.78999999999996,846.71010000000001,851.36000000000001,1326672,22287,851.31016399999999
2017-02-23 05:00:00+00:00,851.57000000000005,852.62,842.5,850.99000000000001,1500541,25706,848.30451200000005
2017-02-24 05:00:00+00:00,846.02999999999997,848.36000000000001,842.96010000000001,847.80999999999995,1485682,24337,846.12535700000001
2017-02-27 05:00:00+00:00,844.95000000000005,850.66999999999996,843.00999999999999,849.66999999999996,1081844,20106,847.57703300000003
2017-02-28 05:00:00+00:00,846.46000000000004,848.83000000000004,841.44219999999996,844.92999999999995,1585107,23690,844.635673
2017-03-01 05:00:00+00:00,851.44000000000005,858,849.01999999999998,856.75,1939695,30345,855.02959799999996
2017-03-02 05:00:00+00:00,856.30999999999995,856.49000000000001,848.72000000000003,849.85000000000002,1388431,23216,851.17034799999999
2017-03-03 05:00:00+00:00,848.94000000000005,850.82000000000005,844.70500000000004,849.08000000000004,1109506,19571,847.99673099999995
2017-03-06 05:00:00+00:00,846.86000000000001,848.94000000000005,841.16999999999996,847.26999999999998,1177148,19953,846.18052299999999
2017-03-07 05:00:00+00:00,847.25999999999999,853.33000000000004,845.51999999999998,851.14999999999998,1112480,20522,850.53309300000001
2017-03-08 05:00:00+00:00,853.46000000000004,856.92999999999995,851.25,853.63999999999999,1127781,19324,854.21733400000005
2017-03-09 05:00:00+00:00,853.88999999999999,860.71000000000004,852.66999999999996,857.84000000000003,1467789,22054,857.23783800000001
2017-03-10 05:00:00+00:00,862.70000000000005,864.22900000000004,857.61000000000001,861.40499999999997,1440350,24875,861.44461699999999
2017-03-13 04:00:00+00:00,860.83000000000004,867.13,860.82000000000005,864.58000000000004,1242643,18800,864.70935899999995
2017-03-14 04:00:00+00:00,863.75,867.58000000000004,860.13,865.90999999999997,1144390,20600,864.78129300000001
2017-03-15 04:00:00+00:00,867.94000000000005,869.88,861.29499999999996,868.38999999999999,1430741,23739,866.69748700000002
2017-03-16 04:00:00+00:00,870.71000000000004,872.71000000000004,867.51999999999998,870,1183182,19902,870.05760499999997
2017-03-17 04:00:00+00:00,874,874.41999999999996,868.37,872.37,2650614,18531,872.87135699999999
2017-03-20 04:00:00+00:00,870.09000000000003,870.34000000000003,864.66499999999996,867.90999999999997,1694732,25832,867.48977300000001
2017-03-21 04:00:00+00:00,870.05999999999995,873.47000000000003,847.68700000000001,850.13999999999999,2668727,44702,855.95929799999999
2017-03-22 04:00:00+00:00,849.24000000000001,855.35000000000002,847,849.79999999999995,1450247,25215,851.25817600000005
2017-03-23 04:00:00+00:00,841.38999999999999,841.69000000000005,833,839.64999999999998,3468253,54137,837.70088899999996
2017-03-24 04:00:00+00:00,841.09000000000003,844,829.10000000000002,835.13999999999999,2237391,35131,836.93867499999999
2017-03-27 04:00:00+00:00,829.90999999999997,841.38,824.29999999999995,838.50999999999999,2077155,31251,835.10071500000004
2017-03-28 04:00:00+00:00,839.69000000000005,845.39999999999998,832.26499999999999,840.63,1617431,27278,839.43376000000001
2017-03-29 04:00:00+00:00,842.41999999999996,851.58500000000004,841.38,849.87,1563429,25561,848.02883299999996
2017-03-30 04:00:00+00:00,851.98000000000002,852,846.76999999999998,849.48000000000002,1012736,19326,849.81505600000003
2017-03-31 04:00:00+00:00,846.83000000000004,849.55999999999995,845.24450000000002,847.79999999999995,1650601,23172,847.86046399999998
2017-04-03 04:00:00+00:00,848.75,859,847.52980000000002,856.75,2111945,32319,854.22638099999995
2017-04-04 04:00:00+00:00,848,853,847.505,852.57000000000005,1448878,23656,850.89964899999995
2017-04-05 04:00:00+00:00,854.71000000000004,860.59000000000003,847.51999999999998,848.90999999999997,1942134,30187,853.01381500000002
2017-04-06 04:00:00+00:00,849.5,853.59000000000003,844,845.09500000000003,1689577,23019,847.20254299999999
2017-04-07 04:00:00+00:00,845,845.88,837.29999999999995,842.10000000000002,1197600,21231,841.52623800000003
2017-04-10 04:00:00+00:00,841.53999999999996,846.73720000000003,840.78999999999996,841.70000000000005,1135051,19029,843.04586300000005
2017-04-11 04:00:00+00:00,841.70000000000005,844.63,834.60000000000002,839.88,1029418,20455,838.84216200000003
2017-04-12 04:00:00+00:00,838.46000000000004,843.72000000000003,837.59000000000003,841.46000000000004,1212173,19372,840.42769199999998
2017-04-13 04:00:00+00:00,841.03999999999996,843.73000000000002,837.85029999999995,840.17999999999995,1150108,18521,841.54366900000002
2017-04-17 04:00:00+00:00,841.38,855.63999999999999,841.02999999999997,855.13,1138412,18369,851.79847099999995
2017-04-18 04:00:00+00:00,852.53999999999996,857.38999999999999,851.25,853.99000000000001,993526,17910,854.17360599999995
2017-04-19 04:00:00+00:00,857.38499999999999,860.20000000000005,853.52750000000003,856.50999999999999,1147788,18787,857.23378300000002
2017-04-20 04:00:00+00:00,859.74000000000001,863.92999999999995,857.5,860.08000000000004,1280784,20252,861.08921599999996
2017-04-21 04:00:00+00:00,860.62,862.44000000000005,857.73000000000002,858.95000000000005,1340828,18396,859.74953800000003
2017-04-24 04:00:00+00:00,868.44000000000005,879.96000000000004,866.11000000000001,878.92999999999995,1828992,28548,875.72288200000003
2017-04-25 04:00:00+00:00,882.25999999999999,892.25,879.28009999999995,888.84000000000003,2229372,30143,887.04053699999997
2017-04-26 04:00:00+00:00,891.38999999999999,892.99000000000001,885.14999999999998,889.13999999999999,1426964,23937,889.35248999999999
2017-04-27 04:00:00+00:00,890,893.37739999999997,887.17999999999995,891.44000000000005,2416828,42243,890.20251299999995
2017-04-28 04:00:00+00:00,929,935.89999999999998,923.22000000000003,924.51999999999998,4193294,59953,928.19052499999998
2017-05-01 04:00:00+00:00,924.14999999999998,935.82000000000005,920.79999999999995,932.82000000000005,2461625,37065,930.64583600000003
2017-05-02 04:00:00+00:00,933.26999999999998,942.98500000000001,931,937.09000000000003,1851177,31769,937.20428100000004
2017-05-03 04:00:00+00:00,936.04999999999995,950.20000000000005,935.21000000000004,948.45000000000005,1917987,31198,943.63664300000005
2017-05-04 04:00:00+00:00,950.28999999999996,959.13999999999999,947.37,954.72000000000003,2094651,32393,953.78053899999998
2017-05-05 04:00:00+00:00,956.72000000000003,958.43949999999995,948.09860000000003,950.27999999999997,1706443,27598,951.34845900000005
2017-05-08 04:00:00+00:00,947.45000000000005,960.99000000000001,947.39499999999998,958.69000000000005,2089899,27558,955.24172599999997
2017-05-09 04:00:00+00:00,961.33000000000004,962.20000000000005,954.39999999999998,956.71000000000004,1771670,26913,957.95577700000001
2017-05-10 04:00:00+00:00,956.22000000000003,956.71000000000004,949.84000000000003,954.84000000000003,1239171,20405,953.45364300000006
2017-05-11 04:00:00+00:00,951.28999999999996,957.99000000000001,948.61000000000001,955.88999999999999,1127867,19408,954.13842899999997
2017-05-12 04:00:00+00:00,957.85000000000002,957.98000000000002,952.05999999999995,955.13999999999999,1294580,21154,955.35165199999994
2017-05-15 04:00:00+00:00,955.28999999999996,962.70000000000005,952.82000000000005,959.22000000000003,1490656,22356,958.98754199999996
2017-05-16 04:00:00+00:00,963.54999999999995,965.89549999999997,960.35000000000002,964.61000000000001,1181747,20142,963.57455300000004
2017-05-17 04:00:00+00:00,959.70000000000005,960.99000000000001,940.05999999999995,942.16999999999996,2671401,43504,948.87726899999996
2017-05-18 04:00:00+00:00,943.20000000000005,954.17999999999995,941.26999999999998,950.5,1913724,33948,948.63625300000001
2017-05-19 04:00:00+00:00,952.82000000000005,959.55999999999995,952,954.64999999999998,1560862,22795,955.88770599999998
2017-05-22 04:00:00+00:00,957,964.82000000000005,956.55999999999995,964.07000000000005,1493955,21762,962.36532399999999
2017-05-23 04:00:00+00:00,969.96000000000004,974.50999999999999,964.5,970.54999999999995,1629891,27176,970.05490399999996
2017-05-24 04:00:00+00:00,975.25999999999999,978.11500000000001,971.62990000000002,977.61000000000001,1220200,20144,975.17276700000002
2017-05-25 04:00:00+00:00,979,995.77999999999997,977.82000000000005,991.86000000000001,2119376,32000,989.131978
2017-05-26 04:00:00+00:00,992,996.38999999999999,987.36000000000001,993.26999999999998,1770862,27356,992.62812899999994
2017-05-30 04:00:00+00:00,992.5,997.62,991.36009999999999,996.16999999999996,1670414,25057,995.27891699999998
2017-05-31 04:00:00+00:00,996.21000000000004,999.60000000000002,981.67999999999995,987.09000000000003,1981108,31681,988.09074999999996
2017-06-01 04:00:00+00:00,990.96000000000004,993.13999999999999,981.28999999999996,988.28999999999996,1401947,27262,986.98573399999998
2017-06-02 04:00:00+00:00,988.59000000000003,996.48000000000002,987.07000000000005,996.12,1877733,28215,993.50558799999999
2017-06-05 04:00:00+00:00,997.88999999999999,1007.4011,995.45000000000005,1003.88,1454681,24767,1003.416566
2017-06-06 04:00:00+00:00,1003.3099999999999,1008.61,994.79999999999995,996.67999999999995,1697738,27211,1001.468716
2017-06-07 04:00:00+00:00,998.82000000000005,1003.91,995.80999999999995,1001.59,1490990,26583,1000.452869
2017-06-08 04:00:00+00:00,1004.23,1005.6,996.62,1004.28,1852914,24303,1001.9793529999999
2017-06-09 04:00:00+00:00,1005.49,1005.5,953.37,970.12,3849531,69259,977.78413399999999
2017-06-12 04:00:00+00:00,958.72000000000003,968,936.79499999999996,961.80999999999995,4418755,76653,954.49416199999996
2017-06-13 04:00:00+00:00,972.03999999999996,977.90999999999997,962.00999999999999,970.5,2199447,36979,970.94640600000002
2017-06-14 04:00:00+00:00,975.5,979.70000000000005,959.51030000000003,967.92999999999995,1599465,31849,971.55357200000003
2017-06-15 04:00:00+00:00,948.01999999999998,960.67750000000001,940.37,960.17999999999995,2579487,43031,951.79296599999998
2017-06-16 04:00:00+00:00,957.90999999999997,959.95000000000005,948.70000000000005,958.62,3356985,31449,957.33638299999996
2017-06-19 04:00:00+00:00,969.64999999999998,979.29999999999995,968.20000000000005,975.22000000000003,1593973,27194,974.80123100000003
2017-06-20 04:00:00+00:00,975.30999999999995,980.78999999999996,968.20000000000005,968.99000000000001,1394331,23825,973.55707700000005
2017-06-21 04:00:00+00:00,970.78999999999996,979.66999999999996,969.15999999999997,978.59000000000003,1244819,20973,975.00477000000001
2017-06-22 04:00:00+00:00,976.87,980.5,973.31479999999999,976.62,1095404,19193,977.10942799999998
2017-06-23 04:00:00+00:00,975.5,986.62,974.46000000000004,986.09000000000003,1897918,23273,983.74729600000001
2017-06-26 04:00:00+00:00,990,993.99000000000001,970.33000000000004,972.09000000000003,1597254,29435,978.75696600000003
2017-06-27 04:00:00+00:00,961.60000000000002,967.22000000000003,947.09000000000003,948.09000000000003,2591725,49530,955.16220099999998
2017-06-28 04:00:00+00:00,950.65999999999997,963.24000000000001,936.15999999999997,961.00999999999999,2887842,53706,950.07331799999997
2017-06-29 04:00:00+00:00,951.35000000000002,951.65999999999997,929.60000000000002,937.82000000000005,3324612,59838,939.38869399999999
2017-06-30 04:00:00+00:00,943.99000000000001,944.99950000000001,929.61000000000001,929.67999999999995,2563069,37358,934.80863199999999
2017-07-03 04:00:00+00:00,933.22000000000003,934.24000000000001,915.30999999999995,919.46000000000004,1820111,33052,923.76018799999997
2017-07-05 04:00:00+00:00,924.20000000000005,936.28999999999996,918.63049999999998,932.25999999999999,2258614,40060,929.13890900000001
2017-07-06 04:00:00+00:00,925,936.13999999999999,919.85000000000002,927.69000000000005,2191127,35034,927.68841899999995
2017-07-07 04:00:00+00:00,930.98500000000001,944.65999999999997,929.78999999999996,940.80999999999995,1782642,29021,938.88498200000004
2017-07-10 04:00:00+00:00,941.95000000000005,953.13,941.95000000000005,951,1581477,26421,949.28998899999999
2017-07-11 04:00:00+00:00,950.51999999999998,954.88999999999999,945.12,953.52999999999997,1623246,25350,951.42142200000001
2017-07-12 04:00:00+00:00,960.86000000000001,969.63,957.03999999999996,967.65999999999997,1695950,32470,965.00083199999995
2017-07-13 04:00:00+00:00,970.79999999999995,978.70000000000005,964.79999999999995,968.85000000000002,1604089,29962,971.637249
2017-07-14 04:00:00+00:00,974,977.53999999999996,970.14999999999998,976.90999999999997,1172415,21957,974.84300099999996
2017-07-17 04:00:00+00:00,976.32000000000005,983.35000000000002,970.79999999999995,975.96000000000004,1856541,27171,976.84998099999996
2017-07-18 04:00:00+00:00,973.36000000000001,990.85000000000002,972.03999999999996,986.95000000000005,1490617,28480,984.06019300000003
2017-07-19 04:00:00+00:00,990.00999999999999,995.60000000000002,987.00999999999999,992.76999999999998,1509689,26661,992.22979299999997
2017-07-20 04:00:00+00:00,997,998.67999999999995,984.62,992.19000000000005,1484145,28437,992.34707600000002
2017-07-21 04:00:00+00:00,989,995.11000000000001,984.16999999999996,993.84000000000003,1646533,27309,989.99987599999997
2017-07-24 04:00:00+00:00,994.10000000000002,1006.1900000000001,990.27279999999996,998.30999999999995,4172934,78431,996.93809999999996
2017-07-25 04:00:00+00:00,970.70000000000005,976.73000000000002,963.79999999999995,969.02999999999997,6136180,108099,969.06159300000002
2017-07-26 04:00:00+00:00,972.77999999999997,973.95000000000005,960.23000000000002,965.30999999999995,2430609,44006,966.10657600000002
2017-07-27 04:00:00+00:00,969.17999999999995,969.51999999999998,937.05999999999995,952.50999999999999,3926776,75206,953.24639300000001
2017-07-28 04:00:00+00:00,947.99000000000001,961.78999999999996,945.30999999999995,958.33000000000004,1915104,36629,955.36737300000004
2017-07-31 04:00:00+00:00,960,961.1925,941.72500000000002,945.5,2461327,41385,947.09288000000004
2017-08-01 04:00:00+00:00,947.80999999999995,954.49000000000001,944.96000000000004,946.55999999999995,1397684,25421,949.03164800000002
2017-08-02 04:00:00+00:00,948.37,949.10000000000002,932.52099999999996,947.63999999999999,2140601,41736,942.12534100000005
2017-08-03 04:00:00+00:00,949.10000000000002,950,939.44000000000005,940.29999999999995,1238876,25189,942.63549
2017-08-04 04:00:00+00:00,943.95000000000005,947.53999999999996,939.79499999999996,945.78999999999996,1414433,20886,944.77352800000006
2017-08-07 04:00:00+00:00,947.51999999999998,948.96000000000004,943.5,945.75,1641434,23728,945.73319300000003
2017-08-08 04:00:00+00:00,944.28999999999996,952.49000000000001,942.48000000000002,944.19000000000005,1585778,31360,946.338213
2017-08-09 04:00:00+00:00,938.45000000000005,943.75999999999999,933.91999999999996,940.08000000000004,1498751,27761,938.82062099999996
2017-08-10 04:00:00+00:00,935,936.29999999999995,921.77679999999998,923.59000000000003,2828934,51346,927.72724200000005
2017-08-11 04:00:00+00:00,923.71000000000004,933.36000000000001,921.22000000000003,930.09000000000003,1709213,31974,928.43821500000001
2017-08-14 04:00:00+00:00,939.07000000000005,941.03999999999996,934.48500000000001,938.92999999999995,1281702,22710,938.93579699999998
2017-08-15 04:00:00+00:00,941.02999999999997,943.07000000000005,936.63999999999999,938.08000000000004,1234447,20370,938.76083300000005
2017-08-16 04:00:00+00:00,941.25,949.89999999999998,940.03909999999996,944.26999999999998,1442121,33361,944.70189400000004
2017-08-17 04:00:00+00:00,942.95000000000005,943.80999999999995,927.63999999999999,927.65999999999997,1857193,33555,933.13354100000004
2017-08-18 04:00:00+00:00,926.98000000000002,931.01999999999998,923.45000000000005,926.17999999999995,1491198,29078,927.27277600000002
2017-08-21 04:00:00+00:00,925.76999999999998,928.25,918.60000000000002,920.87,1396490,28582,921.89423699999998
2017-08-22 04:00:00+00:00,926.96000000000004,941.96169999999995,926.16999999999996,940.39999999999998,1904693,33573,936.063492
2017-08-23 04:00:00+00:00,937,945.42499999999995,935.24000000000001,942.58000000000004,1224569,25867,941.27546800000005
2017-08-24 04:00:00+00:00,943.71000000000004,946.30999999999995,930.74000000000001,936.88999999999999,1475274,25048,937.02867200000003
2017-08-25 04:00:00+00:00,939.21000000000004,940.73000000000002,930.10000000000002,930.5,1292898,23432,933.98885099999995
2017-08-28 04:00:00+00:00,931.88,934.85000000000002,926.11000000000001,928.13,1199566,21886,929.07962899999995
2017-08-29 04:00:00+00:00,919.95000000000005,938.19000000000005,919.30999999999995,935.75,1265393,24031,932.31366000000003
2017-08-30 04:00:00+00:00,935.66999999999996,945.86000000000001,934.04999999999995,943.63,1231731,25827,941.89702999999997
2017-08-31 04:00:00+00:00,946.29999999999995,957.19500000000005,946.25,955.24000000000001,1862711,32601,954.37819300000001
2017-09-01 04:00:00+00:00,957.47000000000003,958.33000000000004,950.27999999999997,951.99000000000001,1142603,20916,953.35792600000002
2017-09-05 04:00:00+00:00,946.86000000000001,951.3854,935.60000000000002,941.48000000000002,1637873,28181,942.44141400000001
2017-09-06 04:00:00+00:00,943.87,944.5,932.67999999999995,942.01999999999998,1505586,24993,939.84933100000001
2017-09-07 04:00:00+00:00,944.25,950.49649999999997,937.52999999999997,949.88999999999999,1202899,22914,946.23694499999999
2017-09-08 04:00:00+00:00,949.70000000000005,950.70000000000005,940.00999999999999,941.40999999999997,1116231,18873,944.18104800000003
2017-09-11 04:00:00+00:00,947.20000000000005,952.67999999999995,941,943.28999999999996,1426383,25037,946.05525999999998
2017-09-12 04:00:00+00:00,946.91999999999996,948.08500000000004,937.5,946.64999999999998,1418482,28340,943.86766899999998
2017-09-13 04:00:00+00:00,945.5,952.85000000000002,944.74000000000001,950.44000000000005,1180634,23717,949.57277099999999
2017-09-14 04:00:00+00:00,946,948.02999999999997,938.35599999999999,940.13,1615252,28679,941.54348500000003
2017-09-15 04:00:00+00:00,940.09000000000003,941.75,931.25,935.28999999999996,2579069,32252,937.33839699999999
2017-09-18 04:00:00+00:00,935.00999999999999,936.86000000000001,925.39999999999998,929.75,1597057,29074,931.43298100000004
2017-09-19 04:00:00+00:00,933.40999999999997,937.94000000000005,926.65999999999997,936.86000000000001,1367992,27005,934.75358300000005
2017-09-20 04:00:00+00:00,937.73000000000002,950,937.5,947.53999999999996,2182197,35231,945.72410300000001
2017-09-21 04:00:00+00:00,948.13,952.79999999999995,939.38,947.54999999999995,1507855,25040,947.71230800000001
2017-09-22 04:00:00+00:00,942.76999999999998,950,940.83500000000004,943.25999999999999,1187102,22313,944.06727000000001
2017-09-25 04:00:00+00:00,939.45000000000005,939.75,924.51009999999997,934.27999999999997,2079351,37053,931.51913999999999
2017-09-26 04:00:00+00:00,936.69000000000005,944.08000000000004,935.12,937.42999999999995,1803118,28574,938.96299599999998
2017-09-27 04:00:00+00:00,942.74000000000001,965.42999999999995,941.95000000000005,959.89999999999998,2525511,39472,955.96472500000004
2017-09-28 04:00:00+00:00,956.25,966.17999999999995,955.54999999999995,964.80999999999995,1476211,28152,962.09057299999995
2017-09-29 04:00:00+00:00,966,975.80999999999995,966,973.72000000000003,2217699,36753,972.89277700000002
2017-10-02 04:00:00+00:00,975.64999999999998,977.74000000000001,961.95000000000005,967.47000000000003,1665265,29554,969.16634599999998
2017-10-03 04:00:00+00:00,967.55999999999995,972.44000000000005,962.70500000000004,972.08000000000004,1158726,23278,968.77986399999998
2017-10-04 04:00:00+00:00,971.75999999999999,974.39999999999998,965.61000000000001,966.77999999999997,1187736,19647,968.792464
2017-10-05 04:00:00+00:00,972.78999999999996,986.50850000000003,970.26999999999998,985.19000000000005,1906346,31994,980.894543
2017-10-06 04:00:00+00:00,980,994.25999999999999,978.50999999999999,993.63999999999999,1681004,27932,988.96926599999995
2017-10-09 04:00:00+00:00,995,1000.46,991.5,992.30999999999995,1423979,23112,994.92657999999994
2017-10-10 04:00:00+00:00,995.29999999999995,997.47000000000003,981.11000000000001,987.79999999999995,1268873,23641,988.771749
2017-10-11 04:00:00+00:00,989.03999999999996,1007.5650000000001,987.94000000000005,1005.65,1911752,35732,1001.211202
2017-10-12 04:00:00+00:00,1003.84,1011.5388,1001.1,1005.65,1612551,30773,1006.2957259999999
2017-10-13 04:00:00+00:00,1009.11,1014.76,1007.0599999999999,1007.87,1420844,27474,1010.236227
2017-10-16 04:00:00+00:00,1009.63,1012,1001.52,1009.35,1148332,26168,1007.242192
2017-10-17 04:00:00+00:00,1007.4400000000001,1014.5599999999999,1006.05,1011,1106676,19740,1010.088388
2017-10-18 04:00:00+00:00,1011.05,1016.3090999999999,1005.3200000000001,1012.74,1341814,26368,1012.19464
2017-10-19 04:00:00+00:00,1004.75,1007.322,997.29999999999995,1001.84,1808086,31920,1001.792599
2017-10-20 04:00:00+00:00,1007.05,1008.65,1002.27,1005.0700000000001,1848908,26952,1005.178493
2017-10-23 04:00:00+00:00,1005.1799999999999,1005.7938,983.10000000000002,985.53999999999996,1733216,31027,990.64500399999997
2017-10-24 04:00:00+00:00,986.5,989.25999999999999,977.08000000000004,988.49000000000001,1602984,27587,986.40031499999998
2017-10-25 04:00:00+00:00,986.26999999999998,994.42999999999995,977.72199999999998,991.46000000000004,1639690,29778,987.81577500000003
2017-10-26 04:00:00+00:00,998.47000000000003,1006.51,990.47000000000003,991.41999999999996,2466582,52480,996.45424300000002
2017-10-27 04:00:00+00:00,1030.99,1063.6199999999999,1026.8499999999999,1033.6700000000001,5491607,91804,1043.377796
2017-10-30 04:00:00+00:00,1029.1600000000001,1039.8299999999999,1022.33,1033.1300000000001,2447763,46924,1031.809045
2017-10-31 04:00:00+00:00,1033,1041,1026.2950000000001,1033.04,1661962,30587,1033.088195
2017-11-01 04:00:00+00:00,1036.3150000000001,1047.8599999999999,1034,1042.595,2285978,43081,1042.9609390000001
2017-11-02 04:00:00+00:00,1039.99,1045.52,1028.6600000000001,1042.97,1412146,28948,1039.2010540000001
2017-11-03 04:00:00+00:00,1042.75,1050.6600000000001,1037.6500000000001,1049.99,1567629,26950,1046.8181
2017-11-06 05:00:00+00:00,1049.0999999999999,1052.5899999999999,1042,1042.6800000000001,997187,22050,1046.0567530000001
2017-11-07 05:00:00+00:00,1049.6500000000001,1053.4100000000001,1043,1052.3900000000001,1443247,26162,1049.59752
2017-11-08 05:00:00+00:00,1050.05,1062.691,1047.05,1058.29,1312089,23810,1056.085376
2017-11-09 05:00:00+00:00,1048,1050.8800000000001,1035.8499999999999,1047.72,1887365,35915,1043.4813730000001
2017-11-10 05:00:00+00:00,1043.8699999999999,1046.6300000000001,1041.22,1044.1500000000001,1075114,20227,1043.894061
2017-11-13 05:00:00+00:00,1040.8,1048.74,1039.26,1041.2,1018366,18806,1043.260628
2017-11-14 05:00:00+00:00,1037.72,1042.3,1029.3299999999999,1041.6400000000001,1131321,19647,1038.5983650000001
2017-11-15 05:00:00+00:00,1035,1039.6300000000001,1030.76,1036.4100000000001,989570,19232,1036.196923
2017-11-16 05:00:00+00:00,1038.75,1051.76,1038,1048.47,1332820,22712,1047.0727649999999
2017-11-17 05:00:00+00:00,1049.8,1051,1033.73,1035.8900000000001,1493319,27033,1040.611298
2017-11-20 05:00:00+00:00,1036,1038.6949999999999,1032.675,1034.6600000000001,986146,18152,1035.160202
2017-11-21 05:00:00+00:00,1040.04,1050.3900000000001,1039.1400000000001,1050.3,1231740,24880,1047.2906270000001
2017-11-22 05:00:00+00:00,1051.1600000000001,1055.4300000000001,1047.25,1051.9200000000001,798299,17711,1051.144497
2017-11-24 05:00:00+00:00,1054.3900000000001,1060.0699999999999,1051.9200000000001,1056.52,934205,15699,1056.729241
2017-11-27 05:00:00+00:00,1058.5699999999999,1073.0350000000001,1054.7713000000001,1072.01,1888085,31683,1067.2517170000001
2017-11-28 05:00:00+00:00,1073.99,1080,1054.54,1063.29,1942321,34996,1066.92687
2017-11-29 05:00:00+00:00,1056.1800000000001,1058.77,1029.6532999999999,1037.3800000000001,2945819,55421,1039.509816
2017-11-30 05:00:00+00:00,1039.9400000000001,1044.1398999999999,1030.0699999999999,1036.1700000000001,2627997,41198,1036.4497409999999
2017-12-01 05:00:00+00:00,1030.4100000000001,1037.2449999999999,1016.9,1025.0699999999999,2029407,41258,1025.7037829999999
2017-12-04 05:00:00+00:00,1027.8,1031.3399999999999,1009.22,1011.87,2052646,40010,1017.4960150000001
2017-12-05 05:00:00+00:00,1010.99,1036.6800000000001,1002.3150000000001,1019.6,2166511,40417,1023.0667560000001
2017-12-06 05:00:00+00:00,1016.52,1039.5799999999999,1015.3099999999999,1032.72,1561882,29014,1031.4968940000001
2017-12-07 05:00:00+00:00,1036.0699999999999,1048.9200000000001,1035.3599999999999,1044.5699999999999,1661311,28988,1044.154176
2017-12-08 05:00:00+00:00,1051.8099999999999,1056.4200000000001,1045.8599999999999,1049.3800000000001,1652081,27364,1051.098894
2017-12-11 05:00:00+00:00,1051.1099999999999,1056,1044.1199999999999,1051.97,1272993,25188,1051.312001
2017-12-12 05:00:00+00:00,1050,1062.5,1044.8699999999999,1048.77,1816875,33620,1053.2929160000001
2017-12-13 05:00:00+00:00,1052.0799999999999,1055.48,1046.5799999999999,1051.3900000000001,1539710,28025,1051.5441470000001
2017-12-14 05:00:00+00:00,1055.49,1067.0799999999999,1053.595,1057.47,1670276,32423,1060.172554
2017-12-15 05:00:00+00:00,1063.78,1075.25,1060.0900999999999,1072,4017094,38806,1069.6888859999999
2017-12-18 05:00:00+00:00,1076.45,1086.49,1070.3699999999999,1085.0899999999999,1670097,31906,1082.3420599999999
2017-12-19 05:00:00+00:00,1083.02,1084.9749999999999,1072.2704000000001,1079.78,1456782,28012,1078.976044
2017-12-20 05:00:00+00:00,1080.9200000000001,1081.2349999999999,1068.5999999999999,1073.5599999999999,1632591,28854,1073.398404
2017-12-21 05:00:00+00:00,1075.3900000000001,1077.52,1069,1070.8499999999999,1416873,25236,1072.3683779999999
2017-12-22 05:00:00+00:00,1070,1071.72,1067.6400000000001,1068.8599999999999,1040844,19154,1069.270851
2017-12-26 05:00:00+00:00,1068.6400000000001,1068.8599999999999,1058.6401000000001,1065.8499999999999,1071184,18034,1064.913493
2017-12-27 05:00:00+00:00,1066.5999999999999,1068.27,1058.3800000000001,1060.2,1267475,22417,1061.374748
2017-12-28 05:00:00+00:00,1062.25,1064.8399999999999,1053.3800000000001,1055.95,1079968,21916,1058.2862190000001
2017-12-29 05:00:00+00:00,1055.49,1058.05,1052.7,1053.4000000000001,1479688,22709,1054.073537
2018-01-02 05:00:00+00:00,1053.02,1075.98,1053.02,1073.21,1706857,38248,1070.4106320000001
2018-01-03 05:00:00+00:00,1073.9300000000001,1096.0999999999999,1073.4300000000001,1091.52,1703953,36806,1088.070547
2018-01-04 05:00:00+00:00,1097.0899999999999,1104.0764999999999,1094.26,1095.76,1428195,30980,1097.794187
2018-01-05 05:00:00+00:00,1103.45,1113.5799,1101.7950000000001,1110.29,1676498,32328,1108.886448
2018-01-08 05:00:00+00:00,1111,1119.1600000000001,1110,1114.21,1375641,25359,1114.9444759999999
2018-01-09 05:00:00+00:00,1118.4400000000001,1118.4400000000001,1108.201,1112.79,1488495,31385,1113.857788
2018-01-10 05:00:00+00:00,1107,1112.78,1103.9842000000001,1110.1400000000001,1119737,26677,1108.0216069999999
2018-01-11 05:00:00+00:00,1112.3099999999999,1114.8499999999999,1106.48,1111.8789999999999,1200420,26421,1109.856031
2018-01-12 05:00:00+00:00,1110.0999999999999,1131.3025,1108.0101,1130.6500000000001,2080444,39615,1126.0331020000001
2018-01-16 05:00:00+00:00,1140.3099999999999,1148.8800000000001,1126.6600000000001,1130.7,2011016,42032,1135.2306960000001
2018-01-17 05:00:00+00:00,1136.3599999999999,1139.3199999999999,1123.49,1139.0999999999999,1529955,35769,1133.877463
2018-01-18 05:00:00+00:00,1139.3499999999999,1140.585,1124.4649999999999,1135.97,1515052,32837,1133.9207260000001
2018-01-19 05:00:00+00:00,1138.03,1143.7797,1132.5,1143.5,1786051,30199,1140.0338389999999
2018-01-22 05:00:00+00:00,1143.8199999999999,1166.8800000000001,1141.8199999999999,1164.1600000000001,1619637,37672,1159.7278040000001
2018-01-23 05:00:00+00:00,1170.6199999999999,1178.51,1167.25,1176.1700000000001,2284718,39052,1174.923145
2018-01-24 05:00:00+00:00,1184.98,1187.05,1167.4010000000001,1171.29,2034083,41927,1175.9563149999999
2018-01-25 05:00:00+00:00,1180.71,1185,1171.8399999999999,1182.1400000000001,1600089,36864,1179.5947140000001
2018-01-26 05:00:00+00:00,1187.53,1187.5599999999999,1168.03,1187.5599999999999,2346225,45731,1182.8227429999999
2018-01-29 05:00:00+00:00,1188,1198,1184.0599999999999,1186.48,1686560,38581,1189.0706290000001
2018-01-30 05:00:00+00:00,1177.72,1187.9300000000001,1174.51,1177.3699999999999,1982791,46955,1179.987138
2018-01-31 05:00:00+00:00,1183.8099999999999,1186.3199999999999,1172.0999999999999,1182.22,1996443,40628,1180.6420419999999
2018-02-01 05:00:00+00:00,1175.99,1187.45,1169.3599999999999,1181.5899999999999,3835780,98689,1179.2352229999999
2018-02-02 05:00:00+00:00,1127.4200000000001,1131.3,1111.1700000000001,1119.2,6154342,142187,1120.9810709999999
2018-02-05 05:00:00+00:00,1100.6099999999999,1114.99,1056.74,1062.3900000000001,4453564,108600,1085.495085
2018-02-06 05:00:00+00:00,1033.98,1087.375,1030.01,1084.4300000000001,4079749,106971,1064.9938959999999
2018-02-07 05:00:00+00:00,1084.97,1086.53,1054.6199999999999,1055.4100000000001,2762695,65064,1066.9104480000001
2018-02-08 05:00:00+00:00,1059.8699999999999,1063.9300000000001,1004.7,1007.71,3559848,87221,1030.1889920000001
2018-02-09 05:00:00+00:00,1025.8800000000001,1051.72,997,1046.27,5306057,97742,1028.0110540000001
2018-02-12 05:00:00+00:00,1056.6700000000001,1065.5699999999999,1045.49,1054.5599999999999,2988543,55522,1056.2392219999999
2018-02-13 05:00:00+00:00,1050,1061.22,1046.9200000000001,1054.1400000000001,1728523,37370,1054.5571299999999
2018-02-14 05:00:00+00:00,1054.3199999999999,1075.47,1049.8,1072.7,2253728,51951,1067.8996990000001
2018-02-15 05:00:00+00:00,1083.45,1094.0999999999999,1067.23,1091.3599999999999,2028313,46796,1085.246715
2018-02-16 05:00:00+00:00,1093.3800000000001,1108.3099999999999,1091.55,1095.5,2238116,46042,1098.6177580000001
2018-02-20 05:00:00+00:00,1092.76,1116.29,1090,1103.5899999999999,1798248,46212,1105.1762140000001
2018-02-21 05:00:00+00:00,1109.0999999999999,1136.2,1107.51,1113.75,2221929,52035,1121.984283
2018-02-22 05:00:00+00:00,1119.1700000000001,1125.46,1105.1500000000001,1109.9000000000001,1501974,36939,1114.260397
2018-02-23 05:00:00+00:00,1118.6600000000001,1129,1108.4373000000001,1128.0899999999999,1376391,34463,1120.93337
2018-02-26 05:00:00+00:00,1131.8599999999999,1144.2,1129.3399999999999,1143.7,1713421,38089,1138.014782
2018-02-27 05:00:00+00:00,1143.7,1144.25,1116.7900999999999,1117.51,2259161,56125,1127.4597650000001
2018-02-28 05:00:00+00:00,1122,1127.6500000000001,1103,1103.9200000000001,2742124,55202,1112.3294069999999
2018-03-01 05:00:00+00:00,1109.54,1111.2732000000001,1067.2850000000001,1071.4100000000001,2921585,70734,1082.657778
2018-03-02 05:00:00+00:00,1057.98,1086.8900000000001,1050.1099999999999,1084.1400000000001,2645497,61269,1070.589735
2018-03-05 05:00:00+00:00,1078.1300000000001,1101.1800000000001,1072.2701,1094.76,1562354,37749,1089.5043820000001
2018-03-06 05:00:00+00:00,1102.1025,1105.6300000000001,1094.5,1100.9000000000001,1257086,36839,1100.880218
2018-03-07 05:00:00+00:00,1092.8199999999999,1116.2,1089.9102,1115.04,1671299,38555,1105.3762630000001
2018-03-08 05:00:00+00:00,1117.2,1131.4400000000001,1117.2,1129.3800000000001,1799202,41929,1124.9763800000001
2018-03-09 05:00:00+00:00,1139.5,1161,1134.29,1160.8399999999999,2314870,51481,1151.1499140000001
2018-03-12 04:00:00+00:00,1165.05,1178.1600000000001,1159.2,1165.9300000000001,2358014,53049,1168.7447079999999
2018-03-13 04:00:00+00:00,1171.8299999999999,1178,1134.5699999999999,1139.9100000000001,2339916,55070,1151.6133359999999
2018-03-14 04:00:00+00:00,1145.8,1159.7599,1142.3499999999999,1148.8900000000001,2274045,46304,1150.10625
2018-03-15 04:00:00+00:00,1149.5699999999999,1162.5,1135.6600000000001,1150.6099999999999,1787543,42871,1150.880001
2018-03-16 04:00:00+00:00,1155.3499999999999,1156.8099999999999,1131.3599999999999,1134.4200000000001,3620389,45463,1140.65633
2018-03-19 04:00:00+00:00,1117.76,1119.3699999999999,1088.9200000000001,1100.0699999999999,3347526,80160,1100.6416509999999
2018-03-20 04:00:00+00:00,1098.4000000000001,1105.55,1082.4200000000001,1095.8,2878880,59382,1095.482477
2018-03-21 04:00:00+00:00,1092.5699999999999,1108.7,1087.21,1094,2357545,50616,1098.060894
2018-03-22 04:00:00+00:00,1080.01,1083.9200000000001,1049.6400000000001,1053.1500000000001,3665022,75068,1063.105581
2018-03-23 04:00:00+00:00,1051.3699999999999,1066.7799,1024.8699999999999,1026.55,2678216,66872,1043.6437060000001
2018-03-26 04:00:00+00:00,1050.5999999999999,1059.27,1010.58,1054.0899999999999,3587125,77973,1039.663301
2018-03-27 04:00:00+00:00,1063.9000000000001,1064.54,997.62,1006.9400000000001,3288016,85539,1026.0938080000001
2018-03-28 04:00:00+00:00,1001.91,1024.99,984,1005.1799999999999,4071401,105452,1006.370831
2018-03-29 04:00:00+00:00,1011.21,1048.05,1004.04,1037.1400000000001,3708854,81485,1031.6110369999999
2018-04-02 04:00:00+00:00,1027.6199999999999,1039.53,994.25,1012.63,3527581,82368,1011.680702
2018-04-03 04:00:00+00:00,1016.15,1025,997.245,1018.6799999999999,2707914,64307,1012.762891
2018-04-04 04:00:00+00:00,998.23000000000002,1032.74,996.50999999999999,1029.71,2712542,69041,1013.904776
2018-04-05 04:00:00+00:00,1046.3900000000001,1046.71,1024,1032.6400000000001,1933588,46546,1036.235754
2018-04-06 04:00:00+00:00,1023.1,1036,1006.2501,1009.95,2181656,56655,1017.010285
2018-04-09 04:00:00+00:00,1020.04,1044.5899999999999,1019.2,1020.09,1817062,47071,1028.2432200000001
2018-04-10 04:00:00+00:00,1030.26,1041.21,1015.41,1036.5,1991499,49362,1029.6010160000001
2018-04-11 04:00:00+00:00,1032,1035.8699999999999,1019.2,1025.0599999999999,1805126,48813,1026.968149
2018-04-12 04:00:00+00:00,1031.47,1044.6500000000001,1026.05,1037.29,1800243,41697,1038.1016090000001
2018-04-13 04:00:00+00:00,1046.8900000000001,1052.98,1030.1500000000001,1035.49,1376515,37759,1040.201589
2018-04-16 04:00:00+00:00,1045.55,1051.4295,1033.9200000000001,1046.0999999999999,1637037,34686,1044.754553
2018-04-17 04:00:00+00:00,1061.2,1085,1057.0900999999999,1079.3599999999999,2994165,59020,1076.9622460000001
2018-04-18 04:00:00+00:00,1079.01,1082,1070.5150000000001,1075.3900000000001,1681653,45571,1076.615247
2018-04-19 04:00:00+00:00,1069.02,1097.51,1069.02,1089.45,2210373,48813,1086.3557929999999
2018-04-20 04:00:00+00:00,1084.27,1094.75,1072.0999999999999,1077.3199999999999,2392178,45957,1081.7828340000001
2018-04-23 04:00:00+00:00,1082.98,1088,1066.6800000000001,1073.8099999999999,3616336,94661,1077.295081
2018-04-24 04:00:00+00:00,1059.2,1064.49,1012.855,1022.64,6685812,133856,1030.611809
2018-04-25 04:00:00+00:00,1029.75,1036.0699999999999,1017.01,1022.99,3050589,72461,1026.362091
2018-04-26 04:00:00+00:00,1033.22,1052.02,1020.45,1043.3099999999999,2817740,58063,1040.5909409999999
2018-04-27 04:00:00+00:00,1045.54,1051.6949999999999,1027.5899999999999,1031.45,2161031,50757,1035.8759279999999
2018-04-30 04:00:00+00:00,1034.4200000000001,1038.3699999999999,1018.3,1018.58,1990051,38960,1023.97702
2018-05-01 04:00:00+00:00,1016.3,1041.73,1010.61,1040.75,1884428,48141,1029.7078730000001
2018-05-02 04:00:00+00:00,1037.05,1037.05,1026.05,1026.05,291448,2,1027.07305
2018-05-03 04:00:00+00:00,1025.3699999999999,1026.3,1025.3699999999999,1026.3,149871,35,1026.160425
2018-05-04 04:00:00+00:00,1019.61,1051.8792000000001,1018.05,1051,1989097,54599,1043.116135
2018-05-07 04:00:00+00:00,1053.8900000000001,1065,1050.2697000000001,1059.46,1869952,40889,1059.8582220000001
2018-05-08 04:00:00+00:00,1064.6199999999999,1065.23,1051.6410000000001,1058.5899999999999,1424232,35733,1058.441325
2018-05-09 04:00:00+00:00,1064.0999999999999,1094,1062.1099999999999,1088.95,2509909,63708,1082.8390569999999
2018-05-10 04:00:00+00:00,1095,1109.4100000000001,1093.8800000000001,1105.47,1910779,50059,1102.954283
2018-05-11 04:00:00+00:00,1100.4100000000001,1109.01,1097.22,1103.3800000000001,1723513,37837,1103.1238269999999
2018-05-14 04:00:00+00:00,1105.5699999999999,1118.1500000000001,1104.8,1106.5999999999999,2148635,46077,1110.4418700000001
2018-05-15 04:00:00+00:00,1096.9000000000001,1099.1199999999999,1078.78,1084.8699999999999,1955370,49206,1087.0381199999999
2018-05-16 04:00:00+00:00,1085.0899999999999,1094.3824999999999,1081.6301000000001,1084.0899999999999,1471097,31230,1086.813437
2018-05-17 04:00:00+00:00,1081.46,1091,1076.4200000000001,1081.26,1462768,30693,1082.879944
2018-05-18 04:00:00+00:00,1066,1073.73,1064.6800000000001,1069.6400000000001,1970694,41871,1069.32737
2018-05-21 04:00:00+00:00,1079,1093.3,1078,1084.01,1370876,33438,1085.4329339999999
2018-05-22 04:00:00+00:00,1089.8,1091.8,1072.26,1075.3099999999999,1237744,27894,1079.905426
2018-05-23 04:00:00+00:00,1070,1088,1066.96,1085.96,1299042,29248,1079.049714
2018-05-24 04:00:00+00:00,1086.9000000000001,1087.1199999999999,1072.3,1085.45,1131284,25637,1083.119197
2018-05-25 04:00:00+00:00,1086.55,1089.5699999999999,1082.5999999999999,1084.0799999999999,1225482,27108,1085.489734
2018-05-29 04:00:00+00:00,1076,1081.3399999999999,1063.0799999999999,1068.0699999999999,2039274,45430,1069.686408
2018-05-30 04:00:00+00:00,1073.48,1078.99,1066.55,1077.47,1548847,34317,1075.279708
2018-05-31 04:00:00+00:00,1082,1110,1078,1100,4366201,79614,1100.2330549999999
2018-06-01 04:00:00+00:00,1112.8699999999999,1138.1600000000001,1112.0101,1135,3304053,76597,1128.6668890000001
2018-06-04 04:00:00+00:00,1138.5,1157.8572999999999,1137,1153.04,2363184,59301,1150.937551
2018-06-05 04:00:00+00:00,1154.6600000000001,1161.0963999999999,1147.46,1151.02,1876174,45927,1152.6816839999999
2018-06-06 04:00:00+00:00,1152.77,1154.7139,1136.3199999999999,1146.95,1884577,43984,1145.6113720000001
2018-06-07 04:00:00+00:00,1144.5799999999999,1145.865,1126.1199999999999,1134.4200000000001,1949624,47468,1134.1846049999999
2018-06-08 04:00:00+00:00,1131.21,1138.78,1123.23,1132.71,1597254,37034,1132.0646999999999
2018-06-11 04:00:00+00:00,1132.9400000000001,1147.74,1131.3986,1140.9000000000001,1373310,33516,1140.7397659999999
2018-06-12 04:00:00+00:00,1141.02,1148.75,1141.02,1148.1900000000001,1516436,31423,1146.1926719999999
2018-06-13 04:00:00+00:00,1152.28,1155.6400000000001,1143.3800000000001,1144.23,1848904,41736,1148.775093
2018-06-14 04:00:00+00:00,1152.21,1165.99,1150.5999999999999,1160.1099999999999,1908546,48373,1159.0723700000001
2018-06-15 04:00:00+00:00,1159.9200000000001,1163.9087999999999,1153.6900000000001,1159.27,2981792,40899,1159.140678
2018-06-18 04:00:00+00:00,1152.6900000000001,1184.1300000000001,1151,1183.5799999999999,1783427,48121,1174.273899
2018-06-19 04:00:00+00:00,1169.1099999999999,1182.8099999999999,1161.6099999999999,1178.6900000000001,2541013,61991,1173.6594210000001
2018-06-20 04:00:00+00:00,1183.3,1201.49,1182.03,1184.0699999999999,2763723,68396,1190.980456
2018-06-21 04:00:00+00:00,1185.51,1190.3330000000001,1163.48,1169.4400000000001,2345578,64237,1174.0704579999999
2018-06-22 04:00:00+00:00,1171.4949999999999,1175,1159.6500000000001,1169.29,2040506,41193,1168.4611649999999
2018-06-25 04:00:00+00:00,1155,1155.99,1119.9000000000001,1139.28,3080779,84747,1135.591318
2018-06-26 04:00:00+00:00,1144.1400000000001,1146.8699999999999,1129,1132.6199999999999,1906255,49421,1136.63564
2018-06-27 04:00:00+00:00,1136,1146.21,1116.7,1116.9400000000001,1878829,50779,1127.5837140000001
2018-06-28 04:00:00+00:00,1112.3900000000001,1134,1106.0724,1126.78,1617079,45852,1122.3312229999999
2018-06-29 04:00:00+00:00,1132.3099999999999,1141.3589999999999,1127.02,1129.1900000000001,1831630,36324,1132.2151060000001
2018-07-02 04:00:00+00:00,1115.3499999999999,1142.99,1106.5999999999999,1142.1099999999999,1269141,36044,1129.2348420000001
2018-07-03 04:00:00+00:00,1149.4200000000001,1149.9100000000001,1114.4300000000001,1116.28,917298,21391,1127.000951
2018-07-05 04:00:00+00:00,1124.5999999999999,1144.1400000000001,1123.1199999999999,1141.29,1539172,38487,1135.948725
2018-07-06 04:00:00+00:00,1141.77,1156.2,1137.24,1155.0799999999999,1213842,35229,1152.022612
2018-07-09 04:00:00+00:00,1160,1167.9300000000001,1157.2345,1167.28,1227065,28230,1163.7784429999999
2018-07-10 04:00:00+00:00,1169.99,1173.5,1162.5599999999999,1167.1400000000001,1160968,28965,1168.7280459999999
2018-07-11 04:00:00+00:00,1155.6199999999999,1180.4400000000001,1155.3744999999999,1171.46,1782597,40302,1173.166913
2018-07-12 04:00:00+00:00,1174.8599999999999,1201.9860000000001,1173.0999999999999,1201.74,2420819,52727,1195.2144060000001
2018-07-13 04:00:00+00:00,1202.8,1210.4400000000001,1195.29,1204.4200000000001,1781444,41574,1204.2177799999999
2018-07-16 04:00:00+00:00,1203.8099999999999,1208.71,1193.4011,1196.51,1407547,38171,1200.394356
2018-07-17 04:00:00+00:00,1182.74,1218.76,1182,1213.0799999999999,2125678,55525,1206.613797
2018-07-18 04:00:00+00:00,1208.53,1221.5899999999999,1204.5599999999999,1212.9100000000001,2076200,48749,1213.766652
2018-07-19 04:00:00+00:00,1206.6500000000001,1216.48,1197.7344000000001,1199.0999999999999,2021610,43736,1203.2667369999999
2018-07-20 04:00:00+00:00,1199.24,1210.7650000000001,1196.5899999999999,1197.8800000000001,2133534,40651,1200.933368
2018-07-23 04:00:00+00:00,1195.6600000000001,1215.0999999999999,1192.01,1211,3382929,95194,1206.6942670000001
2018-07-24 04:00:00+00:00,1271,1275,1244.1400000000001,1258.1500000000001,5607000,118703,1261.5097450000001
2018-07-25 04:00:00+00:00,1252.6198999999999,1278.24,1249.05,1275.9400000000001,2780343,57543,1268.0801289999999
2018-07-26 04:00:00+00:00,1267.1800000000001,1287.4000000000001,1263,1285.5,2895850,71584,1277.421372
2018-07-27 04:00:00+00:00,1289.1199999999999,1291.4400000000001,1244.4949999999999,1252.8900000000001,2563808,69667,1261.5562540000001
2018-07-30 04:00:00+00:00,1245.05,1252.8900000000001,1224.1700000000001,1230.04,2304779,63445,1233.5093340000001
2018-07-31 04:00:00+00:00,1231.71,1241.21,1216.1900000000001,1227.22,2146080,48813,1229.5211139999999
2018-08-01 04:00:00+00:00,1239.1099999999999,1245.9003,1224.9400000000001,1232.99,2008893,49819,1235.6208340000001
2018-08-02 04:00:00+00:00,1218.5,1244.4100000000001,1218.0599999999999,1241.1300000000001,1859903,46581,1234.372296
2018-08-03 04:00:00+00:00,1245.1800000000001,1246.52,1229.4200000000001,1238.1600000000001,1171723,33431,1236.8500059999999
2018-08-06 04:00:00+00:00,1241.6099999999999,1242.4616000000001,1230.53,1237.6700000000001,1232505,31139,1236.6900880000001
2018-08-07 04:00:00+00:00,1252.01,1266.0799999999999,1251.8,1255.8399999999999,2240009,58539,1258.595002
2018-08-08 04:00:00+00:00,1256.72,1271.72,1252.1199999999999,1261.3299999999999,1852445,41140,1264.32329
2018-08-09 04:00:00+00:00,1262.73,1271.9648,1260.1011000000001,1264.46,1503067,36130,1265.565644
2018-08-10 04:00:00+00:00,1259.1800000000001,1261.2,1247.1635000000001,1252.51,1425349,37599,1253.51711
2018-08-13 04:00:00+00:00,1251.2,1265.97,1247.03,1248.6400000000001,1537298,37039,1253.278785
2018-08-14 04:00:00+00:00,1252.5,1260.5899999999999,1239.54,1258.1400000000001,1544986,37270,1254.1043999999999
2018-08-15 04:00:00+00:00,1244.28,1251.98,1226.2449999999999,1232.22,2012392,51955,1234.312034
2018-08-16 04:00:00+00:00,1241.99,1243.6974,1219.6300000000001,1224.0599999999999,1730058,43660,1231.1835960000001
2018-08-17 04:00:00+00:00,1222.04,1226.9547,1204,1215.8499999999999,1762456,50188,1214.9097320000001
2018-08-20 04:00:00+00:00,1220.6600000000001,1225.9100000000001,1208.7,1221.95,1197616,32510,1219.0258960000001
2018-08-21 04:00:00+00:00,1223.02,1232.76,1215.03,1217.4100000000001,1255863,33798,1222.759896
2018-08-22 04:00:00+00:00,1214.22,1226.53,1213.22,1221.75,1194399,31961,1220.8240189999999
2018-08-23 04:00:00+00:00,1219.77,1235.1700000000001,1219.3488,1221.1600000000001,1349467,31243,1224.6120699999999
2018-08-24 04:00:00+00:00,1226,1237.4000000000001,1221.4200000000001,1236.75,1326800,34436,1232.3542239999999
2018-08-27 04:00:00+00:00,1244.1400000000001,1257.8699999999999,1240.6800000000001,1256.27,1549100,37646,1252.7105449999999
2018-08-28 04:00:00+00:00,1255.9000000000001,1256.5599999999999,1242.97,1245.8599999999999,1495480,37914,1249.0137709999999
2018-08-29 04:00:00+00:00,1255,1267.1700000000001,1252.8,1264.6500000000001,1997058,46059,1262.4125329999999
2018-08-30 04:00:00+00:00,1263.4000000000001,1269.49,1247.21,1254.4400000000001,1594470,48212,1258.963066
2018-08-31 04:00:00+00:00,1252.21,1252.5450000000001,1225.7547,1231.8,2350581,57770,1236.06924
2018-09-04 04:00:00+00:00,1222.52,1227.8699999999999,1206.5599999999999,1211.3099999999999,2200341,60092,1214.5289660000001
2018-09-05 04:00:00+00:00,1209.22,1214.8699999999999,1175.3399999999999,1199.0999999999999,2878856,77320,1194.9549469999999
2018-09-06 04:00:00+00:00,1198.5699999999999,1198.9865,1163.6099999999999,1183.99,2461375,69243,1178.45372
2018-09-07 04:00:00+00:00,1172,1188.5450000000001,1169.27,1177.5899999999999,1763767,42821,1178.568031
2018-09-10 04:00:00+00:00,1184.2,1186.6600000000001,1170.6099999999999,1175.0599999999999,1560871,40977,1176.6355189999999
2018-09-11 04:00:00+00:00,1171.0999999999999,1190.9400000000001,1165.95,1189.99,1576572,38379,1184.8790289999999
2018-09-12 04:00:00+00:00,1182,1190.694,1166.1600000000001,1171.5999999999999,1934660,55660,1172.8367430000001
2018-09-13 04:00:00+00:00,1179.7,1187.8599999999999,1169.22,1182.1400000000001,2157575,51183,1179.019065
2018-09-14 04:00:00+00:00,1188,1188,1173.52,1177.98,1303684,31761,1179.3312470000001
2018-09-17 04:00:00+00:00,1177.77,1181.8199999999999,1158.4549999999999,1159.8299999999999,1843959,47844,1164.8173509999999
2018-09-18 04:00:00+00:00,1162.6600000000001,1181.3299999999999,1161.425,1167.1099999999999,1751236,39420,1170.2313489999999
2018-09-19 04:00:00+00:00,1168.96,1176.27,1158.6152,1174.27,1398151,39990,1168.5060120000001
2018-09-20 04:00:00+00:00,1180.6700000000001,1194,1176.25,1191.5699999999999,1643102,44130,1189.1634100000001
2018-09-21 04:00:00+00:00,1194.9200000000001,1196.5799999999999,1172.0599999999999,1172.1199999999999,6291334,57032,1178.8236629999999
2018-09-24 04:00:00+00:00,1159.4100000000001,1185.1900000000001,1151.5,1179.5599999999999,1704696,44930,1173.635104
2018-09-25 04:00:00+00:00,1184.25,1196.8598999999999,1174.0899999999999,1193.8900000000001,1866048,43829,1190.763753
2018-09-26 04:00:00+00:00,1193.6900000000001,1207.24,1185.3969,1194.0599999999999,2123431,47478,1196.0497370000001
2018-09-27 04:00:00+00:00,1200,1216.8599999999999,1198.05,1207.3599999999999,2017876,47618,1209.07016
2018-09-28 04:00:00+00:00,1204.0899999999999,1208.45,1197.8299999999999,1207.0799999999999,2091350,44179,1205.4125120000001
2018-10-01 04:00:00+00:00,1213,1224.2,1203.1900000000001,1208.53,1875281,45646,1211.611915
2018-10-02 04:00:00+00:00,1206.6700000000001,1224.52,1199.6600000000001,1207.6400000000001,2183424,51218,1211.4031359999999
2018-10-03 04:00:00+00:00,1212,1214.1800000000001,1202.1500000000001,1211.53,1453127,33319,1209.1906120000001
2018-10-04 04:00:00+00:00,1205.03,1205.9000000000001,1163.845,1177.0699999999999,2566254,64482,1178.655287
2018-10-05 04:00:00+00:00,1176,1182,1154.3199999999999,1167.8299999999999,1741537,43028,1167.1011679999999
2018-10-08 04:00:00+00:00,1160,1175.8599999999999,1135.4000000000001,1155.9200000000001,2522671,62454,1154.0876639999999
2018-10-09 04:00:00+00:00,1151.3099999999999,1161.55,1144.1700000000001,1145.1700000000001,1823566,43145,1150.7045820000001
2018-10-10 04:00:00+00:00,1136.4000000000001,1137.02,1091.51,1092.1600000000001,3214009,79265,1109.3794820000001
2018-10-11 04:00:00+00:00,1079.04,1116.0550000000001,1075.8900000000001,1090.74,3616807,87414,1094.57782
2018-10-12 04:00:00+00:00,1119.6400000000001,1125.8299,1095.0250000000001,1120.54,2675095,70392,1114.9237129999999
2018-10-15 04:00:00+00:00,1118,1121.7950000000001,1098.22,1102.4400000000001,1656823,41372,1107.7791589999999
2018-10-16 04:00:00+00:00,1113.48,1136.3699999999999,1111.75,1133.0799999999999,2075030,59575,1127.4587919999999
2018-10-17 04:00:00+00:00,1140,1147,1114,1127.5899999999999,1902881,50801,1125.640298
2018-10-18 04:00:00+00:00,1130,1132.3499999999999,1086.3399999999999,1097.9100000000001,2458443,62621,1102.3295149999999
2018-10-19 04:00:00+00:00,1103.71,1120.95,1097.03,1105.1800000000001,2304784,47962,1106.772213
2018-10-22 04:00:00+00:00,1112.51,1121.6900000000001,1100,1111.3699999999999,1501064,37723,1112.2697989999999
2018-10-23 04:00:00+00:00,1091.29,1118,1079.01,1114.9100000000001,2031792,55945,1103.4125690000001
2018-10-24 04:00:00+00:00,1115,1116.6199999999999,1055.0599999999999,1057.1199999999999,2640462,67851,1078.4917539999999
2018-10-25 04:00:00+00:00,1080.3,1117.8199999999999,1075.5450000000001,1103.5899999999999,3885895,94809,1101.0153989999999
2018-10-26 04:00:00+00:00,1048.3299999999999,1117,1042.23,1083.75,5631758,126292,1074.745099
2018-10-29 04:00:00+00:00,1096.54,1108.8299999999999,1007.2,1034.73,4423184,88701,1051.245361
2018-10-30 04:00:00+00:00,1020.01,1050.9000000000001,1013.97,1049.51,3232596,74858,1037.9553519999999
2018-10-31 04:00:00+00:00,1070,1108,1068.2,1090.5799999999999,3858578,70987,1091.5688239999999
2018-11-01 04:00:00+00:00,1091.4000000000001,1099.9000000000001,1077.8199999999999,1085.98,2148004,43646,1088.2737259999999
2018-11-02 04:00:00+00:00,1089,1098,1067.6600000000001,1071.49,2346893,44477,1076.350905
2018-11-05 05:00:00+00:00,1072.53,1073.3499999999999,1034,1055.73,2464942,49678,1050.727116
2018-11-06 05:00:00+00:00,1055.02,1079.8199999999999,1053.6099999999999,1069.5699999999999,1602989,29386,1068.2576790000001
2018-11-07 05:00:00+00:00,1083.49,1109.9299000000001,1080.5899999999999,1108.24,2338263,47818,1100.1582980000001
2018-11-08 05:00:00+00:00,1107.3,1108.22,1084.3599999999999,1094.6300000000001,1849152,40244,1093.4452020000001
2018-11-09 05:00:00+00:00,1084.02,1088.3499999999999,1064.26,1077.02,2045199,36242,1076.225097
2018-11-12 05:00:00+00:00,1073.1300000000001,1074.0999999999999,1040.3499999999999,1049.3599999999999,1838686,41107,1053.602883
2018-11-13 05:00:00+00:00,1054.8099999999999,1066.665,1040.4000000000001,1047.97,1391229,35812,1052.3104499999999
2018-11-14 05:00:00+00:00,1060,1065.79,1041.1099999999999,1054.5799999999999,1946687,36745,1054.2124140000001
2018-11-15 05:00:00+00:00,1051.46,1078.8699999999999,1041.2925,1071.05,2275789,46764,1062.519065
2018-11-16 05:00:00+00:00,1065.23,1072.4400000000001,1054.9000000000001,1068.27,2032412,37559,1066.182339
2018-11-19 05:00:00+00:00,1063.3900000000001,1068,1022.8692,1027.4200000000001,2492038,51657,1036.35805
2018-11-20 05:00:00+00:00,1007.29,1037.3499999999999,1002.21,1030.45,2951685,62047,1023.663314
2018-11-21 05:00:00+00:00,1045.3099999999999,1054.7049999999999,1039.4549999999999,1043.4300000000001,1617616,36391,1047.1986710000001
2018-11-23 05:00:00+00:00,1033.5,1043,1028.52,1030.0999999999999,801830,15735,1033.714074
2018-11-26 05:00:00+00:00,1044,1057,1039.77,1055.9400000000001,1754044,38015,1051.1954270000001
2018-11-27 05:00:00+00:00,1051.3399999999999,1066.76,1045.5,1052.28,1781835,35317,1055.1518080000001
2018-11-28 05:00:00+00:00,1057.46,1092.8575000000001,1042.95,1091.79,2514087,53623,1075.2789330000001
2018-11-29 05:00:00+00:00,1083.53,1100.1500000000001,1082,1094.5799999999999,1683266,37454,1092.4598559999999
2018-11-30 05:00:00+00:00,1095.6300000000001,1109.6500000000001,1083.1800000000001,1109.6500000000001,3716990,44844,1102.631036
2018-12-03 05:00:00+00:00,1132.1600000000001,1135,1111.73,1116.3599999999999,3299408,56150,1121.22522
2018-12-04 05:00:00+00:00,1112.99,1114.24,1060.7750000000001,1062.47,2561368,50082,1079.756165
2018-12-06 05:00:00+00:00,1045,1079.4200000000001,1042.48,1078.0799999999999,2631667,55864,1064.95688
2018-12-07 05:00:00+00:00,1072.23,1085.03,1039.3699999999999,1046.5799999999999,2385614,52462,1053.82547
2018-12-10 05:00:00+00:00,1042.9400000000001,1059.5999999999999,1033,1053.1800000000001,1858239,41190,1049.8974430000001
2018-12-11 05:00:00+00:00,1066.9400000000001,1070.4000000000001,1050.0999999999999,1061.6500000000001,1806181,41414,1061.505578
2018-12-12 05:00:00+00:00,1077.0799999999999,1091.7325000000001,1071.97,1073.73,1597293,34537,1079.6643750000001
2018-12-13 05:00:00+00:00,1075.6700000000001,1088.4200000000001,1064.9939999999999,1073.54,1440067,29232,1074.746302
2018-12-14 05:00:00+00:00,1060.02,1071.72,1049.3699999999999,1051.71,2139355,39632,1054.7955979999999
2018-12-17 05:00:00+00:00,1047.01,1062.3800000000001,1016.63,1025.6500000000001,2835418,49056,1033.257335
2018-12-18 05:00:00+00:00,1034,1059.6900000000001,1030.48,1043.4100000000001,2492756,47009,1045.1546900000001
2018-12-19 05:00:00+00:00,1047.29,1075.71,1019.4299999999999,1035.46,3259677,61390,1048.268988
2018-12-20 05:00:00+00:00,1026,1047.4400000000001,1007.8647999999999,1023.58,2897371,69791,1024.8307830000001
2018-12-21 05:00:00+00:00,1032.04,1037.6700000000001,981.19000000000005,991.25,6480752,95610,1003.682279
2018-12-24 05:00:00+00:00,984.32000000000005,1012.1195,977.65989999999999,984.66999999999996,1990196,41423,991.08545200000003
2018-12-26 05:00:00+00:00,997.99000000000001,1048.45,992.64499999999998,1047.8499999999999,2616237,50167,1026.622646
2018-12-27 05:00:00+00:00,1026.2,1053.3399999999999,1007,1052.9000000000001,2515842,51984,1034.262248
2018-12-28 05:00:00+00:00,1059.5,1064.23,1042,1046.6800000000001,1900462,39185,1050.8648989999999
2018-12-31 05:00:00+00:00,1057.8299999999999,1062.99,1033.0387000000001,1044.96,1953071,37004,1044.0842560000001
2019-01-02 05:00:00+00:00,1027.2,1060.79,1025.2750000000001,1054.6800000000001,1733862,39065,1047.201994
2019-01-03 05:00:00+00:00,1050.6700000000001,1066.26,1022.37,1025.47,2412996,45067,1032.224293
2019-01-04 05:00:00+00:00,1042.5599999999999,1080,1036.8599999999999,1078.0699999999999,2614713,49688,1070.2316820000001
2019-01-07 05:00:00+00:00,1080.97,1082.7,1062.6400000000001,1075.9200000000001,2573573,45542,1074.4178569999999
2019-01-08 05:00:00+00:00,1086,1093.3499999999999,1068.3486,1085.3699999999999,1993243,38713,1082.691084
2019-01-09 05:00:00+00:00,1087.99,1091.6400000000001,1074.3699999999999,1081.6500000000001,1483447,34208,1083.5473870000001
2019-01-10 05:00:00+00:00,1074.9400000000001,1079.8099999999999,1064.6800000000001,1078.8299999999999,1499253,30799,1075.3171520000001
2019-01-11 05:00:00+00:00,1069.9000000000001,1073.3699999999999,1056.4300000000001,1064.47,1704265,33795,1063.577595
2019-01-14 05:00:00+00:00,1053.3399999999999,1058.45,1048.55,1051.51,1569693,29141,1052.958106
2019-01-15 05:00:00+00:00,1058.01,1088.27,1054.4400000000001,1086.51,2072748,38828,1079.722945
2019-01-16 05:00:00+00:00,1090,1102.3599999999999,1088.01,1089.51,2054705,38948,1093.2028459999999
2019-01-17 05:00:00+00:00,1087.99,1100.7,1083.2550000000001,1099.1199999999999,1346330,28177,1093.749577
2019-01-18 05:00:00+00:00,1108.5899999999999,1118,1099.2834,1107.3,2629315,37340,1108.134695
2019-01-22 05:00:00+00:00,1095.54,1098.97,1070.8900000000001,1078.6300000000001,2393314,41380,1081.841705
2019-01-23 05:00:00+00:00,1086.8599999999999,1092.95,1067.5699999999999,1084.4100000000001,1386451,30693,1081.6340520000001
2019-01-24 05:00:00+00:00,1082.51,1088,1070.02,1084,1630896,31487,1080.4650819999999
2019-01-25 05:00:00+00:00,1094.23,1103.3599999999999,1091.8012000000001,1101.51,1346338,26471,1099.2639899999999
2019-01-28 05:00:00+00:00,1090.0699999999999,1093.365,1074.6099999999999,1079.8599999999999,1711751,30799,1081.0469740000001
2019-01-29 05:00:00+00:00,1081.04,1084.73,1066.02,1070.0599999999999,1067747,23914,1072.6395259999999
2019-01-30 05:00:00+00:00,1077.3599999999999,1099.52,1076.6400000000001,1097.99,1604325,36630,1090.250446
2019-01-31 05:00:00+00:00,1112.24,1127.6700000000001,1105.25,1125.8900000000001,2229208,45776,1121.6146510000001
2019-02-01 05:00:00+00:00,1122.29,1134.4000000000001,1114.25,1118.6199999999999,1887079,37088,1121.652511
2019-02-04 05:00:00+00:00,1119.01,1142.3399999999999,1117.51,1141.4200000000001,4122892,87380,1135.7432389999999
2019-02-05 05:00:00+00:00,1129.6300000000001,1152.77,1123.5999999999999,1151.8699999999999,4331022,89635,1138.381801
2019-02-06 05:00:00+00:00,1149.27,1154,1118.3599999999999,1122.8900000000001,2648052,52841,1129.7704659999999
2019-02-07 05:00:00+00:00,1111.8199999999999,1111.99,1093.5899999999999,1105.9100000000001,2077406,45977,1102.931693
2019-02-08 05:00:00+00:00,1094.8800000000001,1105.095,1094.24,1102.3800000000001,1226390,25209,1100.5507170000001
2019-02-11 05:00:00+00:00,1103.75,1113.4300000000001,1100,1102.1199999999999,1034433,23687,1103.7930349999999
2019-02-12 05:00:00+00:00,1111.01,1132.8599999999999,1111.01,1127.5799999999999,1922708,38052,1125.9724659999999
2019-02-13 05:00:00+00:00,1133.04,1142.8496,1126,1128.6300000000001,1531203,30023,1133.294228
2019-02-14 05:00:00+00:00,1125,1136.1300000000001,1117.0899999999999,1129.2,1150913,25648,1128.3369849999999
2019-02-15 05:00:00+00:00,1139.3,1139.3,1116.72,1119.6300000000001,1630693,30420,1125.340117
2019-02-19 05:00:00+00:00,1116.6400000000001,1129.6400000000001,1116.6400000000001,1126.51,1315800,23749,1125.6090349999999
2019-02-20 05:00:00+00:00,1128.8800000000001,1130.9300000000001,1111.75,1120.5899999999999,1319266,30601,1122.748204
2019-02-21 05:00:00+00:00,1118.78,1119.1500000000001,1097.98,1104.21,1815767,40779,1104.8828579999999
2019-02-22 05:00:00+00:00,1109.7,1117.25,1100.5,1116.5599999999999,1650892,32823,1112.782389
2019-02-25 05:00:00+00:00,1121.9300000000001,1125.4000000000001,1114.1099999999999,1117.3299999999999,1463601,31381,1119.1115870000001
2019-02-26 05:00:00+00:00,1114.3699999999999,1126.4349999999999,1106.7,1122.01,1969843,32580,1118.4019470000001
2019-02-27 05:00:00+00:00,1114.01,1125.73,1108.5599999999999,1122.8900000000001,1214626,24239,1119.3807409999999
2019-02-28 05:00:00+00:00,1119,1133.99,1118.4100000000001,1126.55,1615760,28221,1126.9163000000001
2019-03-01 05:00:00+00:00,1131,1150,1131,1148.52,1940627,38987,1144.6075499999999
2019-03-04 05:00:00+00:00,1154.5599999999999,1165.52,1138.25,1153.4200000000001,2023291,39575,1152.4658030000001
2019-03-05 05:00:00+00:00,1156,1176.4899,1153.02,1169.1900000000001,2148423,49699,1166.3924030000001
2019-03-06 05:00:00+00:00,1171.76,1174.74,1163.05,1164.9400000000001,1264268,32299,1167.696342
2019-03-07 05:00:00+00:00,1160.5,1163.5799999999999,1141.7149999999999,1150.8499999999999,1700725,37231,1150.8975330000001
2019-03-08 05:00:00+00:00,1133.9000000000001,1153.4503999999999,1130.2,1149.97,1303856,31933,1145.144016
2019-03-11 04:00:00+00:00,1152,1179.9100000000001,1151.5699999999999,1179.26,1653228,38029,1172.3349149999999
2019-03-12 04:00:00+00:00,1182.3,1205.71,1182.3,1197.25,2275744,53926,1197.9385870000001
2019-03-13 04:00:00+00:00,1205.9300000000001,1207.1233999999999,1197.9100000000001,1199.0599999999999,1446727,30922,1202.638522
2019-03-14 04:00:00+00:00,1199.02,1204.7,1191.23,1192.53,1481885,32815,1196.078006
2019-03-15 04:00:00+00:00,1198,1201.7249999999999,1187.01,1190.3,3445889,42014,1193.4880029999999
2019-03-18 04:00:00+00:00,1189.3699999999999,1194.95,1181.4762000000001,1188.55,1338517,28485,1188.1296830000001
2019-03-19 04:00:00+00:00,1191.72,1203.405,1189.4564,1202.46,1646144,33597,1198.114057
2019-03-20 04:00:00+00:00,1201.4000000000001,1229.99,1199.5899999999999,1226.4300000000001,2230196,48126,1218.173722
2019-03-21 04:00:00+00:00,1220,1236.4400000000001,1216.575,1236.1300000000001,1549070,33287,1230.4645230000001
2019-03-22 04:00:00+00:00,1228.8499999999999,1233.6300000000001,1206.0001,1207.6500000000001,1898171,43028,1214.0720040000001
2019-03-25 04:00:00+00:00,1199.5599999999999,1209.4400000000001,1190.0034000000001,1197.3800000000001,1507097,36595,1199.0681830000001
2019-03-26 04:00:00+00:00,1205.1900000000001,1207.6500000000001,1181.76,1189.8399999999999,1657597,40681,1193.0914230000001
2019-03-27 04:00:00+00:00,1191.9200000000001,1191.9200000000001,1164.23,1178.01,1571357,40843,1176.9851860000001
2019-03-28 04:00:00+00:00,1175.5,1177.25,1163.4300000000001,1172.27,1187747,27393,1171.493618
2019-03-29 04:00:00+00:00,1180.1800000000001,1183.97,1166.3800000000001,1176.8900000000001,1838073,30798,1175.717891
2019-04-01 04:00:00+00:00,1187.54,1200.2,1186.3599999999999,1198.98,1500926,35512,1195.641316
2019-04-02 04:00:00+00:00,1200.05,1205.8099999999999,1191.24,1205.54,990977,26010,1201.286709
2019-04-03 04:00:00+00:00,1212.7,1220.5999999999999,1205.075,1210.8099999999999,1211994,31319,1212.0570540000001
2019-04-04 04:00:00+00:00,1211.29,1220.55,1209.04,1219.45,1173339,26613,1217.5514479999999
2019-04-05 04:00:00+00:00,1219.3,1220.3900000000001,1210.03,1211.45,1113086,26126,1214.016349
2019-04-08 04:00:00+00:00,1211.1099999999999,1213.95,1204.6949999999999,1208.28,1236661,25794,1208.516901
2019-04-09 04:00:00+00:00,1201.8900000000001,1207.1500000000001,1198.3800000000001,1202.6900000000001,1070151,26350,1202.454894
2019-04-10 04:00:00+00:00,1205.0899999999999,1208.9376999999999,1200.6609000000001,1206.45,830529,23270,1205.274784
2019-04-11 04:00:00+00:00,1208.9000000000001,1212.74,1204.54,1209.5899999999999,909322,22349,1209.2190149999999
2019-04-12 04:00:00+00:00,1215.6199999999999,1223.05,1213.29,1222.73,1342915,28225,1219.6079259999999
2019-04-15 04:00:00+00:00,1224.0899999999999,1229.2950000000001,1214.5599999999999,1226.53,1288205,29211,1223.445737
2019-04-16 04:00:00+00:00,1230,1235.98,1225.04,1231.9100000000001,1221856,31448,1231.4241440000001
2019-04-17 04:00:00+00:00,1237,1245.095,1232.9000000000001,1240.24,1585807,37292,1239.886632
2019-04-18 04:00:00+00:00,1245,1245.9400000000001,1239.4100000000001,1241.47,1474507,26106,1242.901008
2019-04-22 04:00:00+00:00,1236.6700000000001,1254.3405,1233.3699999999999,1253.76,1003547,25724,1247.004175
2019-04-23 04:00:00+00:00,1256.6400000000001,1274.4300000000001,1251.9749999999999,1270.5899999999999,1711136,37098,1267.288916
2019-04-24 04:00:00+00:00,1270.5899999999999,1274,1259.8099999999999,1260.05,1286440,28879,1265.202759
2019-04-25 04:00:00+00:00,1270.3,1272.8,1258,1267.3399999999999,1722231,39893,1267.0841330000001
2019-04-26 04:00:00+00:00,1273.3800000000001,1278.9100000000001,1265,1277.4200000000001,1508975,34925,1273.8914030000001
2019-04-29 04:00:00+00:00,1280.51,1296.9749999999999,1271.71,1296.2,3721769,104083,1286.517875
2019-04-30 04:00:00+00:00,1190.6300000000001,1200.9776999999999,1183,1198.96,7036507,162928,1193.185039
2019-05-01 04:00:00+00:00,1197.5,1199.25,1171.675,1173.3199999999999,3869710,87927,1180.489953
2019-05-02 04:00:00+00:00,1172.5999999999999,1179.3800000000001,1158.3299999999999,1166.51,2394129,59226,1167.3376049999999
2019-05-03 04:00:00+00:00,1177.4100000000001,1191.4000000000001,1173.5450000000001,1189.55,2286598,53909,1184.7166970000001
2019-05-06 04:00:00+00:00,1172,1195.4300000000001,1171.155,1193.46,1710752,50716,1187.1740259999999
2019-05-07 04:00:00+00:00,1185.8099999999999,1194.77,1165,1178.8599999999999,2022824,50308,1178.347847
2019-05-08 04:00:00+00:00,1177.29,1184.27,1167.6300000000001,1170.78,1443253,35075,1175.347289
2019-05-09 04:00:00+00:00,1162.5999999999999,1174.0699999999999,1154.6400000000001,1167.97,1586738,43330,1163.8362870000001
2019-05-10 04:00:00+00:00,1168.8399999999999,1176.28,1146.3699999999999,1167.6400000000001,1674685,47880,1161.5360000000001
2019-05-13 04:00:00+00:00,1145.24,1151.97,1125.5,1136.5899999999999,2473038,53721,1136.360091
2019-05-14 04:00:00+00:00,1142.3199999999999,1144.865,1123.53,1124.8599999999999,2183343,65752,1131.8712969999999
2019-05-15 04:00:00+00:00,1122.55,1178.3,1121.4000000000001,1170.8,3258467,62636,1159.8722740000001
2019-05-16 04:00:00+00:00,1171.8399999999999,1194.1600000000001,1168.45,1184.5,1942777,46713,1185.16958
2019-05-17 04:00:00+00:00,1175.8299999999999,1186.29,1166.4200000000001,1168.78,1439626,38579,1173.7249220000001
2019-05-20 04:00:00+00:00,1153,1153,1138.135,1144.6600000000001,1781504,37907,1145.5431510000001
2019-05-21 04:00:00+00:00,1154.48,1158,1143.3099999999999,1154.4400000000001,1140288,29499,1152.9324340000001
2019-05-22 04:00:00+00:00,1151.25,1163.78,1151,1155.8499999999999,1062479,23582,1157.0124780000001
2019-05-23 04:00:00+00:00,1146.0699999999999,1150.05,1133.1600000000001,1145.3399999999999,1424269,34766,1143.1989510000001
2019-05-24 04:00:00+00:00,1152,1154.3599999999999,1136.71,1138.6099999999999,1004002,29593,1143.9786549999999
2019-05-28 04:00:00+00:00,1141.48,1156.49,1138.6700000000001,1139.5599999999999,1213175,28515,1143.7380009999999
2019-05-29 04:00:00+00:00,1132.7,1135,1111.95,1119.9400000000001,2016370,46365,1120.3048240000001
2019-05-30 04:00:00+00:00,1120.1500000000001,1126.7950000000001,1115.9000000000001,1121.4100000000001,961111,25439,1121.16049
2019-05-31 04:00:00+00:00,1105.6400000000001,1113.4027000000001,1103.3499999999999,1106.5,1768890,40152,1107.814979
2019-06-03 04:00:00+00:00,1066.9300000000001,1067,1027.03,1038.74,5187159,123074,1040.2229540000001
2019-06-04 04:00:00+00:00,1044.49,1058.4369999999999,1036.03,1054.49,3244419,65470,1048.684293
2019-06-05 04:00:00+00:00,1055,1056.8099999999999,1033,1044.6400000000001,2540053,55497,1043.875984
2019-06-06 04:00:00+00:00,1046.21,1050,1035.51,1047.76,1555942,37123,1043.485964
2019-06-07 04:00:00+00:00,1054.28,1073.4300000000001,1051.1500000000001,1068.6199999999999,2354522,45653,1064.517863
2019-06-10 04:00:00+00:00,1077,1094.8399999999999,1075.2817,1082.76,1541228,38962,1084.9787879999999
2019-06-11 04:00:00+00:00,1096.99,1104.0050000000001,1079.5699999999999,1081.04,1826460,42448,1089.334294
2019-06-12 04:00:00+00:00,1079.95,1082.52,1069.5999999999999,1079.0999999999999,1304248,30059,1077.3535039999999
2019-06-13 04:00:00+00:00,1084.71,1096.5899999999999,1082.5699999999999,1091.01,1128372,28811,1090.9458540000001
2019-06-14 04:00:00+00:00,1089.74,1094.76,1081.4752000000001,1086.3,1383094,26620,1086.9265459999999
2019-06-17 04:00:00+00:00,1089.0999999999999,1101.28,1088,1093.8900000000001,1073317,30047,1095.305173
2019-06-18 04:00:00+00:00,1111.5,1118.78,1100.79,1105.24,1898463,40322,1109.4516880000001
2019-06-19 04:00:00+00:00,1107.24,1109.4300000000001,1096.03,1104.51,1482557,33855,1102.1234910000001
2019-06-20 04:00:00+00:00,1121.7,1122.72,1107,1113.2,1384867,33319,1113.763275
2019-06-21 04:00:00+00:00,1109.8599999999999,1126.5699999999999,1109.72,1125.3699999999999,3354020,39051,1120.436942
2019-06-24 04:00:00+00:00,1120,1123.5699999999999,1113.3099999999999,1116.7,1371657,34136,1117.596014
2019-06-25 04:00:00+00:00,1115.0799999999999,1115.7,1084.5998,1087.5799999999999,1694478,40388,1093.89303
2019-06-26 04:00:00+00:00,1091,1095.1199999999999,1073.6872000000001,1080.3199999999999,1946303,43623,1082.0023940000001
2019-06-27 04:00:00+00:00,1086.75,1088.4649999999999,1075.8499999999999,1076.6300000000001,1300823,30253,1080.6440889999999
2019-06-28 04:00:00+00:00,1077.23,1082.8,1073.8,1082.8,1962988,35991,1079.8988019999999
2019-07-01 04:00:00+00:00,1101.04,1108.5899999999999,1095.3299999999999,1100,1631848,37165,1100.4540030000001
2019-07-02 04:00:00+00:00,1104.8299999999999,1112.8900000000001,1099.6700000000001,1112.5999999999999,1111297,30897,1107.83422
2019-07-03 04:00:00+00:00,1118.5,1127.9873,1114.8499999999999,1122.99,1136436,25361,1122.5358430000001
2019-07-05 04:00:00+00:00,1119.3699999999999,1134.6500000000001,1117.5,1132.665,1628663,30331,1127.917588
2019-07-08 04:00:00+00:00,1125.8699999999999,1127.21,1111.76,1116.79,1647513,33940,1116.9079630000001
2019-07-09 04:00:00+00:00,1110.3199999999999,1127.8599999999999,1107.1500000000001,1124.29,1621910,32940,1121.3400630000001
2019-07-10 04:00:00+00:00,1132.3199999999999,1142.3399999999999,1130.6600000000001,1140.9100000000001,1710936,39043,1138.1592310000001
2019-07-11 04:00:00+00:00,1146.1600000000001,1153.24,1139.53,1144.0799999999999,1485975,33749,1145.707052
2019-07-12 04:00:00+00:00,1142.9300000000001,1147.5,1138.5599999999999,1145.3399999999999,1280097,26827,1144.59852
2019-07-15 04:00:00+00:00,1145.3399999999999,1150.6800000000001,1140,1150.51,1175104,25474,1147.9442750000001
2019-07-16 04:00:00+00:00,1146.73,1158.5799999999999,1146.73,1153.46,1409613,34370,1153.231268
2019-07-17 04:00:00+00:00,1150.9200000000001,1158.4400000000001,1146.6199999999999,1146.74,1090812,25460,1149.5260949999999
2019-07-18 04:00:00+00:00,1142,1148.1700000000001,1132.855,1147.24,1391817,28600,1142.564883
2019-07-19 04:00:00+00:00,1149.3199999999999,1151.5799999999999,1131.25,1131.55,1302851,31778,1139.885722
2019-07-22 04:00:00+00:00,1135.47,1140.02,1125.21,1139.21,1567527,31756,1134.803964
2019-07-23 04:00:00+00:00,1143.45,1148.8599999999999,1132.8499999999999,1148.05,1106233,28741,1143.0358699999999
2019-07-24 04:00:00+00:00,1132.6199999999999,1145.4549999999999,1128.51,1139.73,1482970,38844,1137.916322
2019-07-25 04:00:00+00:00,1138.95,1143.5909999999999,1123.71,1135.9400000000001,2849109,78930,1134.582852
2019-07-26 04:00:00+00:00,1228,1268.394,1228,1245.22,6529170,142743,1249.640024
2019-07-29 04:00:00+00:00,1242.5,1248.9949999999999,1230.2,1241.8399999999999,2187943,45796,1239.5160169999999
2019-07-30 04:00:00+00:00,1227,1236.9100000000001,1225.3199999999999,1228,1601152,30574,1229.55674
2019-07-31 04:00:00+00:00,1224.8699999999999,1234.9100000000001,1208.1800000000001,1218.2,2197674,48983,1223.48927
2019-08-01 04:00:00+00:00,1217.6300000000001,1236.298,1207,1211.78,1874036,47571,1218.709552
2019-08-02 04:00:00+00:00,1203,1209.5,1190,1196.3199999999999,1908411,44576,1197.5129609999999
2019-08-05 04:00:00+00:00,1172.97,1176.8800000000001,1142.75,1154.75,2597321,67568,1157.6983849999999
2019-08-06 04:00:00+00:00,1165.52,1181.4000000000001,1161.5250000000001,1171.0799999999999,1972040,44992,1171.1987200000001
2019-08-07 04:00:00+00:00,1157.8,1179.8699999999999,1150.8399999999999,1175.9100000000001,1727110,41451,1171.1663659999999
2019-08-08 04:00:00+00:00,1186.4300000000001,1206.28,1174,1206.1900000000001,1726543,37126,1198.569544
2019-08-09 04:00:00+00:00,1199.9949999999999,1204.46,1184.8900000000001,1188.9000000000001,1138920,28808,1192.2152900000001
2019-08-12 04:00:00+00:00,1180,1185.6099999999999,1168.72,1174.5,1256157,28369,1176.128252
2019-08-13 04:00:00+00:00,1174.3499999999999,1205.4300000000001,1172.9949999999999,1196.73,1617656,34606,1195.6104620000001
2019-08-14 04:00:00+00:00,1176.0699999999999,1182.79,1161.0699999999999,1164.25,2000844,42851,1167.637516
2019-08-15 04:00:00+00:00,1168.4300000000001,1176.4200000000001,1163,1169.3199999999999,1692758,35201,1169.480963
2019-08-16 04:00:00+00:00,1180.79,1183.8399999999999,1173,1179.21,1446210,29821,1179.4576810000001
2019-08-19 04:00:00+00:00,1191.8299999999999,1209.3900000000001,1190.4000000000001,1200.4400000000001,1312919,36395,1200.907099
2019-08-20 04:00:00+00:00,1195.3499999999999,1198,1183.0450000000001,1183.53,1188740,23814,1186.751315
2019-08-21 04:00:00+00:00,1195.8199999999999,1200.5568000000001,1187.9200000000001,1191.5799999999999,780354,21656,1193.9776420000001
2019-08-22 04:00:00+00:00,1193.8,1198.78,1178.9100000000001,1191.52,957457,24813,1190.0597580000001
2019-08-23 04:00:00+00:00,1185.1700000000001,1195.6700000000001,1150,1153.5799999999999,2069475,47499,1160.7956389999999
2019-08-26 04:00:00+00:00,1159.45,1171.8599999999999,1154.845,1171.1800000000001,1183675,31011,1165.33808
2019-08-27 04:00:00+00:00,1183,1185,1164.5572,1170.8199999999999,1305895,25859,1172.7955609999999
2019-08-28 04:00:00+00:00,1164.8699999999999,1178.5,1160.25,1173.75,945878,22361,1171.88662
2019-08-29 04:00:00+00:00,1186.4200000000001,1199.1900000000001,1185.28,1194.24,1091938,29148,1193.779816
2019-08-30 04:00:00+00:00,1200.3499999999999,1200.3499999999999,1185.72,1190.53,1084538,24238,1190.968408
2019-09-03 04:00:00+00:00,1181.8499999999999,1189.0799999999999,1163.7149999999999,1169.55,1424236,34969,1172.9617579999999
2019-09-04 04:00:00+00:00,1179.45,1184.8800000000001,1171.53,1182.27,1168116,29705,1179.0711960000001
2019-09-05 04:00:00+00:00,1193.6600000000001,1214,1192.6900000000001,1212.1900000000001,1439459,39793,1207.8475149999999
2019-09-06 04:00:00+00:00,1209.1400000000001,1212.9449999999999,1203.26,1206.3199999999999,1024826,25467,1207.4418519999999
2019-09-09 04:00:00+00:00,1207.0799999999999,1220.55,1193.1700000000001,1205.27,1714407,42486,1206.239227
2019-09-10 04:00:00+00:00,1196.0899999999999,1210,1196.01,1205.7,1518285,35053,1203.135231
2019-09-11 04:00:00+00:00,1203.8900000000001,1222.47,1202.2750000000001,1220,1305260,30562,1217.597166
2019-09-12 04:00:00+00:00,1223.47,1242.415,1222.5599999999999,1234.97,1701454,44297,1235.5120730000001
2019-09-13 04:00:00+00:00,1232.1099999999999,1241.05,1227.0799999999999,1240.03,1292011,31669,1236.585452
2019-09-16 04:00:00+00:00,1230.4400000000001,1239.02,1225.1900000000001,1231.6300000000001,1711948,26189,1231.5686659999999
2019-09-17 04:00:00+00:00,1231.6300000000001,1235,1223.3499999999999,1229.8800000000001,1210434,24696,1228.240969
2019-09-18 04:00:00+00:00,1230.24,1236.24,1216.47,1232.6500000000001,1013851,23702,1229.368534
2019-09-19 04:00:00+00:00,1232.3199999999999,1244.3399999999999,1232.3099999999999,1238.75,957680,24261,1238.8821760000001
2019-09-20 04:00:00+00:00,1233.6400000000001,1242.8,1223.5799999999999,1229.8399999999999,2630398,32476,1232.543394
2019-09-23 04:00:00+00:00,1226.5699999999999,1239.6800000000001,1223.7825,1234.6900000000001,1421644,24242,1234.2381820000001
2019-09-24 04:00:00+00:00,1240,1247.1099999999999,1210.6438000000001,1218.3299999999999,2031916,44866,1225.9527969999999
2019-09-25 04:00:00+00:00,1216.01,1248.02,1209.2,1245.9400000000001,1566746,34009,1238.202319
2019-09-26 04:00:00+00:00,1242.1400000000001,1244.6700000000001,1231.8199999999999,1242.29,1354504,39650,1240.1433830000001
2019-09-27 04:00:00+00:00,1242.8299999999999,1244.99,1215.2,1225.95,1865714,49996,1226.1348740000001
2019-09-30 04:00:00+00:00,1220.5999999999999,1227.405,1213.4200000000001,1221.1400000000001,1431842,43182,1220.81143
2019-10-01 04:00:00+00:00,1222.49,1232.8583000000001,1205.55,1206,1401500,44613,1212.420237
2019-10-02 04:00:00+00:00,1196.5,1198.76,1172.6300000000001,1177.9200000000001,1820243,57568,1180.049865
2019-10-03 04:00:00+00:00,1183.3399999999999,1191,1163.1400000000001,1189.4300000000001,1554203,56789,1182.7558079999999
2019-10-04 04:00:00+00:00,1194.29,1212.46,1190.97,1210.96,1355543,41692,1206.077528
2019-10-07 04:00:00+00:00,1207,1218.9100000000001,1204.3599999999999,1208.25,963393,32655,1210.693753
2019-10-08 04:00:00+00:00,1198.77,1206.8688,1189.48,1190.1300000000001,1141450,36458,1194.434851
2019-10-09 04:00:00+00:00,1201.3299999999999,1208.46,1198.115,1202.4000000000001,908779,29801,1202.8137429999999
2019-10-10 04:00:00+00:00,1198.5999999999999,1215.6199999999999,1197.8599999999999,1209.47,745253,26495,1207.8936430000001
2019-10-11 04:00:00+00:00,1224.03,1228.75,1213.6384,1215.71,1281412,40980,1220.1852630000001
2019-10-14 04:00:00+00:00,1213.8900000000001,1225.8800000000001,1211.8800000000001,1217.77,777020,26150,1219.239791
2019-10-15 04:00:00+00:00,1221.5,1247.125,1220.9200000000001,1242.24,1603450,143302,1238.6514050000001
2019-10-16 04:00:00+00:00,1241.8099999999999,1254.1900000000001,1238.53,1243,1303700,32309,1244.803347
2019-10-17 04:00:00+00:00,1251.4000000000001,1263.75,1249.8699999999999,1252.8,1199611,30416,1254.160046
2019-10-18 04:00:00+00:00,1254.6900000000001,1258.1099999999999,1240.1400000000001,1244.4100000000001,1918822,34354,1248.9053449999999
2019-10-21 04:00:00+00:00,1248.7,1253.51,1239.99,1244.28,1190432,24532,1245.0698890000001
2019-10-22 04:00:00+00:00,1244.48,1248.73,1239.8499999999999,1241.2,1382403,32276,1243.295889
2019-10-23 04:00:00+00:00,1240.21,1258.04,1240.21,1257.6300000000001,1289688,29832,1254.0434600000001
2019-10-24 04:00:00+00:00,1259.1099999999999,1262.9000000000001,1252.3499999999999,1259.1099999999999,1240140,31146,1258.3816509999999
2019-10-25 04:00:00+00:00,1252,1268,1249.1500000000001,1264.3,1480949,37235,1262.451298
2019-10-28 04:00:00+00:00,1275,1299.24,1272.3099999999999,1288.98,3416124,86560,1289.326712
2019-10-29 04:00:00+00:00,1276,1280.8,1255.6099999999999,1260.6600000000001,2755231,70424,1263.2139629999999
2019-10-30 04:00:00+00:00,1255.1500000000001,1268.0150000000001,1250.6500000000001,1260.7,1580417,39414,1260.163294
2019-10-31 04:00:00+00:00,1260,1266.5156999999999,1249.48,1258.8,1846230,38391,1257.1331339999999
2019-11-01 04:00:00+00:00,1265.8,1273,1259.71,1272.25,1656243,38851,1269.0142940000001
2019-11-04 05:00:00+00:00,1276.1099999999999,1292.5,1276.1099999999999,1289.6099999999999,1694488,37089,1287.0324860000001
2019-11-05 05:00:00+00:00,1291.2,1297.24,1289.3800000000001,1291.45,1366456,36892,1293.1553730000001
2019-11-06 05:00:00+00:00,1290.0899999999999,1292.99,1282.27,1291.01,1361108,31107,1289.52529
2019-11-07 05:00:00+00:00,1294.28,1322.6500000000001,1293.75,1306.9400000000001,2426374,59199,1310.819823
2019-11-08 05:00:00+00:00,1301.52,1317.1099999999999,1301.52,1309,1666255,38986,1309.0863159999999
2019-11-11 05:00:00+00:00,1304,1304.9000000000001,1295.8701000000001,1298.28,919900,27615,1298.583071
2019-11-12 05:00:00+00:00,1298.5699999999999,1309.3499999999999,1294.24,1297.21,1518601,32957,1300.5479379999999
2019-11-13 05:00:00+00:00,1293.1800000000001,1302.52,1292.1469999999999,1296.1800000000001,1030930,27704,1296.8611880000001
2019-11-14 05:00:00+00:00,1295,1315.72,1293.9400000000001,1309.1500000000001,1533228,40156,1307.305599
2019-11-15 05:00:00+00:00,1315.05,1333.54,1311.8900000000001,1333.54,2189571,45986,1327.795261
2019-11-18 05:00:00+00:00,1332.3399999999999,1333.9200000000001,1316.1600000000001,1319.8399999999999,1581334,41545,1321.4128370000001
2019-11-19 05:00:00+00:00,1326.6300000000001,1326.6300000000001,1311.77,1312.5899999999999,1259398,34342,1314.8125299999999
2019-11-20 05:00:00+00:00,1311.3599999999999,1313.21,1289.21,1301.8599999999999,1636003,40877,1301.504623
2019-11-21 05:00:00+00:00,1299.25,1311.1199999999999,1290.75,1300.1400000000001,1392975,38213,1299.2933370000001
2019-11-22 05:00:00+00:00,1303,1306.9000000000001,1289.3625999999999,1293.6700000000001,1540225,34920,1294.9954150000001
2019-11-25 05:00:00+00:00,1296.26,1310.4100000000001,1295.6099999999999,1305.6400000000001,1310932,34937,1304.535981
2019-11-26 05:00:00+00:00,1309.9100000000001,1314.01,1304.04,1313,1348781,27364,1311.6508200000001
2019-11-27 05:00:00+00:00,1315.4200000000001,1317.6400000000001,1309.4742000000001,1312.1300000000001,1037068,28220,1312.4186070000001
2019-11-29 05:00:00+00:00,1306.5999999999999,1309.95,1303.23,1304.0899999999999,746567,19464,1305.625215
2019-12-02 05:00:00+00:00,1302.5599999999999,1305.4400000000001,1280.3800000000001,1288.8599999999999,1447229,42935,1289.475557
2019-12-03 05:00:00+00:00,1278.6600000000001,1297.23,1277.05,1294.74,1637624,42474,1289.050109
2019-12-04 05:00:00+00:00,1306.0999999999999,1324.27,1303.0510999999999,1318.9400000000001,1949269,53203,1318.0417749999999
2019-12-05 05:00:00+00:00,1327,1327.98,1314.3199999999999,1326.96,1334235,36256,1323.392924
2019-12-06 05:00:00+00:00,1332.75,1342.47,1331.23,1339.3900000000001,1783518,44938,1338.70598
2019-12-09 05:00:00+00:00,1338.8599999999999,1357.5530000000001,1336.0699999999999,1342.99,1671173,40928,1347.5093890000001
2019-12-10 05:00:00+00:00,1339.9400000000001,1348,1334,1342.8900000000001,1007975,29109,1342.562197
2019-12-11 05:00:00+00:00,1348.3,1349.8900000000001,1341.0999999999999,1344.25,1200800,23092,1344.4741429999999
2019-12-12 05:00:00+00:00,1343.21,1354.5799999999999,1338.2001,1348.49,1585282,42290,1346.645949
2019-12-13 05:00:00+00:00,1347.9000000000001,1351.3499999999999,1341.6600000000001,1346.8699999999999,1909072,39921,1346.794504
2019-12-16 05:00:00+00:00,1355,1363.53,1350.6099999999999,1360.7,1623007,34429,1359.6744530000001
2019-12-17 05:00:00+00:00,1362.4100000000001,1364.3299999999999,1350.77,1354.8900000000001,1834808,41886,1356.1309799999999
2019-12-18 05:00:00+00:00,1357,1359.4300000000001,1350.46,1351.9100000000001,1374716,29746,1353.274911
2019-12-19 05:00:00+00:00,1351.9100000000001,1357.5259000000001,1348.7507000000001,1356.4400000000001,1755873,31757,1355.167414
2019-12-20 05:00:00+00:00,1363.0999999999999,1364,1350.73,1351.22,3432771,37928,1356.4947
2019-12-23 05:00:00+00:00,1358.73,1361.854,1348,1350.6300000000001,1150282,23216,1352.128389
2019-12-24 05:00:00+00:00,1350.21,1352.01,1344.165,1344.4300000000001,714972,13153,1346.3920029999999
2019-12-26 05:00:00+00:00,1346.55,1363.2,1345.51,1362.47,1379715,22112,1359.5161410000001
2019-12-27 05:00:00+00:00,1364,1367.0699999999999,1353,1354.6400000000001,1306079,27940,1357.4601520000001
2019-12-30 05:00:00+00:00,1356.8099999999999,1357,1337.835,1339.71,1106422,31183,1341.574826
2019-12-31 05:00:00+00:00,1335.79,1340.6600000000001,1332.1300000000001,1339.3900000000001,1169199,29065,1337.83926
2020-01-02 05:00:00+00:00,1348.4100000000001,1368.6800000000001,1346.49,1368.6800000000001,1529285,40741,1361.878365
2020-01-03 05:00:00+00:00,1348,1373.75,1347.3235999999999,1361.52,1319940,35786,1363.22525
2020-01-06 05:00:00+00:00,1351.6300000000001,1398.3199999999999,1351,1397.8099999999999,2502731,53136,1388.6761120000001
2020-01-07 05:00:00+00:00,1400.46,1403.5,1391.5550000000001,1395.1099999999999,1849019,43800,1398.2386469999999
2020-01-08 05:00:00+00:00,1394.8199999999999,1411.8499999999999,1392.6300000000001,1405.04,1970053,46171,1405.2244089999999
2020-01-09 05:00:00+00:00,1421.9300000000001,1428.6800000000001,1410.21,1419.79,1880613,43632,1419.9692560000001
2020-01-10 05:00:00+00:00,1429.47,1434.9399000000001,1419.5977,1428.96,1438432,39804,1429.48335
2020-01-13 05:00:00+00:00,1435.25,1441.48,1425.3699999999999,1440.03,1739296,38656,1436.604478
2020-01-14 05:00:00+00:00,1440,1442.6300000000001,1427.77,1430.5899999999999,1471056,38563,1434.219961
2020-01-15 05:00:00+00:00,1433.02,1440.78,1431.6600000000001,1439.2,1247127,32701,1437.2107880000001
2020-01-16 05:00:00+00:00,1445.45,1450.7,1440,1450.1600000000001,1489022,36793,1446.969568
2020-01-17 05:00:00+00:00,1462.54,1480.55,1456.55,1479.52,3140253,55343,1472.130729
2020-01-21 05:00:00+00:00,1479,1489.8844999999999,1470.21,1482.25,2950193,47217,1481.301694
2020-01-22 05:00:00+00:00,1489.73,1500.5812000000001,1482.6614,1484.1700000000001,1599833,45056,1488.3112880000001
2020-01-23 05:00:00+00:00,1487.55,1493.5,1480.3199999999999,1484.6900000000001,1548640,34069,1485.8208400000001
2020-01-24 05:00:00+00:00,1492.8199999999999,1494.2,1463.1795999999999,1466.1700000000001,1614799,43989,1473.438171
2020-01-27 05:00:00+00:00,1431.54,1436.5799999999999,1419.5,1431.73,1896617,51752,1430.0542290000001
2020-01-28 05:00:00+00:00,1441.74,1454.8,1430.3599999999999,1450.5,1631998,39277,1446.970783
2020-01-29 05:00:00+00:00,1458.46,1464.1400000000001,1445.385,1456.7,1211978,38552,1456.8687110000001
2020-01-30 05:00:00+00:00,1438.0999999999999,1455.25,1435,1454.25,1468686,44975,1445.540988
2020-01-31 05:00:00+00:00,1467.8599999999999,1469.6700000000001,1427.0599999999999,1432.78,2417728,69533,1438.0799549999999
2020-02-03 05:00:00+00:00,1461.6500000000001,1486.3,1456.6099999999999,1482.5999999999999,3794829,125977,1473.9628290000001
2020-02-04 05:00:00+00:00,1454.49,1467.335,1422.03,1445.4100000000001,5120406,150972,1437.7325760000001
2020-02-05 05:00:00+00:00,1463.6099999999999,1464.5799999999999,1429.675,1446.05,1990289,63362,1444.16084
2020-02-06 05:00:00+00:00,1451.98,1481.5599999999999,1450.48,1475.97,2073658,56015,1470.321434
2020-02-07 05:00:00+00:00,1467.385,1485.2449999999999,1465.4100000000001,1479.1099999999999,1553607,41921,1476.5782389999999
2020-02-10 05:00:00+00:00,1477.23,1508.8800000000001,1475.2,1508.6600000000001,2246883,47627,1501.9426639999999
2020-02-11 05:00:00+00:00,1513.27,1529.8798999999999,1505.4501,1510.0599999999999,1817637,54044,1516.4054329999999
2020-02-12 05:00:00+00:00,1515.8599999999999,1520.3,1508.6700000000001,1518.6300000000001,1849657,40711,1516.9912360000001
2020-02-13 05:00:00+00:00,1510,1525.9459999999999,1504,1513.3900000000001,1269230,35339,1513.925035
2020-02-14 05:00:00+00:00,1514.53,1520.05,1505.55,1518.73,1379771,31970,1516.5277160000001
2020-02-18 05:00:00+00:00,1514.3399999999999,1530.5550000000001,1511.01,1519.4400000000001,1469177,37637,1519.748861
2020-02-19 05:00:00+00:00,1527.2,1530.74,1520.9760000000001,1524.8699999999999,1330864,36568,1525.956044
2020-02-20 05:00:00+00:00,1519.01,1527.0699999999999,1504.2550000000001,1516.99,1432912,40141,1516.1366459999999
2020-02-21 05:00:00+00:00,1504.5799999999999,1510.9449999999999,1478.49,1483.46,2412232,65049,1490.4223159999999
2020-02-24 05:00:00+00:00,1423.05,1436.3800000000001,1406.79,1419.8599999999999,2763584,92874,1422.745418
2020-02-25 05:00:00+00:00,1431,1436.847,1380.4200000000001,1386.3199999999999,2808006,89815,1402.493506
2020-02-26 05:00:00+00:00,1394.98,1413.6700000000001,1376.5500999999999,1390.47,2707894,77283,1395.2371579999999
2020-02-27 05:00:00+00:00,1359.1400000000001,1369.4000000000001,1314.24,1314.95,3436214,109252,1337.006715
2020-02-28 05:00:00+00:00,1274.3099999999999,1342.45,1268.21,1339.25,4533313,141476,1308.165293
2020-03-02 05:00:00+00:00,1351.3900000000001,1387.47,1325.2,1386.3199999999999,3150631,103731,1365.0114699999999
2020-03-03 05:00:00+00:00,1397.6800000000001,1408.1900000000001,1329.2420999999999,1337.72,3180567,97240,1360.4467460000001
2020-03-04 05:00:00+00:00,1358.96,1382.78,1337,1381.5999999999999,2696658,70098,1367.6157579999999
2020-03-05 05:00:00+00:00,1345.55,1353.6300000000001,1301.6400000000001,1314.76,2993588,101606,1324.9306340000001
2020-03-06 05:00:00+00:00,1269.95,1302.75,1257.21,1295.74,3531048,108910,1280.2685759999999
2020-03-09 04:00:00+00:00,1204.96,1252.73,1198.04,1215.79,3858082,134440,1223.105554
2020-03-10 04:00:00+00:00,1254.3900000000001,1275.8499999999999,1214.51,1275.1700000000001,3149409,82019,1255.954041
2020-03-11 04:00:00+00:00,1248.27,1256.9300000000001,1191.1400000000001,1210.9000000000001,3069440,98317,1217.309377
2020-03-12 04:00:00+00:00,1122.6199999999999,1188.75,1108.47,1111.55,5196385,159124,1127.6695299999999
2020-03-13 04:00:00+00:00,1174.99,1214.4000000000001,1112.29,1214.27,4540752,127812,1175.8869420000001
2020-03-16 04:00:00+00:00,1089.6099999999999,1145.47,1067.0800999999999,1073,5362613,136184,1093.686162
2020-03-17 04:00:00+00:00,1090.6400000000001,1126,1049.0999999999999,1118.0599999999999,4629479,124964,1098.8049840000001
2020-03-18 04:00:00+00:00,1059.9400000000001,1104.99,1037,1091.1900000000001,4997130,121929,1075.9373430000001
2020-03-19 04:00:00+00:00,1088.22,1152.6099999999999,1055.55,1111.6700000000001,4107135,101994,1112.1230660000001
2020-03-20 04:00:00+00:00,1130.9000000000001,1138.4783,1062.0999999999999,1068.21,4869623,113565,1097.642619
2020-03-23 04:00:00+00:00,1056.3699999999999,1066.9100000000001,1008.87,1054.1300000000001,4596661,132092,1041.267161
2020-03-24 04:00:00+00:00,1103.98,1133.3299999999999,1086.4300000000001,1130.01,4043912,112918,1117.2748650000001
2020-03-25 04:00:00+00:00,1124.5799999999999,1146.1700000000001,1083.01,1101.6199999999999,4864229,132509,1108.2877100000001
2020-03-26 04:00:00+00:00,1114.72,1171.48,1092.03,1162.9200000000001,4189547,109408,1141.690351
2020-03-27 04:00:00+00:00,1127.47,1151.05,1104.0027,1110.26,3526982,94200,1117.6290650000001
2020-03-30 04:00:00+00:00,1132.6400000000001,1151,1098.4901,1146.3099999999999,3196592,91136,1133.298125
2020-03-31 04:00:00+00:00,1148.73,1173.4000000000001,1136.72,1161.95,3834613,83264,1160.4532059999999
2020-04-01 04:00:00+00:00,1124,1129.4200000000001,1093.49,1102.0999999999999,2849278,91986,1109.3574020000001
2020-04-02 04:00:00+00:00,1100,1122.77,1093.1300000000001,1117.03,3084279,74749,1108.7688230000001
2020-04-03 04:00:00+00:00,1114.71,1118.79,1075.0799999999999,1092.7,2800998,82389,1092.6064429999999
2020-04-06 04:00:00+00:00,1133,1190.7547,1125,1183.1900000000001,3667410,88550,1167.089062
2020-04-07 04:00:00+00:00,1217.01,1220.7750000000001,1177.25,1182.5599999999999,3306243,93619,1196.9624309999999
2020-04-08 04:00:00+00:00,1203.0999999999999,1214.9000000000001,1183.954,1207,2278684,60433,1204.428956
2020-04-09 04:00:00+00:00,1218.1800000000001,1221.99,1192.4166,1206.5699999999999,2960010,74594,1205.9846399999999
2020-04-13 04:00:00+00:00,1201.5,1214.5199,1182.3317999999999,1210.4100000000001,2183810,65135,1201.6137819999999
2020-04-14 04:00:00+00:00,1239.9735000000001,1275.7499,1228.5413000000001,1265.23,3506612,93157,1256.766732
2020-04-15 04:00:00+00:00,1246.51,1275.1098999999999,1234,1257.3,2303855,68659,1254.12871
2020-04-16 04:00:00+00:00,1267.1400000000001,1273.3586,1238.2,1257.4300000000001,3178371,87682,1255.0130019999999
2020-04-17 04:00:00+00:00,1281.7,1290,1266,1279,2958901,82166,1277.724164
2020-04-20 04:00:00+00:00,1269.8900000000001,1276.8199999999999,1256.4400000000001,1261.1500000000001,1955658,66315,1264.760616
2020-04-21 04:00:00+00:00,1242.71,1250,1205,1212.1600000000001,2791566,94800,1219.290403
2020-04-22 04:00:00+00:00,1241.1099999999999,1279.8800000000001,1237.2,1258.4100000000001,2593192,69390,1260.155677
2020-04-23 04:00:00+00:00,1265.74,1288.1500000000001,1260.5300999999999,1271.1700000000001,1885311,59052,1273.491696
2020-04-24 04:00:00+00:00,1255,1277.71,1244,1276.5999999999999,2034219,68300,1262.868543
2020-04-27 04:00:00+00:00,1292,1294.0999999999999,1265.0599999999999,1270.8599999999999,2525299,77002,1274.229229
2020-04-28 04:00:00+00:00,1283.2,1284.76,1230.3800000000001,1232.5899999999999,4172590,143470,1248.8972530000001
2020-04-29 04:00:00+00:00,1344.9200000000001,1360.1500000000001,1326.73,1342.1800000000001,5734379,154754,1342.6644229999999
2020-04-30 04:00:00+00:00,1331.3599999999999,1350,1321.5,1346.3689999999999,3173376,85788,1339.0708890000001
2020-05-01 04:00:00+00:00,1324.0899999999999,1351.4300000000001,1309.6600000000001,1317.3199999999999,2635441,76217,1322.8730390000001
2020-05-04 04:00:00+00:00,1308.1300000000001,1324.47,1296.01,1322.9000000000001,1725819,57714,1314.569031
2020-05-05 04:00:00+00:00,1337.5,1371.01,1335.03,1349.02,2131435,69121,1354.278237
2020-05-06 04:00:00+00:00,1358,1368.6900000000001,1345.1300000000001,1345.4300000000001,1728750,55045,1355.190032
2020-05-07 04:00:00+00:00,1361.3099999999999,1375.9999,1352.5406,1369.28,1750697,51834,1366.5456919999999
2020-05-08 04:00:00+00:00,1381.8199999999999,1396.6400000000001,1372.01,1384.3399999999999,1831569,58252,1385.8575430000001
2020-05-11 04:00:00+00:00,1376.79,1415.53,1375.5,1403.5899999999999,1771999,65774,1397.910443
2020-05-12 04:00:00+00:00,1408.22,1414.3299999999999,1374.51,1375.1800000000001,1880798,60366,1390.2750530000001
2020-05-13 04:00:00+00:00,1376.1600000000001,1385.3299999999999,1328.01,1348.3299999999999,2161842,85169,1352.7897840000001
2020-05-14 04:00:00+00:00,1333.52,1357.3699999999999,1323.3,1356.8599999999999,2143914,62077,1346.8401879999999
2020-05-15 04:00:00+00:00,1348.26,1374.5799999999999,1339,1373.0599999999999,2380974,71582,1363.917492
2020-05-18 04:00:00+00:00,1361.5799999999999,1392.76,1354.2,1385.1800000000001,2630317,73531,1380.1205199999999
2020-05-19 04:00:00+00:00,1385.48,1392.49,1373.76,1374.4000000000001,1739948,53954,1382.73839
2020-05-20 04:00:00+00:00,1389.1600000000001,1412.0260000000001,1387.4193,1409.1600000000001,2178140,62586,1405.2945159999999
2020-05-21 04:00:00+00:00,1410.99,1416.46,1394.3900000000001,1406.75,1693497,55510,1406.259
2020-05-22 04:00:00+00:00,1403.9000000000001,1417,1395.95,1413.24,1546877,52520,1409.1831749999999
2020-05-26 04:00:00+00:00,1441.96,1445.1099999999999,1419.395,1421.3699999999999,2495574,73142,1430.42994
2020-05-27 04:00:00+00:00,1420,1425.345,1394.5999999999999,1420.28,1776785,63977,1415.033338
2020-05-28 04:00:00+00:00,1400,1444.46,1399.076,1418.24,1945549,62732,1423.3479179999999
2020-05-29 04:00:00+00:00,1420.4300000000001,1436.73,1415.98,1433.52,2181457,54136,1429.8649129999999
2020-06-01 04:00:00+00:00,1425.7,1441.5799999999999,1422.28,1434.8699999999999,1401991,45043,1433.4746929999999
2020-06-02 04:00:00+00:00,1435,1443,1421.6099999999999,1442.3099999999999,1321433,43592,1435.9448580000001
2020-06-03 04:00:00+00:00,1442.7,1449.01,1431.6199999999999,1439.25,1569558,53127,1439.0724
2020-06-04 04:00:00+00:00,1436.78,1441.3199999999999,1406.01,1414.3,1473248,60249,1420.7367999999999
2020-06-05 04:00:00+00:00,1415.6400000000001,1446.3,1407.6213,1440.02,2421700,73987,1436.2113019999999
2020-06-08 04:00:00+00:00,1426.28,1449,1424.48,1448.04,2037779,56641,1442.4682419999999
2020-06-09 04:00:00+00:00,1445.24,1467.8,1442.3599999999999,1452.0799999999999,1972397,60029,1454.3092630000001
2020-06-10 04:00:00+00:00,1461.51,1472.77,1454.355,1464.7,1735664,69917,1464.1039350000001
2020-06-11 04:00:00+00:00,1441.03,1451.6033,1398.4100000000001,1401.9000000000001,2611108,100889,1418.246009
2020-06-12 04:00:00+00:00,1425.8599999999999,1434.5050000000001,1385.8,1412.9200000000001,2060978,74333,1412.3150579999999
2020-06-15 04:00:00+00:00,1389.49,1425,1387.1952000000001,1420.74,1790059,69758,1412.7579169999999
2020-06-16 04:00:00+00:00,1449,1457.1700000000001,1428.99,1446.47,1709425,75443,1446.0349160000001
2020-06-17 04:00:00+00:00,1452.9400000000001,1462.2,1435.125,1452.54,1745297,58140,1451.234635
2020-06-18 04:00:00+00:00,1449.8499999999999,1452.9699000000001,1426.2349999999999,1434.1199999999999,1906957,74782,1436.0613089999999
2020-06-19 04:00:00+00:00,1440,1444.5,1419,1424.1199999999999,3470668,79290,1430.6466330000001
2020-06-22 04:00:00+00:00,1425.01,1450.95,1419.1900000000001,1450.6600000000001,1655517,58254,1443.142261
2020-06-23 04:00:00+00:00,1452,1475.2,1445,1463.98,2104761,60806,1462.473927
2020-06-24 04:00:00+00:00,1463.28,1475.79,1430,1432.7,1784602,66387,1442.0833689999999
2020-06-25 04:00:00+00:00,1431.22,1442.3199999999999,1419.5400999999999,1441.0999999999999,1321124,51089,1434.872018
2020-06-26 04:00:00+00:00,1432.6300000000001,1437.02,1355,1362.54,5322721,144609,1381.3464469999999
2020-06-29 04:00:00+00:00,1360.3399999999999,1398,1351.6500000000001,1397.1700000000001,2429798,81407,1382.1652770000001
2020-06-30 04:00:00+00:00,1396.8800000000001,1424,1386.9301,1418.05,2392437,71505,1411.153681
2020-07-01 04:00:00+00:00,1419.1700000000001,1448.48,1414.1800000000001,1442,2261407,79108,1437.1266370000001
2020-07-02 04:00:00+00:00,1451.8399999999999,1488.52,1451.0650000000001,1469.9300000000001,3113465,90098,1470.097792
2020-07-06 04:00:00+00:00,1488.1500000000001,1510,1476.9760000000001,1499.6500000000001,2447874,77506,1496.2750229999999
2020-07-07 04:00:00+00:00,1496.1300000000001,1521.3199999999999,1489.7,1489.9200000000001,2286080,72258,1503.321999
2020-07-08 04:00:00+00:00,1500.8,1511.1700000000001,1492.3,1503.5999999999999,1823251,52345,1502.5519609999999
2020-07-09 04:00:00+00:00,1509.9300000000001,1529.1412,1495.5899999999999,1518.6600000000001,2260196,69114,1515.4270879999999
2020-07-10 04:00:00+00:00,1513.25,1541.3399999999999,1500.72,1539.01,1939220,82058,1526.5726520000001
2020-07-13 04:00:00+00:00,1549.9400000000001,1576.3599999999999,1506.5599999999999,1512.23,2298471,84868,1539.860496
2020-07-14 04:00:00+00:00,1492.79,1522.8,1485.925,1520.8599999999999,2127379,74085,1508.7193769999999
2020-07-15 04:00:00+00:00,1523.23,1536.3299999999999,1497.8299999999999,1516.8800000000001,1749738,65847,1515.897473
2020-07-16 04:00:00+00:00,1501.5,1515.9100000000001,1488.27,1514.9200000000001,1464700,60618,1506.5360880000001
2020-07-17 04:00:00+00:00,1516.9100000000001,1523.4300000000001,1498.0999999999999,1516.8499999999999,2054048,61347,1514.066032
2020-07-20 04:00:00+00:00,1515,1569.01,1502.6960999999999,1563.8399999999999,1698185,66181,1553.317677
2020-07-21 04:00:00+00:00,1585.03,1587.05,1552.6199999999999,1555.9200000000001,1614767,51612,1565.8394269999999
2020-07-22 04:00:00+00:00,1555.71,1566.98,1543.23,1564.8499999999999,1313968,38510,1558.562913
2020-07-23 04:00:00+00:00,1565.9300000000001,1570.3499999999999,1508.5899999999999,1516.75,1897696,70756,1526.651607
2020-07-24 04:00:00+00:00,1499.1900000000001,1515.4273000000001,1487.5899999999999,1508.21,1643900,66879,1502.4853370000001
2020-07-27 04:00:00+00:00,1513.26,1537.5599999999999,1512.3299999999999,1529.4300000000001,1548759,64030,1527.6265229999999
2020-07-28 04:00:00+00:00,1525,1526.01,1500.52,1503.6500000000001,1733128,56000,1512.0428219999999
2020-07-29 04:00:00+00:00,1505,1533.3299999999999,1503.01,1523.51,1232604,48846,1519.8982880000001
2020-07-30 04:00:00+00:00,1497.97,1540.8900000000001,1495.1700000000001,1538.3699999999999,1893889,87569,1522.544167
2020-07-31 04:00:00+00:00,1497.05,1505.02,1454,1487.95,4912632,184968,1476.644914
2020-08-03 04:00:00+00:00,1491,1497.73,1471.72,1482.76,2491764,94821,1481.906481
2020-08-04 04:00:00+00:00,1486.71,1493.1099999999999,1464.03,1473.3,1988715,84308,1476.9343980000001
2020-08-05 04:00:00+00:00,1476.8199999999999,1490,1471.2149999999999,1479.0899999999999,1580743,55902,1480.5017330000001
2020-08-06 04:00:00+00:00,1476.1500000000001,1506.27,1471.9000000000001,1504.95,1819101,66211,1494.8161729999999
2020-08-07 04:00:00+00:00,1509.04,1520.0899999999999,1486.27,1498.3699999999999,1503628,54928,1501.979836
2020-08-10 04:00:00+00:00,1490.8,1507.1500000000001,1477.4901,1496.8199999999999,1193838,46605,1493.986813
2020-08-11 04:00:00+00:00,1494,1510.4400000000001,1478.1900000000001,1480.54,1707831,59566,1490.0453210000001
2020-08-12 04:00:00+00:00,1487.1244999999999,1511.6700000000001,1485,1507.24,1283547,50845,1505.2626749999999
2020-08-13 04:00:00+00:00,1508.21,1536.9744000000001,1508.21,1516.6500000000001,1220884,53501,1520.920601
2020-08-14 04:00:00+00:00,1513.6099999999999,1519.7850000000001,1499,1504.6300000000001,1244645,47694,1506.7392789999999
2020-08-17 04:00:00+00:00,1515.97,1523.78,1505,1516.24,1135457,42434,1516.5928349999999
2020-08-18 04:00:00+00:00,1526.1199999999999,1557.3699999999999,1521.665,1555.78,1551628,62090,1545.701726
2020-08-19 04:00:00+00:00,1552.49,1568.8599999999999,1540,1544.6099999999999,1684193,56378,1551.6405339999999
2020-08-20 04:00:00+00:00,1539.97,1580.1700000000001,1534.46,1576.25,1469214,54115,1566.7458610000001
2020-08-21 04:00:00+00:00,1571.8,1591.8800000000001,1562.3099999999999,1575.5699999999999,1991703,57744,1576.9444430000001
2020-08-24 04:00:00+00:00,1592.47,1608.78,1575.04,1585.1500000000001,1441535,61631,1586.9532059999999
2020-08-25 04:00:00+00:00,1580.0999999999999,1608.8800000000001,1577.8800000000001,1605.8499999999999,1364380,51611,1600.374992
2020-08-26 04:00:00+00:00,1606.3,1652.79,1600.9754,1644.1300000000001,2901319,86536,1632.4756850000001
2020-08-27 04:00:00+00:00,1646.6099999999999,1647.99,1618.8136999999999,1628.52,1707382,66334,1632.662468
2020-08-28 04:00:00+00:00,1629.47,1641.3499999999999,1625.605,1639.4300000000001,1233352,47562,1636.244504
2020-08-31 04:00:00+00:00,1643.5699999999999,1644.5,1625.3299999999999,1629.53,1560547,58280,1631.9852969999999
2020-09-01 04:00:00+00:00,1632.1600000000001,1659.22,1629.53,1655.0799999999999,1277693,54728,1647.289671
2020-09-02 04:00:00+00:00,1668.01,1726.1022,1660.1900000000001,1717.3900000000001,2704232,97001,1696.3608670000001
2020-09-03 04:00:00+00:00,1699.52,1700,1607.71,1629.51,3502092,140363,1640.5577840000001
2020-09-04 04:00:00+00:00,1609,1634.99,1537.9701,1581.21,3031188,135820,1579.0800389999999
2020-09-08 04:00:00+00:00,1525,1555.55,1516.5,1523.5999999999999,3041576,114604,1529.6979369999999
2020-09-09 04:00:00+00:00,1548.9000000000001,1558.72,1525.1700000000001,1547.23,2184028,85717,1546.397097
2020-09-10 04:00:00+00:00,1550.1800000000001,1573.6600000000001,1520,1526.05,1802710,73335,1539.7585799999999
2020-09-11 04:00:00+00:00,1528.1500000000001,1538.6949999999999,1493.02,1515.76,1681154,70014,1517.652517
2020-09-14 04:00:00+00:00,1531.6470999999999,1557,1505.1099999999999,1508.8299999999999,2347206,76451,1522.486404
2020-09-15 04:00:00+00:00,1527.8900000000001,1550.99,1522.0999999999999,1535.1199999999999,1308657,52362,1536.3024929999999
2020-09-16 04:00:00+00:00,1542.48,1554.3699999999999,1511.5899999999999,1512.0899999999999,1236168,50184,1524.77127
2020-09-17 04:00:00+00:00,1485.8099999999999,1498.6600000000001,1462.46,1487.04,2266471,87769,1483.4227209999999
2020-09-18 04:00:00+00:00,1488.3,1495.2,1431.6199999999999,1451.0899999999999,3876104,97265,1461.8777259999999
2020-09-21 04:00:00+00:00,1431.6199999999999,1440.0599999999999,1402.6800000000001,1430.1400000000001,3031567,119777,1423.419956
2020-09-22 04:00:00+00:00,1450.3199999999999,1463.97,1429.4949999999999,1459.8199999999999,1865952,72090,1450.9606249999999
2020-09-23 04:00:00+00:00,1452.0899999999999,1453.0799999999999,1402.6800000000001,1409,2132805,78173,1420.9608229999999
2020-09-24 04:00:00+00:00,1402.6800000000001,1437.99,1402.1500000000001,1422.8599999999999,1905354,65400,1422.584351
2020-09-25 04:00:00+00:00,1425.05,1445.9400000000001,1407.6800000000001,1439.0599999999999,1769967,52803,1433.589528
2020-09-28 04:00:00+00:00,1471.99,1472.99,1446.28,1458.6600000000001,1725188,64181,1459.5063869999999
2020-09-29 04:00:00+00:00,1463.9100000000001,1472,1454,1466.02,1801143,54289,1464.2905089999999
2020-09-30 04:00:00+00:00,1460.9349999999999,1486.1975,1455.7550000000001,1465.5999999999999,2497930,60041,1468.6931939999999
2020-10-01 04:00:00+00:00,1483.6608000000001,1495.0699999999999,1476.8,1487.9000000000001,1799859,64278,1486.310645
2020-10-02 04:00:00+00:00,1459.6300000000001,1479.03,1447.3499999999999,1455.5999999999999,1751614,69275,1459.500027
2020-10-05 04:00:00+00:00,1462.6500000000001,1484.7,1460.0899999999999,1482.8299999999999,1210377,49132,1476.616933
2020-10-06 04:00:00+00:00,1475.5,1484.52,1445.01,1451.02,1466396,60219,1460.8374679999999
2020-10-07 04:00:00+00:00,1459.3099999999999,1468.97,1433.23,1459.1400000000001,1949193,75917,1452.955809
2020-10-08 04:00:00+00:00,1465.45,1488.0274999999999,1465.45,1483.4300000000001,1404505,56402,1479.965285
2020-10-09 04:00:00+00:00,1492.8599999999999,1511.8499999999999,1487,1510.45,1784827,56933,1503.832124
2020-10-12 04:00:00+00:00,1538,1588.4200000000001,1529.3,1564.5899999999999,3037609,100241,1561.4951779999999
2020-10-13 04:00:00+00:00,1577.01,1585.1600000000001,1558.6300000000001,1567.0699999999999,2153163,68648,1571.367056
2020-10-14 04:00:00+00:00,1574.5999999999999,1583.8499999999999,1545.895,1563.4400000000001,1815873,61805,1567.5667570000001
2020-10-15 04:00:00+00:00,1544.5,1571.395,1541.1301000000001,1555.47,1734522,54567,1556.7027869999999
2020-10-16 04:00:00+00:00,1561.8299999999999,1577.71,1557.6600000000001,1567.7,1935006,55749,1569.404016
2020-10-19 04:00:00+00:00,1575.9300000000001,1583.925,1522.9200000000001,1529.95,1645931,63047,1543.6748150000001
2020-10-20 04:00:00+00:00,1523.1099999999999,1573.8399999999999,1520.5,1551.0799999999999,2221959,82685,1550.2898290000001
2020-10-21 04:00:00+00:00,1569.8499999999999,1615.1400000000001,1567.135,1585.99,3274565,106895,1592.416653
2020-10-22 04:00:00+00:00,1585,1613.4200000000001,1577.48,1606.6600000000001,1684200,58047,1600.8527750000001
2020-10-23 04:00:00+00:00,1615.05,1634.1199999999999,1611.9100000000001,1632.98,1637937,60573,1625.6601929999999
2020-10-26 04:00:00+00:00,1615,1629.5799999999999,1567.78,1584.29,1985716,71250,1590.6849560000001
2020-10-27 04:00:00+00:00,1588.9319,1602,1576.99,1598.8800000000001,1457354,48248,1593.509853
2020-10-28 04:00:00+00:00,1550.01,1553.8099999999999,1508.48,1510.8,2488324,97691,1522.302576
2020-10-29 04:00:00+00:00,1517.02,1588.7349999999999,1516.55,1556.8800000000001,2962682,114708,1559.2188860000001
2020-10-30 04:00:00+00:00,1667.4400000000001,1681.3150000000001,1601.5699999999999,1616.26,5372658,185981,1630.375194
2020-11-02 05:00:00+00:00,1623.54,1658.24,1614.24,1624.3199999999999,2363843,93577,1633.785631
2020-11-03 05:00:00+00:00,1630.76,1659,1612.1079999999999,1645.6600000000001,1694033,66864,1646.2616860000001
2020-11-04 05:00:00+00:00,1705.5803000000001,1770.03,1703,1745.8499999999999,3786987,144491,1742.3893210000001
2020-11-05 05:00:00+00:00,1770.45,1791.818,1741.03,1762.5,2191539,83447,1766.1362839999999
2020-11-06 05:00:00+00:00,1751.3399999999999,1768.4949999999999,1736.6800000000001,1759.73,1583020,61111,1755.232675
2020-11-09 05:00:00+00:00,1795.98,1816.8900000000001,1757.5450000000001,1761.4200000000001,3062938,95278,1776.6476929999999
2020-11-10 05:00:00+00:00,1729.77,1759.3800000000001,1716.1199999999999,1737.72,2428782,84581,1737.243281
2020-11-11 05:00:00+00:00,1748.4000000000001,1762.9000000000001,1743.0599999999999,1747.23,1736918,63384,1749.908604
2020-11-12 05:00:00+00:00,1742,1764.98,1737.97,1742.8199999999999,1468657,59628,1745.718357
2020-11-13 05:00:00+00:00,1748,1777.1300000000001,1735.98,1772.26,1656020,66229,1764.164282
2020-11-16 05:00:00+00:00,1764.1400000000001,1794.3399999999999,1761.3299999999999,1774.03,1431030,54034,1775.5861500000001
2020-11-17 05:00:00+00:00,1767.8599999999999,1777.1400000000001,1759.49,1761.6600000000001,1239021,47433,1764.5118620000001
2020-11-18 05:00:00+00:00,1756.6400000000001,1765,1738.5658000000001,1740.6400000000001,1184458,50859,1746.282078
2020-11-19 05:00:00+00:00,1733.23,1763.49,1730.02,1758.5699999999999,1138090,45947,1751.3173529999999
2020-11-20 05:00:00+00:00,1762,1768.3625,1735,1736.3800000000001,1566988,61305,1748.1623059999999
2020-11-23 05:00:00+00:00,1740.22,1745.99,1710.1800000000001,1727.5599999999999,1237684,57020,1726.836143
2020-11-24 05:00:00+00:00,1727.5,1766.4749999999999,1720.73,1763.9000000000001,1597190,59848,1752.3275470000001
2020-11-25 05:00:00+00:00,1767.8099999999999,1770.3800000000001,1748.3599999999999,1764.1300000000001,1084492,49049,1763.498083
2020-11-27 05:00:00+00:00,1764.54,1797.01,1764.54,1787.02,823920,37082,1782.7464600000001
2020-11-30 05:00:00+00:00,1775.6500000000001,1780.335,1747.8399999999999,1754.4000000000001,1904241,71927,1756.000227
2020-12-01 05:00:00+00:00,1766.655,1821.7199000000001,1763.03,1795.3599999999999,2024859,84280,1793.247427
2020-12-02 05:00:00+00:00,1795.3599999999999,1832.74,1785.1695,1824.97,1640211,63552,1818.5175240000001
2020-12-03 05:00:00+00:00,1820.54,1843.8299999999999,1817,1821.8399999999999,1374173,55039,1825.7641799999999
2020-12-04 05:00:00+00:00,1820.22,1829.4993999999999,1813.5899999999999,1823.76,1140711,49860,1822.973669
2020-12-07 05:00:00+00:00,1815.55,1829.29,1803.04,1817.03,1240994,48039,1816.0492859999999
2020-12-08 05:00:00+00:00,1808.52,1815.97,1791.28,1811.3299999999999,1122203,49953,1808.5735360000001
2020-12-09 05:00:00+00:00,1810.3599999999999,1828.3699999999999,1762.0001,1777.8599999999999,1818390,68279,1784.9810070000001
2020-12-10 05:00:00+00:00,1762.5999999999999,1774.99,1733.527,1767.6500000000001,1596369,63801,1763.1335260000001
2020-12-11 05:00:00+00:00,1760,1777.3099999999999,1752.74,1774.8,1076597,50583,1768.9357769999999
2020-12-14 05:00:00+00:00,1770.72,1789.8,1749.1300000000001,1752.26,1872519,65257,1761.4721910000001
2020-12-15 05:00:00+00:00,1759.8599999999999,1764,1741.6700000000001,1761.0799999999999,1239088,51590,1757.3867279999999
2020-12-16 05:00:00+00:00,1769.1099999999999,1769.1099999999999,1749.0599999999999,1757.1900000000001,1440229,54525,1757.2215880000001
2020-12-17 05:00:00+00:00,1763.9300000000001,1766.71,1731.1500000000001,1740.51,1913326,67116,1745.238511
2020-12-18 05:00:00+00:00,1746.1702,1748.3599999999999,1715,1726.22,6022760,86661,1728.3200119999999
2020-12-21 05:00:00+00:00,1709.1300000000001,1737,1694,1734.5599999999999,1913479,77753,1724.195228
2020-12-22 05:00:00+00:00,1729.3299999999999,1732.6123,1705.78,1720.22,1133467,53049,1720.242632
2020-12-23 05:00:00+00:00,1723.9300000000001,1744.1099999999999,1721.2,1728.23,1278899,44390,1729.1064879999999
2020-12-24 05:00:00+00:00,1729,1742.4100000000001,1724.3499999999999,1734.1600000000001,506490,21763,1731.811557
2020-12-28 05:00:00+00:00,1744.9100000000001,1787,1741.8199999999999,1773.96,1570194,65305,1771.787691
2020-12-29 05:00:00+00:00,1787.23,1788.47,1755.1099999999999,1757.76,1085267,53627,1764.425207
2020-12-30 05:00:00+00:00,1765,1767.76,1728,1736.25,1146351,59439,1739.944759
2020-12-31 05:00:00+00:00,1737.27,1757.5,1736.0899999999999,1752.6400000000001,1243788,42532,1749.842705
2021-01-04 05:00:00+00:00,1760,1762.4899,1707.1400000000001,1726.1300000000001,2156856,82157,1730.265472
2021-01-05 05:00:00+00:00,1725.0899999999999,1746.8299999999999,1716.9000000000001,1740.05,1146893,52185,1736.6243260000001
2021-01-06 05:00:00+00:00,1700.2550000000001,1743.9649999999999,1696.1014,1722.8800000000001,2540712,110157,1720.7658289999999
2021-01-07 05:00:00+00:00,1726.76,1777.8199999999999,1726.76,1774.3399999999999,2292499,79712,1764.9825290000001
2021-01-08 05:00:00+00:00,1777.1600000000001,1799.355,1761.22,1797.8299999999999,1986390,75366,1787.9536949999999
2021-01-11 05:00:00+00:00,1777.02,1784.3800000000001,1752.1400000000001,1756.29,2037980,67601,1762.0643869999999
2021-01-12 05:00:00+00:00,1745.3599999999999,1767.9000000000001,1716.375,1737.4300000000001,1592526,66897,1739.1893769999999
2021-01-13 05:00:00+00:00,1727.3199999999999,1756.3900000000001,1727.3199999999999,1747.25,1309103,52696,1745.05799
2021-01-14 05:00:00+00:00,1748.8699999999999,1767.5499,1726.0699999999999,1730.9200000000001,1621554,58677,1739.837972
2021-01-15 05:00:00+00:00,1729.02,1747.6199999999999,1711.71,1727.6199999999999,1875308,53791,1729.829045
2021-01-19 05:00:00+00:00,1743,1803.8399999999999,1732.8299999999999,1784.47,2339411,84474,1774.0363970000001
2021-01-20 05:00:00+00:00,1826.8599999999999,1899.7234000000001,1819.51,1880.0699999999999,3490282,120831,1867.8845719999999
2021-01-21 05:00:00+00:00,1893.6500000000001,1932.0799999999999,1879.4100000000001,1884.1500000000001,3125648,111407,1899.515934
2021-01-22 05:00:00+00:00,1891.46,1904.3900000000001,1876.4949999999999,1892.5599999999999,1799766,60761,1895.7517419999999
2021-01-25 05:00:00+00:00,1912.74,1921.8199999999999,1859.1600000000001,1893.54,2728295,95176,1889.9125570000001
2021-01-26 05:00:00+00:00,1885.99,1915.75,1876.1300000000001,1907.95,1703138,66159,1904.0050309999999
2021-01-27 05:00:00+00:00,1874.9100000000001,1880.47,1797.28,1818.9400000000001,4412593,173565,1829.3788549999999
2021-01-28 05:00:00+00:00,1831,1887.99,1831,1853.2,3057999,97508,1858.7949180000001
2021-01-29 05:00:00+00:00,1834.02,1847.5350000000001,1801.5600999999999,1827.3599999999999,2447911,88627,1828.5985029999999
2021-02-01 05:00:00+00:00,1844.585,1915.54,1844.585,1893.0699999999999,2175246,98574,1884.634892
2021-02-02 05:00:00+00:00,1913.1300000000001,1949.3699999999999,1906.3699999999999,1919.1199999999999,3485613,135482,1925.4730950000001
2021-02-03 05:00:00+00:00,2065.6100000000001,2106.6233999999999,2013.55,2058.8800000000001,5167573,179313,2066.7434320000002
2021-02-04 05:00:00+00:00,2060.6156000000001,2069.3000000000002,2035.0999999999999,2053.6300000000001,2637546,100657,2050.4146620000001
2021-02-05 05:00:00+00:00,2059.5599999999999,2095.9400000000001,2050,2088.8299999999999,1620866,66989,2077.953039
2021-02-08 05:00:00+00:00,2100,2115,2063.3499999999999,2084.52,1545849,74688,2084.4743509999998
2021-02-09 05:00:00+00:00,2074.8000000000002,2098.5100000000002,2070,2075.3899999999999,1181205,57793,2080.911419
2021-02-10 05:00:00+00:00,2083.1399999999999,2098.8800000000001,2052.2399999999998,2086.48,1345053,58223,2079.8775329999999
2021-02-11 05:00:00+00:00,2091,2094,2068.8600000000001,2088.75,1130668,54274,2083.6982410000001
2021-02-12 05:00:00+00:00,2079.77,2099.5,2073.5700000000002,2095.0300000000002,1049712,43744,2090.1724439999998
2021-02-16 05:00:00+00:00,2091.75,2145.1399999999999,2091.75,2110.6999999999998,1686293,69422,2116.9451749999998
2021-02-17 05:00:00+00:00,2093.98,2122.4434000000001,2088.3499999999999,2118.6199999999999,1138333,54218,2111.0850909999999
2021-02-18 05:00:00+00:00,2105,2121.9899999999998,2093.3299999999999,2105.8099999999999,1230313,58488,2104.8363450000002
2021-02-19 05:00:00+00:00,2107.79,2118.5799999999999,2083.4299999999998,2088.8099999999999,2076753,72769,2097.7591619999998
2021-02-22 05:00:00+00:00,2053.5999999999999,2080.3299999999999,2048,2054.2600000000002,1615967,75631,2060.1597099999999
2021-02-23 05:00:00+00:00,2013.99,2072.5,1990.23,2060.1199999999999,1856726,110487,2038.618655
2021-02-24 05:00:00+00:00,2031.3699999999999,2088.3200000000002,2027.53,2083.8099999999999,1259908,67553,2069.5042579999999
2021-02-25 05:00:00+00:00,2055.9299999999998,2083,2006.49,2015.95,2238331,111310,2030.6581450000001
2021-02-26 05:00:00+00:00,2029.95,2056.52,2001.01,2021.9100000000001,2320767,81433,2027.0696
2021-03-01 05:00:00+00:00,2048,2076.23,2034.4200000000001,2069.6599999999999,1461444,62820,2061.8448229999999
2021-03-02 05:00:00+00:00,2064.8400000000001,2094.7399999999998,2056.6700000000001,2064.48,1440781,54186,2070.1044959999999
2021-03-03 05:00:00+00:00,2051.9499999999998,2075.9899999999998,1994,2011.4100000000001,1868384,79583,2023.086511
2021-03-04 05:00:00+00:00,2014.8689999999999,2074.5900000000001,2005.4300000000001,2033.9300000000001,2608953,112110,2037.7529910000001
2021-03-05 05:00:00+00:00,2061.1500000000001,2106.1999999999998,2027.7773,2097.0700000000002,2831141,129905,2077.706228
2021-03-08 05:00:00+00:00,2084.0599999999999,2113.7399999999998,2005.1900000000001,2007.5,2053884,97754,2043.573762
2021-03-09 05:00:00+00:00,2049.75,2063.9153000000001,2035.5999999999999,2040.3599999999999,1950371,77408,2046.7973589999999
2021-03-10 05:00:00+00:00,2061.4000000000001,2061.4000000000001,2019.3299999999999,2036.1900000000001,1471283,69806,2039.1491840000001
2021-03-11 05:00:00+00:00,2058.2199999999998,2111.27,2056.4499999999998,2100.54,1534276,64160,2093.9219240000002
2021-03-12 05:00:00+00:00,2076.4099999999999,2077.6100000000001,2032.4200000000001,2050,1878411,85694,2050.1412660000001
2021-03-15 04:00:00+00:00,2044.9749999999999,2054.9899999999998,2027.79,2054.4400000000001,1462294,63485,2046.321408
2021-03-16 04:00:00+00:00,2065.9899999999998,2113.6799999999998,2059.29,2083.8899999999999,1708759,72425,2087.9943109999999
2021-03-17 04:00:00+00:00,2068.4699999999998,2099,2044.1217999999999,2082.2199999999998,1442129,69849,2073.2221169999998
2021-03-18 04:00:00+00:00,2048.1799999999998,2068.7460000000001,2019.1800000000001,2021.3399999999999,1837189,90310,2030.9501620000001
2021-03-19 04:00:00+00:00,2029.73,2037.04,2002.9300000000001,2026.96,2997748,82655,2027.4444189999999
2021-03-22 04:00:00+00:00,2027.6300000000001,2048.3400000000001,2014,2030.6900000000001,1861655,80976,2031.3076699999999
2021-03-23 04:00:00+00:00,2039.95,2064.1100000000001,2028.0001,2041.3299999999999,1607689,68619,2045.254015
2021-03-24 04:00:00+00:00,2051.7600000000002,2067.5999999999999,2029.0001,2032.53,1402750,66697,2042.210401
2021-03-25 04:00:00+00:00,2029.05,2045.6400000000001,1996.0899999999999,2032.46,1958340,81642,2027.6045180000001
2021-03-26 04:00:00+00:00,2031.79,2039.385,2003.8499999999999,2024.73,1546926,75674,2022.427739
2021-03-29 04:00:00+00:00,2022.1600000000001,2049.21,2005.45,2045.79,1477191,59790,2037.394785
2021-03-30 04:00:00+00:00,2052.98,2062.6700000000001,2036.1500000000001,2046.47,1507652,59706,2048.19103
2021-03-31 04:00:00+00:00,2054.4000000000001,2086.2600000000002,2047,2062.52,2418266,82211,2065.7187939999999
2021-04-01 04:00:00+00:00,2092.25,2135.75,2091.4299999999998,2129.7800000000002,2115503,95803,2116.988711
2021-04-05 04:00:00+00:00,2147.1500000000001,2228.9899999999998,2145.2049999999999,2218.96,2624565,117367,2203.3449700000001
2021-04-06 04:00:00+00:00,2210.9200000000001,2228,2201.79,2209.2600000000002,1936595,93536,2211.2404080000001
2021-04-07 04:00:00+00:00,2213.0999999999999,2244.5,2213.0999999999999,2239.0300000000002,1312965,65360,2232.6070570000002
2021-04-08 04:00:00+00:00,2264,2271.7899000000002,2243.0100000000002,2250.4299999999998,1563234,74759,2251.4782770000002
2021-04-09 04:00:00+00:00,2245.4400000000001,2273.9699999999998,2237.2550000000001,2270.6700000000001,1435777,68612,2261.8397460000001
2021-04-12 04:00:00+00:00,2254.1199999999999,2256.8850000000002,2227.8200000000002,2244.6199999999999,1276708,78310,2245.6773450000001
2021-04-13 04:00:00+00:00,2250.9899999999998,2263.4699999999998,2243.0500000000002,2254.4299999999998,1304814,61776,2253.2633930000002
2021-04-14 04:00:00+00:00,2267.4299999999998,2267.4299999999998,2236.0149999999999,2241.9099999999999,1067652,58889,2250.2648210000002
2021-04-15 04:00:00+00:00,2261.9499999999998,2296,2251.1700000000001,2285.25,1474921,79081,2279.4666090000001
2021-04-16 04:00:00+00:00,2289.2399999999998,2294.2399999999998,2270.9200000000001,2282.75,1391727,67123,2284.7778699999999
2021-04-19 04:00:00+00:00,2270.1799999999998,2304.0900000000001,2270.1799999999998,2289.7600000000002,1533419,73376,2287.6088380000001
2021-04-20 04:00:00+00:00,2297.4899999999998,2298.9998999999998,2257.1199999999999,2279.0100000000002,1129704,68787,2279.3679139999999
2021-04-21 04:00:00+00:00,2272.0500000000002,2280,2244.8200000000002,2278.3499999999999,1175086,74103,2267.1089109999998
2021-04-22 04:00:00+00:00,2275.4000000000001,2288.8814000000002,2240.3200000000002,2252.52,1311545,74814,2258.9235910000002
2021-04-23 04:00:00+00:00,2267,2306.1174999999998,2261.25,2299.9299999999998,1619224,81134,2293.6985549999999
2021-04-26 04:00:00+00:00,2304.52,2324.5300000000002,2297.3150000000001,2309.9299999999998,1766622,79719,2310.8110409999999
2021-04-27 04:00:00+00:00,2317.6325999999999,2318.4499999999998,2286.1599999999999,2290.98,2338989,126047,2295.3090179999999
2021-04-28 04:00:00+00:00,2392.4953999999998,2431.3800000000001,2353.2199999999998,2359.04,4252219,191719,2383.3171040000002
2021-04-29 04:00:00+00:00,2389.23,2404.1599999999999,2373.8499999999999,2392.7600000000002,2196635,114803,2390.747198
2021-04-30 04:00:00+00:00,2368.02,2381.8499999999999,2346.5599999999999,2353.5,2446968,119962,2357.0526890000001
2021-05-03 04:00:00+00:00,2364.9099999999999,2381.5500000000002,2335.5,2343.0799999999999,1527169,86934,2352.99892
2021-05-04 04:00:00+00:00,2313.5500000000002,2324.9899,2256.6799999999998,2306.8299999999999,2421394,129581,2292.8602289999999
2021-05-05 04:00:00+00:00,2328.6300000000001,2335,2308.2800000000002,2314.77,1426860,72762,2320.6746450000001
2021-05-06 04:00:00+00:00,2306.3299999999999,2337.3499999999999,2293.0418,2337.3499999999999,1277369,73158,2323.5955170000002
2021-05-07 04:00:00+00:00,2363.8899999999999,2371.25,2346.1550000000002,2351.9299999999998,1552875,74857,2356.8346609999999
2021-05-10 04:00:00+00:00,2328.1399999999999,2331,2284.54,2291.75,1715696,100472,2298.8031000000001
2021-05-11 04:00:00+00:00,2243.0700000000002,2280.2800000000002,2233.9200000000001,2270.0599999999999,1828986,106227,2262.2749330000001
2021-05-12 04:00:00+00:00,2226.1900000000001,2247.98,2193.6199999999999,2200.25,2531028,127155,2208.7095169999998
2021-05-13 04:00:00+00:00,2226.1199999999999,2239.4375,2206.7199999999998,2229.04,1681055,90471,2227.135315
2021-05-14 04:00:00+00:00,2258.54,2284.7199999999998,2250,2278.3800000000001,1618287,88484,2270.2640059999999
2021-05-17 04:00:00+00:00,2263.5700000000002,2289.7800000000002,2255.5101,2288.9200000000001,1193777,65180,2280.114693
2021-05-18 04:00:00+00:00,2302.3499999999999,2307.6817999999998,2262.1900000000001,2262.4699999999998,1217130,65582,2279.04765
2021-05-19 04:00:00+00:00,2228.4299999999998,2274.9899999999998,2225.4400000000001,2271.5,1359398,71899,2259.8911119999998
2021-05-20 04:00:00+00:00,2291,2312,2283.52,2306.9499999999998,1773104,66856,2302.0049009999998
2021-05-21 04:00:00+00:00,2317.4099999999999,2318.8899999999999,2289.3000000000002,2294.1300000000001,2219539,78735,2300.2469820000001
2021-05-24 04:00:00+00:00,2314.8899999999999,2365.5500000000002,2311.9549999999999,2361.04,1769693,67877,2354.7089729999998
2021-05-25 04:00:00+00:00,2372,2384,2355,2362.8699999999999,1225505,60525,2365.3429780000001
2021-05-26 04:00:00+00:00,2366.52,2388.9899999999998,2366.4625000000001,2380.3099999999999,1237952,53479,2379.692857
2021-05-27 04:00:00+00:00,2389.0500000000002,2389.0500000000002,2356.2600000000002,2362.6799999999998,2230914,64797,2366.3674259999998
2021-05-28 04:00:00+00:00,2374.4200000000001,2376.0700000000002,2352.8499999999999,2356.8499999999999,1219130,53764,2362.5224450000001
2021-06-01 04:00:00+00:00,2374.4400000000001,2385.71,2354.2800000000002,2381.1799999999998,1272195,62612,2375.6192740000001
2021-06-02 04:00:00+00:00,2389.1500000000001,2393.6399999999999,2352.355,2370.5900000000001,1181306,65073,2371.1419179999998
2021-06-03 04:00:00+00:00,2345.73,2357.0149999999999,2329.52,2347.5799999999999,1039018,62995,2344.6353020000001
2021-06-04 04:00:00+00:00,2369.27,2399.0300000000002,2362.4099999999999,2393.5700000000002,1337897,69790,2389.6803479999999
2021-06-07 04:00:00+00:00,2389.4360000000001,2404.5099,2381,2402.3000000000002,1334956,65810,2396.234101
2021-06-08 04:00:00+00:00,2412.0100000000002,2419.5201999999999,2394.7800000000002,2398.4400000000001,1340811,66309,2403.6403780000001
2021-06-09 04:00:00+00:00,2411.4299999999998,2412.8800000000001,2396.9000000000001,2407.9400000000001,1022281,52442,2407.1545719999999
2021-06-10 04:00:00+00:00,2406.9200000000001,2436,2403.7800000000002,2435.1300000000001,1383224,68388,2427.9612050000001
2021-06-11 04:00:00+00:00,2440,2441.7199999999998,2418.96,2430.1999999999998,1248310,60213,2429.7834170000001
2021-06-14 04:00:00+00:00,2432.2600000000002,2448.9200000000001,2418,2448.9099999999999,1221948,61521,2437.965643
2021-06-15 04:00:00+00:00,2449,2455.5100000000002,2421.1199999999999,2428.3899999999999,1207763,60307,2432.9629829999999
2021-06-16 04:00:00+00:00,2431.4400000000001,2437.7199999999998,2389.4000000000001,2415.4499999999998,1466016,74266,2418.018646
2021-06-17 04:00:00+00:00,2413.9499999999998,2450.4499999999998,2410,2434.8699999999999,1431432,75995,2434.1426849999998
2021-06-18 04:00:00+00:00,2427.3400000000001,2432.0599999999999,2400.3000000000002,2402.2199999999998,2869126,78402,2410.491246
2021-06-21 04:00:00+00:00,2410.0100000000002,2440,2397.9699999999998,2436.25,1582996,63273,2431.2008129999999
2021-06-22 04:00:00+00:00,2435,2448,2421.2800000000002,2446.6100000000001,1256625,64874,2439.9142630000001
2021-06-23 04:00:00+00:00,2441.8699999999999,2461.9099999999999,2436.6900000000001,2442.54,1086476,55433,2444.51298
2021-06-24 04:00:00+00:00,2454,2461.1107000000002,2446,2450,1238254,50660,2451.215338
2021-06-25 04:00:00+00:00,2440,2452.6599999999999,2431.3049999999998,2450.1700000000001,2173271,56083,2447.2691580000001
2021-06-28 04:00:00+00:00,2453.5700000000002,2455.6950000000002,2428.1100999999999,2450.7199999999998,1600780,74100,2445.884779
2021-06-29 04:00:00+00:00,2453.4070999999999,2460.415,2433.8150000000001,2445.4499999999998,1298388,50703,2446.0128749999999
2021-06-30 04:00:00+00:00,2439.8899999999999,2445.1399999999999,2427.0900000000001,2441.79,1416743,57751,2439.278566
2021-07-01 04:00:00+00:00,2434.5,2451.7399999999998,2430.6300000000001,2448.8899999999999,1000906,52799,2444.7710390000002
2021-07-02 04:00:00+00:00,2463,2508.0799999999999,2461.1900000000001,2505.1500000000001,1406077,69034,2494.238382
2021-07-06 04:00:00+00:00,2512.9699999999998,2528.5599999999999,2491.6500999999998,2523.8000000000002,1454410,77781,2516.6146239999998
2021-07-07 04:00:00+00:00,2543.2399999999998,2545.6799999999998,2523.0599999999999,2529.48,1333441,64640,2531.808708
2021-07-08 04:00:00+00:00,2480.52,2511.9099999999999,2480.4400000000001,2500.8800000000001,1340790,75807,2496.8503249999999
2021-07-09 04:00:00+00:00,2500.5,2514.6900000000001,2491.0250000000001,2510.3699999999999,1053215,51561,2507.5990120000001
2021-07-12 04:00:00+00:00,2523.5599999999999,2541.3888000000002,2512.2150000000001,2539.5100000000002,991392,54079,2532.182487
2021-07-13 04:00:00+00:00,2540.77,2561.1500000000001,2533.4899999999998,2546.8299999999999,1039774,58500,2547.5613939999998
2021-07-14 04:00:00+00:00,2559.1599999999999,2586.5266000000001,2558.2892000000002,2564.7399999999998,1348612,65838,2568.215596
2021-07-15 04:00:00+00:00,2572.98,2574,2530.5999999999999,2540.0999999999999,1318653,68152,2543.5111280000001
2021-07-16 04:00:00+00:00,2553.2600000000002,2556.23,2523.0700000000002,2539.4000000000001,1142047,54663,2538.4609030000001
2021-07-19 04:00:00+00:00,2521.79,2524.0999999999999,2470.0999999999999,2491.5599999999999,1533459,92318,2491.384352
2021-07-20 04:00:00+00:00,2510.5500000000002,2540.8636000000001,2487.0100000000002,2524.1900000000001,1454358,62973,2523.6250610000002
2021-07-21 04:00:00+00:00,2522.6700000000001,2551.9200000000001,2520.4699999999998,2550.98,1195470,52691,2543.8936490000001
2021-07-22 04:00:00+00:00,2556.8800000000001,2569.6599999999999,2549.9769000000001,2568.4299999999998,793144,43338,2564.329475
2021-07-23 04:00:00+00:00,2608.6100000000001,2667.9798999999998,2596.0100000000002,2660.3000000000002,2225293,92252,2642.9946150000001
2021-07-26 04:00:00+00:00,2666.5650000000001,2684.7399999999998,2646.0300000000002,2680.6999999999998,1759168,80707,2673.1498769999998
2021-07-27 04:00:00+00:00,2685.0100000000002,2687.98,2602.0799999999999,2638,2868072,142688,2638.4533310000002
2021-07-28 04:00:00+00:00,2726.239,2765.9400000000001,2705.5500000000002,2721.8800000000001,4920886,158461,2734.5249910000002
2021-07-29 04:00:00+00:00,2723,2733.2203,2710.8600000000001,2715.5500000000002,1676342,84744,2719.7183220000002
2021-07-30 04:00:00+00:00,2700.6999999999998,2706.0900000000001,2685.0999999999999,2694.5300000000002,1427370,73558,2695.0999820000002
2021-08-02 04:00:00+00:00,2702.3400000000001,2706.73,2675.8827999999999,2697.0900000000001,1190915,66313,2695.3627459999998
2021-08-03 04:00:00+00:00,2702.6999999999998,2714.6399999999999,2666.3899999999999,2712.5999999999999,1134036,65329,2702.0395090000002
2021-08-04 04:00:00+00:00,2706.9899999999998,2712.9899999999998,2689.7399999999998,2702.5100000000002,1102993,62879,2702.570753
2021-08-05 04:00:00+00:00,2713.6100000000001,2727,2696.9200000000001,2725.0300000000002,978730,52934,2719.5135089999999
2021-08-06 04:00:00+00:00,2720.8400000000001,2729.4499999999998,2704.1999999999998,2714.77,1120204,58982,2715.9420540000001
2021-08-09 04:00:00+00:00,2718.8499999999999,2743.6799999999998,2706.7849999999999,2738.2600000000002,976340,57385,2730.5723309999998
2021-08-10 04:00:00+00:00,2746.8400000000001,2755.4461000000001,2727.29,2736.1399999999999,1075337,57006,2738.9262269999999
2021-08-11 04:00:00+00:00,2743.6300000000001,2753.645,2725.4299999999998,2725.5799999999999,854598,57003,2731.8517109999998
2021-08-12 04:00:00+00:00,2719.5100000000002,2746,2708.5100000000002,2743.8800000000001,913654,51692,2735.245312
2021-08-13 04:00:00+00:00,2745,2757.1300000000001,2740.6599999999999,2754.5500000000002,873787,47745,2751.9888999999998
2021-08-16 04:00:00+00:00,2750.4978999999998,2767.25,2705.9749999999999,2766.1900000000001,1214470,76500,2747.7413409999999
2021-08-17 04:00:00+00:00,2755,2765.3099999999999,2721.6399999999999,2733.23,1180714,68553,2738.3360790000002
2021-08-18 04:00:00+00:00,2730,2742.085,2706.4299999999998,2708.98,1090702,57573,2719.474541
2021-08-19 04:00:00+00:00,2688.71,2727.0500000000002,2685,2713.5999999999999,1206187,71631,2710.840635
2021-08-20 04:00:00+00:00,2720,2751.0799999999999,2705,2748.5900000000001,1707865,69180,2738.8696319999999
2021-08-23 04:00:00+00:00,2759.3899999999999,2817.4899999999998,2752.1500000000001,2800.8299999999999,1525182,78137,2795.775075
2021-08-24 04:00:00+00:00,2812.23,2841.5999999999999,2806.77,2825.23,1056854,66519,2825.6906349999999
2021-08-25 04:00:00+00:00,2832.5,2843.7896999999998,2827.52,2841.5799999999999,873806,53734,2838.1872199999998
2021-08-26 04:00:00+00:00,2835,2848.3499999999999,2827.1399999999999,2828.8099999999999,1144157,60175,2834.523267
2021-08-27 04:00:00+00:00,2833.0500000000002,2890.25,2829.9400000000001,2880.0799999999999,1543595,82142,2872.5289469999998
2021-08-30 04:00:00+00:00,2888,2919.4099999999999,2883.2600000000002,2891.8099999999999,1353477,79850,2896.6796370000002
2021-08-31 04:00:00+00:00,2902.9400000000001,2903.4250000000002,2885.6199999999999,2893.9499999999998,1346206,65818,2895.5449829999998
2021-09-01 04:00:00+00:00,2900,2925.0749999999998,2897.6700000000001,2904.3099999999999,1214600,74584,2907.9332749999999
2021-09-02 04:00:00+00:00,2904.3200000000002,2910.3850000000002,2863.6950000000002,2865.7399999999998,1752136,113563,2875.2032989999998
2021-09-03 04:00:00+00:00,2861.6100000000001,2883.0999999999999,2848.0100000000002,2874.79,1073150,65952,2871.6150480000001
2021-09-07 04:00:00+00:00,2876.6900000000001,2891.3000000000002,2872.3800000000001,2885.6100000000001,1109015,72697,2883.414816
2021-09-08 04:00:00+00:00,2882,2888,2860,2873.8200000000002,1050187,68388,2873.1369260000001
2021-09-09 04:00:00+00:00,2876.8099999999999,2886.21,2863.5500000000002,2870.8200000000002,829577,55727,2874.6758199999999
2021-09-10 04:00:00+00:00,2884.25,2894.3699999999999,2814.7550000000001,2817.52,1941831,113600,2843.1881939999998
2021-09-13 04:00:00+00:00,2838.9899999999998,2859,2825,2846.6500000000001,1199317,79408,2842.7310109999999
2021-09-14 04:00:00+00:00,2859.9050000000002,2867.2600000000002,2835,2850.8899999999999,1100958,62386,2850.7122789999999
2021-09-15 04:00:00+00:00,2855.4299999999998,2889.0100000000002,2826.9499999999998,2888.5900000000001,1511080,77246,2873.5842689999999
2021-09-16 04:00:00+00:00,2879.0100000000002,2886,2848.0300000000002,2872.1999999999998,1464493,74540,2868.4395340000001
2021-09-17 04:00:00+00:00,2860.6100000000001,2869,2809.395,2816,3195172,106949,2831.3466579999999
2021-09-20 04:00:00+00:00,2763.23,2780,2726.4349999999999,2774.3899999999999,2592032,147101,2761.541119
2021-09-21 04:00:00+00:00,2794.9899999999998,2800.23,2765.5599999999999,2780.6599999999999,1401837,72508,2784.7743559999999
2021-09-22 04:00:00+00:00,2786.0799999999999,2817.7399999999998,2771.0300000000002,2805.6700000000001,1457826,74160,2801.0997120000002
2021-09-23 04:00:00+00:00,2819.75,2833.9299999999998,2808.0300000000002,2824.3200000000002,1138828,66636,2824.9302309999998
2021-09-24 04:00:00+00:00,2810.77,2846.605,2804.8200000000002,2844.3000000000002,1250402,59939,2835.3432939999998
2021-09-27 04:00:00+00:00,2816.0853000000002,2838.7698999999998,2801.3499999999999,2821.4400000000001,1194996,66912,2822.5189919999998
2021-09-28 04:00:00+00:00,2773.0999999999999,2781.9299999999998,2707.1999999999998,2716.5999999999999,2490993,156472,2726.9843529999998
2021-09-29 04:00:00+00:00,2739.5999999999999,2743.02,2677.3000000000002,2687.0700000000002,1665832,112187,2702.2753469999998
2021-09-30 04:00:00+00:00,2685.23,2710.8499999999999,2671.1199999999999,2673.52,2099578,104863,2685.927502
2021-10-01 04:00:00+00:00,2688.9499999999998,2738.21,2681.46,2730.8600000000001,1896725,84739,2715.6447539999999
2021-10-04 04:00:00+00:00,2719.21,2719.21,2621,2673.1900000000001,2738347,146431,2659.846454
2021-10-05 04:00:00+00:00,2680.8200000000002,2744.4899999999998,2680.8200000000002,2720.46,1749613,87199,2719.9011249999999
2021-10-06 04:00:00+00:00,2695,2755,2691,2751.3000000000002,1332017,74754,2735.2606820000001
2021-10-07 04:00:00+00:00,2777.8400000000001,2800.8400000000001,2773.0239999999999,2784.5,1398403,71696,2787.308673
2021-10-08 04:00:00+00:00,2791.54,2806.6206999999999,2784.3499999999999,2795.71,1480060,63672,2795.2645259999999
2021-10-11 04:00:00+00:00,2785.8400000000001,2814.2399999999998,2777.1799999999998,2778.2800000000002,970950,61245,2790.3541019999998
2021-10-12 04:00:00+00:00,2789.5999999999999,2790.1399999999999,2715.1999999999998,2728.98,1935311,105777,2735.4190509999999
2021-10-13 04:00:00+00:00,2748.0500000000002,2760,2730.3762999999999,2751.6399999999999,1093946,59750,2747.9305589999999
2021-10-14 04:00:00+00:00,2789.4760999999999,2826.7449999999999,2776.5,2823.02,1763914,80318,2813.8918130000002
2021-10-15 04:00:00+00:00,2832.29,2834.3600000000001,2815.0999999999999,2827.3600000000001,1749621,73292,2826.7398079999998
2021-10-18 04:00:00+00:00,2821.5300000000002,2855.9200000000001,2821.3890000000001,2855.5599999999999,1157869,69315,2846.9221259999999
2021-10-19 04:00:00+00:00,2867.75,2873.25,2852,2864.7399999999998,1135848,65856,2862.8478089999999
2021-10-20 04:00:00+00:00,2866.7600000000002,2870.9218000000001,2827.5300000000002,2835.3800000000001,1250582,75991,2846.801453
2021-10-21 04:00:00+00:00,2835.3800000000001,2843.1199999999999,2810,2837.7199999999998,1408598,83576,2831.294159
2021-10-22 04:00:00+00:00,2783,2811.6550000000002,2721.1199999999999,2751.3299999999999,2755581,152794,2755.0027500000001
2021-10-25 04:00:00+00:00,2751,2760,2708.48,2748.9400000000001,1824771,107000,2742.8489810000001
2021-10-26 04:00:00+00:00,2785.27,2801.6588000000002,2766.0900000000001,2786.1700000000001,2600438,146505,2783.2116430000001
2021-10-27 04:00:00+00:00,2788.0999999999999,2973,2788.0999999999999,2924.3499999999999,4552112,239402,2907.3908820000001
2021-10-28 04:00:00+00:00,2942.6900000000001,2943.1599999999999,2892.5349999999999,2916.98,1935951,120686,2918.0529299999998
2021-10-29 04:00:00+00:00,2901.5599999999999,2964.8400000000001,2892.9899999999998,2960.9200000000001,2367958,122563,2945.7163820000001
2021-11-01 04:00:00+00:00,2960.9200000000001,2960.9200000000001,2864.5100000000002,2869.9400000000001,2505317,152337,2898.0355370000002
2021-11-02 04:00:00+00:00,2891.5900000000001,2932.1799999999998,2886.71,2908.6500000000001,1785256,94131,2909.0376160000001
2021-11-03 04:00:00+00:00,2918.0100000000002,2933.3800000000001,2891.8200000000002,2931.96,1494583,80254,2917.6329740000001
2021-11-04 04:00:00+00:00,2942.4899999999998,2994.6700000000001,2926.1599999999999,2965.3499999999999,2089471,104663,2965.8735879999999
2021-11-05 04:00:00+00:00,2983.3899999999999,3006.5500000000002,2963.9400000000001,2977.04,2114935,104638,2983.9414400000001
2021-11-08 05:00:00+00:00,2996.5,3012.2950000000001,2968.6100000000001,2980.6199999999999,1274985,82052,2986.0350490000001
2021-11-09 05:00:00+00:00,2984.6599999999999,2996.6900000000001,2944.895,2978.3699999999999,1079867,84385,2973.863265
2021-11-10 05:00:00+00:00,2950,2961.4000000000001,2890.75,2917.8699999999999,1622453,110963,2925.9197429999999
2021-11-11 05:00:00+00:00,2929.79,2950.71,2912.0100000000002,2915.3299999999999,962637,62223,2921.8880629999999
2021-11-12 05:00:00+00:00,2932.3099999999999,2977,2908.2201,2973.5599999999999,1240849,74621,2959.9014820000002
2021-11-15 05:00:00+00:00,2978.0100000000002,2990.9899999999998,2951.5,2969.04,1256694,68241,2970.0971719999998
2021-11-16 05:00:00+00:00,2962.9899999999998,2975.25,2946.25,2957.52,1092734,66009,2959.8282380000001
2021-11-17 05:00:00+00:00,2960.5500000000002,2971.1900000000001,2944.8000000000002,2960.9400000000001,1055994,75442,2958.4513029999998
2021-11-18 05:00:00+00:00,2964.8299999999999,3011.6100000000001,2957.6900000000001,2996.77,1882293,96156,2989.7915349999998
2021-11-19 05:00:00+00:00,2999.5088000000001,3019.3299999999999,2977.98,2978.5300000000002,1920815,106079,2989.683266
2021-11-22 05:00:00+00:00,2986.6500000000001,2996.5900000000001,2922.9499999999998,2926.04,1701128,124875,2943.1605239999999
2021-11-23 05:00:00+00:00,2923.0599999999999,2933.1999999999998,2882.3000000000002,2915.6399999999999,1500001,95954,2910.7813329999999
2021-11-24 05:00:00+00:00,2909.4699999999998,2924.9850000000001,2887.46,2922.4000000000001,1019674,69221,2914.3551010000001
2021-11-26 05:00:00+00:00,2886.9699999999998,2891.1500000000001,2836.8499999999999,2843.6599999999999,1668197,113072,2856.050534
2021-11-29 05:00:00+00:00,2880,2925.9499999999998,2877.8699999999999,2910.6100000000001,1858387,105498,2905.171992
2021-11-30 05:00:00+00:00,2900.1700000000001,2920,2832.0300000000002,2837.9499999999998,2464743,129350,2852.0464400000001
2021-12-01 05:00:00+00:00,2880,2919.0050000000001,2818.2399999999998,2821.0300000000002,1859130,126264,2857.2135819999999
2021-12-02 05:00:00+00:00,2825,2877.29,2804.29,2859.3200000000002,1696620,100494,2853.0815080000002
2021-12-03 05:00:00+00:00,2875,2888,2806.02,2840.0300000000002,2269982,133690,2837.616818
2021-12-06 05:00:00+00:00,2860.8099999999999,2877.0500000000002,2803,2863.0999999999999,1745775,103569,2853.9000609999998
2021-12-07 05:00:00+00:00,2911.9299999999998,2950.6233999999999,2904.5500000000002,2945.3899999999999,1801476,98555,2938.5034649999998
2021-12-08 05:00:00+00:00,2951.9299999999998,2967.8600000000001,2928.1199999999999,2963.73,1421960,74848,2957.7390350000001
2021-12-09 05:00:00+00:00,2951.8200000000002,2982,2942.3000999999999,2952.77,1337971,82420,2956.3123150000001
2021-12-10 05:00:00+00:00,2974,2979.5500000000002,2934.0749999999998,2960.0300000000002,1367301,79650,2958.5770189999998
2021-12-13 05:00:00+00:00,2955.6300000000001,2959.4000000000001,2910.3499999999999,2916.5300000000002,1555537,91225,2922.7875979999999
2021-12-14 05:00:00+00:00,2879.3600000000001,2889.5999999999999,2824.2950000000001,2878.1399999999999,2210021,129112,2865.3916300000001
2021-12-15 05:00:00+00:00,2868.1799999999998,2934.4200000000001,2833.5578,2928.8200000000002,2032250,123159,2897.2257370000002
2021-12-16 05:00:00+00:00,2943.4099999999999,2953.5349999999999,2872.1399999999999,2888.9000000000001,1872145,113934,2900.9601969999999
2021-12-17 05:00:00+00:00,2850,2876.6900000000001,2826,2834.5,3262546,120435,2840.550315
2021-12-20 05:00:00+00:00,2800,2835.4899999999998,2786.4200000000001,2832.1399999999999,1544707,110100,2817.8857929999999
2021-12-21 05:00:00+00:00,2841.0700000000002,2877.3800000000001,2810.0500000000002,2869.4499999999998,1611895,96738,2858.2972970000001
2021-12-22 05:00:00+00:00,2861.3499999999999,2930,2861.3499999999999,2928.3000000000002,1485493,85378,2915.670165
2021-12-23 05:00:00+00:00,2930,2964.8699999999999,2929.04,2938.3299999999999,1499013,86321,2942.265774
2021-12-27 05:00:00+00:00,2945.1199999999999,2966.8798999999999,2943.3850000000002,2958.1300000000001,948650,66529,2957.0403259999998
2021-12-28 05:00:00+00:00,2964.7199999999998,2965.9801000000002,2921.0855999999999,2933.7399999999998,996948,76003,2937.0554259999999
2021-12-29 05:00:00+00:00,2932.8856999999998,2948.3400000000001,2912.9499999999998,2933.0999999999999,1037978,63539,2931.874229
2021-12-30 05:00:00+00:00,2933.8800000000001,2946,2919.8899999999999,2924.0100000000002,855088,59021,2929.7948799999999
2021-12-31 05:00:00+00:00,2921,2933.9699999999998,2897.04,2897.04,1066031,63420,2901.4989519999999
2022-01-03 05:00:00+00:00,2901.0999999999999,2917.02,2874.2550000000001,2899.8299999999999,1596148,103433,2899.8396790000002
2022-01-04 05:00:00+00:00,2907.9200000000001,2929.6977999999999,2874.3249999999998,2887.9899999999998,1581249,102670,2893.1270380000001
2022-01-05 05:00:00+00:00,2888.4000000000001,2889.9875000000002,2753.7600000000002,2755.5,2744554,199567,2800.0509790000001
2022-01-06 05:00:00+00:00,2739.9699999999998,2798.8000000000002,2731.1700000000001,2754.9499999999998,2031022,137862,2763.5052730000002
2022-01-07 05:00:00+00:00,2762.9099999999999,2768.9699999999998,2715.3299999999999,2740.3400000000001,1654885,111515,2742.091958
2022-01-10 05:00:00+00:00,2701.5599999999999,2776.3899999999999,2663.29,2773.3899999999999,2397938,184013,2732.5310340000001
2022-01-11 05:00:00+00:00,2760.1399999999999,2804.3200000000002,2733.8449999999998,2794.7199999999998,1552393,100620,2781.6027330000002
2022-01-12 05:00:00+00:00,2823,2852.1550000000002,2813.8899999999999,2828.6100000000001,1486089,92379,2830.212908
2022-01-13 05:00:00+00:00,2830.8000000000002,2857,2768.1799999999998,2771.7399999999998,1695584,110061,2796.4115590000001
2022-01-14 05:00:00+00:00,2741.5799999999999,2814.8400000000001,2739.9699999999998,2789.6100000000001,1651443,101651,2786.355908
2022-01-18 05:00:00+00:00,2723.5,2742.6300000000001,2708.7649999999999,2719.96,1989806,127975,2721.7935539999999
2022-01-19 05:00:00+00:00,2730.4699999999998,2759.1900000000001,2700.3099999999999,2702.3299999999999,1608507,95863,2722.056004
2022-01-20 05:00:00+00:00,2725,2752.52,2659.2930999999999,2666.1500000000001,1597561,113287,2704.5364589999999
2022-01-21 05:00:00+00:00,2651.8699999999999,2697.3105999999998,2601.73,2607.0300000000002,3135352,179003,2635.428136
2022-01-24 05:00:00+00:00,2519.5599999999999,2624.0599999999999,2490,2616.0799999999999,4091518,261301,2557.750016
2022-01-25 05:00:00+00:00,2574.8000000000002,2587.98,2530.0100000000002,2538.6999999999998,2619926,144724,2549.5936120000001
2022-01-26 05:00:00+00:00,2622.3800000000001,2660,2542.8400000000001,2584.6599999999999,2739075,157809,2598.45912
2022-01-27 05:00:00+00:00,2626.0799999999999,2653.0450000000001,2578.6457999999998,2580.0999999999999,1749310,124748,2603.8729069999999
2022-01-28 05:00:00+00:00,2593.1799999999998,2667.1300000000001,2569.6999999999998,2667.02,1911560,123356,2640.5729230000002
2022-01-31 05:00:00+00:00,2683.2399,2709.46,2644.1900000000001,2706.0700000000002,2341044,145683,2694.1089919999999
2022-02-01 05:00:00+00:00,2751.8899999999999,2755.855,2687.3699999999999,2752.8800000000001,3614789,263415,2737.8679149999998
2022-02-02 05:00:00+00:00,3025,3030.9315000000001,2910.4501,2960,6430075,472218,2973.4948250000002
2022-02-03 05:00:00+00:00,2914.1100000000001,2993.5,2853.3063000000002,2861.8000000000002,3828363,285474,2910.7172799999998
2022-02-04 05:00:00+00:00,2868.8926999999999,2897.5,2810.3000000000002,2865.8600000000001,3068080,215449,2862.2417359999999
2022-02-07 05:00:00+00:00,2885,2885,2778,2784.02,2992596,206652,2809.8266640000002
2022-02-08 05:00:00+00:00,2780.5300000000002,2800,2740.277,2787.98,2901299,182226,2775.1489459999998
2022-02-09 05:00:00+00:00,2819.27,2850.4850000000001,2803.7406000000001,2831.8400000000001,2128765,148120,2825.6572999999999
2022-02-10 05:00:00+00:00,2794.0700000000002,2829.6900000000001,2759.1399999999999,2772.4000000000001,2160230,171569,2783.7299119999998
2022-02-11 05:00:00+00:00,2772,2783.125,2668,2685.6500000000001,2164297,197916,2709.0927919999999
2022-02-14 05:00:00+00:00,2665.1300000000001,2726,2665.1300000000001,2710.52,1942671,130003,2702.879602
2022-02-15 05:00:00+00:00,2751.4099999999999,2762.1700000000001,2716.4299999999998,2732.1700000000001,1458657,100141,2734.7190540000001
2022-02-16 05:00:00+00:00,2732.9299999999998,2761.7199999999998,2698.4749999999999,2754.7600000000002,1371581,103760,2738.8664429999999
2022-02-17 05:00:00+00:00,2724.8600000000001,2742.2698999999998,2649.5700000000002,2650.7800000000002,2178145,161498,2674.770098
2022-02-18 05:00:00+00:00,2669.3400000000001,2681.3998999999999,2603.9299999999998,2608.0599999999999,2508746,156826,2629.5772310000002
2022-02-22 05:00:00+00:00,2596.7618000000002,2643.605,2564.4650000000001,2596.27,2406980,170081,2600.9156520000001
2022-02-23 05:00:00+00:00,2632.9699999999998,2641.02,2550.5500000000002,2551.8299999999999,1801845,145604,2577.2662529999998
2022-02-24 05:00:00+00:00,2499.0650000000001,2660,2499.0650000000001,2652.3699999999999,3009537,227053,2597.1495030000001
2022-02-25 05:00:00+00:00,2671.04,2705.4299999999998,2635.0300000000002,2689.1900000000001,1949836,135296,2679.0698860000002
2022-02-28 05:00:00+00:00,2661,2715.0300000000002,2651.8449999999998,2701.1399999999999,2220220,124538,2690.28442
2022-03-01 05:00:00+00:00,2697.5700000000002,2725.1100000000001,2664.3699999999999,2681.23,1465036,110977,2687.4430390000002
2022-03-02 05:00:00+00:00,2692.5599999999999,2705.25,2661.4308000000001,2691.4299999999998,1331767,103437,2690.528296
2022-03-03 05:00:00+00:00,2720.1999999999998,2728.7899000000002,2660.5100000000002,2677.9899999999998,1361829,107532,2688.3697710000001
2022-03-04 05:00:00+00:00,2658.5500000000002,2677.0300000000002,2606.75,2638.1300000000001,1689128,130863,2634.1318660000002
2022-03-07 05:00:00+00:00,2629.7600000000002,2634.6999999999998,2525.9000000000001,2527.5700000000002,2455002,213012,2552.184201
2022-03-08 05:00:00+00:00,2525,2625,2513.4937,2542.0900000000001,2181650,158101,2556.4343709999998
2022-03-09 05:00:00+00:00,2625,2674.71,2598.0100000000002,2668.4000000000001,2085041,132419,2649.735862
2022-03-10 05:00:00+00:00,2625.3200000000002,2665.4349999999999,2618.25,2648.5900000000001,1482948,113024,2641.3371120000002
2022-03-11 05:00:00+00:00,2669.77,2675.9099999999999,2592.6300000000001,2597.4099999999999,1755650,115884,2619.140688
2022-03-14 04:00:00+00:00,2605,2608.1799999999998,2505.5,2519.02,2094234,169623,2536.3064850000001
2022-03-15 04:00:00+00:00,2539.52,2597.0900000000001,2514.4099999999999,2583.96,1784146,122174,2571.5843749999999
2022-03-16 04:00:00+00:00,2614.6599999999999,2666.6599999999999,2574.6900000000001,2665.6100000000001,2001270,131834,2646.4586469999999
2022-03-17 04:00:00+00:00,2662.98,2681.6080000000002,2643.6999999999998,2676.7800000000002,1551685,104282,2669.681818
2022-03-18 04:00:00+00:00,2668.4899999999998,2724.8800000000001,2645.165,2722.5100000000002,2818699,128134,2699.2846970000001
2022-03-21 04:00:00+00:00,2723.27,2741,2681.8449999999998,2722.0300000000002,1515353,110285,2717.817262
2022-03-22 04:00:00+00:00,2722.0300000000002,2821,2722.0300000000002,2797.3600000000001,1957720,126458,2791.8036550000002
2022-03-23 04:00:00+00:00,2774.0500000000002,2791.77,2756.6999999999998,2765.5100000000002,1427434,100975,2771.9653509999998
2022-03-24 04:00:00+00:00,2784,2832.375,2755.0100000000002,2831.4400000000001,1481836,92649,2814.2457829999998
2022-03-25 04:00:00+00:00,2838.3200000000002,2840.6999999999998,2794.75,2833.46,1325914,92877,2827.951462
2022-03-28 04:00:00+00:00,2818.0100000000002,2840.0500000000002,2796.2249999999999,2829.1100000000001,2226289,112890,2825.827432
2022-03-29 04:00:00+00:00,2852.9499999999998,2875.8699999999999,2840.7649999999999,2850.1100000000001,2009828,123695,2853.8848840000001
2022-03-30 04:00:00+00:00,2849.1999999999998,2854.4063000000001,2832,2838.77,1150932,83580,2841.3689460000001
2022-03-31 04:00:00+00:00,2841.0599999999999,2842.1550000000002,2780.4899999999998,2781.3499999999999,2255672,112938,2792.926727
2022-04-01 04:00:00+00:00,2790,2809.415,2766.1500000000001,2803.0100000000002,1418786,90728,2795.570471
2022-04-04 04:00:00+00:00,2807.1700000000001,2874.2399999999998,2806.21,2859.4299999999998,1470250,97493,2855.4082440000002
2022-04-05 04:00:00+00:00,2857.3800000000001,2859.8099999999999,2807.6500000000001,2811.8200000000002,1189588,95223,2821.8333469999998
2022-04-06 04:00:00+00:00,2775,2787.21,2710.3400000000001,2730.96,1797179,144794,2738.1190040000001
2022-04-07 04:00:00+00:00,2720.1999999999998,2743.29,2684.5479,2717.77,1413596,111354,2718.3584970000002
2022-04-08 04:00:00+00:00,2711.6700000000001,2713.4000000000001,2659.3099999999999,2665.75,1271917,106128,2680.442043
2022-04-11 04:00:00+00:00,2636.4699999999998,2641.8499999999999,2573.3699999999999,2576.4699999999998,1868846,170457,2595.2673799999998
2022-04-12 04:00:00+00:00,2632,2632,2535.7797,2554.29,1740461,152978,2573.6751720000002
2022-04-13 04:00:00+00:00,2560,2606.6799999999998,2554.8249999999998,2597.8800000000001,1533163,107361,2589.6828540000001
2022-04-14 04:00:00+00:00,2609.5900000000001,2609.5900000000001,2532.02,2534.5999999999999,1778866,138661,2555.394726
2022-04-18 04:00:00+00:00,2540,2564.25,2523.6399999999999,2553.5300000000002,1214317,100578,2549.9070830000001
2022-04-19 04:00:00+00:00,2553.8299999999999,2606.6599999999999,2539.9899999999998,2600.1799999999998,1504116,102796,2589.482555
2022-04-20 04:00:00+00:00,2617.8400000000001,2627.98,2550,2560.8000000000002,1736338,131901,2575.2557350000002
2022-04-21 04:00:00+00:00,2585,2601.9699999999998,2490.5300000000002,2496.29,1972920,188013,2521.3594360000002
2022-04-22 04:00:00+00:00,2500,2508.04,2378.5,2392.71,3058453,272906,2416.856839
2022-04-25 04:00:00+00:00,2382.02,2465.5500000000002,2370.2199999999998,2461.48,2503909,173775,2437.0828980000001
2022-04-26 04:00:00+00:00,2445.8899999999999,2450.1999999999998,2370.2199999999998,2373,3836295,293380,2391.0906340000001
2022-04-27 04:00:00+00:00,2289.3850000000002,2344.8400000000001,2254.7301000000002,2285.8899999999999,4674274,304176,2292.8010140000001
2022-04-28 04:00:00+00:00,2328.3000000000002,2392.9899999999998,2282.3000000000002,2370.4499999999998,2611955,162081,2345.0137420000001
2022-04-29 04:00:00+00:00,2334.6900000000001,2358.395,2276.29,2282.1900000000001,2450277,155888,2299.6253120000001
2022-05-02 04:00:00+00:00,2268.0999999999999,2334.9099999999999,2252,2331.6599999999999,1961799,139072,2308.7104300000001
2022-05-03 04:00:00+00:00,2328.6100000000001,2368.8362999999999,2320.6900000000001,2346.6799999999998,1356558,96305,2345.1404299999999
2022-05-04 04:00:00+00:00,2340.6300000000001,2457.0900000000001,2302.3200000000002,2445.2199999999998,2701020,142551,2397.8210650000001
2022-05-05 04:00:00+00:00,2404.0799999999999,2420.7800000000002,2300.1149999999998,2330.1100000000001,2511995,177904,2335.0260130000001
2022-05-06 04:00:00+00:00,2303.6900000000001,2351.4299999999998,2280.3099999999999,2314.9299999999998,2158070,140250,2317.1276790000002
2022-05-09 04:00:00+00:00,2265,2301.5418,2240.0101,2250.2199999999998,2070109,165710,2263.0687480000001
2022-05-10 04:00:00+00:00,2310.1500000000001,2325,2258.0100000000002,2287.9000000000001,2181961,137069,2295.0059369999999
2022-05-11 04:00:00+00:00,2264.73,2327.2882,2264.73,2272.0500000000002,2044490,128067,2282.0919060000001
2022-05-12 04:00:00+00:00,2227.5500000000002,2285.9000000000001,2196.4899999999998,2256.8800000000001,2875333,184671,2242.7662930000001
2022-05-13 04:00:00+00:00,2290.6599999999999,2357.5,2272.1001000000001,2321.0100000000002,1773397,121381,2318.3049550000001
2022-05-16 04:00:00+00:00,2299.1100000000001,2323.4000000000001,2277.79,2288.9000000000001,1431593,97076,2293.1198570000001
2022-05-17 04:00:00+00:00,2336.8099999999999,2338,2297.395,2329.46,1325321,85185,2325.2544720000001
2022-05-18 04:00:00+00:00,2300,2308,2231.1100000000001,2237.9899999999998,1774893,132776,2257.1535560000002
2022-05-19 04:00:00+00:00,2228.6300000000001,2260.1999999999998,2200,2207.6799999999998,1842973,123173,2221.8202980000001
2022-05-20 04:00:00+00:00,2239.02,2243.6700000000001,2115.9272000000001,2178.1599999999999,2502255,164399,2170.8907210000002
2022-05-23 04:00:00+00:00,2191.75,2242.9499999999998,2174.8200000000002,2229.7600000000002,1885236,121006,2217.3280989999998
2022-05-24 04:00:00+00:00,2115.4400000000001,2129.165,2037.6936000000001,2119.4000000000001,4032813,252380,2092.8004860000001
2022-05-25 04:00:00+00:00,2099.71,2130,2077.1300000000001,2116.0999999999999,2202982,126951,2109.454796
2022-05-26 04:00:00+00:00,2113.54,2172.9899999999998,2104.4971,2155.8499999999999,2102819,109718,2152.1834939999999
2022-05-27 04:00:00+00:00,2189.6599999999999,2246.3600000000001,2182.7649999999999,2246.3299999999999,2082865,115011,2233.9853229999999
2022-05-31 04:00:00+00:00,2254.9299999999998,2314.6999999999998,2241.5700000000002,2275.2399999999998,2534463,136460,2278.173092
2022-06-01 04:00:00+00:00,2297.0999999999999,2342.0311000000002,2265,2277.8400000000001,2005338,120999,2289.9865199999999
2022-06-02 04:00:00+00:00,2280,2357.9899999999998,2258.9299999999998,2352.4499999999998,2060236,121365,2328.2260809999998
2022-06-03 04:00:00+00:00,2321.25,2326.4324999999999,2270.3699999999999,2290.8200000000002,1463462,103781,2292.0020209999998
2022-06-06 04:00:00+00:00,2334.0900000000001,2386.9400000000001,2323.2800000000002,2336.4099999999999,1779471,111034,2346.3950199999999
2022-06-07 04:00:00+00:00,2309.6100000000001,2353.8200000000002,2301.04,2342.9899999999998,1739060,85093,2337.0116520000001
2022-06-08 04:00:00+00:00,2335.23,2371.4099999999999,2332,2343.8800000000001,1405103,87025,2347.7600659999998
2022-06-09 04:00:00+00:00,2326.5500000000002,2365.9798999999998,2295.52,2296.71,1431061,89497,2320.7531389999999
2022-06-10 04:00:00+00:00,2248.9000000000001,2265.5799999999999,2207.3224,2223.23,2266208,141620,2228.332578
2022-06-13 04:00:00+00:00,2135.73,2175.8299999999999,2122.3836000000001,2127.8499999999999,2616396,153911,2139.1405669999999
2022-06-14 04:00:00+00:00,2130.6999999999998,2158.4899999999998,2116,2134.3099999999999,1894667,108264,2134.6045239999999
2022-06-15 04:00:00+00:00,2170.9000000000001,2228.4699999999998,2153.3899999999999,2195.29,2224055,115593,2188.8493859999999
2022-06-16 04:00:00+00:00,2144.4200000000001,2172.9699999999998,2102.7601,2120.6700000000001,2854615,137128,2127.8261969999999
2022-06-17 04:00:00+00:00,2120.6700000000001,2173.9899,2100.9200000000001,2142.8699999999999,3208161,111718,2136.0263380000001
2022-06-21 04:00:00+00:00,2178.5900000000001,2249.7849999999999,2172,2230.8800000000001,2624250,124398,2228.9585189999998
2022-06-22 04:00:00+00:00,2211.1300000000001,2266.9299999999998,2207.6475,2229.75,1755628,95407,2235.8586959999998
2022-06-23 04:00:00+00:00,2244.6300000000001,2254.8499999999999,2210.0100000000002,2244.8400000000001,1551876,90933,2238.812328
2022-06-24 04:00:00+00:00,2259.9000000000001,2361.5799999999999,2259.0500000000002,2359.5,2071736,112896,2335.7110429999998
2022-06-27 04:00:00+00:00,2365.46,2371.5900000000001,2303.5936999999999,2316.6700000000001,2039015,112189,2329.858209
2022-06-28 04:00:00+00:00,2316.0500000000002,2346.1900000000001,2236.96,2240.1500000000001,1968668,115105,2263.9543130000002
2022-06-29 04:00:00+00:00,2231.04,2263.2049999999999,2217.4501,2234.0300000000002,1361585,85971,2233.8297320000001
2022-06-30 04:00:00+00:00,2200,2217.7600000000002,2135,2179.2600000000002,2435618,133469,2179.6178450000002
2022-07-01 04:00:00+00:00,2158.6599999999999,2185,2134.6100000000001,2174.75,1924597,116246,2163.1143339999999
2022-07-05 04:00:00+00:00,2142.0100000000002,2267.5349999999999,2114.6300000000001,2265.2600000000002,2115568,129954,2213.1679170000002
2022-07-06 04:00:00+00:00,2266.04,2311.79,2229.52,2291.4400000000001,1993045,99335,2278.9633180000001
2022-07-07 04:00:00+00:00,2301.5999999999999,2383.79,2296.6700000000001,2375.6599999999999,2218437,118492,2356.0468430000001
2022-07-08 04:00:00+00:00,2345,2393.6999999999998,2338.0250000000001,2387.0700000000002,2025476,103783,2376.674309
2022-07-11 04:00:00+00:00,2359.96,2359.96,2306.6100000000001,2313.5300000000002,1854399,98183,2319.9723450000001
2022-07-12 04:00:00+00:00,2324.3000000000002,2339.48,2273.8044,2280.4099999999999,1704048,89350,2293.2144779999999
2022-07-13 04:00:00+00:00,2234.02,2283.9200000000001,2224.0300000000002,2227.0700000000002,2338498,131372,2239.1496149999998
2022-07-14 04:00:00+00:00,2204.21,2221.8600000000001,2167.46,2207.3499999999999,1994385,118350,2201.12354
2022-07-15 04:00:00+00:00,2240.0100000000002,2262.8099999999999,2218,2235.5500000000002,2589828,120998,2235.9742670000001
2022-07-18 04:00:00+00:00,112.64,113.68000000000001,108.37,109.03,45530489,678035,110.785436
2022-07-19 04:00:00+00:00,110.84999999999999,114.02,109.56,113.81,40561101,478360,112.57273000000001
2022-07-20 04:00:00+00:00,113.17,115.40000000000001,112.48,113.90000000000001,39073905,378848,113.963573
2022-07-21 04:00:00+00:00,114.28,114.55,111.11320000000001,114.34,35415773,371494,113.538329
2022-07-22 04:00:00+00:00,111,112.34,106.5,107.90000000000001,52348396,615120,108.810846
2022-07-25 04:00:00+00:00,108.41,109.87,106.3,107.51000000000001,38211786,411741,107.607513
2022-07-26 04:00:00+00:00,106.59999999999999,107.2,104.06999999999999,105.02,52104580,544020,105.261833
2022-07-27 04:00:00+00:00,109.26000000000001,113.91,108.01000000000001,113.06,66041688,568124,111.92466
2022-07-28 04:00:00+00:00,112.37,114.34,111.45999999999999,114.22,35736478,349207,113.322008
2022-07-29 04:00:00+00:00,113.08,116.705,113.06,116.31999999999999,42702765,373803,115.473191
2022-08-01 04:00:00+00:00,115.3,116.72,114.34,114.86,28698154,345633,115.335899
2022-08-02 04:00:00+00:00,114,116.34999999999999,113.72,115.13,22688117,263483,115.019971
2022-08-03 04:00:00+00:00,115.70999999999999,118.62,115.48,118.08,31681174,333599,117.852694
2022-08-04 04:00:00+00:00,117.48,118.78,116.89,118.19,23437698,300944,117.90790200000001
2022-08-05 04:00:00+00:00,116.23,118.1056,116,117.47,21924551,259315,117.199696
2022-08-08 04:00:00+00:00,118.39,120.15000000000001,116.88,117.3,20927140,251028,118.137715
2022-08-09 04:00:00+00:00,117.13500000000001,117.31999999999999,115.70999999999999,116.63,21967897,237998,116.599537
2022-08-10 04:00:00+00:00,118.78,120.92,118.41,119.7,35077853,293280,119.672624
2022-08-11 04:00:00+00:00,121.28,121.48999999999999,118.56,118.84,27805422,266115,119.66093600000001
2022-08-12 04:00:00+00:00,120.26000000000001,121.68000000000001,119.45999999999999,121.68000000000001,22129814,218131,120.96153
2022-08-15 04:00:00+00:00,121.13,122.3,120.61,122.08,21607528,252579,121.733999
2022-08-16 04:00:00+00:00,121.52,122.43000000000001,120.64,121.7,20858130,261087,121.61926699999999
2022-08-17 04:00:00+00:00,120.12,121.29000000000001,119.38,119.55,25183861,300843,119.96980600000001
2022-08-18 04:00:00+00:00,119.43000000000001,120.81999999999999,118.72,120.17,19884574,233289,120.06232799999999
2022-08-19 04:00:00+00:00,119.06,119.15000000000001,116.76000000000001,117.20999999999999,25301411,258479,117.712431
2022-08-22 04:00:00+00:00,115.2,115.63,113.84999999999999,114.23999999999999,24027670,293683,114.46941
2022-08-23 04:00:00+00:00,113.47499999999999,115.01000000000001,113.43000000000001,113.86,17428811,216804,114.087587
2022-08-24 04:00:00+00:00,113.5,114.78,112.87009999999999,113.69,20366310,207873,113.854168
2022-08-25 04:00:00+00:00,114.235,116.72,114.11,116.65000000000001,19294089,222759,115.847827
2022-08-26 04:00:00+00:00,114.72,115.12,110.19,110.34,41924173,468184,111.67808100000001
2022-08-29 04:00:00+00:00,109.98999999999999,110.95,108.8,109.42,23672071,330867,109.786008
2022-08-30 04:00:00+00:00,110.17,110.5,107.8,108.94,29524230,313546,108.885209
2022-08-31 04:00:00+00:00,110.65000000000001,110.84999999999999,108.13,108.22,34146633,288907,108.951413
2022-09-01 04:00:00+00:00,108.28,110.44499999999999,107.36,109.73999999999999,30742133,365920,108.890576
2022-09-02 04:00:00+00:00,110.59,110.73999999999999,107.26000000000001,107.84999999999999,27113086,303379,108.788439
2022-09-06 04:00:00+00:00,107.3,108.03,105.78,106.81,28307028,313089,106.83199
2022-09-07 04:00:00+00:00,107.06,109.98,106.90000000000001,109.45,25753761,263511,108.75120800000001
2022-09-08 04:00:00+00:00,108.04000000000001,109.59999999999999,107.16,108.38,28509231,247540,108.337317
2022-09-09 04:00:00+00:00,109.065,110.98999999999999,109.02,110.65000000000001,25659493,264710,110.339252
2022-09-12 04:00:00+00:00,110.98999999999999,111.62,109.93000000000001,110.86,25972454,261375,110.77631
2022-09-13 04:00:00+00:00,107.8,108.3,104.09,104.31999999999999,43583934,488488,105.27989700000001
2022-09-14 04:00:00+00:00,104.56999999999999,105.27500000000001,103.66,105,28934935,328302,104.60606799999999
2022-09-15 04:00:00+00:00,104.03,105.27,102.34999999999999,102.91,37244013,397704,103.32691199999999
2022-09-16 04:00:00+00:00,102.06999999999999,103.13,100.94,102.8,53203465,384084,102.34121399999999
2022-09-19 04:00:00+00:00,101.75,103.33,101.55,103.06999999999999,25775773,259500,102.485423
2022-09-20 04:00:00+00:00,102.08,102.37,100.52,101.14,28875139,300992,101.433948
2022-09-21 04:00:00+00:00,101.67,102.88,99.269999999999996,99.280000000000001,34306607,379423,100.690189
2022-09-22 04:00:00+00:00,98.819999999999993,101.23999999999999,98.790000000000006,100.14,37262344,374683,100.132299
2022-09-23 04:00:00+00:00,99.629999999999995,99.659999999999997,97.469999999999999,98.739999999999995,34662361,403540,98.570465999999996
2022-09-26 04:00:00+00:00,98.099999999999994,99.879999999999995,97.799999999999997,98.170000000000002,30488406,318496,98.526765999999995
2022-09-27 04:00:00+00:00,99.430000000000007,100,96.872,97.5,33881999,328001,97.986238999999998
2022-09-28 04:00:00+00:00,97.650000000000006,100.7,97.109999999999999,100.05,38450481,333327,99.346593999999996
2022-09-29 04:00:00+00:00,98.640000000000001,98.640000000000001,95.959999999999994,97.420000000000002,34465626,348603,97.003108999999995
2022-09-30 04:00:00+00:00,97.049999999999997,98.900000000000006,95.560000000000002,95.650000000000006,38658253,325832,96.547156000000001
2022-10-03 04:00:00+00:00,96.760000000000005,99.287199999999999,96.521000000000001,98.640000000000001,32307159,274704,98.274655999999993
2022-10-04 04:00:00+00:00,100.44,101.84,100.38,101.64,32218531,278340,101.358835
2022-10-05 04:00:00+00:00,99.825000000000003,101.93000000000001,98.799999999999997,101.43000000000001,24336444,253216,100.499565
2022-10-06 04:00:00+00:00,100.68000000000001,102.9254,100.59,101.42,24177386,228876,101.62815500000001
2022-10-07 04:00:00+00:00,99.849999999999994,100.53,98.295000000000002,98.680000000000007,32496297,267628,98.968819999999994
2022-10-10 04:00:00+00:00,99,99.094999999999999,97.010000000000005,97.859999999999999,20487247,200136,97.976698999999996
2022-10-11 04:00:00+00:00,97.430000000000007,99.245000000000005,96.310000000000002,97.180000000000007,29442497,287231,97.576048
2022-10-12 04:00:00+00:00,97.299999999999997,98.75,96.734999999999999,97.560000000000002,24937257,232394,97.706879999999998
2022-10-13 04:00:00+00:00,95.150000000000006,99.775000000000006,94.383600000000001,99.060000000000002,37849768,400539,97.755635999999996
2022-10-14 04:00:00+00:00,99.989999999999995,100.69,96.370000000000005,96.560000000000002,28861890,291245,97.351237999999995
2022-10-17 04:00:00+00:00,98.859999999999999,100.93000000000001,98.829999999999998,99.969999999999999,32761327,288546,100.080005
2022-10-18 04:00:00+00:00,103.13,103.47,99.969999999999999,100.77,26130751,271622,101.12062400000001
2022-10-19 04:00:00+00:00,100.01000000000001,101.0183,98.920100000000005,99.629999999999995,26204858,244221,99.852249
2022-10-20 04:00:00+00:00,100,102.31999999999999,99.390000000000001,99.969999999999999,28117694,265650,100.489323
2022-10-21 04:00:00+00:00,97.844999999999999,101.31,97.719999999999999,101.13,37418728,313019,99.768372999999997
2022-10-24 04:00:00+00:00,101.8,102.75,99.980000000000004,102.52,29933357,291029,101.844313
2022-10-25 04:00:00+00:00,102.90000000000001,104.81999999999999,102.72,104.48,46101180,413282,104.03216
2022-10-26 04:00:00+00:00,96.430000000000007,98.310000000000002,94.689999999999998,94.930000000000007,93306018,933185,96.187893000000003
2022-10-27 04:00:00+00:00,94.519999999999996,95.430000000000007,91.799999999999997,92.219999999999999,65293489,717134,92.938367999999997
2022-10-28 04:00:00+00:00,92.269999999999996,96.549999999999997,92.129999999999995,96.290000000000006,49168952,415345,94.934070000000006
2022-10-31 04:00:00+00:00,95.420000000000002,96.030000000000001,93.980000000000004,94.510000000000005,36927327,295358,94.62276
2022-11-01 04:00:00+00:00,95.450000000000003,96.030000000000001,90.370000000000005,90.469999999999999,50342604,542650,91.802126999999999
2022-11-02 04:00:00+00:00,90.939999999999998,91.180000000000007,86.879999999999995,86.969999999999999,60971703,663507,88.992813999999996
2022-11-03 04:00:00+00:00,86.319999999999993,86.519999999999996,83.340000000000003,83.430000000000007,64839550,639476,84.669032999999999
2022-11-04 04:00:00+00:00,85.400000000000006,86.640000000000001,83.709999999999994,86.579999999999998,54747505,487917,85.584280000000007
2022-11-07 05:00:00+00:00,87.280000000000001,88.900000000000006,86.849999999999994,88.489999999999995,38945483,325275,88.068625999999995
2022-11-08 05:00:00+00:00,88.900000000000006,90.319999999999993,87.590100000000007,88.900000000000006,34712694,308864,89.007107000000005
2022-11-09 05:00:00+00:00,88.450000000000003,89.435000000000002,87.280000000000001,87.319999999999993,35327874,281864,87.999888999999996
2022-11-10 05:00:00+00:00,92.25,94.390000000000001,91.609999999999999,93.939999999999998,59468617,482707,93.550863000000007
2022-11-11 05:00:00+00:00,94.689999999999998,96.930000000000007,93.920000000000002,96.409999999999997,37113097,341149,96.037452000000002
2022-11-14 05:00:00+00:00,95.090000000000003,96.790000000000006,94.510000000000005,95.700000000000003,35119328,302635,95.661623000000006
2022-11-15 05:00:00+00:00,98.260000000000005,100.14,96.709999999999994,98.439999999999998,46355708,422008,98.481211999999999
2022-11-16 05:00:00+00:00,97.900000000000006,99.637500000000003,97.640000000000001,98.849999999999994,32667879,265832,98.737722000000005
2022-11-17 05:00:00+00:00,96.969999999999999,99.280000000000001,96.790000000000006,98.359999999999999,29162490,257555,98.026493000000002
2022-11-18 05:00:00+00:00,98.769999999999996,98.900000000000006,96.370000000000005,97.430000000000007,33187095,241224,97.564707999999996
2022-11-21 05:00:00+00:00,97.290000000000006,98.400000000000006,95.355000000000004,95.599999999999994,25143036,224987,96.160146999999995
2022-11-22 05:00:00+00:00,95.950000000000003,97.219999999999999,94.049999999999997,97.049999999999997,27257606,214501,96.285471000000001
2022-11-23 05:00:00+00:00,97.090000000000003,98.760000000000005,97.090000000000003,98.459999999999994,21285403,197953,98.113268000000005
2022-11-25 05:00:00+00:00,98.239999999999995,98.640000000000001,97.400000000000006,97.459999999999994,11161000,106900,97.733677999999998
2022-11-28 05:00:00+00:00,97.036299999999997,97.579999999999998,95.609999999999999,96.049999999999997,31644543,211330,96.187357000000006
2022-11-29 05:00:00+00:00,95.730000000000004,96.120000000000005,94.109999999999999,95.189999999999998,22388911,203989,95.195510999999996
2022-11-30 05:00:00+00:00,94.819999999999993,101.04000000000001,94.420000000000002,100.98999999999999,52540207,328426,99.374232000000006
2022-12-01 05:00:00+00:00,101.02,102.25,100.25,100.98999999999999,35110988,267587,101.084524
2022-12-02 05:00:00+00:00,99.049999999999997,100.77,98.900000000000006,100.44,23884698,218440,99.953333000000001
2022-12-05 05:00:00+00:00,99.400000000000006,101.38,99,99.480000000000004,27457664,243341,99.954673
2022-12-06 05:00:00+00:00,99.299999999999997,99.780000000000001,96.420000000000002,96.980000000000004,28230476,254685,97.341305000000006
2022-12-07 05:00:00+00:00,96.409999999999997,96.881100000000004,94.715000000000003,94.939999999999998,36576012,287449,95.287313999999995
2022-12-08 05:00:00+00:00,95.379999999999995,95.579999999999998,93.450000000000003,93.709999999999994,35359625,304529,94.059374000000005
2022-12-09 05:00:00+00:00,93.769999999999996,94.260000000000005,92.75,92.829999999999998,31756579,283077,93.397622999999996
2022-12-12 05:00:00+00:00,92.709999999999994,93.560000000000002,91.609999999999999,93.310000000000002,33297446,267699,92.728378000000006
2022-12-13 05:00:00+00:00,97.760000000000005,99.530000000000001,95.030000000000001,95.629999999999995,45140016,397505,96.730040000000002
2022-12-14 05:00:00+00:00,95.200000000000003,96.870000000000005,93.599999999999994,95.069999999999993,31890889,317102,95.378191999999999
2022-12-15 05:00:00+00:00,93.129999999999995,93.640000000000001,90.010000000000005,90.859999999999999,45143250,357422,91.082823000000005
2022-12-16 05:00:00+00:00,90.760000000000005,91.329999999999998,89.519999999999996,90.260000000000005,84144765,301650,90.332475000000002
2022-12-19 05:00:00+00:00,90.254999999999995,90.560000000000002,88.209999999999994,88.439999999999998,33146650,280952,89.004225000000005
2022-12-20 05:00:00+00:00,88.109999999999999,89.174999999999997,87.440100000000001,89.019999999999996,26190325,231712,88.646974999999998
2022-12-21 05:00:00+00:00,89.079999999999998,90.219999999999999,88.319999999999993,89.579999999999998,29682843,220552,89.534351999999998
2022-12-22 05:00:00+00:00,88.159999999999997,88.540000000000006,86.319999999999993,87.760000000000005,31634643,296136,87.440123999999997
2022-12-23 05:00:00+00:00,87.109999999999999,89.545000000000002,87.069999999999993,89.230000000000004,25222960,251561,88.886273000000003
2022-12-27 05:00:00+00:00,88.795000000000002,88.939999999999998,87.010000000000005,87.390000000000001,22456258,216648,87.63973
2022-12-28 05:00:00+00:00,86.980000000000004,88.040000000000006,85.939999999999998,86.019999999999996,21565497,210223,86.461613999999997
2022-12-29 05:00:00+00:00,86.620000000000005,88.844999999999999,86.609999999999999,88.450000000000003,26836109,207483,88.263468000000003
2022-12-30 05:00:00+00:00,86.980000000000004,88.299999999999997,86.569999999999993,88.230000000000004,28023292,220154,87.648589000000001
2023-01-03 05:00:00+00:00,89.584999999999994,91.049999999999997,88.519999999999996,89.120000000000005,33269171,282706,89.298494000000005
2023-01-04 05:00:00+00:00,90.349999999999994,90.650000000000006,87.271000000000001,88.079999999999998,39823023,367153,88.230187999999998
2023-01-05 05:00:00+00:00,87.469999999999999,87.569999999999993,85.900000000000006,86.200000000000003,31635307,279560,86.503201000000004
2023-01-06 05:00:00+00:00,86.790000000000006,87.689999999999998,84.859999999999999,87.340000000000003,46119929,400098,86.565663999999998
2023-01-09 05:00:00+00:00,88.359999999999999,90.049999999999997,87.859999999999999,88.019999999999996,32452249,296274,88.851737999999997
2023-01-10 05:00:00+00:00,85.980000000000004,88.670000000000002,85.829999999999998,88.420000000000002,34301160,301847,87.846379999999996
2023-01-11 05:00:00+00:00,89.180000000000007,91.599999999999994,89.010000000000005,91.519999999999996,30560593,258613,90.749260000000007
2023-01-12 05:00:00+00:00,91.480000000000004,91.870000000000005,89.75,91.129999999999995,33012280,299403,91.146739999999994
2023-01-13 05:00:00+00:00,90.849999999999994,92.189999999999998,90.129900000000006,92.120000000000005,29632844,239838,91.478605000000002
2023-01-17 05:00:00+00:00,92.060000000000002,92.25,90.049999999999997,91.290000000000006,37203557,293468,91.231891000000005
2023-01-18 05:00:00+00:00,92.140000000000001,92.799899999999994,90.640000000000001,91.120000000000005,32654449,273968,91.445794000000006
2023-01-19 05:00:00+00:00,90.719999999999999,93.605000000000004,90.629999999999995,93.049999999999997,40555189,317149,92.655696000000006
2023-01-20 05:00:00+00:00,95.099999999999994,98.299999999999997,95.019999999999996,98.019999999999996,70017168,526543,97.092606000000004
2023-01-23 05:00:00+00:00,97.950000000000003,100.04000000000001,97.5,99.790000000000006,43386638,382645,99.349359000000007
2023-01-24 05:00:00+00:00,98.099999999999994,99.609999999999999,97.200000000000003,97.700000000000003,35872983,331018,98.251609000000002
2023-01-25 05:00:00+00:00,95.569999999999993,96.162000000000006,93.760000000000005,95.219999999999999,45502512,390833,94.778588999999997
2023-01-26 05:00:00+00:00,96.5,97.569999999999993,95.379999999999995,97.519999999999996,33009603,274676,96.898629999999997
2023-01-27 05:00:00+00:00,97.310000000000002,100.31999999999999,97.310000000000002,99.370000000000005,37084693,300230,99.235757000000007
2023-01-30 05:00:00+00:00,97.480000000000004,98.290000000000006,96.394999999999996,96.939999999999998,30070709,253146,97.183760000000007
2023-01-31 05:00:00+00:00,96.870000000000005,98.879999999999995,96.819999999999993,98.840000000000003,34905143,227704,98.242728999999997
2023-02-01 05:00:00+00:00,98.709999999999994,101.19,97.579999999999998,100.43000000000001,38935955,358771,99.321917999999997
2023-02-02 05:00:00+00:00,105.8,107.84999999999999,105.61,107.73999999999999,70957859,711995,106.84119
2023-02-03 05:00:00+00:00,102.93000000000001,107.81,102.58,104.78,68909400,648519,105.263887
2023-02-06 05:00:00+00:00,102.40000000000001,104.36,101.88,102.90000000000001,34999236,335527,102.984748
2023-02-07 05:00:00+00:00,103.22,108.18000000000001,103.12,107.64,53112133,468456,105.799967
2023-02-08 05:00:00+00:00,102.05,103.14,98.034999999999997,99.370000000000005,100117678,968445,99.775361000000004
2023-02-09 05:00:00+00:00,100,100.03,93.629999999999995,95.010000000000005,123637886,1198483,95.224228999999994
2023-02-10 05:00:00+00:00,95.450000000000003,96.75,94.25,94.569999999999993,58977388,530830,95.013289
2023-02-13 05:00:00+00:00,94.739999999999995,95.200000000000003,93.840000000000003,94.609999999999999,54895997,429950,94.500618000000003
2023-02-14 05:00:00+00:00,94.430000000000007,94.844999999999999,92.260000000000005,94.680000000000007,58063956,543056,93.817744000000005
2023-02-15 05:00:00+00:00,94.489999999999995,97.120000000000005,94.150000000000006,96.939999999999998,53831053,449020,96.085784000000004
2023-02-16 05:00:00+00:00,95.370000000000005,97.680000000000007,94.739999999999995,95.510000000000005,46279209,375962,96.257194999999996
2023-02-17 05:00:00+00:00,94.849999999999994,95.559899999999999,93.209999999999994,94.349999999999994,38612654,320407,94.143013999999994
2023-02-21 05:00:00+00:00,93,93.099999999999994,91.719999999999999,91.790000000000006,37656607,333168,92.167619000000002
2023-02-22 05:00:00+00:00,91.700000000000003,92.109999999999999,90.609999999999999,91.650000000000006,35422239,279860,91.620301999999995
2023-02-23 05:00:00+00:00,91.920000000000002,91.939999999999998,89.760000000000005,90.890000000000001,44335479,401389,90.721221
2023-02-24 05:00:00+00:00,89.439999999999998,89.890000000000001,88.575000000000003,89.129999999999995,40718307,386135,89.080410000000001
2023-02-27 05:00:00+00:00,89.870000000000005,90.159999999999997,89.334999999999994,89.870000000000005,29236836,266807,89.770613999999995
2023-02-28 05:00:00+00:00,89.329999999999998,91.230000000000004,89.319999999999993,90.060000000000002,34135416,274404,90.310676999999998
2023-03-01 05:00:00+00:00,89.980000000000004,91.030000000000001,89.670000000000002,90.359999999999999,34280313,286691,90.341092000000003
2023-03-02 05:00:00+00:00,89.659999999999997,92.275000000000006,89.590000000000003,92,35075975,296254,91.074134000000001
2023-03-03 05:00:00+00:00,92.480000000000004,93.730000000000004,92.450000000000003,93.650000000000006,38493995,344524,93.387191999999999
2023-03-06 05:00:00+00:00,94.015000000000001,95.969999999999999,94,95.129999999999995,35170260,334567,95.184336999999999
2023-03-07 05:00:00+00:00,94.980000000000004,95.670000000000002,93.530000000000001,93.859999999999999,30430742,304384,94.280932000000007
2023-03-08 05:00:00+00:00,94.120000000000005,95.954999999999998,94,94.25,38008908,328386,94.714431000000005
2023-03-09 05:00:00+00:00,94.049999999999997,95.530000000000001,91.900000000000006,92.319999999999993,31957969,315320,93.509130999999996
2023-03-10 05:00:00+00:00,92.170000000000002,92.790000000000006,90.394999999999996,90.629999999999995,40219287,381136,91.234768000000003
2023-03-13 04:00:00+00:00,90.090000000000003,92.569999999999993,89.420000000000002,91.109999999999999,40408922,406889,91.468252000000007
2023-03-14 04:00:00+00:00,92.560000000000002,94.359999999999999,92.439999999999998,93.969999999999999,41590252,346289,93.638940000000005
2023-03-15 04:00:00+00:00,93.219999999999999,96.930000000000007,92.640000000000001,96.109999999999999,57566055,479955,95.418689999999998
2023-03-16 04:00:00+00:00,96.200000000000003,101.19,95.5,100.31999999999999,71025070,651148,99.644737000000006
2023-03-17 04:00:00+00:00,100.26000000000001,102.83499999999999,100.09999999999999,101.62,76164772,498717,101.364217
2023-03-20 04:00:00+00:00,100.12,101.75,99.870000000000005,101.22,36376708,356273,100.966002
2023-03-21 04:00:00+00:00,101.25,105.09999999999999,101.22,104.92,46137322,417686,103.947069
2023-03-22 04:00:00+00:00,104.27,106.59,103.33,103.37,46139412,475123,104.864389
2023-03-23 04:00:00+00:00,105.06,106.3,104.45999999999999,105.59999999999999,45379561,428991,105.6118
2023-03-24 04:00:00+00:00,104.98999999999999,105.48999999999999,103.84,105.44,33699053,317495,104.992468
2023-03-27 04:00:00+00:00,104.61499999999999,104.76000000000001,101.9273,102.45999999999999,34704040,338740,103.04333099999999
2023-03-28 04:00:00+00:00,102.44,102.45,99.739999999999995,101.03,34317028,315233,100.636295
2023-03-29 04:00:00+00:00,102.28,102.48999999999999,100.65000000000001,101.39,32341075,303382,101.41167
2023-03-30 04:00:00+00:00,100.91,101.155,99.780000000000001,100.89,36048319,307215,100.57701
2023-03-31 04:00:00+00:00,101.3,103.89,101.04000000000001,103.73,36659808,318567,102.95770400000001
2023-04-03 04:00:00+00:00,102.39,104.53,101.93000000000001,104.36,27826987,276479,103.595508
2023-04-04 04:00:00+00:00,104.33,105.58,104.04000000000001,104.72,27560354,264484,104.76661799999999
2023-04-05 04:00:00+00:00,105.78,106.09999999999999,103.66,104.47,31132245,304593,104.458493
2023-04-06 04:00:00+00:00,105.26000000000001,109.17,104.33,108.42,53120101,438105,107.44592299999999
2023-04-10 04:00:00+00:00,106.98,107.59,105.12,106.44,29643222,284369,106.26658500000001
2023-04-11 04:00:00+00:00,106.55,106.73,104.68000000000001,105.34999999999999,26622854,283286,105.515321
2023-04-12 04:00:00+00:00,106.58,106.75,104.34,104.64,26706490,278818,105.098812
2023-04-13 04:00:00+00:00,105.84,107.48999999999999,105.84,107.43000000000001,27822101,259083,107.00467500000001
2023-04-14 04:00:00+00:00,106.89,108.94,106.84,108.87,29813305,274281,108.21045599999999
2023-04-17 04:00:00+00:00,104.658,106.16,104.52,105.97,38098196,412780,105.38766
2023-04-18 04:00:00+00:00,106.48999999999999,106.54000000000001,104.06999999999999,104.5,29156034,287813,104.998546
2023-04-19 04:00:00+00:00,103.58,104.98,103.06999999999999,104.18000000000001,23073554,231471,104.13259600000001
2023-04-20 04:00:00+00:00,103.91,106.25,103.86839999999999,105.29000000000001,31106249,292018,105.155625
2023-04-21 04:00:00+00:00,105.47,106,104.78,105.41,29202317,268468,105.356103
2023-04-24 04:00:00+00:00,105.48999999999999,106.63,104.7,105.97,23799705,257296,105.88180199999999
2023-04-25 04:00:00+00:00,105.825,106.69,103.84,103.84999999999999,50489943,451668,104.874556
2023-04-26 04:00:00+00:00,104.92,106.34999999999999,102.63,103.70999999999999,57147021,512844,104.298699
2023-04-27 04:00:00+00:00,104.45,108.37,103.54000000000001,107.59,55453299,454465,107.14007100000001
2023-04-28 04:00:00+00:00,107.04000000000001,107.34999999999999,105.09,107.34,40213583,331821,106.714626
2023-05-01 04:00:00+00:00,106.84,107.98999999999999,106.81999999999999,107.2,29803327,275016,107.305235
2023-05-02 04:00:00+00:00,107.14,107.2,103.70999999999999,105.31999999999999,34907400,291370,105.270747
2023-05-03 04:00:00+00:00,105.53,107.48999999999999,104.95999999999999,105.41,23985874,263706,105.870136
2023-05-04 04:00:00+00:00,105.485,105.59999999999999,103.97,104.69,25775263,270374,104.80556900000001
2023-05-05 04:00:00+00:00,104.81999999999999,105.88,104.11,105.56999999999999,29847196,262649,105.17188899999999
2023-05-08 04:00:00+00:00,105.18000000000001,107.95999999999999,105.16,107.77,26511445,274831,107.118315
2023-05-09 04:00:00+00:00,108.39,110.15000000000001,107.19,107.34999999999999,39262774,380335,108.396598
2023-05-10 04:00:00+00:00,107.97,112.94,107.93000000000001,111.75,67723030,644821,110.769188
2023-05-11 04:00:00+00:00,115.395,117.92,114.41,116.56999999999999,83049670,820243,116.75956499999999
2023-05-12 04:00:00+00:00,116.68000000000001,118.03,116.11,117.51000000000001,44616085,448862,117.09345999999999
2023-05-15 04:00:00+00:00,116.11,118.48,116.01000000000001,116.51000000000001,38701669,394412,116.98958500000001
2023-05-16 04:00:00+00:00,116.48999999999999,120.75,116.43000000000001,119.51000000000001,47617157,439547,119.333163
2023-05-17 04:00:00+00:00,119.61,121.67,118.89,120.84,33723554,316016,120.310299
2023-05-18 04:00:00+00:00,120.95,123.31,120.83,122.83,39309818,345267,122.394358
2023-05-19 04:00:00+00:00,123.55,125.97,122.15000000000001,122.76000000000001,45250541,396712,123.332723
2023-05-22 04:00:00+00:00,122.94,126.43000000000001,122.73999999999999,125.05,38082347,343445,125.200926
2023-05-23 04:00:00+00:00,124.16,124.625,122.21040000000001,122.56,34528502,354070,123.335848
2023-05-24 04:00:00+00:00,121.12,121.91,119.86,120.90000000000001,38059967,367785,120.812331
2023-05-25 04:00:00+00:00,124.52,125.31999999999999,121.95999999999999,123.48,45944113,426171,123.627168
2023-05-26 04:00:00+00:00,123.17,125.26000000000001,122.45,124.61,39732055,345260,124.463982
2023-05-30 04:00:00+00:00,125.64,125.66,122,123.67,38251775,407501,123.572852
2023-05-31 04:00:00+00:00,122.75,124.06010000000001,122.5,122.87,37724404,302030,123.048613
2023-06-01 04:00:00+00:00,122.815,124.42,122.62,123.72,34779209,319581,123.424751
2023-06-02 04:00:00+00:00,123.98999999999999,126.15000000000001,123.76000000000001,124.67,35480359,369390,124.8248
2023-06-05 04:00:00+00:00,124.01000000000001,127.43000000000001,123.84,126.01000000000001,32311884,324436,126.281064
2023-06-06 04:00:00+00:00,126.01000000000001,128.28999999999999,125.36,127.31,26639609,287193,127.240917
2023-06-07 04:00:00+00:00,126.97,129.03999999999999,122.12,122.5,52543561,450418,123.707701
2023-06-08 04:00:00+00:00,122.22499999999999,123.22499999999999,121.23999999999999,122.14,29394419,318971,122.243819
2023-06-09 04:00:00+00:00,122.25,123.755,121.91,122.23,23777373,269505,122.68566
2023-06-12 04:00:00+00:00,122.785,124.05,121.66,123.64,32420659,291007,123.061009
2023-06-13 04:00:00+00:00,124.98,125.16,123.18000000000001,123.83,22279562,263535,123.99668800000001
2023-06-14 04:00:00+00:00,123.09999999999999,124.05,121.45,123.67,30584062,338094,123.177325
2023-06-15 04:00:00+00:00,123.14,125.45999999999999,122.40000000000001,125.09,35237932,329785,124.34957799999999
2023-06-16 04:00:00+00:00,125.93000000000001,126.108,123.28,123.53,45534669,290619,124.35760000000001
2023-06-20 04:00:00+00:00,122.93000000000001,124.56999999999999,122.14,123.09999999999999,26107183,283645,123.113607
2023-06-21 04:00:00+00:00,122.40000000000001,122.66,120.09999999999999,120.55,30310276,306252,120.865188
2023-06-22 04:00:00+00:00,120,123.23999999999999,118.83,123.15000000000001,26960997,309824,121.47331800000001
2023-06-23 04:00:00+00:00,121.38,122.78789999999999,121.06,122.34,35806914,267330,122.17675800000001
2023-06-26 04:00:00+00:00,120.76000000000001,122,118.265,118.34,33999676,351159,119.5226
2023-06-27 04:00:00+00:00,117.08,119.08,116.09999999999999,118.33,39545130,404357,117.810924
2023-06-28 04:00:00+00:00,117.09,120.39,116.84999999999999,120.18000000000001,27094454,310003,119.40496899999999
2023-06-29 04:00:00+00:00,119.23999999999999,120.06,118.295,119.09999999999999,24090902,266677,119.044562
2023-06-30 04:00:00+00:00,120.17,121.08,119.7,119.7,28614491,282365,120.205765
2023-07-03 04:00:00+00:00,119.23999999999999,120.19,118.8182,119.90000000000001,14407579,210071,119.502358
2023-07-05 04:00:00+00:00,119.23999999999999,122.61,119.23,121.75,27592126,302823,121.67468
2023-07-06 04:00:00+00:00,119.795,120.3,118.40000000000001,120.11,24783978,265097,119.59101200000001
2023-07-07 04:00:00+00:00,120.09999999999999,121.05,119.40000000000001,119.48,21709550,255713,120.102107
2023-07-10 04:00:00+00:00,118.3,118.30500000000001,116.13500000000001,116.45,35321570,440367,116.83078999999999
2023-07-11 04:00:00+00:00,116.29000000000001,117.70999999999999,115.34999999999999,117.14,23081505,280140,116.895298
2023-07-12 04:00:00+00:00,118.8,120.33,118.4145,118.93000000000001,30418830,316589,119.18734600000001
2023-07-13 04:00:00+00:00,120.93000000000001,124.83,120.45,124.54000000000001,44315823,462295,123.752938
2023-07-14 04:00:00+00:00,124.8,126.77500000000001,123.48999999999999,125.42,33283077,373868,125.45599199999999
2023-07-17 04:00:00+00:00,125.94,127.09990000000001,124.19499999999999,124.65000000000001,25717307,293785,125.039154
2023-07-18 04:00:00+00:00,124.59999999999999,124.68000000000001,122.95999999999999,123.76000000000001,26229737,291985,123.63846599999999
2023-07-19 04:00:00+00:00,124.59999999999999,125.18000000000001,121.8,122.03,37241584,391597,122.93481
2023-07-20 04:00:00+00:00,121.42,124.09,118.22,119.2,37925424,413823,120.319255
2023-07-21 04:00:00+00:00,120.62,120.98999999999999,118.73,120.02,72866901,360634,119.941941
2023-07-24 04:00:00+00:00,121.66,123,120.98,121.53,29726497,330535,121.791134
2023-07-25 04:00:00+00:00,121.36,123.145,121.02,122.20999999999999,52731094,548196,122.06086500000001
2023-07-26 04:00:00+00:00,130.06999999999999,130.97999999999999,128.31999999999999,129.27000000000001,61698757,648500,129.673698
2023-07-27 04:00:00+00:00,131.66999999999999,133.24000000000001,128.78999999999999,129.40000000000001,44954684,475147,131.19977800000001
2023-07-28 04:00:00+00:00,130.78,133.74000000000001,130.56999999999999,132.58000000000001,36591160,374471,132.67837800000001
2023-07-31 04:00:00+00:00,132.72999999999999,133.52500000000001,131.77500000000001,132.72,28067568,309790,132.55605399999999
2023-08-01 04:00:00+00:00,130.77500000000001,132.63,130.68000000000001,131.55000000000001,23314974,280025,131.75513000000001
2023-08-02 04:00:00+00:00,129.44999999999999,130.09,127.56,128.38,26283426,321214,128.64964800000001
2023-08-03 04:00:00+00:00,127.97,129.38499999999999,127.42,128.44999999999999,20184085,252447,128.539187
2023-08-04 04:00:00+00:00,129.28,131.50999999999999,127.91,128.11000000000001,26147166,349292,129.32828000000001
2023-08-07 04:00:00+00:00,129.16,131.61000000000001,129.02000000000001,131.53,22749897,282823,130.758771
2023-08-08 04:00:00+00:00,130.62,131.50999999999999,129.54499999999999,131.40000000000001,23537840,273789,130.89817600000001
2023-08-09 04:00:00+00:00,131.66,132.03999999999999,129,129.66,24919038,275497,130.33057700000001
2023-08-10 04:00:00+00:00,131.31999999999999,132.05000000000001,129.44999999999999,129.69,20862623,256458,130.466362
2023-08-11 04:00:00+00:00,128.66,129.93000000000001,128.16999999999999,129.56,19591080,234265,129.213639
2023-08-14 04:00:00+00:00,129.38999999999999,131.37,128.96000000000001,131.33000000000001,24711805,232279,130.81404900000001
2023-08-15 04:00:00+00:00,131.09999999999999,131.41999999999999,129.28,129.78,19773715,232330,130.15795700000001
2023-08-16 04:00:00+00:00,128.69999999999999,130.2809,127.86499999999999,128.69999999999999,25222592,265662,128.81791899999999
2023-08-17 04:00:00+00:00,129.80000000000001,131.99000000000001,129.28999999999999,129.91999999999999,33758887,355602,130.36377899999999
2023-08-18 04:00:00+00:00,128.50999999999999,129.25,126.3824,127.45999999999999,30504770,344860,127.396146
2023-08-21 04:00:00+00:00,127.175,128.72499999999999,126.56,128.37,25251273,269798,128.02220399999999
2023-08-22 04:00:00+00:00,128.50999999999999,130.27799999999999,128.31999999999999,129.08000000000001,22071182,231121,129.23782499999999
2023-08-23 04:00:00+00:00,130.18000000000001,133.41,129.87,132.37,27835973,301222,132.42766900000001
2023-08-24 04:00:00+00:00,133.94999999999999,134.25,129.56999999999999,129.78,28508133,297500,131.01213300000001
2023-08-25 04:00:00+00:00,129.53999999999999,130.75999999999999,127.25,129.88,26762891,291617,129.106437
2023-08-28 04:00:00+00:00,131.31,132.53999999999999,130.13999999999999,131.00999999999999,20546889,231927,131.02095199999999
2023-08-29 04:00:00+00:00,132.24000000000001,136.56999999999999,132.24000000000001,134.56999999999999,43086326,433688,134.53355500000001
2023-08-30 04:00:00+00:00,134.78,136.27500000000001,134.06999999999999,135.88,28323517,294658,135.436983
2023-08-31 04:00:00+00:00,136.00999999999999,138,135.78999999999999,136.16999999999999,30057805,304995,136.59207799999999
2023-09-01 04:00:00+00:00,137.45500000000001,137.45500000000001,134.84999999999999,135.66,21543689,276159,135.66651300000001
2023-09-05 04:00:00+00:00,135.44,136.41999999999999,134.58009999999999,135.77000000000001,19409454,249534,135.581975
2023-09-06 04:00:00+00:00,136.02000000000001,136.5299,133.66499999999999,134.46000000000001,18686416,245013,134.66785400000001
2023-09-07 04:00:00+00:00,133.59,135.58000000000001,132.94999999999999,135.25999999999999,18845656,219480,134.74822800000001
2023-09-08 04:00:00+00:00,134.91,136.66,134.84999999999999,136.38,23584190,242062,136.079678
2023-09-11 04:00:00+00:00,136.53999999999999,137.47999999999999,135.785,136.91999999999999,20768556,251537,136.723378
2023-09-12 04:00:00+00:00,136.25999999999999,136.87010000000001,135.19,135.34,18409152,236035,135.77883800000001
2023-09-13 04:00:00+00:00,135.09,136.90000000000001,134.15000000000001,136.71000000000001,20750771,242507,135.957504
2023-09-14 04:00:00+00:00,137.59999999999999,138.69499999999999,136.24000000000001,138.09999999999999,24756865,270762,137.92862199999999
2023-09-15 04:00:00+00:00,137.97999999999999,138.52000000000001,136.47999999999999,137.40000000000001,38919614,301771,137.433514
2023-09-18 04:00:00+00:00,136.61000000000001,139.16,136.61000000000001,138.21000000000001,21863176,265378,138.32129900000001
2023-09-19 04:00:00+00:00,137.41999999999999,138.41,136.62,138.03999999999999,20356808,223515,137.66229200000001
2023-09-20 04:00:00+00:00,138.08000000000001,138.08000000000001,133.62,133.74000000000001,29933289,328649,135.30530400000001
2023-09-21 04:00:00+00:00,131.44,132.22999999999999,130.06999999999999,130.44,31508030,354562,130.94077899999999
2023-09-22 04:00:00+00:00,130.75999999999999,132.02500000000001,129.59999999999999,130.25,26397339,258665,130.80595700000001
2023-09-25 04:00:00+00:00,129.83000000000001,131.16999999999999,128.96000000000001,131.11000000000001,20096978,248301,130.46257800000001
2023-09-26 04:00:00+00:00,129.77000000000001,130.36449999999999,127.22,128.565,25721806,311552,128.30832100000001
2023-09-27 04:00:00+00:00,128.56999999999999,130.89500000000001,128.56999999999999,130.53999999999999,22752667,266738,129.834813
2023-09-28 04:00:00+00:00,129.84,133.30000000000001,129.78999999999999,132.31,22516661,267240,131.93727200000001
2023-09-29 04:00:00+00:00,133.28,134.05000000000001,130.36000000000001,130.86000000000001,30866615,302954,131.65719999999999
2023-10-02 04:00:00+00:00,131.21000000000001,134.41999999999999,131.16999999999999,134.16999999999999,22292212,281721,133.37531899999999
2023-10-03 04:00:00+00:00,133.94,134.25999999999999,131.84,132.43000000000001,22995041,263663,132.68488300000001
2023-10-04 04:00:00+00:00,132.78999999999999,135.56999999999999,132.53,135.24000000000001,26759590,302675,134.62728300000001
2023-10-05 04:00:00+00:00,135.06999999999999,135.49000000000001,133.44999999999999,135.06999999999999,19835035,243581,134.81071900000001
2023-10-06 04:00:00+00:00,134.00999999999999,138.155,134.00999999999999,137.58000000000001,27597598,317460,136.91879299999999
2023-10-09 04:00:00+00:00,136.94,138.94,135.61000000000001,138.41999999999999,19282859,248759,137.859407
2023-10-10 04:00:00+00:00,138.5,139.72,137.33000000000001,138.06,27789047,302800,138.586127
2023-10-11 04:00:00+00:00,138.58000000000001,141.11000000000001,138.58000000000001,140.55000000000001,25888504,290976,140.259849
2023-10-12 04:00:00+00:00,141.05000000000001,141.22,138.25999999999999,138.97,24769077,285535,139.71657099999999
2023-10-13 04:00:00+00:00,139.38,140,136.61500000000001,137.36000000000001,23435599,282010,137.77872600000001
2023-10-16 04:00:00+00:00,138.16999999999999,139.63,137.99000000000001,139.095,28504549,260765,139.00539699999999
2023-10-17 04:00:00+00:00,138.63,139.90000000000001,137.18000000000001,139.72,23517682,266208,139.10766899999999
2023-10-18 04:00:00+00:00,139.44499999999999,140.72,137.38,137.96000000000001,23382271,279379,139.091396
2023-10-19 04:00:00+00:00,138.5,139.66,137.38,137.75,26071545,298250,138.39695800000001
2023-10-20 04:00:00+00:00,137.33000000000001,137.87,135.08000000000001,135.59999999999999,26335674,274949,136.17216400000001
2023-10-23 04:00:00+00:00,135.03999999999999,137.65989999999999,133.94999999999999,136.5,26333870,292385,136.45194699999999
2023-10-24 04:00:00+00:00,137.83000000000001,139.35990000000001,137.41999999999999,138.81,44966296,473120,138.641142
2023-10-25 04:00:00+00:00,128.16,128.31,125.06999999999999,125.61,84466159,1039417,126.359264
2023-10-26 04:00:00+00:00,123.27,124.3297,121.27,122.28,57098566,638736,122.56696700000001
2023-10-27 04:00:00+00:00,122.88,123.31,120.20569999999999,122.17,44566507,495925,121.727272
2023-10-30 04:00:00+00:00,123.20999999999999,125.40000000000001,122.75,124.45999999999999,28943082,334656,124.45278
2023-10-31 04:00:00+00:00,125.06,125.37,122.685,124.08,26293164,295801,123.81883999999999
2023-11-01 04:00:00+00:00,124.06999999999999,126.48999999999999,123.715,126.45,30097517,321922,125.579868
2023-11-02 04:00:00+00:00,128.41999999999999,128.97999999999999,126.93000000000001,127.48999999999999,27133309,300601,127.653362
2023-11-03 04:00:00+00:00,128.02000000000001,129.52500000000001,127.86,129.09999999999999,26496685,300862,128.936789
2023-11-06 05:00:00+00:00,129.05000000000001,130.34,128.66999999999999,130.25,19054794,240381,129.757059
2023-11-07 05:00:00+00:00,130.71000000000001,131.91,129.88,130.97,29764247,263441,131.09756300000001
2023-11-08 05:00:00+00:00,130.97,132.21000000000001,130.78,131.84,26433404,252324,131.544138
2023-11-09 05:00:00+00:00,131.96000000000001,132.55000000000001,130.065,130.24000000000001,23753667,249127,131.07196099999999
2023-11-10 05:00:00+00:00,130.10499999999999,132.80000000000001,129.41,132.59,26927828,250465,131.68599800000001
2023-11-13 05:00:00+00:00,131.78,132.59,131.25,132.09,18326475,215666,132.08480399999999
2023-11-14 05:00:00+00:00,134.19,135.69999999999999,133.31999999999999,133.62,32401386,320333,134.28347500000001
2023-11-15 05:00:00+00:00,134.87,135.03,133.56999999999999,134.62,23866458,247516,134.35819699999999
2023-11-16 05:00:00+00:00,135.19,137.2199,134.31999999999999,136.93000000000001,28026477,286368,136.404766
2023-11-17 05:00:00+00:00,136,136.06,133.65000000000001,135.31,37287693,360720,134.91235499999999
2023-11-20 05:00:00+00:00,133.69,136.66,133.62,136.25,27861515,297283,135.7954
2023-11-21 05:00:00+00:00,136.28999999999999,137.18000000000001,135.96000000000001,136.97,22641669,234741,136.698511
2023-11-22 05:00:00+00:00,137.47,139.41999999999999,137.47,138.49000000000001,17820670,230843,138.476077
2023-11-24 05:00:00+00:00,138.03,138.13,135.99000000000001,136.69,12514323,160938,136.770388
2023-11-27 05:00:00+00:00,136.03,138.41999999999999,136,136.41,23439152,248855,136.72186400000001
2023-11-28 05:00:00+00:00,136.08000000000001,137.25,135.4222,137.19999999999999,18733923,206263,136.62902099999999
2023-11-29 05:00:00+00:00,137.56999999999999,138.28800000000001,134.84,134.99000000000001,23970928,284255,135.81464800000001
2023-11-30 05:00:00+00:00,135.05000000000001,135.55000000000001,131.28,132.53,40273994,359009,132.47694999999999
2023-12-01 05:00:00+00:00,131.86000000000001,132.11000000000001,130.66499999999999,131.86000000000001,31442264,330622,131.49895699999999
2023-12-04 05:00:00+00:00,129.88,130.03,127.90000000000001,129.27000000000001,36674607,413478,128.82045400000001
2023-12-05 05:00:00+00:00,128.94999999999999,132.13999999999999,128.25,130.99000000000001,27393782,300320,130.753783
2023-12-06 05:00:00+00:00,131.44,131.84,129.875,130.02000000000001,23587765,256316,130.64382900000001
2023-12-07 05:00:00+00:00,135.03999999999999,138.56,134.69999999999999,136.93000000000001,56777483,538224,137.015557
2023-12-08 05:00:00+00:00,134.19999999999999,136.40000000000001,134.02500000000001,134.99000000000001,32260112,351553,135.03129100000001
2023-12-11 05:00:00+00:00,132.38,133.33500000000001,131.36000000000001,133.28999999999999,31153355,339021,132.675152
2023-12-12 05:00:00+00:00,131.81,133,131.25999999999999,132.52000000000001,29036951,297445,132.301109
2023-12-13 05:00:00+00:00,133.38,133.5,131.56999999999999,132.56999999999999,30105050,316588,132.53528800000001
2023-12-14 05:00:00+00:00,133.38,133.72,129.685,131.94,38727227,421761,131.425623
2023-12-15 05:00:00+00:00,131.62,133.50999999999999,131.18000000000001,132.59999999999999,50847113,312543,132.22000800000001
2023-12-18 05:00:00+00:00,132.63,137.14779999999999,132.43000000000001,135.80000000000001,32263150,346867,135.64048500000001
2023-12-19 05:00:00+00:00,136.84,137.47,136.08000000000001,136.65000000000001,25479349,252696,136.69215199999999
2023-12-20 05:00:00+00:00,138.97,141.69499999999999,138.065,138.34,49120685,494649,139.85550900000001
2023-12-21 05:00:00+00:00,139.49000000000001,140.685,139.18000000000001,140.41999999999999,27492777,298811,140.04685900000001
2023-12-22 05:00:00+00:00,140.77000000000001,141.99000000000001,140.71000000000001,141.49000000000001,26532199,295604,141.31649899999999
2023-12-26 05:00:00+00:00,141.59,142.68000000000001,141.19,141.52000000000001,16784096,207644,141.67608999999999
2023-12-27 05:00:00+00:00,141.59,142.08000000000001,139.886,140.37,19631354,233707,140.424734
2023-12-28 05:00:00+00:00,140.78,141.13999999999999,139.75,140.22999999999999,16047099,199136,140.32409200000001
2023-12-29 05:00:00+00:00,139.63,140.36000000000001,138.78,139.69,18733017,226476,139.60999100000001
2024-01-02 05:00:00+00:00,138.55000000000001,139.44999999999999,136.47999999999999,138.16999999999999,23715274,314071,137.757757
2024-01-03 05:00:00+00:00,137.25,139.63,137.08000000000001,138.91999999999999,24214076,271715,138.74928399999999
2024-01-04 05:00:00+00:00,138.41999999999999,139.16,136.34999999999999,136.38999999999999,27139644,278870,137.364563
2024-01-05 05:00:00+00:00,136.745,137.1558,135.15000000000001,135.72999999999999,22513854,254931,136.022865
2024-01-08 05:00:00+00:00,136.28999999999999,139.00999999999999,136.25999999999999,138.84,21405420,251527,138.10405800000001
2024-01-09 05:00:00+00:00,138.5,141.48500000000001,138.15000000000001,140.94999999999999,24765144,309672,140.445943
2024-01-10 05:00:00+00:00,141,143,140.91,142.28,21323292,257786,142.088559
2024-01-11 05:00:00+00:00,143.49000000000001,145.22,140.63499999999999,142.08000000000001,24012786,318803,142.31773999999999
2024-01-12 05:00:00+00:00,142.66999999999999,143.19499999999999,141.81999999999999,142.65000000000001,18785514,232689,142.68635
2024-01-16 05:00:00+00:00,142,144.34999999999999,141.44999999999999,142.49000000000001,22673946,302926,142.58769699999999
2024-01-17 05:00:00+00:00,141.345,141.84,138.90000000000001,141.47,20969536,273757,140.70813699999999
2024-01-18 05:00:00+00:00,142.05000000000001,144.21000000000001,141.99000000000001,143.47999999999999,25749833,307287,143.259128
2024-01-19 05:00:00+00:00,144.74000000000001,146.44999999999999,144.38,146.38,34271867,350958,145.80068499999999
2024-01-22 05:00:00+00:00,147.09999999999999,148.38999999999999,145.84,145.99000000000001,32201349,351910,146.91404
2024-01-23 05:00:00+00:00,145.88999999999999,147.18199999999999,145.5,147.03999999999999,21639295,237763,146.67878200000001
2024-01-24 05:00:00+00:00,148.53999999999999,149.85499999999999,148.09999999999999,148.69999999999999,25236770,326335,149.017505
2024-01-25 05:00:00+00:00,150.065,153.05000000000001,149.53999999999999,151.87,29162508,398914,151.677941
2024-01-26 05:00:00+00:00,151.09999999999999,152.535,151.00999999999999,152.185,26115494,317440,151.983148
2024-01-29 05:00:00+00:00,152.06,153.78,151.43000000000001,153.50999999999999,27770205,333033,152.68942100000001
2024-01-30 05:00:00+00:00,152.80000000000001,153.62,151.185,151.46000000000001,36331227,486596,152.16156799999999
2024-01-31 05:00:00+00:00,143.62,144,139.87,140.09999999999999,71910044,909209,141.54055
2024-02-01 05:00:00+00:00,142.12,143.06,140.78999999999999,141.16,40466549,479751,141.68042800000001
2024-02-02 05:00:00+00:00,139.25999999999999,142.62,136.5,142.38,62499574,745391,139.967645
2024-02-05 05:00:00+00:00,142.81999999999999,145.47,142.78,143.68000000000001,38505405,491155,143.99670699999999
2024-02-06 05:00:00+00:00,144.65000000000001,145.36000000000001,143.19,144.09999999999999,29128201,360453,144.055037
2024-02-07 05:00:00+00:00,144.75999999999999,145.61500000000001,143.92500000000001,145.53999999999999,25208862,314951,145.07910999999999
2024-02-08 05:00:00+00:00,145.83000000000001,146.33000000000001,145.10499999999999,145.91,22563764,290435,145.828273
2024-02-09 05:00:00+00:00,146.68000000000001,149.44,146.18000000000001,149,26829504,335476,148.482159
2024-02-12 05:00:00+00:00,148.41999999999999,149.33500000000001,147.37,147.53,21564085,297772,148.115815
2024-02-13 05:00:00+00:00,144.91999999999999,146.66999999999999,143.69,145.13999999999999,27837730,369658,145.04383200000001
2024-02-14 05:00:00+00:00,146.08000000000001,146.52000000000001,144.09399999999999,145.94,22704166,316585,145.38320200000001
2024-02-15 05:00:00+00:00,143.13999999999999,143.52000000000001,140.46000000000001,142.77000000000001,37590695,492609,142.03659500000001
2024-02-16 05:00:00+00:00,142.99000000000001,143.19,140.13999999999999,140.52000000000001,31468926,401706,141.046581
2024-02-20 05:00:00+00:00,139.655,142.08000000000001,139.49000000000001,141.12,24935710,347916,140.93026599999999
2024-02-21 05:00:00+00:00,141.44999999999999,142.69,140.67500000000001,142.55000000000001,23315687,294780,141.987639
2024-02-22 05:00:00+00:00,144.93000000000001,145,142.80000000000001,144.09,27191892,338658,143.94017600000001
2024-02-23 05:00:00+00:00,143.66999999999999,144.68000000000001,143.43000000000001,143.96000000000001,19493752,261564,143.96104800000001
2024-02-26 05:00:00+00:00,142.13999999999999,142.44,137.38999999999999,137.56999999999999,53641795,658776,138.89532600000001
2024-02-27 05:00:00+00:00,138.02000000000001,139.25,137.09,138.88,33102669,415295,138.17320699999999
2024-02-28 05:00:00+00:00,137.90000000000001,138.00999999999999,135.41,136.38,37328508,470231,136.19771800000001
2024-02-29 05:00:00+00:00,137.28,138.86000000000001,136.40000000000001,138.46000000000001,42132953,400586,137.80391299999999
2024-03-01 05:00:00+00:00,138.43000000000001,138.87,136.91999999999999,137.13999999999999,31151116,389610,137.691385
2024-03-04 05:00:00+00:00,135.66,135.66,131.91,133.34999999999999,56430215,722927,133.08972700000001
2024-03-05 05:00:00+00:00,131.88,133.24000000000001,130.66499999999999,132.66999999999999,40194757,482963,132.08229600000001
2024-03-06 05:00:00+00:00,133.12,133.58000000000001,130.84999999999999,131.40000000000001,35318610,428452,131.57030700000001
2024-03-07 05:00:00+00:00,132.79499999999999,134.94,131.61000000000001,134.38,37738209,431805,133.899675
2024-03-08 05:00:00+00:00,134.21000000000001,138.08500000000001,134,135.41,39392392,467315,136.26054600000001
2024-03-11 04:00:00+00:00,136.13,139.095,136.13,137.66999999999999,32437772,411895,138.061688
2024-03-12 04:00:00+00:00,137.03,139.375,137.03,138.5,27563354,344283,138.58444399999999
2024-03-13 04:00:00+00:00,139,141.09,138.99000000000001,139.78999999999999,23347208,322650,140.13334599999999
2024-03-14 04:00:00+00:00,141.19,143.58500000000001,140.45500000000001,143.09999999999999,42753387,524782,142.517596
2024-03-15 04:00:00+00:00,142.5,143.18000000000001,140.03,141.18000000000001,49475417,385589,141.27589800000001
2024-03-18 04:00:00+00:00,148.61000000000001,152.15000000000001,147.16999999999999,147.68000000000001,69273699,838236,149.50241399999999
2024-03-19 04:00:00+00:00,148.16,148.79130000000001,146.08000000000001,147.03,24070435,313567,146.87191000000001
2024-03-20 04:00:00+00:00,148,148.86000000000001,146.73500000000001,148.74000000000001,21311501,309239,148.05943099999999
2024-03-21 04:00:00+00:00,149.47,150.37,146.90010000000001,147.59999999999999,24755597,359409,147.97655599999999
2024-03-22 04:00:00+00:00,149.12,151.58000000000001,148.97999999999999,150.77000000000001,29211769,341655,150.71886699999999
2024-03-25 04:00:00+00:00,149.94,150.375,147.81999999999999,150.06999999999999,19229285,272963,149.525665
2024-03-26 04:00:00+00:00,150.22,152.256,149.97999999999999,150.66999999999999,22149137,279230,151.08258499999999
2024-03-27 04:00:00+00:00,151.18000000000001,151.63499999999999,148.90000000000001,150.87,22879178,303478,150.15937
2024-03-28 04:00:00+00:00,150.84999999999999,151.43000000000001,150.16999999999999,150.93000000000001,24485390,252124,150.87213399999999
2024-04-01 04:00:00+00:00,150.69,155.74000000000001,150.61000000000001,155.49000000000001,31730848,400134,154.88644500000001
2024-04-02 04:00:00+00:00,153.5,154.69999999999999,152.15000000000001,154.56,24585985,308546,153.74253899999999
2024-04-03 04:00:00+00:00,153.59999999999999,155.08000000000001,152.72999999999999,154.91999999999999,24704991,301535,154.33014299999999
2024-04-04 04:00:00+00:00,153.5,154.77000000000001,150.44999999999999,150.53,34724738,426082,152.53739400000001
2024-04-05 04:00:00+00:00,150.03,153.41999999999999,149.59999999999999,152.5,23459246,308516,152.374762
2024-04-08 04:00:00+00:00,152.78,155.27000000000001,152.61000000000001,154.84999999999999,20701974,275573,154.628409
2024-04-09 04:00:00+00:00,156.08500000000001,158.56,155.19,156.59999999999999,31113013,387153,156.70873499999999
2024-04-10 04:00:00+00:00,156.21000000000001,156.61000000000001,154.68000000000001,156.13999999999999,22838629,330071,155.73172500000001
2024-04-11 04:00:00+00:00,156.91,159.68000000000001,156.46000000000001,159.41,27166431,333353,158.438782
2024-04-12 04:00:00+00:00,157.96000000000001,160.2225,157.13999999999999,157.72999999999999,25340929,323766,158.18726000000001
2024-04-15 04:00:00+00:00,158.86000000000001,159.24000000000001,154.59,154.86000000000001,27136472,357445,156.60456099999999
2024-04-16 04:00:00+00:00,154.19,155.65000000000001,153.43000000000001,154.40000000000001,20779495,298253,154.51852299999999
2024-04-17 04:00:00+00:00,155.62,157.08000000000001,154.58000000000001,155.47,21763130,295796,155.76080200000001
2024-04-18 04:00:00+00:00,155.34,156.94,154.62,156.00999999999999,19883044,283184,156.032668
2024-04-19 04:00:00+00:00,156.19999999999999,156.36000000000001,152.30000000000001,154.09,32615639,353933,154.23485400000001
2024-04-22 04:00:00+00:00,154.31,157.63999999999999,154.06,156.28,26446206,327895,156.004785
2024-04-23 04:00:00+00:00,156.96000000000001,158.97,156.28,158.25999999999999,21151568,278620,158.116353
2024-04-24 04:00:00+00:00,157.49000000000001,159.565,157.16499999999999,159.13,22779112,324173,158.450007
2024-04-25 04:00:00+00:00,151.33000000000001,156.49000000000001,150.87,156,57109730,724135,154.80977300000001
2024-04-26 04:00:00+00:00,174.37,174.71000000000001,169.65000000000001,171.94999999999999,64665299,731530,171.92300499999999
2024-04-29 04:00:00+00:00,169.05799999999999,169.55000000000001,165.21000000000001,166.15000000000001,45610024,520320,167.127286
2024-04-30 04:00:00+00:00,165.61199999999999,168.09999999999999,162.59999999999999,162.78,33562861,393267,164.563974
2024-05-01 04:00:00+00:00,164.30000000000001,167.12,163.09,163.86000000000001,33493151,406392,164.913512
2024-05-02 04:00:00+00:00,164.785,166.72999999999999,163.88999999999999,166.62,24294549,297229,165.67065600000001
2024-05-03 04:00:00+00:00,167.56,167.96000000000001,163.05000000000001,167.24000000000001,34662432,429648,165.82314400000001
2024-05-06 04:00:00+00:00,167.46000000000001,168.13999999999999,166.03,168.09999999999999,21871283,312884,167.207877
2024-05-07 04:00:00+00:00,168.5,171.75999999999999,168.38999999999999,171.25,28039696,356112,170.73710700000001
2024-05-08 04:00:00+00:00,169,170.15000000000001,168.73500000000001,169.38,19586146,240078,169.53886299999999
2024-05-09 04:00:00+00:00,169.38999999999999,170.69,168.18000000000001,169.96000000000001,15346700,232396,169.267101
2024-05-10 04:00:00+00:00,168.02500000000001,169.84999999999999,166.19,168.65000000000001,29799931,397942,168.22539599999999
2024-05-13 04:00:00+00:00,164.25999999999999,169.28,164,169.13999999999999,31327602,423075,166.744957
2024-05-14 04:00:00+00:00,169.77000000000001,171.25,168.80000000000001,170.34,25127138,322375,170.12490500000001
2024-05-15 04:00:00+00:00,170.63,172.65000000000001,170.50999999999999,172.50999999999999,26948370,340477,171.84705400000001
2024-05-16 04:00:00+00:00,173.28999999999999,175.11500000000001,172.69,174.18000000000001,27867947,319821,174.21265399999999
2024-05-17 04:00:00+00:00,174.18000000000001,176.26499999999999,173.69,176.06,24479262,277992,175.63836000000001
2024-05-20 04:00:00+00:00,176.19200000000001,178.77000000000001,176.08000000000001,176.91999999999999,22554400,283641,177.25834499999999
2024-05-21 04:00:00+00:00,176.90000000000001,178.15000000000001,175.81,177.84999999999999,16806769,232102,177.46803700000001
2024-05-22 04:00:00+00:00,176.64400000000001,177.15000000000001,175.21000000000001,176.38,17880042,257741,176.02779799999999
2024-05-23 04:00:00+00:00,177.06999999999999,178.25,172.94999999999999,173.55000000000001,21024935,280336,174.723615
2024-05-24 04:00:00+00:00,174.97999999999999,175.77000000000001,173.65000000000001,174.99000000000001,16579438,235035,175.00815600000001
2024-05-28 04:00:00+00:00,174.44999999999999,177.27000000000001,174.36500000000001,176.40000000000001,20572157,311501,176.04118500000001
2024-05-29 04:00:00+00:00,175.43000000000001,176.83600000000001,174.72,175.90000000000001,23388693,257399,176.05661599999999
2024-05-30 04:00:00+00:00,175.19999999999999,175.22,171.78999999999999,172.11000000000001,22958677,300626,172.82544999999999
2024-05-31 04:00:00+00:00,171.86000000000001,173.06,169.44,172.5,37638876,343450,171.73121599999999
2024-06-03 04:00:00+00:00,172.53999999999999,174.52500000000001,171.16,173.16999999999999,27459118,309997,172.712615
2024-06-04 04:00:00+00:00,173.28,173.845,171.88999999999999,173.78999999999999,26879596,240142,173.15178900000001
2024-06-05 04:00:00+00:00,175.19999999999999,176.64500000000001,173.93389999999999,175.41,22068519,305194,175.24214499999999
2024-06-06 04:00:00+00:00,175.89500000000001,177.15000000000001,175.75,176.72999999999999,23251013,271945,176.59409299999999
2024-06-07 04:00:00+00:00,177.05000000000001,177.87,174.30000000000001,174.46000000000001,19661399,255965,175.745272
2024-06-10 04:00:00+00:00,174.97,177.06,172.75999999999999,175.00999999999999,23779218,362122,174.54132899999999
2024-06-11 04:00:00+00:00,176.22,176.84,173.77010000000001,176.62,21540582,294403,175.48326
2024-06-12 04:00:00+00:00,178.25,180.41,176.11000000000001,177.78999999999999,27864737,366700,177.80520100000001
2024-06-13 04:00:00+00:00,176.11000000000001,176.74000000000001,174.88,175.16,20913299,291616,175.69077300000001
2024-06-14 04:00:00+00:00,174.22,177.06229999999999,174.15000000000001,176.78999999999999,18063555,235224,176.298823
2024-06-17 04:00:00+00:00,175.46000000000001,178.36000000000001,174.81,177.24000000000001,19618497,284595,176.644554
2024-06-18 04:00:00+00:00,177.13999999999999,177.38499999999999,174.10419999999999,175.09,21869857,321696,175.25431800000001
2024-06-20 04:00:00+00:00,175.37,177.28999999999999,174.99000000000001,176.30000000000001,20160085,305841,175.980197
2024-06-21 04:00:00+00:00,177,180.84999999999999,176.61000000000001,179.63,58582743,422118,179.166696
2024-06-24 04:00:00+00:00,180.16,180.88999999999999,178.66999999999999,179.22,18298012,309075,179.47476599999999
2024-06-25 04:00:00+00:00,179.62,184.28999999999999,179.41999999999999,184.03,23235589,322242,182.714281
2024-06-26 04:00:00+00:00,182.63,184.50999999999999,182.47999999999999,183.88,19838972,284945,183.72664700000001
2024-06-27 04:00:00+00:00,184.18000000000001,186.05000000000001,184.02000000000001,185.41,18848884,281443,185.20157399999999
2024-06-28 04:00:00+00:00,184.31999999999999,185.13,181.96000000000001,182.15000000000001,28914892,338517,183.06317200000001
2024-07-01 04:00:00+00:00,183.03,183.88,181.30000000000001,182.99000000000001,16006128,281132,182.66666499999999
2024-07-02 04:00:00+00:00,182.05000000000001,185.56999999999999,181.56,185.24000000000001,17372485,248414,184.21164400000001
2024-07-03 04:00:00+00:00,184.84999999999999,186.09,184,185.81999999999999,10242126,225534,185.39128500000001
2024-07-05 04:00:00+00:00,185.85499999999999,190.86000000000001,185.80000000000001,190.59999999999999,20967450,341295,189.82572200000001
2024-07-08 04:00:00+00:00,189.89500000000001,190.16999999999999,187.78,189.03,21035886,329804,188.97220100000001
2024-07-09 04:00:00+00:00,190.31,191.36000000000001,188.72,188.97999999999999,15141312,282781,189.642124
2024-07-10 04:00:00+00:00,189.15000000000001,191.75,189.03,191.18000000000001,15952454,262866,190.73156499999999
2024-07-11 04:00:00+00:00,189.845,190.86000000000001,185.08000000000001,185.56999999999999,25625784,411474,186.71017900000001
2024-07-12 04:00:00+00:00,185.08000000000001,187.11000000000001,184.49000000000001,185.06999999999999,22898406,370733,185.59000399999999
2024-07-15 04:00:00+00:00,184.91999999999999,188.24000000000001,184.91999999999999,186.53,16474043,325579,186.75429800000001
2024-07-16 04:00:00+00:00,187.36000000000001,188.68000000000001,183.37360000000001,183.91999999999999,18290722,330943,184.92533399999999
2024-07-17 04:00:00+00:00,182.965,183.55000000000001,179.90000000000001,181.02000000000001,20734071,439794,181.14268899999999
2024-07-18 04:00:00+00:00,181.93000000000001,182.5,176.47,177.69,25315727,466137,178.09192999999999
2024-07-19 04:00:00+00:00,178.88,180.28999999999999,177.13,177.66,18881885,325218,178.33711199999999
2024-07-22 04:00:00+00:00,180.59,182.69999999999999,180.22999999999999,181.66999999999999,24100345,375270,181.73910799999999
2024-07-23 04:00:00+00:00,182.05000000000001,183.61000000000001,181.53999999999999,181.78999999999999,36352714,528118,182.56499700000001
2024-07-24 04:00:00+00:00,173.59999999999999,176.19,171.81999999999999,172.63,49585203,770621,173.43975
2024-07-25 04:00:00+00:00,172.52000000000001,173.41999999999999,167.19,167.28,44851973,712312,169.76178300000001
2024-07-26 04:00:00+00:00,167.15000000000001,168.09,164.06,167,41336886,596946,166.19037599999999
2024-07-29 04:00:00+00:00,168.83000000000001,170.43000000000001,167.99000000000001,169.53,20293822,327469,169.38454400000001
2024-07-30 04:00:00+00:00,170.24000000000001,171.22989999999999,168.44,170.28999999999999,18959686,327934,169.972204
2024-07-31 04:00:00+00:00,173.24000000000001,174.245,170.00999999999999,171.53999999999999,25729090,345903,171.58557500000001
2024-08-01 04:00:00+00:00,170.25,174.05000000000001,168.88,170.75999999999999,24531392,413336,171.056059
2024-08-02 04:00:00+00:00,166.44,168.50999999999999,164.66999999999999,166.66,29130102,494021,166.166921
2024-08-05 04:00:00+00:00,155.5,164.43000000000001,154.93000000000001,159.25,53630673,947908,160.10284799999999
2024-08-06 04:00:00+00:00,159.33000000000001,160.56999999999999,156.41,158.28999999999999,49004561,610681,158.590688
2024-08-07 04:00:00+00:00,161.25,162.97999999999999,158.47,158.94,25138573,437084,160.23063999999999
2024-08-08 04:00:00+00:00,160.50999999999999,163.69,160.21000000000001,162.03,25578839,351853,162.32320999999999
2024-08-09 04:00:00+00:00,160.00999999999999,163.78999999999999,159.06,163.66999999999999,28602285,381362,161.35950399999999
2024-08-12 04:00:00+00:00,164.34999999999999,164.90000000000001,161.84,162.28999999999999,15895286,271755,162.897221
2024-08-13 04:00:00+00:00,163.41,164.72999999999999,162.97,164.16,18551690,280745,163.92123000000001
2024-08-14 04:00:00+00:00,162.40000000000001,163.22,157.71000000000001,160.37,40591126,516290,159.52578700000001
2024-08-15 04:00:00+00:00,160.5,161.63499999999999,159.61000000000001,161.30000000000001,31524252,383965,160.83024499999999
2024-08-16 04:00:00+00:00,161.47,165.06,161.13,162.96000000000001,24208647,360419,163.28367600000001
2024-08-19 04:00:00+00:00,165.28,166.69,164.25999999999999,166.66999999999999,22416185,323388,165.77620999999999
2024-08-20 04:00:00+00:00,166.90000000000001,168.63999999999999,166.81999999999999,167.18000000000001,18341533,277233,167.58744100000001
2024-08-21 04:00:00+00:00,165.15000000000001,166.84999999999999,164.66999999999999,165.84999999999999,22901997,312962,165.79055199999999
2024-08-22 04:00:00+00:00,167.25999999999999,167.59,163.31,163.80000000000001,22493275,324776,164.77293800000001
2024-08-23 04:00:00+00:00,164.72,166.18000000000001,163.83000000000001,165.62,13955741,266190,165.21810199999999
2024-08-26 04:00:00+00:00,166.38,167.55000000000001,164.45500000000001,166.16,14190417,247950,165.93871100000001
2024-08-27 04:00:00+00:00,165.83500000000001,166.4426,164.46000000000001,164.68000000000001,11821941,227941,165.354162
2024-08-28 04:00:00+00:00,165.035,165.59999999999999,161.5284,162.84999999999999,16407444,289246,162.79221899999999
2024-08-29 04:00:00+00:00,164.31,165.97,160.25,161.78,19699767,347578,162.870397
2024-08-30 04:00:00+00:00,162.61500000000001,163.66,161.6925,163.38,22123811,277939,162.932321
2024-09-03 04:00:00+00:00,161.72,161.84999999999999,156.47999999999999,157.36000000000001,38945301,498887,158.370698
2024-09-04 04:00:00+00:00,156.655,159,155.9616,156.44999999999999,19353759,367710,157.068308
2024-09-05 04:00:00+00:00,156.30000000000001,159.44999999999999,155.98050000000001,157.24000000000001,18688747,328458,157.50461200000001
2024-09-06 04:00:00+00:00,157.30000000000001,157.83000000000001,150.55000000000001,150.91999999999999,37912130,521892,152.21360100000001
2024-09-09 04:00:00+00:00,152.50999999999999,153.40000000000001,147.215,148.71000000000001,39260451,549274,149.28057100000001
2024-09-10 04:00:00+00:00,150.44999999999999,151.27000000000001,148.34,148.66,31118765,408215,149.441836
2024-09-11 04:00:00+00:00,149.91999999999999,151.5,147.52000000000001,151.16,29607693,419822,149.88494299999999
2024-09-12 04:00:00+00:00,153.80000000000001,154.81999999999999,152.65000000000001,154.69,29695048,434119,154.03329500000001
2024-09-13 04:00:00+00:00,155.43000000000001,158.38,155.21000000000001,157.46000000000001,29591152,392712,157.17160200000001
2024-09-16 04:00:00+00:00,157.31,158.25,156.59999999999999,158.06,18379775,317510,157.77544399999999
2024-09-17 04:00:00+00:00,159.02000000000001,160.55000000000001,158.375,159.31999999999999,20715612,314578,159.297372
2024-09-18 04:00:00+00:00,159.86000000000001,160.5,158.595,159.81,23677315,390384,159.665189
2024-09-19 04:00:00+00:00,163.71000000000001,163.78999999999999,161.34,162.13999999999999,26587733,361428,162.541346
2024-09-20 04:00:00+00:00,163.5,163.72999999999999,162.06,163.59,40896438,319691,163.32487399999999
2024-09-23 04:00:00+00:00,164.34999999999999,165.49000000000001,161.66999999999999,161.84999999999999,24150852,311175,162.81873200000001
2024-09-24 04:00:00+00:00,163.03,163.2158,160.69,162.28999999999999,23332147,273882,162.24030200000001
2024-09-25 04:00:00+00:00,161.47,162.81,161.30000000000001,161.49000000000001,18869199,280359,161.861411
2024-09-26 04:00:00+00:00,163.63999999999999,164.08000000000001,162.28,162.72999999999999,20319336,263392,162.93868399999999
2024-09-27 04:00:00+00:00,162.81,165.69999999999999,162.62610000000001,163.94999999999999,21101307,292054,164.184361
2024-09-30 04:00:00+00:00,163.31999999999999,166.15000000000001,163.25999999999999,165.84999999999999,20481303,291009,165.13574299999999
2024-10-01 04:00:00+00:00,167.685,169.16,164.58000000000001,166.99000000000001,28338123,409707,166.718446
2024-10-02 04:00:00+00:00,166.41999999999999,167.52000000000001,164.72999999999999,165.86000000000001,17760179,284543,165.67069100000001
2024-10-03 04:00:00+00:00,164.41,166.63999999999999,163.923,165.86000000000001,15073101,246872,165.620823
2024-10-04 04:00:00+00:00,168.06,168.22999999999999,165.47999999999999,167.06,19093724,276149,166.72753800000001
2024-10-07 04:00:00+00:00,167.72,168.47999999999999,162.75,162.97999999999999,22463140,325249,164.62397200000001
2024-10-08 04:00:00+00:00,163.94,164.72499999999999,162.87,164.38,23072733,235550,163.831367
2024-10-09 04:00:00+00:00,163.44999999999999,164.84,159.74000000000001,161.86000000000001,31181774,475082,161.63966300000001
2024-10-10 04:00:00+00:00,160.87,163.06999999999999,160.39500000000001,162.08000000000001,14144068,255064,162.04199399999999
2024-10-11 04:00:00+00:00,162.13,163.90000000000001,161.23500000000001,163.24000000000001,15344251,250890,163.102159
2024-10-14 04:00:00+00:00,163.63999999999999,166.226,163.40000000000001,164.96000000000001,19016141,251253,164.97905600000001
2024-10-15 04:00:00+00:00,165.785,167.68000000000001,164.625,165.46000000000001,20247195,320945,165.78703400000001
2024-10-16 04:00:00+00:00,164.53,165.80000000000001,163.74000000000001,165.16,16406030,240255,164.89067600000001
2024-10-17 04:00:00+00:00,165.72999999999999,166.37,162.75999999999999,162.93000000000001,21453395,326872,163.797483
2024-10-18 04:00:00+00:00,163.19,164.71000000000001,163.08000000000001,163.41999999999999,19757661,259571,163.58443700000001
2024-10-21 04:00:00+00:00,162.94999999999999,164.5,162.62,164.06999999999999,20946455,253661,163.89871099999999
2024-10-22 04:00:00+00:00,162.97999999999999,165.77000000000001,162.97999999999999,165.13999999999999,16568121,238533,164.82987299999999
2024-10-23 04:00:00+00:00,164.75999999999999,165.81999999999999,161.92500000000001,162.78,18280518,285297,163.107923
2024-10-24 04:00:00+00:00,162.83000000000001,163.33000000000001,161.00999999999999,162.72,22412527,303088,162.469449
2024-10-25 04:00:00+00:00,163.66999999999999,165.59,163.41999999999999,165.27000000000001,19828884,298665,164.963945
2024-10-28 04:00:00+00:00,168.75,168.75,163.94999999999999,166.72,32138641,463018,166.72256899999999
2024-10-29 04:00:00+00:00,167.72999999999999,170.38,167.08959999999999,169.68000000000001,42169025,583786,169.164762
2024-10-30 04:00:00+00:00,180.68000000000001,182.02000000000001,174.0599,174.46000000000001,68890787,935794,178.221172
2024-10-31 04:00:00+00:00,173.13,176.81999999999999,171,171.11000000000001,44768981,605352,172.94923
2024-11-01 04:00:00+00:00,170.06999999999999,172.31999999999999,168.88,171.28999999999999,31796477,432223,171.24020999999999
2024-11-04 05:00:00+00:00,169.93000000000001,170.72999999999999,168.011,169.24000000000001,21492744,324562,169.200659
2024-11-05 05:00:00+00:00,169.43000000000001,170.53,168.84,169.74000000000001,18242050,248015,169.72480300000001
2024-11-06 05:00:00+00:00,173.80000000000001,176.94,173.5,176.50999999999999,33695538,488421,175.71176600000001
2024-11-07 05:00:00+00:00,177.41,181.08000000000001,177.19,180.75,25352939,395830,179.723174
2024-11-08 05:00:00+00:00,180.64500000000001,180.90000000000001,178.08000000000001,178.34999999999999,22006182,322850,178.77027899999999
2024-11-11 05:00:00+00:00,178.58000000000001,180.54499999999999,178.47,180.34999999999999,17450354,254287,179.94315700000001
2024-11-12 05:00:00+00:00,179.81999999999999,182.49000000000001,179.38999999999999,181.62,25134905,301849,181.17841799999999
2024-11-13 05:00:00+00:00,180.46000000000001,180.96000000000001,178.53999999999999,178.88,23184003,282857,179.276343
2024-11-14 05:00:00+00:00,178.28,178.81999999999999,174.3218,175.58000000000001,31007457,345251,175.712446
2024-11-15 05:00:00+00:00,173.72999999999999,174.13999999999999,171.22,172.49000000000001,32504649,347620,172.48907800000001
2024-11-18 05:00:00+00:00,173.41999999999999,175.43799999999999,172.90000000000001,175.30000000000001,20241897,256817,174.53373999999999
2024-11-19 05:00:00+00:00,173.72,178.87,173.56,178.12,23750925,315071,177.056209
2024-11-20 05:00:00+00:00,177.34,177.67500000000001,173.78,175.97999999999999,18988159,249879,175.51120700000001
2024-11-21 05:00:00+00:00,173.90000000000001,174.13,163.69999999999999,167.63,59734379,832139,166.67587900000001
2024-11-22 05:00:00+00:00,165.84999999999999,166.46000000000001,163.90000000000001,164.75999999999999,38604587,490822,165.067959
2024-11-25 05:00:00+00:00,166.09,168.63,165.60720000000001,167.65000000000001,33135263,358441,167.525139
2024-11-26 05:00:00+00:00,167.63,169.81999999999999,167.58000000000001,169.12,20486720,268773,168.93516399999999
2024-11-27 05:00:00+00:00,169,169.48320000000001,168.02000000000001,169.22999999999999,19266511,204928,169.12159600000001
2024-11-29 05:00:00+00:00,168.5,169.43000000000001,167.16,168.94999999999999,14257244,184272,168.67386200000001
2024-12-02 05:00:00+00:00,168.76499999999999,172.07499999999999,168.56999999999999,171.49000000000001,23789084,273500,171.25068899999999
2024-12-03 05:00:00+00:00,171.49000000000001,172.68000000000001,170.84999999999999,171.34,22248705,240842,171.424342
2024-12-04 05:00:00+00:00,171.14500000000001,174.91,171.06,174.37,31615137,302782,173.887485
2024-12-05 05:00:00+00:00,175.36000000000001,176.06,172.33000000000001,172.63999999999999,21356243,279424,173.56492499999999
2024-12-06 05:00:00+00:00,172.03,175.08000000000001,171.86000000000001,174.71000000000001,21462393,265162,174.40210500000001
2024-12-09 05:00:00+00:00,173.96000000000001,176.25999999999999,173.65000000000001,175.37,25389631,315848,175.21795700000001
2024-12-10 05:00:00+00:00,182.845,186.36000000000001,181.05000000000001,185.16999999999999,54813022,768708,184.12670800000001
2024-12-11 05:00:00+00:00,185.31,195.61000000000001,184.84999999999999,195.40000000000001,67894071,821975,192.90970100000001
2024-12-12 05:00:00+00:00,195,195.18000000000001,191.71000000000001,191.96000000000001,34817486,462229,193.432388
2024-12-13 05:00:00+00:00,191.00999999999999,192.72999999999999,189.63999999999999,189.81999999999999,25143495,328990,190.877769
2024-12-16 05:00:00+00:00,192.87,199,192.62,196.66,44934901,490169,196.647682
2024-12-17 05:00:00+00:00,197.25,201.41999999999999,194.97999999999999,195.41999999999999,43504025,514813,197.09124600000001
2024-12-18 05:00:00+00:00,195.22,197,187.74000000000001,188.40000000000001,34166074,423247,191.47580500000001
2024-12-19 05:00:00+00:00,191.625,193.03,188.38,188.50999999999999,32265241,417946,190.01890800000001
2024-12-20 05:00:00+00:00,185.78,192.88999999999999,185.22,191.41,63462934,424231,190.20080400000001
2024-12-23 05:00:00+00:00,192.62,195.09999999999999,190.15000000000001,194.63,25675014,310992,193.58543800000001
2024-12-24 05:00:00+00:00,194.84,196.11000000000001,193.78,196.11000000000001,10403259,155818,195.50259700000001
2024-12-26 05:00:00+00:00,195.15000000000001,196.74799999999999,194.375,195.59999999999999,12057210,196317,195.804373
2024-12-27 05:00:00+00:00,194.94999999999999,195.31999999999999,190.65000000000001,192.75999999999999,18891362,284116,192.436699
2024-12-30 05:00:00+00:00,189.80000000000001,192.55000000000001,189.12,191.24000000000001,14264659,255690,191.19038599999999
2024-12-31 05:00:00+00:00,191.07499999999999,191.96000000000001,188.50999999999999,189.30000000000001,17466919,239949,189.86191099999999
2025-01-02 05:00:00+00:00,190.65000000000001,192,187.5,189.43000000000001,20370828,328515,189.58466799999999
2025-01-03 05:00:00+00:00,191.37,193.21000000000001,189.97499999999999,191.78999999999999,18596159,261756,191.763913
2025-01-06 05:00:00+00:00,193.97999999999999,198.22219999999999,193.84999999999999,196.87,29563638,385128,196.73635999999999
2025-01-07 05:00:00+00:00,197.11000000000001,201,194.59999999999999,195.49000000000001,26487244,363663,197.04705000000001
2025-01-08 05:00:00+00:00,192.56999999999999,196.28999999999999,192.38,193.94999999999999,24864766,339162,194.35109600000001
2025-01-10 05:00:00+00:00,194.29499999999999,196.52000000000001,190.31,192.03999999999999,26665206,379247,192.829352
2025-01-13 05:00:00+00:00,190.06999999999999,191.18000000000001,187.36000000000001,191.00999999999999,21823699,299678,190.09628900000001
2025-01-14 05:00:00+00:00,191.24000000000001,191.97999999999999,188.3082,189.66,17174854,236897,190.045694
2025-01-15 05:00:00+00:00,193.09,196.36000000000001,191.86000000000001,195.55000000000001,21775969,270843,194.800387
2025-01-16 05:00:00+00:00,194.13999999999999,195.47999999999999,192.81,192.91,17815432,243139,193.88707500000001
2025-01-17 05:00:00+00:00,196.53,197.22999999999999,193.75,196,27735089,277088,195.95030499999999
2025-01-21 05:00:00+00:00,199.06999999999999,202.28999999999999,197.87,198.05000000000001,29971292,440060,198.98131799999999
2025-01-22 05:00:00+00:00,199.06,200.47999999999999,197.53,198.37,26200617,343060,198.88370599999999
2025-01-23 05:00:00+00:00,198.13999999999999,200.30000000000001,195.19999999999999,197.97999999999999,26951357,332356,197.878928
2025-01-24 05:00:00+00:00,198.09999999999999,200.90000000000001,198,200.21000000000001,23877521,293405,199.78348299999999
2025-01-27 05:00:00+00:00,192.41,196.88,190.72999999999999,191.81,41728893,617250,192.97572400000001
2025-01-28 05:00:00+00:00,192.745,195.47999999999999,190.68000000000001,195.30000000000001,24157929,332199,194.43898100000001
2025-01-29 05:00:00+00:00,195.55500000000001,196.785,193.43000000000001,195.41,18218256,276385,195.08291800000001
2025-01-30 05:00:00+00:00,198,201.40000000000001,197.66999999999999,200.87,24354684,336195,200.16121799999999
2025-01-31 05:00:00+00:00,202,205.47999999999999,201.80000000000001,204.02000000000001,32041952,411503,204.25406000000001
2025-02-03 05:00:00+00:00,200.69,203.75,200.09999999999999,201.22999999999999,27815470,404052,201.87018599999999
2025-02-04 05:00:00+00:00,203.38999999999999,207.05000000000001,202.81,206.38,43757263,613259,205.376059
2025-02-05 05:00:00+00:00,191.06999999999999,192.75,188.03,191.33000000000001,70461770,1094134,190.21959799999999
2025-02-06 05:00:00+00:00,189.5,192.09999999999999,188.72,191.59999999999999,29297442,425109,190.72043600000001
2025-02-07 05:00:00+00:00,191.05000000000001,191.18000000000001,183.24000000000001,185.34,49156418,716737,186.16002499999999
2025-02-10 05:00:00+00:00,187.34999999999999,188.19999999999999,185.86000000000001,186.47,23085939,338596,186.78511800000001
2025-02-11 05:00:00+00:00,185.03,186.94,184.28,185.31999999999999,21239519,289644,185.26607100000001
2025-02-12 05:00:00+00:00,183.22,185.11000000000001,181.83000000000001,183.61000000000001,22072559,330693,183.531296
2025-02-13 05:00:00+00:00,184.31999999999999,186.28,183.13999999999999,186.13999999999999,21402523,289687,184.821842
2025-02-14 05:00:00+00:00,185.05500000000001,186.40000000000001,184.31999999999999,185.22999999999999,20448437,314620,185.22570200000001
2025-02-18 05:00:00+00:00,185.59999999999999,185.96000000000001,181.74010000000001,183.77000000000001,29916675,445505,183.71739400000001
2025-02-19 05:00:00+00:00,184.06999999999999,185.46000000000001,183.59,185.27000000000001,19529444,274916,184.738238
2025-02-20 05:00:00+00:00,184.80000000000001,185.31,182.72,184.56,20441462,305782,184.18189799999999
2025-02-21 05:00:00+00:00,185.15000000000001,185.34,179.08000000000001,179.66,35199239,502343,181.07195100000001
2025-02-24 05:00:00+00:00,181.99000000000001,183.12,178.88499999999999,179.25,29854206,398796,180.38218499999999
2025-02-25 05:00:00+00:00,178.03999999999999,178.74000000000001,174.69390000000001,175.41999999999999,41913411,538759,176.12214299999999
2025-02-26 05:00:00+00:00,175.06999999999999,176.08000000000001,171.58070000000001,172.72999999999999,35431268,497010,173.63683399999999
2025-02-27 05:00:00+00:00,173.99000000000001,174.56,167.94,168.5,39991015,521290,169.96208999999999
2025-02-28 05:00:00+00:00,168.68000000000001,170.61000000000001,166.77000000000001,170.28,48130565,478174,169.17918399999999
2025-03-03 05:00:00+00:00,171.92500000000001,173.37,165.93000000000001,167.00999999999999,40770451,492112,168.68293600000001
2025-03-04 05:00:00+00:00,166.24000000000001,173.2946,165.80000000000001,170.91999999999999,45387996,628834,169.73359400000001
2025-03-05 05:00:00+00:00,170.52000000000001,173.78,169.06,173.02000000000001,30954922,403758,171.74288000000001
2025-03-06 05:00:00+00:00,170.53,174.81,170.5,172.34999999999999,28301953,396440,172.59537399999999
2025-03-07 05:00:00+00:00,171.25999999999999,174.97,170.27000000000001,173.86000000000001,27385813,391515,172.79163800000001
2025-03-10 04:00:00+00:00,168.25999999999999,168.46000000000001,163.69,165.87,43604027,729408,165.810599
2025-03-11 04:00:00+00:00,164.91,166.75,161.37,164.03999999999999,39587414,510578,164.31812199999999
2025-03-12 04:00:00+00:00,166.58000000000001,167.63990000000001,163.53,167.11000000000001,28372396,408251,166.146278
2025-03-13 04:00:00+00:00,166.035,166.13,162.11000000000001,162.75999999999999,31756214,394099,163.37717599999999
2025-03-14 04:00:00+00:00,163.27000000000001,166.49000000000001,162.44999999999999,165.49000000000001,31995894,426634,164.48133799999999
2025-03-17 04:00:00+00:00,165.03,166.30000000000001,163.66999999999999,164.28999999999999,31184335,370001,164.721001
2025-03-18 04:00:00+00:00,163.67500000000001,164.25,156.72,160.66999999999999,42074751,575950,159.74460199999999
2025-03-19 04:00:00+00:00,161.75999999999999,165.87,161,163.88999999999999,34275582,394050,163.49678700000001
2025-03-20 04:00:00+00:00,161.56999999999999,164.88999999999999,160.96000000000001,162.80000000000001,28138464,344966,162.894049
2025-03-21 04:00:00+00:00,161.20500000000001,164.24000000000001,160.89009999999999,163.99000000000001,36625764,295271,162.975843
2025-03-24 04:00:00+00:00,167.065,168.31999999999999,165.13999999999999,167.68000000000001,30879129,341183,167.35257999999999
2025-03-25 04:00:00+00:00,168.97999999999999,170.63,168.315,170.56,24174373,307722,169.89602099999999
2025-03-26 04:00:00+00:00,169,169.61000000000001,164.84,165.06,28939326,397728,166.640299
2025-03-27 04:00:00+00:00,164.63,165.41999999999999,162,162.24000000000001,24508273,371299,163.28740400000001
2025-03-28 04:00:00+00:00,160.49000000000001,161.81999999999999,153.63,154.33000000000001,48669335,707306,155.87062499999999
2025-03-31 04:00:00+00:00,153.11000000000001,155.53999999999999,150.66200000000001,154.63999999999999,54603335,605374,153.53074799999999
2025-04-01 04:00:00+00:00,153.62,158.09999999999999,153.62,157.06999999999999,30672899,465739,156.549735
2025-04-02 04:00:00+00:00,155.15000000000001,158.40520000000001,154.69999999999999,157.03999999999999,25041730,373451,156.71656300000001
2025-04-03 04:00:00+00:00,151.11000000000001,152.7799,150.38999999999999,150.72,46883360,718963,151.37302099999999
2025-04-04 04:00:00+00:00,148.00999999999999,151.06999999999999,145.38,145.59999999999999,62258205,977453,147.673934
2025-04-07 04:00:00+00:00,141.55000000000001,152.84999999999999,140.53,146.75,76794136,1272151,145.89750000000001
2025-04-08 04:00:00+00:00,151.22,152.24000000000001,143.03,144.69999999999999,52192771,875603,147.74961500000001
2025-04-09 04:00:00+00:00,144.41499999999999,159.55000000000001,143.905,158.71000000000001,70388272,1067988,153.144992
2025-04-10 04:00:00+00:00,156.53999999999999,157.72,149.93000000000001,152.81999999999999,48021972,827965,153.776353
2025-04-11 04:00:00+00:00,152.90000000000001,157.66999999999999,152.81999999999999,157.13999999999999,33636239,542050,156.21693999999999
2025-04-14 04:00:00+00:00,159.995,161.72,157.56,159.06999999999999,30332957,448552,159.61937900000001
2025-04-15 04:00:00+00:00,159.125,159.65000000000001,155.21000000000001,156.31,27551534,397094,156.85826299999999
2025-04-16 04:00:00+00:00,153.09999999999999,155.88999999999999,151.50999999999999,153.33000000000001,28187421,410388,153.522029
2025-04-17 04:00:00+00:00,154.28999999999999,154.68000000000001,148.5,151.16,33046436,479254,151.38897700000001
2025-04-21 04:00:00+00:00,148.88,148.94499999999999,146.09999999999999,147.66999999999999,26049115,394878,147.32962900000001
2025-04-22 04:00:00+00:00,148.88999999999999,152.19,148.53999999999999,151.47,26971750,375008,150.65744000000001
2025-04-23 04:00:00+00:00,155.61000000000001,157.52500000000001,153.81,155.34999999999999,31128833,453650,155.71324200000001
2025-04-24 04:00:00+00:00,156.15000000000001,159.59,155.78999999999999,159.28,45893951,589964,158.48237
2025-04-25 04:00:00+00:00,165.06999999999999,166.09999999999999,161.03999999999999,161.96000000000001,56033995,691977,162.94554600000001
2025-04-28 04:00:00+00:00,162.42500000000001,163.15000000000001,158.59999999999999,160.61000000000001,29745782,423036,160.353328
2025-04-29 04:00:00+00:00,160.32499999999999,160.74000000000001,157.52000000000001,160.16,26808958,366834,159.66400400000001
2025-04-30 04:00:00+00:00,157.97499999999999,159.27000000000001,155.40000000000001,158.80000000000001,34981059,419220,157.754052
2025-05-01 04:00:00+00:00,160.44999999999999,161.94999999999999,158.91,161.30000000000001,30203248,404711,160.95628099999999
2025-05-02 04:00:00+00:00,163.405,164.97,161.87,164.03,25715005,348172,163.840405
2025-05-05 04:00:00+00:00,163,165.38999999999999,162.72,164.21000000000001,21341814,284195,164.509467
2025-05-06 04:00:00+00:00,162.16999999999999,164.80000000000001,161.19,163.22999999999999,21277210,263734,163.28070199999999
2025-05-07 04:00:00+00:00,164.08000000000001,165,147.84,151.38,127747554,1676706,152.33323899999999
2025-05-08 04:00:00+00:00,155,155.93000000000001,152.90000000000001,154.28,57498692,787371,154.36348699999999
2025-05-09 04:00:00+00:00,154.16999999999999,155.05000000000001,152.19999999999999,152.75,32435281,472801,153.14268100000001
2025-05-12 04:00:00+00:00,157.48500000000001,159.09999999999999,156.25,158.46000000000001,44138818,665564,157.845202
2025-05-13 04:00:00+00:00,158.78999999999999,160.56999999999999,156.16,159.53,42382126,634984,159.11047300000001
2025-05-14 04:00:00+00:00,159.96000000000001,167,159.61000000000001,165.37,48755869,774355,164.25144499999999
2025-05-15 04:00:00+00:00,165.84,166.20500000000001,162.3732,163.96000000000001,33146669,515220,164.34626800000001
2025-05-16 04:00:00+00:00,167.72499999999999,169.34999999999999,165.62,166.19,42846925,671559,167.04598799999999
2025-05-19 04:00:00+00:00,164.50999999999999,166.63999999999999,164.22,166.53999999999999,30426097,445544,165.52700300000001
2025-05-20 04:00:00+00:00,166.43000000000001,168.5,162.90000000000001,163.97999999999999,46607656,696225,165.411868
2025-05-21 04:00:00+00:00,163.69,173.13999999999999,163.56,168.56,73415956,964766,169.87843599999999
2025-05-22 04:00:00+00:00,171.84999999999999,176.77000000000001,170.71000000000001,170.87,74864418,999932,173.434031
2025-05-23 04:00:00+00:00,169.05500000000001,169.96000000000001,167.88999999999999,168.47,35211439,541621,169.02334099999999
2025-05-27 04:00:00+00:00,170.16,173.16999999999999,170,172.90000000000001,37995670,542049,172.218356
2025-05-28 04:00:00+00:00,173.16,175.26499999999999,171.91069999999999,172.36000000000001,34783997,437665,172.989633
2025-05-29 04:00:00+00:00,174,174.41929999999999,170.63,171.86000000000001,29373803,430878,172.03636399999999
2025-05-30 04:00:00+00:00,171.34999999999999,172.20500000000001,167.44,171.74000000000001,52639911,515566,170.55131
2025-06-02 04:00:00+00:00,167.84,169.87,167.38999999999999,169.03,38612272,482622,168.864408
2025-06-03 04:00:00+00:00,167.49000000000001,168.47499999999999,165.28,166.18000000000001,45084903,611815,166.802369
2025-06-04 04:00:00+00:00,166.73500000000001,168.215,166.36000000000001,168.05000000000001,26900838,388052,167.440834
2025-06-05 04:00:00+00:00,170.34,170.93000000000001,167.59,168.21000000000001,36444564,488304,169.19458299999999
2025-06-06 04:00:00+00:00,170.83000000000001,174.5,170.83000000000001,173.68000000000001,35731832,514822,173.092444
2025-06-09 04:00:00+00:00,174.53999999999999,176.47,174.37,176.09,28935906,414305,175.74591699999999
2025-06-10 04:00:00+00:00,176.19999999999999,181.10499999999999,174.91,178.59999999999999,61766121,747275,178.744001
2025-06-11 04:00:00+00:00,179.77000000000001,180.37,176.75,177.34999999999999,31646757,412336,178.10770600000001
2025-06-12 04:00:00+00:00,176.18000000000001,176.72,174.745,175.69999999999999,20941873,320822,175.864417
2025-06-13 04:00:00+00:00,172.44,177.13,172.38499999999999,174.66999999999999,27663107,428532,175.151658
2025-06-16 04:00:00+00:00,174.72999999999999,176.94,174.65000000000001,176.77000000000001,27389208,380562,176.03982300000001
2025-06-17 04:00:00+00:00,175.69999999999999,177.3648,174.58000000000001,175.94999999999999,24973043,363089,176.182851
2025-06-18 04:00:00+00:00,176.00999999999999,176.56,173.19999999999999,173.31999999999999,28707524,416868,174.83457100000001
2025-06-20 04:00:00+00:00,173.94499999999999,174.34,165.46000000000001,166.63999999999999,75659917,782161,168.85563300000001
2025-06-23 04:00:00+00:00,166.27000000000001,167.34,162,165.19,57670985,848048,164.448903
2025-06-24 04:00:00+00:00,166.91999999999999,168.22,166.13,166.77000000000001,40524312,545799,167.166034
2025-06-25 04:00:00+00:00,167.63,172.36000000000001,167.55000000000001,170.68000000000001,35478989,519499,170.46547000000001
2025-06-26 04:00:00+00:00,172.43000000000001,173.69,169.94,173.53999999999999,31796690,466065,172.41875400000001
2025-06-27 04:00:00+00:00,173.53999999999999,178.68000000000001,171.72999999999999,178.53,108140200,786912,176.437299
2025-06-30 04:00:00+00:00,180.78,181.22999999999999,174.58000000000001,176.22999999999999,63378856,873359,177.03098
2025-07-01 04:00:00+00:00,175.73500000000001,176.09,173.53,175.84,35904526,535361,175.17871
2025-07-02 04:00:00+00:00,175.53999999999999,178.86000000000001,175.06999999999999,178.63999999999999,29128947,417766,177.73482999999999
2025-07-03 04:00:00+00:00,178.5,179.66999999999999,177.05000000000001,179.53,21689728,311865,178.77943200000001
2025-07-07 04:00:00+00:00,179.06,179.297,175.68000000000001,176.78999999999999,34175648,526644,176.983586
2025-07-08 04:00:00+00:00,177.84999999999999,177.94999999999999,172.81,174.36000000000001,40442535,575944,174.58228099999999
2025-07-09 04:00:00+00:00,175.25,179.44,172.77000000000001,176.62,43025594,634129,176.65888699999999
2025-07-10 04:00:00+00:00,175.63,178.429,174.38,177.62,29252166,491590,176.70702600000001
2025-07-11 04:00:00+00:00,176.785,181.43000000000001,176.47999999999999,180.19,34282922,496038,179.54995400000001
2025-07-14 04:00:00+00:00,181.00999999999999,183.66999999999999,179.68000000000001,181.56,32536632,497465,181.21303700000001
2025-07-15 04:00:00+00:00,182.81,184.22,181.59999999999999,182,33448251,502853,182.89121700000001
2025-07-16 04:00:00+00:00,183.23500000000001,184.327,182.03,182.97,33098711,500038,183.33073300000001
2025-07-17 04:00:00+00:00,182.13999999999999,184.06,180.47999999999999,183.58000000000001,31992212,499951,182.65715
2025-07-18 04:00:00+00:00,185.40000000000001,186.41999999999999,183.71000000000001,185.06,34013309,475732,185.06564399999999
2025-07-21 04:00:00+00:00,186.25,190.285,186.15000000000001,190.09999999999999,45803129,608298,189.27473599999999
2025-07-22 04:00:00+00:00,191.495,191.64500000000001,187.46000000000001,191.34,44660215,592950,190.325355
2025-07-23 04:00:00+00:00,191.5,192.53,189.18000000000001,190.22999999999999,58682048,827828,190.137024
2025-07-24 04:00:00+00:00,197.03,197.94999999999999,191,192.16999999999999,74881687,935487,193.50428500000001
2025-07-25 04:00:00+00:00,191.97999999999999,194.33000000000001,191.25999999999999,193.18000000000001,39785863,520013,193.20103499999999
2025-07-28 04:00:00+00:00,193.65000000000001,194.05000000000001,190.84,192.58000000000001,38139504,491278,192.15377100000001
2025-07-29 04:00:00+00:00,192.43000000000001,195.91999999999999,192.08000000000001,195.75,41389153,557550,194.546955
2025-07-30 04:00:00+00:00,195.59999999999999,197.59989999999999,194.685,196.53,32444670,437283,196.395905
2025-07-31 04:00:00+00:00,195.71000000000001,195.99000000000001,191.09,191.90000000000001,51329163,688809,192.560664
2025-08-01 04:00:00+00:00,189.02500000000001,190.83000000000001,187.81999999999999,189.13,34832181,561395,188.99550400000001
2025-08-04 04:00:00+00:00,190.28999999999999,195.27000000000001,190.12,195.03999999999999,31547350,491447,193.97568100000001
2025-08-05 04:00:00+00:00,194.71000000000001,197.85990000000001,193.88499999999999,194.66999999999999,31602340,425088,195.43343400000001
2025-08-06 04:00:00+00:00,194.5,196.63,193.66999999999999,196.09,21562908,342929,195.541392
2025-08-07 04:00:00+00:00,197.06,197.53999999999999,194.33000000000001,196.52000000000001,26321811,387454,196.164614
2025-08-08 04:00:00+00:00,197.22,202.61000000000001,197.16999999999999,201.41999999999999,39161826,540140,200.90486200000001
2025-08-11 04:00:00+00:00,200.935,201.47499999999999,199.06999999999999,201,25832435,405516,200.64860200000001
2025-08-12 04:00:00+00:00,201.36500000000001,204.5,200.59,203.34,30424452,472321,202.98268899999999
2025-08-13 04:00:00+00:00,204.13,204.53,197.51009999999999,201.96000000000001,28342922,471337,202.033852
2025-08-14 04:00:00+00:00,201.5,204.44,201.22499999999999,202.94,25230427,390790,203.10438099999999
2025-08-15 04:00:00+00:00,203.84999999999999,206.44,201.28,203.90000000000001,34931422,485743,204.75211200000001
2025-08-18 04:00:00+00:00,204.19999999999999,205.26499999999999,202.49000000000001,203.5,18526594,305584,203.60018500000001
2025-08-19 04:00:00+00:00,203.03,203.44,199.96000000000001,201.56999999999999,24240233,373971,201.224557
2025-08-20 04:00:00+00:00,200.72999999999999,201.28,196.595,199.31999999999999,28955498,458841,199.03768199999999
2025-08-21 04:00:00+00:00,199.745,202.47999999999999,199.43000000000001,199.75,19774633,305073,200.216159
2025-08-22 04:00:00+00:00,202.72999999999999,208.53999999999999,201.30000000000001,206.09,42827040,627430,205.420331
2025-08-25 04:00:00+00:00,206.43000000000001,210.52000000000001,205.28,208.49000000000001,29928878,493298,208.69384199999999
2025-08-26 04:00:00+00:00,207.50999999999999,207.84999999999999,205.69999999999999,207.13999999999999,28464130,365943,206.89804899999999
2025-08-27 04:00:00+00:00,205.69999999999999,208.91,205.65000000000001,207.47999999999999,23022850,367895,207.57273900000001
2025-08-28 04:00:00+00:00,207.25,212.22,206.90000000000001,211.63999999999999,32339307,410220,211.12232599999999
2025-08-29 04:00:00+00:00,210.50999999999999,214.64500000000001,210.19999999999999,212.91,39717856,472922,212.60725500000001
2025-09-02 04:00:00+00:00,208.44,211.67500000000001,206.19499999999999,211.34999999999999,47523037,681648,209.07605000000001
2025-09-03 04:00:00+00:00,226.21000000000001,231.31,224.78999999999999,230.66,103336125,1352607,228.95362
2025-09-04 04:00:00+00:00,229.65000000000001,232.37,226.11000000000001,232.30000000000001,51684167,648878,229.64626899999999
2025-09-05 04:00:00+00:00,232.19999999999999,235.75999999999999,231.90000000000001,235,46324706,689004,234.083731
2025-09-08 04:00:00+00:00,235.47,238.13,233.66999999999999,234.03999999999999,32474743,521219,235.23457400000001
2025-09-09 04:00:00+00:00,234.16499999999999,240.47,233.22900000000001,239.63,38060959,527732,237.85569899999999
2025-09-10 04:00:00+00:00,238.90000000000001,241.66,237.84999999999999,239.16999999999999,35141074,514894,239.71360899999999
2025-09-11 04:00:00+00:00,239.88,242.25,236.25,240.37,30593309,457661,239.74139600000001
2025-09-12 04:00:00+00:00,240.37,242.07499999999999,238,240.80000000000001,26771610,431474,240.39501999999999
2025-09-15 04:00:00+00:00,244.66,252.40989999999999,244.66,251.61000000000001,58383796,944502,249.793475
2025-09-16 04:00:00+00:00,252.08000000000001,253.03999999999999,249.47,251.16,34109720,561431,251.32145499999999
2025-09-17 04:00:00+00:00,251.22,251.59999999999999,246.28,249.53,34107992,565063,249.181803
2025-09-18 04:00:00+00:00,251.68000000000001,253.99000000000001,249.80000000000001,252.03,31239474,505525,251.70830100000001
2025-09-19 04:00:00+00:00,253.25,256,251.81,254.72,55571424,491026,254.296955
2025-09-22 04:00:00+00:00,254.43000000000001,255.78,250.30000000000001,252.53,32290538,569783,252.57549900000001
2025-09-23 04:00:00+00:00,253.03999999999999,254.36000000000001,250.47999999999999,251.66,26628016,465392,252.032051
2025-09-24 04:00:00+00:00,251.66,252.3501,246.44,247.13999999999999,28201003,512324,248.27930000000001
2025-09-25 04:00:00+00:00,244.40000000000001,246.49000000000001,240.74000000000001,245.78999999999999,31020383,583310,244.511867
2025-09-26 04:00:00+00:00,247.065,249.41999999999999,245.97,246.53999999999999,18503194,377156,246.95460199999999
2025-09-29 04:00:00+00:00,247.84999999999999,251.14859999999999,242.77000000000001,244.05000000000001,32505777,579955,246.082775
2025-09-30 04:00:00+00:00,242.81,243.28999999999999,239.245,243.09999999999999,34724346,612298,241.859264
2025-10-01 04:00:00+00:00,240.75,246.30000000000001,238.61000000000001,244.90000000000001,31658234,570870,242.862854
2025-10-02 04:00:00+00:00,245.15000000000001,246.81,242.30000000000001,245.69,25483298,535294,244.77538300000001
2025-10-03 04:00:00+00:00,244.49000000000001,246.30000000000001,241.655,245.34999999999999,30249559,660367,244.38320300000001
2025-10-06 04:00:00+00:00,244.78,251.31999999999999,244.58000000000001,250.43000000000001,28894653,614987,248.40673799999999
2025-10-07 04:00:00+00:00,248.27000000000001,250.44,245.52000000000001,245.75999999999999,23181285,574601,246.997546
2025-10-08 04:00:00+00:00,244.96000000000001,246.005,243.81999999999999,244.62,21307104,416121,244.79932299999999
2025-10-09 04:00:00+00:00,244.47,244.75999999999999,239.15000000000001,241.53,27892086,646752,241.33005600000001
2025-10-10 04:00:00+00:00,241.43000000000001,244.09,235.84,236.56999999999999,33180323,826805,238.83970500000001
2025-10-13 04:00:00+00:00,240.21000000000001,244.5,239.71000000000001,244.15000000000001,24995028,587324,242.667449
2025-10-14 04:00:00+00:00,241.22999999999999,247.12,240.50999999999999,245.44999999999999,22111572,562229,244.71772300000001
2025-10-15 04:00:00+00:00,247.245,252.11000000000001,245.99000000000001,251.03,27007690,564500,249.89400599999999
2025-10-16 04:00:00+00:00,251.76499999999999,256.95999999999998,250.101,251.46000000000001,27997159,678307,253.19967800000001
2025-10-17 04:00:00+00:00,250.75999999999999,254.22,247.81,253.30000000000001,29671629,602184,251.94052300000001
2025-10-20 04:00:00+00:00,254.69,257.32999999999998,254.22999999999999,256.55000000000001,22350077,493701,256.13778300000001
2025-10-21 04:00:00+00:00,254.74000000000001,254.88,244.15000000000001,250.46000000000001,47311841,910222,249.53165899999999
2025-10-22 04:00:00+00:00,254.37,256.36000000000001,249.28999999999999,251.69,35029370,675569,252.71035900000001
2025-10-23 04:00:00+00:00,252.97999999999999,255.03999999999999,251.84999999999999,253.08000000000001,19901325,401965,253.54494
2025-10-24 04:00:00+00:00,256.57999999999998,261.68000000000001,255.315,259.92000000000002,28655026,589417,259.88742999999999
2025-10-27 04:00:00+00:00,264.815,270.13999999999999,264.27999999999997,269.26999999999998,35235031,695870,267.499798
2025-10-28 04:00:00+00:00,269.69,270.73000000000002,266.5,267.47000000000003,29738554,605889,267.76384400000001
2025-10-29 04:00:00+00:00,267.75,275.33600000000001,267.67000000000002,274.56999999999999,43580177,885116,272.307006
2025-10-30 04:00:00+00:00,291.58999999999997,291.58999999999997,280.06,281.48000000000002,74875990,1390053,285.61136599999998
2025-10-31 04:00:00+00:00,283.20999999999998,286,277.02999999999997,281.19,39267645,863530,280.62373500000001
2025-11-03 05:00:00+00:00,282.17500000000001,285.52999999999997,279.80000000000001,283.72000000000003,29785996,657172,282.83831700000002
2025-11-04 05:00:00+00:00,276.75,281.26999999999998,276.25999999999999,277.54000000000002,30078369,669411,278.12861099999998
2025-11-05 05:00:00+00:00,278.87,286.41500000000002,277.33999999999997,284.31,31010302,682675,283.26020499999998
2025-11-06 05:00:00+00:00,285.32999999999998,288.35000000000002,281.13999999999999,284.75,37173648,758334,284.94705299999998
2025-11-07 05:00:00+00:00,283.20499999999998,283.77999999999997,275.19,278.82999999999998,34479588,767497,278.274542
2025-11-10 05:00:00+00:00,284.42000000000002,290.80000000000001,282.85500000000002,290.10000000000002,29557309,670001,288.41846800000002
2025-11-11 05:00:00+00:00,287.745,291.91500000000002,287.31999999999999,291.31,19842136,522742,290.06197300000002
2025-11-12 05:00:00+00:00,291.67500000000001,292.005,283.69,286.70999999999998,24829923,573861,286.631575
2025-11-13 05:00:00+00:00,282.33999999999997,282.83999999999997,277.24000000000001,278.56999999999999,29494040,687702,279.21909900000003
2025-11-14 05:00:00+00:00,271.40499999999997,278.56,270.69999999999999,276.41000000000003,31647227,741639,276.01307300000002
2025-11-17 05:00:00+00:00,285.77499999999998,293.94999999999999,283.56999999999999,285.01999999999998,52670192,1081322,287.90287899999998
2025-11-18 05:00:00+00:00,287.91500000000002,288.80000000000001,278.19999999999999,284.27999999999997,49158743,968973,284.70218
2025-11-19 05:00:00+00:00,287.16000000000003,303.81,286.63,292.81,68198944,1112215,296.28370999999999
2025-11-20 05:00:00+00:00,304.54000000000002,306.42000000000002,288.67000000000002,289.44999999999999,62025218,1167333,297.228768
2025-11-21 05:00:00+00:00,296.41500000000002,303.92000000000002,293.84500000000003,299.66000000000003,74137697,1248474,299.15098999999998
2025-11-24 05:00:00+00:00,311.13,319.48000000000002,309.59500000000003,318.57999999999998,85165123,1289607,316.74238000000003
2025-11-25 05:00:00+00:00,326.20999999999998,328.82999999999998,317.64999999999998,323.44,88632074,1528699,323.05302999999998
2025-11-26 05:00:00+00:00,320.68000000000001,324.5,316.79000000000002,319.94999999999999,51373361,992243,319.66525999999999
2025-11-28 05:00:00+00:00,323.36500000000001,326.85000000000002,316.79000000000002,320.18000000000001,26018568,595232,320.26905599999998
2025-12-01 05:00:00+00:00,317.69999999999999,319.85000000000002,313.88999999999999,314.88999999999999,41182956,749299,316.282937
2025-12-02 05:00:00+00:00,316.74000000000001,318.38,313.91000000000003,315.81,35854744,681420,315.99940800000002
2025-12-03 05:00:00+00:00,315.88999999999999,321.57999999999998,314.10000000000002,319.63,41838317,746645,319.19843800000001
2025-12-04 05:00:00+00:00,322.22500000000002,322.36000000000001,314.69999999999999,317.62,31240924,647575,317.07655899999997
2025-12-05 05:00:00+00:00,319.49000000000001,323.16000000000003,319.16500000000002,321.26999999999998,28851705,603664,321.06593600000002
2025-12-08 05:00:00+00:00,320.05000000000001,320.44,311.22190000000001,313.72000000000003,33909433,811306,314.81710399999997
2025-12-09 05:00:00+00:00,312.37,317.99000000000001,311.89499999999998,317.07999999999998,30194027,588025,315.43821400000002
2025-12-10 05:00:00+00:00,315.82999999999998,321.31,314.68000000000001,320.20999999999998,33428923,610890,318.47422799999998
2025-12-11 05:00:00+00:00,320.07999999999998,321.12,308.60000000000002,312.43000000000001,42353697,806144,313.49828400000001
2025-12-12 05:00:00+00:00,313.69999999999999,314.87,305.56,309.29000000000002,35940170,763902,309.37736200000001
2025-12-15 05:00:00+00:00,311.315,311.42000000000002,304.88,308.22000000000003,29151889,726089,307.84582799999998
2025-12-16 05:00:00+00:00,304.94499999999999,310.76999999999998,302.58999999999997,306.56999999999999,30585020,627117,306.06692399999997
2025-12-17 05:00:00+00:00,308.00999999999999,308.08999999999997,296.12,296.72000000000003,43930358,915364,298.64552400000002
2025-12-18 05:00:00+00:00,301.72000000000003,303.95999999999998,299.23079999999999,302.45999999999998,33518048,624441,302.12750599999998
2025-12-19 05:00:00+00:00,301.73000000000002,307.25,300.97000000000003,307.16000000000003,59943239,585029,305.30906499999998
2025-12-22 05:00:00+00:00,309.875,310.13,305.30000000000001,309.77999999999997,26429937,561618,308.73433699999998
2025-12-23 05:00:00+00:00,309.625,314.94,309.31999999999999,314.35000000000002,25478670,534869,313.551605
2025-12-24 05:00:00+00:00,314.76999999999998,315.07999999999998,311.92000000000002,314.08999999999997,10097361,310462,313.43064399999997
2025-12-26 05:00:00+00:00,314.48000000000002,315.08499999999998,312.27499999999998,313.50999999999999,10899017,389768,313.51769100000001
2025-12-29 05:00:00+00:00,311.36500000000001,314.01999999999998,310.62,313.56,19621777,544541,312.73009000000002
2025-12-30 05:00:00+00:00,312.5,316.94999999999999,312.45999999999998,313.85000000000002,17380888,451058,314.13052599999997
2025-12-31 05:00:00+00:00,312.84500000000003,314.57999999999998,311.44,313,16377689,390329,313.26673399999999
2026-01-02 05:00:00+00:00,316.89999999999998,322.5,310.32999999999998,315.14999999999998,32009385,742340,315.76168100000001
2026-01-05 05:00:00+00:00,317.65499999999997,319.01499999999999,314.63,316.54000000000002,30157319,713481,316.53229900000002
2026-01-06 05:00:00+00:00,316.39999999999998,320.94,311.77999999999997,314.33999999999997,31212101,722857,314.54792099999997
2026-01-07 05:00:00+00:00,314.36000000000001,326.14999999999998,314.19,321.98000000000002,35104425,784837,321.30879800000002
2026-01-08 05:00:00+00:00,328.96499999999997,330.31959999999998,321.5,325.44,31896101,728941,325.75741399999998
2026-01-09 05:00:00+00:00,327.08999999999997,330.82999999999998,325.80000000000001,328.56999999999999,26214166,625087,329.05031300000002
2026-01-12 05:00:00+00:00,325.80000000000001,334.04000000000002,325,331.86000000000001,33923928,719012,329.81295799999998
2026-01-13 05:00:00+00:00,334.94999999999999,340.49000000000001,333.62,335.97000000000003,33517607,827559,337.09032000000002
2026-01-14 05:00:00+00:00,335.06,336.51999999999998,330.48000000000002,335.83999999999997,28525571,724581,334.18192099999999
2026-01-15 05:00:00+00:00,337.64999999999998,337.69,330.74000000000001,332.77999999999997,28442406,718232,333.05973299999999
2026-01-16 05:00:00+00:00,334.41000000000003,334.64999999999998,327.69999999999999,330,40341637,709402,330.568533
2026-01-20 05:00:00+00:00,320.87,327.73000000000002,320.43000000000001,322,35361045,969446,323.21662600000002
2026-01-21 05:00:00+00:00,320.92000000000002,332.47989999999999,319.35180000000003,328.38,35386603,803690,327.54828199999997
2026-01-22 05:00:00+00:00,334.44999999999999,335.14999999999998,328.75,330.54000000000002,26253640,629494,331.46314799999999
2026-01-23 05:00:00+00:00,332.48500000000001,333.68889999999999,327.44999999999999,327.93000000000001,27279974,653928,329.344944
2026-01-26 05:00:00+00:00,327.80500000000001,335.83999999999997,327,333.25999999999999,26042120,640594,332.978589
2026-01-27 05:00:00+00:00,335.36500000000001,337.91000000000003,333.48000000000002,334.55000000000001,21636164,557929,335.53792700000002
2026-01-28 05:00:00+00:00,336.06,337.53500000000003,331.94,336.00999999999999,27434434,640077,335.347623
2026-01-29 05:00:00+00:00,340.30000000000001,342.29000000000002,326.54000000000002,338.25,39785612,886283,334.339427
2026-01-30 05:00:00+00:00,340,340,332.28500000000003,338,31023954,662090,337.654518
2026-02-02 05:00:00+00:00,336.22000000000003,344.82999999999998,335.63,343.69,32006052,758507,342.122186
2026-02-03 05:00:00+00:00,347.33999999999997,349,337.47449999999998,339.70999999999998,36506709,838032,341.55708800000002
2026-02-04 05:00:00+00:00,342.95999999999998,343.31,328.51999999999998,333.04000000000002,70618398,1538878,333.79638399999999
2026-02-05 05:00:00+00:00,312.22000000000003,332.69,306.45999999999998,331.25,88207175,1900401,323.32402400000001
2026-02-06 05:00:00+00:00,327.18000000000001,330.38,319.92000000000002,322.86000000000001,56380484,1284323,323.47275400000001
2026-02-09 05:00:00+00:00,320.93000000000001,327.69999999999999,317.25999999999999,324.31999999999999,39640055,964316,323.82512300000002
2026-02-10 05:00:00+00:00,320.97000000000003,321.67000000000002,314.61000000000001,318.57999999999998,39170012,937012,318.518508
2026-02-11 05:00:00+00:00,318.97000000000003,321.06,309.66000000000003,310.95999999999998,45406405,1172669,312.32503200000002
2026-02-12 05:00:00+00:00,312.08999999999997,316.24000000000001,307.19999999999999,309,47761288,1081264,311.121712
2026-02-13 05:00:00+00:00,307.72500000000002,308.63,303.70999999999998,305.72000000000003,38499701,918501,306.12043
2026-02-17 05:00:00+00:00,300.04000000000002,304.435,296.25,302.01999999999998,39247556,1007340,300.668251
2026-02-18 05:00:00+00:00,302.08999999999997,305.38,301.25,303.32999999999998,28482075,699993,303.28061300000002
2026-02-19 05:00:00+00:00,301.81999999999999,305.47000000000003,300.04000000000002,302.85000000000002,25834395,635442,303.25058000000001
2026-02-20 05:00:00+00:00,304.31999999999999,316.5,303.89999999999998,314.98000000000002,53210820,959783,313.39862399999998
2026-02-23 05:00:00+00:00,319.04500000000002,319.51499999999999,309.86500000000001,311.49000000000001,31591751,779744,313.87275199999999
2026-02-24 05:00:00+00:00,310.51499999999999,312.26999999999998,305.93000000000001,310.89999999999998,25769181,640222,309.987638
2026-02-25 05:00:00+00:00,312.06,313.63999999999999,309.44,312.89999999999998,30120498,719294,311.745476
2026-02-26 05:00:00+00:00,312.63999999999999,313.13999999999999,302.34500000000003,307.38,36602149,951433,306.44615800000003
2026-02-27 05:00:00+00:00,304.13499999999999,312.37,303.80000000000001,311.75999999999999,44794089,730449,309.695266
2026-03-02 05:00:00+00:00,303.22500000000002,308.49000000000001,301.30000000000001,306.51999999999998,34973580,804552,305.94005499999997
2026-03-03 05:00:00+00:00,298.58999999999997,303.94,296.70999999999998,303.57999999999998,35622439,853289,301.412058
2026-03-04 05:00:00+00:00,302.88999999999999,305.47000000000003,300.75,303.13,29688656,671860,303.27992399999999
2026-03-05 05:00:00+00:00,303.03500000000003,303.30000000000001,297.99000000000001,300.88,35912722,825497,299.97931699999998
2026-03-06 05:00:00+00:00,296.08999999999997,300.52999999999997,295.18000000000001,298.51999999999998,25727327,679106,298.59143599999999
2026-03-09 04:00:00+00:00,294.36000000000001,306.80000000000001,294.07999999999998,306.36000000000001,29480315,738786,301.45822199999998
2026-03-10 04:00:00+00:00,306.17000000000002,309.50999999999999,305.57040000000001,307.04000000000002,23387156,611005,307.53085199999998
2026-03-11 04:00:00+00:00,306.75,311.42000000000002,305.92000000000002,308.69999999999999,24266525,572157,308.74198100000001
2026-03-12 04:00:00+00:00,306.81999999999999,308.94,301.02999999999997,303.55000000000001,25073525,611701,303.78495199999998
2026-03-13 04:00:00+00:00,307.00999999999999,307.69,300.44,302.27999999999997,23839120,600400,303.16256700000002
2026-03-16 04:00:00+00:00,304.35000000000002,306.48860000000002,303.02010000000001,305.56,23678927,571130,304.96781299999998
2026-03-17 04:00:00+00:00,305.86000000000001,311.42000000000002,305.5,310.92000000000002,22094688,518667,309.18765400000001
2026-03-18 04:00:00+00:00,309.26999999999998,312.47000000000003,306.93200000000002,307.69,20149451,492113,309.06934100000001
2026-03-19 04:00:00+00:00,304.005,308.06,302.35000000000002,307.13,25214640,597975,305.68096600000001
2026-03-20 04:00:00+00:00,305.45999999999998,306,298.26999999999998,301,44515212,702761,301.61745300000001
2026-03-23 04:00:00+00:00,302.11000000000001,305.98000000000002,300.93000000000001,302.06,29482140,715626,303.04456099999999
2026-03-24 04:00:00+00:00,299.19999999999999,299.92000000000002,290.32999999999998,290.44,37024561,867552,293.470122
2026-03-25 04:00:00+00:00,293.44,296,289.24000000000001,290.93000000000001,29616591,800763,291.274812
2026-03-26 04:00:00+00:00,287.91000000000003,287.94999999999999,278.5,280.92000000000002,39242221,978675,283.10600099999999
2026-03-27 04:00:00+00:00,277.27499999999998,279.37,273.94999999999999,274.33999999999997,36054897,873026,275.99079999999998
2026-03-30 04:00:00+00:00,276.42000000000002,277.08999999999997,272.11000000000001,273.5,35307166,758861,273.89434699999998
2026-03-31 04:00:00+00:00,278.04000000000002,288.07999999999998,277.08999999999997,287.56,44019130,813231,285.03007100000002
2026-04-01 04:00:00+00:00,290.83499999999998,300.51999999999998,290.41000000000003,297.38999999999999,37831795,840032,296.75796500000001
2026-04-02 04:00:00+00:00,290.69,298.07999999999998,289.44999999999999,295.76999999999998,21804168,526429,294.804755
2026-04-06 04:00:00+00:00,295.87,300.62,295.18000000000001,299.99000000000001,17106087,473500,298.92660599999999
2026-04-07 04:00:00+00:00,302.72500000000002,305.63,297.72000000000003,305.45999999999998,23341373,527102,302.648257
2026-04-08 04:00:00+00:00,320.44499999999999,322.07999999999998,315.01999999999998,317.31999999999999,33696459,711920,317.64963899999998
2026-04-09 04:00:00+00:00,315.90499999999997,319.54000000000002,311.06,318.49000000000001,23875514,515446,316.27212600000001
2026-04-10 04:00:00+00:00,320.01499999999999,321.82999999999998,316.31999999999999,317.24000000000001,19293345,463290,318.131686
2026-04-13 04:00:00+00:00,317.13499999999999,321.63,315.47000000000003,321.31,19019506,498973,319.62849399999999
2026-04-14 04:00:00+00:00,324.78500000000003,333.29000000000002,323.75,332.91000000000003,27872889,668914,330.41276900000003
2026-04-15 04:00:00+00:00,332.88999999999999,337.48000000000002,330.89999999999998,337.12,25066811,588919,335.21585900000002
2026-04-16 04:00:00+00:00,338.75,339.88,334.51999999999998,336.01999999999998,20686149,508818,336.42077999999998
2026-04-17 04:00:00+00:00,337.64999999999998,342.31999999999999,336.24000000000001,341.68000000000001,25730461,556722,339.80684400000001
2026-04-20 04:00:00+00:00,340.755,341.39999999999998,336.61000000000001,337.42000000000002,18827626,388331,338.29998899999998
2026-04-21 04:00:00+00:00,337.685,339.33999999999997,331.35000000000002,332.29000000000002,23273791,529699,334.39255000000003
2026-04-22 04:00:00+00:00,337.01999999999998,339.81999999999999,335.17000000000002,339.31999999999999,20436894,507914,338.00729699999999
2026-04-23 04:00:00+00:00,341.18000000000001,341.95999999999998,336.18000000000001,338.88999999999999,18793630,509032,339.47656699999999
2026-04-24 04:00:00+00:00,338.72500000000002,345.26999999999998,335.38999999999999,344.39999999999998,26578126,632020,342.02846199999999
2026-04-27 04:00:00+00:00,345.98000000000002,353.18000000000001,342.73000000000002,350.33999999999997,28635337,576652,350.013486
2026-04-28 04:00:00+00:00,348.55000000000001,352.42000000000002,346.12,349.77999999999997,27975841,628104,349.714699
2026-04-29 04:00:00+00:00,347.565,355.79000000000002,344.20999999999998,349.94,35530319,847777,350.45749999999998
2026-04-30 04:00:00+00:00,374.06999999999999,385.83999999999997,365.81999999999999,384.80000000000001,72219248,1305884,377.61505
2026-05-01 04:00:00+00:00,381.63,386.75999999999999,379.05000000000001,385.69,30281789,805051,384.174601
2026-05-04 04:00:00+00:00,385.63,387.38,379.79000000000002,383.25,26489577,743844,382.97504300000003
2026-05-05 04:00:00+00:00,386.23000000000002,392.81990000000002,384.01999999999998,388.43000000000001,24048031,700953,387.89956100000001
2026-05-06 04:00:00+00:00,394.245,399.84989999999999,392.75999999999999,398.04000000000002,31486705,851377,396.61898600000001
2026-05-07 04:00:00+00:00,399.92000000000002,400.10000000000002,392.68000000000001,397.99000000000001,24612602,751409,396.61510800000002
2026-05-08 04:00:00+00:00,397,402,396.36000000000001,400.80000000000001,21642956,645413,399.64739500000002
2026-05-11 04:00:00+00:00,393.64499999999998,397.44,388.47000000000003,388.63999999999999,30982044,858458,391.93153699999999
2026-05-12 04:00:00+00:00,387.33999999999997,388.51999999999998,382.76999999999998,387.35000000000002,26203923,748001,386.32834600000001
2026-05-13 04:00:00+00:00,385.59500000000003,403.69999999999999,385,402.62,28327334,767409,398.37122399999998
2026-05-14 04:00:00+00:00,397.27999999999997,402.93000000000001,395.83999999999997,401.06999999999999,21326112,712826,399.68229500000001
2026-05-15 04:00:00+00:00,396.315,399.53989999999999,393.18000000000001,396.77999999999997,20494206,633435,396.75160599999998
2026-05-18 04:00:00+00:00,395.685,408.61000000000001,394.52999999999997,396.94,27043188,838130,401.38644099999999
2026-05-19 04:00:00+00:00,396.95999999999998,397.14999999999998,386.11000000000001,387.66000000000003,39740531,913557,389.56669599999998
2026-05-20 04:00:00+00:00,387.69999999999999,393.85989999999998,382.89999999999998,388.91000000000003,31936231,804359,387.20994999999999
2026-05-21 04:00:00+00:00,385.69999999999999,392.5,383.01999999999998,387.66000000000003,25035987,678895,387.82003300000002
2026-05-22 04:00:00+00:00,387.34500000000003,388.74000000000001,381.77159999999998,382.97000000000003,20638120,647207,384.85034100000001
2026-05-26 04:00:00+00:00,384.50999999999999,389.25990000000002,382.60000000000002,388.88,27942271,765901,387.13353699999999
2026-05-27 04:00:00+00:00,386.66500000000002,393.88,385.89999999999998,388.82999999999998,23273914,688471,390.21050300000002
2026-05-28 04:00:00+00:00,388,391.87,385.16000000000003,390.13,24538593,611419,389.61977999999999
2026-05-29 04:00:00+00:00,385.24000000000001,385.24000000000001,378.45999999999998,380.33999999999997,44630664,911872,381.571618
2026-06-01 04:00:00+00:00,376.51999999999998,378.56,373.51999999999998,376.37,28917627,914017,376.23108200000001
2026-06-02 04:00:00+00:00,366.58999999999997,373.54000000000002,358.44,361.85000000000002,50647013,1380210,364.80938300000003
2026-06-03 04:00:00+00:00,362.02999999999997,366.44999999999999,358.07999999999998,358.99000000000001,55652061,1206374,360.96244999999999
2026-06-04 04:00:00+00:00,358.89999999999998,373.24990000000003,358.20999999999998,372.19,44246781,951336,369.71408600000001
2026-06-05 04:00:00+00:00,366.33999999999997,372.07999999999998,364.1207,368.52999999999997,37667623,1002367,368.36908899999997
2026-06-08 04:00:00+00:00,365.18000000000001,366.19999999999999,360.53089999999997,363.31,28162999,819583,363.20968399999998
2026-06-09 04:00:00+00:00,367.08999999999997,372.07999999999998,357.30000000000001,364.25999999999999,29709199,852491,364.38281599999999
2026-06-10 04:00:00+00:00,363.19,368.55500000000001,355.19999999999999,356.38,32546391,856645,359.83842900000002
2026-06-11 04:00:00+00:00,355.92500000000001,358.80000000000001,346.36000000000001,357.76999999999998,35743050,1002425,352.33363300000002
2026-06-12 04:00:00+00:00,362.62,366.56999999999999,354.94,359.68000000000001,24919628,716187,361.11152700000002
2026-06-15 04:00:00+00:00,367.93000000000001,372.99000000000001,366.55000000000001,369.35000000000002,27933377,728198,369.91094500000003
2026-06-16 04:00:00+00:00,369.60000000000002,376,367.06,373.25,25058565,713467,372.23358300000001
2026-06-17 04:00:00+00:00,369.125,372.32999999999998,362.01999999999998,363.79000000000002,24733450,713165,364.95558499999999
2026-06-18 04:00:00+00:00,365.75,369.48000000000002,358.67000000000002,368.02999999999997,44648351,715873,366.593569
2026-06-22 04:00:00+00:00,357.94499999999999,358.92000000000002,341.72190000000001,349.68000000000001,53090019,1396723,348.60167200000001
2026-06-23 04:00:00+00:00,340.69,349.29000000000002,340.19999999999999,346.13,34192065,825520,346.33941600000003
2026-06-24 04:00:00+00:00,349.03500000000003,353.476,341.93000000000001,345.29000000000002,45179150,920868,346.84395000000001
2026-06-25 04:00:00+00:00,336.73000000000002,345.56999999999999,335.83999999999997,343.70999999999998,44754019,978622,341.79200100000003
2026-06-26 04:00:00+00:00,342.55000000000001,346.36000000000001,330.19999999999999,337.38999999999999,114886148,960976,338.52775000000003
2026-06-29 04:00:00+00:00,341.82499999999999,354.35000000000002,340.67000000000002,353.64999999999998,34404192,793838,350.97603199999998
2026-06-30 04:00:00+00:00,353.86500000000001,358.62,350.39999999999998,357.37,35407911,684231,356.18398999999999
2026-07-01 04:00:00+00:00,358.37,362.97000000000003,356.43000000000001,361.20999999999998,26909885,685694,360.14713499999999
2026-07-02 04:00:00+00:00,359.48000000000002,364.20499999999998,353.42000000000002,359.91000000000003,26170888,673931,359.03885300000002
2026-07-06 04:00:00+00:00,361.55000000000001,367.93000000000001,357.38049999999998,366.45999999999998,27114097,707888,364.38177300000001
2026-07-07 04:00:00+00:00,369.06999999999999,373.16000000000003,365.5,367.02999999999997,24211119,670614,368.80907300000001
2026-07-08 04:00:00+00:00,364.75999999999999,367.83999999999997,358.01999999999998,361.92000000000002,22260447,558886,361.44324599999999
2026-07-09 04:00:00+00:00,354.31,359.64999999999998,351.07999999999998,358.88999999999999,24899650,647300,355.94090299999999
2026-07-10 04:00:00+00:00,357.52499999999998,357.81999999999999,352.75,357.18000000000001,18319907,548484,355.86064699999997
2026-07-13 04:00:00+00:00,356.19,358.13,351.75,352.50999999999999,16099880,580172,354.42492099999998
2026-07-14 04:00:00+00:00,351.19499999999999,360.16000000000003,351.08999999999997,359.50999999999999,18421691,551274,357.70508100000001
2026-07-15 04:00:00+00:00,357.97000000000003,373.64999999999998,357.75999999999999,370.92000000000002,28455891,727603,369.49527599999999
2026-07-16 04:00:00+00:00,373.06,375.26999999999998,352.30009999999999,354.45999999999998,41324112,917417,362.44629099999997
2026-07-17 04:00:00+00:00,346,348.51999999999998,341.36000000000001,346.76999999999998,30148435,755133,345.93031400000001
2026-07-20 04:00:00+00:00,350.88,359.68000000000001,350.51999999999998,351.99000000000001,24914940,646450,354.34166699999997
2026-07-21 04:00:00+00:00,351.31999999999999,351.31999999999999,347,347.14999999999998,23538906,649064,348.60489899999999
2026-07-22 04:00:00+00:00,348.15499999999997,349.94,341.73000000000002,342.08999999999997,39500502,1122716,345.60561100000001
2026-07-23 04:00:00+00:00,321.13,324.49000000000001,314.89999999999998,317.69,69666134,1901158,319.16795200000001
2026-07-24 04:00:00+00:00,318.42000000000002,324.18000000000001,317.31999999999999,319.74000000000001,31980833,849132,320.09152
2026-07-27 04:00:00+00:00,325.04000000000002,330.42000000000002,324.44999999999999,326.56,28657761,759719,327.44627000000003
2026-07-28 04:00:00+00:00,327.89999999999998,335.88,324.44,333.70999999999998,29671604,733060,331.85163
2026-07-29 04:00:00+00:00,334.66500000000002,342.5,331.62,336.70999999999998,27655180,727116,336.37738100000001
2026-07-30 04:00:00+00:00,334.19499999999999,336.50999999999999,330.33999999999997,333.66000000000003,30325969,770422,333.33080200000001
2026-07-31 04:00:00+00:00,340.82999999999998,358.57999999999998,340,356.13,46655871,951685,352.269136
2026-08-03 04:00:00+00:00,365.44499999999999,376.69319999999999,363.35000000000002,373.50999999999999,38866198,980418,372.41291699999999
2026-08-04 04:00:00+00:00,368.22000000000003,380.51999999999998,367.5,377.64999999999998,35885566,831414,376.72982100000002
2026-08-05 04:00:00+00:00,383.33999999999997,384.48000000000002,356.76999999999998,362.43000000000001,47081721,1064216,366.14042999999998
2026-08-06 04:00:00+00:00,360.76999999999998,364.1259,356.88,357.75,25394741,688857,359.16850199999999
2026-08-07 04:00:00+00:00,356.72000000000003,358.89999999999998,353.77999999999997,354.30000000000001,20030424,608442,355.26944099999997
2026-08-10 04:00:00+00:00,355.17500000000001,357.61000000000001,352.70999999999998,357.51999999999998,19173275,578812,355.43435699999998
2026-08-11 04:00:00+00:00,355.88999999999999,356.81,343.38999999999999,343.80000000000001,29259238,771613,347.20983000000001
2026-08-12 04:00:00+00:00,346.31,346.48000000000002,340.88,343.54000000000002,25176982,723021,343.08395100000001
2026-08-13 04:00:00+00:00,345.76999999999998,347.93000000000001,343.75999999999999,346.36000000000001,18021238,562335,345.98279400000001
2026-08-14 04:00:00+00:00,346.80000000000001,350.44999999999999,344.5,345.89999999999998,17974076,519482,346.16936099999998
2026-08-17 04:00:00+00:00,346.26499999999999,347.25,341.93000000000001,344,18485440,609040,343.93604399999998
2026-08-18 04:00:00+00:00,342.40499999999997,344.86989999999997,340.19,344.19999999999999,19407811,570926,343.41073399999999
2026-08-19 04:00:00+00:00,342.45499999999998,346.73000000000002,340.66000000000003,344.72000000000003,19895441,579267,344.35353099999998
2026-08-20 04:00:00+00:00,343.06,343.89999999999998,338.56509999999997,340.67000000000002,18736733,571374,340.83937200000003
2026-08-21 04:00:00+00:00,342.57499999999999,346.19999999999999,340.39999999999998,344.81999999999999,21002428,488872,343.99409000000003
2026-08-24 04:00:00+00:00,343.61500000000001,351.60000000000002,342.49000000000001,348.06,26621087,737968,348.824838
2026-08-25 04:00:00+00:00,349.63999999999999,350.16000000000003,345.60000000000002,346.95999999999998,20802092,464832,347.08580599999999
2026-08-26 04:00:00+00:00,346.62,346.88,340.18000000000001,342,20583222,538685,342.36948000000001
2026-08-27 04:00:00+00:00,339.67000000000002,341.69,338.51999999999998,340.64999999999998,23552110,567197,340.50904600000001
2026-08-28 04:00:00+00:00,340.70499999999998,349.13999999999999,340.26999999999998,346.58999999999997,25496895,564717,346.18246599999998
2026-08-31 04:00:00+00:00,343.82499999999999,344.58999999999997,337.15600000000001,339.35000000000002,33843785,682006,339.24733199999997
2026-09-01 04:00:00+00:00,336,337.19999999999999,333.05000000000001,335.01999999999998,23509457,651069,335.25901800000003
2026-09-02 04:00:00+00:00,334.06,340,332.81999999999999,337.12,22727273,594986,337.19564800000001
2026-09-03 04:00:00+00:00,340.56,344.68000000000001,340.06,342.48000000000002,20869223,549623,342.54301199999998
2026-09-04 04:00:00+00:00,342.46499999999997,343.52999999999997,337.08999999999997,338.45999999999998,23348231,617545,338.957177
2026-09-08 04:00:00+00:00,335.42000000000002,339.68000000000001,333.22000000000003,338.36000000000001,23121276,734736,337.08763599999997
2026-09-09 04:00:00+00:00,331.64999999999998,331.85000000000002,327.89999999999998,330.64999999999998,33385962,945512,330.00145800000001
2026-09-10 04:00:00+00:00,328.22500000000002,333.23000000000002,327.74000000000001,332.60000000000002,23706913,559583,331.29866600000003
2026-09-11 04:00:00+00:00,335.02999999999997,342.98000000000002,335.02999999999997,338.5,24850245,567793,339.427933
2026-09-14 04:00:00+00:00,343.12,349.91000000000003,342.1361,349.38999999999999,36048310,784369,346.962332
2026-09-15 04:00:00+00:00,346.80000000000001,348.06999999999999,342.69999999999999,344.98000000000002,22071693,508648,344.74376100000001
2026-09-16 04:00:00+00:00,347.07999999999998,348.39999999999998,340.63999999999999,342.87,19065708,482109,344.25903899999997
2026-09-17 04:00:00+00:00,348.67500000000001,349.5,343.88569999999999,347.32999999999998,19375167,508598,346.62862799999999
