timestamp,open,high,low,close,volume,trade_count,vwap
2016-01-04 05:00:00+00:00,82.900000000000006,83.430000000000007,81.245000000000005,81.819999999999993,624729,6047,81.879450000000006
2016-01-05 05:00:00+00:00,81.799999999999997,82.340000000000003,80.790000000000006,81.530000000000001,652775,6008,81.447975999999997
2016-01-06 05:00:00+00:00,80.189999999999998,81.230000000000004,78.718999999999994,79.120000000000005,685453,7938,79.706941
2016-01-07 05:00:00+00:00,77.359999999999999,78.560000000000002,76.489999999999995,76.760000000000005,810010,8531,77.251997000000003
2016-01-08 05:00:00+00:00,77.680000000000007,77.680000000000007,75.540000000000006,75.730000000000004,763848,7268,76.338080000000005
2016-01-11 05:00:00+00:00,75.849999999999994,76.620000000000005,75.129999999999995,76.370000000000005,733595,7747,75.943535999999995
2016-01-12 05:00:00+00:00,77.310000000000002,78.939999999999998,76.760000000000005,78.450000000000003,872424,8810,78.158457999999996
2016-01-13 05:00:00+00:00,78.510000000000005,78.959999999999994,74.044200000000004,74.349999999999994,672269,7110,75.397210999999999
2016-01-14 05:00:00+00:00,74.769999999999996,76.150000000000006,73.010000000000005,75.150000000000006,682521,6757,74.856808999999998
2016-01-15 05:00:00+00:00,73.409999999999997,75.049999999999997,72.359999999999999,74.859999999999999,797201,9201,73.885998999999998
2016-01-19 05:00:00+00:00,75.659999999999997,75.769999999999996,72.75,73.739999999999995,601751,5880,73.964169999999996
2016-01-20 05:00:00+00:00,72.260000000000005,73.730000000000004,69.959999999999994,72.769999999999996,596799,7205,71.821280000000002
2016-01-21 05:00:00+00:00,73.159999999999997,73.314999999999998,71.439999999999998,71.480000000000004,690309,7361,72.053837999999999
2016-01-22 05:00:00+00:00,72.930000000000007,74.069999999999993,72.140000000000001,73.939999999999998,1037828,9152,73.205606000000003
2016-01-25 05:00:00+00:00,73.700000000000003,74.230000000000004,72.390000000000001,72.629999999999995,458053,4904,73.022385999999997
2016-01-26 05:00:00+00:00,72.829999999999998,74.939999999999998,72.689999999999998,74.439999999999998,566557,6053,74.303057999999993
2016-01-27 05:00:00+00:00,74.359999999999999,75.375,73.359999999999999,74.060000000000002,668637,7196,74.407352000000003
2016-01-28 05:00:00+00:00,74.829999999999998,75.150000000000006,72.400000000000006,72.969999999999999,610478,5541,73.148374000000004
2016-01-29 05:00:00+00:00,73.409999999999997,76.390000000000001,73.409999999999997,76.349999999999994,1137676,7807,75.868155999999999
2016-02-01 05:00:00+00:00,75.325000000000003,76.230000000000004,74.819999999999993,75.950000000000003,995372,7789,75.688338999999999
2016-02-02 05:00:00+00:00,74.810000000000002,75.170000000000002,71.900000000000006,72.480000000000004,935353,10208,72.711776999999998
2016-02-03 05:00:00+00:00,75.890000000000001,77.989999999999995,70.219999999999999,71.859999999999999,1187919,10882,71.753030999999993
2016-02-04 05:00:00+00:00,71.510000000000005,73.959999999999994,71.1768,73.079999999999998,756923,7826,73.106165000000004
2016-02-05 05:00:00+00:00,73,74,72.459999999999994,73.359999999999999,1143780,10870,73.330327999999994
2016-02-08 05:00:00+00:00,71.829999999999998,72.579999999999998,70.769999999999996,72.209999999999994,816860,8345,71.727357999999995
2016-02-09 05:00:00+00:00,71.370000000000005,74.530000000000001,71.319999999999993,73.310000000000002,993785,9586,73.667058999999995
2016-02-10 05:00:00+00:00,73.129999999999995,74.489999999999995,72.329999999999998,72.549999999999997,823373,7271,73.051861000000002
2016-02-11 05:00:00+00:00,71.349999999999994,71.900000000000006,69.659999999999997,70.329999999999998,1167823,6191,70.521163000000001
2016-02-12 05:00:00+00:00,71.519999999999996,73.444999999999993,71.400000000000006,72.739999999999995,561900,4919,72.663775999999999
2016-02-16 05:00:00+00:00,73.340000000000003,75.290000000000006,73.340000000000003,75.069999999999993,914978,6979,74.834198000000001
2016-02-17 05:00:00+00:00,75.849999999999994,76.260000000000005,75.140000000000001,75.769999999999996,578194,7188,75.733382000000006
2016-02-18 05:00:00+00:00,76.099999999999994,77.5,75.840000000000003,77.239999999999995,767822,9750,76.864661999999996
2016-02-19 05:00:00+00:00,76.530000000000001,77.920000000000002,76.310000000000002,76.989999999999995,658853,8402,77.102472000000006
2016-02-22 05:00:00+00:00,77.620000000000005,79.370000000000005,77.480000000000004,78.200000000000003,767687,4130,78.194260999999997
2016-02-23 05:00:00+00:00,77.579999999999998,77.980000000000004,76.060000000000002,76.370000000000005,690173,6835,76.689126999999999
2016-02-24 05:00:00+00:00,75.340000000000003,77.609999999999999,74.969999999999999,77.489999999999995,723961,7006,76.863110000000006
2016-02-25 05:00:00+00:00,77.780000000000001,77.969999999999999,76.900000000000006,77.439999999999998,658581,5788,77.350421999999995
2016-02-26 05:00:00+00:00,78.230000000000004,78.780000000000001,77.459999999999994,78.409999999999997,370107,3888,78.219736999999995
2016-02-29 05:00:00+00:00,78.430000000000007,78.814999999999998,77.319999999999993,77.439999999999998,646322,4441,77.878701000000007
2016-03-01 05:00:00+00:00,78,79.239999999999995,77.439999999999998,78.950000000000003,763360,6662,78.703263000000007
2016-03-02 05:00:00+00:00,78.739999999999995,79.590000000000003,78.480000000000004,79.260000000000005,395120,4411,79.057265999999998
2016-03-03 05:00:00+00:00,79.150000000000006,80.540000000000006,79.150000000000006,80.299999999999997,569901,3986,80.273765999999995
2016-03-04 05:00:00+00:00,80.579999999999998,80.849999999999994,80,80.319999999999993,694204,6094,80.295867000000001
2016-03-07 05:00:00+00:00,80.030000000000001,80.409999999999997,79.430000000000007,79.989999999999995,538686,4859,79.869589000000005
2016-03-08 05:00:00+00:00,79.469999999999999,79.590000000000003,77.689999999999998,77.810000000000002,495962,5448,78.032006999999993
2016-03-09 05:00:00+00:00,78,78.25,76.760000000000005,77.480000000000004,558978,5491,77.433434000000005
2016-03-10 05:00:00+00:00,77.959999999999994,78.144099999999995,75.390000000000001,76.159999999999997,721070,5829,76.285525000000007
2016-03-11 05:00:00+00:00,77,78.530000000000001,76.609999999999999,78.450000000000003,399893,3371,78.211684000000005
2016-03-14 04:00:00+00:00,78.060000000000002,78.299999999999997,77.319999999999993,77.680000000000007,336873,3671,77.797168999999997
2016-03-15 04:00:00+00:00,77.359999999999999,77.390000000000001,76.5,77.269999999999996,311046,3098,77.016424999999998
2016-03-16 04:00:00+00:00,77.079999999999998,78.299999999999997,76.920000000000002,77.980000000000004,346143,3820,77.701869000000002
2016-03-17 04:00:00+00:00,77.709999999999994,79.409999999999997,77.609999999999999,79.060000000000002,533378,5046,78.786641000000003
2016-03-18 04:00:00+00:00,78.950000000000003,80.689999999999998,78.840000000000003,79.599999999999994,1095168,5294,79.534891999999999
2016-03-21 04:00:00+00:00,79.75,79.810000000000002,78.540000000000006,79.400000000000006,536146,4863,79.204445000000007
2016-03-22 04:00:00+00:00,79.150000000000006,80.209999999999994,78.299999999999997,79.930000000000007,667131,6020,79.534575000000004
2016-03-23 04:00:00+00:00,80.010000000000005,80.349999999999994,79.120000000000005,79.150000000000006,415809,4389,79.514493999999999
2016-03-24 04:00:00+00:00,78.879999999999995,79.900000000000006,78.280000000000001,79.879999999999995,850108,5610,79.423312999999993
2016-03-28 04:00:00+00:00,80,80,79.040000000000006,79.569999999999993,353905,3656,79.569480999999996
2016-03-29 04:00:00+00:00,79.540000000000006,80.079999999999998,79.140000000000001,80,1130081,6019,79.815340000000006
2016-03-30 04:00:00+00:00,80.540000000000006,81.549999999999997,80.340000000000003,80.959999999999994,595511,6254,81.163464000000005
2016-03-31 04:00:00+00:00,80.790000000000006,81.659999999999997,80.790000000000006,81.420000000000002,930767,7224,81.318185999999997
2016-04-01 04:00:00+00:00,81.180000000000007,82.939999999999998,80.609999999999999,82.859999999999999,1121992,8314,82.293938999999995
2016-04-04 04:00:00+00:00,82.939999999999998,82.989999999999995,80.859999999999999,81.109999999999999,681555,7088,81.559263999999999
2016-04-05 04:00:00+00:00,80.430000000000007,80.959999999999994,79.870000000000005,80.010000000000005,751903,6618,80.259882000000005
2016-04-06 04:00:00+00:00,79.849999999999994,80.390000000000001,79,80.079999999999998,581397,5564,79.775983999999994
2016-04-07 04:00:00+00:00,80.25,80.599999999999994,78.060000000000002,79.090000000000003,650786,6101,78.974526999999995
2016-04-08 04:00:00+00:00,79.959999999999994,80.200000000000003,79.349999999999994,79.629999999999995,455249,4115,79.746938
2016-04-11 04:00:00+00:00,79.950000000000003,80.75,79.530000000000001,79.700000000000003,516377,4176,80.073856000000006
2016-04-12 04:00:00+00:00,79.870000000000005,81.392499999999998,78.769999999999996,81.180000000000007,480827,5296,80.899614
2016-04-13 04:00:00+00:00,82.105000000000004,83.390000000000001,81.355000000000004,83.019999999999996,421276,4497,82.836471000000003
2016-04-14 04:00:00+00:00,82.969999999999999,83.420000000000002,82.439999999999998,83.060000000000002,512617,4658,82.862303999999995
2016-04-15 04:00:00+00:00,83.150000000000006,83.579999999999998,82.409999999999997,82.969999999999999,548755,4456,82.922662000000003
2016-04-18 04:00:00+00:00,82.670000000000002,83.849999999999994,82.519999999999996,83.640000000000001,633782,5264,83.274959999999993
2016-04-19 04:00:00+00:00,84.170000000000002,84.609999999999999,83.269999999999996,84.099999999999994,455961,4501,83.934336000000002
2016-04-20 04:00:00+00:00,84.459999999999994,85.799999999999997,83.510000000000005,85.379999999999995,826696,6745,85.115241999999995
2016-04-21 04:00:00+00:00,80.879999999999995,81.349999999999994,77.340000000000003,79.079999999999998,2415939,18115,78.865765999999994
2016-04-22 04:00:00+00:00,79.680000000000007,82.290000000000006,79.349999999999994,81.069999999999993,1228684,10033,81.170992999999996
2016-04-25 04:00:00+00:00,81.099999999999994,81.780000000000001,80.030000000000001,81.109999999999999,826970,6767,80.832802999999998
2016-04-26 04:00:00+00:00,81.519999999999996,81.939999999999998,80.670000000000002,81.530000000000001,724960,6126,81.446332999999996
2016-04-27 04:00:00+00:00,81.189999999999998,82.319999999999993,77.640000000000001,79.370000000000005,1116883,10001,78.850949
2016-04-28 04:00:00+00:00,78.909999999999997,80.129999999999995,78.450000000000003,78.739999999999995,810646,6773,79.141991000000004
2016-04-29 04:00:00+00:00,78.540000000000006,78.790000000000006,76.439999999999998,77.030000000000001,1073014,8155,77.094369
2016-05-02 04:00:00+00:00,77.409999999999997,77.609999999999999,76.599999999999994,77.189999999999998,1028451,8791,76.988337000000001
2016-05-03 04:00:00+00:00,76.120000000000005,77.579999999999998,75.879999999999995,77.150000000000006,674035,6200,76.870996000000005
2016-05-04 04:00:00+00:00,76.849999999999994,78.049999999999997,76.069999999999993,77.129999999999995,601948,5381,77.161590000000004
2016-05-05 04:00:00+00:00,77.680000000000007,78.224999999999994,76.450000000000003,76.920000000000002,747622,6109,77.001981999999998
2016-05-06 04:00:00+00:00,76.170000000000002,76.950000000000003,75.879999999999995,76.799999999999997,699244,6239,76.654053000000005
2016-05-09 04:00:00+00:00,76.959999999999994,77.510000000000005,76.265000000000001,76.780000000000001,738018,6341,77.012276999999997
2016-05-10 04:00:00+00:00,77.049999999999997,78.540000000000006,77.049999999999997,78.400000000000006,782427,6812,78.209605999999994
2016-05-11 04:00:00+00:00,78.280000000000001,78.599999999999994,77.140000000000001,77.159999999999997,589679,5348,77.482170999999994
2016-05-12 04:00:00+00:00,77.810000000000002,78.25,76.400000000000006,77.159999999999997,662497,5880,77.030270000000002
2016-05-13 04:00:00+00:00,76.780000000000001,77.760000000000005,76.599999999999994,77.120000000000005,529359,5303,77.141144999999995
2016-05-16 04:00:00+00:00,76.950000000000003,78.620000000000005,76.939999999999998,78.310000000000002,623477,6471,78.108840999999998
2016-05-17 04:00:00+00:00,78.329999999999998,79.825000000000003,77.609999999999999,77.799999999999997,696674,6658,78.388200999999995
2016-05-18 04:00:00+00:00,77.780000000000001,78.799999999999997,77.140000000000001,77.870000000000005,785436,4887,77.991159999999994
2016-05-19 04:00:00+00:00,77.359999999999999,78.049999999999997,76.049999999999997,77.060000000000002,450049,5522,76.842101
2016-05-20 04:00:00+00:00,77.599999999999994,78.930000000000007,77.349999999999994,78.359999999999999,689965,6987,78.222138000000001
2016-05-23 04:00:00+00:00,78.299999999999997,78.680000000000007,77.469999999999999,77.560000000000002,399969,4187,77.840192999999999
2016-05-24 04:00:00+00:00,78.219999999999999,79.569999999999993,78.209999999999994,79.450000000000003,541951,5301,79.190702999999999
2016-05-25 04:00:00+00:00,79.780000000000001,79.950000000000003,79.069999999999993,79.319999999999993,518648,4138,79.376999999999995
2016-05-26 04:00:00+00:00,79.379999999999995,79.829999999999998,78.650000000000006,79.030000000000001,569624,5614,79.024310999999997
2016-05-27 04:00:00+00:00,78.170000000000002,79.730000000000004,77.840000000000003,79.489999999999995,537175,4483,79.430080000000004
2016-05-31 04:00:00+00:00,79.590000000000003,80.099999999999994,79.180000000000007,79.75,710735,4593,79.710486000000003
2016-06-01 04:00:00+00:00,79.219999999999999,80.230000000000004,79.180000000000007,80.129999999999995,384594,4300,79.923638999999994
2016-06-02 04:00:00+00:00,79.739999999999995,80.980000000000004,79.739999999999995,80.950000000000003,368227,3784,80.526702999999998
2016-06-03 04:00:00+00:00,80.230000000000004,80.730000000000004,77.829999999999998,78.790000000000006,551572,5431,78.614298000000005
2016-06-06 04:00:00+00:00,78.629999999999995,79.640000000000001,78.540000000000006,79.060000000000002,604194,5394,79.177851000000004
2016-06-07 04:00:00+00:00,79.060000000000002,80.209999999999994,78.700000000000003,79.980000000000004,435628,4139,79.876858999999996
2016-06-08 04:00:00+00:00,80.040000000000006,80.560000000000002,79.239999999999995,80.180000000000007,596326,4579,80.014853000000002
2016-06-09 04:00:00+00:00,79.719999999999999,80.120000000000005,78.920000000000002,79.189999999999998,666275,6036,79.224847999999994
2016-06-10 04:00:00+00:00,78.159999999999997,78.159999999999997,76.129999999999995,76.599999999999994,753436,6993,76.781942000000001
2016-06-13 04:00:00+00:00,76.489999999999995,76.900000000000006,74.980000000000004,75.010000000000005,516214,6072,75.596545000000006
2016-06-14 04:00:00+00:00,74.609999999999999,74.629999999999995,72.959999999999994,73.510000000000005,1206649,9185,73.577878999999996
2016-06-15 04:00:00+00:00,74.049999999999997,74.599999999999994,72.709999999999994,72.829999999999998,987898,9007,73.395966999999999
2016-06-16 04:00:00+00:00,71.989999999999995,73.930000000000007,71.310000000000002,73.489999999999995,1030612,9896,72.994556000000003
2016-06-17 04:00:00+00:00,73.420000000000002,74.629999999999995,73.099999999999994,73.799999999999997,1034484,6337,73.841820999999996
2016-06-20 04:00:00+00:00,74.609999999999999,76.269999999999996,74.239999999999995,75.170000000000002,648063,6407,75.339972000000003
2016-06-21 04:00:00+00:00,75.299999999999997,76.219999999999999,75.019999999999996,75.709999999999994,721213,6487,75.831207000000006
2016-06-22 04:00:00+00:00,75.609999999999999,76.819999999999993,75.609999999999999,76.299999999999997,668844,6873,76.360642999999996
2016-06-23 04:00:00+00:00,77.25,77.569999999999993,75.670000000000002,76.829999999999998,1098190,7325,76.466126000000003
2016-06-24 04:00:00+00:00,71.069999999999993,72.532499999999999,65.170000000000002,66.530000000000001,4379602,29695,66.907978999999997
2016-06-27 04:00:00+00:00,63.219999999999999,63.600000000000001,57.259999999999998,60.340000000000003,4001151,32252,59.680453999999997
2016-06-28 04:00:00+00:00,61.280000000000001,62.57,58.229999999999997,59.899999999999999,3092207,27226,59.504283000000001
2016-06-29 04:00:00+00:00,61.530000000000001,62.920000000000002,61.079999999999998,62.590000000000003,1895035,17715,62.407705999999997
2016-06-30 04:00:00+00:00,62.789999999999999,64.349999999999994,62.469999999999999,64.340000000000003,1485442,12836,63.815345999999998
2016-07-01 04:00:00+00:00,63.049999999999997,64.159999999999997,62.210000000000001,62.93,1319655,10105,62.802275000000002
2016-07-05 04:00:00+00:00,61.829999999999998,62.490000000000002,61.219999999999999,61.310000000000002,1315033,11803,61.626939
2016-07-06 04:00:00+00:00,60.840000000000003,61.090000000000003,59.390000000000001,60.670000000000002,1558202,12421,60.508108999999997
2016-07-07 04:00:00+00:00,61.020000000000003,62.390000000000001,60.25,60.880000000000003,1329215,12094,61.076723000000001
2016-07-08 04:00:00+00:00,61.93,63.25,61.359999999999999,62.850000000000001,1077036,8788,62.739077000000002
2016-07-11 04:00:00+00:00,63.380000000000003,64.739999999999995,63.18,63.93,907709,6737,63.889035999999997
2016-07-12 04:00:00+00:00,64.790000000000006,66.760000000000005,64.680000000000007,66.569999999999993,1621758,10327,66.473692
2016-07-13 04:00:00+00:00,66.409999999999997,66.439999999999998,64.620000000000005,66.230000000000004,1107578,9732,65.900232000000003
2016-07-14 04:00:00+00:00,67.230000000000004,68.239999999999995,67.129999999999995,67.280000000000001,1010415,7639,67.586043000000004
2016-07-15 04:00:00+00:00,67.640000000000001,68.189999999999998,67.269999999999996,67.599999999999994,1257341,9053,67.745208000000005
2016-07-18 04:00:00+00:00,67.790000000000006,68.549999999999997,67.739999999999995,68.269999999999996,734428,6518,68.300147999999993
2016-07-19 04:00:00+00:00,67.840000000000003,68.389899999999997,67.109999999999999,67.459999999999994,683472,5846,67.413228000000004
2016-07-20 04:00:00+00:00,67.579999999999998,69.040000000000006,66.930000000000007,68.870000000000005,1507294,8859,68.654084999999995
2016-07-21 04:00:00+00:00,68.870000000000005,71.109999999999999,66.650000000000006,70.269999999999996,2168075,14291,69.973603999999995
2016-07-22 04:00:00+00:00,70.549999999999997,71.150000000000006,69.989999999999995,70.400000000000006,1377927,11186,70.377544999999998
2016-07-25 04:00:00+00:00,70.519999999999996,71.180000000000007,69.469999999999999,69.980000000000004,1369680,10403,69.923843000000005
2016-07-26 04:00:00+00:00,70.090000000000003,70.799999999999997,69.769999999999996,70.280000000000001,922166,9140,70.235060000000004
2016-07-27 04:00:00+00:00,69.879999999999995,69.879999999999995,68.049999999999997,69.180000000000007,1291032,12384,68.957582000000002
2016-07-28 04:00:00+00:00,69.230000000000004,69.829999999999998,68.799999999999997,69.480000000000004,709697,7088,69.470530999999994
2016-07-29 04:00:00+00:00,69.629999999999995,70.319999999999993,69,69.400000000000006,1265585,9353,69.706759000000005
2016-08-01 04:00:00+00:00,69.530000000000001,69.530000000000001,67.5,67.859999999999999,1416836,12309,68.094320999999994
2016-08-02 04:00:00+00:00,67.930000000000007,68.180000000000007,66.5,66.819999999999993,946817,8852,66.911404000000005
2016-08-03 04:00:00+00:00,66.590000000000003,68.219999999999999,66.530000000000001,67.909999999999997,764006,7333,67.769475999999997
2016-08-04 04:00:00+00:00,68.069999999999993,68.444999999999993,67.840000000000003,68.269999999999996,554036,5488,68.207768999999999
2016-08-05 04:00:00+00:00,68.790000000000006,70.359999999999999,68.590000000000003,69.409999999999997,676807,6184,69.603133
2016-08-08 04:00:00+00:00,69.390000000000001,70.170000000000002,68.859999999999999,68.930000000000007,543116,5134,69.124690000000001
2016-08-09 04:00:00+00:00,69.010000000000005,69.730000000000004,68.564999999999998,68.989999999999995,518880,5991,69.200395
2016-08-10 04:00:00+00:00,69.069999999999993,69.890000000000001,68.640000000000001,69.030000000000001,785342,7119,69.172306000000006
2016-08-11 04:00:00+00:00,69.269999999999996,70.390000000000001,69.109999999999999,70.180000000000007,996420,7626,69.985849000000002
2016-08-12 04:00:00+00:00,69.840000000000003,69.840000000000003,69.180000000000007,69.549999999999997,566631,6299,69.467945
2016-08-15 04:00:00+00:00,69.650000000000006,70.769999999999996,69.650000000000006,70.480000000000004,505145,5577,70.517578999999998
2016-08-16 04:00:00+00:00,69.959999999999994,70.670000000000002,69.390000000000001,69.439999999999998,762058,7439,69.869269000000003
2016-08-17 04:00:00+00:00,69.719999999999999,70.230000000000004,69.260000000000005,70.120000000000005,971993,9369,69.797162
2016-08-18 04:00:00+00:00,69.989999999999995,70.900000000000006,69.890000000000001,70.090000000000003,1368224,8977,70.339984000000001
2016-08-19 04:00:00+00:00,69.689999999999998,70.499099999999999,69.630099999999999,70.319999999999993,605200,5768,70.146586999999997
2016-08-22 04:00:00+00:00,70,70.459999999999994,69.75,70.219999999999999,721374,6455,70.218890999999999
2016-08-23 04:00:00+00:00,70.689999999999998,71.810000000000002,70.635000000000005,70.900000000000006,937230,8210,71.227815000000007
2016-08-24 04:00:00+00:00,71.150000000000006,71.549999999999997,70.689999999999998,71.099999999999994,522727,5687,71.246911999999995
2016-08-25 04:00:00+00:00,70.760000000000005,71.780000000000001,70.560100000000006,71.650000000000006,696087,6471,71.533033000000003
2016-08-26 04:00:00+00:00,71.579999999999998,72.775000000000006,71.519999999999996,71.939999999999998,911038,7523,72.105354000000005
2016-08-29 04:00:00+00:00,72.159999999999997,72.349999999999994,71.519999999999996,71.579999999999998,571063,5807,71.858478000000005
2016-08-30 04:00:00+00:00,70.409999999999997,71.599999999999994,70.409999999999997,71.120000000000005,679903,6211,71.027134000000004
2016-08-31 04:00:00+00:00,71.040000000000006,71.569999999999993,70.159999999999997,71.459999999999994,1034533,8682,71.081575000000001
2016-09-01 04:00:00+00:00,71.859999999999999,72.219999999999999,70.75,71.329999999999998,483818,4956,71.265735000000006
2016-09-02 04:00:00+00:00,71.780000000000001,72.719999999999999,71.680000000000007,72.359999999999999,612544,5440,72.345191999999997
2016-09-06 04:00:00+00:00,72.489999999999995,72.489999999999995,70.840000000000003,71.540000000000006,619007,5518,71.413351000000006
2016-09-07 04:00:00+00:00,71.540000000000006,72.700000000000003,71.329999999999998,72.609999999999999,594725,4907,72.343367999999998
2016-09-08 04:00:00+00:00,72.609999999999999,72.75,71.590000000000003,71.599999999999994,488434,4421,71.828455000000005
2016-09-09 04:00:00+00:00,70.829999999999998,70.829999999999998,69.140000000000001,69.150000000000006,712249,5566,69.791390000000007
2016-09-12 04:00:00+00:00,68.569999999999993,70.390000000000001,68.329999999999998,70.239999999999995,544868,4830,69.806700000000006
2016-09-13 04:00:00+00:00,69.420000000000002,69.859999999999999,68.140000000000001,68.430000000000007,562873,5693,68.637809000000004
2016-09-14 04:00:00+00:00,68.650000000000006,68.909999999999997,67.519999999999996,67.760000000000005,643717,5499,67.951751999999999
2016-09-15 04:00:00+00:00,67.299999999999997,68.609999999999999,67.299999999999997,68.409999999999997,537953,5333,68.210706000000002
2016-09-16 04:00:00+00:00,68.109999999999999,68.269999999999996,67.469999999999999,67.769999999999996,1766135,8090,67.796871999999993
2016-09-19 04:00:00+00:00,68.599999999999994,69.129999999999995,67.799999999999997,68.010000000000005,468395,4462,68.250534999999999
2016-09-20 04:00:00+00:00,68.700000000000003,68.959999999999994,67.629999999999995,67.629999999999995,499054,5890,68.045902999999996
2016-09-21 04:00:00+00:00,68.299999999999997,69.549999999999997,68.209999999999994,69.209999999999994,564037,4801,68.899825000000007
2016-09-22 04:00:00+00:00,69.909999999999997,70.299999999999997,69.489999999999995,70.150000000000006,515202,3993,70.047758000000002
2016-09-23 04:00:00+00:00,70.019999999999996,70.730000000000004,69.670000000000002,69.780000000000001,626082,5025,69.931184000000002
2016-09-26 04:00:00+00:00,69.310000000000002,69.609999999999999,68.025999999999996,69.519999999999996,661462,5240,69.383836000000002
2016-09-27 04:00:00+00:00,69.030000000000001,70.620000000000005,69,70.560000000000002,592981,5644,70.244986999999995
2016-09-28 04:00:00+00:00,70.959999999999994,71.620000000000005,70.530000000000001,71.530000000000001,539199,5158,71.291629999999998
2016-09-29 04:00:00+00:00,71.640000000000001,71.659999999999997,70.299999999999997,70.469999999999999,577474,5452,70.743021999999996
2016-09-30 04:00:00+00:00,71.120000000000005,72.530000000000001,70.579999999999998,72.260000000000005,895747,7833,71.946209999999994
2016-10-03 04:00:00+00:00,72.150000000000006,73.129999999999995,71.840000000000003,72.939999999999998,989736,6548,72.659857000000002
2016-10-04 04:00:00+00:00,73.280000000000001,74.299999999999997,73.049999999999997,73.599999999999994,846138,7909,73.657933
2016-10-05 04:00:00+00:00,73.849999999999994,74.515000000000001,73.75,73.900000000000006,740270,5686,74.123546000000005
2016-10-06 04:00:00+00:00,73.870000000000005,74.420000000000002,73.870000000000005,74.159999999999997,575491,5238,74.163944000000001
2016-10-07 04:00:00+00:00,73.959999999999994,73.959999999999994,72.609999999999999,73.079999999999998,517408,4327,73.151267000000004
2016-10-10 04:00:00+00:00,73.579999999999998,74.390000000000001,73.579999999999998,73.969999999999999,836460,5965,74.097264999999993
2016-10-11 04:00:00+00:00,73.700000000000003,74.040000000000006,71.819999999999993,71.939999999999998,702276,4997,72.396471000000005
2016-10-12 04:00:00+00:00,71.950000000000003,72.760000000000005,71.870000000000005,72.290000000000006,564691,4084,72.429837000000006
2016-10-13 04:00:00+00:00,71.25,72.370000000000005,70.640000000000001,71.739999999999995,775962,5547,71.709193999999997
2016-10-14 04:00:00+00:00,72.329999999999998,72.810000000000002,71.950000000000003,72.150000000000006,839771,6319,72.323860999999994
2016-10-17 04:00:00+00:00,72.040000000000006,72.415000000000006,71.469999999999999,71.5,501110,4111,71.682056000000003
2016-10-18 04:00:00+00:00,72.400000000000006,72.400000000000006,71.680000000000007,71.769999999999996,641200,5504,71.855633999999995
2016-10-19 04:00:00+00:00,71.980000000000004,72.870000000000005,71.980000000000004,72.489999999999995,765210,5759,72.556185999999997
2016-10-20 04:00:00+00:00,71.849999999999994,73.019999999999996,71.799999999999997,72.909999999999997,991422,7231,72.703338000000002
2016-10-21 04:00:00+00:00,75.170000000000002,80,74.069999999999993,79.989999999999995,1937581,14693,78.593158000000003
2016-10-24 04:00:00+00:00,81.629999999999995,82.140000000000001,78.219999999999999,78.730000000000004,1345058,12027,79.517342999999997
2016-10-25 04:00:00+00:00,78.459999999999994,79.430000000000007,78.079999999999998,78.25,772548,6497,78.549402000000001
2016-10-26 04:00:00+00:00,77.540000000000006,79.209999999999994,77.519999999999996,78.400000000000006,680455,5881,78.375210999999993
2016-10-27 04:00:00+00:00,78.400000000000006,78.450000000000003,76.439999999999998,76.840000000000003,827141,7613,77.027187999999995
2016-10-28 04:00:00+00:00,76.780000000000001,77.569999999999993,76.510000000000005,76.799999999999997,1004465,6643,76.866369000000006
2016-10-31 04:00:00+00:00,76.989999999999995,77.75,76.340000000000003,76.799999999999997,776237,5496,76.87603
2016-11-01 04:00:00+00:00,77.079999999999998,77.409999999999997,75.799999999999997,76.140000000000001,793745,8039,76.469521
2016-11-02 04:00:00+00:00,75.640000000000001,76.959999999999994,75.290000000000006,76.579999999999998,657027,6789,76.529836000000003
2016-11-03 04:00:00+00:00,76.599999999999994,77.084999999999994,76.277199999999993,76.670000000000002,750987,6079,76.614697000000007
2016-11-04 04:00:00+00:00,76.760000000000005,78.269999999999996,76.379999999999995,77.280000000000001,730710,6825,77.300655000000006
2016-11-07 05:00:00+00:00,79,79.819999999999993,78.620000000000005,79.239999999999995,824688,6619,79.159206999999995
2016-11-08 05:00:00+00:00,78.950000000000003,79.670000000000002,78.430000000000007,78.959999999999994,623602,6263,79.12782
2016-11-09 05:00:00+00:00,78.189999999999998,80.379999999999995,77.765000000000001,80.049999999999997,991359,8864,79.771635000000003
2016-11-10 05:00:00+00:00,81.329999999999998,82.760000000000005,80.599999999999994,81.689999999999998,954926,8701,81.566495000000003
2016-11-11 05:00:00+00:00,81.390000000000001,83.640000000000001,81.140000000000001,83.530000000000001,990875,8532,82.715810000000005
2016-11-14 05:00:00+00:00,84.290000000000006,85.819999999999993,83.849999999999994,84.349999999999994,775188,7399,84.371700000000004
2016-11-15 05:00:00+00:00,84.219999999999999,85.430000000000007,83.129999999999995,85.420000000000002,675293,6427,84.742255
2016-11-16 05:00:00+00:00,84.810000000000002,86.120000000000005,84.719999999999999,85.930000000000007,1337024,7714,85.764734000000004
2016-11-17 05:00:00+00:00,86.049999999999997,86.870000000000005,85.700000000000003,86.420000000000002,880161,5761,86.373660000000001
2016-11-18 05:00:00+00:00,86.230000000000004,86.459999999999994,85.209999999999994,85.430000000000007,737084,6689,85.725003999999998
2016-11-21 05:00:00+00:00,86.019999999999996,86.439999999999998,84.890000000000001,85.840000000000003,890723,6287,85.609984999999995
2016-11-22 05:00:00+00:00,86.25,86.950000000000003,85.569999999999993,86.859999999999999,790834,5183,86.469020999999998
2016-11-23 05:00:00+00:00,86.950000000000003,87.959999999999994,86.819999999999993,87.25,464767,4807,87.254745999999997
2016-11-25 05:00:00+00:00,87.439999999999998,87.909999999999997,87,87.719999999999999,520228,1907,87.607928000000001
2016-11-28 05:00:00+00:00,87.319999999999993,87.450000000000003,85.905000000000001,86.689999999999998,1259560,7931,86.604302000000004
2016-11-29 05:00:00+00:00,85.829999999999998,86.319999999999993,85.079999999999998,85.120000000000005,889219,6392,85.618561
2016-11-30 05:00:00+00:00,86.049999999999997,86.379999999999995,85.239999999999995,85.409999999999997,875030,6190,85.516257999999993
2016-12-01 05:00:00+00:00,85.810000000000002,86.314999999999998,85.165000000000006,85.579999999999998,759430,7726,85.542361999999997
2016-12-02 05:00:00+00:00,85.480000000000004,86.150000000000006,84.980000000000004,85.849999999999994,835068,7660,85.633486000000005
2016-12-05 05:00:00+00:00,86.569999999999993,87.519999999999996,85.560000000000002,86.450000000000003,531792,4972,86.401325999999997
2016-12-06 05:00:00+00:00,86.549999999999997,88.430000000000007,86.030000000000001,88.409999999999997,633385,6255,87.730976999999996
2016-12-07 05:00:00+00:00,88.120000000000005,90.349999999999994,87.829999999999998,90.329999999999998,997001,6892,89.783896999999996
2016-12-08 05:00:00+00:00,90.849999999999994,92.930000000000007,90.349999999999994,92.829999999999998,750417,7075,92.206231000000002
2016-12-09 05:00:00+00:00,92.689999999999998,92.730000000000004,91.409999999999997,92.230000000000004,533861,4096,92.055655999999999
2016-12-12 05:00:00+00:00,91.930000000000007,92.439999999999998,91.25,91.870000000000005,522503,5155,91.813637999999997
2016-12-13 05:00:00+00:00,92.530000000000001,92.879900000000006,91.459999999999994,92.099999999999994,789456,5966,92.063693000000001
2016-12-14 05:00:00+00:00,91.709999999999994,92.319999999999993,90.510000000000005,90.549999999999997,514963,4978,91.111042999999995
2016-12-15 05:00:00+00:00,90.260000000000005,91.379999999999995,89.099999999999994,90.549999999999997,807524,6650,90.784465999999995
2016-12-16 05:00:00+00:00,90.530000000000001,91.590000000000003,90.010000000000005,90.430000000000007,1599936,4706,90.435120999999995
2016-12-19 05:00:00+00:00,90.769999999999996,91.299999999999997,90.069999999999993,91.030000000000001,583562,5344,90.807822000000002
2016-12-20 05:00:00+00:00,91.25,91.540000000000006,90.159999999999997,90.519999999999996,545910,4482,90.662146000000007
2016-12-21 05:00:00+00:00,90.640000000000001,90.680000000000007,89.950000000000003,90.489999999999995,435029,3988,90.494211000000007
2016-12-22 05:00:00+00:00,90.739999999999995,90.769999999999996,89.409999999999997,89.980000000000004,267258,2906,89.990694000000005
2016-12-23 05:00:00+00:00,90.140000000000001,90.439999999999998,89.680000000000007,90.390000000000001,194041,2433,90.240185999999994
2016-12-27 05:00:00+00:00,90.439999999999998,91.200000000000003,90.150000000000006,90.700000000000003,390434,3193,90.785917999999995
2016-12-28 05:00:00+00:00,90.920000000000002,90.920000000000002,89.329999999999998,89.599999999999994,181817,2547,89.725402000000003
2016-12-29 05:00:00+00:00,89.489999999999995,89.849999999999994,88.950000000000003,89.219999999999999,493622,4356,89.414660999999995
2016-12-30 05:00:00+00:00,89.25,89.599999999999994,88.390000000000001,88.870000000000005,469541,4007,88.971169000000003
2017-01-03 05:00:00+00:00,89.200000000000003,91.129999999999995,88.790000000000006,90.989999999999995,914058,8551,90.358688999999998
2017-01-04 05:00:00+00:00,91.25,92.689999999999998,90.760000000000005,92,721465,6925,91.945927999999995
2017-01-05 05:00:00+00:00,91.840000000000003,91.840000000000003,89.739999999999995,89.909999999999997,712653,5166,90.320166999999998
2017-01-06 05:00:00+00:00,90.609999999999999,90.730000000000004,89.445999999999998,90.030000000000001,569698,5369,90.158247000000003
2017-01-09 05:00:00+00:00,90.150000000000006,90.780000000000001,88.989999999999995,89.810000000000002,743171,4659,90.150047999999998
2017-01-10 05:00:00+00:00,89.840000000000003,91.489999999999995,89.775000000000006,90.269999999999996,875683,7420,90.643421000000004
2017-01-11 05:00:00+00:00,90.060000000000002,91.760000000000005,89.900000000000006,91.75,675456,5251,91.084126999999995
2017-01-12 05:00:00+00:00,91.689999999999998,91.980000000000004,90.569999999999993,91.760000000000005,397093,4290,91.458534
2017-01-13 05:00:00+00:00,91.969999999999999,93.409999999999997,91.920000000000002,93.280000000000001,546377,4568,92.962788000000003
2017-01-17 05:00:00+00:00,92.790000000000006,93.700000000000003,91.760999999999996,92.989999999999995,602892,6070,93.063384999999997
2017-01-18 05:00:00+00:00,92.989999999999995,95,92.210099999999997,93.629999999999995,865608,7816,93.733789999999999
2017-01-19 05:00:00+00:00,93.680000000000007,93.805000000000007,91.650000000000006,92.25,449477,4541,92.416054000000003
2017-01-20 05:00:00+00:00,92.769999999999996,93.709999999999994,92.25,92.890000000000001,489266,5139,92.840035999999998
2017-01-23 05:00:00+00:00,93,93.469999999999999,91.599999999999994,92.590000000000003,622714,3218,92.368442000000002
2017-01-24 05:00:00+00:00,92.980000000000004,94.670000000000002,92.745000000000005,94.379999999999995,513593,5400,94.094037
2017-01-25 05:00:00+00:00,95,96.609999999999999,94.299999999999997,95.459999999999994,1016510,6724,95.268805
2017-01-26 05:00:00+00:00,95.480000000000004,95.75,94.430000000000007,95.180000000000007,495826,4740,95.098001999999994
2017-01-27 05:00:00+00:00,94.379999999999995,94.719999999999999,93.25,93.680000000000007,662066,6096,93.826042000000001
2017-01-30 05:00:00+00:00,93.439999999999998,94.834999999999994,91.519999999999996,94.659999999999997,801261,7871,93.562662000000003
2017-01-31 05:00:00+00:00,94.260000000000005,97.340000000000003,91.129999999999995,95.459999999999994,1491804,11775,94.340075999999996
2017-02-01 05:00:00+00:00,96.640000000000001,98.019999999999996,96.25,97.340000000000003,1197577,10322,97.235799999999998
2017-02-02 05:00:00+00:00,96.890000000000001,97.640000000000001,96.120000000000005,97.230000000000004,1106148,9107,97.176322999999996
2017-02-03 05:00:00+00:00,98.25,98.989999999999995,97.540000000000006,98.689999999999998,1080587,8627,98.577946999999995
2017-02-06 05:00:00+00:00,98.430000000000007,98.799999999999997,97.609999999999999,97.890000000000001,1162209,8800,98.100043999999997
2017-02-07 05:00:00+00:00,98.549999999999997,98.700000000000003,97.269999999999996,97.359999999999999,1057594,8018,97.636418000000006
2017-02-08 05:00:00+00:00,97.079999999999998,97.769999999999996,96.219999999999999,96.650000000000006,1181216,9411,96.829588999999999
2017-02-09 05:00:00+00:00,97.140000000000001,97.829999999999998,96.709999999999994,96.939999999999998,726583,6497,97.044608999999994
2017-02-10 05:00:00+00:00,97.230000000000004,97.390000000000001,96.269999999999996,96.469999999999999,1186593,9878,96.654386000000002
2017-02-13 05:00:00+00:00,97.120000000000005,97.609999999999999,96.140000000000001,96.349999999999994,743876,7184,96.710348999999994
2017-02-14 05:00:00+00:00,95.409999999999997,97.1999,94.340000000000003,96.450000000000003,666386,6014,96.635228999999995
2017-02-15 05:00:00+00:00,95.859999999999999,97.489999999999995,95.859999999999999,97.150000000000006,753728,7716,97.101545999999999
2017-02-16 05:00:00+00:00,97.129999999999995,97.409999999999997,95.400000000000006,96.090000000000003,837887,8172,96.083534
2017-02-17 05:00:00+00:00,95.439999999999998,97.349999999999994,95.310000000000002,97.349999999999994,880580,7038,96.758358000000001
2017-02-21 05:00:00+00:00,97.060000000000002,98.010000000000005,96.810000000000002,97.890000000000001,925028,8292,97.518069999999994
2017-02-22 05:00:00+00:00,97.939999999999998,98.180000000000007,96,97.579999999999998,602008,5561,97.545993999999993
2017-02-23 05:00:00+00:00,98,98.170000000000002,97.260000000000005,97.409999999999997,515800,4902,97.641585000000006
2017-02-24 05:00:00+00:00,96.491699999999994,97.489999999999995,95.879999999999995,97.359999999999999,1055619,4785,97.106492000000003
2017-02-27 05:00:00+00:00,97.359999999999999,98.159999999999997,97.090000000000003,97.840000000000003,488972,5249,97.742237000000003
2017-02-28 05:00:00+00:00,97.489999999999995,98.280000000000001,97.019999999999996,97.040000000000006,943612,7178,97.320522999999994
2017-03-01 05:00:00+00:00,98.950000000000003,99.920000000000002,98.530000000000001,99.109999999999999,926666,7059,99.388305000000003
2017-03-02 05:00:00+00:00,98.760000000000005,98.890000000000001,97.709999999999994,97.760000000000005,586325,5496,98.073964000000004
2017-03-03 05:00:00+00:00,97.609999999999999,98.450000000000003,97.209999999999994,98.340000000000003,548353,4663,98.061740999999998
2017-03-06 05:00:00+00:00,97.629999999999995,98.560000000000002,97.420000000000002,98.069999999999993,422287,4984,98.021749999999997
2017-03-07 05:00:00+00:00,98.079999999999998,99.230000000000004,97.519999999999996,98.909999999999997,632224,5835,98.846485000000001
2017-03-08 05:00:00+00:00,99.319999999999993,100.30500000000001,99.269999999999996,100.14,697780,7032,99.922432000000001
2017-03-09 05:00:00+00:00,100.19,100.81,99.170000000000002,99.599999999999994,596934,5718,99.950221999999997
2017-03-10 05:00:00+00:00,99.790000000000006,101.54000000000001,99.420000000000002,100.84,609981,6125,100.748634
2017-03-13 04:00:00+00:00,100.87,101.87,100.87,101.27,511307,5368,101.348054
2017-03-14 04:00:00+00:00,101.13,102.12,100.43000000000001,101.36,407463,4541,101.3626
2017-03-15 04:00:00+00:00,101.78,102.8,101.48480000000001,102.45,539356,5737,102.338013
2017-03-16 04:00:00+00:00,102.62,103.41,102.29000000000001,103.12,449512,4635,102.962795
2017-03-17 04:00:00+00:00,103,103.90000000000001,102.63,103.61,799628,4447,103.476044
2017-03-20 04:00:00+00:00,103.62,103.81,102.3,102.78,506307,5170,102.75397700000001
2017-03-21 04:00:00+00:00,103.34999999999999,103.51000000000001,101.09,101.23,820916,7704,101.986942
2017-03-22 04:00:00+00:00,100.91,101.33,99.849999999999994,100.55,803693,7763,100.543031
2017-03-23 04:00:00+00:00,100.56,101.63,99.810000000000002,99.870000000000005,846426,7793,100.391639
2017-03-24 04:00:00+00:00,100.31,101.20999999999999,99.510000000000005,99.920000000000002,476541,5610,100.26727700000001
2017-03-27 04:00:00+00:00,98.109999999999999,99.480000000000004,97.391000000000005,99.049999999999997,430806,4226,98.866546
2017-03-28 04:00:00+00:00,98.75,100.54000000000001,98.409999999999997,99.920000000000002,660870,4427,99.648062999999993
2017-03-29 04:00:00+00:00,99.939999999999998,101.45999999999999,99.584999999999994,101.27,493530,5663,100.806106
2017-03-30 04:00:00+00:00,101.31999999999999,102.97,101.31999999999999,102.95999999999999,377894,4080,102.52989100000001
2017-03-31 04:00:00+00:00,102.81999999999999,103.59,102.34999999999999,102.56999999999999,779912,7022,102.71883200000001
2017-04-03 04:00:00+00:00,102.81,103.655,99.030000000000001,99.590000000000003,881306,9350,100.306911
2017-04-04 04:00:00+00:00,99.25,99.599999999999994,97.730000000000004,98.310000000000002,962345,8596,98.257475999999997
2017-04-05 04:00:00+00:00,98.590000000000003,101.34,97.739999999999995,98.060000000000002,968999,7642,99.109275999999994
2017-04-06 04:00:00+00:00,98.049999999999997,99.159999999999997,97.510000000000005,98.420000000000002,484513,5501,98.325367
2017-04-07 04:00:00+00:00,98.069999999999993,98.420000000000002,97.150000000000006,97.540000000000006,598291,6232,97.595071000000004
2017-04-10 04:00:00+00:00,97.969999999999999,101.17,97.969999999999999,99.120000000000005,652450,6355,99.834557000000004
2017-04-11 04:00:00+00:00,98.810000000000002,100.14,98.310000000000002,100.06999999999999,543787,5105,99.621370999999996
2017-04-12 04:00:00+00:00,100.26000000000001,100.31,98.090000000000003,98.489999999999995,605629,5430,98.609622000000002
2017-04-13 04:00:00+00:00,98.459999999999994,100,97.760000000000005,98.540000000000006,504499,5503,99.047253999999995
2017-04-17 04:00:00+00:00,98.819999999999993,99.400000000000006,98.069999999999993,99.329999999999998,386820,4456,98.751194999999996
2017-04-18 04:00:00+00:00,98.790000000000006,100.43000000000001,98.790000000000006,100.29000000000001,659944,6135,100.045982
2017-04-19 04:00:00+00:00,100.45999999999999,102.06,100.25,101.84999999999999,819840,8141,101.583288
2017-04-20 04:00:00+00:00,102.5,103.47,100.28,103.33,1245769,10707,102.44832100000001
2017-04-21 04:00:00+00:00,98.122,103.5,97.881,100.34,2150680,16874,101.468569
2017-04-24 04:00:00+00:00,103,106.98999999999999,102.78,104.94,1515192,13066,104.884978
2017-04-25 04:00:00+00:00,105.69,105.69,103.70999999999999,103.72,838128,7101,104.24854000000001
2017-04-26 04:00:00+00:00,103.75,104.715,102.54000000000001,102.67,751357,7123,103.077618
2017-04-27 04:00:00+00:00,102.69,103.13,101.42,102.06999999999999,694452,6613,101.954725
2017-04-28 04:00:00+00:00,102.01000000000001,102.995,100.83,100.98,563952,5477,101.297775
2017-05-01 04:00:00+00:00,101.29000000000001,102.44,100.17,101.94,485955,5237,101.75335800000001
2017-05-02 04:00:00+00:00,102.26000000000001,104.035,102.26000000000001,103.83,611878,5837,103.541921
2017-05-03 04:00:00+00:00,103.18000000000001,104.38,102.73999999999999,103.44,385371,3845,103.38693600000001
2017-05-04 04:00:00+00:00,103.68000000000001,104.25,102.11,103.26000000000001,547890,6303,103.077792
2017-05-05 04:00:00+00:00,103.66,104.02,102.31999999999999,103.78,353473,3551,103.56362799999999
2017-05-08 04:00:00+00:00,103.8,103.88,101.98999999999999,102.92,421060,4552,102.775755
2017-05-09 04:00:00+00:00,102.92,103.72,102.62,103.36,367569,3685,103.248563
2017-05-10 04:00:00+00:00,103.08,104.59999999999999,103.04000000000001,104.5,468767,4408,104.284334
2017-05-11 04:00:00+00:00,103.95999999999999,104.23999999999999,102.58,102.98999999999999,385093,3707,103.024098
2017-05-12 04:00:00+00:00,102.88,102.88,101.93000000000001,102.58,336187,3352,102.40504300000001
2017-05-15 04:00:00+00:00,102.45999999999999,103.56,102.37,103.11,353359,3471,103.127161
2017-05-16 04:00:00+00:00,103.28,103.83,101.98999999999999,103.65000000000001,464344,4606,103.195875
2017-05-17 04:00:00+00:00,101.81,102.48999999999999,100.52,100.76000000000001,427368,5055,100.989757
2017-05-18 04:00:00+00:00,100.45999999999999,102.41,99.569999999999993,101.54000000000001,556189,6158,101.593227
2017-05-19 04:00:00+00:00,101.48999999999999,102.56999999999999,100.11,101.98999999999999,669486,6390,101.492733
2017-05-22 04:00:00+00:00,102.45,104.19,102.25,103.97,499942,5423,103.681696
2017-05-23 04:00:00+00:00,104,104.25,103.3,103.88,628155,4068,103.801197
2017-05-24 04:00:00+00:00,103.55,103.55,101.31,101.93000000000001,937214,6923,102.177312
2017-05-25 04:00:00+00:00,102.31,103.20999999999999,101.88,102.34999999999999,379676,4350,102.56705100000001
2017-05-26 04:00:00+00:00,102.23,102.63,101.09999999999999,101.81,322376,3456,101.62100599999999
2017-05-30 04:00:00+00:00,100.95,101.25,100.11,100.58,763361,3298,100.613764
2017-05-31 04:00:00+00:00,101.16,101.95,99.719999999999999,101.87,1198042,6425,101.486169
2017-06-01 04:00:00+00:00,102.42,104.45999999999999,102.17,104.20999999999999,910193,7921,103.56958
2017-06-02 04:00:00+00:00,104.25,105.25,103.38,104.38,556493,5517,104.33850200000001
2017-06-05 04:00:00+00:00,104.04000000000001,104.04000000000001,102.15000000000001,102.38,489258,5352,102.77733600000001
2017-06-06 04:00:00+00:00,101.55,102.7,100.18000000000001,101.98,499867,5011,101.832791
2017-06-07 04:00:00+00:00,102.22,102.22,101.02,101.68000000000001,473075,5329,101.621878
2017-06-08 04:00:00+00:00,102.09,104.78,101.40009999999999,104,543372,6505,103.78579499999999
2017-06-09 04:00:00+00:00,104.23999999999999,105.43000000000001,103.41,104.65000000000001,468584,5178,104.658051
2017-06-12 04:00:00+00:00,104.86,105.73999999999999,104.28,105.01000000000001,532461,5462,104.887792
2017-06-13 04:00:00+00:00,105.54000000000001,107.54000000000001,104.66,105.48,547795,6778,105.977645
2017-06-14 04:00:00+00:00,105.31,106.77,105.14,105.72,450419,6122,105.739991
2017-06-15 04:00:00+00:00,103.88,106.8,103.04000000000001,106.59,479647,6427,105.962518
2017-06-16 04:00:00+00:00,106.39,107.625,105.83,107.56,786551,6889,107.148089
2017-06-19 04:00:00+00:00,107.62,109.7,107.33,109.5,516691,5163,109.040719
2017-06-20 04:00:00+00:00,109.41,109.41,107.98999999999999,108.13,285932,3051,108.353492
2017-06-21 04:00:00+00:00,108.45999999999999,108.45999999999999,107.27,107.62,345958,3854,107.625355
2017-06-22 04:00:00+00:00,107.54000000000001,107.66500000000001,105.90000000000001,106.86,419136,3695,106.80794400000001
2017-06-23 04:00:00+00:00,106.87,107.34999999999999,105.88,106.58,618332,4265,106.61210800000001
2017-06-26 04:00:00+00:00,106.91,108.27,106.70999999999999,107.33,266204,2960,107.35916899999999
2017-06-27 04:00:00+00:00,107.77,107.8156,106.25,106.93000000000001,373279,4801,107.010324
2017-06-28 04:00:00+00:00,107.55,108.97580000000001,107.15000000000001,108.67,315504,3810,108.55103099999999
2017-06-29 04:00:00+00:00,109.27,110.53,108.56,110.37,582122,6019,109.654844
2017-06-30 04:00:00+00:00,110.94,112.089,110.795,111.65000000000001,521177,5145,111.507801
2017-07-03 04:00:00+00:00,112.38,113.51000000000001,111.76000000000001,112.73999999999999,330700,3267,112.692014
2017-07-05 04:00:00+00:00,112.47,113.92,112,113.83,700116,6533,113.243858
2017-07-06 04:00:00+00:00,113.18000000000001,113.97,111.64279999999999,111.70999999999999,839062,6763,112.45130899999999
2017-07-07 04:00:00+00:00,112.17,115.3,111.44,114.95,528473,5562,114.61259800000001
2017-07-10 04:00:00+00:00,115.12,116.43000000000001,114.59,115.84999999999999,624806,5649,115.812156
2017-07-11 04:00:00+00:00,115.58,116.08,113.7,113.93000000000001,837664,5780,114.479569
2017-07-12 04:00:00+00:00,114.56999999999999,116.8,114.56999999999999,115.86,757987,5267,116.011239
2017-07-13 04:00:00+00:00,115.98,116.23,114.89,116.04000000000001,482452,3725,115.927074
2017-07-14 04:00:00+00:00,116.31,117.81,116.06,117.47,425385,4639,117.298064
2017-07-17 04:00:00+00:00,117.7,117.70999999999999,116.61,117.33,320626,4020,117.163783
2017-07-18 04:00:00+00:00,116.68000000000001,118.61,116.48999999999999,118.06999999999999,675749,5424,118.075114
2017-07-19 04:00:00+00:00,118.18000000000001,119.11,118.06999999999999,118.42,550245,5391,118.41195
2017-07-20 04:00:00+00:00,118.42,119.59,118.42,119.05,665679,5981,118.900339
2017-07-21 04:00:00+00:00,118.91,119.41,118,118.83,784190,6719,118.630295
2017-07-24 04:00:00+00:00,115.5,115.55,107.09,108.18000000000001,1986765,18598,109.48155
2017-07-25 04:00:00+00:00,108.97,109.48999999999999,105.84,108.23,1730963,13327,107.67456300000001
2017-07-26 04:00:00+00:00,108.27,108.69,104.78,105.20999999999999,1146993,11336,105.67797899999999
2017-07-27 04:00:00+00:00,105.34,105.72,103.92,105.34999999999999,856238,8382,104.987987
2017-07-28 04:00:00+00:00,105.23999999999999,106.89,105.23999999999999,105.91,702521,7614,106.133606
2017-07-31 04:00:00+00:00,106.20999999999999,107.37,105.89,107.15000000000001,717077,6390,106.830187
2017-08-01 04:00:00+00:00,107.93000000000001,107.98990000000001,105.41,106.48999999999999,650857,6622,106.192796
2017-08-02 04:00:00+00:00,106.5,107.17,104.14,105.93000000000001,479085,5000,105.549745
2017-08-03 04:00:00+00:00,105.90000000000001,106.98,105.90000000000001,106.58,461640,4808,106.419359
2017-08-04 04:00:00+00:00,106.97,108.48,106.93000000000001,108.28,517571,5358,108.011363
2017-08-07 04:00:00+00:00,108.65000000000001,109.25,107.86,107.92,499550,5036,108.280056
2017-08-08 04:00:00+00:00,107.83,108.65000000000001,106.86,107.90000000000001,429462,4822,107.85829
2017-08-09 04:00:00+00:00,107.65000000000001,109.61,107.52500000000001,108.84,900421,7277,108.842884
2017-08-10 04:00:00+00:00,108.56999999999999,108.595,106.78,107.26000000000001,556270,5783,107.396732
2017-08-11 04:00:00+00:00,107.315,107.97,106.42,106.84999999999999,436563,4966,106.910353
2017-08-14 04:00:00+00:00,107.42,109.37,107.23,109.25,421871,4992,108.77386300000001
2017-08-15 04:00:00+00:00,109.83,110.67,108.55,108.58,343247,4431,109.142444
2017-08-16 04:00:00+00:00,109.47,109.59999999999999,108.43000000000001,108.56,279551,3226,108.808615
2017-08-17 04:00:00+00:00,108.34999999999999,108.685,106.64,106.81,354256,4091,107.515946
2017-08-18 04:00:00+00:00,106.39,107.31,106.22,106.66,539364,4201,106.680713
2017-08-21 04:00:00+00:00,106.33,106.87,105.73999999999999,106.59999999999999,373739,3225,106.535205
2017-08-22 04:00:00+00:00,106.91,108.65000000000001,106.84999999999999,108.34999999999999,456638,3863,108.228639
2017-08-23 04:00:00+00:00,107.56999999999999,108.7,106.846,107.90000000000001,361771,3547,108.13485799999999
2017-08-24 04:00:00+00:00,108.43000000000001,108.63500000000001,107.27,108.26000000000001,336082,3361,108.187085
2017-08-25 04:00:00+00:00,108.75,109.47,108.48,109.09,193591,2452,109.076896
2017-08-28 04:00:00+00:00,109.26000000000001,109.91,108.93000000000001,109.73999999999999,268204,2908,109.658404
2017-08-29 04:00:00+00:00,108.8,109.84999999999999,107.64,109.20999999999999,399176,4914,109.125822
2017-08-30 04:00:00+00:00,109.2,110.77,109.105,110.36,294797,3383,110.056597
2017-08-31 04:00:00+00:00,110.79000000000001,111.97,110.47,111.51000000000001,657146,5151,111.48367
2017-09-01 04:00:00+00:00,112.06,113.31,111.61499999999999,112.09999999999999,256172,3891,112.309016
2017-09-05 04:00:00+00:00,111.93000000000001,112.59999999999999,111.0177,111.56,315415,3336,111.59384300000001
2017-09-06 04:00:00+00:00,112.08,112.08,110.14,110.25,496308,5007,110.678034
2017-09-07 04:00:00+00:00,110.45,111.515,109.20999999999999,111.45,509568,5087,110.774123
2017-09-08 04:00:00+00:00,111.12,112.66,110.48,112.36,363021,3407,112.17326799999999
2017-09-11 04:00:00+00:00,113.16,114.69,112.47,114.12,631057,3531,114.120621
2017-09-12 04:00:00+00:00,114.39,115.53,113.90000000000001,115.37,626689,3828,115.095806
2017-09-13 04:00:00+00:00,115.14,115.14,113.84,113.87,441821,4066,114.161046
2017-09-14 04:00:00+00:00,113.8,114.45999999999999,113,113.87,443427,4370,113.846232
2017-09-15 04:00:00+00:00,113.84,114.58,113.40000000000001,113.89,878341,4244,113.91021000000001
2017-09-18 04:00:00+00:00,114.12,115.79000000000001,114.12,115.69,255321,2642,115.34562099999999
2017-09-19 04:00:00+00:00,115.67,117.03,115.67,116.45,577281,5294,116.442143
2017-09-20 04:00:00+00:00,116.5,117.15000000000001,115.65000000000001,116.15000000000001,604247,4924,116.32183000000001
2017-09-21 04:00:00+00:00,116.55,116.55,115.34,115.95,585943,4260,115.990933
2017-09-22 04:00:00+00:00,116.06999999999999,116.59,114.22,115.86,645805,5440,115.456292
2017-09-25 04:00:00+00:00,115.8,116.92,115.28,116.63,575420,4912,116.37926299999999
2017-09-26 04:00:00+00:00,117.28,117.84999999999999,115.79000000000001,117.31,769707,7857,117.080153
2017-09-27 04:00:00+00:00,118.04000000000001,119.09999999999999,117.19499999999999,118.90000000000001,574154,4776,118.629113
2017-09-28 04:00:00+00:00,118.42,120.09999999999999,118.27500000000001,119.93000000000001,483162,4359,119.60655199999999
2017-09-29 04:00:00+00:00,119.51000000000001,120.90000000000001,117.68000000000001,117.81999999999999,709484,7266,118.53478
2017-10-02 04:00:00+00:00,118.01000000000001,120.03,118.01000000000001,119.68000000000001,429460,4575,119.56551
2017-10-03 04:00:00+00:00,119.67,120.31999999999999,119.19,120.22,642389,4513,119.803889
2017-10-04 04:00:00+00:00,120.23999999999999,121.97,119.955,121.79000000000001,501527,4139,121.603342
2017-10-05 04:00:00+00:00,121.68000000000001,122.61,120.53,121.56999999999999,499478,4722,121.333915
2017-10-06 04:00:00+00:00,121.56,122.34,121.16,122.12,511945,2703,122.01781
2017-10-09 04:00:00+00:00,122.03,122.37,121.48999999999999,121.95,275910,3410,121.860117
2017-10-10 04:00:00+00:00,122.25,123,121.56,122.98999999999999,429340,4858,122.51203
2017-10-11 04:00:00+00:00,123.02,123.435,119.98,120.70999999999999,654098,5256,120.66845600000001
2017-10-12 04:00:00+00:00,120.73999999999999,122.45999999999999,120.4375,121.45999999999999,631351,5214,121.450158
2017-10-13 04:00:00+00:00,122.3,122.54000000000001,121.895,122.31999999999999,475449,4761,122.28229
2017-10-16 04:00:00+00:00,122.19,122.98999999999999,122.12,122.8,322677,3616,122.700649
2017-10-17 04:00:00+00:00,122.81999999999999,122.81999999999999,120.52,120.75,446052,4574,121.13812900000001
2017-10-18 04:00:00+00:00,121.34,122.97,121.34,122.76000000000001,651484,6675,122.370632
2017-10-19 04:00:00+00:00,122,123.41,120.56999999999999,122.69,606901,6583,122.276921
2017-10-20 04:00:00+00:00,120,124.23999999999999,118.31,122.73999999999999,1301533,12493,121.810608
2017-10-23 04:00:00+00:00,122.98,125.08,120.98,121.13,905481,8410,122.274325
2017-10-24 04:00:00+00:00,121.54000000000001,124.78,121.06,123.98,951821,8585,123.72899700000001
2017-10-25 04:00:00+00:00,123.86,125.02,122.95,123.23999999999999,751782,6620,123.556089
2017-10-26 04:00:00+00:00,124.20999999999999,125.39,123.91,124.75,487232,4515,124.79571799999999
2017-10-27 04:00:00+00:00,124.68000000000001,125.66,123.12,125.37,663655,5523,124.958523
2017-10-30 04:00:00+00:00,124.53,125.3,121.77,121.84999999999999,360529,4457,122.649833
2017-10-31 04:00:00+00:00,122.3,124.23,122.09,123.28,418605,4255,123.4427
2017-11-01 04:00:00+00:00,124.09,124.09,122.54000000000001,123.84,395759,4701,123.559079
2017-11-02 04:00:00+00:00,123.83,125.84,123.22,125.43000000000001,351936,3913,125.22612100000001
2017-11-03 04:00:00+00:00,125.31999999999999,126.05,124.59,126,385327,4295,125.59346600000001
2017-11-06 05:00:00+00:00,125.59999999999999,126.2568,124.97,125.14,636656,3544,125.29148000000001
2017-11-07 05:00:00+00:00,125.34999999999999,126.40000000000001,124.15000000000001,125.09999999999999,509242,3876,125.050803
2017-11-08 05:00:00+00:00,125.28,125.955,124.735,125.54000000000001,362838,2504,125.488901
2017-11-09 05:00:00+00:00,125.05,125.81,123.37,123.63,386490,4442,124.035128
2017-11-10 05:00:00+00:00,123.86,125.09,123.28,124.97,509378,4494,124.719325
2017-11-13 05:00:00+00:00,124.34,127.04000000000001,124.04000000000001,126,293128,2657,125.699624
2017-11-14 05:00:00+00:00,125.09,126.53,125.01000000000001,125.98,367212,3957,126.137722
2017-11-15 05:00:00+00:00,125.11,125.87,124.11,124.62,540820,4638,125.001732
2017-11-16 05:00:00+00:00,125.08,127.31,125.08,126.88,669095,6108,126.38432400000001
2017-11-17 05:00:00+00:00,126.69,126.90000000000001,125.37,126.18000000000001,298910,3489,126.253102
2017-11-20 05:00:00+00:00,126.68000000000001,127.31999999999999,126.38,127.23999999999999,261221,2649,127.112622
2017-11-21 05:00:00+00:00,128.18000000000001,128.44999999999999,127.69,128.38999999999999,272144,2683,128.226021
2017-11-22 05:00:00+00:00,128.34999999999999,129.06,127.19,127.55,246261,2538,127.75291799999999
2017-11-24 05:00:00+00:00,128.13999999999999,128.61000000000001,127.37,128.13999999999999,133745,1424,128.06887599999999
2017-11-27 05:00:00+00:00,128.25,128.96000000000001,128,128.12,313665,2792,128.26988
2017-11-28 05:00:00+00:00,128.53999999999999,130.58000000000001,128.44999999999999,130.38,292974,3183,129.85711499999999
2017-11-29 05:00:00+00:00,130.5,131.99000000000001,129.66999999999999,129.81,382327,4672,130.51683
2017-11-30 05:00:00+00:00,129.63999999999999,130.13,128.83000000000001,128.90000000000001,778104,5339,129.12194
2017-12-01 05:00:00+00:00,128.90000000000001,129.25,124.62,127.01000000000001,424098,4469,127.133139
2017-12-04 05:00:00+00:00,128.28,129.24000000000001,126.90000000000001,127.03,405219,4035,127.435884
2017-12-05 05:00:00+00:00,126.79000000000001,127.58,124.78,125.01000000000001,517332,4641,125.604299
2017-12-06 05:00:00+00:00,125.01000000000001,126.56999999999999,124.84999999999999,125.12,452380,3657,125.494968
2017-12-07 05:00:00+00:00,124.89,125.94,124.45999999999999,125.56999999999999,519996,3575,125.611743
2017-12-08 05:00:00+00:00,126.53,128.18000000000001,125.54000000000001,127.95999999999999,459855,3584,127.67419200000001
2017-12-11 05:00:00+00:00,128.36000000000001,128.5,127.16500000000001,127.62,596278,5107,127.552412
2017-12-12 05:00:00+00:00,127.55,128.11000000000001,125.55,125.64,375791,4347,126.403594
2017-12-13 05:00:00+00:00,125.75,126.13,123.58,123.97,350023,4083,124.590621
2017-12-14 05:00:00+00:00,124.3,124.45999999999999,122.09999999999999,122.59999999999999,548472,5118,122.986733
2017-12-15 05:00:00+00:00,123.01000000000001,125.97,122.90000000000001,124.81999999999999,1046797,4311,124.69281100000001
2017-12-18 05:00:00+00:00,125.78,127.59,125.65000000000001,126.39,362996,3720,126.627403
2017-12-19 05:00:00+00:00,126.34,127.435,125.47499999999999,126.29000000000001,407542,4055,126.222212
2017-12-20 05:00:00+00:00,126.62,127.75,126.25,127.34,258963,3236,127.23360599999999
2017-12-21 05:00:00+00:00,127.47,128.21000000000001,127.31,127.38,313800,2811,127.579278
2017-12-22 05:00:00+00:00,127.89,127.95999999999999,126.23,127.04000000000001,195430,2470,126.97124599999999
2017-12-26 05:00:00+00:00,126.73,127.3,126,126.31999999999999,112030,1523,126.399939
2017-12-27 05:00:00+00:00,126.17,126.83,125.4862,126.29000000000001,218005,1425,126.331637
2017-12-28 05:00:00+00:00,126.92,127.22,125.58,127.12,188985,2217,126.87653299999999
2017-12-29 05:00:00+00:00,127.39,127.41,126.08,126.11,215993,1853,126.446889
2018-01-02 05:00:00+00:00,127.16,127.16,125.73999999999999,126.75,296061,3678,126.67313300000001
2018-01-03 05:00:00+00:00,127.17,127.75,126.45999999999999,127.09,242509,3064,127.170012
2018-01-04 05:00:00+00:00,128.03999999999999,128.8399,127.58,128.69999999999999,342372,3507,128.472657
2018-01-05 05:00:00+00:00,128.86000000000001,129.09999999999999,127.97,129.06999999999999,188025,2149,128.77216999999999
2018-01-08 05:00:00+00:00,128.84999999999999,130.50999999999999,128.00999999999999,130.31,316615,3166,129.96148199999999
2018-01-09 05:00:00+00:00,130.84999999999999,131.97,130.13,130.49000000000001,437466,4524,130.716915
2018-01-10 05:00:00+00:00,130.38999999999999,131.25999999999999,128.81,129.13999999999999,648441,3723,129.44489999999999
2018-01-11 05:00:00+00:00,129.66,131.11000000000001,129.38999999999999,129.90000000000001,501772,3408,129.917834
2018-01-12 05:00:00+00:00,130.40000000000001,131.06,129.38,129.75,403042,2570,129.84743499999999
2018-01-16 05:00:00+00:00,130.71000000000001,131.46000000000001,128.69999999999999,129.06999999999999,331521,3142,129.65876399999999
2018-01-17 05:00:00+00:00,129.77000000000001,132.22999999999999,129.62,131.99000000000001,417693,4613,131.21953500000001
2018-01-18 05:00:00+00:00,132.52000000000001,132.52000000000001,130.50999999999999,131.18000000000001,298656,3104,131.15731099999999
2018-01-19 05:00:00+00:00,131.68000000000001,133.09999999999999,131.56,133.03999999999999,243873,2945,132.69386299999999
2018-01-22 05:00:00+00:00,132.88999999999999,134.28999999999999,132.56,134.19,434156,4110,133.81003699999999
2018-01-23 05:00:00+00:00,134.28999999999999,134.72999999999999,132.19,132.78999999999999,375828,3949,132.89080300000001
2018-01-24 05:00:00+00:00,133.44,134.38,132.09999999999999,132.81999999999999,276900,3058,133.02189100000001
2018-01-25 05:00:00+00:00,133.72999999999999,134.02000000000001,132.72999999999999,133.71000000000001,248177,2602,133.645983
2018-01-26 05:00:00+00:00,134.15000000000001,136.18000000000001,133.59999999999999,136.02000000000001,235154,2770,135.43804700000001
2018-01-29 05:00:00+00:00,135.46000000000001,136.93000000000001,134.34999999999999,134.50999999999999,370149,3128,134.92440400000001
2018-01-30 05:00:00+00:00,133.13999999999999,133.34999999999999,131.24000000000001,131.59,454980,4728,131.858225
2018-01-31 05:00:00+00:00,132.15000000000001,134.03999999999999,131.31999999999999,131.38999999999999,585830,4538,131.76849999999999
2018-02-01 05:00:00+00:00,131.13,132.86000000000001,130.96000000000001,132.22999999999999,646941,6541,131.99453600000001
2018-02-02 05:00:00+00:00,129.87,130.34999999999999,120.59999999999999,122.5,878266,8951,123.55010900000001
2018-02-05 05:00:00+00:00,121.34999999999999,122,117.36,117.37,1318049,11181,119.812377
2018-02-06 05:00:00+00:00,113.01000000000001,122.84999999999999,112.73999999999999,121.83,1240012,11634,119.505313
2018-02-07 05:00:00+00:00,121.61,122.97,120.41,120.97,763482,6915,121.471718
2018-02-08 05:00:00+00:00,120.90000000000001,121.09,113.67,113.73,846010,8688,115.930667
2018-02-09 05:00:00+00:00,115.61,116.51000000000001,111.18000000000001,115.59999999999999,700556,7869,114.33703199999999
2018-02-12 05:00:00+00:00,116.97,118.715,115.67,117.44,632461,4910,117.447639
2018-02-13 05:00:00+00:00,116.76000000000001,119.68000000000001,116.33,119.43000000000001,597252,4659,118.777542
2018-02-14 05:00:00+00:00,118.40000000000001,123.66,118.19499999999999,122.97,838921,7235,122.545472
2018-02-15 05:00:00+00:00,124.05,124.3734,122.22,122.87,557875,5017,122.81864899999999
2018-02-16 05:00:00+00:00,122.19,123.53,120.90000000000001,121.92,364483,4010,122.352245
2018-02-20 05:00:00+00:00,121.16,122.63,120.64,121.76000000000001,407722,4113,121.677413
2018-02-21 05:00:00+00:00,122.06,123.925,121.18000000000001,121.34999999999999,439043,5666,122.43366899999999
2018-02-22 05:00:00+00:00,121.79000000000001,123.19,121.06999999999999,121.34,414771,4201,121.726967
2018-02-23 05:00:00+00:00,122.25,122.64,120.88,122.58,338749,3381,122.259799
2018-02-26 05:00:00+00:00,122.98999999999999,123.22,120.84999999999999,121.87,370862,3884,121.69938
2018-02-27 05:00:00+00:00,121.43000000000001,123.04000000000001,120.05,120.09999999999999,709757,5729,120.673067
2018-02-28 05:00:00+00:00,120.31999999999999,121.015,118.43000000000001,118.45999999999999,706894,5705,119.014897
2018-03-01 05:00:00+00:00,118.09999999999999,119.40000000000001,116.09999999999999,117.23,733975,7910,117.48748500000001
2018-03-02 05:00:00+00:00,116.04000000000001,119.55,115.47,119.26000000000001,472072,5182,118.460804
2018-03-05 05:00:00+00:00,117.95,119.01000000000001,116.52,118.58,755673,4039,118.354102
2018-03-06 05:00:00+00:00,119.20999999999999,119.66,117.98999999999999,118.62,715745,6783,118.690226
2018-03-07 05:00:00+00:00,117.34999999999999,120.55,117.34999999999999,120.23,624524,5225,119.685631
2018-03-08 05:00:00+00:00,121.29000000000001,121.31999999999999,119.78,120.59999999999999,566362,4457,120.53916
2018-03-09 05:00:00+00:00,121.89,122.58,120.53,122.36,400956,3232,121.98863299999999
2018-03-12 04:00:00+00:00,122.63,122.90000000000001,120.02,120.36,475248,3977,120.557514
2018-03-13 04:00:00+00:00,121.16,122.72,120.77,121.23999999999999,783578,5129,121.55246200000001
2018-03-14 04:00:00+00:00,121.75,122.16,119.54000000000001,120.61,421200,3693,120.41571399999999
2018-03-15 04:00:00+00:00,120.84,121.8,120.145,120.81999999999999,317341,3267,120.947002
2018-03-16 04:00:00+00:00,121.29000000000001,123.28,120.93000000000001,122.31999999999999,623254,3513,122.170788
2018-03-19 04:00:00+00:00,121.95999999999999,122.51000000000001,120.34999999999999,121.04000000000001,512409,3936,121.101912
2018-03-20 04:00:00+00:00,121.09,121.97,120.11,120.87,487204,4354,120.899041
2018-03-21 04:00:00+00:00,120.91,122.7,120.91,121.15000000000001,430041,4514,121.731605
2018-03-22 04:00:00+00:00,120,120.37,115.70999999999999,115.81,570893,5767,117.040831
2018-03-23 04:00:00+00:00,115.81,117.075,111.41,111.58,549032,5342,113.213159
2018-03-26 04:00:00+00:00,113.68000000000001,114.17,111.5,113.72,1002680,7774,113.08071700000001
2018-03-27 04:00:00+00:00,113.81,115.685,112.09999999999999,113.02,582105,7116,113.774305
2018-03-28 04:00:00+00:00,113.05,113.89,111.8,112.45999999999999,601158,5400,112.735938
2018-03-29 04:00:00+00:00,113.27,116.05,113.25,115.09999999999999,689959,5288,115.119195
2018-04-02 04:00:00+00:00,114.95999999999999,115.66,111.73999999999999,113.63,470165,5662,113.295052
2018-04-03 04:00:00+00:00,112.58,115.43000000000001,111.61,114.62,735796,7206,113.997507
2018-04-04 04:00:00+00:00,112.25,114.48999999999999,110.75,114.34,692066,6214,113.79996300000001
2018-04-05 04:00:00+00:00,115.36,116.12,114.1649,115.76000000000001,717055,3744,115.44353599999999
2018-04-06 04:00:00+00:00,114.45999999999999,115.26000000000001,109.72,110.78,1062341,5654,111.32783999999999
2018-04-09 04:00:00+00:00,112.34,114.91,112.005,112.94,556934,6587,113.656689
2018-04-10 04:00:00+00:00,114.53,116.5,113.47,115.90000000000001,896448,5231,115.824641
2018-04-11 04:00:00+00:00,115.16,115.89,114.38,114.75,453633,3200,114.992924
2018-04-12 04:00:00+00:00,115.31999999999999,117.26000000000001,115.02,116.40000000000001,311386,3613,116.42338100000001
2018-04-13 04:00:00+00:00,117.37,117.59999999999999,115.3,116.06,409327,4555,116.120831
2018-04-16 04:00:00+00:00,117,117.78,116.25,117.09999999999999,408342,4812,116.965361
2018-04-17 04:00:00+00:00,118.22,118.48999999999999,116.28,116.72,493932,3574,116.82934899999999
2018-04-18 04:00:00+00:00,117.15000000000001,118.64,117.15000000000001,118.61,514869,4767,118.26514
2018-04-19 04:00:00+00:00,118.55,119.68000000000001,118.17,118.66,873535,7735,118.87182900000001
2018-04-20 04:00:00+00:00,117.08,118.48999999999999,100.69,101.47,2847805,23097,104.330281
2018-04-23 04:00:00+00:00,101.51000000000001,103.08,99.129999999999995,99.900000000000006,1505898,14482,100.57417700000001
2018-04-24 04:00:00+00:00,100.89,100.89,95.610100000000003,96.180000000000007,1850826,17925,97.155361999999997
2018-04-25 04:00:00+00:00,96.349999999999994,98.459999999999994,95.959999999999994,96,1097487,10008,96.916651000000002
2018-04-26 04:00:00+00:00,96.680000000000007,98.090000000000003,94.849999999999994,97.390000000000001,900900,9221,96.611135000000004
2018-04-27 04:00:00+00:00,97.310000000000002,97.390000000000001,95.670000000000002,96.900000000000006,600884,6584,96.778149999999997
2018-04-30 04:00:00+00:00,96.900000000000006,97.459999999999994,95.719999999999999,95.719999999999999,576292,4748,96.363730000000004
2018-05-01 04:00:00+00:00,95.310000000000002,96.430000000000007,94.189999999999998,96.219999999999999,573356,6296,95.666955000000002
2018-05-02 04:00:00+00:00,96.319999999999993,98.170000000000002,95.890000000000001,96.310000000000002,1238275,8209,96.996983
2018-05-03 04:00:00+00:00,95.859999999999999,96.079999999999998,93.469999999999999,94.980000000000004,702445,7117,94.800268000000003
2018-05-04 04:00:00+00:00,94.450000000000003,97.480000000000004,93.670000000000002,96.629999999999995,614651,6217,96.550449999999998
2018-05-07 04:00:00+00:00,97.239999999999995,97.340000000000003,95.400000000000006,96.129999999999995,513766,5076,96.315832
2018-05-08 04:00:00+00:00,95.730000000000004,96.390000000000001,95.299999999999997,95.980000000000004,704594,5817,95.913028999999995
2018-05-09 04:00:00+00:00,96.370000000000005,96.370000000000005,94.170000000000002,95.670000000000002,873256,7303,95.473348999999999
2018-05-10 04:00:00+00:00,96.310000000000002,96.310000000000002,95.230000000000004,95.680000000000007,870474,7654,95.719547000000006
2018-05-11 04:00:00+00:00,95.760000000000005,96.730000000000004,95.5,96,875076,5303,96.061072999999993
2018-05-14 04:00:00+00:00,96.469999999999999,96.469999999999999,94.959999999999994,95.209999999999994,728304,5699,95.384265999999997
2018-05-15 04:00:00+00:00,94.310000000000002,95.340000000000003,94.019999999999996,95.200000000000003,510445,5090,95.002821999999995
2018-05-16 04:00:00+00:00,95.480000000000004,95.930000000000007,94.510000000000005,94.609999999999999,720170,6424,95.060106000000005
2018-05-17 04:00:00+00:00,94.439999999999998,95.400000000000006,93.900000000000006,94.069999999999993,803910,7257,94.319593999999995
2018-05-18 04:00:00+00:00,93.810000000000002,95.370000000000005,93.810000000000002,94.959999999999994,972434,6683,94.659745999999998
2018-05-21 04:00:00+00:00,95.799999999999997,97.094999999999999,95.090000000000003,95.269999999999996,766532,7022,95.746910999999997
2018-05-22 04:00:00+00:00,95.909999999999997,95.909999999999997,93.5,93.569999999999993,704787,6654,94.228340000000003
2018-05-23 04:00:00+00:00,93,93.219999999999999,91.540000000000006,92.469999999999999,983281,8093,92.189068000000006
2018-05-24 04:00:00+00:00,92.359999999999999,92.900000000000006,91.709999999999994,92.040000000000006,1508112,5470,92.167167000000006
2018-05-25 04:00:00+00:00,91.920000000000002,93.489999999999995,91.920000000000002,92.409999999999997,841294,5586,92.585783000000006
2018-05-29 04:00:00+00:00,91.540000000000006,92.599999999999994,91.049999999999997,91.480000000000004,1178266,6575,91.583505000000002
2018-05-30 04:00:00+00:00,92,93.719999999999999,91.820099999999996,92.760000000000005,784857,6525,92.897487999999996
2018-05-31 04:00:00+00:00,91.780000000000001,92.349999999999994,89.989999999999995,90,1110331,8146,90.489637000000002
2018-06-01 04:00:00+00:00,90.930000000000007,91.849999999999994,90.510000000000005,91.25,553507,5301,91.261469000000005
2018-06-04 04:00:00+00:00,91.950000000000003,92.849999999999994,91.469999999999999,92.090000000000003,1063738,5622,92.146330000000006
2018-06-05 04:00:00+00:00,92.120000000000005,92.950000000000003,91.700999999999993,92.780000000000001,914625,4697,92.471344000000002
2018-06-06 04:00:00+00:00,92.969999999999999,93.019999999999996,91.030000000000001,92.280000000000001,1008283,9129,91.829902000000004
2018-06-07 04:00:00+00:00,92.420000000000002,93.280000000000001,92.150000000000006,93.129999999999995,1269561,6651,92.810744999999997
2018-06-08 04:00:00+00:00,92.980000000000004,93.530000000000001,91.549999999999997,92.299999999999997,981423,7548,92.312888999999998
2018-06-11 04:00:00+00:00,92.329999999999998,93.310000000000002,91.790000000000006,92.010000000000005,1230647,5614,92.243014000000002
2018-06-12 04:00:00+00:00,92.480000000000004,92.849999999999994,91.900000000000006,92.540000000000006,525830,4705,92.578839000000002
2018-06-13 04:00:00+00:00,92.719999999999999,93.629999999999995,92.209999999999994,92.760000000000005,872022,5784,92.946661000000006
2018-06-14 04:00:00+00:00,93.030000000000001,93.5,92.245000000000005,93.069999999999993,499890,4601,92.975408000000002
2018-06-15 04:00:00+00:00,91.739999999999995,93.090000000000003,91.329999999999998,92.930000000000007,956620,5531,92.562476000000004
2018-06-18 04:00:00+00:00,92.140000000000001,92.495000000000005,90.189999999999998,91.159999999999997,687220,6705,91.022506000000007
2018-06-19 04:00:00+00:00,90.269999999999996,91.200000000000003,89.319999999999993,90.290000000000006,934475,5382,90.254294000000002
2018-06-20 04:00:00+00:00,90.420000000000002,91.129999999999995,90.030000000000001,90.75,640716,6081,90.673314000000005
2018-06-21 04:00:00+00:00,90.650000000000006,90.840000000000003,89.379999999999995,89.650000000000006,671007,5305,89.934359000000001
2018-06-22 04:00:00+00:00,90.569999999999993,92.340000000000003,90.159999999999997,91.739999999999995,1291987,7437,91.751624000000007
2018-06-25 04:00:00+00:00,91.310000000000002,91.459999999999994,89.096800000000002,89.5,695365,5682,89.600648000000007
2018-06-26 04:00:00+00:00,89.519999999999996,89.719999999999999,88.549999999999997,88.620000000000005,525776,5260,88.900022000000007
2018-06-27 04:00:00+00:00,88.870000000000005,88.989999999999995,86.040000000000006,86.109999999999999,1043578,7759,87.298480999999995
2018-06-28 04:00:00+00:00,85.599999999999994,86,84.469999999999999,85.459999999999994,1065802,11113,85.153988999999996
2018-06-29 04:00:00+00:00,85.969999999999999,87.620000000000005,85.560000000000002,86.060000000000002,664330,5544,86.583392000000003
2018-07-02 04:00:00+00:00,85.159999999999997,85.890000000000001,84.870000000000005,85.579999999999998,588022,5606,85.435331000000005
2018-07-03 04:00:00+00:00,85.879999999999995,86.310000000000002,85.150000000000006,85.25,322496,3272,85.624988000000002
2018-07-05 04:00:00+00:00,85.959999999999994,86.260000000000005,84.719999999999999,86.099999999999994,1012804,5754,85.910589999999999
2018-07-06 04:00:00+00:00,85.959999999999994,88.159999999999997,85.290000000000006,87,771725,7567,86.742889000000005
2018-07-09 04:00:00+00:00,87.780000000000001,89.430000000000007,87.780000000000001,89.280000000000001,1030709,7183,89.144594999999995
2018-07-10 04:00:00+00:00,89.450000000000003,89.599999999999994,85.849999999999994,86.420000000000002,1158048,9967,86.696349999999995
2018-07-11 04:00:00+00:00,85.469999999999999,86.790000000000006,84.730000000000004,84.790000000000006,1103417,10012,85.469482999999997
2018-07-12 04:00:00+00:00,85.239999999999995,86.069999999999993,84.129999999999995,85.200000000000003,767521,7369,85.330348000000001
2018-07-13 04:00:00+00:00,85.030000000000001,86.180000000000007,83.859999999999999,85.950000000000003,740171,7207,85.502326999999994
2018-07-16 04:00:00+00:00,85.879999999999995,86.260000000000005,84.739999999999995,85,1080275,4566,85.141577999999996
2018-07-17 04:00:00+00:00,84.530000000000001,86.560000000000002,84.530000000000001,86.209999999999994,732159,6416,85.970961000000003
2018-07-18 04:00:00+00:00,85.900000000000006,86.739999999999995,85.480000000000004,86.629999999999995,780212,6574,86.359211000000002
2018-07-19 04:00:00+00:00,86.459999999999994,86.745000000000005,85.269999999999996,86.099999999999994,1106628,10567,86.045128000000005
2018-07-20 04:00:00+00:00,83.950000000000003,87.700000000000003,81.849999999999994,86.549999999999997,2227181,19695,85.978002000000004
2018-07-23 04:00:00+00:00,86.260000000000005,91.310000000000002,86.260000000000005,90.950000000000003,2110237,19944,89.840307999999993
2018-07-24 04:00:00+00:00,91.859999999999999,92.704999999999998,89.519999999999996,90.290000000000006,1853091,14417,90.947388000000004
2018-07-25 04:00:00+00:00,90.390000000000001,92.969999999999999,90.219999999999999,92.900000000000006,1414823,14176,91.858339999999998
2018-07-26 04:00:00+00:00,92.930000000000007,94.090000000000003,92.530000000000001,93.209999999999994,2283780,16397,93.109009999999998
2018-07-27 04:00:00+00:00,93.510000000000005,93.905000000000001,92.650000000000006,93.040000000000006,1054365,9585,93.100055999999995
2018-07-30 04:00:00+00:00,93.260000000000005,94.170000000000002,92.689999999999998,92.810000000000002,797850,9163,93.313014999999993
2018-07-31 04:00:00+00:00,93.569999999999993,94.260000000000005,93.180000000000007,93.260000000000005,758668,6908,93.484688000000006
2018-08-01 04:00:00+00:00,93.390000000000001,93.959999999999994,91.510000000000005,92.829999999999998,1040822,8770,92.615115000000003
2018-08-02 04:00:00+00:00,92.390000000000001,92.430000000000007,90.381600000000006,91.849999999999994,624537,7038,91.794537000000005
2018-08-03 04:00:00+00:00,91.849999999999994,92.760000000000005,91.060000000000002,92.129999999999995,824738,7097,91.753557000000001
2018-08-06 04:00:00+00:00,91.939999999999998,93.730000000000004,91.709999999999994,93.359999999999999,1003257,11234,93.285093000000003
2018-08-07 04:00:00+00:00,93.170000000000002,93.379999999999995,90.730000000000004,91.760000000000005,1472546,10871,91.683142000000004
2018-08-08 04:00:00+00:00,91.989999999999995,92.670000000000002,91.689999999999998,92.150000000000006,976417,8159,92.253489999999999
2018-08-09 04:00:00+00:00,92.120000000000005,92.409999999999997,90.609999999999999,90.629999999999995,953112,8674,91.011864000000003
2018-08-10 04:00:00+00:00,90.109999999999999,90.435000000000002,89.359999999999999,89.590000000000003,916273,11760,89.724762999999996
2018-08-13 04:00:00+00:00,89.760000000000005,90,88.209999999999994,88.530000000000001,1544167,8956,88.655450999999999
2018-08-14 04:00:00+00:00,88.329999999999998,89.254999999999995,87.709999999999994,87.799999999999997,968326,9158,88.139062999999993
2018-08-15 04:00:00+00:00,87.420000000000002,88.239999999999995,86.349999999999994,87.989999999999995,1370316,12737,87.360919999999993
2018-08-16 04:00:00+00:00,88.420000000000002,89.849999999999994,88.290000000000006,88.409999999999997,1214309,9468,88.888195999999994
2018-08-17 04:00:00+00:00,88.370000000000005,88.530000000000001,87.909999999999997,88.260000000000005,704925,7569,88.198079000000007
2018-08-20 04:00:00+00:00,88.489999999999995,89.530000000000001,88.409999999999997,89.280000000000001,906036,8481,89.145624999999995
2018-08-21 04:00:00+00:00,89.379999999999995,91.099999999999994,89.379999999999995,90.650000000000006,923354,8892,90.687591999999995
2018-08-22 04:00:00+00:00,90.569999999999993,91.25,90.189999999999998,90.230000000000004,671246,7278,90.53922
2018-08-23 04:00:00+00:00,90.390000000000001,90.859999999999999,89.400000000000006,89.599999999999994,659874,7230,89.843001999999998
2018-08-24 04:00:00+00:00,89.989999999999995,90.224999999999994,89.079999999999998,89.260000000000005,792470,8452,89.378056999999998
2018-08-27 04:00:00+00:00,89.549999999999997,94.719999999999999,89.549999999999997,92.840000000000003,1460552,12562,93.302899999999994
2018-08-28 04:00:00+00:00,92.819999999999993,94.579999999999998,92.780000000000001,94.459999999999994,1019066,12537,94.151580999999993
2018-08-29 04:00:00+00:00,94.450000000000003,94.670000000000002,93.5,94.390000000000001,710255,7998,94.312533000000002
2018-08-30 04:00:00+00:00,94.030000000000001,94.435000000000002,93.230000000000004,93.590000000000003,529337,6870,93.586858000000007
2018-08-31 04:00:00+00:00,93.489999999999995,94,92.879999999999995,93.730000000000004,745492,6306,93.618874000000005
2018-09-04 04:00:00+00:00,94.019999999999996,94.239999999999995,92.950000000000003,93.530000000000001,583966,5854,93.496881000000002
2018-09-05 04:00:00+00:00,93.069999999999993,93.069999999999993,91.569999999999993,92.159999999999997,602761,6113,92.243341999999998
2018-09-06 04:00:00+00:00,91.890000000000001,92.379999999999995,91.310000000000002,91.849999999999994,445351,5329,91.812100000000001
2018-09-07 04:00:00+00:00,91.730000000000004,91.730000000000004,88.079999999999998,88.25,783683,8015,88.670283999999995
2018-09-10 04:00:00+00:00,88.819999999999993,89.659999999999997,88.140000000000001,88.340000000000003,703205,7675,88.640158
2018-09-11 04:00:00+00:00,87.890000000000001,87.890000000000001,86.299999999999997,86.530000000000001,594077,6234,86.807693
2018-09-12 04:00:00+00:00,86.489999999999995,86.855400000000003,85.605000000000004,86.329999999999998,499761,5205,86.340581999999998
2018-09-13 04:00:00+00:00,86.780000000000001,88.819999999999993,86.780000000000001,87.629999999999995,647030,5331,87.605238
2018-09-14 04:00:00+00:00,87.760000000000005,88.439999999999998,87.694400000000002,88.209999999999994,472595,5004,88.174694000000002
2018-09-17 04:00:00+00:00,88.150000000000006,88.769999999999996,87.760000000000005,88.189999999999998,598655,5915,88.241078999999999
2018-09-18 04:00:00+00:00,88.900000000000006,88.969999999999999,87.870000000000005,88.680000000000007,784775,5801,88.603059999999999
2018-09-19 04:00:00+00:00,87.290000000000006,87.680000000000007,83.560000000000002,84.049999999999997,1896163,12059,85.035784000000007
2018-09-20 04:00:00+00:00,85,85.834999999999994,84.569999999999993,85.489999999999995,777837,5008,85.456202000000005
2018-09-21 04:00:00+00:00,85.599999999999994,86.679000000000002,85.359999999999999,85.739999999999995,1330774,6435,85.843334999999996
2018-09-24 04:00:00+00:00,85.450000000000003,85.650000000000006,84.909999999999997,85.489999999999995,1107287,6575,85.430115999999998
2018-09-25 04:00:00+00:00,86.079999999999998,86.219999999999999,84.879999999999995,84.909999999999997,937993,6768,85.211270999999996
2018-09-26 04:00:00+00:00,84.950000000000003,86.469999999999999,84.420000000000002,84.909999999999997,1077605,9524,85.295936999999995
2018-09-27 04:00:00+00:00,85.319999999999993,85.719999999999999,83.459999999999994,84.290000000000006,1631841,10327,84.116622000000007
2018-09-28 04:00:00+00:00,83.760000000000005,86.504999999999995,83.540000000000006,85.959999999999994,1761277,12018,85.759719000000004
2018-10-01 04:00:00+00:00,86.670000000000002,86.950000000000003,84.954999999999998,85.400000000000006,884267,6874,85.659492
2018-10-02 04:00:00+00:00,84.569999999999993,85.260000000000005,82.920000000000002,83.989999999999995,1062779,10319,84.049819999999997
2018-10-03 04:00:00+00:00,84.549999999999997,85.579999999999998,84.350999999999999,85.010000000000005,652582,7735,85.066021000000006
2018-10-04 04:00:00+00:00,85,85.209999999999994,83.280000000000001,83.579999999999998,577228,5367,83.851966000000004
2018-10-05 04:00:00+00:00,83.670000000000002,84.258499999999998,82.310000000000002,82.450000000000003,957141,7494,82.752522999999997
2018-10-08 04:00:00+00:00,82.109999999999999,82.930000000000007,81.540000000000006,82.549999999999997,544267,6107,82.326256999999998
2018-10-09 04:00:00+00:00,80.170000000000002,80.769999999999996,78.140000000000001,78.260000000000005,1170315,10642,78.948369999999997
2018-10-10 04:00:00+00:00,78.469999999999999,79.219999999999999,77.260000000000005,77.359999999999999,980017,8720,78.036597
2018-10-11 04:00:00+00:00,76.890000000000001,78.379999999999995,75.510000000000005,75.879999999999995,761637,7709,76.556224999999998
2018-10-12 04:00:00+00:00,77.290000000000006,77.700000000000003,74.640000000000001,75.459999999999994,910127,8521,75.654139999999998
2018-10-15 04:00:00+00:00,75.280000000000001,77.260000000000005,75.280000000000001,76.760000000000005,939626,9421,76.596040000000002
2018-10-16 04:00:00+00:00,77.5,79.510000000000005,76.890000000000001,79.439999999999998,894335,7963,78.783708000000004
2018-10-17 04:00:00+00:00,78.890000000000001,79.879999999999995,78.650000000000006,79.480000000000004,1340167,11090,79.316556000000006
2018-10-18 04:00:00+00:00,79.430000000000007,80.480000000000004,78.060000000000002,78.349999999999994,1949227,14293,78.824934999999996
2018-10-19 04:00:00+00:00,74.5,75.730000000000004,71.790000000000006,75.390000000000001,1746589,14147,74.750501999999997
2018-10-22 04:00:00+00:00,75.310000000000002,78.140000000000001,75.135000000000005,76.400000000000006,1241463,11768,76.955140999999998
2018-10-23 04:00:00+00:00,75.099999999999994,77.090000000000003,74.450000000000003,76.680000000000007,1330139,9961,76.153510999999995
2018-10-24 04:00:00+00:00,77,77,73.650000000000006,73.810000000000002,1213228,10928,75.512748000000002
2018-10-25 04:00:00+00:00,74.439999999999998,75.400000000000006,73.450000000000003,74.709999999999994,1098484,10772,74.651634999999999
2018-10-26 04:00:00+00:00,73.269999999999996,74.510000000000005,72.9011,74.150000000000006,1214602,11282,73.978784000000005
2018-10-29 04:00:00+00:00,75.409999999999997,76.450000000000003,73.840000000000003,74.530000000000001,988741,9028,75.362435000000005
2018-10-30 04:00:00+00:00,74.959999999999994,76.879999999999995,74.370000000000005,75.670000000000002,977783,7807,75.485840999999994
2018-10-31 04:00:00+00:00,76.819999999999993,77.420000000000002,75.965000000000003,76.290000000000006,1331982,10201,76.777544000000006
2018-11-01 04:00:00+00:00,76.890000000000001,79.319999999999993,76.469999999999999,79.25,665845,6725,78.404312000000004
2018-11-02 04:00:00+00:00,80.030000000000001,80.569999999999993,78.25,79.269999999999996,598894,5934,79.116118
2018-11-05 05:00:00+00:00,79.219999999999999,80.349999999999994,78.189999999999998,78.950000000000003,781623,6330,78.910522999999998
2018-11-06 05:00:00+00:00,78.75,80.400000000000006,78.319999999999993,79.450000000000003,729616,6107,79.451718
2018-11-07 05:00:00+00:00,80.340000000000003,82.079999999999998,78.609999999999999,81.510000000000005,863299,8058,80.899439999999998
2018-11-08 05:00:00+00:00,81.709999999999994,81.950000000000003,80.359999999999999,81.099999999999994,826583,6782,80.96387
2018-11-09 05:00:00+00:00,80.469999999999999,81.299999999999997,78.659999999999997,79.609999999999999,1323959,5863,79.603677000000005
2018-11-12 05:00:00+00:00,79.329999999999998,80.010000000000005,78.870000000000005,79.030000000000001,817620,5964,79.418695
2018-11-13 05:00:00+00:00,79.109999999999999,79.870000000000005,78.019999999999996,78.019999999999996,954761,8782,78.780899000000005
2018-11-14 05:00:00+00:00,79.019999999999996,79.370000000000005,77.590000000000003,78.200000000000003,599695,6622,78.443573999999998
2018-11-15 05:00:00+00:00,77.650000000000006,79.219999999999999,77.170000000000002,78.810000000000002,959393,8639,78.503049000000004
2018-11-16 05:00:00+00:00,78.230000000000004,79.590000000000003,78.230000000000004,79.260000000000005,547775,5479,79.096221
2018-11-19 05:00:00+00:00,78.650000000000006,79.379999999999995,77.560000000000002,78.069999999999993,826016,6361,78.208564999999993
2018-11-20 05:00:00+00:00,77.060000000000002,78.999899999999997,76.590000000000003,78.290000000000006,665300,6451,78.182728999999995
2018-11-21 05:00:00+00:00,78.959999999999994,81.590000000000003,78.644999999999996,80.319999999999993,737656,6830,80.626159999999999
2018-11-23 05:00:00+00:00,79.590000000000003,81.409999999999997,79.510000000000005,80.260000000000005,316504,2856,80.735722999999993
2018-11-26 05:00:00+00:00,81.390000000000001,82.069999999999993,80,80.969999999999999,1118250,5295,80.902666999999994
2018-11-27 05:00:00+00:00,80.260000000000005,80.814999999999998,78.890000000000001,79.329999999999998,583329,6126,79.465682999999999
2018-11-28 05:00:00+00:00,80.150000000000006,81.689999999999998,78.170000000000002,81.650000000000006,469144,5436,80.674237000000005
2018-11-29 05:00:00+00:00,80.989999999999995,82.019999999999996,79.629999999999995,80.150000000000006,539175,5199,80.427386999999996
2018-11-30 05:00:00+00:00,79.579999999999998,81.409999999999997,79.310000000000002,81.180000000000007,987976,7058,80.954642000000007
2018-12-03 05:00:00+00:00,82.239999999999995,82.739999999999995,79.159999999999997,81.109999999999999,417133,5363,80.947047999999995
2018-12-04 05:00:00+00:00,80.969999999999999,81.480000000000004,75.365499999999997,75.650000000000006,798301,7416,76.802126000000001
2018-12-06 05:00:00+00:00,74.510000000000005,74.989999999999995,72.879999999999995,74.540000000000006,1135830,11036,73.940195000000003
2018-12-07 05:00:00+00:00,74.319999999999993,75.629999999999995,72.780000000000001,73.159999999999997,867565,5412,73.566817999999998
2018-12-10 05:00:00+00:00,73.060000000000002,73.484999999999999,71.909999999999997,73.219999999999999,573210,4373,73.060618000000005
2018-12-11 05:00:00+00:00,74.290000000000006,74.560000000000002,71.400000000000006,71.439999999999998,641999,6881,72.194759000000005
2018-12-12 05:00:00+00:00,72.329999999999998,73.920000000000002,71.739999999999995,72.040000000000006,471717,5372,72.680901000000006
2018-12-13 05:00:00+00:00,72.120000000000005,72.140000000000001,69.299999999999997,69.340000000000003,1299317,9650,69.881259999999997
2018-12-14 05:00:00+00:00,68.579999999999998,70.239999999999995,68.019999999999996,68.379999999999995,906607,8227,68.828564
2018-12-17 05:00:00+00:00,68.25,69.129999999999995,66.879999999999995,67.379999999999995,864404,8476,67.777022000000002
2018-12-18 05:00:00+00:00,67.810000000000002,69.209999999999994,67.340500000000006,68.689999999999998,1001048,6725,68.646806999999995
2018-12-19 05:00:00+00:00,68.409999999999997,69.420000000000002,66.189999999999998,66.569999999999993,850158,6827,67.173253000000003
2018-12-20 05:00:00+00:00,66.129999999999995,67.060000000000002,64.859999999999999,65.590000000000003,581135,5423,65.811605
2018-12-21 05:00:00+00:00,65.569999999999993,66.349999999999994,63.850000000000001,64.120000000000005,1815767,5217,64.379722000000001
2018-12-24 05:00:00+00:00,63.729999999999997,63.789999999999999,62.314999999999998,62.590000000000003,334362,3356,63.069476000000002
2018-12-26 05:00:00+00:00,63.039999999999999,65.200000000000003,61.57,65.159999999999997,431710,3794,63.639113999999999
2018-12-27 05:00:00+00:00,64.030000000000001,64.840000000000003,62.439999999999998,64.829999999999998,735956,5965,64.097716000000005
2018-12-28 05:00:00+00:00,64.870000000000005,65.319999999999993,63.990000000000002,64.590000000000003,741644,6398,64.625971000000007
2018-12-31 05:00:00+00:00,65.049999999999997,65.430000000000007,64.090000000000003,64.799999999999997,632306,4874,64.720088000000004
2019-01-02 05:00:00+00:00,63.840000000000003,66.030000000000001,63.5,65.060000000000002,617428,6719,65.042547999999996
2019-01-03 05:00:00+00:00,64.260000000000005,65.299999999999997,63.094999999999999,63.719999999999999,627109,5940,64.026526000000004
2019-01-04 05:00:00+00:00,64.870000000000005,67.150000000000006,64.739999999999995,66.870000000000005,704530,5402,66.686485000000005
2019-01-07 05:00:00+00:00,66.680000000000007,67.920000000000002,65.790000000000006,67.140000000000001,615717,6877,67.141395000000003
2019-01-08 05:00:00+00:00,68.030000000000001,69.230000000000004,67.700000000000003,69.159999999999997,788951,7370,68.749155000000002
2019-01-09 05:00:00+00:00,69.349999999999994,71.299999999999997,69.310000000000002,70.969999999999999,638976,6760,70.727427000000006
2019-01-10 05:00:00+00:00,70.730000000000004,71.112099999999998,69.870000000000005,70.650000000000006,524086,5169,70.485952999999995
2019-01-11 05:00:00+00:00,70.620000000000005,71.049999999999997,69.219999999999999,70.989999999999995,474312,5271,70.544966000000002
2019-01-14 05:00:00+00:00,70.180000000000007,71.829999999999998,69.799999999999997,71.310000000000002,1074043,5044,71.281053999999997
2019-01-15 05:00:00+00:00,71.180000000000007,71.75,70.430000000000007,70.849999999999994,456736,4344,70.934674000000001
2019-01-16 05:00:00+00:00,71.049999999999997,72.224999999999994,70.887500000000003,72.019999999999996,551268,5240,71.740414999999999
2019-01-17 05:00:00+00:00,71.849999999999994,73.510000000000005,71.790000000000006,73.260000000000005,538835,5120,72.932957999999999
2019-01-18 05:00:00+00:00,73.939999999999998,74.929900000000004,73.459999999999994,74.439999999999998,400381,4310,74.398777999999993
2019-01-22 05:00:00+00:00,74.120000000000005,74.290000000000006,72.450000000000003,73.129999999999995,372265,3499,73.117438000000007
2019-01-23 05:00:00+00:00,73.129999999999995,73.799999999999997,70.909999999999997,71.680000000000007,534163,5587,71.574448000000004
2019-01-24 05:00:00+00:00,71.5,72.989999999999995,71.5,72.629999999999995,555234,5828,72.369702000000004
2019-01-25 05:00:00+00:00,73.290000000000006,75.090000000000003,73.290000000000006,74.739999999999995,473769,5476,74.579525000000004
2019-01-28 05:00:00+00:00,73.959999999999994,74.390000000000001,73.150000000000006,74.049999999999997,565479,3765,73.934048000000004
2019-01-29 05:00:00+00:00,74.400000000000006,74.859999999999999,73.829999999999998,74.319999999999993,387984,4370,74.298007999999996
2019-01-30 05:00:00+00:00,75.189999999999998,76.439999999999998,74.209999999999994,76.019999999999996,653467,6774,75.623875999999996
2019-01-31 05:00:00+00:00,78.120000000000005,79.364999999999995,75.590000000000003,79.030000000000001,1146511,11346,78.528851000000003
2019-02-01 05:00:00+00:00,77.5,79.739999999999995,76.409999999999997,78.239999999999995,1090765,9228,78.423300999999995
2019-02-04 05:00:00+00:00,78.299999999999997,79.239999999999995,77.620000000000005,79.010000000000005,1007597,9814,78.796445000000006
2019-02-05 05:00:00+00:00,78.870000000000005,79.489999999999995,78.579999999999998,79.049999999999997,683709,8740,78.988988000000006
2019-02-06 05:00:00+00:00,79.019999999999996,81.099999999999994,78.540000000000006,80.439999999999998,794611,7751,80.442899999999995
2019-02-07 05:00:00+00:00,79.579999999999998,80.560000000000002,79.439999999999998,80.280000000000001,1038774,8813,80.133415999999997
2019-02-08 05:00:00+00:00,79.650000000000006,80.239999999999995,78.420000000000002,79.689999999999998,668833,7955,79.274415000000005
2019-02-11 05:00:00+00:00,80.189999999999998,81.25,79.760000000000005,81.069999999999993,712501,6439,80.870199999999997
2019-02-12 05:00:00+00:00,81.689999999999998,83.569999999999993,81.509399999999999,83.090000000000003,973095,7708,83.040819999999997
2019-02-13 05:00:00+00:00,83.459999999999994,84.25,83.230000000000004,83.709999999999994,732465,6633,83.763615000000001
2019-02-14 05:00:00+00:00,82.840000000000003,84.140000000000001,82.620000000000005,83.620000000000005,1105768,7256,83.611734999999996
2019-02-15 05:00:00+00:00,83.909999999999997,84.959999999999994,83.909999999999997,84.430000000000007,557676,5931,84.462773999999996
2019-02-19 05:00:00+00:00,84.150000000000006,85.060000000000002,84.125,84.590000000000003,642653,6342,84.674453999999997
2019-02-20 05:00:00+00:00,84.379999999999995,85.200000000000003,84.359999999999999,84.540000000000006,725285,6626,84.707626000000005
2019-02-21 05:00:00+00:00,84.689999999999998,85.709999999999994,83.819999999999993,84.609999999999999,657136,7361,84.865926000000002
2019-02-22 05:00:00+00:00,84.780000000000001,85.469999999999999,84.560000000000002,84.959999999999994,393427,4720,84.971874
2019-02-25 05:00:00+00:00,85.379999999999995,86.040000000000006,84.510000000000005,84.609999999999999,441355,4997,84.991805999999997
2019-02-26 05:00:00+00:00,84.469999999999999,85.299999999999997,83.519999999999996,83.540000000000006,725470,6061,83.897610999999998
2019-02-27 05:00:00+00:00,83.430000000000007,84.459999999999994,82.950000000000003,84.400000000000006,515003,6169,83.959090000000003
2019-02-28 05:00:00+00:00,84.450000000000003,84.620000000000005,83.659999999999997,84.25,756555,5540,84.251789000000002
2019-03-01 05:00:00+00:00,84.849999999999994,85.430000000000007,83.930000000000007,84.510000000000005,464450,5691,84.642598000000007
2019-03-04 05:00:00+00:00,84.780000000000001,85.230000000000004,83.459999999999994,83.719999999999999,559690,6425,84.038657999999998
2019-03-05 05:00:00+00:00,83.859999999999999,84.310000000000002,83.489999999999995,83.969999999999999,559619,6221,83.971176
2019-03-06 05:00:00+00:00,84.189999999999998,84.189999999999998,82.400000000000006,82.780000000000001,461677,5230,82.956734999999995
2019-03-07 05:00:00+00:00,82.680000000000007,82.680000000000007,80.640000000000001,81.200000000000003,940050,6227,81.155133000000006
2019-03-08 05:00:00+00:00,80.200000000000003,80.340000000000003,78.989999999999995,80.25,364195,4615,79.898245000000003
2019-03-11 04:00:00+00:00,80.140000000000001,81.430000000000007,79.859999999999999,81.170000000000002,440360,5876,81.082184999999996
2019-03-12 04:00:00+00:00,81.379999999999995,82,80.769999999999996,81.689999999999998,617494,5054,81.563462000000001
2019-03-13 04:00:00+00:00,82.390000000000001,84.5,82,84.340000000000003,1310529,7557,84.211709999999997
2019-03-14 04:00:00+00:00,84.129999999999995,84.370000000000005,83.609999999999999,84.019999999999996,1037151,6422,84.008823000000007
2019-03-15 04:00:00+00:00,84.120000000000005,85.709999999999994,83.879999999999995,84.510000000000005,1683643,6335,84.578997000000001
2019-03-18 04:00:00+00:00,84.599999999999994,85.469999999999999,84.099999999999994,85.439999999999998,899956,4508,85.269026999999994
2019-03-19 04:00:00+00:00,85.790000000000006,86.269999999999996,84.780000000000001,85,880126,4579,85.165746999999996
2019-03-20 04:00:00+00:00,84.680000000000007,85.159999999999997,82.939999999999998,84.269999999999996,579735,4734,84.220703
2019-03-21 04:00:00+00:00,83.730000000000004,86.109999999999999,83.700000000000003,85.849999999999994,384279,4362,85.661439999999999
2019-03-22 04:00:00+00:00,85.155000000000001,85.280000000000001,80.620000000000005,80.75,902237,7339,81.512054000000006
2019-03-25 04:00:00+00:00,80.609999999999999,80.780000000000001,79.129999999999995,79.680000000000007,962199,6015,79.750579000000002
2019-03-26 04:00:00+00:00,80.530000000000001,80.969999999999999,79.060000000000002,79.5,610952,6503,79.554384999999996
2019-03-27 04:00:00+00:00,79.680000000000007,80.230000000000004,78.950000000000003,79.890000000000001,590085,5151,79.786018999999996
2019-03-28 04:00:00+00:00,79.989999999999995,81.989999999999995,79.989999999999995,81.840000000000003,495671,5197,81.331474
2019-03-29 04:00:00+00:00,82.560000000000002,83.090000000000003,82.209999999999994,82.689999999999998,493677,4364,82.710301000000001
2019-04-01 04:00:00+00:00,83.459999999999994,84.829999999999998,83.459999999999994,84.75,349844,4336,84.424508000000003
2019-04-02 04:00:00+00:00,84.799999999999997,85,83.319999999999993,83.489999999999995,409308,4851,83.684421
2019-04-03 04:00:00+00:00,84.25,85.670000000000002,83.650000000000006,85.409999999999997,651217,6249,85.174498
2019-04-04 04:00:00+00:00,85.579999999999998,85.769999999999996,84.879999999999995,85.280000000000001,337138,3291,85.263934000000006
2019-04-05 04:00:00+00:00,85.519999999999996,86.149900000000002,85.344999999999999,85.670000000000002,328942,3453,85.679392000000007
2019-04-08 04:00:00+00:00,85.730000000000004,85.930000000000007,85.189999999999998,85.819999999999993,396721,3886,85.666967
2019-04-09 04:00:00+00:00,85.260000000000005,85.829999999999998,83.5,83.519999999999996,445844,5489,84.046756000000002
2019-04-10 04:00:00+00:00,83.790000000000006,84.299999999999997,83.299999999999997,83.969999999999999,636986,6132,83.876889000000006
2019-04-11 04:00:00+00:00,84.299999999999997,85.109999999999999,83.859999999999999,84.849999999999994,823099,7818,84.691413999999995
2019-04-12 04:00:00+00:00,85.719999999999999,87.209999999999994,84.989999999999995,85.650000000000006,589841,5873,85.687669
2019-04-15 04:00:00+00:00,85.829999999999998,86.370000000000005,85.230000000000004,85.939999999999998,842151,7988,85.819620999999998
2019-04-16 04:00:00+00:00,86.310000000000002,87.010000000000005,86.260000000000005,86.569999999999993,659299,6765,86.614785999999995
2019-04-17 04:00:00+00:00,87.239999999999995,87.599999999999994,86.260000000000005,86.950000000000003,633948,5598,86.867624000000006
2019-04-18 04:00:00+00:00,88,97.260000000000005,88,97.040000000000006,1679697,16621,94.998334
2019-04-22 04:00:00+00:00,96.879999999999995,96.900000000000006,95.168999999999997,95.930000000000007,1016262,10182,96.167017999999999
2019-04-23 04:00:00+00:00,95.780000000000001,97.180000000000007,95.560000000000002,97.159999999999997,1063161,7312,96.829527999999996
2019-04-24 04:00:00+00:00,95.829999999999998,96.530000000000001,95.030000000000001,95.549999999999997,1360303,8162,95.759367999999995
2019-04-25 04:00:00+00:00,95.25,95.459999999999994,94,94.560000000000002,512591,5724,94.715489000000005
2019-04-26 04:00:00+00:00,94.620000000000005,95.840000000000003,94.060000000000002,95.530000000000001,359151,4623,95.295638999999994
2019-04-29 04:00:00+00:00,95.650000000000006,95.799999999999997,94.849999999999994,95.150000000000006,513983,4940,95.189446000000004
2019-04-30 04:00:00+00:00,95.609999999999999,96.099999999999994,94.307599999999994,96.040000000000006,483950,4959,95.654373000000007
2019-05-01 04:00:00+00:00,96.280000000000001,96.680000000000007,95.170000000000002,95.219999999999999,457816,5457,95.965967000000006
2019-05-02 04:00:00+00:00,95,96.795000000000002,94.144999999999996,94.799999999999997,560446,5638,94.857044999999999
2019-05-03 04:00:00+00:00,95.379999999999995,96.090000000000003,94.480000000000004,96.010000000000005,397775,5014,95.542592999999997
2019-05-06 04:00:00+00:00,93.859999999999999,96,93.409999999999997,95.680000000000007,507556,4961,95.436867000000007
2019-05-07 04:00:00+00:00,94.480000000000004,95.810000000000002,92.640000000000001,93.299999999999997,596517,4859,93.490545999999995
2019-05-08 04:00:00+00:00,92.930000000000007,93.790000000000006,92.337299999999999,92.450000000000003,516691,3981,92.758077999999998
2019-05-09 04:00:00+00:00,91.409999999999997,93.569999999999993,90.659999999999997,92.219999999999999,423915,4374,92.424379000000002
2019-05-10 04:00:00+00:00,91.489999999999995,93.439999999999998,90.730000000000004,93.349999999999994,672848,4963,92.834908999999996
2019-05-13 04:00:00+00:00,90.200000000000003,91.620000000000005,89.219999999999999,89.650000000000006,638793,4969,89.977096000000003
2019-05-14 04:00:00+00:00,89.840000000000003,91.359999999999999,89.840000000000003,90.780000000000001,337186,3752,90.758314999999996
2019-05-15 04:00:00+00:00,90.189999999999998,92.299999999999997,89.810000000000002,92.019999999999996,556118,5543,91.762
2019-05-16 04:00:00+00:00,92.069999999999993,92.900000000000006,91.185000000000002,92.310000000000002,390294,4188,92.330962999999997
2019-05-17 04:00:00+00:00,91.340000000000003,93.290000000000006,90.719999999999999,92,580864,6244,92.354996999999997
2019-05-20 04:00:00+00:00,91.450000000000003,92.530000000000001,91,91.290000000000006,458978,3727,91.550004000000001
2019-05-21 04:00:00+00:00,92.040000000000006,92.859999999999999,91.819999999999993,92.790000000000006,929259,5969,92.505251999999999
2019-05-22 04:00:00+00:00,92.200000000000003,92.619900000000001,91.140000000000001,91.480000000000004,562123,4348,91.554816000000002
2019-05-23 04:00:00+00:00,91.379999999999995,91.510000000000005,89.829999999999998,91.189999999999998,643130,5140,90.939176000000003
2019-05-24 04:00:00+00:00,91.680000000000007,92.299999999999997,90.879999999999995,91.519999999999996,654010,4998,91.512769000000006
2019-05-28 04:00:00+00:00,91.280000000000001,91.506699999999995,90.069999999999993,90.129999999999995,755455,6139,90.359368000000003
2019-05-29 04:00:00+00:00,89.840000000000003,89.980000000000004,88.390000000000001,89.260000000000005,733838,9670,89.165056000000007
2019-05-30 04:00:00+00:00,90.260000000000005,90.730000000000004,87.859999999999999,88.879999999999995,569337,6204,88.927284999999998
2019-05-31 04:00:00+00:00,86.560000000000002,86.560000000000002,84.900000000000006,85.519999999999996,663556,5707,85.689137000000002
2019-06-03 04:00:00+00:00,85.450000000000003,88.299999999999997,85.010000000000005,87.519999999999996,996897,12622,87.236530999999999
2019-06-04 04:00:00+00:00,88.319999999999993,90.409999999999997,88.040000000000006,89.989999999999995,914599,8042,89.730226999999999
2019-06-05 04:00:00+00:00,90.760000000000005,91.189999999999998,89.480000000000004,89.890000000000001,568403,6255,90.101574999999997
2019-06-06 04:00:00+00:00,89.709999999999994,90.159999999999997,87.370000000000005,89.159999999999997,689868,5293,88.754450000000006
2019-06-07 04:00:00+00:00,89.290000000000006,89.599999999999994,88.480000000000004,88.780000000000001,607055,7327,88.783398000000005
2019-06-10 04:00:00+00:00,89.230000000000004,91.090000000000003,89.230000000000004,90.280000000000001,375242,3863,90.263417000000004
2019-06-11 04:00:00+00:00,90.909999999999997,92.840000000000003,90.489999999999995,92.530000000000001,695142,8136,92.169132000000005
2019-06-12 04:00:00+00:00,90.620000000000005,90.840000000000003,88.980000000000004,90.670000000000002,747422,8285,90.241356999999994
2019-06-13 04:00:00+00:00,90.810000000000002,92.5,90.469999999999999,92.450000000000003,462400,5020,91.802972999999994
2019-06-14 04:00:00+00:00,92.239999999999995,92.269999999999996,90.349999999999994,90.799999999999997,489602,6097,90.889628999999999
2019-06-17 04:00:00+00:00,90.689999999999998,92.450000000000003,90.25,91.310000000000002,882792,10096,91.553032000000002
2019-06-18 04:00:00+00:00,92.140000000000001,93.890000000000001,91.459999999999994,93.450000000000003,727739,7431,93.307057
2019-06-19 04:00:00+00:00,93.719999999999999,94.209999999999994,93.290000000000006,94.010000000000005,518354,4567,93.869336000000004
2019-06-20 04:00:00+00:00,95.040000000000006,95.040000000000006,93.409999999999997,94.670000000000002,552627,5463,94.454134999999994
2019-06-21 04:00:00+00:00,94.049999999999997,94.650000000000006,92.879999999999995,93.359999999999999,993301,5645,93.528801999999999
2019-06-24 04:00:00+00:00,93.560000000000002,94.239999999999995,93.079999999999998,94.040000000000006,516281,5307,93.980982999999995
2019-06-25 04:00:00+00:00,94.189999999999998,94.340000000000003,93.504999999999995,93.75,567299,5577,93.936216999999999
2019-06-26 04:00:00+00:00,93.730000000000004,94.379999999999995,93.629999999999995,94.319999999999993,547467,5658,94.199521000000004
2019-06-27 04:00:00+00:00,94.609999999999999,95.280000000000001,94.079999999999998,95.269999999999996,709512,5983,94.966391999999999
2019-06-28 04:00:00+00:00,95.719999999999999,97.120000000000005,95.364999999999995,96.599999999999994,1210533,8114,96.535942000000006
2019-07-01 04:00:00+00:00,97.959999999999994,97.959999999999994,96.019999999999996,97.099999999999994,404436,5734,96.914084000000003
2019-07-02 04:00:00+00:00,96.959999999999994,97.510000000000005,95.810000000000002,96.329999999999998,629215,6044,96.459970999999996
2019-07-03 04:00:00+00:00,96.980000000000004,97,95.400000000000006,95.969999999999999,255376,3742,95.980146000000005
2019-07-05 04:00:00+00:00,95.540000000000006,96.180000000000007,94.545000000000002,96.170000000000002,406276,4339,95.773375000000001
2019-07-08 04:00:00+00:00,95.969999999999999,96.200000000000003,94.370000000000005,94.670000000000002,603872,7649,94.875512999999998
2019-07-09 04:00:00+00:00,93.540000000000006,93.920000000000002,91.450000000000003,92.719999999999999,726970,8868,92.530664999999999
2019-07-10 04:00:00+00:00,93.310000000000002,93.959999999999994,92.719999999999999,93,581576,6339,93.336684000000005
2019-07-11 04:00:00+00:00,89.290000000000006,90.810000000000002,86.659999999999997,87.239999999999995,1165053,12197,87.352901000000003
2019-07-12 04:00:00+00:00,87.349999999999994,89.930000000000007,87.349999999999994,89.819999999999993,699375,9564,89.520212999999998
2019-07-15 04:00:00+00:00,90.060000000000002,90.260000000000005,88.909999999999997,90.030000000000001,558162,7930,89.784882999999994
2019-07-16 04:00:00+00:00,89.810000000000002,91.930000000000007,89.810000000000002,91.239999999999995,670295,10439,91.323708999999994
2019-07-17 04:00:00+00:00,91.019999999999996,91.069999999999993,89.290000000000006,89.519999999999996,605163,7934,89.838105999999996
2019-07-18 04:00:00+00:00,89.219999999999999,90.769999999999996,89.010000000000005,90.180000000000007,866373,10896,90.258356000000006
2019-07-19 04:00:00+00:00,89.989999999999995,93.200000000000003,86.900000000000006,90.209999999999994,1521372,15713,90.591937999999999
2019-07-22 04:00:00+00:00,90.069999999999993,91.109999999999999,89.25,89.700000000000003,934228,12264,89.794044999999997
2019-07-23 04:00:00+00:00,90.340000000000003,91.359999999999999,90.120000000000005,90.730000000000004,702678,8953,90.724118000000004
2019-07-24 04:00:00+00:00,90.689999999999998,91.870000000000005,90.379999999999995,91.310000000000002,643384,6430,91.394980000000004
2019-07-25 04:00:00+00:00,91.079999999999998,93.120000000000005,90.590000000000003,92.670000000000002,732593,9512,92.531805000000006
2019-07-26 04:00:00+00:00,92.879999999999995,94.439999999999998,92.400000000000006,94.129999999999995,634412,8204,93.857622000000006
2019-07-29 04:00:00+00:00,93.829999999999998,93.829999999999998,91.840000000000003,91.849999999999994,561798,8178,92.135938999999993
2019-07-30 04:00:00+00:00,91.239999999999995,92.060000000000002,90.049999999999997,92.019999999999996,387759,5772,91.492050000000006
2019-07-31 04:00:00+00:00,92.060000000000002,93.040000000000006,90.599999999999994,91.349999999999994,632302,5821,91.709502999999998
2019-08-01 04:00:00+00:00,91.409999999999997,92.900000000000006,89.170000000000002,89.670000000000002,631664,7229,90.461124999999996
2019-08-02 04:00:00+00:00,89.329999999999998,89.355000000000004,87.189999999999998,87.870000000000005,270485,4199,88.063067000000004
2019-08-05 04:00:00+00:00,86.700000000000003,87.329999999999998,85.530000000000001,86.079999999999998,627941,9816,86.267816999999994
2019-08-06 04:00:00+00:00,86.599999999999994,87.239999999999995,85.444999999999993,86.560000000000002,419773,5632,86.385644999999997
2019-08-07 04:00:00+00:00,85.260000000000005,86.859999999999999,84.439999999999998,86.640000000000001,444242,6753,86.142301000000003
2019-08-08 04:00:00+00:00,87.319999999999993,89.840000000000003,87.200000000000003,89.700000000000003,563097,6970,89.423773999999995
2019-08-09 04:00:00+00:00,89.260000000000005,89.260000000000005,87.329999999999998,87.659999999999997,247979,3772,87.835240999999996
2019-08-12 04:00:00+00:00,87.040000000000006,87.040000000000006,85.980000000000004,86.469999999999999,128519,2652,86.379362
2019-08-13 04:00:00+00:00,86.060000000000002,89.180000000000007,86.045000000000002,87.909999999999997,475014,4834,87.866063999999994
2019-08-14 04:00:00+00:00,86.010000000000005,86.5,83.474999999999994,83.840000000000003,463555,6058,84.162972999999994
2019-08-15 04:00:00+00:00,84.280000000000001,84.310000000000002,82.900000000000006,83.459999999999994,454338,7607,83.434983000000003
2019-08-16 04:00:00+00:00,84.159999999999997,85.379999999999995,83.680000000000007,84.950000000000003,266290,4164,84.807387000000006
2019-08-19 04:00:00+00:00,86.150000000000006,86.379999999999995,85.670000000000002,85.700000000000003,242201,4421,85.883028999999993
2019-08-20 04:00:00+00:00,85.420000000000002,85.530000000000001,84.049999999999997,84.230000000000004,381649,4033,84.380336999999997
2019-08-21 04:00:00+00:00,85.170000000000002,85.719999999999999,84.405000000000001,84.969999999999999,339364,4787,85.113339999999994
2019-08-22 04:00:00+00:00,85.379999999999995,85.959999999999994,84.409999999999997,84.730000000000004,222904,3631,84.898016999999996
2019-08-23 04:00:00+00:00,83.849999999999994,84.379999999999995,80.275000000000006,80.579999999999998,423490,5737,81.429547999999997
2019-08-26 04:00:00+00:00,81.370000000000005,81.709999999999994,80.260000000000005,80.629999999999995,388906,5589,80.656642000000005
2019-08-27 04:00:00+00:00,81.209999999999994,81.359999999999999,78.829999999999998,78.890000000000001,639327,5965,79.141456000000005
2019-08-28 04:00:00+00:00,78.540000000000006,80.849999999999994,78.140000000000001,80.560000000000002,488910,6909,80.351287999999997
2019-08-29 04:00:00+00:00,81.469999999999999,82.280000000000001,81.040000000000006,81.239999999999995,343768,6441,81.368629999999996
2019-08-30 04:00:00+00:00,81.849999999999994,82.969999999999999,81.140000000000001,81.739999999999995,401278,4962,81.772071999999994
2019-09-03 04:00:00+00:00,80.829999999999998,81.299999999999997,79.329999999999998,79.730000000000004,488750,4888,79.761225999999994
2019-09-04 04:00:00+00:00,80.75,81.534999999999997,80.450000000000003,81.120000000000005,602611,7889,81.004814999999994
2019-09-05 04:00:00+00:00,82.329999999999998,83.849999999999994,82.329999999999998,83.090000000000003,921826,8771,83.107326999999998
2019-09-06 04:00:00+00:00,83.090000000000003,84.010000000000005,82.510000000000005,82.810000000000002,614056,5965,83.060637999999997
2019-09-09 04:00:00+00:00,83.430000000000007,85.534999999999997,82.730000000000004,85.200000000000003,471115,7045,85.015047999999993
2019-09-10 04:00:00+00:00,85.25,87.420000000000002,84.349999999999994,86.75,827516,11364,86.269960999999995
2019-09-11 04:00:00+00:00,87.219999999999999,87.219999999999999,85.079999999999998,85.950000000000003,502927,7529,85.900028000000006
2019-09-12 04:00:00+00:00,86.129999999999995,86.275000000000006,84.939999999999998,85.310000000000002,463303,6442,85.569652000000005
2019-09-13 04:00:00+00:00,85.939999999999998,87.680000000000007,85.450000000000003,86.870000000000005,630943,7595,86.893545000000003
2019-09-16 04:00:00+00:00,86.230000000000004,86.739999999999995,85.920000000000002,86.560000000000002,529746,6024,86.427796999999998
2019-09-17 04:00:00+00:00,86.239999999999995,86.480000000000004,84.930000000000007,85.780000000000001,387087,5514,85.756000999999998
2019-09-18 04:00:00+00:00,85.629999999999995,86.209999999999994,85.010000000000005,85.909999999999997,401952,5440,85.792975999999996
2019-09-19 04:00:00+00:00,85.989999999999995,87.390000000000001,85.840000000000003,85.909999999999997,491701,6045,86.192475999999999
2019-09-20 04:00:00+00:00,86.269999999999996,87.239999999999995,85.670000000000002,85.900000000000006,983523,7145,85.998873000000003
2019-09-23 04:00:00+00:00,84.849999999999994,84.969999999999999,82.459999999999994,83.879999999999995,441676,7087,83.784622999999996
2019-09-24 04:00:00+00:00,83.920000000000002,84.780000000000001,82.700000000000003,82.849999999999994,555326,6796,83.253668000000005
2019-09-25 04:00:00+00:00,83.239999999999995,84.879999999999995,83.019999999999996,84.569999999999993,628799,6533,84.307118000000003
2019-09-26 04:00:00+00:00,84.510000000000005,85.260000000000005,83.730000000000004,83.980000000000004,426196,5493,84.159936999999999
2019-09-27 04:00:00+00:00,84.370000000000005,84.534999999999997,82.269999999999996,83,417917,5898,83.107228000000006
2019-09-30 04:00:00+00:00,83.439999999999998,84.890000000000001,83.439999999999998,84.239999999999995,452564,6197,84.394189999999995
2019-10-01 04:00:00+00:00,85.049999999999997,85.75,82.394999999999996,82.829999999999998,398352,7200,83.37867
2019-10-02 04:00:00+00:00,82.060000000000002,82.060000000000002,80.719999999999999,81.769999999999996,536927,6849,81.605314000000007
2019-10-03 04:00:00+00:00,81.280000000000001,81.629999999999995,79.950000000000003,81.579999999999998,625125,7728,81.162591000000006
2019-10-04 04:00:00+00:00,81.950000000000003,83.260000000000005,81.840000000000003,83.239999999999995,435010,5266,82.966328000000004
2019-10-07 04:00:00+00:00,82.760000000000005,83.170000000000002,81.780000000000001,81.810000000000002,445022,7334,82.128086999999994
2019-10-08 04:00:00+00:00,80.939999999999998,81.480000000000004,79.599999999999994,80.549999999999997,433886,7864,80.752972999999997
2019-10-09 04:00:00+00:00,81.620000000000005,82.409999999999997,80.989999999999995,81.189999999999998,350807,5103,81.439593000000002
2019-10-10 04:00:00+00:00,81,82.400000000000006,81,81.959999999999994,578317,6452,81.873104999999995
2019-10-11 04:00:00+00:00,83.560000000000002,86.040000000000006,83.204999999999998,85.219999999999999,555300,8481,85.328316999999998
2019-10-14 04:00:00+00:00,84.769999999999996,84.980000000000004,84.25,84.829999999999998,289238,4666,84.791331
2019-10-15 04:00:00+00:00,85.109999999999999,86.469999999999999,84.579999999999998,85.010000000000005,809144,9708,85.297642999999994
2019-10-16 04:00:00+00:00,84.579999999999998,85.379999999999995,83.890000000000001,84.040000000000006,718609,6921,84.254784000000001
2019-10-17 04:00:00+00:00,84.849999999999994,86.590000000000003,84.575000000000003,85.829999999999998,548435,7263,85.723118999999997
2019-10-18 04:00:00+00:00,86,90.439999999999998,84.510000000000005,86.650000000000006,1655936,14155,87.588019000000003
2019-10-21 04:00:00+00:00,87.150000000000006,90.599999999999994,87,89.549999999999997,1039190,12143,89.441576999999995
2019-10-22 04:00:00+00:00,90,90.049999999999997,88.200000000000003,89.620000000000005,728807,8152,89.432535999999999
2019-10-23 04:00:00+00:00,89.200000000000003,90.120000000000005,87.769999999999996,90.120000000000005,845414,7435,89.599404000000007
2019-10-24 04:00:00+00:00,90.920000000000002,90.969999999999999,89.25,90.439999999999998,822925,6378,90.220688999999993
2019-10-25 04:00:00+00:00,90.069999999999993,91.590000000000003,89.420000000000002,91,370765,5491,90.980902999999998
2019-10-28 04:00:00+00:00,91.290000000000006,92.430000000000007,91.239999999999995,91.569999999999993,346724,4587,91.710262
2019-10-29 04:00:00+00:00,91.209999999999994,93.004999999999995,91.129999999999995,92.810000000000002,784146,8757,92.544083999999998
2019-10-30 04:00:00+00:00,91.469999999999999,92.375,90.370000000000005,92.209999999999994,452439,5707,91.632082999999994
2019-10-31 04:00:00+00:00,91.620000000000005,91.620000000000005,89.590000000000003,90.920000000000002,636909,8400,90.606898000000001
2019-11-01 04:00:00+00:00,91.829999999999998,92.510000000000005,91.284999999999997,92.069999999999993,403451,4993,92.018800999999996
2019-11-04 05:00:00+00:00,92.480000000000004,93.700000000000003,91.950000000000003,93.189999999999998,486716,5583,93.147288000000003
2019-11-05 05:00:00+00:00,93.569999999999993,94.879999999999995,93.359999999999999,93.890000000000001,666140,6797,93.912159000000003
2019-11-06 05:00:00+00:00,93.650000000000006,94.340000000000003,93.030000000000001,93.609999999999999,524081,6385,93.735703999999998
2019-11-07 05:00:00+00:00,94.390000000000001,94.680000000000007,93.709999999999994,93.950000000000003,322616,4908,94.077089999999998
2019-11-08 05:00:00+00:00,93.540000000000006,94.400000000000006,92.810000000000002,94.290000000000006,362276,5760,93.971675000000005
2019-11-11 05:00:00+00:00,93.920000000000002,94.409999999999997,93.280000000000001,93.780000000000001,400971,4930,93.816563000000002
2019-11-12 05:00:00+00:00,93.909999999999997,93.909999999999997,92.855000000000004,93.019999999999996,506760,6010,93.143572000000006
2019-11-13 05:00:00+00:00,93.030000000000001,93.849999999999994,92.459999999999994,93.439999999999998,625188,6037,93.345653999999996
2019-11-14 05:00:00+00:00,93.379999999999995,93.640000000000001,92.700000000000003,93.180000000000007,293623,4066,93.226448000000005
2019-11-15 05:00:00+00:00,93.620000000000005,94.180000000000007,92.950000000000003,93.260000000000005,224575,2898,93.317616999999998
2019-11-18 05:00:00+00:00,92.849999999999994,93.037999999999997,91.730000000000004,92.890000000000001,324344,3865,92.562287999999995
2019-11-19 05:00:00+00:00,93.379999999999995,93.799999999999997,92.439999999999998,93.319999999999993,454327,5726,93.363468999999995
2019-11-20 05:00:00+00:00,92.590000000000003,93.344999999999999,91.840000000000003,92.439999999999998,401500,4268,92.502936000000005
2019-11-21 05:00:00+00:00,92.519999999999996,92.745000000000005,91.079999999999998,91.980000000000004,388280,5723,91.851415000000003
2019-11-22 05:00:00+00:00,92.060000000000002,93.269999999999996,92.060000000000002,92.780000000000001,367280,4693,92.664299999999997
2019-11-25 05:00:00+00:00,92.980000000000004,94.340000000000003,92.939999999999998,94.140000000000001,398732,4521,94.057309000000004
2019-11-26 05:00:00+00:00,94.170000000000002,94.950000000000003,93.870000000000005,94.849999999999994,363585,4452,94.683707999999996
2019-11-27 05:00:00+00:00,95.239999999999995,95.239999999999995,94.209999999999994,94.510000000000005,292139,4056,94.534002000000001
2019-11-29 05:00:00+00:00,93.420000000000002,93.950000000000003,92.640000000000001,92.640000000000001,196648,2482,92.938584000000006
2019-12-02 05:00:00+00:00,92.719999999999999,94.049999999999997,92.450000000000003,92.560000000000002,408074,5426,92.874538000000001
2019-12-03 05:00:00+00:00,91.019999999999996,91.694999999999993,90.599999999999994,91.480000000000004,473061,6535,91.287747999999993
2019-12-04 05:00:00+00:00,91.969999999999999,93.599999999999994,91.969999999999999,92.569999999999993,462895,6222,92.701756000000003
2019-12-05 05:00:00+00:00,92.879999999999995,93.469999999999999,92.420000000000002,93.349999999999994,228722,3558,93.186845000000005
2019-12-06 05:00:00+00:00,94.230000000000004,95.310000000000002,93.900000000000006,94.400000000000006,369334,4695,94.568698999999995
2019-12-09 05:00:00+00:00,93.950000000000003,95.109999999999999,93.780000000000001,94.739999999999995,272324,4379,94.718373999999997
2019-12-10 05:00:00+00:00,94.420000000000002,94.799999999999997,93.859999999999999,94.719999999999999,337567,5150,94.594046000000006
2019-12-11 05:00:00+00:00,94.950000000000003,95.989999999999995,94.239999999999995,95.920000000000002,391554,4772,95.558340000000001
2019-12-12 05:00:00+00:00,95.400000000000006,97.379999999999995,95.219999999999999,97.159999999999997,409842,7309,96.7911
2019-12-13 05:00:00+00:00,96.769999999999996,97.579999999999998,95.969999999999999,96.670000000000002,402856,5352,96.668841999999998
2019-12-16 05:00:00+00:00,97.430000000000007,97.700000000000003,95.980000000000004,96.079999999999998,445128,6604,96.457386
2019-12-17 05:00:00+00:00,96.079999999999998,96.680000000000007,95.769999999999996,96.480000000000004,302234,5758,96.430919000000003
2019-12-18 05:00:00+00:00,96.609999999999999,96.609999999999999,95.609999999999999,95.629999999999995,454336,5004,95.737547000000006
2019-12-19 05:00:00+00:00,95.569999999999993,96.239999999999995,94.775000000000006,95.879999999999995,266239,4132,95.840310000000002
2019-12-20 05:00:00+00:00,96.450000000000003,97.629999999999995,96.170000000000002,97.340000000000003,1261214,5499,97.215051000000003
2019-12-23 05:00:00+00:00,97.489999999999995,97.489999999999995,96.290000000000006,96.840000000000003,429539,2878,96.824410999999998
2019-12-24 05:00:00+00:00,97.260000000000005,97.260000000000005,96.549999999999997,96.760000000000005,79248,1151,96.847177000000002
2019-12-26 05:00:00+00:00,96.920000000000002,97.5,96.569999999999993,96.920000000000002,128863,2229,96.896002999999993
2019-12-27 05:00:00+00:00,97.269999999999996,97.560000000000002,96.680000000000007,97.060000000000002,325740,3176,97.089618999999999
2019-12-30 05:00:00+00:00,97.180000000000007,97.640000000000001,96.530000000000001,97.359999999999999,166318,3466,97.332684
2019-12-31 05:00:00+00:00,97.219999999999999,97.980000000000004,97.079999999999998,97.099999999999994,478033,4219,97.194619000000003
2020-01-02 05:00:00+00:00,98.120000000000005,98.120000000000005,96.719999999999999,97.959999999999994,217018,3943,97.630020999999999
2020-01-03 05:00:00+00:00,96.5,97.510000000000005,95.959999999999994,97.329999999999998,223331,3629,97.157124999999994
2020-01-06 05:00:00+00:00,96.689999999999998,96.969999999999999,95.930000000000007,96.819999999999993,355041,3590,96.783562000000003
2020-01-07 05:00:00+00:00,96.5,97.150000000000006,96.060000000000002,96.349999999999994,281497,2818,96.473213000000001
2020-01-08 05:00:00+00:00,96.510000000000005,97.340000000000003,96.359999999999999,96.849999999999994,353702,5260,96.914494000000005
2020-01-09 05:00:00+00:00,97.439999999999998,98.730000000000004,96.450000000000003,98.480000000000004,513249,6051,98.248699999999999
2020-01-10 05:00:00+00:00,98.510000000000005,98.609999999999999,97.064999999999998,97.790000000000006,310123,5050,97.720489999999998
2020-01-13 05:00:00+00:00,97.920000000000002,97.920000000000002,96.689999999999998,97.170000000000002,390183,5118,97.126783000000003
2020-01-14 05:00:00+00:00,99,100.98999999999999,97.969999999999999,99.140000000000001,775787,9799,99.371624999999995
2020-01-15 05:00:00+00:00,99.040000000000006,100.84999999999999,98.775000000000006,99.269999999999996,674679,7151,99.546559000000002
2020-01-16 05:00:00+00:00,100.05,100.495,98.909999999999997,99.109999999999999,617292,6127,99.320723000000001
2020-01-17 05:00:00+00:00,99.560000000000002,99.840000000000003,98.370000000000005,98.760000000000005,301308,4284,98.866934999999998
2020-01-21 05:00:00+00:00,98.400000000000006,98.760000000000005,96.569999999999993,96.920000000000002,592570,6615,97.043975000000003
2020-01-22 05:00:00+00:00,97.519999999999996,98.140000000000001,96.355000000000004,96.719999999999999,905366,7677,96.781942999999998
2020-01-23 05:00:00+00:00,96.200000000000003,96.709999999999994,95.019999999999996,96.370000000000005,578555,6671,96.278960999999995
2020-01-24 05:00:00+00:00,96.620000000000005,96.980000000000004,94.319999999999993,95.25,571690,6702,95.382840000000002
2020-01-27 05:00:00+00:00,93.430000000000007,94.560000000000002,92.939999999999998,93.579999999999998,369690,5588,93.821663000000001
2020-01-28 05:00:00+00:00,93.939999999999998,95.120000000000005,93.409999999999997,94.299999999999997,444364,6242,94.363343
2020-01-29 05:00:00+00:00,94.370000000000005,94.644999999999996,93.269999999999996,93.349999999999994,624466,6281,93.634032000000005
2020-01-30 05:00:00+00:00,92.790000000000006,94.189999999999998,92.340000000000003,93.930000000000007,660814,7894,93.582756000000003
2020-01-31 05:00:00+00:00,96.329999999999998,99.719999999999999,91.109999999999999,91.489999999999995,1062544,11698,92.835955999999996
2020-02-03 05:00:00+00:00,91.909999999999997,93.989999999999995,91.790000000000006,92.5,774059,8951,92.753765000000001
2020-02-04 05:00:00+00:00,94.030000000000001,94.920000000000002,93.390000000000001,94.159999999999997,493831,6300,94.313749000000001
2020-02-05 05:00:00+00:00,95.090000000000003,97.900000000000006,95.010000000000005,97.510000000000005,438669,6554,97.221800999999999
2020-02-06 05:00:00+00:00,97.640000000000001,97.694999999999993,94.030000000000001,94.090000000000003,682356,7425,94.421142000000003
2020-02-07 05:00:00+00:00,93.390000000000001,94.049999999999997,92.760000000000005,92.790000000000006,302571,4293,93.109883999999994
2020-02-10 05:00:00+00:00,92.349999999999994,92.739999999999995,91.230000000000004,91.849999999999994,432786,5701,91.861005000000006
2020-02-11 05:00:00+00:00,92.209999999999994,93.5,91.930000000000007,92.709999999999994,406682,6717,92.954600999999997
2020-02-12 05:00:00+00:00,93.310000000000002,93.734999999999999,92.590000000000003,93.299999999999997,417182,5542,93.194396999999995
2020-02-13 05:00:00+00:00,92.769999999999996,93.519999999999996,92.230000000000004,93,434410,5263,93.040598000000003
2020-02-14 05:00:00+00:00,93.129999999999995,93.290000000000006,91.829999999999998,92.700000000000003,370021,4585,92.587853999999993
2020-02-18 05:00:00+00:00,92.209999999999994,92.775000000000006,91.019999999999996,91.329999999999998,345129,4768,91.522463999999999
2020-02-19 05:00:00+00:00,91.569999999999993,93.079999999999998,91.569999999999993,92.540000000000006,332997,5637,92.424980000000005
2020-02-20 05:00:00+00:00,91.950000000000003,93.680000000000007,91.950000000000003,92.379999999999995,309605,5070,92.552226000000005
2020-02-21 05:00:00+00:00,91.790000000000006,92.25,91.260000000000005,91.829999999999998,437825,5463,91.882163000000006
2020-02-24 05:00:00+00:00,88.659999999999997,89.5,86.909999999999997,87.209999999999994,686945,8251,87.479872
2020-02-25 05:00:00+00:00,87.349999999999994,87.840000000000003,81.650000000000006,81.930000000000007,645584,7714,83.239885000000001
2020-02-26 05:00:00+00:00,82.489999999999995,82.739999999999995,78.790000000000006,78.840000000000003,690692,9238,79.612232000000006
2020-02-27 05:00:00+00:00,76.849999999999994,79.799999999999997,75.280000000000001,76.219999999999999,769968,10511,77.339241000000001
2020-02-28 05:00:00+00:00,73.650000000000006,75.989999999999995,73.469999999999999,75.939999999999998,1187157,13293,75.261809999999997
2020-03-02 05:00:00+00:00,76.310000000000002,76.629999999999995,73,76.540000000000006,990986,11246,75.765867
2020-03-03 05:00:00+00:00,76.230000000000004,77.980000000000004,72.109999999999999,73.069999999999993,549396,9166,73.722758999999996
2020-03-04 05:00:00+00:00,74.430000000000007,76.040000000000006,73.430000000000007,76.030000000000001,671762,9335,75.370761000000002
2020-03-05 05:00:00+00:00,73.790000000000006,73.790000000000006,70.510000000000005,71.420000000000002,757336,12447,71.812269999999998
2020-03-06 05:00:00+00:00,68.469999999999999,73.290000000000006,68.469999999999999,72.920000000000002,1272683,17387,72.219615000000005
2020-03-09 04:00:00+00:00,67.849999999999994,69.400000000000006,66.209999999999994,67.510000000000005,1345485,17507,67.557113000000001
2020-03-10 04:00:00+00:00,69.989999999999995,73.189999999999998,68.549999999999997,72.659999999999997,1628160,15810,71.166544999999999
2020-03-11 04:00:00+00:00,70.659999999999997,70.840000000000003,67.489999999999995,68.75,1493290,15453,68.680739000000003
2020-03-12 04:00:00+00:00,64.069999999999993,67.640000000000001,63.07,63.950000000000003,1374232,15991,64.347568999999993
2020-03-13 04:00:00+00:00,67.310000000000002,75.25,66.599999999999994,75.079999999999998,1401030,15940,70.725151999999994
2020-03-16 04:00:00+00:00,66.290000000000006,73.310000000000002,66.290000000000006,70.510000000000005,1269950,15710,71.320583999999997
2020-03-17 04:00:00+00:00,71.739999999999995,76.939999999999998,71.5,76.019999999999996,1427068,14007,74.876796999999996
2020-03-18 04:00:00+00:00,70.989999999999995,75.855000000000004,68.030000000000001,70.629999999999995,1210653,13346,71.018529000000001
2020-03-19 04:00:00+00:00,69,71.799999999999997,61.070099999999996,62.119999999999997,1273042,12009,65.374538000000001
2020-03-20 04:00:00+00:00,62.140000000000001,62.880000000000003,52.539999999999999,54.380000000000003,1141587,11876,56.800674999999998
2020-03-23 04:00:00+00:00,53.719999999999999,54.82,49.57,51.670000000000002,842393,12398,52.58032
2020-03-24 04:00:00+00:00,53.670000000000002,56.6723,52.670000000000002,55.700000000000003,843682,9200,54.906128000000002
2020-03-25 04:00:00+00:00,55.759999999999998,60.759999999999998,53.899999999999999,57.630000000000003,914311,9617,57.973163
2020-03-26 04:00:00+00:00,57.969999999999999,58.409999999999997,55.170000000000002,57.229999999999997,774627,9425,56.735213999999999
2020-03-27 04:00:00+00:00,55,55.75,52.420000000000002,53,677848,8449,53.227024999999998
2020-03-30 04:00:00+00:00,52.93,55.625,52.119999999999997,55.18,629717,8532,54.746096000000001
2020-03-31 04:00:00+00:00,55.149999999999999,56.149999999999999,52.829999999999998,52.990000000000002,1076515,9550,53.525894999999998
2020-04-01 04:00:00+00:00,50.920000000000002,55.780000000000001,50.609999999999999,54.899999999999999,891690,11495,54.392736999999997
2020-04-02 04:00:00+00:00,54.009999999999998,56.82,53.579999999999998,55.630000000000003,659389,6809,55.658126000000003
2020-04-03 04:00:00+00:00,55.68,59.520000000000003,54.280000000000001,55.359999999999999,586286,7029,56.113880999999999
2020-04-06 04:00:00+00:00,57.140000000000001,59.060000000000002,56.789999999999999,58.75,655387,10743,58.33925
2020-04-07 04:00:00+00:00,60.969999999999999,62.200000000000003,58.854999999999997,59.090000000000003,590729,9395,60.166888
2020-04-08 04:00:00+00:00,60.450000000000003,61.719999999999999,58.659999999999997,60.939999999999998,561415,7879,60.691799000000003
2020-04-09 04:00:00+00:00,61.840000000000003,63.210000000000001,60.859999999999999,61.799999999999997,720430,9546,61.893379000000003
2020-04-13 04:00:00+00:00,61.170000000000002,61.200000000000003,58.189999999999998,59.289999999999999,423703,6093,59.261625000000002
2020-04-14 04:00:00+00:00,60.369999999999997,60.994999999999997,59.380000000000003,60.43,664862,6996,60.288646999999997
2020-04-15 04:00:00+00:00,59.020000000000003,59.380000000000003,56.659999999999997,58.460000000000001,643321,7891,58.189273
2020-04-16 04:00:00+00:00,58.880000000000003,60.07,56.82,59.920000000000002,976731,8282,59.218435999999997
2020-04-17 04:00:00+00:00,61.609999999999999,64.280000000000001,61.609999999999999,63.740000000000002,717354,9792,63.392035999999997
2020-04-20 04:00:00+00:00,62.359999999999999,63.649999999999999,61.645000000000003,61.920000000000002,869834,10837,62.407279000000003
2020-04-21 04:00:00+00:00,60.189999999999998,67.549999999999997,59.57,66.650000000000006,941352,13816,65.704138
2020-04-22 04:00:00+00:00,68.159999999999997,68.299999999999997,66.049999999999997,66.879999999999995,1000543,10387,66.801852999999994
2020-04-23 04:00:00+00:00,67.319999999999993,69.840000000000003,67.319999999999993,68.75,781660,10098,68.888531999999998
2020-04-24 04:00:00+00:00,69.269999999999996,70.090000000000003,67.620000000000005,68.75,713062,8954,68.792745999999994
2020-04-27 04:00:00+00:00,69.319999999999993,73.299999999999997,69.319999999999993,72.920000000000002,632812,7315,72.319194999999993
2020-04-28 04:00:00+00:00,74.019999999999996,75.700000000000003,72.060000000000002,72.140000000000001,806459,9162,72.950100000000006
2020-04-29 04:00:00+00:00,74.129999999999995,76.879999999999995,73.030000000000001,76.569999999999993,758023,8884,75.906779999999998
2020-04-30 04:00:00+00:00,75.189999999999998,75.609999999999999,73.819999999999993,74.239999999999995,688850,7262,74.452285000000003
2020-05-01 04:00:00+00:00,72.810000000000002,72.909999999999997,69.680000000000007,70.400000000000006,471911,6439,70.407454000000001
2020-05-04 04:00:00+00:00,69.819999999999993,70.709999999999994,69.079999999999998,69.519999999999996,546072,7065,69.596441999999996
2020-05-05 04:00:00+00:00,70.540000000000006,71.400000000000006,69.439999999999998,69.459999999999994,458087,6647,70.204752999999997
2020-05-06 04:00:00+00:00,69.900000000000006,70.75,66.890000000000001,67.079999999999998,624424,7607,67.706918999999999
2020-05-07 04:00:00+00:00,68.109999999999999,69.620000000000005,68.109999999999999,68.390000000000001,497541,6809,68.711186999999995
2020-05-08 04:00:00+00:00,69.590000000000003,71.909999999999997,69.064999999999998,71.840000000000003,447313,6984,71.179283999999996
2020-05-11 04:00:00+00:00,70.780000000000001,70.780000000000001,69.290000000000006,69.640000000000001,712886,8082,69.802020999999996
2020-05-12 04:00:00+00:00,70.219999999999999,70.420000000000002,66.670000000000002,66.670000000000002,687859,7689,67.542057999999997
2020-05-13 04:00:00+00:00,66,66.829999999999998,62.789999999999999,63.670000000000002,1090575,15352,63.750411999999997
2020-05-14 04:00:00+00:00,62.640000000000001,64.959999999999994,61.119999999999997,64.900000000000006,391593,6503,63.774050000000003
2020-05-15 04:00:00+00:00,64.260000000000005,64.950000000000003,63.325000000000003,64.75,603619,8780,64.344712000000001
2020-05-18 04:00:00+00:00,67.450000000000003,71.609999999999999,67.305000000000007,71.079999999999998,655591,10051,70.745024000000001
2020-05-19 04:00:00+00:00,70.359999999999999,71.299999999999997,68.799999999999997,68.799999999999997,495201,7094,69.880063000000007
2020-05-20 04:00:00+00:00,70.280000000000001,71.459999999999994,69.890000000000001,70.689999999999998,551747,8539,70.718082999999993
2020-05-21 04:00:00+00:00,71.189999999999998,73.400000000000006,71.189999999999998,71.540000000000006,867761,8635,71.947308000000007
2020-05-22 04:00:00+00:00,71.459999999999994,72.159999999999997,70.269999999999996,70.659999999999997,631059,8060,71.372957
2020-05-26 04:00:00+00:00,72.900000000000006,75.5,72.530000000000001,74.040000000000006,826108,10351,74.077528999999998
2020-05-27 04:00:00+00:00,76.159999999999997,77.329999999999998,74.049999999999997,75.030000000000001,690061,10550,74.976129999999998
2020-05-28 04:00:00+00:00,75.569999999999993,76.769999999999996,73.519999999999996,75.549999999999997,1066104,11653,75.344065999999998
2020-05-29 04:00:00+00:00,73.069999999999993,73.780000000000001,68.810000000000002,69.140000000000001,8314137,27120,69.302261000000001
2020-06-01 04:00:00+00:00,69.569999999999993,73.469999999999999,69.030000000000001,72.700000000000003,1182199,17857,72.743268
2020-06-02 04:00:00+00:00,73.319999999999993,74.480000000000004,72.540000000000006,72.780000000000001,1349798,11464,73.145859000000002
2020-06-03 04:00:00+00:00,74.200000000000003,74.915000000000006,73.719999999999999,74.549999999999997,1239592,8963,74.510487999999995
2020-06-04 04:00:00+00:00,74.469999999999999,76.25,74.159999999999997,75.140000000000001,1323131,11407,75.267144000000002
2020-06-05 04:00:00+00:00,78.609999999999999,80.290000000000006,78.030000000000001,78.439999999999998,948907,11393,78.919552999999993
2020-06-08 04:00:00+00:00,78.950000000000003,79.780000000000001,78.450000000000003,79.189999999999998,809255,8065,79.149613000000002
2020-06-09 04:00:00+00:00,77.920000000000002,78.030000000000001,76.549999999999997,77.269999999999996,676219,7627,77.389607999999996
2020-06-10 04:00:00+00:00,77.019999999999996,77.019999999999996,73.120000000000005,73.170000000000002,1122048,11868,73.962076999999994
2020-06-11 04:00:00+00:00,70.700000000000003,70.700000000000003,66.810000000000002,66.890000000000001,1212917,11790,67.53013
2020-06-12 04:00:00+00:00,69.290000000000006,69.849999999999994,66.954999999999998,69.049999999999997,905178,11094,68.604999000000007
2020-06-15 04:00:00+00:00,66.040000000000006,70.489999999999995,66.040000000000006,70,1017770,11521,69.523117999999997
2020-06-16 04:00:00+00:00,72.799999999999997,73.040000000000006,70.310000000000002,70.959999999999994,556252,7475,71.292241000000004
2020-06-17 04:00:00+00:00,70.909999999999997,71.715000000000003,69.799999999999997,70.620000000000005,770163,6146,70.686757999999998
2020-06-18 04:00:00+00:00,69.75,70.829999999999998,69.230000000000004,69.680000000000007,515604,5517,69.694777999999999
2020-06-19 04:00:00+00:00,70.400000000000006,70.659999999999997,68.219999999999999,69.099999999999994,1272665,7745,69.182715000000002
2020-06-22 04:00:00+00:00,68.730000000000004,69.459999999999994,67.689999999999998,69.409999999999997,656900,7677,69.205905999999999
2020-06-23 04:00:00+00:00,70.549999999999997,70.950000000000003,69.75,70.549999999999997,1059289,8102,70.486832000000007
2020-06-24 04:00:00+00:00,69.530000000000001,69.605000000000004,66.790000000000006,67.079999999999998,1127852,10528,67.382284999999996
2020-06-25 04:00:00+00:00,66.530000000000001,68.099999999999994,65.370000000000005,68.040000000000006,971353,9225,67.315026000000003
2020-06-26 04:00:00+00:00,67.519999999999996,68.840000000000003,66.519999999999996,67.75,1150899,9440,67.790092999999999
2020-06-29 04:00:00+00:00,68.590000000000003,69.549999999999997,67.980000000000004,69.069999999999993,596449,8517,68.951335999999998
2020-06-30 04:00:00+00:00,68.469999999999999,69.480000000000004,67.75,68.75,1105161,12144,68.636426
2020-07-01 04:00:00+00:00,69.310000000000002,69.849999999999994,67.260000000000005,67.379999999999995,641014,9826,67.860169999999997
2020-07-02 04:00:00+00:00,68.920000000000002,70.5,67.859999999999999,67.930000000000007,584102,8775,68.510936999999998
2020-07-06 04:00:00+00:00,69.329999999999998,70.629999999999995,68.640000000000001,69.430000000000007,525464,7580,69.452270999999996
2020-07-07 04:00:00+00:00,68.75,68.75,66.655000000000001,66.859999999999999,798673,6315,67.026383999999993
2020-07-08 04:00:00+00:00,66.939999999999998,67.390000000000001,65.700000000000003,66.400000000000006,460064,6677,66.400023000000004
2020-07-09 04:00:00+00:00,66.010000000000005,66.150000000000006,64.269999999999996,64.659999999999997,748531,6872,64.728525000000005
2020-07-10 04:00:00+00:00,65.079999999999998,67.609999999999999,65.034999999999997,67.409999999999997,782332,8182,67.034474000000003
2020-07-13 04:00:00+00:00,68.439999999999998,70.930000000000007,67.739999999999995,70.299999999999997,890127,9291,70.022711000000001
2020-07-14 04:00:00+00:00,67.920000000000002,68.849999999999994,66.185000000000002,68.75,1303210,15356,67.957408000000001
2020-07-15 04:00:00+00:00,70.140000000000001,73.069999999999993,70.049999999999997,72.659999999999997,655789,7840,72.260219000000006
2020-07-16 04:00:00+00:00,72.900000000000006,74.079999999999998,72.319999999999993,72.900000000000006,522963,7434,73.004527999999993
2020-07-17 04:00:00+00:00,73.25,73.609999999999999,71.560000000000002,72.909999999999997,624678,7387,72.649747000000005
2020-07-20 04:00:00+00:00,72.040000000000006,72.385000000000005,68.319999999999993,69.609999999999999,975266,11720,69.681173000000001
2020-07-21 04:00:00+00:00,70.069999999999993,72.849900000000005,70.069999999999993,72.340000000000003,810882,8543,72.235001999999994
2020-07-22 04:00:00+00:00,71.930000000000007,72.920000000000002,71.640000000000001,72.709999999999994,416893,6045,72.407148000000007
2020-07-23 04:00:00+00:00,72.319999999999993,72.890000000000001,71.370000000000005,71.530000000000001,645120,8873,71.867762999999997
2020-07-24 04:00:00+00:00,71.650000000000006,73.799999999999997,71.590000000000003,72.010000000000005,549410,7108,72.202766999999994
2020-07-27 04:00:00+00:00,71.780000000000001,72.329999999999998,71.25,72.120000000000005,339664,6463,72.034317999999999
2020-07-28 04:00:00+00:00,71.989999999999995,72.609999999999999,70.760000000000005,70.819999999999993,548279,5223,71.071296000000004
2020-07-29 04:00:00+00:00,71.290000000000006,72.25,70.971000000000004,71.959999999999994,301821,5440,71.787166999999997
2020-07-30 04:00:00+00:00,70.939999999999998,70.939999999999998,69.140000000000001,69.900000000000006,304919,5100,69.919011999999995
2020-07-31 04:00:00+00:00,69.579999999999998,69.790000000000006,67.5,68.790000000000006,669809,6188,68.603325999999996
2020-08-03 04:00:00+00:00,68.790000000000006,70,68.609999999999999,69.019999999999996,326882,4542,69.136219999999994
2020-08-04 04:00:00+00:00,68.799999999999997,69.349999999999994,68.099999999999994,68.989999999999995,431353,5849,68.747027000000003
2020-08-05 04:00:00+00:00,69.959999999999994,71.459999999999994,69.569999999999993,71.359999999999999,360768,5257,70.883501999999993
2020-08-06 04:00:00+00:00,71.219999999999999,72.219999999999999,71.219999999999999,72.069999999999993,459249,6005,71.962095000000005
2020-08-07 04:00:00+00:00,71.579999999999998,73.859999999999999,70.599999999999994,73.579999999999998,640483,7170,72.956453999999994
2020-08-10 04:00:00+00:00,73.5,75.239999999999995,73.310000000000002,74.980000000000004,393633,5184,74.714798999999999
2020-08-11 04:00:00+00:00,76,77.989999999999995,75.810000000000002,77,1150422,7827,77.158904000000007
2020-08-12 04:00:00+00:00,78.010000000000005,78.489999999999995,77.379999999999995,78.170000000000002,615484,6956,77.995313999999993
2020-08-13 04:00:00+00:00,77.200000000000003,77.890000000000001,76.989999999999995,77.189999999999998,529148,7136,77.323490000000007
2020-08-14 04:00:00+00:00,76.469999999999999,77.239999999999995,76.170000000000002,76.930000000000007,411987,4913,76.814419999999998
2020-08-17 04:00:00+00:00,77.599999999999994,78.090000000000003,76.700000000000003,76.75,570851,4569,77.023173
2020-08-18 04:00:00+00:00,76.680000000000007,76.840999999999994,75.719999999999999,75.879999999999995,567864,7088,76.221967000000006
2020-08-19 04:00:00+00:00,75.670000000000002,77.245000000000005,75.519999999999996,76.060000000000002,578816,5450,76.363664999999997
2020-08-20 04:00:00+00:00,74.939999999999998,75.790000000000006,74.661000000000001,75.489999999999995,417944,5563,75.474210999999997
2020-08-21 04:00:00+00:00,74.989999999999995,75.430000000000007,73.269999999999996,73.519999999999996,672479,7243,73.765744999999995
2020-08-24 04:00:00+00:00,74.159999999999997,75.420000000000002,73.045000000000002,75.420000000000002,311185,4828,75.109896000000006
2020-08-25 04:00:00+00:00,75.939999999999998,76.230000000000004,74.310000000000002,75.209999999999994,373477,4532,75.156581000000003
2020-08-26 04:00:00+00:00,74.939999999999998,75.189999999999998,74.079999999999998,74.090000000000003,490827,4772,74.473108999999994
2020-08-27 04:00:00+00:00,74.670000000000002,75.370000000000005,73.849999999999994,74.299999999999997,413190,4911,74.333867999999995
2020-08-28 04:00:00+00:00,74.430000000000007,75.010000000000005,73.871600000000001,74.879999999999995,249738,3957,74.750152
2020-08-31 04:00:00+00:00,74.659999999999997,74.659999999999997,73.219999999999999,73.310000000000002,376367,5031,73.489940000000004
2020-09-01 04:00:00+00:00,73,73.010000000000005,72.290000000000006,72.719999999999999,316294,4907,72.703767999999997
2020-09-02 04:00:00+00:00,73,74.319999999999993,72.599999999999994,74.040000000000006,286873,5159,73.767009000000002
2020-09-03 04:00:00+00:00,74.150000000000006,74.936300000000003,72.909999999999997,73.489999999999995,374972,5055,73.530168000000003
2020-09-04 04:00:00+00:00,74.379999999999995,75.129999999999995,72.549999999999997,73.299999999999997,454582,6986,73.373670000000004
2020-09-08 04:00:00+00:00,72.640000000000001,72.640000000000001,70.459999999999994,71.010000000000005,566454,11247,71.106876
2020-09-09 04:00:00+00:00,71.329999999999998,71.894999999999996,70.590000000000003,71.200000000000003,445644,7020,71.349731000000006
2020-09-10 04:00:00+00:00,71.730000000000004,71.819999999999993,68.344999999999999,68.5,569850,8663,69.162721000000005
2020-09-11 04:00:00+00:00,69.030000000000001,69.579999999999998,67.840000000000003,67.930000000000007,882372,12112,68.338305000000005
2020-09-14 04:00:00+00:00,68.579999999999998,68.995000000000005,68,68.579999999999998,780891,10420,68.582329999999999
2020-09-15 04:00:00+00:00,69,69.370000000000005,68.159999999999997,68.599999999999994,1338669,14478,68.653226000000004
2020-09-16 04:00:00+00:00,68.670000000000002,70.254999999999995,67.060000000000002,69.340000000000003,958907,11796,68.988567000000003
2020-09-17 04:00:00+00:00,68.739999999999995,71.120000000000005,68.069999999999993,70.5,576134,9361,70.373985000000005
2020-09-18 04:00:00+00:00,70.870000000000005,71.209999999999994,69.299999999999997,70.689999999999998,3378775,15951,70.675819000000004
2020-09-21 04:00:00+00:00,70.459999999999994,71.909999999999997,69.260000000000005,71.400000000000006,1181293,10239,71.157318000000004
2020-09-22 04:00:00+00:00,71.420000000000002,73.237499999999997,71.420000000000002,71.989999999999995,864685,10270,72.136609000000007
2020-09-23 04:00:00+00:00,71.909999999999997,72.829999999999998,70.269999999999996,70.310000000000002,645660,9448,71.260710000000003
2020-09-24 04:00:00+00:00,69.719999999999999,71.099999999999994,69.090000000000003,70.25,418901,6512,70.228300000000004
2020-09-25 04:00:00+00:00,69.609999999999999,72.25,69.609999999999999,71.799999999999997,540646,7058,71.250110000000006
2020-09-28 04:00:00+00:00,72.569999999999993,73.540000000000006,72.299999999999997,72.629999999999995,714708,7915,72.620208000000005
2020-09-29 04:00:00+00:00,72.730000000000004,73.060000000000002,71.760000000000005,72.400000000000006,463804,6199,72.483675000000005
2020-09-30 04:00:00+00:00,72.599999999999994,74.260000000000005,72.540000000000006,73.329999999999998,591314,7976,73.443189000000004
2020-10-01 04:00:00+00:00,73.769999999999996,74.040000000000006,71.980000000000004,72.569999999999993,398074,6143,72.620735999999994
2020-10-02 04:00:00+00:00,71.709999999999994,75.379999999999995,71.230000000000004,75.090000000000003,481956,6153,74.477832000000006
2020-10-05 04:00:00+00:00,75.819999999999993,76.859999999999999,74.939999999999998,75.689999999999998,404571,5495,75.715982999999994
2020-10-06 04:00:00+00:00,76.170000000000002,76.739999999999995,74.079999999999998,74.290000000000006,449966,6023,74.917238999999995
2020-10-07 04:00:00+00:00,74.980000000000004,75.739999999999995,74.680000000000007,74.849999999999994,471684,6592,74.979551000000001
2020-10-08 04:00:00+00:00,75.450000000000003,75.980000000000004,74.120000000000005,75.290000000000006,347743,5083,75.138987999999998
2020-10-09 04:00:00+00:00,76.030000000000001,76.230000000000004,74.700000000000003,74.799999999999997,215467,3481,74.999683000000005
2020-10-12 04:00:00+00:00,74.969999999999999,76.540000000000006,74.829999999999998,75.469999999999999,245619,3716,75.834636000000003
2020-10-13 04:00:00+00:00,75.060000000000002,75.840000000000003,74.170000000000002,74.390000000000001,278025,5236,74.487938
2020-10-14 04:00:00+00:00,74.359999999999999,75.609999999999999,73.079999999999998,73.159999999999997,338851,4715,73.640491999999995
2020-10-15 04:00:00+00:00,72.019999999999996,73.290000000000006,71.569999999999993,72.950000000000003,242258,4065,72.631704999999997
2020-10-16 04:00:00+00:00,73,73.25,72.170000000000002,72.219999999999999,689252,6316,72.565244000000007
2020-10-19 04:00:00+00:00,72.439999999999998,73.254999999999995,72.150000000000006,72.239999999999995,487543,6895,72.601875000000007
2020-10-20 04:00:00+00:00,74.260000000000005,75.040000000000006,69.180000000000007,70.5,1283643,14705,71.093643
2020-10-21 04:00:00+00:00,72.189999999999998,73.950000000000003,71.120000000000005,71.239999999999995,868317,10863,71.847521
2020-10-22 04:00:00+00:00,71.489999999999995,75.390000000000001,71.409999999999997,75.280000000000001,1330334,17088,73.800890999999993
2020-10-23 04:00:00+00:00,75.790000000000006,76.390000000000001,74.049999999999997,75.260000000000005,769978,9865,75.177924000000004
2020-10-26 04:00:00+00:00,74.480000000000004,74.655000000000001,70.689999999999998,71.329999999999998,709555,10612,71.671447000000001
2020-10-27 04:00:00+00:00,70.819999999999993,71.329999999999998,69.219999999999999,69.239999999999995,619743,10525,69.682573000000005
2020-10-28 04:00:00+00:00,67.25,68.111000000000004,65.040000000000006,66.890000000000001,820105,12560,66.775127999999995
2020-10-29 04:00:00+00:00,66.049999999999997,68.629999999999995,66.049999999999997,67.129999999999995,863867,10379,67.619579999999999
2020-10-30 04:00:00+00:00,66.680000000000007,68.299999999999997,66.680000000000007,67.870000000000005,641384,9329,67.725622000000001
2020-11-02 05:00:00+00:00,68.870000000000005,69.650000000000006,68.409999999999997,68.810000000000002,899107,9314,68.900211999999996
2020-11-03 05:00:00+00:00,69.950000000000003,72.599999999999994,69.950000000000003,72.140000000000001,641617,9163,72.133690000000001
2020-11-04 05:00:00+00:00,71.840000000000003,73.579999999999998,70.150000000000006,73.200000000000003,808243,10926,73.006673000000006
2020-11-05 05:00:00+00:00,73.560000000000002,75.989999999999995,73.495000000000005,75.439999999999998,865220,8717,75.260199999999998
2020-11-06 05:00:00+00:00,75.760000000000005,76.709999999999994,73.969999999999999,74.379999999999995,440086,8391,74.757632000000001
2020-11-09 05:00:00+00:00,80.730000000000004,85.689999999999998,78.709999999999994,84.840000000000003,769914,11351,84.240853999999999
2020-11-10 05:00:00+00:00,85.609999999999999,87.260000000000005,84.909999999999997,85.890000000000001,798426,9761,85.804225000000002
2020-11-11 05:00:00+00:00,86.010000000000005,86.469999999999999,84.040000000000006,85.099999999999994,787282,9788,84.985249999999994
2020-11-12 05:00:00+00:00,83.870000000000005,85.590000000000003,83.870000000000005,85.200000000000003,1021453,11810,85.102941999999999
2020-11-13 05:00:00+00:00,85.5,87.280000000000001,85.290000000000006,87.010000000000005,459699,5458,86.582330999999996
2020-11-16 05:00:00+00:00,89.530000000000001,90.030000000000001,88.430000000000007,89.709999999999994,709709,7276,89.479631999999995
2020-11-17 05:00:00+00:00,88.469999999999999,89.590000000000003,88,88.829999999999998,862481,10276,88.818955000000003
2020-11-18 05:00:00+00:00,89.150000000000006,89.260000000000005,87.519999999999996,87.599999999999994,630747,7329,88.399388999999999
2020-11-19 05:00:00+00:00,86.890000000000001,87.650000000000006,85.405000000000001,87.340000000000003,451493,7790,86.678477000000001
2020-11-20 05:00:00+00:00,86.849999999999994,87.400000000000006,86.209999999999994,86.609999999999999,949125,6911,86.584962000000004
2020-11-23 05:00:00+00:00,89.200000000000003,90.930000000000007,87.319999999999993,87.620000000000005,671569,8905,88.202534
2020-11-24 05:00:00+00:00,88.900000000000006,92.599999999999994,88.200000000000003,91.969999999999999,395058,7223,91.726613999999998
2020-11-25 05:00:00+00:00,91.189999999999998,91.209999999999994,89.379999999999995,90.609999999999999,262720,4197,90.586754999999997
2020-11-27 05:00:00+00:00,90.299999999999997,91.620000000000005,90.230000000000004,90.319999999999993,117103,2320,90.671278999999998
2020-11-30 05:00:00+00:00,88.620000000000005,88.844999999999999,86.219999999999999,86.650000000000006,1245928,10797,86.690188000000006
2020-12-01 05:00:00+00:00,88.379999999999995,89.459999999999994,87.400000000000006,88.840000000000003,409819,5624,88.556899999999999
2020-12-02 05:00:00+00:00,88.409999999999997,89.125,87.269999999999996,88.280000000000001,418945,6165,88.272800000000004
2020-12-03 05:00:00+00:00,88.489999999999995,89.739999999999995,88.319999999999993,88.599999999999994,430730,6620,88.852356
2020-12-04 05:00:00+00:00,88.859999999999999,92.430000000000007,88.590000000000003,92.25,442271,5452,91.720822999999996
2020-12-07 05:00:00+00:00,91.400000000000006,91.875,89.409999999999997,89.609999999999999,456102,6530,89.998777000000004
2020-12-08 05:00:00+00:00,88.709999999999994,91.329999999999998,88.709999999999994,90.269999999999996,381004,5104,90.322474999999997
2020-12-09 05:00:00+00:00,90.379999999999995,90.939999999999998,89.239999999999995,90.150000000000006,385686,5462,90.057402999999994
2020-12-10 05:00:00+00:00,89.340000000000003,90,89.030000000000001,89.590000000000003,406333,5433,89.604068999999996
2020-12-11 05:00:00+00:00,89.069999999999993,91.420000000000002,89.049999999999997,90.359999999999999,423319,4598,90.592827
2020-12-14 05:00:00+00:00,91.019999999999996,91.019999999999996,88.760000000000005,88.859999999999999,377098,5244,89.209463
2020-12-15 05:00:00+00:00,89.689999999999998,90.450000000000003,87.870000000000005,90.230000000000004,644089,5958,89.943121000000005
2020-12-16 05:00:00+00:00,90.819999999999993,90.819999999999993,89.560000000000002,90.25,343226,4662,90.132610999999997
2020-12-17 05:00:00+00:00,90.390000000000001,91.5,90.049999999999997,91.120000000000005,533076,6694,91.070611
2020-12-18 05:00:00+00:00,91.299999999999997,91.579999999999998,89.709999999999994,90.390000000000001,1200218,6854,90.495321000000004
2020-12-21 05:00:00+00:00,90.950000000000003,91.189999999999998,87.810000000000002,90.969999999999999,500561,5797,90.220132000000007
2020-12-22 05:00:00+00:00,91.019999999999996,91.114999999999995,89.799999999999997,90.359999999999999,360942,4251,90.409270000000006
2020-12-23 05:00:00+00:00,90.930000000000007,93.015000000000001,90.870000000000005,91.519999999999996,260885,4592,91.904231999999993
2020-12-24 05:00:00+00:00,91.739999999999995,91.780000000000001,90.459999999999994,91.370000000000005,63317,1137,91.320030000000003
2020-12-28 05:00:00+00:00,92.010000000000005,92.890000000000001,89.859999999999999,90.489999999999995,353200,5055,90.992281000000006
2020-12-29 05:00:00+00:00,90.879999999999995,91.25,89.459999999999994,90.189999999999998,218321,3981,90.090616999999995
2020-12-30 05:00:00+00:00,90.299999999999997,91.204999999999998,90.049999999999997,90.349999999999994,123361,2822,90.436689000000001
2020-12-31 05:00:00+00:00,90.329999999999998,90.810000000000002,89.700000000000003,90.180000000000007,274794,2631,90.213075000000003
2021-01-04 05:00:00+00:00,91.340000000000003,92.269999999999996,88.900000000000006,89.870000000000005,342213,6268,90.079704000000007
2021-01-05 05:00:00+00:00,90.159999999999997,92.829999999999998,90.060000000000002,92.430000000000007,554974,6649,92.185978000000006
2021-01-06 05:00:00+00:00,93.609999999999999,97.680000000000007,93.609999999999999,95.859999999999999,561549,7434,96.036704999999998
2021-01-07 05:00:00+00:00,96.180000000000007,97.069999999999993,95.129999999999995,95.799999999999997,537982,5885,95.800922
2021-01-08 05:00:00+00:00,95.799999999999997,97.390000000000001,95.099999999999994,96.5,343892,5582,96.367734999999996
2021-01-11 05:00:00+00:00,95.209999999999994,96.370000000000005,94.359999999999999,94.819999999999993,287660,4125,95.239761000000001
2021-01-12 05:00:00+00:00,94.480000000000004,96.459999999999994,94.340000000000003,95.790000000000006,412832,4973,95.808779999999999
2021-01-13 05:00:00+00:00,95.349999999999994,95.819999999999993,92.459999999999994,92.75,262605,4274,93.053210000000007
2021-01-14 05:00:00+00:00,93.900000000000006,95.959999999999994,93.25,94.969999999999999,284951,4948,95.033266999999995
2021-01-15 05:00:00+00:00,94.189999999999998,94.560000000000002,92.109999999999999,92.680000000000007,218265,3525,92.893742000000003
2021-01-19 05:00:00+00:00,93.489999999999995,93.829999999999998,92.474999999999994,93.099999999999994,406974,5495,93.112009999999998
2021-01-20 05:00:00+00:00,93.319999999999993,94.980000000000004,92.920000000000002,94.670000000000002,407111,4803,94.482462999999996
2021-01-21 05:00:00+00:00,93.950000000000003,95.489999999999995,93.950000000000003,94.939999999999998,400356,4602,95.014816999999994
2021-01-22 05:00:00+00:00,94.120000000000005,95.489999999999995,93.629999999999995,95.290000000000006,283413,4465,94.874902000000006
2021-01-25 05:00:00+00:00,94.530000000000001,94.795199999999994,92.040000000000006,92.569999999999993,431928,6471,92.845825000000005
2021-01-26 05:00:00+00:00,93.469999999999999,93.849999999999994,90.849999999999994,90.989999999999995,394811,6070,91.673934000000003
2021-01-27 05:00:00+00:00,89.469999999999999,91.099999999999994,87.670000000000002,89.609999999999999,527825,7388,89.817503000000002
2021-01-28 05:00:00+00:00,90.549999999999997,91.840000000000003,90.459999999999994,90.530000000000001,573397,8464,91.051964999999996
2021-01-29 05:00:00+00:00,91.280000000000001,92.379999999999995,87.859999999999999,88.439999999999998,632030,6778,88.783950000000004
2021-02-01 05:00:00+00:00,88.930000000000007,89.810000000000002,87.370000000000005,89.769999999999996,438023,7325,89.207843999999994
2021-02-02 05:00:00+00:00,89.450000000000003,89.900000000000006,85.970100000000002,86.909999999999997,713714,9312,86.827821999999998
2021-02-03 05:00:00+00:00,89.549999999999997,90.125399999999999,87.129999999999995,89.390000000000001,598746,6844,88.820832999999993
2021-02-04 05:00:00+00:00,89.140000000000001,92.359999999999999,88.829999999999998,91.719999999999999,482901,6885,91.621834000000007
2021-02-05 05:00:00+00:00,92.459999999999994,92.489999999999995,90.405000000000001,90.879999999999995,419581,5823,90.904230999999996
2021-02-08 05:00:00+00:00,91.189999999999998,93.579999999999998,91.189999999999998,93.519999999999996,287816,4130,93.020965000000004
2021-02-09 05:00:00+00:00,93.219999999999999,94.219999999999999,92.450999999999993,93.840000000000003,265316,3717,93.722970000000004
2021-02-10 05:00:00+00:00,95.109999999999999,95.629999999999995,93.875,94.599999999999994,301055,5759,94.593913000000001
2021-02-11 05:00:00+00:00,94.349999999999994,95.930000000000007,93.519999999999996,93.599999999999994,816709,5856,93.843271000000001
2021-02-12 05:00:00+00:00,93.030000000000001,94.150000000000006,92.480000000000004,92.489999999999995,409171,5408,92.849761000000001
2021-02-16 05:00:00+00:00,92.909999999999997,94.194999999999993,92.629999999999995,93.780000000000001,654233,6310,93.621893
2021-02-17 05:00:00+00:00,92.969999999999999,95.260000000000005,92.969999999999999,94.150000000000006,435459,4966,94.250067000000001
2021-02-18 05:00:00+00:00,93.280000000000001,94.670000000000002,92.150000000000006,93.25,262003,4739,93.249590999999995
2021-02-19 05:00:00+00:00,93.420000000000002,94.180000000000007,92.689999999999998,93.879999999999995,434526,6424,93.744022999999999
2021-02-22 05:00:00+00:00,93.799999999999997,96.030000000000001,93.480000000000004,95.349999999999994,699632,7540,95.398314999999997
2021-02-23 05:00:00+00:00,95.609999999999999,98.579999999999998,95.609999999999999,98.150000000000006,391409,5972,97.628316999999996
2021-02-24 05:00:00+00:00,98,99.364999999999995,97.519999999999996,98.400000000000006,533279,7846,98.303455999999997
2021-02-25 05:00:00+00:00,98.469999999999999,98.950000000000003,96.030000000000001,96.159999999999997,293253,5146,97.098437000000004
2021-02-26 05:00:00+00:00,95.900000000000006,97,94.400000000000006,94.439999999999998,681285,7997,95.052344000000005
2021-03-01 05:00:00+00:00,97.5,98.200000000000003,96.709999999999994,97.280000000000001,731630,8851,97.291286999999997
2021-03-02 05:00:00+00:00,96.510000000000005,96.694999999999993,94.390000000000001,94.650000000000006,528226,7244,94.911125999999996
2021-03-03 05:00:00+00:00,95.400000000000006,97.909999999999997,94.900000000000006,96.030000000000001,533644,8596,96.268544000000006
2021-03-04 05:00:00+00:00,96,96.840000000000003,94.810000000000002,95.109999999999999,639828,8822,95.715941000000001
2021-03-05 05:00:00+00:00,96.579999999999998,98.219999999999999,95.159999999999997,98.049999999999997,788282,9970,96.971405000000004
2021-03-08 05:00:00+00:00,98.989999999999995,102.27,98.420000000000002,101.09999999999999,367860,7712,100.937319
2021-03-09 05:00:00+00:00,101.87,102.56,98.609999999999999,98.829999999999998,485543,7228,99.568014000000005
2021-03-10 05:00:00+00:00,99.010000000000005,100.79000000000001,98.079999999999998,100.22,333314,5409,100.10758
2021-03-11 05:00:00+00:00,100.87,102.62,100.03,102.48,466477,7612,102.135183
2021-03-12 05:00:00+00:00,102.83,104.23999999999999,102.72,104.03,280466,5360,103.763398
2021-03-15 04:00:00+00:00,103.11,103.51000000000001,102.16,102.95999999999999,458059,8058,102.653193
2021-03-16 04:00:00+00:00,102.23999999999999,102.84999999999999,99.935000000000002,102.09999999999999,843941,10222,101.615635
2021-03-17 04:00:00+00:00,102.39,103.94,100.22,100.79000000000001,507964,7890,101.099752
2021-03-18 04:00:00+00:00,101,104.81,100.59,101.03,513791,9772,101.915488
2021-03-19 04:00:00+00:00,101.41,102.95999999999999,99.819999999999993,101.94,2757607,8436,101.95604
2021-03-22 04:00:00+00:00,101.14,101.37,98.359999999999999,98.969999999999999,487078,6933,99.065898000000004
2021-03-23 04:00:00+00:00,97.989999999999995,97.989999999999995,95.269999999999996,95.590000000000003,703743,9129,96.136565000000004
2021-03-24 04:00:00+00:00,96.909999999999997,99.890000000000001,96.200000000000003,97.739999999999995,416559,5782,98.375333999999995
2021-03-25 04:00:00+00:00,97.590000000000003,101.20999999999999,96.640000000000001,100.42,422203,5893,99.564696999999995
2021-03-26 04:00:00+00:00,101.39,102.23,100.035,101.75,307543,6356,101.400722
2021-03-29 04:00:00+00:00,100.98999999999999,102.95,99.560000000000002,99.799999999999997,315764,6517,100.202648
2021-03-30 04:00:00+00:00,100.08,101.65000000000001,99.359999999999999,101.31,385864,5371,101.15794200000001
2021-03-31 04:00:00+00:00,101.26000000000001,101.26000000000001,98.819999999999993,98.900000000000006,548941,6756,99.248581000000001
2021-04-01 04:00:00+00:00,99.329999999999998,101.37,98.325000000000003,101.29000000000001,298962,5732,100.821896
2021-04-05 04:00:00+00:00,102.14,103.11,101.86190000000001,102.42,259231,4113,102.440416
2021-04-06 04:00:00+00:00,102.02,104.42,102.02,103.72,287784,4609,103.78896
2021-04-07 04:00:00+00:00,103.41,103.63,102.47,103.19,239167,3958,103.225283
2021-04-08 04:00:00+00:00,103.09,104.15000000000001,102.70999999999999,103.95999999999999,265452,3987,103.67025
2021-04-09 04:00:00+00:00,103.83,104.67,103.3,104.37,241467,3981,104.19548
2021-04-12 04:00:00+00:00,104.98,105.97,104.52,105.54000000000001,214807,4907,105.41253399999999
2021-04-13 04:00:00+00:00,105.84,107.7,105,107.42,445826,7656,106.908011
2021-04-14 04:00:00+00:00,107.94,109.31,107.31999999999999,107.67,566149,7247,107.994591
2021-04-15 04:00:00+00:00,107.70999999999999,108.43000000000001,106.78,108.28,271237,6475,107.941998
2021-04-16 04:00:00+00:00,109.88,110.66,108.655,110.04000000000001,326730,6047,110.075711
2021-04-19 04:00:00+00:00,109.70999999999999,109.70999999999999,109.09999999999999,109.09999999999999,2417,1,109.70999999999999
2021-04-20 04:00:00+00:00,113.19,115.02,111.11,113.2,752152,12062,112.791326
2021-04-21 04:00:00+00:00,113.22,114.955,112.3867,114.34999999999999,503218,7139,114.00566499999999
2021-04-22 04:00:00+00:00,115.44,118.56829999999999,114.88,117.05,480381,9054,117.17755699999999
2021-04-23 04:00:00+00:00,117.04000000000001,120.38,116.51000000000001,119.8,457211,7950,119.46213299999999
2021-04-26 04:00:00+00:00,120.7,121.44,118.92,119.16,378181,7522,119.900784
2021-04-27 04:00:00+00:00,119.83,121.17,118.91,121.17,357437,5814,120.66850700000001
2021-04-28 04:00:00+00:00,121.52,124.3,121.19,122.8,401364,8696,123.143674
2021-04-29 04:00:00+00:00,123.88,124.42,120.4731,123.06,466251,7201,122.379475
2021-04-30 04:00:00+00:00,122.05,122.685,120.56999999999999,120.89,423625,6979,121.11918300000001
2021-05-03 04:00:00+00:00,122.09999999999999,123.81999999999999,120.86,123.23,274001,5142,122.979004
2021-05-04 04:00:00+00:00,122.09,123,121.38,122.06,657212,9979,122.040137
2021-05-05 04:00:00+00:00,122,122.39,119.86,122.22,356166,6843,121.754868
2021-05-06 04:00:00+00:00,122.48,123.51000000000001,121.09999999999999,123.20999999999999,349542,5994,122.637888
2021-05-07 04:00:00+00:00,122.39,123.18000000000001,121.4196,122.72,279637,4879,122.633966
2021-05-10 04:00:00+00:00,123.84,125.06999999999999,122.98,123.34,384070,6981,123.970169
2021-05-11 04:00:00+00:00,122.05,123.90000000000001,121.64,123.84999999999999,694466,9623,122.990287
2021-05-12 04:00:00+00:00,123.79000000000001,123.94,120.06,120.45,467976,7425,121.252174
2021-05-13 04:00:00+00:00,120.34999999999999,123.91,120.34999999999999,123.5,286304,5458,122.988979
2021-05-14 04:00:00+00:00,123.62,124.06,122.98999999999999,123.56,255333,4950,123.441258
2021-05-17 04:00:00+00:00,122.77,123.63,121.47499999999999,123.58,221269,3810,123.201139
2021-05-18 04:00:00+00:00,124.2,124.31,120.2,120.37,932496,9411,121.44768999999999
2021-05-19 04:00:00+00:00,119.09999999999999,119.7,115.79000000000001,119.65000000000001,697007,9524,118.359156
2021-05-20 04:00:00+00:00,119.92,120.04000000000001,118.29000000000001,119.23999999999999,576268,9134,119.195835
2021-05-21 04:00:00+00:00,120.3,122.12,119.81999999999999,120.20999999999999,439647,7670,120.792342
2021-05-24 04:00:00+00:00,120.36,122.95999999999999,119.8,122.56999999999999,423406,7226,122.418808
2021-05-25 04:00:00+00:00,122.23,123.53,120.88,121.03,363455,6214,121.973907
2021-05-26 04:00:00+00:00,121.67,123.26000000000001,121.3,122.63,507685,7533,122.729057
2021-05-27 04:00:00+00:00,123.76000000000001,124.02,122.67,123.33,681262,7633,123.41451499999999
2021-05-28 04:00:00+00:00,122.95,123.37,120.56999999999999,120.98999999999999,481815,6324,121.246268
2021-06-01 04:00:00+00:00,122.51000000000001,123.19,121.37,122.45,731356,9271,122.293693
2021-06-02 04:00:00+00:00,122.22,122.56,121.13,121.98999999999999,306601,4996,121.928099
2021-06-03 04:00:00+00:00,121.61,122.48,120.61,122.31,278848,4563,121.95253599999999
2021-06-04 04:00:00+00:00,123.18000000000001,123.18000000000001,121.7,122.70999999999999,258236,3709,122.322883
2021-06-07 04:00:00+00:00,122.41,122.44,121.045,121.75,291934,5578,121.716748
2021-06-08 04:00:00+00:00,121.44,123.79000000000001,120.715,123.68000000000001,236381,5499,123.239869
2021-06-09 04:00:00+00:00,123.48999999999999,123.825,122.40000000000001,123.16,324353,5031,123.251125
2021-06-10 04:00:00+00:00,123.54000000000001,124.11,122.95,123.26000000000001,411542,5871,123.48678200000001
2021-06-11 04:00:00+00:00,123.28,123.86,121.95,122.98999999999999,401527,6849,122.72498299999999
2021-06-14 04:00:00+00:00,123.45999999999999,124.56999999999999,122.48999999999999,123.09999999999999,297282,6050,123.41792599999999
2021-06-15 04:00:00+00:00,122.94,123.94499999999999,121.91,122.92,342113,6820,122.852041
2021-06-16 04:00:00+00:00,123,123.67,120.79000000000001,122.01000000000001,352127,7065,121.987814
2021-06-17 04:00:00+00:00,121.5,121.5,116.16,117.05,567169,10752,117.41823100000001
2021-06-18 04:00:00+00:00,115.45999999999999,115.67,113.39,113.56999999999999,1050459,9094,113.96865200000001
2021-06-21 04:00:00+00:00,114.53,117.39,113.95999999999999,117.34,257575,4594,116.917209
2021-06-22 04:00:00+00:00,117.36,117.715,115.86,117.5,260604,5663,117.17007700000001
2021-06-23 04:00:00+00:00,117.90000000000001,118.38,116.98999999999999,118.06999999999999,440049,6505,117.959793
2021-06-24 04:00:00+00:00,119,120.765,118.03,120.33,434719,7266,119.85896099999999
2021-06-25 04:00:00+00:00,120.59,122.81,120.03,122.66,1114951,6495,122.50473100000001
2021-06-28 04:00:00+00:00,122.67,122.67,119.20999999999999,119.44,405449,7057,119.862054
2021-06-29 04:00:00+00:00,119.90000000000001,120.315,118.7916,119.03,242519,5771,119.294872
2021-06-30 04:00:00+00:00,118.34,119.015,117.59999999999999,118.91,368947,4718,118.577307
2021-07-01 04:00:00+00:00,120.06999999999999,120.06999999999999,118.95999999999999,119.19,288192,4799,119.325474
2021-07-02 04:00:00+00:00,119.16,119.16,117.52,118.18000000000001,269225,5750,118.127683
2021-07-06 04:00:00+00:00,118.17,118.34,114.16,115.67,391901,6098,115.96654599999999
2021-07-07 04:00:00+00:00,115.5,117.44,114.33,116.56,606434,8544,116.075728
2021-07-08 04:00:00+00:00,114.25,115.61,112.84,114.09,349237,6226,114.03846
2021-07-09 04:00:00+00:00,116.16,117.22,114.92,116.06999999999999,362070,5172,116.15792500000001
2021-07-12 04:00:00+00:00,115.56,116.86,114.43000000000001,116.63,386478,4691,116.311301
2021-07-13 04:00:00+00:00,117.45999999999999,118.28,116.05,116.09,425652,7734,117.085887
2021-07-14 04:00:00+00:00,116.52,117.67,116.23,117.03,471261,4601,117.022212
2021-07-15 04:00:00+00:00,115.66,116.81,114.92,115.55,399897,5560,115.580583
2021-07-16 04:00:00+00:00,116.44,116.93000000000001,113.41,113.59,329272,5355,114.418183
2021-07-19 04:00:00+00:00,111,111.76000000000001,108.92,111.34,705649,10448,110.72572700000001
2021-07-20 04:00:00+00:00,112.01000000000001,112.12,105.01000000000001,107.88,1033512,14310,108.318693
2021-07-21 04:00:00+00:00,109.65000000000001,111.455,108.61,109.81999999999999,627343,10264,109.74194
2021-07-22 04:00:00+00:00,109.64,109.66,107.91,108.76000000000001,405503,5991,108.659367
2021-07-23 04:00:00+00:00,110.53,112.53,110.185,112.51000000000001,747471,9680,111.994362
2021-07-26 04:00:00+00:00,112.51000000000001,113.64,112.03,113.36,481784,6478,113.056105
2021-07-27 04:00:00+00:00,112.77,114,112.27,113.98,392891,5328,113.49007899999999
2021-07-28 04:00:00+00:00,114.5,116.16,113.19,115.56999999999999,395596,6387,114.972397
2021-07-29 04:00:00+00:00,116.54000000000001,118.709,116.2217,118.38,516323,7565,118.209259
2021-07-30 04:00:00+00:00,117.61,119.45999999999999,117.59,118.58,563657,7808,118.54130600000001
2021-08-02 04:00:00+00:00,119.54000000000001,120.55,117.12,117.38,491687,7601,117.905373
2021-08-03 04:00:00+00:00,117.33,117.98,116.36,117.48999999999999,338556,6208,117.319751
2021-08-04 04:00:00+00:00,116.36,117.36969999999999,114.75,115.29000000000001,431315,6679,115.66184199999999
2021-08-05 04:00:00+00:00,116.01000000000001,117,115.69,116.33,334094,4257,116.298951
2021-08-06 04:00:00+00:00,117.87,118.73,117.23999999999999,117.93000000000001,301830,4319,117.922583
2021-08-09 04:00:00+00:00,119.06,119.06,117.48999999999999,118,367733,6049,118.022772
2021-08-10 04:00:00+00:00,117.65000000000001,120.13,117.59999999999999,119.65000000000001,210627,5309,119.34558199999999
2021-08-11 04:00:00+00:00,119.62,121.75,119.19499999999999,121.72,279770,5408,120.993004
2021-08-12 04:00:00+00:00,122.59,122.68000000000001,120.98,122.65000000000001,259872,3838,122.389613
2021-08-13 04:00:00+00:00,123.03,123.61,121.86,122.89,273734,5917,122.791821
2021-08-16 04:00:00+00:00,122.58,123.2,121.61499999999999,122.90000000000001,307925,4974,122.679548
2021-08-17 04:00:00+00:00,122.28,122.73999999999999,120.645,122.66,340925,6006,122.151803
2021-08-18 04:00:00+00:00,122,123.22,119.88,119.90000000000001,296062,5891,120.81048
2021-08-19 04:00:00+00:00,118.37,119.31999999999999,117.06950000000001,118.40000000000001,494338,7317,118.311666
2021-08-20 04:00:00+00:00,118.69,119.48990000000001,117.8,119.39,289812,4194,119.127447
2021-08-23 04:00:00+00:00,120.53,121.94,119.63500000000001,120.22,314998,5652,120.686019
2021-08-24 04:00:00+00:00,122,122.73,120.40000000000001,121.08,398726,4729,121.31321800000001
2021-08-25 04:00:00+00:00,122.06999999999999,123.005,120.90000000000001,121.68000000000001,326768,6397,121.991399
2021-08-26 04:00:00+00:00,122.88,122.88,120.45999999999999,120.7,288816,5127,120.980401
2021-08-27 04:00:00+00:00,120.55,122.28,120.48,121.34999999999999,476550,7150,121.49271899999999
2021-08-30 04:00:00+00:00,121.76000000000001,121.90000000000001,120.20999999999999,121.25,289051,4519,121.28662799999999
2021-08-31 04:00:00+00:00,121.27,123.84,120.90000000000001,121.42,540867,8020,122.09536799999999
2021-09-01 04:00:00+00:00,121.92,122.34999999999999,119.1643,121.52,366346,5933,121.102481
2021-09-02 04:00:00+00:00,121.73,123.69,121.515,123.69,232588,5004,123.182495
2021-09-03 04:00:00+00:00,123.27,123.73999999999999,122.09999999999999,122.20999999999999,285508,4770,122.534531
2021-09-07 04:00:00+00:00,121.43000000000001,121.84,119.04000000000001,119.25,350833,6099,119.686992
2021-09-08 04:00:00+00:00,119.38,120.16,118.595,119.38,252011,5031,119.271485
2021-09-09 04:00:00+00:00,119.56999999999999,121.40000000000001,119.38,119.84,237733,4533,120.057337
2021-09-10 04:00:00+00:00,120.59999999999999,120.59999999999999,117.78,118.12,291885,4980,118.485962
2021-09-13 04:00:00+00:00,119.43000000000001,119.58,117.5,118.56999999999999,249235,5023,118.56018899999999
2021-09-14 04:00:00+00:00,119.48,119.48,116.9414,117.51000000000001,368607,7252,117.891874
2021-09-15 04:00:00+00:00,118.03,119.22,116.22499999999999,118.93000000000001,360268,5897,118.61155599999999
2021-09-16 04:00:00+00:00,119.01000000000001,119.84999999999999,116.93000000000001,117.12,342548,5648,117.6896
2021-09-17 04:00:00+00:00,113.18000000000001,114.93000000000001,109.75,110.69,1350263,11548,111.018699
2021-09-20 04:00:00+00:00,108.34999999999999,109.565,106.55,108.20999999999999,388979,6947,108.00082399999999
2021-09-21 04:00:00+00:00,108.7,109.18000000000001,106.16,106.54000000000001,863538,11891,106.891857
2021-09-22 04:00:00+00:00,108.13,110.15000000000001,107.15000000000001,108.26000000000001,621290,10330,108.457218
2021-09-23 04:00:00+00:00,108.26000000000001,111.87,108.26000000000001,110.62,433542,6747,110.74692899999999
2021-09-24 04:00:00+00:00,109.91,111.37,109.63,109.72,385755,4422,110.00699899999999
2021-09-27 04:00:00+00:00,110.38,112.90000000000001,110.16,111.47,313308,7103,111.78457299999999
2021-09-28 04:00:00+00:00,111.61,112.63,109.34999999999999,110.06,274738,7007,110.26785
2021-09-29 04:00:00+00:00,110.28,111.16,109.48,109.84999999999999,483607,7849,110.119518
2021-09-30 04:00:00+00:00,110.53,111.04000000000001,107.88,108.28,490218,8470,108.678645
2021-10-01 04:00:00+00:00,108.84999999999999,112.04000000000001,108.41,111.31999999999999,380808,6190,110.823403
2021-10-04 04:00:00+00:00,111.72,112.62,110.20999999999999,110.78,322223,6438,110.86849100000001
2021-10-05 04:00:00+00:00,111.54000000000001,112.875,110.53,112.44,464840,6497,112.269623
2021-10-06 04:00:00+00:00,110.44,112,107.855,110.78,425138,7221,110.239058
2021-10-07 04:00:00+00:00,112.01000000000001,113.8,111.91,113.54000000000001,427275,7117,113.396106
2021-10-08 04:00:00+00:00,113.54000000000001,115.26000000000001,112.98,113.34999999999999,432374,6715,113.711457
2021-10-11 04:00:00+00:00,113.93000000000001,114.65000000000001,111.63,111.73999999999999,249097,5707,112.821726
2021-10-12 04:00:00+00:00,112.5,112.70999999999999,110.79000000000001,111.45999999999999,374997,6268,111.561924
2021-10-13 04:00:00+00:00,111.39,111.565,109.53,110.91,516794,7629,110.467749
2021-10-14 04:00:00+00:00,112.19,113.64,111.93000000000001,112.95999999999999,378916,5456,112.90789100000001
2021-10-15 04:00:00+00:00,114.33,114.53,112.625,112.69,347089,6206,113.088714
2021-10-18 04:00:00+00:00,111.81999999999999,113.17,111.09,113.13,452467,6301,112.865166
2021-10-19 04:00:00+00:00,105,107.09999999999999,103.5,105.97,1151032,15364,105.71790300000001
2021-10-20 04:00:00+00:00,105.87,105.95,103.13,104.09999999999999,488505,8357,104.086005
2021-10-21 04:00:00+00:00,103.68000000000001,104.13500000000001,102.11,103.69,439187,6323,103.365348
2021-10-22 04:00:00+00:00,103.06,104.37,101.355,101.76000000000001,445073,6090,102.252477
2021-10-25 04:00:00+00:00,101.97,101.97,101.29000000000001,101.29000000000001,58770,3,101.344993
2021-10-26 04:00:00+00:00,101.45,102.2,99.409999999999997,99.459999999999994,459121,6832,100.486428
2021-10-27 04:00:00+00:00,99.739999999999995,99.739999999999995,96.329999999999998,96.400000000000006,563729,8461,97.047906999999995
2021-10-28 04:00:00+00:00,96.680000000000007,98.400000000000006,96.620000000000005,98.340000000000003,358055,5994,97.795832000000004
2021-10-29 04:00:00+00:00,98.049999999999997,98.709999999999994,96.400000000000006,96.650000000000006,422473,6158,96.998315000000005
2021-11-01 04:00:00+00:00,96.909999999999997,99.670000000000002,96.510000000000005,99.359999999999999,419616,6941,99.162406000000004
2021-11-02 04:00:00+00:00,99.370000000000005,100.47,99.010000000000005,99.909999999999997,456576,6172,99.801813999999993
2021-11-03 04:00:00+00:00,99.540000000000006,101.23,99.025000000000006,101.17,303383,5958,100.728562
2021-11-04 04:00:00+00:00,101.95,102.73,101.77,102.34999999999999,647445,7840,102.345212
2021-11-05 04:00:00+00:00,102.87,103.83499999999999,102.125,103.11,319812,5558,103.07882499999999
2021-11-08 05:00:00+00:00,103.45999999999999,103.77,102.39,103,311890,5120,102.96717
2021-11-09 05:00:00+00:00,102.63,103.29000000000001,102.045,102.23999999999999,462862,7801,102.376313
2021-11-10 05:00:00+00:00,102.28,103.42,101.64,102.47,330551,7940,102.46999
2021-11-11 05:00:00+00:00,102.37,103.55,101.56999999999999,102.39,332029,6539,102.574212
2021-11-12 05:00:00+00:00,102.67,103.72,102.18000000000001,103.43000000000001,554824,7790,103.368534
2021-11-15 05:00:00+00:00,103.70999999999999,103.70999999999999,102.17,102.34999999999999,384299,6018,102.938121
2021-11-16 05:00:00+00:00,102.18000000000001,103.86,101.59,102.2,315892,5612,102.468412
2021-11-17 05:00:00+00:00,101.66,101.66,98.230000000000004,98.530000000000001,488712,8353,98.941509999999994
2021-11-18 05:00:00+00:00,98.879999999999995,99.230000000000004,96.879999999999995,99.099999999999994,425570,7482,98.595819000000006
2021-11-19 05:00:00+00:00,98.730000000000004,100.05,98.185000000000002,99.269999999999996,426368,7158,99.282273000000004
2021-11-22 05:00:00+00:00,99.959999999999994,101.285,99.299999999999997,100.02,252130,6047,100.32464899999999
2021-11-23 05:00:00+00:00,99.700000000000003,99.730000000000004,98.200000000000003,98.780000000000001,281648,5219,98.841065
2021-11-24 05:00:00+00:00,98.670000000000002,99.609999999999999,98.030000000000001,98.5,343443,3801,98.644362000000001
2021-11-26 05:00:00+00:00,95.819999999999993,96.135000000000005,92.734999999999999,93.519999999999996,238098,4846,93.688361
2021-11-29 05:00:00+00:00,94.769999999999996,94.795000000000002,91.510000000000005,93.239999999999995,602931,8066,93.124442999999999
2021-11-30 05:00:00+00:00,91.25,91.799999999999997,89.400000000000006,89.629999999999995,558361,7930,90.060398000000006
2021-12-01 05:00:00+00:00,92.099999999999994,92.944999999999993,88.930000000000007,89,596168,10186,90.269315000000006
2021-12-02 05:00:00+00:00,89.519999999999996,93.888999999999996,88.920000000000002,93.629999999999995,742155,10535,92.947373999999996
2021-12-03 05:00:00+00:00,94.299999999999997,94.920000000000002,91.719999999999999,92.620000000000005,513875,9259,92.74539
2021-12-06 05:00:00+00:00,94.310000000000002,96.189999999999998,93.5,94.5,668040,7710,94.858400000000003
2021-12-07 05:00:00+00:00,95.180000000000007,95.890000000000001,94.120000000000005,94.670000000000002,501274,6655,94.864164000000002
2021-12-08 05:00:00+00:00,95.329999999999998,96,94.420000000000002,94.75,376383,6800,94.986480999999998
2021-12-09 05:00:00+00:00,94.079999999999998,95.569999999999993,93.560000000000002,93.659999999999997,482998,6643,94.166054000000003
2021-12-10 05:00:00+00:00,94.290000000000006,95.599999999999994,94.025000000000006,94.530000000000001,463795,5538,94.546383000000006
2021-12-13 05:00:00+00:00,94.340000000000003,95.034999999999997,92.760000000000005,93.370000000000005,641215,7843,93.509997999999996
2021-12-14 05:00:00+00:00,93.079999999999998,95.004999999999995,92.700000000000003,93.099999999999994,631143,6558,93.288183000000004
2021-12-15 05:00:00+00:00,93.069999999999993,95.510000000000005,93.069999999999993,94.760000000000005,617846,9575,94.496809999999996
2021-12-16 05:00:00+00:00,95.400000000000006,96.329999999999998,93.969999999999999,94.579999999999998,444887,7536,94.984511999999995
2021-12-17 05:00:00+00:00,94.560000000000002,94.560000000000002,92.349999999999994,93.609999999999999,1024366,7972,93.654894999999996
2021-12-20 05:00:00+00:00,92,92,89.75,91.540000000000006,324861,5177,91.195459
2021-12-21 05:00:00+00:00,92.560000000000002,94.379999999999995,92.560000000000002,93.650000000000006,321462,6322,93.612990999999994
2021-12-22 05:00:00+00:00,93.650000000000006,94.739999999999995,93.340000000000003,94.489999999999995,404657,5913,94.282955999999999
2021-12-23 05:00:00+00:00,95.319999999999993,96.060000000000002,95.079999999999998,95.480000000000004,346619,3646,95.517149000000003
2021-12-27 05:00:00+00:00,95.489999999999995,96.969999999999999,94.909999999999997,96.599999999999994,434010,4071,96.548326000000003
2021-12-28 05:00:00+00:00,96.599999999999994,98.373699999999999,96.540000000000006,97.799999999999997,199022,4199,97.780631
2021-12-29 05:00:00+00:00,97.859999999999999,98.909999999999997,97.599999999999994,98.439999999999998,199694,3104,98.486734999999996
2021-12-30 05:00:00+00:00,98.890000000000001,98.989999999999995,97.280000000000001,97.519999999999996,172400,3917,97.778575000000004
2021-12-31 05:00:00+00:00,97.299999999999997,98.060000000000002,97.170000000000002,97.329999999999998,282593,3191,97.415423000000004
2022-01-03 05:00:00+00:00,97.540000000000006,99.280000000000001,97.540000000000006,99.159999999999997,305895,5131,98.909715000000006
2022-01-04 05:00:00+00:00,100,101.91500000000001,99.5,101.08,335240,7143,101.19431400000001
2022-01-05 05:00:00+00:00,101.01000000000001,102.5,100.38,100.55,660954,8400,100.717708
2022-01-06 05:00:00+00:00,101.3,103,101.125,101.47,394311,6443,101.720235
2022-01-07 05:00:00+00:00,101.53,102.14,100.17,100.27,474081,6838,100.57714300000001
2022-01-10 05:00:00+00:00,100.48,102.31,99.170100000000005,102.08,565481,8866,101.555784
2022-01-11 05:00:00+00:00,103.13,104.61499999999999,101.22,103.72,453321,7926,103.529207
2022-01-12 05:00:00+00:00,104,104.95,103.38500000000001,103.89,412893,6754,104.00708299999999
2022-01-13 05:00:00+00:00,104.73999999999999,107.14,104.31100000000001,106.97,416307,7605,106.57822400000001
2022-01-14 05:00:00+00:00,106.27,109.31999999999999,105.8653,109.18000000000001,567440,8960,108.591588
2022-01-18 05:00:00+00:00,108.12,108.48,105.61,106.84,468602,10684,106.77201100000001
2022-01-19 05:00:00+00:00,107.31999999999999,107.48999999999999,106.02,106.73,403936,7076,106.865561
2022-01-20 05:00:00+00:00,106.63,106.63,103.13,103.43000000000001,354797,6234,104.15514
2022-01-21 05:00:00+00:00,103.29000000000001,104.68000000000001,101.67,102.02,439809,8019,102.291015
2022-01-24 05:00:00+00:00,100.22,104.36,100.09,104.36,92812,1283,102.343322
2022-01-25 05:00:00+00:00,103.73999999999999,103.73999999999999,100.73999999999999,102.28,408358,9359,102.17462999999999
2022-01-26 05:00:00+00:00,103.51000000000001,105.26000000000001,101.97,102.78,553901,5620,103.00020600000001
2022-01-27 05:00:00+00:00,103.67,105.62,100.81,101.88,337927,7518,102.03022
2022-01-28 05:00:00+00:00,101.52,103.75,100.34050000000001,103.70999999999999,362830,7926,102.74980600000001
2022-01-31 05:00:00+00:00,103.05,105.25,101.97,104.87,902078,11568,104.577898
2022-02-01 05:00:00+00:00,107.2,109.75,106.5,109.09999999999999,536677,10533,108.739925
2022-02-02 05:00:00+00:00,109.69,109.69,106.41,107.16,444968,10412,107.249295
2022-02-03 05:00:00+00:00,107.19,107.23,105.291,106,305837,6413,106.05053100000001
2022-02-04 05:00:00+00:00,104.95999999999999,108.47,103.91200000000001,107.3,387395,7698,107.20590300000001
2022-02-07 05:00:00+00:00,107.33,107.34999999999999,105.11,106.5,284788,6272,106.326509
2022-02-08 05:00:00+00:00,106.91,110.69499999999999,106.90000000000001,110.5,369003,6546,109.929597
2022-02-09 05:00:00+00:00,111.8,113.18000000000001,111.04000000000001,111.27,382973,7484,111.695719
2022-02-10 05:00:00+00:00,110.03,112.77500000000001,109.70999999999999,110.2,324573,6635,110.75892899999999
2022-02-11 05:00:00+00:00,110.36,111.23,109.26000000000001,109.64,448284,8659,109.87476599999999
2022-02-14 05:00:00+00:00,109.69,110.97,109.28,109.76000000000001,434763,7749,109.82996300000001
2022-02-15 05:00:00+00:00,110.03,115.03,110.03,114.75,549542,9898,114.13617600000001
2022-02-16 05:00:00+00:00,114.11,115.54000000000001,113.825,115.53,376459,8071,114.96232999999999
2022-02-17 05:00:00+00:00,114.06,114.75,111.11,111.20999999999999,380235,7808,112.091989
2022-02-18 05:00:00+00:00,110.76000000000001,111.7,109.241,110.31999999999999,605510,10345,110.375426
2022-02-22 05:00:00+00:00,110.8,110.8,106.63,107.84,786472,10403,108.027193
2022-02-23 05:00:00+00:00,108.51000000000001,109.2,106.58,106.95999999999999,554898,8870,107.553667
2022-02-24 05:00:00+00:00,104.17,106.08,102.73,105.68000000000001,484244,9633,104.85898
2022-02-25 05:00:00+00:00,106.34,109.23,106.175,109.09,623344,10970,107.87791799999999
2022-02-28 05:00:00+00:00,106.81999999999999,108.48,104.48999999999999,106.28,518533,8215,106.005303
2022-03-01 05:00:00+00:00,105.81,106.56999999999999,97.719999999999999,98.329999999999998,673169,11326,99.628962999999999
2022-03-02 05:00:00+00:00,99.280000000000001,102.62,99.040000000000006,101.41,663213,11180,101.046817
2022-03-03 05:00:00+00:00,102.08,102.56,100.265,101.31999999999999,365567,7270,101.310126
2022-03-04 05:00:00+00:00,99.680000000000007,99.7059,94.790000000000006,95.260000000000005,577659,9757,95.757634999999993
2022-03-07 05:00:00+00:00,93.609999999999999,95.030000000000001,87.019999999999996,87.019999999999996,582258,12450,88.827889999999996
2022-03-08 05:00:00+00:00,88.180000000000007,88.280000000000001,88.180000000000007,88.280000000000001,59223,2,88.268873999999997
2022-03-09 05:00:00+00:00,92.319999999999993,93.450000000000003,89.980000000000004,90.439999999999998,559059,8879,91.164298000000002
2022-03-10 05:00:00+00:00,88.25,89.180000000000007,86.599999999999994,89.150000000000006,764324,10795,88.344898000000001
2022-03-11 05:00:00+00:00,89.049999999999997,89.560000000000002,86.790000000000006,87.709999999999994,764277,11685,87.927918000000005
2022-03-14 04:00:00+00:00,89.019999999999996,92.260000000000005,88.459999999999994,92.200000000000003,631490,9487,91.701695999999998
2022-03-15 04:00:00+00:00,92.439999999999998,94.730000000000004,92.219999999999999,94.659999999999997,641090,9673,93.961661000000007
2022-03-16 04:00:00+00:00,96.069999999999993,97.760000000000005,94.344999999999999,96.819999999999993,475921,9204,96.495787000000007
2022-03-17 04:00:00+00:00,95.989999999999995,97.620000000000005,95.640000000000001,97.530000000000001,339231,6363,97.202342999999999
2022-03-18 04:00:00+00:00,97.900000000000006,98.230000000000004,96.120000000000005,97.299999999999997,1151508,9693,97.361534000000006
2022-03-21 04:00:00+00:00,97.439999999999998,97.870000000000005,94.150000000000006,94.819999999999993,421234,9545,95.147892999999996
2022-03-22 04:00:00+00:00,96.280000000000001,96.280000000000001,94.370000000000005,94.530000000000001,425435,6914,94.778034000000005
2022-03-23 04:00:00+00:00,93.700000000000003,93.959999999999994,92.409999999999997,92.640000000000001,499326,5875,92.790425999999997
2022-03-24 04:00:00+00:00,93.120000000000005,94.230000000000004,91.890000000000001,94.219999999999999,387184,6956,93.647368
2022-03-25 04:00:00+00:00,94.640000000000001,95.25,93.579999999999998,94.290000000000006,467949,4384,94.293287000000007
2022-03-28 04:00:00+00:00,93.480000000000004,94.129999999999995,92.579999999999998,94.069999999999993,275259,5097,93.670330000000007
2022-03-29 04:00:00+00:00,96.390000000000001,101.53,96.390000000000001,99.980000000000004,689781,10606,100.136476
2022-03-30 04:00:00+00:00,99.129999999999995,100.5,96.469999999999999,97.099999999999994,509634,5832,97.213831999999996
2022-03-31 04:00:00+00:00,96.480000000000004,96.900000000000006,93.784999999999997,93.920000000000002,430542,6177,94.513250999999997
2022-04-01 04:00:00+00:00,94.650000000000006,95.640000000000001,93.409999999999997,94.019999999999996,443651,7121,94.087204999999997
2022-04-04 04:00:00+00:00,94.260000000000005,95.939999999999998,93.670000000000002,94.379999999999995,362214,6898,94.781816000000006
2022-04-05 04:00:00+00:00,93.719999999999999,94.390000000000001,91.599999999999994,91.900000000000006,694246,10468,92.101665999999994
2022-04-06 04:00:00+00:00,91.319999999999993,91.980000000000004,89.989999999999995,90.269999999999996,707649,8874,90.499809999999997
2022-04-07 04:00:00+00:00,89.930000000000007,90.379999999999995,88.299999999999997,88.609999999999999,591825,9762,88.886075000000005
2022-04-08 04:00:00+00:00,89.129999999999995,90.879999999999995,87.340000000000003,87.870000000000005,960828,14536,88.526533000000001
2022-04-11 04:00:00+00:00,87.819999999999993,90.439999999999998,87.203400000000002,87.930000000000007,693991,8128,88.197173000000006
2022-04-12 04:00:00+00:00,89.019999999999996,89.340000000000003,86.704999999999998,87.200000000000003,562260,8450,87.529666000000006
2022-04-13 04:00:00+00:00,86.790000000000006,88.859999999999999,86.510000000000005,88.599999999999994,661791,11219,88.276208999999994
2022-04-14 04:00:00+00:00,88.719999999999999,89.109999999999999,86.650000000000006,87.469999999999999,630409,8505,87.526953000000006
2022-04-18 04:00:00+00:00,87.150000000000006,89.049999999999997,86.549999999999997,88.760000000000005,478677,9522,88.384459000000007
2022-04-19 04:00:00+00:00,91.030000000000001,95.265000000000001,90.359399999999994,95.079999999999998,954495,12787,94.435270000000003
2022-04-20 04:00:00+00:00,96.170000000000002,98.620000000000005,95.689999999999998,95.959999999999994,634890,9529,96.368622000000002
2022-04-21 04:00:00+00:00,96.709999999999994,97.715000000000003,94.135000000000005,94.519999999999996,573617,9414,95.095353000000003
2022-04-22 04:00:00+00:00,93.760000000000005,94.319999999999993,92.280000000000001,92.390000000000001,409002,7176,92.607755999999995
2022-04-25 04:00:00+00:00,91.640000000000001,93.030000000000001,89.510000000000005,92.730000000000004,358937,7708,91.789843000000005
2022-04-26 04:00:00+00:00,91.640000000000001,92.409999999999997,90.075000000000003,90.450000000000003,424260,6917,90.683752999999996
2022-04-27 04:00:00+00:00,91.019999999999996,91.319999999999993,88.569999999999993,89.829999999999998,477494,9552,89.761868000000007
2022-04-28 04:00:00+00:00,91.280000000000001,93.459999999999994,90.047499999999999,93.069999999999993,507676,6998,92.519155999999995
2022-04-29 04:00:00+00:00,92.129999999999995,93.844999999999999,89.870000000000005,90.200000000000003,392954,6166,90.981920000000002
2022-05-02 04:00:00+00:00,90.459999999999994,91.819999999999993,89.200100000000006,91.219999999999999,411783,7188,90.744157999999999
2022-05-03 04:00:00+00:00,91.090000000000003,92.980000000000004,90.909999999999997,92.659999999999997,441987,8350,92.219151999999994
2022-05-04 04:00:00+00:00,92.430000000000007,95.760000000000005,92.019999999999996,95.590000000000003,456552,8477,94.306089999999998
2022-05-05 04:00:00+00:00,93.870000000000005,94.515000000000001,90.379999999999995,91.189999999999998,352651,7364,91.548770000000005
2022-05-06 04:00:00+00:00,90.980000000000004,91.590000000000003,89.319999999999993,90.420000000000002,301042,6313,90.348425000000006
2022-05-09 04:00:00+00:00,89.359999999999999,94.25,89.359999999999999,93.189999999999998,632296,10482,92.827141999999995
2022-05-10 04:00:00+00:00,93.769999999999996,94.459999999999994,88.849999999999994,90.689999999999998,462294,9871,90.673447999999993
2022-05-11 04:00:00+00:00,90.920000000000002,92.799999999999997,89.379999999999995,89.599999999999994,404451,6806,90.461804000000001
2022-05-12 04:00:00+00:00,89.370000000000005,91.469999999999999,87.299999999999997,88.709999999999994,454893,9098,88.868042000000003
2022-05-13 04:00:00+00:00,89.760000000000005,91.094999999999999,89.409999999999997,89.790000000000006,275368,7355,90.109149000000002
2022-05-16 04:00:00+00:00,88.819999999999993,89.875,86.829999999999998,89.109999999999999,325029,6492,89.077748
2022-05-17 04:00:00+00:00,90.870000000000005,93.980000000000004,90.75,93.930000000000007,489010,8742,93.239478000000005
2022-05-18 04:00:00+00:00,92.829999999999998,93.469999999999999,88.879999999999995,89.310000000000002,470160,7833,89.645926000000003
2022-05-19 04:00:00+00:00,88.180000000000007,90.260000000000005,87.469999999999999,89.469999999999999,342406,8327,89.283591000000001
2022-05-20 04:00:00+00:00,90.150000000000006,91.150000000000006,88.525000000000006,91.109999999999999,718383,8254,90.336742000000001
2022-05-23 04:00:00+00:00,92.769999999999996,92.769999999999996,89.359999999999999,89.590000000000003,376053,8784,89.917896999999996
2022-05-24 04:00:00+00:00,89.390000000000001,89.390000000000001,86.620000000000005,88.540000000000006,308014,6593,88.127343999999994
2022-05-25 04:00:00+00:00,87.659999999999997,90.700000000000003,87.659999999999997,89.810000000000002,294658,6873,89.635887999999994
2022-05-26 04:00:00+00:00,87.359999999999999,89.030000000000001,87.319999999999993,87.920000000000002,550501,9619,87.978587000000005
2022-05-27 04:00:00+00:00,88.409999999999997,89.939999999999998,87.900000000000006,88,487749,9559,88.440810999999997
2022-05-31 04:00:00+00:00,87.5,89.900000000000006,85.290000000000006,89.609999999999999,741202,10575,88.895701000000003
2022-06-01 04:00:00+00:00,89.920000000000002,91.305000000000007,85.230000000000004,85.450000000000003,557446,12111,86.159165999999999
2022-06-02 04:00:00+00:00,85.530000000000001,88.959999999999994,85.530000000000001,88.890000000000001,500579,9904,88.344549999999998
2022-06-03 04:00:00+00:00,87.510000000000005,88.180000000000007,85.810000000000002,86.010000000000005,381965,10339,86.273321999999993
2022-06-06 04:00:00+00:00,86.870000000000005,89.629999999999995,86.019999999999996,88.939999999999998,1462791,9202,88.857003000000006
2022-06-07 04:00:00+00:00,88.430000000000007,90.799999999999997,87.409999999999997,90.769999999999996,436125,8055,90.256900999999999
2022-06-08 04:00:00+00:00,90.040000000000006,91.349999999999994,88.795000000000002,88.930000000000007,368039,9453,89.308453
2022-06-09 04:00:00+00:00,88.810000000000002,89.040000000000006,86.520300000000006,86.859999999999999,436822,8356,87.041590999999997
2022-06-10 04:00:00+00:00,85.140000000000001,85.829999999999998,82.650000000000006,82.849999999999994,351010,7948,83.74512
2022-06-13 04:00:00+00:00,80.780000000000001,80.780000000000001,77.859999999999999,78.370000000000005,302336,7563,78.667387000000005
2022-06-14 04:00:00+00:00,78.370000000000005,79.099000000000004,77.129999999999995,78.060000000000002,489986,9694,77.988403000000005
2022-06-15 04:00:00+00:00,78.730000000000004,80.900000000000006,78.709999999999994,79.510000000000005,471648,8698,79.793031999999997
2022-06-16 04:00:00+00:00,76.959999999999994,77.530000000000001,74.129999999999995,74.790000000000006,625481,11833,75.087005000000005
2022-06-17 04:00:00+00:00,75.510000000000005,76.870000000000005,74.379999999999995,75.950000000000003,1341526,11037,75.914728999999994
2022-06-21 04:00:00+00:00,77.510000000000005,78.280000000000001,76.132000000000005,77.829999999999998,412735,5589,77.798953999999995
2022-06-22 04:00:00+00:00,76.760000000000005,78.844999999999999,76.760000000000005,78.590000000000003,449339,7771,78.527546000000001
2022-06-23 04:00:00+00:00,77.930000000000007,78,74.819999999999993,75.620000000000005,452760,9398,75.831241000000006
2022-06-24 04:00:00+00:00,76.400000000000006,79.140000000000001,75.950000000000003,78.709999999999994,616670,8950,78.594160000000002
2022-06-27 04:00:00+00:00,78.730000000000004,79.215000000000003,77.364999999999995,78.290000000000006,299621,6441,78.298967000000005
2022-06-28 04:00:00+00:00,79.290000000000006,79.909999999999997,77.200000000000003,77.319999999999993,360433,8085,77.810630000000003
2022-06-29 04:00:00+00:00,76.969999999999999,77.125,74.909999999999997,76.609999999999999,526958,9061,76.215570999999997
2022-06-30 04:00:00+00:00,75.379999999999995,77.019999999999996,73.900000000000006,76.409999999999997,408746,8000,76.074065000000004
2022-07-01 04:00:00+00:00,76.409999999999997,78.260000000000005,75.939999999999998,77.939999999999998,458404,8324,77.560502999999997
2022-07-05 04:00:00+00:00,75.980000000000004,77.790000000000006,74.730000000000004,77.769999999999996,653937,9007,77.176124000000002
2022-07-06 04:00:00+00:00,77.629999999999995,78.469999999999999,76.650000000000006,78.420000000000002,857548,7830,78.216480000000004
2022-07-07 04:00:00+00:00,78.959999999999994,80.810000000000002,78.959999999999994,80.670000000000002,493779,7229,80.407854999999998
2022-07-08 04:00:00+00:00,80.5,80.609999999999999,78.189999999999998,78.609999999999999,423800,7023,78.807142999999996
2022-07-11 04:00:00+00:00,76.109999999999999,76.939999999999998,74.400000000000006,75.769999999999996,476736,8970,75.807061000000004
2022-07-12 04:00:00+00:00,75.469999999999999,79.390000000000001,75.469999999999999,77.769999999999996,452457,8318,77.965423000000001
2022-07-13 04:00:00+00:00,76.370000000000005,77.379999999999995,75.75,76.670000000000002,389064,6938,76.600052000000005
2022-07-14 04:00:00+00:00,75.099999999999994,75.469999999999999,73.760000000000005,75.390000000000001,540918,9324,74.832127999999997
2022-07-15 04:00:00+00:00,74.959999999999994,76.510000000000005,74.340000000000003,76.480000000000004,399948,7879,76.122011000000001
2022-07-18 04:00:00+00:00,78.090000000000003,80.849999999999994,77.829999999999998,79.549999999999997,773452,12003,79.663212999999999
2022-07-19 04:00:00+00:00,79.519999999999996,80.459999999999994,76.819999999999993,79.180000000000007,832371,11819,79.201409999999996
2022-07-20 04:00:00+00:00,78.370000000000005,79.150000000000006,76.310000000000002,78.370000000000005,942053,13907,78.086354999999998
2022-07-21 04:00:00+00:00,78.450000000000003,79.534999999999997,77.189999999999998,79.189999999999998,771743,10886,78.746688000000006
2022-07-22 04:00:00+00:00,78.349999999999994,78.840000000000003,75.150000000000006,75.700000000000003,784510,13491,75.846439000000004
2022-07-25 04:00:00+00:00,76.090000000000003,76.859999999999999,75.219999999999999,76.219999999999999,394563,8538,76.063168000000005
2022-07-26 04:00:00+00:00,75.189999999999998,75.504999999999995,73.659999999999997,74.209999999999994,570651,9644,74.297308000000001
2022-07-27 04:00:00+00:00,74.590000000000003,77.174999999999997,74.474999999999994,76.780000000000001,411680,7951,76.319220000000001
2022-07-28 04:00:00+00:00,76.719999999999999,78.290000000000006,76.135000000000005,78.200000000000003,376396,6141,77.891570000000002
2022-07-29 04:00:00+00:00,78.359999999999999,79.140000000000001,77.738299999999995,78.409999999999997,388127,6314,78.415253000000007
2022-08-01 04:00:00+00:00,77.790000000000006,78.709999999999994,77.310000000000002,78.590000000000003,327140,6683,78.420738999999998
2022-08-02 04:00:00+00:00,77.890000000000001,78.260000000000005,75.659999999999997,76.879999999999995,331535,6075,76.853992000000005
2022-08-03 04:00:00+00:00,77.579999999999998,78.239999999999995,77.239999999999995,77.870000000000005,261834,5671,77.817089999999993
2022-08-04 04:00:00+00:00,77.5,77.870000000000005,77.109999999999999,77.640000000000001,307882,5341,77.593828999999999
2022-08-05 04:00:00+00:00,77.049999999999997,78.510000000000005,76.799999999999997,77.659999999999997,504820,7318,77.760919999999999
2022-08-08 04:00:00+00:00,77.829999999999998,78.588899999999995,77.094999999999999,77.579999999999998,650826,8870,77.565702999999999
2022-08-09 04:00:00+00:00,77.409999999999997,77.510000000000005,76.280000000000001,77.420000000000002,409823,7054,77.176912000000002
2022-08-10 04:00:00+00:00,78.810000000000002,80.939999999999998,78.810000000000002,80.010000000000005,345909,5767,80.067817000000005
2022-08-11 04:00:00+00:00,80.640000000000001,82.025000000000006,80.640000000000001,81.120000000000005,417213,7283,81.199540999999996
2022-08-12 04:00:00+00:00,81.670000000000002,81.694999999999993,80.480000000000004,81.299999999999997,301487,5488,81.207750000000004
2022-08-15 04:00:00+00:00,80.480000000000004,81.969999999999999,80.230000000000004,81.480000000000004,422400,7666,81.383142000000007
2022-08-16 04:00:00+00:00,80.890000000000001,82.659999999999997,80.540000000000006,82.510000000000005,398021,7327,82.080321999999995
2022-08-17 04:00:00+00:00,81.530000000000001,81.530000000000001,79.890000000000001,80.819999999999993,353494,6516,80.722234
2022-08-18 04:00:00+00:00,81.219999999999999,81.219999999999999,80.114999999999995,80.390000000000001,287978,5600,80.412503999999998
2022-08-19 04:00:00+00:00,80.069999999999993,80.069999999999993,78.510000000000005,79.010000000000005,371754,6111,78.999635999999995
2022-08-22 04:00:00+00:00,77.890000000000001,77.890000000000001,76.019999999999996,76.340000000000003,326119,6374,76.455411999999995
2022-08-23 04:00:00+00:00,76.090000000000003,78.090000000000003,76.090000000000003,76.709999999999994,238478,5099,77.077776
2022-08-24 04:00:00+00:00,76.370000000000005,76.968999999999994,76.030000000000001,76.239999999999995,294616,6208,76.456889000000004
2022-08-25 04:00:00+00:00,76.5,78.254999999999995,76.5,78.159999999999997,243907,5317,77.848780000000005
2022-08-26 04:00:00+00:00,78.010000000000005,78.170000000000002,73.859999999999999,73.909999999999997,510485,9697,74.620682000000002
2022-08-29 04:00:00+00:00,73.629999999999995,75.180000000000007,72.829999999999998,74.650000000000006,432429,7761,74.478510999999997
2022-08-30 04:00:00+00:00,75.049999999999997,75.049999999999997,73.370000000000005,73.569999999999993,387689,5673,73.738321999999997
2022-08-31 04:00:00+00:00,74.290000000000006,74.329999999999998,73.280000000000001,73.319999999999993,488010,8166,73.588987000000003
2022-09-01 04:00:00+00:00,73.140000000000001,73.719999999999999,71.489999999999995,73.340000000000003,460220,8614,72.990841000000003
2022-09-02 04:00:00+00:00,74.269999999999996,75.25,72.349999999999994,72.400000000000006,460684,9414,73.181865000000002
2022-09-06 04:00:00+00:00,73.260000000000005,73.260000000000005,71.314300000000003,72.260000000000005,534183,10448,72.169219999999996
2022-09-07 04:00:00+00:00,72.069999999999993,72.879999999999995,71.5,72.25,444232,9497,72.321089999999998
2022-09-08 04:00:00+00:00,71.670000000000002,72.390000000000001,70.200000000000003,72.390000000000001,406925,7933,71.887691000000004
2022-09-09 04:00:00+00:00,72.980000000000004,74.489999999999995,72.980000000000004,74.459999999999994,490782,9143,74.106722000000005
2022-09-12 04:00:00+00:00,75.409999999999997,76.689999999999998,75.319999999999993,75.969999999999999,411453,9199,76.014259999999993
2022-09-13 04:00:00+00:00,74.049999999999997,74.75,72.730000000000004,72.920000000000002,312886,6259,73.179463999999996
2022-09-14 04:00:00+00:00,72.730000000000004,73.040000000000006,71.239999999999995,71.980000000000004,491102,8180,72.073907000000005
2022-09-15 04:00:00+00:00,71.959999999999994,73.730000000000004,71.75,72.469999999999999,516288,9590,72.620473000000004
2022-09-16 04:00:00+00:00,71.439999999999998,71.439999999999998,69.310000000000002,69.989999999999995,1684402,11088,70.143179000000003
2022-09-19 04:00:00+00:00,69.519999999999996,71.969999999999999,69.519999999999996,71.560000000000002,451039,8580,71.366038000000003
2022-09-20 04:00:00+00:00,70.659999999999997,70.939999999999998,68.829999999999998,69.400000000000006,334983,7436,69.503833999999998
2022-09-21 04:00:00+00:00,69.569999999999993,70.980000000000004,68.819999999999993,68.829999999999998,339982,7059,69.735740000000007
2022-09-22 04:00:00+00:00,68.5,68.5,67.459999999999994,67.459999999999994,365337,7651,67.772758999999994
2022-09-23 04:00:00+00:00,66.189999999999998,66.658000000000001,64.640000000000001,65.340000000000003,660919,10933,65.333490999999995
2022-09-26 04:00:00+00:00,65.329999999999998,66.640000000000001,65.015000000000001,65.719999999999999,417886,8512,65.837575000000001
2022-09-27 04:00:00+00:00,66.599999999999994,67.030000000000001,64.189999999999998,65.099999999999994,442654,7477,65.225595999999996
2022-09-28 04:00:00+00:00,65.189999999999998,66.590000000000003,65.019999999999996,65.969999999999999,849417,14158,66.014571000000004
2022-09-29 04:00:00+00:00,65.290000000000006,65.400000000000006,64,64.590000000000003,853576,13745,64.577174999999997
2022-09-30 04:00:00+00:00,64.709999999999994,66.200000000000003,64.419899999999998,64.689999999999998,950710,12887,65.132203000000004
2022-10-03 04:00:00+00:00,65.870000000000005,68.349999999999994,65.140000000000001,67.599999999999994,1030497,13238,67.534045000000006
2022-10-04 04:00:00+00:00,68.840000000000003,70.674999999999997,68.840000000000003,70.090000000000003,805524,11889,70.077943000000005
2022-10-05 04:00:00+00:00,68.870000000000005,69.840000000000003,68.280000000000001,69.540000000000006,538592,9618,69.380753999999996
2022-10-06 04:00:00+00:00,68.870000000000005,69.534999999999997,68.012799999999999,68.890000000000001,366229,6561,68.805687000000006
2022-10-07 04:00:00+00:00,68.019999999999996,68.019999999999996,66.564999999999998,67,404461,8108,66.999764999999996
2022-10-10 04:00:00+00:00,67.140000000000001,67.739999999999995,66.372500000000002,67.469999999999999,383291,8019,67.404376999999997
2022-10-11 04:00:00+00:00,67.349999999999994,68.310000000000002,66.829999999999998,67.400000000000006,419720,6676,67.453062000000003
2022-10-12 04:00:00+00:00,67.349999999999994,68.909999999999997,67.019999999999996,67.819999999999993,443972,8034,68.074628000000004
2022-10-13 04:00:00+00:00,66.680000000000007,72.109999999999999,65.390000000000001,71.459999999999994,603483,10993,69.904663999999997
2022-10-14 04:00:00+00:00,71.939999999999998,72.180000000000007,70.525000000000006,71.090000000000003,520022,10936,71.127151999999995
2022-10-17 04:00:00+00:00,72.670000000000002,73.510000000000005,71.419899999999998,72.870000000000005,585768,11046,72.887418999999994
2022-10-18 04:00:00+00:00,74.409999999999997,75.430000000000007,73.430000000000007,74.299999999999997,497279,10793,74.261454000000001
2022-10-19 04:00:00+00:00,73.310000000000002,73.939999999999998,71.519999999999996,72.269999999999996,483152,10609,72.400236000000007
2022-10-20 04:00:00+00:00,75.75,76.909999999999997,74.159999999999997,75.939999999999998,596970,13251,75.734018000000006
2022-10-21 04:00:00+00:00,74.209999999999994,76.450000000000003,72.609999999999999,76.040000000000006,980724,13982,74.835358999999997
2022-10-24 04:00:00+00:00,75.859999999999999,77,74.480000000000004,74.909999999999997,588766,11681,75.055081000000001
2022-10-25 04:00:00+00:00,74.459999999999994,76.638999999999996,74.349999999999994,76.540000000000006,312122,8017,76.150633999999997
2022-10-26 04:00:00+00:00,76.569999999999993,77.219999999999999,75.280000000000001,75.870000000000005,429967,8841,76.145161999999999
2022-10-27 04:00:00+00:00,76.540000000000006,77.609999999999999,75.799999999999997,76.010000000000005,323870,7737,76.231718999999998
2022-10-28 04:00:00+00:00,76.579999999999998,79.129999999999995,76.450000000000003,78.599999999999994,392554,7695,78.346531999999996
2022-10-31 04:00:00+00:00,77.700000000000003,79.420000000000002,77.230000000000004,78.340000000000003,551033,8266,78.432244999999995
2022-11-01 04:00:00+00:00,79.030000000000001,80.870000000000005,78.584999999999994,80.319999999999993,820389,11461,80.217958999999993
2022-11-02 04:00:00+00:00,79.689999999999998,80.670000000000002,77.980000000000004,78.299999999999997,397726,8928,78.911210999999994
2022-11-03 04:00:00+00:00,77.349999999999994,78.840000000000003,76.390000000000001,77.469999999999999,331382,7096,77.727216999999996
2022-11-04 04:00:00+00:00,78.519999999999996,79.540000000000006,77.549999999999997,78.650000000000006,203321,5377,78.570218999999994
2022-11-07 05:00:00+00:00,78.819999999999993,79.319999999999993,78.049999999999997,78.980000000000004,200346,5562,78.908226999999997
2022-11-08 05:00:00+00:00,79.439999999999998,80.650000000000006,78.230000000000004,79.239999999999995,223960,7575,79.465941000000001
2022-11-09 05:00:00+00:00,78.230000000000004,78.969999999999999,77.900000000000006,78.390000000000001,186369,5345,78.349402999999995
2022-11-10 05:00:00+00:00,80.870000000000005,83.319999999999993,80.480000000000004,83.319999999999993,318316,8767,82.717370000000003
2022-11-11 05:00:00+00:00,83.939999999999998,85.219999999999999,83.079999999999998,84.980000000000004,309795,9002,84.743600999999998
2022-11-14 05:00:00+00:00,84.049999999999997,85.060000000000002,83.569999999999993,83.700000000000003,221731,7877,84.101612000000003
2022-11-15 05:00:00+00:00,84.870000000000005,85.909999999999997,83.665000000000006,84.340000000000003,171226,6183,84.583804000000001
2022-11-16 05:00:00+00:00,83.689999999999998,84.709999999999994,83.689999999999998,84.329999999999998,422927,8766,84.253034999999997
2022-11-17 05:00:00+00:00,82.950000000000003,83.670000000000002,81.775000000000006,83.609999999999999,387668,8587,83.099808999999993
2022-11-18 05:00:00+00:00,84.959999999999994,85.629999999999995,84.030000000000001,85.620000000000005,301137,7597,85.045901000000001
2022-11-21 05:00:00+00:00,85.400000000000006,87.159999999999997,85.200000000000003,86.969999999999999,430771,12734,86.723867999999996
2022-11-22 05:00:00+00:00,87.359999999999999,88.875,87.170000000000002,88.799999999999997,405409,11388,88.132155999999995
2022-11-23 05:00:00+00:00,88.090000000000003,89.209999999999994,87.629999999999995,88.219999999999999,313502,8201,88.317620000000005
2022-11-25 05:00:00+00:00,88.409999999999997,88.939999999999998,88.019999999999996,88.269999999999996,107311,3502,88.389939999999996
2022-11-28 05:00:00+00:00,87.719999999999999,88.189999999999998,86.510000000000005,86.680000000000007,248939,9083,87.022065999999995
2022-11-29 05:00:00+00:00,86.569999999999993,87.700000000000003,86.569999999999993,87.409999999999997,558618,6913,87.271494000000004
2022-11-30 05:00:00+00:00,85.930000000000007,87.549999999999997,84.200000000000003,87.519999999999996,379704,8539,86.862111999999996
2022-12-01 05:00:00+00:00,88.299999999999997,89.5,87.620000000000005,88,332405,10161,88.170170999999996
2022-12-02 05:00:00+00:00,87.260000000000005,88.189999999999998,86.439999999999998,87.950000000000003,568801,10520,87.748543999999995
2022-12-05 05:00:00+00:00,87.209999999999994,87.859999999999999,86.329999999999998,87.519999999999996,384804,11202,87.347082
2022-12-06 05:00:00+00:00,87.450000000000003,87.769999999999996,85.859999999999999,86.859999999999999,331256,9430,86.735831000000005
2022-12-07 05:00:00+00:00,86.599999999999994,87.5,86.260000000000005,86.609999999999999,383443,6641,86.597623999999996
2022-12-08 05:00:00+00:00,87,87.450000000000003,86.129999999999995,86.489999999999995,236522,6691,86.577994000000004
2022-12-09 05:00:00+00:00,85.870000000000005,86.469999999999999,85.370000000000005,85.390000000000001,109117,5855,85.723855999999998
2022-12-12 05:00:00+00:00,85.370000000000005,86.290000000000006,84.609999999999999,86.150000000000006,223275,6819,85.807777999999999
2022-12-13 05:00:00+00:00,88.609999999999999,88.719999999999999,86.260000000000005,86.969999999999999,303036,8370,87.028606999999994
2022-12-14 05:00:00+00:00,86.829999999999998,88.290000000000006,85.605000000000004,86.689999999999998,380296,9739,86.754058999999998
2022-12-15 05:00:00+00:00,85.609999999999999,85.819999999999993,83.390000000000001,83.75,403807,11668,84.073087000000001
2022-12-16 05:00:00+00:00,82.890000000000001,83.540000000000006,82.5,83.200000000000003,790863,12116,83.123733000000001
2022-12-19 05:00:00+00:00,83.760000000000005,84.319999999999993,80.599999999999994,81.340000000000003,458199,12461,81.504772000000003
2022-12-20 05:00:00+00:00,81.319999999999993,82.004999999999995,80.405000000000001,81.890000000000001,459074,7677,81.533537999999993
2022-12-21 05:00:00+00:00,82.870000000000005,83.510000000000005,82.760000000000005,82.930000000000007,285126,7781,83.027906000000002
2022-12-22 05:00:00+00:00,82.019999999999996,82.480000000000004,81.239999999999995,82.230000000000004,263314,6217,82.003450000000001
2022-12-23 05:00:00+00:00,82.040000000000006,83.969999999999999,81.829999999999998,83.780000000000001,146362,4384,83.317903999999999
2022-12-27 05:00:00+00:00,83.719999999999999,84.489999999999995,83.299999999999997,83.650000000000006,133252,5006,83.831132999999994
2022-12-28 05:00:00+00:00,83.689999999999998,84.040000000000006,81.739999999999995,81.739999999999995,183703,5451,82.309109000000007
2022-12-29 05:00:00+00:00,82.310000000000002,83.969999999999999,82.310000000000002,83.469999999999999,114224,4507,83.481368000000003
2022-12-30 05:00:00+00:00,82.560000000000002,83.329999999999998,82.129999999999995,83.209999999999994,258498,5243,83.085819000000001
2023-01-03 05:00:00+00:00,84.299999999999997,84.650000000000006,83.280000000000001,84.239999999999995,335792,6852,84.098967999999999
2023-01-04 05:00:00+00:00,85.189999999999998,85.760000000000005,84.650000000000006,85.480000000000004,187070,4147,85.365620000000007
2023-01-05 05:00:00+00:00,84.859999999999999,86.680000000000007,83.769999999999996,86.549999999999997,332325,8248,85.896626999999995
2023-01-06 05:00:00+00:00,87.689999999999998,90.109999999999999,86.969999999999999,89.25,285650,7684,89.266700999999998
2023-01-09 05:00:00+00:00,89.420000000000002,89.900000000000006,87.219999999999999,87.260000000000005,420584,6843,88.033681999999999
2023-01-10 05:00:00+00:00,86.640000000000001,87.480000000000004,85.370000000000005,86.319999999999993,410069,8656,86.198908000000003
2023-01-11 05:00:00+00:00,86.829999999999998,87.689999999999998,86.349999999999994,86.349999999999994,176017,5887,86.703907000000001
2023-01-12 05:00:00+00:00,86.469999999999999,87.439999999999998,85.930000000000007,86.909999999999997,224700,6662,86.821410999999998
2023-01-13 05:00:00+00:00,86.290000000000006,87.890000000000001,85.780000000000001,87.480000000000004,209281,5164,87.39134
2023-01-17 05:00:00+00:00,87,87.819999999999993,86.060000000000002,86.099999999999994,264707,6305,86.747822999999997
2023-01-18 05:00:00+00:00,86.459999999999994,87.579999999999998,86.010000000000005,86.379999999999995,379406,7537,86.514529999999993
2023-01-19 05:00:00+00:00,85.930000000000007,87.180000000000007,85.480000000000004,86.700000000000003,257611,6048,86.589697999999999
2023-01-20 05:00:00+00:00,87.209999999999994,88.819999999999993,86.590000000000003,88.719999999999999,313623,6656,88.35181
2023-01-23 05:00:00+00:00,88.670000000000002,89.840000000000003,88.170000000000002,88.439999999999998,262653,7126,88.792817999999997
2023-01-24 05:00:00+00:00,87.989999999999995,88.829999999999998,87.75,88.530000000000001,211816,6538,88.510373000000001
2023-01-25 05:00:00+00:00,87.75,88.840000000000003,87.290000000000006,88.609999999999999,210695,4251,88.266589999999994
2023-01-26 05:00:00+00:00,87.290000000000006,88.299999999999997,87,88.260000000000005,199055,4952,87.907212000000001
2023-01-27 05:00:00+00:00,86.799999999999997,88.400000000000006,86.230000000000004,87.200000000000003,369594,7905,87.198469000000003
2023-01-30 05:00:00+00:00,86.519999999999996,87.5,86.519999999999996,86.900000000000006,371896,7610,86.950674000000006
2023-01-31 05:00:00+00:00,88.340000000000003,89.25,84.980000000000004,87.159999999999997,486203,10083,86.876536999999999
2023-02-01 05:00:00+00:00,87.569999999999993,89.650000000000006,86.030000000000001,88.980000000000004,402077,10091,88.073226000000005
2023-02-02 05:00:00+00:00,89.349999999999994,91.180000000000007,89.334999999999994,90.969999999999999,347621,7761,90.737533999999997
2023-02-03 05:00:00+00:00,90.599999999999994,91.933000000000007,90.135000000000005,90.819999999999993,350437,6735,91.085626000000005
2023-02-06 05:00:00+00:00,89.950000000000003,90.359999999999999,88.337000000000003,89.799999999999997,344732,6020,89.281524000000005
2023-02-07 05:00:00+00:00,89.030000000000001,91.549999999999997,89.030000000000001,91.5,398690,8088,90.886798999999996
2023-02-08 05:00:00+00:00,90.989999999999995,92.430000000000007,89.439999999999998,89.629999999999995,291426,7587,90.526525000000007
2023-02-09 05:00:00+00:00,90.219999999999999,90.991900000000001,88.590000000000003,88.799999999999997,491956,7677,89.14546
2023-02-10 05:00:00+00:00,88.840000000000003,89.280000000000001,88.310000000000002,88.659999999999997,288365,5874,88.776593000000005
2023-02-13 05:00:00+00:00,88.609999999999999,89.435000000000002,88.329999999999998,89.150000000000006,246719,5264,89.076756000000003
2023-02-14 05:00:00+00:00,88.75,89.099999999999994,87.760000000000005,88.129999999999995,239757,5297,88.192237000000006
2023-02-15 05:00:00+00:00,87.5,88.489999999999995,87.25,88.450000000000003,218526,5095,88.208596999999997
2023-02-16 05:00:00+00:00,86.480000000000004,87.862499999999997,85.760000000000005,87.5,370052,5764,87.194304000000002
2023-02-17 05:00:00+00:00,87.430000000000007,88.469999999999999,87.114999999999995,88.200000000000003,159990,4811,87.962755000000001
2023-02-21 05:00:00+00:00,87.349999999999994,87.534999999999997,85.870000000000005,85.989999999999995,149605,3750,86.426693999999998
2023-02-22 05:00:00+00:00,85.849999999999994,86.525000000000006,85.465000000000003,85.780000000000001,211661,5879,85.917531999999994
2023-02-23 05:00:00+00:00,86.480000000000004,87.040000000000006,84.629999999999995,85.310000000000002,287823,6790,85.555042999999998
2023-02-24 05:00:00+00:00,84.359999999999999,84.359999999999999,82.995000000000005,84.159999999999997,217506,5860,83.846114999999998
2023-02-27 05:00:00+00:00,85.379999999999995,85.545000000000002,84.489999999999995,84.650000000000006,247964,6189,84.888951000000006
2023-02-28 05:00:00+00:00,84.299999999999997,85.609999999999999,84.150000000000006,84.879999999999995,381460,6764,85.045482000000007
2023-03-01 05:00:00+00:00,84.769999999999996,86.280000000000001,84.650000000000006,85.349999999999994,259995,7119,85.343384
2023-03-02 05:00:00+00:00,84.879999999999995,85.099999999999994,84.090000000000003,84.549999999999997,205936,4704,84.559042000000005
2023-03-03 05:00:00+00:00,85,85.969999999999999,84.379999999999995,85.629999999999995,247054,6305,85.572772999999998
2023-03-06 05:00:00+00:00,85.900000000000006,86.450000000000003,84.299999999999997,84.599999999999994,379098,7422,84.861118000000005
2023-03-07 05:00:00+00:00,84.599999999999994,85.290000000000006,83.980000000000004,84.299999999999997,306110,6354,84.404959000000005
2023-03-08 05:00:00+00:00,84.430000000000007,85.150000000000006,83.640000000000001,83.969999999999999,193500,4916,84.082998000000003
2023-03-09 05:00:00+00:00,84.230000000000004,84.689999999999998,82.489999999999995,82.519999999999996,327688,7096,83.315813000000006
2023-03-10 05:00:00+00:00,82.390000000000001,82.579999999999998,80.265000000000001,80.890000000000001,359129,8051,81.306279000000004
2023-03-13 04:00:00+00:00,79.75,80.159999999999997,78.400000000000006,79,375062,9210,79.201498999999998
2023-03-14 04:00:00+00:00,81.019999999999996,82.569999999999993,80.400000000000006,81.040000000000006,591826,11009,81.325156000000007
2023-03-15 04:00:00+00:00,79.280000000000001,79.730000000000004,77.859999999999999,78.75,376688,9465,78.820494999999994
2023-03-16 04:00:00+00:00,77.900000000000006,80.920000000000002,77.599999999999994,80.069999999999993,359319,9296,79.899180999999999
2023-03-17 04:00:00+00:00,79.959999999999994,79.959999999999994,78.140000000000001,78.75,735927,11729,78.761763999999999
2023-03-20 04:00:00+00:00,79.549999999999997,80.819999999999993,78.859999999999999,79.810000000000002,400247,7706,79.985892000000007
2023-03-21 04:00:00+00:00,81.180000000000007,81.519999999999996,80.299999999999997,81.049999999999997,265701,6651,80.918054999999995
2023-03-22 04:00:00+00:00,81.230000000000004,81.230000000000004,77.349999999999994,77.409999999999997,347685,7948,78.648426000000001
2023-03-23 04:00:00+00:00,77.519999999999996,79.730000000000004,77.390000000000001,77.920000000000002,399340,9348,78.367850000000004
2023-03-24 04:00:00+00:00,77.079999999999998,78.420000000000002,76.620000000000005,78.040000000000006,287695,5871,77.822963999999999
2023-03-27 04:00:00+00:00,79.120000000000005,79.430000000000007,78.349999999999994,78.900000000000006,189968,5213,78.927001000000004
2023-03-28 04:00:00+00:00,78.560000000000002,79.719899999999996,78.159999999999997,79.359999999999999,160789,4231,79.1661
2023-03-29 04:00:00+00:00,80.200000000000003,81.430000000000007,80.200000000000003,81.209999999999994,313677,7617,80.990682000000007
2023-03-30 04:00:00+00:00,82.140000000000001,82.430000000000007,81,81.209999999999994,193230,4337,81.311852999999999
2023-03-31 04:00:00+00:00,81.829999999999998,82.540000000000006,81.525000000000006,82.530000000000001,242466,5294,82.268748000000002
2023-04-03 04:00:00+00:00,82.439999999999998,82.629999999999995,81.349999999999994,81.650000000000006,298022,6548,81.745440000000002
2023-04-04 04:00:00+00:00,81.920000000000002,81.920000000000002,79.790000000000006,80.209999999999994,289932,5955,80.393210999999994
2023-04-05 04:00:00+00:00,79.75,79.905000000000001,78.439999999999998,78.959999999999994,440390,8123,78.877941000000007
2023-04-06 04:00:00+00:00,79.069999999999993,79.069999999999993,77.950800000000001,78.049999999999997,383119,9350,78.215350999999998
2023-04-10 04:00:00+00:00,77.549999999999997,78.689999999999998,77.549999999999997,78.620000000000005,302404,7479,78.361855000000006
2023-04-11 04:00:00+00:00,78.810000000000002,79.5,78.635000000000005,78.890000000000001,197005,4490,78.946986999999993
2023-04-12 04:00:00+00:00,79.390000000000001,79.564999999999998,78.099999999999994,78.239999999999995,236515,7295,78.352018999999999
2023-04-13 04:00:00+00:00,78.459999999999994,80.459999999999994,77.659999999999997,80.340000000000003,287064,5517,79.589222000000007
2023-04-14 04:00:00+00:00,80.340000000000003,80.989999999999995,79.200000000000003,80.010000000000005,226100,5367,79.997236000000001
2023-04-17 04:00:00+00:00,80.299999999999997,80.620000000000005,79.469999999999999,80.569999999999993,210074,5515,80.182968000000002
2023-04-18 04:00:00+00:00,80.950000000000003,81.409999999999997,79.364999999999995,79.540000000000006,270728,7078,79.787139999999994
2023-04-19 04:00:00+00:00,78.950000000000003,79.989999999999995,78.930000000000007,79.5,316121,7644,79.420271999999997
2023-04-20 04:00:00+00:00,73.010000000000005,76.140000000000001,72.359999999999999,73.810000000000002,895370,15894,74.034325999999993
2023-04-21 04:00:00+00:00,73.849999999999994,74.640000000000001,72.930000000000007,74.590000000000003,373594,7894,74.144150999999994
2023-04-24 04:00:00+00:00,74.569999999999993,74.799999999999997,74.040000000000006,74.489999999999995,258130,5898,74.366697000000002
2023-04-25 04:00:00+00:00,73.620000000000005,75.200000000000003,73.430000000000007,74.900000000000006,585434,10271,74.581243999999998
2023-04-26 04:00:00+00:00,74.489999999999995,75.379999999999995,73.799999999999997,74.790000000000006,471837,9181,74.782110000000003
2023-04-27 04:00:00+00:00,74.719999999999999,75.609999999999999,74.180000000000007,74.329999999999998,456097,8424,74.695498999999998
2023-04-28 04:00:00+00:00,74.370000000000005,76.010000000000005,74.370000000000005,75.709999999999994,403310,7657,75.564955999999995
2023-05-01 04:00:00+00:00,75.5,76.439999999999998,75.370000000000005,75.780000000000001,231070,4979,75.875253999999998
2023-05-02 04:00:00+00:00,75.340000000000003,75.680000000000007,74.049999999999997,74.75,296759,7601,74.865303999999995
2023-05-03 04:00:00+00:00,74.930000000000007,76.135000000000005,72.769999999999996,73.049999999999997,646518,10726,73.766596000000007
2023-05-04 04:00:00+00:00,72.450000000000003,72.474999999999994,69.590000000000003,69.599999999999994,1160507,16755,70.519400000000005
2023-05-05 04:00:00+00:00,70.590000000000003,70.909999999999997,70.069999999999993,70.379999999999995,787207,11689,70.344095999999993
2023-05-08 04:00:00+00:00,71.010000000000005,71.620000000000005,70.019999999999996,70.640000000000001,687807,11515,70.692775999999995
2023-05-09 04:00:00+00:00,70.239999999999995,70.590000000000003,69.469999999999999,70.370000000000005,649167,11008,70.214800999999994
2023-05-10 04:00:00+00:00,71.420000000000002,72.019999999999996,70.549999999999997,71.599999999999994,527087,9184,71.397875999999997
2023-05-11 04:00:00+00:00,70.629999999999995,71.530000000000001,70.209999999999994,70.930000000000007,277503,5501,70.796047999999999
2023-05-12 04:00:00+00:00,71.189999999999998,71.499899999999997,70.739999999999995,71,227659,5638,71.060201000000006
2023-05-15 04:00:00+00:00,71.25,71.870000000000005,70.879999999999995,71.390000000000001,289267,5863,71.530512999999999
2023-05-16 04:00:00+00:00,71.310000000000002,71.359999999999999,70.379999999999995,70.609999999999999,236155,6273,70.898503000000005
2023-05-17 04:00:00+00:00,71.019999999999996,73,70.549999999999997,72.730000000000004,332703,7394,72.392893000000001
2023-05-18 04:00:00+00:00,72.290000000000006,74.010000000000005,72.155000000000001,73.819999999999993,361007,7938,73.420413999999994
2023-05-19 04:00:00+00:00,74.510000000000005,74.510000000000005,72.674999999999997,72.930000000000007,263306,6628,73.024111000000005
2023-05-22 04:00:00+00:00,73.019999999999996,74.390000000000001,72.510000000000005,74.060000000000002,224659,6314,73.823903000000001
2023-05-23 04:00:00+00:00,73.900000000000006,75.060000000000002,73.5,74.689999999999998,316594,6693,74.667518999999999
2023-05-24 04:00:00+00:00,74.540000000000006,74.540000000000006,73.099999999999994,73.780000000000001,247879,5684,73.673040999999998
2023-05-25 04:00:00+00:00,73.260000000000005,73.469999999999999,71.780000000000001,71.969999999999999,300845,6845,72.260158000000004
2023-05-26 04:00:00+00:00,72.230000000000004,73.555000000000007,72.180000000000007,72.349999999999994,391314,6409,72.520038
2023-05-30 04:00:00+00:00,72.549999999999997,72.620000000000005,71.349999999999994,72.019999999999996,462354,7357,71.946295000000006
2023-05-31 04:00:00+00:00,69.629999999999995,70.75,68.864999999999995,70.170000000000002,369631,7012,70.118071999999998
2023-06-01 04:00:00+00:00,70,72.359999999999999,70,72.069999999999993,349624,7805,71.822727999999998
2023-06-02 04:00:00+00:00,72.969999999999999,75.209999999999994,72.900999999999996,74.900000000000006,312400,7324,74.563989000000007
2023-06-05 04:00:00+00:00,74.170000000000002,74.329999999999998,72.640000000000001,73.25,178986,5870,73.266662999999994
2023-06-06 04:00:00+00:00,73.290000000000006,75.790000000000006,73.290000000000006,75.430000000000007,241326,6501,75.352726000000004
2023-06-07 04:00:00+00:00,75.680000000000007,77.260000000000005,75.459999999999994,77.180000000000007,339776,8379,76.705062999999996
2023-06-08 04:00:00+00:00,76.849999999999994,77.319999999999993,75.870000000000005,76.620000000000005,198773,4986,76.633298999999994
2023-06-09 04:00:00+00:00,76.569999999999993,76.849999999999994,75.659999999999997,76.469999999999999,269418,6254,76.369519999999994
2023-06-12 04:00:00+00:00,76.439999999999998,77.189999999999998,76.245000000000005,76.590000000000003,259883,5841,76.580781000000002
2023-06-13 04:00:00+00:00,76.989999999999995,77.540000000000006,76.599999999999994,77.150000000000006,240333,6145,77.136528999999996
2023-06-14 04:00:00+00:00,76.349999999999994,77.769999999999996,74.599999999999994,75.260000000000005,532695,10703,75.638750999999999
2023-06-15 04:00:00+00:00,75.010000000000005,76.409999999999997,74.890000000000001,76.340000000000003,326703,6909,76.019110999999995
2023-06-16 04:00:00+00:00,76.810000000000002,76.890000000000001,75.819999999999993,76.560000000000002,495998,5589,76.528136000000003
2023-06-20 04:00:00+00:00,77.379999999999995,77.379999999999995,75.579999999999998,76.920000000000002,365446,8087,76.685847999999993
2023-06-21 04:00:00+00:00,76.700000000000003,78.430000000000007,76.394999999999996,77.709999999999994,489290,10243,77.790942000000001
2023-06-22 04:00:00+00:00,77.519999999999996,78.640000000000001,77.049999999999997,78.269999999999996,400009,8633,78.059522999999999
2023-06-23 04:00:00+00:00,77.609999999999999,78.480000000000004,76.349999999999994,76.590000000000003,732921,9866,76.961988000000005
2023-06-26 04:00:00+00:00,76.450000000000003,78.314999999999998,76.450000000000003,78.269999999999996,259279,7855,77.898133999999999
2023-06-27 04:00:00+00:00,78.349999999999994,79.840000000000003,77.829999999999998,79.420000000000002,501149,7929,79.228663999999995
2023-06-28 04:00:00+00:00,79.049999999999997,79.540000000000006,78.390000000000001,79.209999999999994,324958,6839,79.173889000000003
2023-06-29 04:00:00+00:00,79.280000000000001,80.739999999999995,78.819999999999993,79.829999999999998,199757,5435,79.814362000000003
2023-06-30 04:00:00+00:00,80.319999999999993,80.640000000000001,79.379999999999995,79.400000000000006,428551,7831,79.748953
2023-07-03 04:00:00+00:00,79.079999999999998,80.590000000000003,79.079999999999998,79.730000000000004,219189,4884,80.031603000000004
2023-07-05 04:00:00+00:00,79.709999999999994,80.189999999999998,78.390000000000001,79.420000000000002,449507,9866,79.585466999999994
2023-07-06 04:00:00+00:00,78.450000000000003,78.870000000000005,77.625,78.280000000000001,373994,6670,78.243323000000004
2023-07-07 04:00:00+00:00,78.620000000000005,80.329999999999998,78.620000000000005,79.359999999999999,452783,8250,79.462942999999996
2023-07-10 04:00:00+00:00,79.049999999999997,80.605000000000004,79.049999999999997,79.629999999999995,304600,7017,79.780692000000002
2023-07-11 04:00:00+00:00,80.129999999999995,81.510000000000005,79.590000000000003,81.450000000000003,365638,9864,80.981221000000005
2023-07-12 04:00:00+00:00,82.680000000000007,83.340000000000003,82.420000000000002,82.890000000000001,365375,9062,82.918532999999996
2023-07-13 04:00:00+00:00,83.230000000000004,83.909999999999997,81.890000000000001,83.680000000000007,331185,7813,83.469285999999997
2023-07-14 04:00:00+00:00,83.340000000000003,84.230000000000004,82.650000000000006,84.049999999999997,334911,7324,83.788855999999996
2023-07-17 04:00:00+00:00,83.730000000000004,85.620000000000005,83.730000000000004,85.280000000000001,288455,8810,85.101799
2023-07-18 04:00:00+00:00,85.349999999999994,87.469999999999999,85.299999999999997,87.269999999999996,320217,8440,86.964635999999999
2023-07-19 04:00:00+00:00,87.370000000000005,88.909999999999997,87.189999999999998,88.849999999999994,553824,13145,88.392784000000006
2023-07-20 04:00:00+00:00,85.700000000000003,86.030000000000001,81.290000000000006,82.349999999999994,1472434,24422,83.113303999999999
2023-07-21 04:00:00+00:00,82.420000000000002,82.515000000000001,77.629999999999995,77.890000000000001,962012,19028,78.702226999999993
2023-07-24 04:00:00+00:00,77.290000000000006,80.269999999999996,77.290000000000006,80.219999999999999,535328,11576,79.718436999999994
2023-07-25 04:00:00+00:00,79.840000000000003,82,79.450000000000003,81.019999999999996,428728,11615,81.144277000000002
2023-07-26 04:00:00+00:00,79.939999999999998,82.379999999999995,79.430300000000003,81.189999999999998,514167,12627,81.416522999999998
2023-07-27 04:00:00+00:00,81.790000000000006,81.790000000000006,79.209999999999994,79.489999999999995,378551,9890,79.977810000000005
2023-07-28 04:00:00+00:00,80.370000000000005,81.090000000000003,79.450000000000003,79.680000000000007,201885,5728,79.811464999999998
2023-07-31 04:00:00+00:00,79.680000000000007,80.150000000000006,78.480000000000004,78.879999999999995,245025,6870,78.968596000000005
2023-08-01 04:00:00+00:00,78.620000000000005,79.094999999999999,76.879999999999995,78.439999999999998,361878,9636,77.993806000000006
2023-08-02 04:00:00+00:00,77.609999999999999,77.909999999999997,76.900000000000006,77.519999999999996,260855,6333,77.491954000000007
2023-08-03 04:00:00+00:00,77.400000000000006,78.855000000000004,76.849999999999994,78.75,572926,9685,78.040751999999998
2023-08-04 04:00:00+00:00,78.739999999999995,79.090000000000003,76.939999999999998,77.090000000000003,276191,7778,77.549070999999998
2023-08-07 04:00:00+00:00,78.879999999999995,80.319999999999993,78.180000000000007,79.060000000000002,334834,8466,79.252757000000003
2023-08-08 04:00:00+00:00,78,78,76.879999999999995,77.900000000000006,330862,8646,77.711406999999994
2023-08-09 04:00:00+00:00,77.730000000000004,78.075000000000003,76.959999999999994,77.269999999999996,198299,5109,77.382018000000002
2023-08-10 04:00:00+00:00,77.510000000000005,78.265000000000001,76.420000000000002,76.909999999999997,254638,6391,76.980538999999993
2023-08-11 04:00:00+00:00,76.599999999999994,76.799999999999997,75.959999999999994,76.530000000000001,291103,7344,76.429456000000002
2023-08-14 04:00:00+00:00,76.209999999999994,76.669899999999998,76,76.549999999999997,211336,6434,76.415068000000005
2023-08-15 04:00:00+00:00,75.859999999999999,76.680000000000007,75.620000000000005,76.420000000000002,261057,7024,76.214747000000003
2023-08-16 04:00:00+00:00,76.299999999999997,78.260000000000005,76.299999999999997,77.069999999999993,254677,7285,77.407607999999996
2023-08-17 04:00:00+00:00,77.219999999999999,77.980000000000004,77.140000000000001,77.319999999999993,275759,6942,77.498429999999999
2023-08-18 04:00:00+00:00,77.109999999999999,78.069999999999993,76.700000000000003,77.129999999999995,366450,6459,77.396525999999994
2023-08-21 04:00:00+00:00,77,77.489999999999995,76.75,76.900000000000006,291861,6627,76.977131999999997
2023-08-22 04:00:00+00:00,77.400000000000006,78.390000000000001,76.689999999999998,76.689999999999998,303626,6974,76.997805999999997
2023-08-23 04:00:00+00:00,76.980000000000004,77.219999999999999,76.299999999999997,77.109999999999999,543134,9396,76.964433
2023-08-24 04:00:00+00:00,77.069999999999993,78.010000000000005,77.069999999999993,77.530000000000001,287076,6576,77.584710000000001
2023-08-25 04:00:00+00:00,77.840000000000003,78.620000000000005,77.234999999999999,77.930000000000007,270076,7472,77.934693999999993
2023-08-28 04:00:00+00:00,78,78.739999999999995,77.510000000000005,78.049999999999997,244682,6932,78.144377000000006
2023-08-29 04:00:00+00:00,78.390000000000001,78.907499999999999,78.120000000000005,78.609999999999999,179202,5637,78.637943000000007
2023-08-30 04:00:00+00:00,78.349999999999994,80.569999999999993,78.349999999999994,79.920000000000002,302165,7466,80.000829999999993
2023-08-31 04:00:00+00:00,79.780000000000001,79.924999999999997,78.719999999999999,78.870000000000005,205607,5719,79.019399000000007
2023-09-01 04:00:00+00:00,79.659999999999997,80.140000000000001,79.209999999999994,79.379999999999995,210802,5775,79.453286000000006
2023-09-05 04:00:00+00:00,78.620000000000005,79.045000000000002,77.150000000000006,77.400000000000006,365371,8525,77.676423999999997
2023-09-06 04:00:00+00:00,77.400000000000006,77.400000000000006,75.120000000000005,75.450000000000003,331050,7950,75.684562
2023-09-07 04:00:00+00:00,74.959999999999994,75.510000000000005,73.650000000000006,74.099999999999994,620390,10392,74.161544000000006
2023-09-08 04:00:00+00:00,74.299999999999997,74.659999999999997,73.739999999999995,73.870000000000005,315129,8906,73.943487000000005
2023-09-11 04:00:00+00:00,74,74,72.829999999999998,73.709999999999994,326832,8314,73.567177999999998
2023-09-12 04:00:00+00:00,73.659999999999997,74.465000000000003,73.069999999999993,74.260000000000005,387633,9014,73.921308999999994
2023-09-13 04:00:00+00:00,74.519999999999996,74.519999999999996,73.450000000000003,73.840000000000003,329239,8193,73.879403999999994
2023-09-14 04:00:00+00:00,74.349999999999994,75.030000000000001,73.930000000000007,74.200000000000003,531547,11505,74.372259999999997
2023-09-15 04:00:00+00:00,74.099999999999994,75.125,73.280000000000001,75.019999999999996,1548521,16021,74.811569000000006
2023-09-18 04:00:00+00:00,75,75.135000000000005,74.260000000000005,74.400000000000006,370052,8153,74.548508999999996
2023-09-19 04:00:00+00:00,74.430000000000007,74.827500000000001,74.230000000000004,74.5,371879,8030,74.518735000000007
2023-09-20 04:00:00+00:00,74.650000000000006,75.915000000000006,74.200000000000003,74.310000000000002,401741,8876,75.129200999999995
2023-09-21 04:00:00+00:00,74.019999999999996,74.369900000000001,73.534999999999997,74.189999999999998,244491,6947,74.074853000000004
2023-09-22 04:00:00+00:00,74.269999999999996,74.760000000000005,73.329999999999998,73.359999999999999,255603,5699,73.778135000000006
2023-09-25 04:00:00+00:00,73.150000000000006,73.829999999999998,73.150000000000006,73.590000000000003,292332,6214,73.574189000000004
2023-09-26 04:00:00+00:00,73.25,73.644999999999996,71.640000000000001,71.819999999999993,255832,6968,72.066047999999995
2023-09-27 04:00:00+00:00,72.329999999999998,72.890000000000001,72,72.870000000000005,352566,6156,72.426760999999999
2023-09-28 04:00:00+00:00,73.030000000000001,73.590000000000003,72.810000000000002,73.090000000000003,264856,6015,73.090293000000003
2023-09-29 04:00:00+00:00,73.609999999999999,73.959999999999994,72.900000000000006,73.319999999999993,279430,6843,73.421042
2023-10-02 04:00:00+00:00,73.140000000000001,73.265000000000001,71.730000000000004,72.359999999999999,247336,7122,72.262719000000004
2023-10-03 04:00:00+00:00,72.5,72.739999999999995,71.969999999999999,72.640000000000001,333607,8265,72.490994999999998
2023-10-04 04:00:00+00:00,72.569999999999993,73.060000000000002,71.879999999999995,72.930000000000007,289393,6474,72.700186000000002
2023-10-05 04:00:00+00:00,72.590000000000003,73.239999999999995,72.469999999999999,73.019999999999996,216681,6428,72.981212999999997
2023-10-06 04:00:00+00:00,72.540000000000006,73.700000000000003,72.019999999999996,73.069999999999993,211476,5612,73.120002999999997
2023-10-09 04:00:00+00:00,72.659999999999997,73.959999999999994,72.359999999999999,73.640000000000001,177517,5101,73.560623000000007
2023-10-10 04:00:00+00:00,73.469999999999999,74.299999999999997,73.219999999999999,73.640000000000001,254017,6472,73.774027000000004
2023-10-11 04:00:00+00:00,73.920000000000002,74.689999999999998,73.459999999999994,73.510000000000005,366586,7527,73.704178999999996
2023-10-12 04:00:00+00:00,73.370000000000005,73.370000000000005,71.840000000000003,72.340000000000003,223906,7505,72.375529
2023-10-13 04:00:00+00:00,72.420000000000002,72.894999999999996,71.180000000000007,71.519999999999996,301816,7195,71.707061999999993
2023-10-16 04:00:00+00:00,72.099999999999994,72.670000000000002,71.700000000000003,72.409999999999997,249654,6838,72.350572999999997
2023-10-17 04:00:00+00:00,72.090000000000003,73.709999999999994,72.090000000000003,73.290000000000006,361342,8725,73.363373999999993
2023-10-18 04:00:00+00:00,72.489999999999995,72.489999999999995,71.064999999999998,71.209999999999994,348637,8133,71.453245999999993
2023-10-19 04:00:00+00:00,69,69.810000000000002,67.349999999999994,69.5,870711,17447,68.849373
2023-10-20 04:00:00+00:00,69.439999999999998,70.799999999999997,69.219999999999999,70.040000000000006,656868,12073,70.209029999999998
2023-10-23 04:00:00+00:00,69.609999999999999,71.200000000000003,69.090000000000003,69.489999999999995,626797,11643,70.034853999999996
2023-10-24 04:00:00+00:00,69.670000000000002,70.025000000000006,68.390000000000001,69.099999999999994,386741,8842,69.088877999999994
2023-10-25 04:00:00+00:00,68.049999999999997,68.989999999999995,68.049999999999997,68.430000000000007,375944,8159,68.501099999999994
2023-10-26 04:00:00+00:00,68.700000000000003,70.120000000000005,68.700000000000003,69.540000000000006,560264,8863,69.722453000000002
2023-10-27 04:00:00+00:00,69.640000000000001,70.180000000000007,69.040000000000006,69.280000000000001,323077,6634,69.495849000000007
2023-10-30 04:00:00+00:00,69.950000000000003,70.430000000000007,69.219999999999999,69.530000000000001,207965,5218,69.547534999999996
2023-10-31 04:00:00+00:00,69.75,70.394999999999996,69.319999999999993,69.969999999999999,228747,5776,69.864176999999998
2023-11-01 04:00:00+00:00,69.75,70.120000000000005,68.870000000000005,69.599999999999994,209291,5240,69.529760999999993
2023-11-02 04:00:00+00:00,70.239999999999995,72.439999999999998,70.239999999999995,72.420000000000002,242915,5744,71.924111999999994
2023-11-03 04:00:00+00:00,73.430000000000007,74,73.019999999999996,73.239999999999995,181495,4670,73.314057000000005
2023-11-06 05:00:00+00:00,73.25,73.569999999999993,72.700000000000003,73.560000000000002,173603,3952,73.373625000000004
2023-11-07 05:00:00+00:00,73.040000000000006,73.430000000000007,72.545000000000002,72.569999999999993,286123,5370,72.747031000000007
2023-11-08 05:00:00+00:00,72.530000000000001,73.185000000000002,72.180000000000007,72.450000000000003,317097,5408,72.541342999999998
2023-11-09 05:00:00+00:00,72.969999999999999,73.519999999999996,72.489999999999995,73,209943,6536,73.041117999999997
2023-11-10 05:00:00+00:00,73.049999999999997,73.840000000000003,72.515000000000001,73.840000000000003,196357,4502,73.400876999999994
2023-11-13 05:00:00+00:00,73.859999999999999,74.170000000000002,71.719999999999999,71.739999999999995,283865,6576,72.150141000000005
2023-11-14 05:00:00+00:00,73.290000000000006,74.920000000000002,73.290000000000006,74.140000000000001,277525,7390,74.246799999999993
2023-11-15 05:00:00+00:00,74.299999999999997,75.799999999999997,74.040000000000006,75.25,209983,4450,75.230391999999995
2023-11-16 05:00:00+00:00,75.200000000000003,75.489999999999995,73.939999999999998,74.790000000000006,183665,4605,74.655462
2023-11-17 05:00:00+00:00,75.569999999999993,75.625,74.620000000000005,75.319999999999993,224741,6138,75.157602999999995
2023-11-20 05:00:00+00:00,75.140000000000001,76.349999999999994,74.780000000000001,76.310000000000002,166122,4232,76.083087000000006
2023-11-21 05:00:00+00:00,75.900000000000006,76.064999999999998,75.030000000000001,75.319999999999993,204349,5157,75.289119999999997
2023-11-22 05:00:00+00:00,75.920000000000002,76.512500000000003,74.829999999999998,76.090000000000003,173765,4676,76.066235000000006
2023-11-24 05:00:00+00:00,76.209999999999994,76.400000000000006,75.790000000000006,76.269999999999996,120727,2556,76.190852000000007
2023-11-27 05:00:00+00:00,75.790000000000006,76,75.560000000000002,75.819999999999993,172383,4527,75.813776000000004
2023-11-28 05:00:00+00:00,75.859999999999999,75.859999999999999,74.409999999999997,74.790000000000006,225373,5733,74.827269999999999
2023-11-29 05:00:00+00:00,75.489999999999995,76.049999999999997,74.870000000000005,75.099999999999994,333591,7673,75.210104000000001
2023-11-30 05:00:00+00:00,74,74.640000000000001,73.469999999999999,74.209999999999994,445259,7621,74.213386999999997
2023-12-01 05:00:00+00:00,73.989999999999995,75.909999999999997,73.989999999999995,75.870000000000005,273404,7473,75.526673000000002
2023-12-04 05:00:00+00:00,75.5,77.415000000000006,75.325599999999994,77.260000000000005,276970,8565,76.872811999999996
2023-12-05 05:00:00+00:00,76.849999999999994,77.129999999999995,75.400000000000006,75.780000000000001,184536,6043,75.874032999999997
2023-12-06 05:00:00+00:00,76.290000000000006,76.609999999999999,75.310000000000002,75.519999999999996,188653,5991,75.644751999999997
2023-12-07 05:00:00+00:00,75.549999999999997,76.489999999999995,75.260000000000005,76.049999999999997,266157,5865,76.117636000000005
2023-12-08 05:00:00+00:00,76.230000000000004,76.614999999999995,75.790000000000006,76.200000000000003,175456,5087,76.231407000000004
2023-12-11 05:00:00+00:00,76.049999999999997,77.075000000000003,76.049999999999997,76.480000000000004,231613,5358,76.623486999999997
2023-12-12 05:00:00+00:00,76.5,76.5,75.590000000000003,75.670000000000002,203225,5714,75.807458999999994
2023-12-13 05:00:00+00:00,75.359999999999999,76.275000000000006,73.890000000000001,76.090000000000003,495026,8584,75.780282999999997
2023-12-14 05:00:00+00:00,77.159999999999997,80.010000000000005,77.030000000000001,79.620000000000005,430093,9720,79.369764000000004
2023-12-15 05:00:00+00:00,79.75,79.989999999999995,78.829999999999998,79.230000000000004,589635,6929,79.281704000000005
2023-12-18 05:00:00+00:00,79.829999999999998,79.905000000000001,78.659999999999997,78.980000000000004,171978,4825,79.007795999999999
2023-12-19 05:00:00+00:00,79.450000000000003,79.640000000000001,78.709999999999994,79.579999999999998,238939,5615,79.432446999999996
2023-12-20 05:00:00+00:00,79.379999999999995,80.120000000000005,77.939999999999998,78.040000000000006,209125,5781,78.655298000000002
2023-12-21 05:00:00+00:00,78.439999999999998,78.849999999999994,77.954999999999998,78.780000000000001,193445,4795,78.537535000000005
2023-12-22 05:00:00+00:00,79.230000000000004,79.905000000000001,79.230000000000004,79.269999999999996,167052,4813,79.449692999999996
2023-12-26 05:00:00+00:00,79.5,79.579999999999998,78.790000000000006,79.390000000000001,146027,4101,79.288160000000005
2023-12-27 05:00:00+00:00,79.650000000000006,80.185000000000002,79.379999999999995,79.700000000000003,213219,4832,79.730553999999998
2023-12-28 05:00:00+00:00,79.5,80.245000000000005,79.5,79.739999999999995,166914,3909,79.733896999999999
2023-12-29 05:00:00+00:00,79.700000000000003,80.099999999999994,79.219999999999999,79.469999999999999,305558,5298,79.578412999999998
2024-01-02 05:00:00+00:00,79.239999999999995,80.030000000000001,78.704999999999998,79.120000000000005,193615,5345,79.274377999999999
2024-01-03 05:00:00+00:00,78.549999999999997,78.549999999999997,77.180000000000007,77.280000000000001,198676,5583,77.637339999999995
2024-01-04 05:00:00+00:00,76.890000000000001,77.879999999999995,76.769999999999996,77.680000000000007,279809,7020,77.534267999999997
2024-01-05 05:00:00+00:00,76.189999999999998,77.219999999999999,75.450000000000003,76.670000000000002,567555,7859,76.561744000000004
2024-01-08 05:00:00+00:00,76.359999999999999,77.969999999999999,76.359999999999999,77.849999999999994,239855,5404,77.632204000000002
2024-01-09 05:00:00+00:00,76.739999999999995,76.819999999999993,75.782499999999999,76.239999999999995,400750,8255,76.324117999999999
2024-01-10 05:00:00+00:00,75.689999999999998,76.689999999999998,75.370000000000005,76.400000000000006,291096,5839,76.267796000000004
2024-01-11 05:00:00+00:00,76.329999999999998,76.769999999999996,75.450000000000003,76.340000000000003,259517,6258,76.140073000000001
2024-01-12 05:00:00+00:00,77.200000000000003,77.400000000000006,76.390000000000001,76.909999999999997,209950,5600,76.756979999999999
2024-01-16 05:00:00+00:00,76.319999999999993,76.599999999999994,75.810000000000002,76.540000000000006,194042,4975,76.384421000000003
2024-01-17 05:00:00+00:00,75.920000000000002,76.540000000000006,75.299999999999997,75.879999999999995,278740,5857,75.774928000000003
2024-01-18 05:00:00+00:00,76.269999999999996,76.549999999999997,75.760000000000005,76.090000000000003,333627,6083,76.179877000000005
2024-01-19 05:00:00+00:00,76.280000000000001,76.569999999999993,75.454999999999998,76.049999999999997,292684,6512,76.090798000000007
2024-01-22 05:00:00+00:00,76.150000000000006,76.629999999999995,75.489999999999995,76.150000000000006,771794,12987,76.298482000000007
2024-01-23 05:00:00+00:00,76.829999999999998,77.239999999999995,75.915000000000006,76,543552,10076,76.120360000000005
2024-01-24 05:00:00+00:00,76.629999999999995,76.629999999999995,75.525000000000006,75.900000000000006,550717,9372,76.073730999999995
2024-01-25 05:00:00+00:00,76.060000000000002,76.680000000000007,75.319999999999993,75.489999999999995,644509,11324,75.622720999999999
2024-01-26 05:00:00+00:00,76.040000000000006,76.909999999999997,75.745000000000005,76.900000000000006,358874,7632,76.658280000000005
2024-01-29 05:00:00+00:00,76.670000000000002,76.730000000000004,75.799999999999997,76.5,440825,8163,76.331125
2024-01-30 05:00:00+00:00,70.829999999999998,77.950000000000003,70.829999999999998,77.060000000000002,532908,11072,76.906240999999994
2024-01-31 05:00:00+00:00,76.530000000000001,76.939999999999998,72.519999999999996,74.140000000000001,856708,15692,74.244802000000007
2024-02-01 05:00:00+00:00,74.469999999999999,74.469999999999999,72.219999999999999,74.140000000000001,511135,13113,73.574489999999997
2024-02-02 05:00:00+00:00,73.560000000000002,74.385000000000005,73.359999999999999,74.019999999999996,321087,6920,74.006895
2024-02-05 05:00:00+00:00,73.459999999999994,73.459999999999994,72.390000000000001,73.060000000000002,280777,5702,73.012827000000001
2024-02-06 05:00:00+00:00,73.109999999999999,73.859999999999999,72.995000000000005,73.730000000000004,238400,5631,73.606453000000002
2024-02-07 05:00:00+00:00,73.790000000000006,73.980000000000004,72.329999999999998,72.390000000000001,329214,6827,72.561496000000005
2024-02-08 05:00:00+00:00,72.390000000000001,72.989999999999995,71.749600000000001,72.930000000000007,242006,6913,72.632070999999996
2024-02-09 05:00:00+00:00,72.959999999999994,73.019999999999996,71.885000000000005,72.930000000000007,215489,6083,72.789497999999995
2024-02-12 05:00:00+00:00,73.140000000000001,74.310000000000002,72.959999999999994,73.989999999999995,216965,5802,74.009467000000001
2024-02-13 05:00:00+00:00,72.599999999999994,72.599999999999994,70.189999999999998,70.549999999999997,282028,7422,70.947173000000006
2024-02-14 05:00:00+00:00,71.010000000000005,71.120000000000005,69.950000000000003,70.510000000000005,656622,12364,70.536214999999999
2024-02-15 05:00:00+00:00,70.709999999999994,72.390000000000001,70.709999999999994,72.109999999999999,249813,6158,71.968541999999999
2024-02-16 05:00:00+00:00,71.879999999999995,71.995000000000005,70.329999999999998,70.349999999999994,350348,5463,70.701348999999993
2024-02-20 05:00:00+00:00,69.790000000000006,71.689999999999998,69.790000000000006,71.400000000000006,354762,8040,71.294978
2024-02-21 05:00:00+00:00,71.090000000000003,71.719999999999999,70.783000000000001,71.709999999999994,349285,6947,71.490583000000001
2024-02-22 05:00:00+00:00,71.829999999999998,72.075000000000003,71.060000000000002,71.739999999999995,357707,7780,71.690450999999996
2024-02-23 05:00:00+00:00,71.739999999999995,72.659999999999997,71.290000000000006,72.349999999999994,408601,6319,72.282929999999993
2024-02-26 05:00:00+00:00,72.109999999999999,72.555000000000007,71.969999999999999,72.349999999999994,365893,6620,72.360778999999994
2024-02-27 05:00:00+00:00,72.5,73.019999999999996,72.060000000000002,72.75,515597,9166,72.695800000000006
2024-02-28 05:00:00+00:00,72.340000000000003,73.644999999999996,72.340000000000003,72.840000000000003,489663,8673,73.023792
2024-02-29 05:00:00+00:00,73.370000000000005,73.640000000000001,71.680000000000007,72.159999999999997,811405,13612,72.227958000000001
2024-03-01 05:00:00+00:00,72.469999999999999,73.545000000000002,72.180000000000007,73.310000000000002,468628,8599,73.180395000000004
2024-03-04 05:00:00+00:00,73.400000000000006,74.290000000000006,73.222999999999999,73.769999999999996,378572,11431,73.788668999999999
2024-03-05 05:00:00+00:00,73.459999999999994,74.239999999999995,72.359999999999999,72.489999999999995,298045,7175,73.162227000000001
2024-03-06 05:00:00+00:00,73.030000000000001,73.620000000000005,72.390000000000001,73.590000000000003,359844,8399,73.310130999999998
2024-03-07 05:00:00+00:00,73.900000000000006,75.060000000000002,73.780000000000001,75.040000000000006,271651,5524,74.831525999999997
2024-03-08 05:00:00+00:00,75.599999999999994,75.944999999999993,75.019999999999996,75.030000000000001,216459,5203,75.235641999999999
2024-03-11 04:00:00+00:00,75.010000000000005,75.347499999999997,73.829999999999998,74,350963,8171,74.206513000000001
2024-03-12 04:00:00+00:00,73.760000000000005,75.025000000000006,73.614999999999995,74.280000000000001,285968,7906,74.326198000000005
2024-03-13 04:00:00+00:00,74.280000000000001,75.209999999999994,74.219999999999999,74.420000000000002,293665,6113,74.542676
2024-03-14 04:00:00+00:00,74,74.459999999999994,72.045000000000002,72.319999999999993,392689,9874,72.676130999999998
2024-03-15 04:00:00+00:00,71.959999999999994,73.510000000000005,71.959999999999994,72.810000000000002,971517,7641,72.795922000000004
2024-03-18 04:00:00+00:00,72.840000000000003,73.659999999999997,72.579999999999998,73.629999999999995,515144,10150,73.397766000000004
2024-03-19 04:00:00+00:00,73.359999999999999,74.174999999999997,72.810000000000002,72.840000000000003,429673,7963,73.181629999999998
2024-03-20 04:00:00+00:00,72.620000000000005,74.709999999999994,72.540000000000006,74.680000000000007,398536,7165,74.201573999999994
2024-03-21 04:00:00+00:00,75,75.439999999999998,74.900000000000006,75.129999999999995,238410,5924,75.149450000000002
2024-03-22 04:00:00+00:00,75.400000000000006,75.400000000000006,73.959999999999994,74.030000000000001,200570,5096,74.081490000000002
2024-03-25 04:00:00+00:00,74.030000000000001,74.560000000000002,73.75,74.260000000000005,167388,4063,74.282773000000006
2024-03-26 04:00:00+00:00,74.450000000000003,75.030000000000001,73.930000000000007,74.829999999999998,378106,7333,74.768915000000007
2024-03-27 04:00:00+00:00,75.329999999999998,76.400000000000006,75.019999999999996,76.370000000000005,274986,6238,76.014448000000002
2024-03-28 04:00:00+00:00,76.569999999999993,77.879999999999995,76.349999999999994,77.640000000000001,497822,9699,77.476253999999997
2024-04-01 04:00:00+00:00,77.670000000000002,77.670000000000002,75.489999999999995,75.510000000000005,330159,7242,76.089815999999999
2024-04-02 04:00:00+00:00,74.870000000000005,75.390000000000001,74.109999999999999,74.180000000000007,376855,7075,74.418189999999996
2024-04-03 04:00:00+00:00,72.810000000000002,74.019999999999996,72.260000000000005,73.939999999999998,533647,8439,73.827601999999999
2024-04-04 04:00:00+00:00,74.579999999999998,75.459999999999994,73.540000000000006,73.620000000000005,255152,6630,74.201222000000001
2024-04-05 04:00:00+00:00,73.420000000000002,74.430000000000007,73.200000000000003,74.230000000000004,307540,6123,74.078083000000007
2024-04-08 04:00:00+00:00,74.670000000000002,75.680000000000007,74.670000000000002,75.390000000000001,302327,7114,75.332204000000004
2024-04-09 04:00:00+00:00,75.879999999999995,76.829999999999998,75.879999999999995,76.109999999999999,443243,9503,76.378399999999999
2024-04-10 04:00:00+00:00,74.739999999999995,74.739999999999995,72.510000000000005,72.859999999999999,302722,8075,73.192577
2024-04-11 04:00:00+00:00,73.170000000000002,73.459999999999994,72.224999999999994,72.390000000000001,290847,7655,72.568903000000006
2024-04-12 04:00:00+00:00,71.640000000000001,72.109999999999999,71.069999999999993,71.129999999999995,349836,6918,71.297742999999997
2024-04-15 04:00:00+00:00,71.5,71.950000000000003,70.390000000000001,70.560000000000002,326325,6476,70.761636999999993
2024-04-16 04:00:00+00:00,69.969999999999999,70.245000000000005,69.260000000000005,69.969999999999999,421354,8767,69.881090999999998
2024-04-17 04:00:00+00:00,70.489999999999995,71.430000000000007,69.950000000000003,70.069999999999993,659376,10344,70.525667999999996
2024-04-18 04:00:00+00:00,75.920000000000002,75.920000000000002,72.974999999999994,74.030000000000001,1350808,19424,74.378161000000006
2024-04-19 04:00:00+00:00,74.120000000000005,74.959999999999994,73.592500000000001,74.840000000000003,534323,9849,74.631949000000006
2024-04-22 04:00:00+00:00,75.489999999999995,76.394999999999996,74.709999999999994,75.650000000000006,414657,8760,75.805839000000006
2024-04-23 04:00:00+00:00,75.560000000000002,76.769999999999996,75.409999999999997,76.439999999999998,331214,6725,76.328318999999993
2024-04-24 04:00:00+00:00,76.280000000000001,77.140000000000001,73.170000000000002,77.099999999999994,422876,8745,76.820924000000005
2024-04-25 04:00:00+00:00,76.530000000000001,76.530000000000001,75.549999999999997,76.189999999999998,244102,7041,76.150245999999996
2024-04-26 04:00:00+00:00,76.019999999999996,76.549999999999997,75.605000000000004,75.849999999999994,298062,7036,75.880707000000001
2024-04-29 04:00:00+00:00,75.849999999999994,76.974999999999994,75.849999999999994,76.159999999999997,335165,7356,76.410732999999993
2024-04-30 04:00:00+00:00,75.730000000000004,76.230000000000004,75.329999999999998,75.450000000000003,300027,7535,75.627206999999999
2024-05-01 04:00:00+00:00,75.629999999999995,76.129999999999995,74.480000000000004,75.170000000000002,393501,7617,75.216430000000003
2024-05-02 04:00:00+00:00,75.459999999999994,76.269999999999996,75.049999999999997,76.170000000000002,217577,6380,75.944980000000001
2024-05-03 04:00:00+00:00,76.909999999999997,76.980000000000004,74.974999999999994,75.560000000000002,319395,7494,75.554320000000004
2024-05-06 04:00:00+00:00,76.5,77.469999999999999,76.180000000000007,76.950000000000003,264433,7626,77.023859999999999
2024-05-07 04:00:00+00:00,77.409999999999997,77.984999999999999,77.013000000000005,77.040000000000006,254706,5784,77.232275999999999
2024-05-08 04:00:00+00:00,76.480000000000004,76.930000000000007,76.299999999999997,76.920000000000002,193412,6487,76.827596999999997
2024-05-09 04:00:00+00:00,76.840000000000003,76.840000000000003,75.540000000000006,76.25,329822,7036,76.064203000000006
2024-05-10 04:00:00+00:00,76.290000000000006,77.040000000000006,75.609999999999999,76.700000000000003,328196,10007,76.494680000000002
2024-05-13 04:00:00+00:00,77.239999999999995,77.890000000000001,76.954999999999998,77.890000000000001,282151,6829,77.701763999999997
2024-05-14 04:00:00+00:00,78.269999999999996,78.870000000000005,78.165000000000006,78.400000000000006,380851,7851,78.394249000000002
2024-05-15 04:00:00+00:00,78.780000000000001,78.795000000000002,77.420000000000002,77.760000000000005,335374,8697,77.750343999999998
2024-05-16 04:00:00+00:00,77.390000000000001,77.635000000000005,76.530000000000001,77.189999999999998,343381,8105,76.997235000000003
2024-05-17 04:00:00+00:00,77.159999999999997,77.159999999999997,76.260000000000005,76.859999999999999,369396,7898,76.691441999999995
2024-05-20 04:00:00+00:00,76.859999999999999,76.859999999999999,75.870000000000005,75.950000000000003,363241,8955,76.148853000000003
2024-05-21 04:00:00+00:00,75.670000000000002,75.879999999999995,73.620000000000005,74.25,382851,8546,74.281536000000003
2024-05-22 04:00:00+00:00,74.120000000000005,74.742000000000004,73.760000000000005,74.099999999999994,412284,9184,74.222020000000001
2024-05-23 04:00:00+00:00,74.909999999999997,75.260000000000005,74.504999999999995,74.650000000000006,446304,8461,74.834059999999994
2024-05-24 04:00:00+00:00,75.189999999999998,75.189999999999998,74.260000000000005,74.659999999999997,307896,8632,74.577431000000004
2024-05-28 04:00:00+00:00,74.859999999999999,75.170000000000002,74.159999999999997,74.349999999999994,434472,9846,74.464641
2024-05-29 04:00:00+00:00,73.590000000000003,73.829999999999998,72.219999999999999,72.299999999999997,318338,6924,72.735039999999998
2024-05-30 04:00:00+00:00,72.510000000000005,73.239999999999995,72.174999999999997,73.219999999999999,287325,6785,72.811836
2024-05-31 04:00:00+00:00,73.540000000000006,74.780000000000001,73.515000000000001,74.620000000000005,507840,8244,74.366553999999994
2024-06-03 04:00:00+00:00,74.620000000000005,74.620000000000005,73.079999999999998,73.709999999999994,452882,9610,73.745365000000007
2024-06-04 04:00:00+00:00,73.120000000000005,73.75,72.620000000000005,72.849999999999994,418855,9042,73.010565999999997
2024-06-05 04:00:00+00:00,72.849999999999994,72.849999999999994,71.769999999999996,72.379999999999995,255221,8074,72.333175999999995
2024-06-06 04:00:00+00:00,72.159999999999997,72.364999999999995,71.819999999999993,72,450454,8293,72.068910000000002
2024-06-07 04:00:00+00:00,71.430000000000007,71.859999999999999,71,71.569999999999993,242881,5782,71.548271999999997
2024-06-10 04:00:00+00:00,70.769999999999996,71.379999999999995,70.280000000000001,70.370000000000005,424667,11377,70.576228
2024-06-11 04:00:00+00:00,71.430000000000007,71.640000000000001,70.370000000000005,70.859999999999999,603787,12702,70.799875999999998
2024-06-12 04:00:00+00:00,71.819999999999993,73.730000000000004,71.819999999999993,73.480000000000004,435739,10034,73.252024000000006
2024-06-13 04:00:00+00:00,73.689999999999998,73.799999999999997,73,73.5,352881,9979,73.480401000000001
2024-06-14 04:00:00+00:00,72.709999999999994,72.724999999999994,71.280000000000001,71.939999999999998,385114,9301,71.949211000000005
2024-06-17 04:00:00+00:00,71.75,72.390000000000001,71,71.709999999999994,445569,9805,71.581366000000003
2024-06-18 04:00:00+00:00,71.840000000000003,72.165000000000006,71.269999999999996,71.799999999999997,331582,8552,71.715255999999997
2024-06-20 04:00:00+00:00,71.439999999999998,72.594999999999999,71.349999999999994,71.989999999999995,321769,7818,72.042272999999994
2024-06-21 04:00:00+00:00,72.239999999999995,72.400000000000006,71.659999999999997,72.400000000000006,847760,10777,72.317734999999999
2024-06-24 04:00:00+00:00,72.420000000000002,74.299999999999997,72.349999999999994,72.890000000000001,417132,9890,73.225796000000003
2024-06-25 04:00:00+00:00,72.569999999999993,72.674999999999997,71.299999999999997,71.719999999999999,381356,7664,71.767315999999994
2024-06-26 04:00:00+00:00,71,71,69.310000000000002,69.629999999999995,562942,11515,69.670618000000005
2024-06-27 04:00:00+00:00,69.870000000000005,70.25,69.069999999999993,69.569999999999993,503301,10669,69.532145
2024-06-28 04:00:00+00:00,70,70.120000000000005,69.049999999999997,69.799999999999997,631804,9915,69.657025000000004
2024-07-01 04:00:00+00:00,69.819999999999993,70.069999999999993,68.650000000000006,69.439999999999998,407630,10746,69.325315000000003
2024-07-02 04:00:00+00:00,69.25,69.719999999999999,69,69.209999999999994,359899,7906,69.282332999999994
2024-07-03 04:00:00+00:00,69.310000000000002,69.930000000000007,69.105000000000004,69.709999999999994,325433,5650,69.613153999999994
2024-07-05 04:00:00+00:00,69.359999999999999,69.640000000000001,68.180000000000007,68.670000000000002,648376,9357,68.692786999999996
2024-07-08 04:00:00+00:00,69.280000000000001,70.829999999999998,69.280000000000001,70.540000000000006,426087,11848,70.367892999999995
2024-07-09 04:00:00+00:00,70.230000000000004,70.230000000000004,66.030000000000001,66.260000000000005,740834,14958,67.282652999999996
2024-07-10 04:00:00+00:00,66.5,67.394999999999996,66.385000000000005,66.890000000000001,433086,9799,66.790255000000002
2024-07-11 04:00:00+00:00,67.980000000000004,69.194999999999993,67.859999999999999,68.890000000000001,408696,10609,68.895785000000004
2024-07-12 04:00:00+00:00,69.659999999999997,70.234999999999999,69.069999999999993,69.599999999999994,393901,8316,69.728005999999993
2024-07-15 04:00:00+00:00,69.599999999999994,71.099999999999994,69.599999999999994,70.230000000000004,536732,9789,70.452713000000003
2024-07-16 04:00:00+00:00,70.510000000000005,72.870000000000005,70.510000000000005,72.709999999999994,576088,11796,72.280527000000006
2024-07-17 04:00:00+00:00,72.609999999999999,74.280000000000001,71.780000000000001,74.189999999999998,842287,15514,73.618086000000005
2024-07-18 04:00:00+00:00,72.159999999999997,78.219999999999999,72.159999999999997,73.340000000000003,821329,13665,74.422146999999995
2024-07-19 04:00:00+00:00,73.319999999999993,73.5,70.790000000000006,71.439999999999998,644251,10979,71.396006999999997
2024-07-22 04:00:00+00:00,71.700000000000003,72.819999999999993,70.810000000000002,72.519999999999996,451280,8095,72.155437000000006
2024-07-23 04:00:00+00:00,72.120000000000005,72.909999999999997,71.640000000000001,71.900000000000006,496648,10277,72.013970999999998
2024-07-24 04:00:00+00:00,71.879999999999995,73.319999999999993,71.510000000000005,72.670000000000002,546201,10256,72.64188
2024-07-25 04:00:00+00:00,72.659999999999997,74.719999999999999,72.239999999999995,74.090000000000003,551225,8840,73.975717000000003
2024-07-26 04:00:00+00:00,74.849999999999994,75.430000000000007,74,74.810000000000002,324737,6792,74.711838999999998
2024-07-29 04:00:00+00:00,74.819999999999993,75.810000000000002,74.599999999999994,75.359999999999999,331201,7497,75.213545999999994
2024-07-30 04:00:00+00:00,75.810000000000002,77.560000000000002,75.129999999999995,77.129999999999995,453141,9815,76.941248999999999
2024-07-31 04:00:00+00:00,77.329999999999998,77.849999999999994,76.560000000000002,76.579999999999998,343216,7768,76.815298999999996
2024-08-01 04:00:00+00:00,76.689999999999998,76.879999999999995,73.069999999999993,74.340000000000003,491779,9659,74.122360999999998
2024-08-02 04:00:00+00:00,72.909999999999997,73.109999999999999,71.980000000000004,72.829999999999998,365225,10883,72.680099999999996
2024-08-05 04:00:00+00:00,71.239999999999995,71.450000000000003,69.314999999999998,69.969999999999999,358155,9228,70.071734000000006
2024-08-06 04:00:00+00:00,69.870000000000005,71.920000000000002,69.754999999999995,71.150000000000006,425921,9533,71.105742000000006
2024-08-07 04:00:00+00:00,71.900000000000006,72.390000000000001,69.230000000000004,69.280000000000001,305426,6388,69.824691000000001
2024-08-08 04:00:00+00:00,69.700000000000003,71.450000000000003,69.700000000000003,71.140000000000001,293651,6571,71.131208000000001
2024-08-09 04:00:00+00:00,71.040000000000006,71.079999999999998,69.739999999999995,70.109999999999999,248077,6687,70.109671000000006
2024-08-12 04:00:00+00:00,70.180000000000007,70.480000000000004,68.75,69.290000000000006,318733,8439,69.174391
2024-08-13 04:00:00+00:00,69.769999999999996,71.510000000000005,69.625,71.019999999999996,205776,5633,70.889854999999997
2024-08-14 04:00:00+00:00,71.5,72.430000000000007,70,70.290000000000006,352303,6884,70.364440999999999
2024-08-15 04:00:00+00:00,71.090000000000003,71.959999999999994,70.239999999999995,70.480000000000004,452822,8651,70.949853000000004
2024-08-16 04:00:00+00:00,70.219999999999999,71.439999999999998,70.219999999999999,70.859999999999999,337265,5379,70.898303999999996
2024-08-19 04:00:00+00:00,70.980000000000004,71.75,70.450000000000003,71.569999999999993,294471,6733,71.444306999999995
2024-08-20 04:00:00+00:00,71.5,71.5,70.219999999999999,70.409999999999997,207375,6668,70.583011999999997
2024-08-21 04:00:00+00:00,71.129999999999995,71.579999999999998,70.370000000000005,71.519999999999996,241895,5585,71.131994000000006
2024-08-22 04:00:00+00:00,71.939999999999998,71.939999999999998,71.180000000000007,71.400000000000006,184611,5502,71.509743999999998
2024-08-23 04:00:00+00:00,71.640000000000001,73.689999999999998,71.530000000000001,73.310000000000002,210101,5379,73.178059000000005
2024-08-26 04:00:00+00:00,73.980000000000004,74.459999999999994,73.549999999999997,73.609999999999999,209390,5199,73.887682999999996
2024-08-27 04:00:00+00:00,73.230000000000004,73.599999999999994,72.569999999999993,73.25,174504,4997,73.216779000000002
2024-08-28 04:00:00+00:00,73.040000000000006,74,72.564999999999998,73.049999999999997,229631,6973,73.057379999999995
2024-08-29 04:00:00+00:00,73.700000000000003,74.170000000000002,72.980000000000004,73.010000000000005,171792,5187,73.282714999999996
2024-08-30 04:00:00+00:00,73.150000000000006,73.980000000000004,72.819999999999993,73.920000000000002,258415,5611,73.725199000000003
2024-09-03 04:00:00+00:00,73.290000000000006,74.230000000000004,71.609999999999999,71.939999999999998,318380,8480,72.101622000000006
2024-09-04 04:00:00+00:00,71.650000000000006,72.540000000000006,71.650000000000006,72.510000000000005,249109,7076,72.276484999999994
2024-09-05 04:00:00+00:00,72.459999999999994,72.459999999999994,71.25,71.599999999999994,242567,5752,71.576922999999994
2024-09-06 04:00:00+00:00,71.579999999999998,71.829999999999998,69.375,69.569999999999993,228115,6386,69.85042
2024-09-09 04:00:00+00:00,69.569999999999993,71.019999999999996,68.969999999999999,70,400430,9292,70.337333000000001
2024-09-10 04:00:00+00:00,69.790000000000006,70.469999999999999,69.394999999999996,70.349999999999994,239850,6642,70.099011000000004
2024-09-11 04:00:00+00:00,69.739999999999995,69.819999999999993,68.450000000000003,69.489999999999995,298535,8020,69.389747
2024-09-12 04:00:00+00:00,69.900000000000006,70.469999999999999,68.930000000000007,69.730000000000004,354318,7887,69.652046999999996
2024-09-13 04:00:00+00:00,70.879999999999995,71.75,70.840000000000003,71.459999999999994,177823,5032,71.380695000000003
2024-09-16 04:00:00+00:00,71.969999999999999,72.430000000000007,71.444999999999993,71.909999999999997,258327,7405,71.980889000000005
2024-09-17 04:00:00+00:00,72.359999999999999,73.605000000000004,72.359999999999999,73.099999999999994,257646,7630,73.051454000000007
2024-09-18 04:00:00+00:00,73.099999999999994,75.409999999999997,72.739999999999995,73.5,388838,9868,73.909509999999997
2024-09-19 04:00:00+00:00,75.019999999999996,75.569999999999993,74.424999999999997,75.180000000000007,354105,8567,75.100784000000004
2024-09-20 04:00:00+00:00,75.390000000000001,75.390000000000001,73.709999999999994,73.709999999999994,2068832,14356,73.977653000000004
2024-09-23 04:00:00+00:00,74.379999999999995,75.025000000000006,73.670000000000002,73.819999999999993,670994,9318,74.045518999999999
2024-09-24 04:00:00+00:00,74.180000000000007,74.5,73.790000000000006,73.870000000000005,569378,7413,73.997450999999998
2024-09-25 04:00:00+00:00,73.920000000000002,73.920000000000002,71.920000000000002,72.069999999999993,344161,9786,72.392882
2024-09-26 04:00:00+00:00,72.719999999999999,73.769999999999996,72.719999999999999,73.140000000000001,432200,8346,73.186032999999995
2024-09-27 04:00:00+00:00,73.870000000000005,74.569999999999993,73.189999999999998,73.280000000000001,318973,6237,73.581332000000003
2024-09-30 04:00:00+00:00,73,73.959999999999994,73,73.519999999999996,374681,7519,73.490483999999995
2024-10-01 04:00:00+00:00,73.340000000000003,73.340000000000003,71.840000000000003,72.620000000000005,359238,7913,72.432457999999997
2024-10-02 04:00:00+00:00,72.280000000000001,72.590000000000003,71.090000000000003,71.400000000000006,527117,10785,71.511538000000002
2024-10-03 04:00:00+00:00,70.890000000000001,71.170000000000002,70.109999999999999,70.420000000000002,440507,9823,70.470274000000003
2024-10-04 04:00:00+00:00,71.349999999999994,71.670000000000002,70.450000000000003,71.409999999999997,415164,7818,71.185129000000003
2024-10-07 04:00:00+00:00,71.030000000000001,71.090000000000003,70.560000000000002,70.799999999999997,363894,8575,70.849574000000004
2024-10-08 04:00:00+00:00,70.959999999999994,71.530000000000001,70.640000000000001,71.319999999999993,496375,9229,71.185657000000006
2024-10-09 04:00:00+00:00,70.930000000000007,71.535899999999998,70.540000000000006,70.719999999999999,432244,8608,70.813822000000002
2024-10-10 04:00:00+00:00,70.219999999999999,70.900000000000006,69.704999999999998,70.129999999999995,508406,11492,70.075665999999998
2024-10-11 04:00:00+00:00,70.340000000000003,71.75,70.340000000000003,71.549999999999997,421919,8110,71.401404999999997
2024-10-14 04:00:00+00:00,71.480000000000004,72.319999999999993,71.120000000000005,72.269999999999996,395100,8383,72.128854000000004
2024-10-15 04:00:00+00:00,72.480000000000004,73.519999999999996,71.980000000000004,72,383209,10263,72.478416999999993
2024-10-16 04:00:00+00:00,72.540000000000006,75.170000000000002,72.540000000000006,74.299999999999997,941345,15442,74.360764000000003
2024-10-17 04:00:00+00:00,70.579999999999998,70.579999999999998,65.810000000000002,67.049999999999997,2026395,33493,67.164805999999999
2024-10-18 04:00:00+00:00,66.709999999999994,67.219999999999999,64.349999999999994,65.25,1252667,21648,65.257084000000006
2024-10-21 04:00:00+00:00,64.950000000000003,64.950000000000003,62.119999999999997,62.590000000000003,1059037,19031,62.790401000000003
2024-10-22 04:00:00+00:00,62.5,63.07,61.530000000000001,62.840000000000003,893911,16636,62.638441
2024-10-23 04:00:00+00:00,61.880000000000003,62.752499999999998,61.729999999999997,62.280000000000001,667160,13776,62.307254999999998
2024-10-24 04:00:00+00:00,63.549999999999997,64.239900000000006,62.509999999999998,63.619999999999997,1110645,17863,63.309790999999997
2024-10-25 04:00:00+00:00,63.560000000000002,64.120000000000005,62.789999999999999,62.909999999999997,782606,14682,63.201729
2024-10-28 04:00:00+00:00,63.539999999999999,64.239999999999995,63.280000000000001,63.869999999999997,833671,15353,63.942357999999999
2024-10-29 04:00:00+00:00,63.520000000000003,63.850000000000001,62.969999999999999,63.200000000000003,656802,11850,63.242949000000003
2024-10-30 04:00:00+00:00,62.93,64.260000000000005,62.93,63.659999999999997,719811,11927,63.690033999999997
2024-10-31 04:00:00+00:00,63.520000000000003,63.905000000000001,62.840000000000003,62.850000000000001,668258,12727,63.341537000000002
2024-11-01 04:00:00+00:00,63.130000000000003,63.740000000000002,62.789999999999999,63.299999999999997,633362,12914,63.291190999999998
2024-11-04 05:00:00+00:00,63.369999999999997,63.920000000000002,63.109999999999999,63.57,584868,14401,63.553741000000002
2024-11-05 05:00:00+00:00,63.299999999999997,63.670000000000002,62.909999999999997,63.409999999999997,482107,11610,63.290303000000002
2024-11-06 05:00:00+00:00,66.079999999999998,66.079999999999998,63.920000000000002,65.799999999999997,710300,16698,65.362131000000005
2024-11-07 05:00:00+00:00,65.659999999999997,66.5,64.959999999999994,65.269999999999996,496832,16381,65.511072999999996
2024-11-08 05:00:00+00:00,65.109999999999999,65.200000000000003,63.93,64.370000000000005,570632,12382,64.396484000000001
2024-11-11 05:00:00+00:00,64.769999999999996,65.450000000000003,64.159999999999997,64.489999999999995,493990,11607,64.609605000000002
2024-11-12 05:00:00+00:00,64.019999999999996,64.430000000000007,63.325000000000003,63.409999999999997,536643,10363,63.647862000000003
2024-11-13 05:00:00+00:00,63.670000000000002,64.099999999999994,63.460000000000001,63.789999999999999,394180,9580,63.739885999999998
2024-11-14 05:00:00+00:00,63.719999999999999,63.770000000000003,62.82,63.149999999999999,334298,8575,63.163873000000002
2024-11-15 05:00:00+00:00,63.5,63.5,61.350000000000001,61.700000000000003,654486,9935,61.774172
2024-11-18 05:00:00+00:00,61.710000000000001,62.409999999999997,61.520000000000003,62.229999999999997,453872,10468,62.13617
2024-11-19 05:00:00+00:00,61.420000000000002,61.564999999999998,60.149999999999999,60.390000000000001,530910,11579,60.489071000000003
2024-11-20 05:00:00+00:00,60.119999999999997,60.399999999999999,59.350000000000001,60.390000000000001,524087,11755,60.137304
2024-11-21 05:00:00+00:00,60.479999999999997,60.880000000000003,60.240000000000002,60.799999999999997,378879,9200,60.692641999999999
2024-11-22 05:00:00+00:00,61.100000000000001,62.790799999999997,61.100000000000001,62.479999999999997,536385,9264,62.286039000000002
2024-11-25 05:00:00+00:00,63.469999999999999,65.165000000000006,63.299999999999997,64.769999999999996,650978,11852,64.739773
2024-11-26 05:00:00+00:00,64.439999999999998,64.609999999999999,63.689999999999998,64.140000000000001,545213,10804,64.024095000000003
2024-11-27 05:00:00+00:00,64.719999999999999,65.099999999999994,64.140000000000001,64.560000000000002,403389,8628,64.591960999999998
2024-11-29 05:00:00+00:00,64.400000000000006,64.816000000000003,63.869999999999997,64.370000000000005,299297,5338,64.329303999999993
2024-12-02 05:00:00+00:00,62.960000000000001,63.880000000000003,62.560000000000002,63.200000000000003,774920,13215,63.214497999999999
2024-12-03 05:00:00+00:00,63.200000000000003,63.200000000000003,62.280000000000001,62.350000000000001,489112,9419,62.488138999999997
2024-12-04 05:00:00+00:00,62.219999999999999,63.259999999999998,62.020000000000003,62.75,678844,11024,62.799688000000003
2024-12-05 05:00:00+00:00,62.609999999999999,62.770000000000003,61.759999999999998,62.219999999999999,558273,13937,62.303092999999997
2024-12-06 05:00:00+00:00,62.840000000000003,62.969999999999999,60.9739,61.359999999999999,588598,12582,61.602268000000002
2024-12-09 05:00:00+00:00,61.829999999999998,62.840000000000003,60.960000000000001,62.32,893080,16243,62.357478999999998
2024-12-10 05:00:00+00:00,62.189999999999998,62.534999999999997,61.240000000000002,61.899999999999999,599301,13059,62.030285999999997
2024-12-11 05:00:00+00:00,61.950000000000003,62.195,60.780000000000001,61,868445,11749,61.076431999999997
2024-12-12 05:00:00+00:00,60.939999999999998,61.159999999999997,59.954999999999998,60.840000000000003,796880,15987,60.596967999999997
2024-12-13 05:00:00+00:00,60.649999999999999,61.210000000000001,59.869999999999997,61.18,594918,14736,60.912216000000001
2024-12-16 05:00:00+00:00,60.460000000000001,61.18,59.32,59.359999999999999,611901,15011,59.687429999999999
2024-12-17 05:00:00+00:00,58.840000000000003,59.670000000000002,58.740000000000002,59,602476,14885,59.015881
2024-12-18 05:00:00+00:00,59.049999999999997,59.590000000000003,57.039999999999999,57.200000000000003,656123,14235,57.882826999999999
2024-12-19 05:00:00+00:00,57.280000000000001,57.670000000000002,56.280000000000001,56.899999999999999,806033,16217,56.945745000000002
2024-12-20 05:00:00+00:00,56.25,57.740000000000002,55.869999999999997,56.939999999999998,3400342,22050,56.968592000000001
2024-12-23 05:00:00+00:00,56.829999999999998,57.899999999999999,56.460000000000001,56.82,709464,14522,56.952455999999998
2024-12-24 05:00:00+00:00,56.859999999999999,57.289999999999999,56.670000000000002,56.979999999999997,243584,5555,56.979802999999997
2024-12-26 05:00:00+00:00,56.600000000000001,57.950000000000003,56.600000000000001,57.649999999999999,660331,11081,57.577438000000001
2024-12-27 05:00:00+00:00,57.509999999999998,58.165500000000002,56.939999999999998,57.189999999999998,397206,9977,57.263472
2024-12-30 05:00:00+00:00,56.909999999999997,57.259999999999998,56.109999999999999,56.829999999999998,785980,14344,56.836232000000003
2024-12-31 05:00:00+00:00,57.030000000000001,57.854999999999997,56.479999999999997,57.719999999999999,703827,11635,57.501272999999998
2025-01-02 05:00:00+00:00,57.93,58.520000000000003,56.795000000000002,57.039999999999999,579804,12974,57.256189999999997
2025-01-03 05:00:00+00:00,56.640000000000001,57.850000000000001,56.310000000000002,57.710000000000001,473525,10904,57.505246
2025-01-06 05:00:00+00:00,57.729999999999997,58.100000000000001,56.395000000000003,56.640000000000001,528100,11136,57.093561000000001
2025-01-07 05:00:00+00:00,56.920000000000002,57.469999999999999,56.32,56.579999999999998,761067,12849,56.710293
2025-01-08 05:00:00+00:00,55.93,55.93,54.875,55.350000000000001,633204,13406,55.287112999999998
2025-01-10 05:00:00+00:00,54.479999999999997,54.899999999999999,53.700000000000003,54.520000000000003,582463,12075,54.459342999999997
2025-01-13 05:00:00+00:00,54.240000000000002,56.310000000000002,53.729999999999997,56.280000000000001,1002526,14429,55.453395
2025-01-14 05:00:00+00:00,56.869999999999997,57.579999999999998,56.149999999999999,57.409999999999997,472386,9811,57.197327000000001
2025-01-15 05:00:00+00:00,58.799999999999997,59.490000000000002,58.149999999999999,59.020000000000003,709451,12434,58.829999999999998
2025-01-16 05:00:00+00:00,58.509999999999998,59.409999999999997,58.375,59.340000000000003,647350,16005,59.164239999999999
2025-01-17 05:00:00+00:00,59.950000000000003,60.155000000000001,59.32,59.539999999999999,473369,10343,59.594293999999998
2025-01-21 05:00:00+00:00,60.409999999999997,61.270000000000003,60.390000000000001,60.740000000000002,648710,12067,60.873998
2025-01-22 05:00:00+00:00,60.469999999999999,60.969999999999999,59.984999999999999,60.240000000000002,520436,12590,60.365251999999998
2025-01-23 05:00:00+00:00,60.310000000000002,60.990000000000002,60.005000000000003,60.850000000000001,560241,12139,60.726640000000003
2025-01-24 05:00:00+00:00,60.670000000000002,60.859999999999999,60.020000000000003,60.390000000000001,596741,10520,60.470514000000001
2025-01-27 05:00:00+00:00,60.700000000000003,61.409999999999997,60.039999999999999,60.810000000000002,923164,17107,60.707112000000002
2025-01-28 05:00:00+00:00,60.710000000000001,61.469999999999999,59.630000000000003,60.229999999999997,659326,12822,60.292043999999997
2025-01-29 05:00:00+00:00,60.210000000000001,60.734999999999999,59.969999999999999,60.380000000000003,1012908,17027,60.284567000000003
2025-01-30 05:00:00+00:00,60.600000000000001,61.793599999999998,58.685000000000002,60.710000000000001,1530072,26221,60.585897000000003
2025-01-31 05:00:00+00:00,60.25,60.950000000000003,59.530000000000001,60.219999999999999,2041803,19224,60.22878
2025-02-03 05:00:00+00:00,59.039999999999999,59.700000000000003,57.450000000000003,58.439999999999998,968063,17827,58.530351000000003
2025-02-04 05:00:00+00:00,58.399999999999999,59.380000000000003,58.289999999999999,58.990000000000002,805275,11650,59.030819000000001
2025-02-05 05:00:00+00:00,59.130000000000003,59.204000000000001,57.890000000000001,58.189999999999998,566088,13181,58.196840999999999
2025-02-06 05:00:00+00:00,58.5,58.700000000000003,57.039999999999999,57.060000000000002,583370,14935,57.286977
2025-02-07 05:00:00+00:00,57.119999999999997,57.195,56.479999999999997,57.049999999999997,522055,13016,56.931696000000002
2025-02-10 05:00:00+00:00,57.670000000000002,57.729999999999997,55.439999999999998,55.689999999999998,941076,18688,55.964840000000002
2025-02-11 05:00:00+00:00,55.5,56.460000000000001,55.450000000000003,56.390000000000001,716458,11276,56.242651000000002
2025-02-12 05:00:00+00:00,55.770000000000003,55.899999999999999,55.100000000000001,55.299999999999997,646517,10710,55.369802
2025-02-13 05:00:00+00:00,55.759999999999998,55.989899999999999,55.100000000000001,55.189999999999998,413617,9727,55.337969000000001
2025-02-14 05:00:00+00:00,55.630000000000003,56.053400000000003,55.034999999999997,55.240000000000002,547267,10580,55.231619000000002
2025-02-18 05:00:00+00:00,55.240000000000002,55.289999999999999,54.079999999999998,54.640000000000001,547767,10216,54.531464999999997
2025-02-19 05:00:00+00:00,54.140000000000001,55.200000000000003,53.710000000000001,54.960000000000001,524908,10048,54.882432000000001
2025-02-20 05:00:00+00:00,54.909999999999997,55.399999999999999,54.850000000000001,54.950000000000003,409452,8911,55.024442000000001
2025-02-21 05:00:00+00:00,55.149999999999999,55.166699999999999,53.670000000000002,53.770000000000003,722270,11602,53.990282000000001
2025-02-24 05:00:00+00:00,53.840000000000003,54.490000000000002,53.310000000000002,54.310000000000002,612745,13962,54.140768999999999
2025-02-25 05:00:00+00:00,54.619999999999997,55.009900000000002,54.43,54.609999999999999,385327,9127,54.691096999999999
2025-02-26 05:00:00+00:00,54.880000000000003,58.159999999999997,54.835000000000001,57.030000000000001,1254269,20305,57.111592000000002
2025-02-27 05:00:00+00:00,56.68,56.68,55.645000000000003,55.829999999999998,978420,15210,55.968848000000001
2025-02-28 05:00:00+00:00,55.619999999999997,57.859999999999999,55.549999999999997,57.630000000000003,1394388,20899,57.469327999999997
2025-03-03 05:00:00+00:00,57.759999999999998,58.490000000000002,57.130000000000003,57.549999999999997,1131706,20457,57.641581000000002
2025-03-04 05:00:00+00:00,57.079999999999998,58.32,56.719999999999999,57.350000000000001,1167549,18101,57.517035
2025-03-05 05:00:00+00:00,57.659999999999997,59.420000000000002,57.549999999999997,58.609999999999999,1233687,22421,58.638103000000001
2025-03-06 05:00:00+00:00,58.340000000000003,62.439999999999998,58.185000000000002,62.020000000000003,1740312,25927,61.192672999999999
2025-03-07 05:00:00+00:00,61.630000000000003,63.340000000000003,61.590000000000003,62.659999999999997,1601232,23093,62.754254000000003
2025-03-10 04:00:00+00:00,62.530000000000001,63.344999999999999,61.109999999999999,61.18,1114132,17518,61.619190000000003
2025-03-11 04:00:00+00:00,61.490000000000002,61.579999999999998,59.75,59.890000000000001,952904,16441,60.331470000000003
2025-03-12 04:00:00+00:00,59.560000000000002,60.468699999999998,58.159999999999997,58.619999999999997,704111,15140,58.801450000000003
2025-03-13 04:00:00+00:00,58.579999999999998,59.965000000000003,58,58.479999999999997,632003,13289,58.532831999999999
2025-03-14 04:00:00+00:00,58.859999999999999,60.539999999999999,58.729999999999997,60.219999999999999,905071,17209,60.085264000000002
2025-03-17 04:00:00+00:00,60.469999999999999,61.310000000000002,59.844999999999999,60.030000000000001,687412,14030,60.171785999999997
2025-03-18 04:00:00+00:00,60.039999999999999,60.984999999999999,59.909999999999997,60.710000000000001,646333,11620,60.520792
2025-03-19 04:00:00+00:00,60.740000000000002,61.090000000000003,59.579999999999998,60.350000000000001,582133,9899,60.327854000000002
2025-03-20 04:00:00+00:00,59.909999999999997,60.450000000000003,58.710000000000001,59.07,790651,13815,59.192117000000003
2025-03-21 04:00:00+00:00,58.710000000000001,58.759999999999998,57.100000000000001,57.68,1525958,15526,57.749425000000002
2025-03-24 04:00:00+00:00,58.210000000000001,59.109999999999999,57.969999999999999,58.509999999999998,550623,11944,58.475855000000003
2025-03-25 04:00:00+00:00,58.57,58.880000000000003,57.640000000000001,57.82,554725,12411,57.951169
2025-03-26 04:00:00+00:00,57.990000000000002,59,57.590000000000003,58.579999999999998,472998,10977,58.415792000000003
2025-03-27 04:00:00+00:00,58.710000000000001,59.539999999999999,58.350000000000001,59.340000000000003,526598,12214,59.235581000000003
2025-03-28 04:00:00+00:00,58.990000000000002,59.229999999999997,58.204999999999998,58.659999999999997,450078,11319,58.623637000000002
2025-03-31 04:00:00+00:00,58.149999999999999,58.229999999999997,57.450000000000003,57.880000000000003,510235,12947,57.858915000000003
2025-04-01 04:00:00+00:00,58.030000000000001,58.659999999999997,57.619999999999997,58.649999999999999,530418,11742,58.425293000000003
2025-04-02 04:00:00+00:00,58.189999999999998,59.009999999999998,57.799999999999997,58.770000000000003,603315,12483,58.607576999999999
2025-04-03 04:00:00+00:00,57.350000000000001,57.484999999999999,54.579999999999998,54.619999999999997,1378792,20871,54.912877000000002
2025-04-04 04:00:00+00:00,52.710000000000001,52.789999999999999,51.119999999999997,52.189999999999998,832794,23988,52.051730999999997
2025-04-07 04:00:00+00:00,50.359999999999999,52.255000000000003,48.1509,49.380000000000003,1042120,23443,49.458831000000004
2025-04-08 04:00:00+00:00,50.759999999999998,51.170000000000002,48.314999999999998,48.719999999999999,881610,21801,49.306395999999999
2025-04-09 04:00:00+00:00,47.740000000000002,53.299999999999997,47.289999999999999,52.869999999999997,970617,19338,51.410457000000001
2025-04-10 04:00:00+00:00,50.770000000000003,51.890000000000001,48.719999999999999,50.75,865705,20301,50.384329999999999
2025-04-11 04:00:00+00:00,50.950000000000003,51.119999999999997,49.109999999999999,51.100000000000001,698058,14136,50.612302999999997
2025-04-14 04:00:00+00:00,52.030000000000001,52.380000000000003,50.899999999999999,51.719999999999999,678194,12856,51.673335000000002
2025-04-15 04:00:00+00:00,51.280000000000001,51.765000000000001,49.859999999999999,50.340000000000003,752089,13362,50.439323000000002
2025-04-16 04:00:00+00:00,50.450000000000003,50.93,49.119999999999997,49.509999999999998,1120775,21184,49.766317999999998
2025-04-17 04:00:00+00:00,43.82,45.399999999999999,39.869999999999997,40.07,2955669,46246,41.539150999999997
2025-04-21 04:00:00+00:00,39.909999999999997,40.664999999999999,39.219900000000003,39.969999999999999,2250555,36213,39.955078
2025-04-22 04:00:00+00:00,40.25,42.890000000000001,40.244,42.859999999999999,1553551,25790,42.196022999999997
2025-04-23 04:00:00+00:00,44,44.25,41.869999999999997,42.270000000000003,1483514,21001,42.598016000000001
2025-04-24 04:00:00+00:00,42.009999999999998,42.329999999999998,41.200000000000003,41.880000000000003,1335601,19468,41.859192999999998
2025-04-25 04:00:00+00:00,41.5,42.539999999999999,40.924999999999997,42.43,854139,15133,42.166313000000002
2025-04-28 04:00:00+00:00,42.560000000000002,42.939999999999998,41.450000000000003,42.299999999999997,864250,16134,42.122579999999999
2025-04-29 04:00:00+00:00,41.960000000000001,42.600000000000001,41.350000000000001,42.560000000000002,1253414,20773,42.215519999999998
2025-04-30 04:00:00+00:00,42.369999999999997,43.170000000000002,41.789999999999999,43.07,1789788,21288,42.708356000000002
2025-05-01 04:00:00+00:00,42.869999999999997,43.82,42.590000000000003,42.719999999999999,1245966,18844,42.948694000000003
2025-05-02 04:00:00+00:00,43.390000000000001,44.509999999999998,43.149999999999999,44.25,1057153,16595,44.120528999999998
2025-05-05 04:00:00+00:00,40.950000000000003,42.829999999999998,40.719999999999999,40.770000000000003,1324498,20867,41.518559000000003
2025-05-06 04:00:00+00:00,40.350000000000001,40.579999999999998,38.659999999999997,38.850000000000001,1371191,21846,39.166808000000003
2025-05-07 04:00:00+00:00,39.399999999999999,39.414999999999999,38.100000000000001,38.369999999999997,1114616,19495,38.506293999999997
2025-05-08 04:00:00+00:00,39,41.625,38.950000000000003,41.409999999999997,1006210,17534,40.989203000000003
2025-05-09 04:00:00+00:00,41.719999999999999,41.979999999999997,41.140000000000001,41.390000000000001,669413,12562,41.463714000000003
2025-05-12 04:00:00+00:00,43.409999999999997,44.299999999999997,43.039000000000001,44.18,774322,15906,43.882989000000002
2025-05-13 04:00:00+00:00,44.159999999999997,44.228000000000002,43.229999999999997,43.810000000000002,608382,12771,43.792146000000002
2025-05-14 04:00:00+00:00,43.590000000000003,43.590000000000003,42.890000000000001,42.979999999999997,941994,16234,43.152126000000003
2025-05-15 04:00:00+00:00,42.799999999999997,43.350000000000001,42.463500000000003,43.340000000000003,593381,10712,43.179864999999999
2025-05-16 04:00:00+00:00,43.380000000000003,44.280000000000001,43.252499999999998,43.969999999999999,1784826,17528,43.967678999999997
2025-05-19 04:00:00+00:00,43.409999999999997,44.049999999999997,43.270000000000003,43.969999999999999,486155,9216,43.887273
2025-05-20 04:00:00+00:00,44.009999999999998,44.350000000000001,43.640000000000001,43.880000000000003,604295,10007,43.941415999999997
2025-05-21 04:00:00+00:00,43.130000000000003,43.534999999999997,42.579999999999998,42.719999999999999,856332,13534,42.900503999999998
2025-05-22 04:00:00+00:00,42.659999999999997,43.325000000000003,42.289999999999999,43.030000000000001,668573,13133,42.998196999999998
2025-05-23 04:00:00+00:00,42.07,42.740000000000002,41.8596,42.07,578535,11186,42.234521999999998
2025-05-27 04:00:00+00:00,42.689999999999998,42.899999999999999,42.060000000000002,42.810000000000002,496680,10871,42.725253000000002
2025-05-28 04:00:00+00:00,42.549999999999997,42.740000000000002,41.780000000000001,41.899999999999999,635612,9874,41.986987999999997
2025-05-29 04:00:00+00:00,42.240000000000002,42.5,41.719999999999999,42.479999999999997,714496,12930,42.314880000000002
2025-05-30 04:00:00+00:00,42.100000000000001,42.289999999999999,41.494999999999997,41.950000000000003,1879266,15809,41.968882999999998
2025-06-02 04:00:00+00:00,41.109999999999999,41.219999999999999,40.149999999999999,40.229999999999997,739817,14052,40.327724000000003
2025-06-03 04:00:00+00:00,40.07,41.149999999999999,39.700000000000003,40.880000000000003,644316,15184,40.789378999999997
2025-06-04 04:00:00+00:00,40.950000000000003,41.085000000000001,40.659999999999997,40.659999999999997,560675,11644,40.784275000000001
2025-06-05 04:00:00+00:00,40.649999999999999,40.649999999999999,39.469999999999999,40.149999999999999,715302,13207,40.106656000000001
2025-06-06 04:00:00+00:00,40.630000000000003,41.354999999999997,40.155000000000001,40.609999999999999,707399,12164,40.566122
2025-06-09 04:00:00+00:00,41.07,41.07,40.000100000000003,40.759999999999998,663315,14453,40.709600999999999
2025-06-10 04:00:00+00:00,41.340000000000003,43.25,40.9925,42.700000000000003,1159852,19502,42.654091999999999
2025-06-11 04:00:00+00:00,43,43.149999999999999,42.039999999999999,42.390000000000001,848220,15761,42.415714000000001
2025-06-12 04:00:00+00:00,41.82,43.25,41.405000000000001,42.869999999999997,1149663,21585,42.800390999999998
2025-06-13 04:00:00+00:00,42.149999999999999,42.314999999999998,40.100000000000001,40.32,786986,15238,40.601979
2025-06-16 04:00:00+00:00,40.890000000000001,41.289999999999999,40.420000000000002,41.079999999999998,721781,14222,40.999578
2025-06-17 04:00:00+00:00,40.799999999999997,40.890000000000001,39.829999999999998,39.920000000000002,532506,11471,40.134511000000003
2025-06-18 04:00:00+00:00,40.090000000000003,40.560000000000002,39.700000000000003,39.789999999999999,792391,13149,39.979143000000001
2025-06-20 04:00:00+00:00,39.840000000000003,39.854999999999997,37.990000000000002,38.5,1380383,16974,38.600977
2025-06-23 04:00:00+00:00,38.219999999999999,38.835000000000001,38.009999999999998,38.780000000000001,595912,11601,38.662047999999999
2025-06-24 04:00:00+00:00,39.200000000000003,40.085000000000001,38.93,39.899999999999999,979226,13275,39.772809000000002
2025-06-25 04:00:00+00:00,39.810000000000002,39.945,39.100000000000001,39.399999999999999,653117,10679,39.468452999999997
2025-06-26 04:00:00+00:00,39.719999999999999,40.895000000000003,39.479999999999997,40.689999999999998,892060,14031,40.547983000000002
2025-06-27 04:00:00+00:00,41.049999999999997,41.049999999999997,40.07,40.469999999999999,782141,11767,40.502093000000002
2025-06-30 04:00:00+00:00,40.5,40.82,40.159999999999997,40.399999999999999,689125,10576,40.460161999999997
2025-07-01 04:00:00+00:00,40.259999999999998,43.719999999999999,40.090000000000003,42.359999999999999,954516,17914,42.378455000000002
2025-07-02 04:00:00+00:00,42.609999999999999,44.200000000000003,42.002800000000001,44.020000000000003,1477557,20569,43.776648000000002
2025-07-03 04:00:00+00:00,44.189999999999998,44.579999999999998,43.994999999999997,44.259999999999998,824170,9315,44.272129999999997
2025-07-07 04:00:00+00:00,43.890000000000001,44.780000000000001,42.939999999999998,42.960000000000001,1305797,19988,43.355567999999998
2025-07-08 04:00:00+00:00,42.979999999999997,45.329999999999998,42.979999999999997,44.219999999999999,1385582,22933,44.388255999999998
2025-07-09 04:00:00+00:00,44.520000000000003,45.115000000000002,44.325000000000003,44.689999999999998,1190350,16326,44.765408999999998
2025-07-10 04:00:00+00:00,45,45.869999999999997,44.5,44.920000000000002,871752,15656,45.188018999999997
2025-07-11 04:00:00+00:00,44.340000000000003,44.484999999999999,43.710000000000001,44.090000000000003,754201,12774,44.069679999999998
2025-07-14 04:00:00+00:00,43.960000000000001,44.384999999999998,42.869999999999997,43.5,1188302,15998,43.420518999999999
2025-07-15 04:00:00+00:00,43.75,44.039999999999999,42.259999999999998,42.329999999999998,1281958,20295,42.628996999999998
2025-07-16 04:00:00+00:00,42.82,43.399999999999999,41.968600000000002,43.100000000000001,1501544,23299,42.896723999999999
2025-07-17 04:00:00+00:00,47.189999999999998,47.335000000000001,42.810000000000002,44.359999999999999,3000748,37848,44.408651999999996
2025-07-18 04:00:00+00:00,44.520000000000003,44.840000000000003,43.030000000000001,43.25,1183716,19320,43.451149000000001
2025-07-21 04:00:00+00:00,43.490000000000002,43.649999999999999,42.104999999999997,42.119999999999997,1041080,18308,42.616290999999997
2025-07-22 04:00:00+00:00,42.409999999999997,44.490000000000002,42.219999999999999,44.460000000000001,1010292,20857,44.010838999999997
2025-07-23 04:00:00+00:00,45.07,45.420200000000001,44.18,45.07,757883,16021,45.013607999999998
2025-07-24 04:00:00+00:00,44.979999999999997,45.229999999999997,44.219999999999999,44.759999999999998,764618,16369,44.697298000000004
2025-07-25 04:00:00+00:00,44.899999999999999,45.740000000000002,44.590000000000003,45.700000000000003,833699,13189,45.472600999999997
2025-07-28 04:00:00+00:00,45.549999999999997,45.909999999999997,44.909999999999997,45.18,875073,16001,45.323532
2025-07-29 04:00:00+00:00,44.990000000000002,45.390000000000001,43.659999999999997,44.030000000000001,1047985,16287,44.172170000000001
2025-07-30 04:00:00+00:00,44.380000000000003,44.479999999999997,42.039999999999999,42.469999999999999,736804,15524,42.811255000000003
2025-07-31 04:00:00+00:00,41.729999999999997,42.5,41.115000000000002,41.25,1550145,15739,41.343691999999997
2025-08-01 04:00:00+00:00,40.890000000000001,41.149999999999999,39.009999999999998,39.25,1013048,18918,39.379770000000001
2025-08-04 04:00:00+00:00,39.280000000000001,39.729999999999997,38.520000000000003,38.659999999999997,909259,17683,38.847667999999999
2025-08-05 04:00:00+00:00,38.920000000000002,39.708500000000001,38.509999999999998,39.25,782845,15083,39.256379000000003
2025-08-06 04:00:00+00:00,39.479999999999997,39.619999999999997,37.969999999999999,38.399999999999999,1026654,17727,38.372222999999998
2025-08-07 04:00:00+00:00,38.859999999999999,39.579999999999998,38.810000000000002,39.43,796637,16170,39.303826000000001
2025-08-08 04:00:00+00:00,39.700000000000003,40.850000000000001,39.409999999999997,40.479999999999997,718628,15805,40.466844999999999
2025-08-11 04:00:00+00:00,40.460000000000001,40.840000000000003,39.119999999999997,39.759999999999998,774450,13077,39.631245
2025-08-12 04:00:00+00:00,39.93,40.479999999999997,39.375,39.75,876463,13903,39.880386999999999
2025-08-13 04:00:00+00:00,39.93,41.780000000000001,39.810000000000002,41.770000000000003,787473,14382,41.442297000000003
2025-08-14 04:00:00+00:00,40.920000000000002,41.399999999999999,40.57,41.189999999999998,434651,10433,41.054243999999997
2025-08-15 04:00:00+00:00,41.43,41.670000000000002,40.789999999999999,41.270000000000003,706119,11798,41.285933999999997
2025-08-18 04:00:00+00:00,41.299999999999997,41.520000000000003,40.990000000000002,41.240000000000002,940717,15190,41.233283999999998
2025-08-19 04:00:00+00:00,41.619999999999997,42.609999999999999,41.369999999999997,42.210000000000001,774898,14625,42.119450000000001
2025-08-20 04:00:00+00:00,42.299999999999997,42.82,41.799999999999997,42.149999999999999,674433,12009,42.105113000000003
2025-08-21 04:00:00+00:00,41.649999999999999,42.134999999999998,41.299999999999997,41.689999999999998,610641,11985,41.744571000000001
2025-08-22 04:00:00+00:00,42.009999999999998,44.420000000000002,41.984999999999999,44.420000000000002,599611,12741,44.056083999999998
2025-08-25 04:00:00+00:00,44.369999999999997,44.619999999999997,43.960000000000001,44.159999999999997,625890,13266,44.209878000000003
2025-08-26 04:00:00+00:00,43.899999999999999,44.399999999999999,40.909999999999997,41.039999999999999,1381605,19782,41.656616999999997
2025-08-27 04:00:00+00:00,40.840000000000003,41.93,40.700000000000003,41.829999999999998,856261,17964,41.578305999999998
2025-08-28 04:00:00+00:00,42.170000000000002,42.170000000000002,40.840000000000003,41.310000000000002,486148,12095,41.232536000000003
2025-08-29 04:00:00+00:00,41.420000000000002,42.520000000000003,41.289999999999999,42.399999999999999,650636,11351,42.247352999999997
2025-09-02 04:00:00+00:00,41.799999999999997,42.210000000000001,40.539999999999999,41.219999999999999,837999,16555,41.228093999999999
2025-09-03 04:00:00+00:00,41.07,41.649999999999999,40.560000000000002,40.840000000000003,475325,12447,40.831915000000002
2025-09-04 04:00:00+00:00,40.840000000000003,41.32,40.409999999999997,41.310000000000002,606296,11161,41.093381999999998
2025-09-05 04:00:00+00:00,41.520000000000003,42.369999999999997,41.104999999999997,41.259999999999998,786498,15195,41.433365999999999
2025-09-08 04:00:00+00:00,41.100000000000001,41.219999999999999,38.119999999999997,38.490000000000002,1583726,28923,38.753534000000002
2025-09-09 04:00:00+00:00,38.399999999999999,39.259999999999998,38.310000000000002,38.439999999999998,1014243,18097,38.589964999999999
2025-09-10 04:00:00+00:00,38.039999999999999,38.590000000000003,37.57,37.899999999999999,1118029,21914,37.915607999999999
2025-09-11 04:00:00+00:00,38.119999999999997,39.600000000000001,37.82,39.579999999999998,1011682,17246,39.013691999999999
2025-09-12 04:00:00+00:00,39.689999999999998,39.689999999999998,38.390000000000001,38.390000000000001,885635,13741,38.613152999999997
2025-09-15 04:00:00+00:00,38.799999999999997,38.93,38.045000000000002,38.140000000000001,780833,15575,38.285544000000002
2025-09-16 04:00:00+00:00,38.18,38.469999999999999,37.57,38.280000000000001,883580,18840,38.152124999999998
2025-09-17 04:00:00+00:00,38.280000000000001,39.439999999999998,37.520000000000003,37.789999999999999,737458,14395,38.160688
2025-09-18 04:00:00+00:00,38.270000000000003,38.299999999999997,37.649999999999999,38.07,876294,16125,38.070923999999998
2025-09-19 04:00:00+00:00,38.090000000000003,38.109900000000003,36.960000000000001,37.340000000000003,9102737,18961,37.343910999999999
2025-09-22 04:00:00+00:00,37.130000000000003,37.975000000000001,37.045000000000002,37.829999999999998,1124767,18481,37.625951999999998
2025-09-23 04:00:00+00:00,37.909999999999997,38.350000000000001,37.149999999999999,37.329999999999998,989929,17315,37.462010999999997
2025-09-24 04:00:00+00:00,37.119999999999997,39.18,37.119999999999997,39.119999999999997,1196354,20799,38.760962999999997
2025-09-25 04:00:00+00:00,39.090000000000003,39.189999999999998,37.579999999999998,37.780000000000001,766879,16779,38.064835000000002
2025-09-26 04:00:00+00:00,37.829999999999998,38.810000000000002,37.689999999999998,38.590000000000003,875440,16735,38.572339999999997
2025-09-29 04:00:00+00:00,39.200000000000003,39.200000000000003,37.850000000000001,38.079999999999998,887053,15883,38.079704999999997
2025-09-30 04:00:00+00:00,37.880000000000003,38.289999999999999,37.399999999999999,37.899999999999999,507930,11612,37.791798999999997
2025-10-01 04:00:00+00:00,38.299999999999997,38.68,37.700000000000003,38.210000000000001,612439,12709,38.164003000000001
2025-10-02 04:00:00+00:00,37.920000000000002,38.768999999999998,37.520000000000003,38.630000000000003,816619,17518,38.415827
2025-10-03 04:00:00+00:00,38.850000000000001,39.770000000000003,38.729999999999997,39.210000000000001,1186511,12720,39.230742999999997
2025-10-06 04:00:00+00:00,39.310000000000002,39.825000000000003,38.770000000000003,39.299999999999997,922042,17187,39.421658999999998
2025-10-07 04:00:00+00:00,39.450000000000003,39.450000000000003,38.130000000000003,38.359999999999999,767142,15204,38.410142999999998
2025-10-08 04:00:00+00:00,38.020000000000003,38.954999999999998,38.009999999999998,38.840000000000003,759490,16215,38.745457999999999
2025-10-09 04:00:00+00:00,38.710000000000001,39.511400000000002,38.710000000000001,39.130000000000003,1296305,22673,39.163319999999999
2025-10-10 04:00:00+00:00,39.399999999999999,39.439999999999998,37.75,38.020000000000003,1050533,17574,38.201064000000002
2025-10-13 04:00:00+00:00,38.109999999999999,39.075000000000003,37.979999999999997,37.990000000000002,885993,16331,38.254539999999999
2025-10-14 04:00:00+00:00,36.950000000000003,38.149999999999999,36.189999999999998,37.969999999999999,1295515,22041,37.713833999999999
2025-10-15 04:00:00+00:00,38.140000000000001,38.490000000000002,37.579999999999998,38.020000000000003,1105141,20507,38.142277
2025-10-16 04:00:00+00:00,40.719999999999999,40.719999999999999,35.079999999999998,35.539999999999999,1875203,30642,35.891865000000003
2025-10-17 04:00:00+00:00,34.859999999999999,35.520000000000003,33.259999999999998,33.710000000000001,1802243,27159,33.801149000000002
2025-10-20 04:00:00+00:00,34.039999999999999,34.3277,33.560000000000002,33.93,1152950,17051,33.930183999999997
2025-10-21 04:00:00+00:00,33.93,34.865000000000002,33.509999999999998,34.380000000000003,930300,15901,34.428598999999998
2025-10-22 04:00:00+00:00,34.159999999999997,34.375,33.25,33.390000000000001,1112931,19831,33.587291
2025-10-23 04:00:00+00:00,33.479999999999997,33.762999999999998,32.859999999999999,33.630000000000003,908341,17578,33.508656000000002
2025-10-24 04:00:00+00:00,34.219999999999999,34.340000000000003,33.07,33.109999999999999,738846,13230,33.311014999999998
2025-10-27 04:00:00+00:00,33.039999999999999,33.549999999999997,32.68,32.850000000000001,1483276,19884,32.899628999999997
2025-10-28 04:00:00+00:00,32.719999999999999,32.994999999999997,32.020000000000003,32.439999999999998,1289836,19064,32.506151000000003
2025-10-29 04:00:00+00:00,32.149999999999999,32.405000000000001,30.59,30.620000000000001,1234059,20221,31.091161
2025-10-30 04:00:00+00:00,30.32,30.890000000000001,30,30.140000000000001,1489420,23386,30.298162999999999
2025-10-31 04:00:00+00:00,29.91,30.780000000000001,29.390000000000001,30.66,1692956,16359,30.578621999999999
2025-11-03 05:00:00+00:00,30.559999999999999,30.559999999999999,29.77,30.09,1266227,19438,30.116107
2025-11-04 05:00:00+00:00,30,30.719999999999999,29.82,29.899999999999999,892055,17840,30.052206999999999
2025-11-05 05:00:00+00:00,30.039999999999999,30.350000000000001,29.359999999999999,29.780000000000001,1137409,18321,29.747329000000001
2025-11-06 05:00:00+00:00,29.620000000000001,29.890000000000001,28.559999999999999,28.600000000000001,871849,14854,28.827266000000002
2025-11-07 05:00:00+00:00,28.489999999999998,28.969999999999999,28.309999999999999,28.710000000000001,897207,14053,28.628952000000002
2025-11-10 05:00:00+00:00,28.969999999999999,28.969999999999999,27.585000000000001,27.640000000000001,1212885,16475,27.775639000000002
2025-11-11 05:00:00+00:00,27.670000000000002,29.489999999999998,27.670000000000002,29.449999999999999,1460608,22450,29.129860000000001
2025-11-12 05:00:00+00:00,29.469999999999999,29.609999999999999,28.640000000000001,28.899999999999999,1323552,18586,28.928322999999999
2025-11-13 05:00:00+00:00,28.84,29.640000000000001,28.579999999999998,28.859999999999999,1130845,16086,28.9969
2025-11-14 05:00:00+00:00,28.800000000000001,28.800000000000001,27.890000000000001,28.640000000000001,1228382,18189,28.525753999999999
2025-11-17 05:00:00+00:00,28.57,28.57,27.890000000000001,28.010000000000002,1058727,16400,28.114930999999999
2025-11-18 05:00:00+00:00,27.829999999999998,28.164999999999999,27.300000000000001,27.809999999999999,1094666,16691,27.690090999999999
2025-11-19 05:00:00+00:00,27.699999999999999,27.780000000000001,26.851199999999999,27.190000000000001,977632,14809,27.162030000000001
2025-11-20 05:00:00+00:00,27.239999999999998,27.48,26.140000000000001,26.629999999999999,1359070,22376,26.588573
2025-11-21 05:00:00+00:00,26.800000000000001,28.457999999999998,26.609999999999999,28.100000000000001,1071859,17148,27.918688
2025-11-24 05:00:00+00:00,28.09,28.219999999999999,27.190000000000001,27.460000000000001,1371451,17817,27.438281
2025-11-25 05:00:00+00:00,27.73,28.719999999999999,27.470099999999999,28.32,1083564,15393,28.309339000000001
2025-11-26 05:00:00+00:00,28,28.809999999999999,27.960000000000001,28.469999999999999,1086659,14762,28.530864999999999
2025-11-28 05:00:00+00:00,28.460000000000001,28.870000000000001,28.414999999999999,28.760000000000002,425530,7394,28.735703999999998
2025-12-01 05:00:00+00:00,27.780000000000001,28.699999999999999,27.719999999999999,28.5,856463,11759,28.435123999999998
2025-12-02 05:00:00+00:00,28.629999999999999,28.940000000000001,27.899999999999999,28.600000000000001,736396,12463,28.547930999999998
2025-12-03 05:00:00+00:00,28.699999999999999,29.260000000000002,28.609999999999999,28.77,819875,15099,28.896215999999999
2025-12-04 05:00:00+00:00,29.004999999999999,29.004999999999999,27.879999999999999,28.109999999999999,797375,16103,28.211407000000001
2025-12-05 05:00:00+00:00,27.93,28.460000000000001,27.809999999999999,27.890000000000001,664128,14032,27.990682
2025-12-08 05:00:00+00:00,27.84,28.09,27.5,27.77,972907,15452,27.838336000000002
2025-12-09 05:00:00+00:00,27.550000000000001,27.93,27.399999999999999,27.510000000000002,707237,12686,27.552510000000002
2025-12-10 05:00:00+00:00,27.539999999999999,28.465,27.43,28.41,1534885,12730,28.2666
2025-12-11 05:00:00+00:00,28.719999999999999,29.190000000000001,28.390000000000001,28.539999999999999,804845,15518,28.636144000000002
2025-12-12 05:00:00+00:00,28.960000000000001,29.77,28.815000000000001,29.359999999999999,976826,17927,29.361215000000001
2025-12-15 05:00:00+00:00,29.710000000000001,29.920000000000002,28.855,29.539999999999999,1276896,16777,29.419989999999999
2025-12-16 05:00:00+00:00,29.59,30.109999999999999,29.164999999999999,29.309999999999999,1036348,16549,29.43938
2025-12-17 05:00:00+00:00,29.07,30.07,29.07,29.510000000000002,665792,11598,29.580559999999998
2025-12-18 05:00:00+00:00,30.664999999999999,31.309999999999999,30.010000000000002,30.48,1322507,20694,30.560217999999999
2025-12-19 05:00:00+00:00,30.239999999999998,30.43,29.780000000000001,29.859999999999999,1653008,14506,29.928235999999998
2025-12-22 05:00:00+00:00,29.670000000000002,30.219999999999999,29.300000000000001,29.609999999999999,789709,13202,29.619510999999999
2025-12-23 05:00:00+00:00,29.530000000000001,29.627800000000001,28.84,29.030000000000001,809452,11382,29.041681000000001
2025-12-24 05:00:00+00:00,29.170000000000002,29.420000000000002,28.829999999999998,29.350000000000001,303177,6308,29.249141999999999
2025-12-26 05:00:00+00:00,29.5,29.885000000000002,29.355,29.829999999999998,598674,9971,29.719816000000002
2025-12-29 05:00:00+00:00,29.859999999999999,30.170000000000002,29.510000000000002,30.149999999999999,985186,10682,29.946825
2025-12-30 05:00:00+00:00,30.100000000000001,30.600000000000001,30.100000000000001,30.27,693322,12291,30.341066999999999
2025-12-31 05:00:00+00:00,30.100000000000001,30.315000000000001,29.690000000000001,29.73,534649,10174,29.862767000000002
2026-01-02 05:00:00+00:00,29.91,30.285,29.23,30.059999999999999,681022,12705,30.003374000000001
2026-01-05 05:00:00+00:00,30.02,31.059999999999999,29.649999999999999,29.989999999999998,1199024,17431,30.120555
2026-01-06 05:00:00+00:00,29.48,30.829999999999998,29.375,30.559999999999999,920426,14724,30.440653999999999
2026-01-07 05:00:00+00:00,30.609999999999999,30.774999999999999,29.710000000000001,29.789999999999999,627247,12749,29.896218999999999
2026-01-08 05:00:00+00:00,29.52,31.109999999999999,29.41,30.969999999999999,1123160,17314,30.754175
2026-01-09 05:00:00+00:00,31.140000000000001,31.75,30.300000000000001,31.41,743191,13386,31.162655000000001
2026-01-12 05:00:00+00:00,31.16,31.609999999999999,30.585000000000001,30.98,888119,16755,30.966173999999999
2026-01-13 05:00:00+00:00,31.059999999999999,31.120000000000001,29.395,29.609999999999999,1298465,22173,29.73807
2026-01-14 05:00:00+00:00,29.68,30.850000000000001,29.620000000000001,30.539999999999999,931978,16280,30.422754000000001
2026-01-15 05:00:00+00:00,30.550000000000001,31.100000000000001,30.149999999999999,30.969999999999999,809340,13646,30.893101999999999
2026-01-16 05:00:00+00:00,30.390000000000001,30.666,29.77,30.07,742308,15003,30.070851999999999
2026-01-20 05:00:00+00:00,29.43,29.698699999999999,28.829999999999998,29.280000000000001,1102452,16832,29.255485
2026-01-21 05:00:00+00:00,29.460000000000001,30.550000000000001,29.449999999999999,30.350000000000001,855832,16026,30.186810000000001
2026-01-22 05:00:00+00:00,30.600000000000001,31.539999999999999,30.600000000000001,31.350000000000001,918873,16254,31.289383999999998
2026-01-23 05:00:00+00:00,31.32,31.52,30.504999999999999,30.600000000000001,857028,15322,30.770030999999999
2026-01-26 05:00:00+00:00,31.030000000000001,31.030000000000001,30,30.399999999999999,680191,14258,30.334911000000002
2026-01-27 05:00:00+00:00,30.129999999999999,30.280000000000001,29.594999999999999,30.100000000000001,860349,16534,30.005102999999998
2026-01-28 05:00:00+00:00,30.34,30.530000000000001,28.859999999999999,28.960000000000001,1494640,23904,29.169032000000001
2026-01-29 05:00:00+00:00,30.125,34.130000000000003,28.631699999999999,33.289999999999999,3093827,42268,32.651587999999997
2026-01-30 05:00:00+00:00,34.420000000000002,36.350000000000001,33.75,36.329999999999998,2886842,38199,35.769928999999998
2026-02-02 05:00:00+00:00,36.149999999999999,37.020000000000003,35.200000000000003,36.68,1643562,28520,36.568356000000001
2026-02-03 05:00:00+00:00,36.979999999999997,37.5,34.090000000000003,34.810000000000002,1913045,30744,35.174281999999998
2026-02-04 05:00:00+00:00,35.43,37.07,35.149999999999999,36.810000000000002,1053180,23300,36.560034999999999
2026-02-05 05:00:00+00:00,36.969999999999999,37.590000000000003,35.880000000000003,36.640000000000001,1441226,24353,36.614534999999997
2026-02-06 05:00:00+00:00,36.609999999999999,37.369999999999997,36.5,36.640000000000001,1337006,18948,36.828986999999998
2026-02-09 05:00:00+00:00,36.399999999999999,36.399999999999999,33.950000000000003,34,1114745,17407,34.433422
2026-02-10 05:00:00+00:00,34.090000000000003,34.899999999999999,33.825000000000003,34.359999999999999,1097169,18230,34.508752000000001
2026-02-11 05:00:00+00:00,34.240000000000002,34.479999999999997,30.321400000000001,31.010000000000002,2336815,37972,31.696193999999998
2026-02-12 05:00:00+00:00,31.050000000000001,31.739999999999998,28.309999999999999,29.210000000000001,3107514,42931,29.482064999999999
2026-02-13 05:00:00+00:00,29.43,29.550000000000001,28.300000000000001,28.66,2295599,31187,28.792161
2026-02-17 05:00:00+00:00,28.649999999999999,28.829999999999998,27.640000000000001,28.359999999999999,1689684,21894,28.216898
2026-02-18 05:00:00+00:00,28.609999999999999,30.375,28.605,29.48,1398921,20547,29.692155
2026-02-19 05:00:00+00:00,29.289999999999999,30.120000000000001,28.670000000000002,29.030000000000001,1369766,19235,29.061176
2026-02-20 05:00:00+00:00,28.890000000000001,29.699999999999999,28.030000000000001,28.66,1285973,17379,28.715140000000002
2026-02-23 05:00:00+00:00,28.260000000000002,28.366800000000001,26.129999999999999,26.129999999999999,1972986,25581,26.665761
2026-02-24 05:00:00+00:00,26.260000000000002,26.899999999999999,25.649999999999999,25.75,1805902,22492,25.913613999999999
2026-02-25 05:00:00+00:00,25.870000000000001,26.285,25.149999999999999,25.829999999999998,2556572,29847,25.882428000000001
2026-02-26 05:00:00+00:00,26.199999999999999,28.440000000000001,26.109999999999999,27.899999999999999,2058035,28534,27.771286
2026-02-27 05:00:00+00:00,27.34,28.030000000000001,26.57,27.969999999999999,1999579,21743,27.609684000000001
2026-03-02 05:00:00+00:00,26.710000000000001,27.779900000000001,25.870000000000001,27.02,1836294,23096,26.639251999999999
2026-03-03 05:00:00+00:00,26.449999999999999,28.329999999999998,26.219999999999999,28.050000000000001,1350761,21341,27.812839
2026-03-04 05:00:00+00:00,28.079999999999998,28.190000000000001,27.309999999999999,27.960000000000001,971769,15734,27.901056000000001
2026-03-05 05:00:00+00:00,27.640000000000001,28.870000000000001,27.5,28.699999999999999,1099913,20203,28.601343
2026-03-06 05:00:00+00:00,28.41,29.460000000000001,27.66,29.100000000000001,1597673,22326,28.865378
2026-03-09 04:00:00+00:00,28.719999999999999,28.75,27.489999999999998,28.41,1668944,20086,28.240321999999999
2026-03-10 04:00:00+00:00,28.350000000000001,28.390000000000001,27.129999999999999,27.739999999999998,1450978,19963,27.808892
2026-03-11 04:00:00+00:00,27.920000000000002,28.09,26.809999999999999,27.309999999999999,967282,18308,27.258725999999999
2026-03-12 04:00:00+00:00,27.149999999999999,27.899999999999999,26.34,26.41,1163349,18012,26.749500000000001
2026-03-13 04:00:00+00:00,26.66,26.98,25.675000000000001,25.82,967980,17283,26.022338999999999
2026-03-16 04:00:00+00:00,25.84,26.640000000000001,25.719999999999999,26.190000000000001,965287,16396,26.212527000000001
2026-03-17 04:00:00+00:00,26.699999999999999,27.620000000000001,26.27,26.420000000000002,1037819,14561,26.579011999999999
2026-03-18 04:00:00+00:00,26.460000000000001,26.989999999999998,25.77,26.050000000000001,1130903,15897,26.308716
2026-03-19 04:00:00+00:00,26.039999999999999,27.260000000000002,26.010000000000002,26.289999999999999,1094797,18200,26.528948
2026-03-20 04:00:00+00:00,26.359999999999999,27.170000000000002,26,26.620000000000001,1513226,16099,26.713052000000001
2026-03-23 04:00:00+00:00,27.16,28.190000000000001,26.379999999999999,27.850000000000001,1157053,18037,27.637615
2026-03-24 04:00:00+00:00,27.640000000000001,28.66,27.010000000000002,27.870000000000001,1622290,21008,28.004096000000001
2026-03-25 04:00:00+00:00,28.16,28.710000000000001,27.260000000000002,28.23,1165003,19673,28.001135999999999
2026-03-26 04:00:00+00:00,28.07,29.324999999999999,28.07,28.809999999999999,790039,15301,28.793800999999998
2026-03-27 04:00:00+00:00,28.539999999999999,28.739999999999998,28.02,28.420000000000002,841772,15040,28.459378000000001
2026-03-30 04:00:00+00:00,28.670000000000002,29.84,28.460000000000001,29.73,972777,18619,29.503989000000001
2026-03-31 04:00:00+00:00,29.890000000000001,30.210000000000001,29.190000000000001,29.460000000000001,862410,17400,29.502357
2026-04-01 04:00:00+00:00,28.75,29.329999999999998,27.440000000000001,28.739999999999998,826496,16203,28.624177
2026-04-02 04:00:00+00:00,28.800000000000001,29.600000000000001,27.739999999999998,29.350000000000001,783708,16467,29.195775000000001
2026-04-06 04:00:00+00:00,29.23,29.344999999999999,28.550000000000001,28.600000000000001,1242828,15895,28.718754000000001
2026-04-07 04:00:00+00:00,28.5,28.780000000000001,28.164999999999999,28.300000000000001,559412,14245,28.385576
2026-04-08 04:00:00+00:00,28.620000000000001,29.390000000000001,27.73,27.859999999999999,1452403,21181,28.106245000000001
2026-04-09 04:00:00+00:00,27.530000000000001,28.719999999999999,26.739999999999998,28.719999999999999,1253670,20373,28.137848000000002
2026-04-10 04:00:00+00:00,28.370000000000001,28.789999999999999,26.25,26.93,1475004,21853,26.907972000000001
2026-04-13 04:00:00+00:00,26.57,29.43,26.350000000000001,29.190000000000001,1404920,21838,28.750254999999999
2026-04-14 04:00:00+00:00,28.899999999999999,30.059999999999999,28.899999999999999,29.23,1008691,14587,29.310134999999999
2026-04-15 04:00:00+00:00,29.399999999999999,30.800000000000001,29.274999999999999,30.73,1766179,27255,30.507835
2026-04-16 04:00:00+00:00,30.030000000000001,32.530000000000001,28.73,31,2049950,27850,30.671112999999998
2026-04-17 04:00:00+00:00,30.77,31.890000000000001,30.5,31.129999999999999,1288248,22497,31.23292
2026-04-20 04:00:00+00:00,30.960000000000001,32.560000000000002,30.640000000000001,31.870000000000001,1352984,23013,32.043188000000001
2026-04-21 04:00:00+00:00,32.189999999999998,33.060000000000002,31.780000000000001,31.829999999999998,1313870,20218,32.149428
2026-04-22 04:00:00+00:00,32.609999999999999,32.609999999999999,31.079999999999998,31.539999999999999,1102904,18157,31.459061999999999
2026-04-23 04:00:00+00:00,31.149999999999999,31.149999999999999,28.48,29.260000000000002,1584520,27612,29.266349000000002
2026-04-24 04:00:00+00:00,29.109999999999999,29.75,28.59,29.469999999999999,1687826,25932,29.394691999999999
2026-04-27 04:00:00+00:00,29.600000000000001,30.449999999999999,29.34,29.960000000000001,643381,15426,30.027744999999999
2026-04-28 04:00:00+00:00,30.890000000000001,31.949999999999999,30.890000000000001,31.219999999999999,788043,17338,31.352218000000001
2026-04-29 04:00:00+00:00,31.199999999999999,31.627300000000002,30.579999999999998,30.68,845547,14116,30.842517999999998
2026-04-30 04:00:00+00:00,30.34,30.800000000000001,30.010000000000002,30.27,837331,13424,30.327383000000001
2026-05-01 04:00:00+00:00,30.699999999999999,31.489999999999998,30.27,30.52,659475,12775,30.562000999999999
2026-05-04 04:00:00+00:00,30.010000000000002,30.899999999999999,29.629999999999999,29.739999999999998,779940,15090,29.927952999999999
2026-05-05 04:00:00+00:00,29.850000000000001,30.135000000000002,29.140000000000001,29.640000000000001,865779,12277,29.658828
2026-05-06 04:00:00+00:00,29.82,29.98,29.094999999999999,29.27,709225,13615,29.354469000000002
2026-05-07 04:00:00+00:00,29.350000000000001,30.879999999999999,29.32,30.449999999999999,811170,13488,30.365697999999998
2026-05-08 04:00:00+00:00,30.379999999999999,30.379999999999999,29.100000000000001,29.84,504589,9250,29.785806999999998
2026-05-11 04:00:00+00:00,29.989999999999998,30.231999999999999,28.899999999999999,28.949999999999999,845412,11462,29.149142000000001
2026-05-12 04:00:00+00:00,29.309999999999999,29.34,27.859999999999999,28.039999999999999,739649,12666,28.175791
2026-05-13 04:00:00+00:00,27.329999999999998,27.329999999999998,25.190000000000001,26.079999999999998,1777065,26522,25.890615
2026-05-14 04:00:00+00:00,26.16,26.91,25.68,25.940000000000001,948161,15926,26.229548999999999
2026-05-15 04:00:00+00:00,26.329999999999998,26.949999999999999,25.57,25.969999999999999,1015103,14100,26.002334000000001
2026-05-18 04:00:00+00:00,26.039999999999999,28.155000000000001,25.98,27.68,1029978,14696,27.666352
2026-05-19 04:00:00+00:00,28.18,28.5,26.920000000000002,27.239999999999998,736415,14841,27.414014999999999
2026-05-20 04:00:00+00:00,26.91,27.780000000000001,26.280000000000001,27.739999999999998,593709,11429,27.496855
2026-05-21 04:00:00+00:00,27.440000000000001,28.91,26.899999999999999,28.789999999999999,643736,12549,28.486556
2026-05-22 04:00:00+00:00,28.385000000000002,29.670000000000002,28.385000000000002,29.370000000000001,707306,12424,29.281248000000001
2026-05-26 04:00:00+00:00,29.460000000000001,29.66,28.510000000000002,28.699999999999999,885236,16855,28.769324999999998
2026-05-27 04:00:00+00:00,28.989999999999998,29.890000000000001,28.68,29.300000000000001,976388,15309,29.185123999999998
2026-05-28 04:00:00+00:00,29.350000000000001,30.350000000000001,29.274999999999999,30.329999999999998,810076,14529,30.150492
2026-05-29 04:00:00+00:00,30.34,32.310000000000002,29.91,31.629999999999999,1667237,19994,31.629474999999999
2026-06-01 04:00:00+00:00,30.879999999999999,33.384999999999998,30.879999999999999,32.93,1034120,18943,32.617069999999998
2026-06-02 04:00:00+00:00,32.43,32.564999999999998,31.550000000000001,31.620000000000001,683919,15606,31.889489000000001
2026-06-03 04:00:00+00:00,30.969999999999999,31.559999999999999,30.050000000000001,30.370000000000001,786186,15703,30.422028999999998
2026-06-04 04:00:00+00:00,31.27,32.469999999999999,31.045000000000002,32.009999999999998,634068,13883,31.931588999999999
2026-06-05 04:00:00+00:00,32.549999999999997,32.780000000000001,31.814299999999999,32.299999999999997,665042,13287,32.262675999999999
2026-06-08 04:00:00+00:00,32.039999999999999,33.159999999999997,31.690000000000001,32.43,809335,13777,32.642645000000002
2026-06-09 04:00:00+00:00,32.280000000000001,33.32,31.969999999999999,32.649999999999999,728994,14835,32.617669999999997
2026-06-10 04:00:00+00:00,32.740000000000002,33.909999999999997,32.399999999999999,33.07,855604,15290,33.274448999999997
2026-06-11 04:00:00+00:00,33,34.140000000000001,32.670000000000002,34,1013420,18484,33.761054000000001
2026-06-12 04:00:00+00:00,34,34.789999999999999,33.210000000000001,34,896503,13564,34.052517000000002
2026-06-15 04:00:00+00:00,33.399999999999999,34.234999999999999,33.200000000000003,33.350000000000001,932645,15131,33.527912000000001
2026-06-16 04:00:00+00:00,33.560000000000002,34.25,33.450000000000003,34.210000000000001,796994,13396,33.982582999999998
2026-06-17 04:00:00+00:00,34.630000000000003,36.149999999999999,33.850000000000001,34.289999999999999,1009487,18587,34.922711
2026-06-18 04:00:00+00:00,34.100000000000001,34.350000000000001,33.289999999999999,33.549999999999997,1098264,13481,33.669986000000002
2026-06-22 04:00:00+00:00,32.990000000000002,33.1843,31.074999999999999,31.329999999999998,889872,15313,31.556104000000001
2026-06-23 04:00:00+00:00,31.899999999999999,32.420000000000002,31.379999999999999,32.259999999999998,833171,15657,32.15784
2026-06-24 04:00:00+00:00,32.359999999999999,32.939999999999998,32.07,32.590000000000003,790805,14563,32.616186999999996
2026-06-25 04:00:00+00:00,32.810000000000002,34.134999999999998,32.560000000000002,33.810000000000002,1277736,22069,33.793413999999999
2026-06-26 04:00:00+00:00,33.600000000000001,37.350000000000001,33.600000000000001,36.200000000000003,7546211,26624,36.207689999999999
2026-06-29 04:00:00+00:00,35.990000000000002,36.329999999999998,35.384999999999998,35.920000000000002,1160043,21201,35.857194
2026-06-30 04:00:00+00:00,36.020000000000003,36.020000000000003,33.159999999999997,33.770000000000003,1268823,20754,33.775883
2026-07-01 04:00:00+00:00,34.170000000000002,37.75,34.170000000000002,37.130000000000003,1617769,23673,37.148660999999997
2026-07-02 04:00:00+00:00,37.68,38.905000000000001,36.969999999999999,38.789999999999999,902524,18335,38.392491999999997
2026-07-06 04:00:00+00:00,38.759999999999998,39.469999999999999,37.670000000000002,38.439999999999998,1131265,21428,38.695172999999997
2026-07-07 04:00:00+00:00,38.119999999999997,40.174999999999997,38.119999999999997,39.340000000000003,886999,18371,39.586660999999999
2026-07-08 04:00:00+00:00,39.359999999999999,39.490000000000002,37.530000000000001,37.859999999999999,1154458,14095,37.926301000000002
2026-07-09 04:00:00+00:00,37.270000000000003,37.850000000000001,36.590000000000003,37.469999999999999,1358339,18381,37.393095000000002
2026-07-10 04:00:00+00:00,38.549999999999997,38.770000000000003,37.810000000000002,38.710000000000001,927860,15147,38.522196999999998
2026-07-13 04:00:00+00:00,39.640000000000001,41,38.32,40.619999999999997,1247179,20957,40.515779999999999
2026-07-14 04:00:00+00:00,39.119999999999997,39.719999999999999,38.100000000000001,39.18,1078417,19391,39.22128
2026-07-15 04:00:00+00:00,39.329999999999998,40.829999999999998,38.633000000000003,39.020000000000003,1414665,20270,39.220668000000003
2026-07-16 04:00:00+00:00,46.780000000000001,53,46.780000000000001,51.649999999999999,5358987,69225,51.370694
2026-07-17 04:00:00+00:00,52.950000000000003,55.700000000000003,51.299999999999997,52.340000000000003,3347111,47344,52.830601999999999
2026-07-20 04:00:00+00:00,51.93,54.090000000000003,51.07,53.109999999999999,1751739,27745,53.128680000000003
2026-07-21 04:00:00+00:00,53.5,53.604999999999997,51.219999999999999,51.68,1573570,26124,51.733944000000001
2026-07-22 04:00:00+00:00,52.295000000000002,53,51.140000000000001,51.659999999999997,1298031,20882,51.687513000000003
2026-07-23 04:00:00+00:00,52.090000000000003,52.340000000000003,49.450000000000003,49.950000000000003,1544579,24427,50.037565999999998
2026-07-24 04:00:00+00:00,49.5,52.25,48.880000000000003,51.329999999999998,1187625,21463,51.331133000000001
2026-07-27 04:00:00+00:00,51.579999999999998,53.710000000000001,51.579999999999998,53.670000000000002,1615028,23052,53.315517
2026-07-28 04:00:00+00:00,54.899999999999999,56.460000000000001,54.289999999999999,55.399999999999999,1811447,24064,55.717199999999998
2026-07-29 04:00:00+00:00,55.969999999999999,57.079999999999998,55.549999999999997,55.859999999999999,1729967,25884,56.238604000000002
2026-07-30 04:00:00+00:00,53.960000000000001,55.090000000000003,51.600000000000001,51.880000000000003,1077543,21186,52.145775999999998
2026-07-31 04:00:00+00:00,50.82,52.600000000000001,50.43,52.420000000000002,1469192,19594,52.046996999999998
2026-08-03 04:00:00+00:00,53.409999999999997,55.030000000000001,53.289999999999999,54.100000000000001,1104282,19796,54.141281999999997
2026-08-04 04:00:00+00:00,52.789999999999999,54.899999999999999,52.352800000000002,54.799999999999997,798439,14667,54.300947000000001
2026-08-05 04:00:00+00:00,54.969999999999999,55.030000000000001,53.450099999999999,54.390000000000001,588926,13151,54.395587999999996
2026-08-06 04:00:00+00:00,54.280000000000001,55.479999999999997,53.719999999999999,55.340000000000003,1416527,20915,55.102521000000003
2026-08-07 04:00:00+00:00,55,57.935000000000002,55,56.600000000000001,904617,18765,56.978419000000002
2026-08-10 04:00:00+00:00,55.630000000000003,56.829999999999998,55,56.520000000000003,877238,13626,56.277965999999999
2026-08-11 04:00:00+00:00,56,56.719999999999999,55.170000000000002,56.240000000000002,543607,11840,56.085278000000002
2026-08-12 04:00:00+00:00,54.960000000000001,56.479999999999997,54.5,56.219999999999999,624163,11962,55.875852999999999
2026-08-13 04:00:00+00:00,56.670000000000002,59.100000000000001,56.609999999999999,59.090000000000003,971273,14178,58.305135999999997
2026-08-14 04:00:00+00:00,59.43,59.859999999999999,58.210000000000001,58.299999999999997,699838,13605,58.452697000000001
2026-08-17 04:00:00+00:00,57.770000000000003,57.810000000000002,56.469999999999999,56.770000000000003,764615,13756,56.878888000000003
2026-08-18 04:00:00+00:00,57.619999999999997,59.5,56.700000000000003,59.479999999999997,1562928,17452,58.979021000000003
2026-08-19 04:00:00+00:00,59.390000000000001,60.969900000000003,58.579999999999998,59.420000000000002,1526420,16895,59.295780999999998
2026-08-20 04:00:00+00:00,59.030000000000001,61,59,60.740000000000002,908235,14033,60.555622999999997
2026-08-21 04:00:00+00:00,60.439999999999998,62.450000000000003,60.159700000000001,61.450000000000003,922571,15804,61.478834999999997
2026-08-24 04:00:00+00:00,61.759999999999998,62.960000000000001,60.869999999999997,61.390000000000001,674473,13622,61.669500999999997
2026-08-25 04:00:00+00:00,60.759999999999998,62.280000000000001,59.805799999999998,62.090000000000003,779180,11978,61.861139000000001
2026-08-26 04:00:00+00:00,61.659999999999997,62.439999999999998,61.189999999999998,61.960000000000001,652631,11722,61.648086999999997
2026-08-27 04:00:00+00:00,61.75,62.950000000000003,61.186700000000002,62.210000000000001,425268,9496,62.188302999999998
2026-08-28 04:00:00+00:00,62.710000000000001,63.880000000000003,61.969999999999999,62.390000000000001,596482,11116,62.781529999999997
2026-08-31 04:00:00+00:00,62.270000000000003,63.219999999999999,61.280000000000001,62.950000000000003,945386,12361,62.738442999999997
2026-09-01 04:00:00+00:00,62.950000000000003,63.450000000000003,60.695,61.189999999999998,962301,14075,61.453955000000001
2026-09-02 04:00:00+00:00,60.630000000000003,61.68,59.539999999999999,60.270000000000003,511970,12465,60.401010999999997
2026-09-03 04:00:00+00:00,59.810000000000002,62,59.450000000000003,61.509999999999998,623342,13766,61.107582999999998
2026-09-04 04:00:00+00:00,60.780000000000001,62.039999999999999,59.25,61.979999999999997,548483,12692,61.564343000000001
2026-09-08 04:00:00+00:00,60.539999999999999,60.649999999999999,56.729999999999997,57.210000000000001,979091,18631,57.410854999999998
2026-09-09 04:00:00+00:00,57.009999999999998,57.840000000000003,54.979999999999997,56.719999999999999,1242248,18599,56.498815
2026-09-10 04:00:00+00:00,57.740000000000002,58.020000000000003,56.450000000000003,57.020000000000003,723951,14133,57.119469000000002
2026-09-11 04:00:00+00:00,57.130000000000003,57.740000000000002,55.5,56.460000000000001,667428,12021,56.368313000000001
2026-09-14 04:00:00+00:00,57.469999999999999,58.890000000000001,57.060000000000002,58.020000000000003,650383,12696,57.873004000000002
2026-09-15 04:00:00+00:00,57.969999999999999,58.634999999999998,56.789999999999999,58.450000000000003,828357,12164,58.251635999999998
2026-09-16 04:00:00+00:00,57.770000000000003,58.230699999999999,56.890000000000001,57.93,702205,13551,57.785710000000002
2026-09-17 04:00:00+00:00,58.039999999999999,58.211399999999998,57,57.670000000000002,604087,12581,57.634670999999997
