timestamp,open,high,low,close,volume,trade_count,vwap
2016-01-04 05:00:00+00:00,101.95,102.23999999999999,99.75,102.22,40592464,234429,101.33052499999999
2016-01-05 05:00:00+00:00,102.89,103.7099,101.66500000000001,102.73,24021945,143230,102.721052
2016-01-06 05:00:00+00:00,101.13,103.77,100.90000000000001,102.97,25678428,152003,102.671621
2016-01-07 05:00:00+00:00,100.5,101.43000000000001,97.299999999999997,97.920000000000002,46469979,271754,99.350526000000002
2016-01-08 05:00:00+00:00,99.879999999999995,100.5,97.031099999999995,97.329999999999998,36533649,204105,98.907319000000001
2016-01-11 05:00:00+00:00,97.909999999999997,98.599999999999994,95.390000000000001,97.510000000000005,30652421,178521,96.888253000000006
2016-01-12 05:00:00+00:00,99,99.959999999999994,97.549999999999997,99.370000000000005,29365186,168244,99.065267000000006
2016-01-13 05:00:00+00:00,100.58,100.58,95.209999999999994,95.439999999999998,34413805,197260,97.527313000000007
2016-01-14 05:00:00+00:00,95.849999999999994,98.870000000000005,92.450000000000003,98.370000000000005,50058183,272685,96.122350999999995
2016-01-15 05:00:00+00:00,93.980000000000004,96.379999999999995,93.540000000000006,94.969999999999999,49249968,271782,94.876159999999999
2016-01-19 05:00:00+00:00,96.530000000000001,97.420000000000002,93.920000000000002,95.260000000000005,31998808,170892,95.717129
2016-01-20 05:00:00+00:00,92.829999999999998,95,89.370000000000005,94.349999999999994,60576422,336813,92.010006000000004
2016-01-21 05:00:00+00:00,94.909999999999997,95.989999999999995,92.620000000000005,94.159999999999997,31264908,179890,94.811437999999995
2016-01-22 05:00:00+00:00,96.409999999999997,98.069999999999993,95.489999999999995,97.939999999999998,31534585,166638,97.087655999999996
2016-01-25 05:00:00+00:00,98.719999999999999,99.480000000000004,96.930000000000007,97.010000000000005,34128067,167774,98.210682000000006
2016-01-26 05:00:00+00:00,97.760000000000005,97.879999999999995,95.659999999999997,97.340000000000003,27635806,153979,96.884833
2016-01-27 05:00:00+00:00,97.790000000000006,97.849999999999994,94.230000000000004,94.450000000000003,60528800,305032,95.898855999999995
2016-01-28 05:00:00+00:00,107.2,110.34,104.81,109.11,109480590,603173,107.87523899999999
2016-01-29 05:00:00+00:00,108.98999999999999,112.84,108.84,112.20999999999999,66258706,333027,111.666422
2016-02-01 05:00:00+00:00,112.27,115.72,112.01000000000001,115.09,47277652,252336,114.507757
2016-02-02 05:00:00+00:00,114.8,117.59,113.2,114.61,57052127,291394,115.280626
2016-02-03 05:00:00+00:00,115.27,115.3407,109.75,112.69,57636431,309550,111.999906
2016-02-04 05:00:00+00:00,111.8,111.94,109.25,110.48999999999999,40116600,225990,110.46475
2016-02-05 05:00:00+00:00,109.51000000000001,109.58,103.18000000000001,104.06999999999999,78008730,427950,105.176925
2016-02-08 05:00:00+00:00,100.41,102.68000000000001,97.459999999999994,99.75,72715569,433775,99.612559000000005
2016-02-09 05:00:00+00:00,97.140000000000001,102.40000000000001,96.819999999999993,99.540000000000006,63532869,348772,99.932644999999994
2016-02-10 05:00:00+00:00,101.55,103.25,100.23999999999999,101,45868972,245526,101.96214500000001
2016-02-11 05:00:00+00:00,99.599999999999994,105.11,98.879999999999995,101.91,44649400,244501,100.60646199999999
2016-02-12 05:00:00+00:00,103.73999999999999,104.23999999999999,101.09,102.01000000000001,37417967,202652,102.581305
2016-02-16 05:00:00+00:00,103.8,103.93000000000001,100.23999999999999,101.61,47146782,273205,101.75099899999999
2016-02-17 05:00:00+00:00,101.94,105.72,100.40000000000001,105.2,45344070,231940,103.911715
2016-02-18 05:00:00+00:00,105.8,106,103.03,103.47,30955776,162743,104.054382
2016-02-19 05:00:00+00:00,102.55,105.02,102.06,104.56999999999999,34137098,170483,103.987641
2016-02-22 05:00:00+00:00,105.48999999999999,108.25,105.34,107.16,32098350,173127,107.088553
2016-02-23 05:00:00+00:00,106.84999999999999,107.47,105.12,105.45999999999999,26061066,144568,106.03851400000001
2016-02-24 05:00:00+00:00,104.20999999999999,106.95,102.73999999999999,106.88,35518121,192560,104.797802
2016-02-25 05:00:00+00:00,107.11,108.06999999999999,105.61,108.06999999999999,30893754,164556,107.05716200000001
2016-02-26 05:00:00+00:00,108.7,109.45,107.16,107.92,27418915,150422,108.21414799999999
2016-02-29 05:00:00+00:00,107.59999999999999,108.9101,106.75,106.92,37981834,131446,107.572627
2016-03-01 05:00:00+00:00,107.83,109.81999999999999,107.59999999999999,109.81999999999999,28162049,151135,109.185491
2016-03-02 05:00:00+00:00,109.68000000000001,110.55,108.77,109.95,27329101,135634,109.651825
2016-03-03 05:00:00+00:00,110.25,110.3,108.54000000000001,109.58,21876701,121452,109.25773599999999
2016-03-04 05:00:00+00:00,110.05,110.05,107.93000000000001,108.39,25910444,130299,108.68788600000001
2016-03-07 05:00:00+00:00,108.06999999999999,108.06999999999999,104.72,105.73,32245703,185935,106.195193
2016-03-08 05:00:00+00:00,104.78,107.37,104.40000000000001,105.93000000000001,26536767,139270,106.304514
2016-03-09 05:00:00+00:00,106.7,107.51000000000001,105.48999999999999,107.51000000000001,21058281,115439,106.769063
2016-03-10 05:00:00+00:00,107.91,108.66,105.76990000000001,107.31999999999999,25305857,140486,107.24066500000001
2016-03-11 05:00:00+00:00,108.48,109.42,107.92,109.41,21774702,113019,108.820689
2016-03-14 04:00:00+00:00,109.28,110.33,108.77,109.89,17897459,96531,109.786743
2016-03-15 04:00:00+00:00,109.11,110.83,108.84,110.67,18572183,102486,110.096284
2016-03-16 04:00:00+00:00,110.48999999999999,112.5,110.09999999999999,112.18000000000001,25344295,144762,111.440821
2016-03-17 04:00:00+00:00,112.15000000000001,112.69,110.73,111.02,25068232,134143,111.440777
2016-03-18 04:00:00+00:00,111.56,112.42,110.27,111.45,43448720,139396,111.51904999999999
2016-03-21 04:00:00+00:00,111.66,112.37,111.03,111.84999999999999,19277089,113463,111.67445600000001
2016-03-22 04:00:00+00:00,111.36,112.88,111.17,112.25,20585165,91055,112.167868
2016-03-23 04:00:00+00:00,112.01000000000001,113.19,112,112.54000000000001,19205869,101615,112.666391
2016-03-24 04:00:00+00:00,112.13,113.09,111.68000000000001,113.05,18673488,93465,112.409983
2016-03-28 04:00:00+00:00,113.27,114.5889,112.95,113.69,22397966,112374,113.764568
2016-03-29 04:00:00+00:00,113.83,116.31999999999999,113.64,116.14,30512738,164077,115.19413900000001
2016-03-30 04:00:00+00:00,116.73999999999999,116.98999999999999,114.355,114.7,34136845,167085,115.491131
2016-03-31 04:00:00+00:00,114.7,115.01000000000001,113.76819999999999,114.09999999999999,22205710,115319,114.383629
2016-04-01 04:00:00+00:00,113.75,116.17,113.34999999999999,116.06,26312087,130249,115.402517
2016-04-04 04:00:00+00:00,114.06999999999999,114.55,111.61,112.55,49896979,268882,112.758612
2016-04-05 04:00:00+00:00,112.11,113.31999999999999,111.90000000000001,112.22,23509722,132688,112.63152700000001
2016-04-06 04:00:00+00:00,112.47,113.81,112.42,113.70999999999999,21283907,113185,113.300329
2016-04-07 04:00:00+00:00,113.79000000000001,114.89,113.0663,113.64,21365174,115574,113.864856
2016-04-08 04:00:00+00:00,114.25,114.33,109.90000000000001,110.63,49315050,235573,111.410816
2016-04-11 04:00:00+00:00,110.7,110.91,108.77,108.98999999999999,40723884,202089,109.61842
2016-04-12 04:00:00+00:00,109.34,111.1645,108.98999999999999,110.61,26748320,142315,110.34903
2016-04-13 04:00:00+00:00,112.23,112.65000000000001,106.52,110.51000000000001,88929641,417693,109.378022
2016-04-14 04:00:00+00:00,110.62,112.04000000000001,110.26000000000001,110.84,29200221,144982,111.15218400000001
2016-04-15 04:00:00+00:00,110.79000000000001,110.97,109.2,109.64,22563466,106670,109.88210599999999
2016-04-18 04:00:00+00:00,109.73999999999999,110.81,109.2,110.45,21756405,126094,110.079115
2016-04-19 04:00:00+00:00,111.09999999999999,112.45,109.16,112.29000000000001,31004319,173452,110.999827
2016-04-20 04:00:00+00:00,112.43000000000001,113.27,111.56,112.42,22054743,109256,112.467341
2016-04-21 04:00:00+00:00,112.55,114.04000000000001,112.31,113.44,21351601,116964,113.386618
2016-04-22 04:00:00+00:00,111.20999999999999,111.75,109.01000000000001,110.56,40457033,207061,110.227981
2016-04-25 04:00:00+00:00,109.87,110.67,109.06999999999999,110.09999999999999,21949715,104973,109.831519
2016-04-26 04:00:00+00:00,110.48999999999999,110.5,108.15000000000001,108.76000000000001,23386233,124198,109.304523
2016-04-27 04:00:00+00:00,107.94,108.94,106.31,108.89,52929983,268134,107.56884599999999
2016-04-28 04:00:00+00:00,119.575,120.79000000000001,116.23,116.73,89270281,449833,118.681482
2016-04-29 04:00:00+00:00,116.81999999999999,117.84,115.84,117.58,39683056,195732,116.936144
2016-05-02 04:00:00+00:00,117.83,118.73,116.56999999999999,118.56999999999999,28795680,159525,117.860116
2016-05-03 04:00:00+00:00,117.52,118.16,117.02,117.43000000000001,24868015,138723,117.678207
2016-05-04 04:00:00+00:00,116.61,118.3,116.56999999999999,118.06,24485355,128874,117.72593000000001
2016-05-05 04:00:00+00:00,118.04000000000001,118.98,117.25,117.81,22964236,113942,118.058717
2016-05-06 04:00:00+00:00,117.16,119.637,117.1127,119.48999999999999,27688583,134244,118.672455
2016-05-09 04:00:00+00:00,119.54000000000001,120.28,118.90000000000001,119.23999999999999,22116887,111344,119.531312
2016-05-10 04:00:00+00:00,119.62,120.5,114.8,120.5,23819994,122636,120.021738
2016-05-11 04:00:00+00:00,120.41,121.08,119.42,119.52,22764042,119342,120.15187899999999
2016-05-12 04:00:00+00:00,119.98,120.84,118.90000000000001,120.28,22572981,120081,119.94049699999999
2016-05-13 04:00:00+00:00,120.38,120.64,119.68000000000001,119.81,18929775,97671,120.054304
2016-05-16 04:00:00+00:00,119.38,119.61,117.34999999999999,118.67,32293437,202779,118.31679699999999
2016-05-17 04:00:00+00:00,118.81999999999999,119.01000000000001,117.2,117.34999999999999,22504163,118115,117.944497
2016-05-18 04:00:00+00:00,116.8,118.27,116.73,117.65000000000001,22790091,113324,117.531279
2016-05-19 04:00:00+00:00,117.05,117.48999999999999,115.88,116.81,21084955,114066,116.55900200000001
2016-05-20 04:00:00+00:00,116.95999999999999,117.98999999999999,116.95,117.34999999999999,20384772,94678,117.425876
2016-05-23 04:00:00+00:00,117.42,117.59999999999999,115.94,115.97,21092800,108434,116.42162999999999
2016-05-24 04:00:00+00:00,116.23999999999999,117.73,116.12,117.7,20980682,111990,117.105191
2016-05-25 04:00:00+00:00,118.13,118.66500000000001,117.38,117.89,21159577,106331,118.015045
2016-05-26 04:00:00+00:00,118.23999999999999,119.76009999999999,117.92,119.47,19279706,95297,119.163995
2016-05-27 04:00:00+00:00,119.56,119.84999999999999,119.01000000000001,119.38,14259848,77604,119.40356
2016-05-31 04:00:00+00:00,119.45999999999999,120.09999999999999,118.121,118.81,26309942,113287,118.862951
2016-06-01 04:00:00+00:00,118.5,119.08,117.81999999999999,118.78,15652852,84485,118.68571900000001
2016-06-02 04:00:00+00:00,118.69,135.59999999999999,118.22,118.93000000000001,13807524,78882,118.828401
2016-06-03 04:00:00+00:00,118.97499999999999,118.98,117.86,118.47,14828508,80503,118.44606
2016-06-06 04:00:00+00:00,118.62,119.43000000000001,118.36,118.79000000000001,13636924,75556,118.938188
2016-06-07 04:00:00+00:00,119.23999999999999,119.3,117.67,117.76000000000001,17993601,92892,118.12687099999999
2016-06-08 04:00:00+00:00,117.76000000000001,118.59999999999999,117.27,118.39,15145223,82728,118.174093
2016-06-09 04:00:00+00:00,118.13,118.68000000000001,117.70999999999999,118.56,14407555,78911,118.32563500000001
2016-06-10 04:00:00+00:00,117.54000000000001,118.11,116.26000000000001,116.62,19308835,111541,117.21076600000001
2016-06-13 04:00:00+00:00,115,115.48,113.31,113.95,32848156,191084,114.275977
2016-06-14 04:00:00+00:00,114.06999999999999,114.95,113.58,114.94,18319558,117921,114.414823
2016-06-15 04:00:00+00:00,115.3,115.44,114.06999999999999,114.59999999999999,20896348,110426,114.811036
2016-06-16 04:00:00+00:00,113.87,114.5,112.94,114.39,19807734,120630,113.68942699999999
2016-06-17 04:00:00+00:00,114.42,114.43000000000001,112.56,113.02,29781099,108567,113.332911
2016-06-20 04:00:00+00:00,113.79000000000001,114.72,112.75,113.37,22124370,113602,113.867249
2016-06-21 04:00:00+00:00,114.12,115.21420000000001,113.97,114.38,19809042,107835,114.560694
2016-06-22 04:00:00+00:00,114.65000000000001,114.73999999999999,113.61,113.91,15644304,85799,114.158584
2016-06-23 04:00:00+00:00,114.37,115.09,113.54000000000001,115.08,16739101,92509,114.455316
2016-06-24 04:00:00+00:00,111.01000000000001,113.68000000000001,111,112.08,45450087,218922,112.505315
2016-06-27 04:00:00+00:00,111.56999999999999,111.56999999999999,108.23,108.97,37491590,213793,109.509618
2016-06-28 04:00:00+00:00,110.63,112.75,110.55,112.7,28714442,162636,112.030562
2016-06-29 04:00:00+00:00,113.37,114.25,113.04000000000001,114.16,21927147,121543,113.91624899999999
2016-06-30 04:00:00+00:00,114.67,115.18000000000001,113.67,114.28,25098619,126657,114.264719
2016-07-01 04:00:00+00:00,114.2,115.13,113.81,114.19,15861975,85098,114.436133
2016-07-05 04:00:00+00:00,113.94,114.25,112.97,114.2,15182364,87793,113.59432200000001
2016-07-06 04:00:00+00:00,113.36,116.79000000000001,112.97,116.7,25263505,135455,115.410963
2016-07-07 04:00:00+00:00,116.63,116.97,115.36,115.84999999999999,17226531,97806,115.937888
2016-07-08 04:00:00+00:00,116.43000000000001,117.5,115.84999999999999,117.23999999999999,18974237,100755,116.837954
2016-07-11 04:00:00+00:00,117.70999999999999,118.7,117.5,117.87,18701723,106026,118.125721
2016-07-12 04:00:00+00:00,118.63,118.72,117.56999999999999,117.93000000000001,15822913,91037,117.993753
2016-07-13 04:00:00+00:00,118.39,118.40000000000001,116.68000000000001,116.78,17071399,93368,117.15785700000001
2016-07-14 04:00:00+00:00,117.5,117.64,116.7,117.29000000000001,15173846,78483,117.16265
2016-07-15 04:00:00+00:00,117.73999999999999,118.28,116.58,116.86,18608997,83658,117.206163
2016-07-18 04:00:00+00:00,117.31999999999999,119.61,116.89,119.37,21592465,109913,118.473964
2016-07-19 04:00:00+00:00,118.98999999999999,120.84999999999999,118.66,120.61,22697268,112383,120.154881
2016-07-20 04:00:00+00:00,121.25,122.2,120.56,121.92,20658119,103106,121.590062
2016-07-21 04:00:00+00:00,121.92,122.09999999999999,120.25,120.61,18448658,96205,120.91243799999999
2016-07-22 04:00:00+00:00,119.90000000000001,121.01000000000001,119.31,121,19593813,89475,120.51262
2016-07-25 04:00:00+00:00,121.39,121.84999999999999,117.78,121.63,19582049,100800,121.186893
2016-07-26 04:00:00+00:00,122.06,122.06999999999999,120.75,121.22,18416111,95105,121.26119300000001
2016-07-27 04:00:00+00:00,122.42,125,121.51000000000001,123.34,53569837,288528,122.42581199999999
2016-07-28 04:00:00+00:00,127.52,128.33000000000001,123.63,125,80723997,382532,125.815355
2016-07-29 04:00:00+00:00,124.65000000000001,125.84,123.70999999999999,123.94,36783485,181256,124.78212600000001
2016-08-01 04:00:00+00:00,123.84999999999999,124.58,122.86,124.31,25996672,144704,123.927483
2016-08-02 04:00:00+00:00,124.06,124.8,122.06999999999999,123.09,24601257,132305,123.078824
2016-08-03 04:00:00+00:00,123.09,123.92,122.31,122.51000000000001,19578459,104657,122.801484
2016-08-04 04:00:00+00:00,122.94,124.79000000000001,122.51000000000001,124.36,21703450,108207,123.933362
2016-08-05 04:00:00+00:00,124.98,125.83499999999999,124.61839999999999,125.15000000000001,21135618,110950,125.29288099999999
2016-08-08 04:00:00+00:00,125.25,125.45,124.55,125.26000000000001,17897527,68367,125.02077800000001
2016-08-09 04:00:00+00:00,125.34,126.09,124.53,125.06,20203020,116061,125.379
2016-08-10 04:00:00+00:00,125.06999999999999,125.48,124.54000000000001,124.88,11071607,64609,124.959397
2016-08-11 04:00:00+00:00,125.2,125.38,124.75,124.90000000000001,12656789,65904,125.099356
2016-08-12 04:00:00+00:00,124.7,125,124.18000000000001,124.88,13064355,69747,124.707958
2016-08-15 04:00:00+00:00,124.91,124.92,123.7,123.90000000000001,19900229,124434,124.041511
2016-08-16 04:00:00+00:00,123.5,123.92,122.78,123.3,14805271,90277,123.437254
2016-08-17 04:00:00+00:00,123.66,124.38,122.84999999999999,124.37,14483251,87867,123.676378
2016-08-18 04:00:00+00:00,124.01000000000001,124.26000000000001,123.64,123.91,13048855,78221,123.946501
2016-08-19 04:00:00+00:00,123.59999999999999,124.157,123.28,123.56,12820844,69689,123.671875
2016-08-22 04:00:00+00:00,123.33,124.83,123.11,124.15000000000001,15074366,78845,124.198408
2016-08-23 04:00:00+00:00,124.51000000000001,125.09,124.25,124.37,13815313,79757,124.62089400000001
2016-08-24 04:00:00+00:00,124.47,124.69,123.09,123.48,12979339,75444,123.812268
2016-08-25 04:00:00+00:00,123.12,124.37,123.09999999999999,123.89,11181840,70297,123.913785
2016-08-26 04:00:00+00:00,124.05,125.19,123.91,124.95999999999999,18085629,98324,124.616326
2016-08-29 04:00:00+00:00,124.34999999999999,126.73,124.34999999999999,126.54000000000001,16585363,97055,126.044681
2016-08-30 04:00:00+00:00,126.59999999999999,126.59999999999999,125.15000000000001,125.84,18444010,113749,125.74868600000001
2016-08-31 04:00:00+00:00,125.59999999999999,126.22,125.09999999999999,126.12,15455093,83126,125.903491
2016-09-01 04:00:00+00:00,126.38,126.63,125.59999999999999,126.17,14576905,81025,126.20670200000001
2016-09-02 04:00:00+00:00,126.84999999999999,126.86,126,126.51000000000001,13193579,68170,126.473874
2016-09-06 04:00:00+00:00,126.67,129.94,126.47,129.72999999999999,27493183,155058,128.75891799999999
2016-09-07 04:00:00+00:00,130.03999999999999,131.97999999999999,129.94999999999999,131.05000000000001,28912009,159907,130.915423
2016-09-08 04:00:00+00:00,130.91999999999999,131.08000000000001,129.81,130.27000000000001,16652707,96819,130.256272
2016-09-09 04:00:00+00:00,129.71000000000001,129.94900000000001,127.09999999999999,127.09999999999999,28483544,166787,128.18006800000001
2016-09-12 04:00:00+00:00,125.95999999999999,128.75999999999999,125.75,128.69,22417769,126582,127.826891
2016-09-13 04:00:00+00:00,128.03,128.34999999999999,126.66,127.20999999999999,18733028,115828,127.235198
2016-09-14 04:00:00+00:00,126.89,128.80000000000001,126.89,127.77,16500511,99930,127.933436
2016-09-15 04:00:00+00:00,127.98,129.09999999999999,127.67,128.34999999999999,15956077,89263,128.49516199999999
2016-09-16 04:00:00+00:00,128.19999999999999,129.18000000000001,128.19999999999999,129.06999999999999,33198452,85321,128.75136499999999
2016-09-19 04:00:00+00:00,129.91,129.94,128.25999999999999,128.65000000000001,15692346,84458,129.04987700000001
2016-09-20 04:00:00+00:00,128.65000000000001,129.16999999999999,128.0307,128.63999999999999,11587369,69987,128.63893400000001
2016-09-21 04:00:00+00:00,129.13,130.005,128.38999999999999,129.94,14831756,76429,129.338866
2016-09-22 04:00:00+00:00,130.5,130.72999999999999,129.56,130.08000000000001,16360556,87366,130.19503900000001
2016-09-23 04:00:00+00:00,127.56,128.59999999999999,127.3,127.95999999999999,29422259,149774,127.972185
2016-09-26 04:00:00+00:00,127.37,128.16,126.8,127.31,16094021,88409,127.367546
2016-09-27 04:00:00+00:00,127.61,129.00999999999999,127.43000000000001,128.69,16290454,94251,128.38684900000001
2016-09-28 04:00:00+00:00,129.21000000000001,129.47,128.40000000000001,129.22999999999999,12812771,73530,128.95758000000001
2016-09-29 04:00:00+00:00,129.18000000000001,129.28999999999999,127.55,128.09,15119707,97277,128.32546099999999
2016-09-30 04:00:00+00:00,128.03,128.59,127.45,128.27000000000001,22126902,91517,128.18400299999999
2016-10-03 04:00:00+00:00,128.38,129.09,127.8,128.77000000000001,13950652,80913,128.38225600000001
2016-10-04 04:00:00+00:00,129.16999999999999,129.2765,127.54989999999999,128.19,14792948,94378,128.231133
2016-10-05 04:00:00+00:00,128.25,128.80000000000001,127.83,128.47,12940678,77261,128.315777
2016-10-06 04:00:00+00:00,128.43000000000001,129.06,128.08000000000001,128.74000000000001,12807829,70747,128.70987
2016-10-07 04:00:00+00:00,129.03999999999999,129.25,128.33000000000001,128.99000000000001,13875320,78742,128.87255400000001
2016-10-10 04:00:00+00:00,129.68000000000001,130.69999999999999,129.19999999999999,130.24000000000001,16087504,86775,130.18773400000001
2016-10-11 04:00:00+00:00,130.22999999999999,130.63999999999999,128.22999999999999,128.88,18239373,113536,129.256125
2016-10-12 04:00:00+00:00,129.00999999999999,129.66,128.46000000000001,129.05000000000001,11579602,74456,129.07221999999999
2016-10-13 04:00:00+00:00,128.21000000000001,128.25,126.75,127.81999999999999,17783518,110671,127.502731
2016-10-14 04:00:00+00:00,128.49000000000001,128.94999999999999,127.58,127.88,14609285,76992,128.21485999999999
2016-10-17 04:00:00+00:00,128.19999999999999,128.47,127.31999999999999,127.54000000000001,12022777,66238,127.80735799999999
2016-10-18 04:00:00+00:00,128.68000000000001,129.38999999999999,128.00999999999999,128.56999999999999,14297054,86302,128.77580599999999
2016-10-19 04:00:00+00:00,128.74000000000001,130.47,128.59999999999999,130.11000000000001,17606800,101934,130.00527600000001
2016-10-20 04:00:00+00:00,130.06999999999999,130.66,129.5,130,14061218,82731,130.10435000000001
2016-10-21 04:00:00+00:00,129.77000000000001,132.13,129.69999999999999,132.06999999999999,20878335,101781,131.02317500000001
2016-10-24 04:00:00+00:00,132.81999999999999,133.405,132.15000000000001,133.28,18331976,95183,133.03498500000001
2016-10-25 04:00:00+00:00,133.5,133.5,132.22,132.28999999999999,14067318,89136,132.660687
2016-10-26 04:00:00+00:00,131.63999999999999,132.25999999999999,130.935,131.03999999999999,14297339,82323,131.45926900000001
2016-10-27 04:00:00+00:00,131.74000000000001,131.80000000000001,129.27000000000001,129.69,17660259,104928,130.230253
2016-10-28 04:00:00+00:00,130.49000000000001,132.97,129.93000000000001,131.28999999999999,25292270,137227,131.65251499999999
2016-10-31 04:00:00+00:00,132.05000000000001,132.12,130.8835,130.99000000000001,16948474,89957,131.25157400000001
2016-11-01 04:00:00+00:00,131.41,131.94,128.65000000000001,129.5,22813766,137063,129.97174899999999
2016-11-02 04:00:00+00:00,130,130.22999999999999,126.28,127.17,51018345,290462,127.694659
2016-11-03 04:00:00+00:00,121.98999999999999,123.28,119.5,120,65241682,379163,120.78107
2016-11-04 04:00:00+00:00,119.425,121.93000000000001,119.25,120.75,31943575,173198,120.862663
2016-11-07 05:00:00+00:00,123.15000000000001,123.2089,121.34999999999999,122.15000000000001,24550993,131965,122.204261
2016-11-08 05:00:00+00:00,122.01000000000001,124.61,121.54000000000001,124.22,20165530,116823,123.148647
2016-11-09 05:00:00+00:00,121.5,123.81,120.51000000000001,123.18000000000001,33773274,196245,122.493841
2016-11-10 05:00:00+00:00,124.09999999999999,124.18000000000001,115.27,120.8,68927168,405776,119.130371
2016-11-11 05:00:00+00:00,119.75,120.7,118.15000000000001,119.02,33979390,197424,119.01839200000001
2016-11-14 05:00:00+00:00,119,119.12560000000001,113.5535,115.08,52827988,294493,115.578166
2016-11-15 05:00:00+00:00,116.13,118.48999999999999,115.83,117.2,36094543,209768,117.3693
2016-11-16 05:00:00+00:00,114.55,117.88,114.20999999999999,116.33,33479895,176275,116.26679300000001
2016-11-17 05:00:00+00:00,116.88,117.79000000000001,116.01000000000001,117.79000000000001,19573024,108669,117.035983
2016-11-18 05:00:00+00:00,118.39,119.13,116.84,117.02,24219459,126031,117.70635
2016-11-21 05:00:00+00:00,118.29000000000001,121.95,117.8,121.77,36668241,190754,120.521553
2016-11-22 05:00:00+00:00,122.3,122.98,120.90000000000001,121.47,27348654,146795,121.746505
2016-11-23 05:00:00+00:00,121.23,121.31,119.94,120.84,16509202,97805,120.463351
2016-11-25 05:00:00+00:00,121.01000000000001,121.14,120.06999999999999,120.38,9344687,50388,120.501814
2016-11-28 05:00:00+00:00,120.12,121.69,119.81999999999999,120.41,19546584,101838,120.74969400000001
2016-11-29 05:00:00+00:00,120.69,122.09999999999999,120.40000000000001,120.87,19589561,110296,121.28882299999999
2016-11-30 05:00:00+00:00,120.34,121.79000000000001,117.95,118.42,32715883,158476,119.159223
2016-12-01 05:00:00+00:00,118.37,118.45,114,115.09999999999999,44148439,259190,115.364222
2016-12-02 05:00:00+00:00,115.09999999999999,116.48,114.3,115.40000000000001,25830644,131459,115.52572499999999
2016-12-05 05:00:00+00:00,115.935,117.56999999999999,115.06999999999999,117.43000000000001,21397030,117636,116.82140099999999
2016-12-06 05:00:00+00:00,117.68000000000001,117.795,116.33,117.31,19724755,111085,116.98997199999999
2016-12-07 05:00:00+00:00,117.06999999999999,117.95,116.56999999999999,117.86499999999999,23401346,119333,117.43762099999999
2016-12-08 05:00:00+00:00,117.95,119.5,117.64,118.90000000000001,23242284,124203,118.77835
2016-12-09 05:00:00+00:00,119.20999999999999,119.94,118.95,119.67,18370669,105635,119.485844
2016-12-12 05:00:00+00:00,119.19,119.23999999999999,117.65000000000001,117.77,19179940,107318,118.162497
2016-12-13 05:00:00+00:00,117.86,121.52,117.61,120.31,30665308,166394,120.209399
2016-12-14 05:00:00+00:00,120,121.69,118.84999999999999,120.20999999999999,27354531,144442,120.429123
2016-12-15 05:00:00+00:00,119.93000000000001,122.5,119.63,120.56999999999999,21844644,115397,120.47874
2016-12-16 05:00:00+00:00,121,121.5,119.27,119.87,32212782,104648,120.25429200000001
2016-12-19 05:00:00+00:00,119.84999999999999,120.36,118.51000000000001,119.23999999999999,16970578,92925,119.44933
2016-12-20 05:00:00+00:00,119.5,119.77,118.8,119.09,14480751,81400,119.229432
2016-12-21 05:00:00+00:00,118.92,119.2,118.48,119.04000000000001,11500925,67775,118.887613
2016-12-22 05:00:00+00:00,118.90000000000001,118.98999999999999,116.93000000000001,117.40000000000001,17380611,98875,117.642235
2016-12-23 05:00:00+00:00,117.03,117.56,116.3,117.27,11488817,65718,116.964095
2016-12-27 05:00:00+00:00,116.95999999999999,118.68000000000001,116.864,118.01000000000001,12560939,76511,118.118134
2016-12-28 05:00:00+00:00,118.20999999999999,118.25,116.65000000000001,116.92,12904017,73835,117.090778
2016-12-29 05:00:00+00:00,117.04000000000001,117.53100000000001,116.06,116.34999999999999,10464737,66270,116.591089
2016-12-30 05:00:00+00:00,116.595,116.83,114.7739,115.13,20581324,107520,115.290341
2017-01-03 05:00:00+00:00,116.03,117.84,115.51000000000001,116.86,21746422,123757,116.795787
2017-01-04 05:00:00+00:00,117.54000000000001,119.66,117.29000000000001,118.69,20573297,113186,118.457038
2017-01-05 05:00:00+00:00,118.81,120.95,118.32089999999999,120.67,20272131,111204,119.888952
2017-01-06 05:00:00+00:00,120.89,123.88,120.03,123.41,29683004,161611,122.84220500000001
2017-01-09 05:00:00+00:00,123.55,125.43000000000001,123.04000000000001,124.90000000000001,23890822,129074,124.595817
2017-01-10 05:00:00+00:00,124.81,125.5,124.28,124.34999999999999,18223848,100317,124.79574599999999
2017-01-11 05:00:00+00:00,124.36,126.12,124.06,126.08,19157788,103724,125.191487
2017-01-12 05:00:00+00:00,125.59999999999999,126.73,124.8,126.62,19331597,102666,125.961799
2017-01-13 05:00:00+00:00,127.48999999999999,129.27000000000001,127.37,128.34,26113236,138164,128.59470999999999
2017-01-17 05:00:00+00:00,128.02000000000001,128.34,127.40000000000001,127.87,16791007,87509,127.812674
2017-01-18 05:00:00+00:00,128.41,128.43000000000001,126.84,127.92,13921979,78949,127.605724
2017-01-19 05:00:00+00:00,128.21000000000001,128.34999999999999,127.45,127.55,13242785,68498,127.81408
2017-01-20 05:00:00+00:00,128.19999999999999,128.47999999999999,126.78,127.04000000000001,21420915,95424,127.52538
2017-01-23 05:00:00+00:00,127.31,129.25,126.95,128.93000000000001,17626161,98342,128.28753499999999
2017-01-24 05:00:00+00:00,129.38,129.90000000000001,128.38,129.37,15922861,87752,129.16161299999999
2017-01-25 05:00:00+00:00,130,131.74000000000001,129.77000000000001,131.47999999999999,19597310,112267,130.97744599999999
2017-01-26 05:00:00+00:00,131.78,133.13999999999999,131.4401,132.78,20601330,121430,132.61388099999999
2017-01-27 05:00:00+00:00,132.65000000000001,132.94999999999999,131.08000000000001,132.20500000000001,20472135,106666,132.19241500000001
2017-01-30 05:00:00+00:00,131.44999999999999,131.58000000000001,129.59999999999999,130.97999999999999,19849168,113796,130.38637199999999
2017-01-31 05:00:00+00:00,130.09999999999999,130.66,129.51570000000001,130.31999999999999,20629246,112838,130.05477099999999
2017-02-01 05:00:00+00:00,132.23259999999999,133.49000000000001,130.68000000000001,133.22999999999999,51121172,253098,132.16251399999999
2017-02-02 05:00:00+00:00,133.15000000000001,135.49000000000001,130.40000000000001,130.84,55508302,279062,132.223861
2017-02-03 05:00:00+00:00,131.24000000000001,132.84999999999999,130.75999999999999,130.97999999999999,25778392,140085,131.664153
2017-02-06 05:00:00+00:00,130.94999999999999,132.06,130.30000000000001,132.06,18115661,100875,131.37981400000001
2017-02-07 05:00:00+00:00,132.24000000000001,133,131.661,131.84,15258805,88360,132.139321
2017-02-08 05:00:00+00:00,132.708,134.44,132.44,134.19999999999999,23357999,114588,133.74764999999999
2017-02-09 05:00:00+00:00,134.47,134.5,133.31,134.13,17321969,87814,133.980614
2017-02-10 05:00:00+00:00,134.08000000000001,134.94,133.68000000000001,134.08000000000001,15913067,84341,134.36719500000001
2017-02-13 05:00:00+00:00,134.63,134.69749999999999,133.69999999999999,134.05000000000001,14186076,81853,134.11738
2017-02-14 05:00:00+00:00,134.05000000000001,134.22999999999999,132.55000000000001,133.84999999999999,15028938,86362,133.54748699999999
2017-02-15 05:00:00+00:00,133.44999999999999,133.69999999999999,132.66,133.44,13883719,83995,133.28836999999999
2017-02-16 05:00:00+00:00,133.11000000000001,133.87,133.02199999999999,133.84,13637003,73559,133.4248
2017-02-17 05:00:00+00:00,133.52000000000001,134.09119999999999,133.16999999999999,133.53,14286613,63020,133.535303
2017-02-21 05:00:00+00:00,133.5,133.91,132.90000000000001,133.72,16082961,86288,133.42317800000001
2017-02-22 05:00:00+00:00,133.59999999999999,136.78999999999999,133.46000000000001,136.12,28519627,136029,135.820278
2017-02-23 05:00:00+00:00,136.09999999999999,136.12,134.33000000000001,135.36000000000001,19470870,105688,135.15952300000001
2017-02-24 05:00:00+00:00,134.16,135.62,134.16,135.44,13794386,71472,135.18159299999999
2017-02-27 05:00:00+00:00,135.24000000000001,137.18459999999999,135.02000000000001,136.41,15372058,85270,136.193455
2017-02-28 05:00:00+00:00,136.78999999999999,136.80500000000001,134.75,135.55000000000001,18035536,91064,135.79252500000001
2017-03-01 05:00:00+00:00,136.47,137.47999999999999,136.30000000000001,137.41999999999999,17206335,97772,136.96029799999999
2017-03-02 05:00:00+00:00,137.09999999999999,137.81999999999999,136.31,136.75999999999999,13402052,76390,136.84866
2017-03-03 05:00:00+00:00,136.56999999999999,137.33000000000001,136.08000000000001,137.16999999999999,11925446,68411,136.83390900000001
2017-03-06 05:00:00+00:00,136.84800000000001,137.83000000000001,136.50999999999999,137.41999999999999,13977453,74072,137.225076
2017-03-07 05:00:00+00:00,137.05000000000001,138.37,136.99000000000001,137.30000000000001,14089569,78737,137.49469400000001
2017-03-08 05:00:00+00:00,137.21000000000001,137.99000000000001,137.05160000000001,137.72,10818078,65378,137.68213800000001
2017-03-09 05:00:00+00:00,137.69999999999999,138.56999999999999,137.40000000000001,138.24000000000001,16144208,83704,138.15660800000001
2017-03-10 05:00:00+00:00,138.91999999999999,139.49000000000001,138.22,138.78999999999999,17484298,88556,138.818758
2017-03-13 04:00:00+00:00,138.71000000000001,139.68000000000001,138.6729,139.56999999999999,11798715,62998,139.36939899999999
2017-03-14 04:00:00+00:00,139.40000000000001,139.46000000000001,138.52000000000001,139.31999999999999,13714705,72467,138.984702
2017-03-15 04:00:00+00:00,139.30000000000001,140.09999999999999,138.49000000000001,139.72,20199609,103326,139.38580899999999
2017-03-16 04:00:00+00:00,140.19,140.25,139.72999999999999,139.99000000000001,14362903,86548,139.983396
2017-03-17 04:00:00+00:00,140.22,140.34,139.69999999999999,139.84,28507345,76106,140.01788199999999
2017-03-20 04:00:00+00:00,139.69999999999999,140.19,139.25,139.94,13070041,68226,139.84656899999999
2017-03-21 04:00:00+00:00,141.15000000000001,142.3082,138.40000000000001,138.50999999999999,30853020,183952,140.12167700000001
2017-03-22 04:00:00+00:00,137.91999999999999,139.78999999999999,137.59999999999999,139.59,17683497,108389,138.91559799999999
2017-03-23 04:00:00+00:00,139.37,140.38999999999999,139.09,139.66,13944785,76968,139.68335099999999
2017-03-24 04:00:00+00:00,140.08000000000001,141.02440000000001,139.75999999999999,140.34,17571547,97594,140.40827200000001
2017-03-27 04:00:00+00:00,139.08000000000001,140.65000000000001,138.77000000000001,140.31999999999999,13521368,73160,140.04066399999999
2017-03-28 04:00:00+00:00,140.36000000000001,141.94999999999999,140.00999999999999,141.75999999999999,15465404,92557,141.18311700000001
2017-03-29 04:00:00+00:00,141.99000000000001,142.86000000000001,141.43000000000001,142.65000000000001,17121532,86922,142.148854
2017-03-30 04:00:00+00:00,142.40000000000001,142.94999999999999,141.84999999999999,142.41,13131462,76239,142.399834
2017-03-31 04:00:00+00:00,142.31,142.63,141.88999999999999,142.05000000000001,12839789,68730,142.232123
2017-04-03 04:00:00+00:00,141.93000000000001,142.47,140.81999999999999,142.28,14408671,88972,141.80679599999999
2017-04-04 04:00:00+00:00,141.75,142.09,141.27000000000001,141.72999999999999,13436584,75706,141.64344800000001
2017-04-05 04:00:00+00:00,142.25999999999999,143.44,141.28999999999999,141.84999999999999,18863063,101697,142.43288100000001
2017-04-06 04:00:00+00:00,142.15000000000001,142.22,140.91,141.25,16525245,90183,141.394598
2017-04-07 04:00:00+00:00,141.19999999999999,141.55000000000001,140.24000000000001,140.78,12394921,74931,141.049363
2017-04-10 04:00:00+00:00,141,141.43000000000001,140.63,141.03999999999999,9464166,60354,141.067736
2017-04-11 04:00:00+00:00,140.80000000000001,141.0299,138.81,139.91999999999999,17075352,112809,139.79747399999999
2017-04-12 04:00:00+00:00,139.72,140.40000000000001,139.44,139.58000000000001,12139264,80748,139.81385399999999
2017-04-13 04:00:00+00:00,139.62,140.58000000000001,139.33000000000001,139.38999999999999,11514668,70931,139.849513
2017-04-17 04:00:00+00:00,139.75999999999999,141.55000000000001,139.75,141.41999999999999,12703793,61446,140.92705799999999
2017-04-18 04:00:00+00:00,141.27000000000001,141.905,140.61000000000001,140.96000000000001,15428416,84170,141.28893199999999
2017-04-19 04:00:00+00:00,141.34999999999999,143.03999999999999,141.27000000000001,142.27000000000001,16211668,99407,142.400215
2017-04-20 04:00:00+00:00,142.94999999999999,144.25,142.68899999999999,143.80000000000001,16947475,94902,143.62961100000001
2017-04-21 04:00:00+00:00,143.90000000000001,144.16999999999999,142.27000000000001,143.68000000000001,13337558,66605,143.70473000000001
2017-04-24 04:00:00+00:00,144.96000000000001,145.6738,144.34,145.47,15239277,88911,145.252297
2017-04-25 04:00:00+00:00,145.78999999999999,147.15000000000001,145.78980000000001,146.49000000000001,18969368,86155,146.476215
2017-04-26 04:00:00+00:00,147.09,147.59,146.09,146.56,13162371,74930,146.713898
2017-04-27 04:00:00+00:00,146.66999999999999,147.75,146.13999999999999,147.69999999999999,11744481,71489,147.15116900000001
2017-04-28 04:00:00+00:00,149.5,151.53,149.06999999999999,150.25,31983972,192181,150.18457000000001
2017-05-01 04:00:00+00:00,151.72,152.56999999999999,151.41999999999999,152.46000000000001,26162558,142874,152.05162999999999
2017-05-02 04:00:00+00:00,153.34,153.44,151.66,152.78,22964080,141206,152.72533300000001
2017-05-03 04:00:00+00:00,153.59999999999999,153.59999999999999,151.34,151.80000000000001,30739389,185598,152.05264299999999
2017-05-04 04:00:00+00:00,150.16999999999999,151.52000000000001,148.72,150.84999999999999,37024573,212073,150.35451
2017-05-05 04:00:00+00:00,151.44999999999999,151.63,149.78999999999999,150.24000000000001,17850554,106726,150.37529000000001
2017-05-08 04:00:00+00:00,150.71000000000001,151.08000000000001,149.74000000000001,151.06,17255395,90642,150.599459
2017-05-09 04:00:00+00:00,151.49000000000001,152.59,150.21000000000001,150.47999999999999,18026230,106123,151.30976000000001
2017-05-10 04:00:00+00:00,150.22999999999999,150.52000000000001,148.86000000000001,150.28999999999999,12556397,80965,149.916222
2017-05-11 04:00:00+00:00,150.31,150.65000000000001,149.41,150.03999999999999,12816033,80613,149.96039999999999
2017-05-12 04:00:00+00:00,150.40000000000001,150.46000000000001,149.63,150.33000000000001,10128258,68439,150.087548
2017-05-15 04:00:00+00:00,150.16999999999999,151.47999999999999,149.77000000000001,150.19,16284635,81971,150.32204400000001
2017-05-16 04:00:00+00:00,150.11000000000001,150.21000000000001,149.03,149.78,15333129,95741,149.71202700000001
2017-05-17 04:00:00+00:00,148,148.66999999999999,144.42160000000001,144.84999999999999,30639633,192707,146.47887399999999
2017-05-18 04:00:00+00:00,144.69,148.15000000000001,144.50999999999999,147.66,24155541,151870,146.842049
2017-05-19 04:00:00+00:00,148.44499999999999,149.38999999999999,147.96000000000001,148.06,18003012,101877,148.509804
2017-05-22 04:00:00+00:00,148.08000000000001,148.59,147.69,148.24000000000001,13663709,79908,148.096271
2017-05-23 04:00:00+00:00,148.52000000000001,148.81,147.25,148.06999999999999,13204317,77109,147.84694999999999
2017-05-24 04:00:00+00:00,148.50999999999999,150.22999999999999,148.41999999999999,150.03999999999999,19008390,108896,149.653727
2017-05-25 04:00:00+00:00,150.30000000000001,152.59,149.94999999999999,151.96000000000001,20688565,126961,151.47633200000001
2017-05-26 04:00:00+00:00,152.22999999999999,152.25,151.15000000000001,152.13,16083193,89307,151.803043
2017-05-30 04:00:00+00:00,151.97,152.90000000000001,151.63999999999999,152.38,13863042,86355,152.36059299999999
2017-05-31 04:00:00+00:00,152.69999999999999,153.34999999999999,151.09,151.46000000000001,20174024,102867,151.80428499999999
2017-06-01 04:00:00+00:00,151.75,152.28999999999999,150.30000000000001,151.53,15200727,89801,151.361605
2017-06-02 04:00:00+00:00,151.84999999999999,153.63,151.30000000000001,153.61000000000001,17933154,105898,152.732336
2017-06-05 04:00:00+00:00,153.63999999999999,154.7088,153.41,153.63,13019683,76182,153.996756
2017-06-06 04:00:00+00:00,153.41,154.52000000000001,152.47999999999999,152.81,14868819,85937,153.53059999999999
2017-06-07 04:00:00+00:00,153.27000000000001,153.75,152.34,153.12,13094853,83449,153.035043
2017-06-08 04:00:00+00:00,154.08000000000001,154.72999999999999,153.09999999999999,154.71000000000001,19346377,102738,154.04920100000001
2017-06-09 04:00:00+00:00,154.77000000000001,155.59,146.61000000000001,149.59999999999999,36749765,253984,151.41529399999999
2017-06-12 04:00:00+00:00,148.16999999999999,149.19499999999999,144.56,148.44,34266354,241437,147.237594
2017-06-13 04:00:00+00:00,150.15000000000001,151.18000000000001,148.90000000000001,150.68000000000001,21874375,147342,150.43632700000001
2017-06-14 04:00:00+00:00,151.25999999999999,152.40000000000001,149.05000000000001,150.25,21552967,149253,151.03930800000001
2017-06-15 04:00:00+00:00,147.66999999999999,150.03659999999999,146.37469999999999,149.80000000000001,19736077,135776,148.29088400000001
2017-06-16 04:00:00+00:00,149.59,150.83000000000001,148.59999999999999,150.63999999999999,30181664,109954,150.17249000000001
2017-06-19 04:00:00+00:00,151.71000000000001,153.56999999999999,151.71000000000001,152.87,20275171,118913,152.71244300000001
2017-06-20 04:00:00+00:00,152.88,153.84,152.21000000000001,152.25,15694546,102365,152.84486200000001
2017-06-21 04:00:00+00:00,152.36000000000001,154.08000000000001,151.88,153.91,15619124,103294,153.15323599999999
2017-06-22 04:00:00+00:00,153.00999999999999,154.55000000000001,152.91,153.40000000000001,14081492,85491,153.671087
2017-06-23 04:00:00+00:00,152.72,155.19999999999999,152.65000000000001,155.06999999999999,21717357,87404,154.604623
2017-06-26 04:00:00+00:00,156.25,156.5,153.19540000000001,153.59,18855017,123928,154.686849
2017-06-27 04:00:00+00:00,152.84,153.31,150.38999999999999,150.58000000000001,20429121,130660,151.670602
2017-06-28 04:00:00+00:00,150.91999999999999,153.47,149.86000000000001,153.24000000000001,17629153,121120,151.88413600000001
2017-06-29 04:00:00+00:00,152.28,152.5,148.91749999999999,151.03999999999999,24765363,174440,150.78110699999999
2017-06-30 04:00:00+00:00,151.90000000000001,151.91999999999999,150.06,150.97999999999999,19767725,95202,151.16315700000001
2017-07-03 04:00:00+00:00,151.72,152.15000000000001,147.80000000000001,148.43000000000001,14761137,96379,149.418004
2017-07-05 04:00:00+00:00,149,150.84999999999999,148.13,150.34,15175821,100617,149.76799299999999
2017-07-06 04:00:00+00:00,149.03,150.03999999999999,148,148.81999999999999,15765032,111664,148.982214
2017-07-07 04:00:00+00:00,149.25,151.99000000000001,149.19,151.44,14523215,91874,151.011605
2017-07-10 04:00:00+00:00,151.69,153.97999999999999,151.50999999999999,153.5,14199833,94540,153.15039300000001
2017-07-11 04:00:00+00:00,153.37,155.42250000000001,152.91,155.27000000000001,14418918,94506,154.40066200000001
2017-07-12 04:00:00+00:00,156.49000000000001,159.16,156.19999999999999,158.90000000000001,23742950,140122,157.952606
2017-07-13 04:00:00+00:00,158.74000000000001,159.78,158.42269999999999,159.25999999999999,14640576,100546,159.14524700000001
2017-07-14 04:00:00+00:00,160.13,160.31999999999999,159.3254,159.97,17016343,108449,159.97657899999999
2017-07-17 04:00:00+00:00,160.25,160.78,158.81,159.72999999999999,13306379,87534,159.64586800000001
2017-07-18 04:00:00+00:00,159.66,163.72999999999999,159.41999999999999,162.86000000000001,25113890,145459,161.922427
2017-07-19 04:00:00+00:00,163.59,165.69999999999999,163.16999999999999,164.13999999999999,28327901,156545,164.499584
2017-07-20 04:00:00+00:00,164.80000000000001,165,162.81,164.53,19036990,117771,164.06717599999999
2017-07-21 04:00:00+00:00,164.16,165.05000000000001,163.75,164.43000000000001,16298712,80256,164.35897600000001
2017-07-24 04:00:00+00:00,164.63999999999999,166.16999999999999,164.31,166,18331725,104795,165.38393500000001
2017-07-25 04:00:00+00:00,165.00999999999999,165.53999999999999,163.86189999999999,165.28,16116457,103833,164.859239
2017-07-26 04:00:00+00:00,166.00999999999999,166.00999999999999,164.09999999999999,165.61000000000001,35976058,209362,165.18451099999999
2017-07-27 04:00:00+00:00,174.69999999999999,175.49000000000001,167.5,170.44,70581915,392198,172.33985100000001
2017-07-28 04:00:00+00:00,169.06999999999999,173.43000000000001,169.05000000000001,172.44999999999999,25531652,138159,172.17451299999999
2017-07-31 04:00:00+00:00,172,172.72,168.55000000000001,169.25,26861964,168873,169.924567
2017-08-01 04:00:00+00:00,169.81999999999999,170.47,169.05000000000001,169.86000000000001,15078354,93491,169.93080599999999
2017-08-02 04:00:00+00:00,170.30000000000001,170.55000000000001,166.91,169.30000000000001,18470291,117396,168.70848699999999
2017-08-03 04:00:00+00:00,169.30000000000001,169.69999999999999,168.25,168.59,11351883,75104,168.91989699999999
2017-08-04 04:00:00+00:00,168.97,170.06,168.69,169.62,11463703,70435,169.432806
2017-08-07 04:00:00+00:00,169.94999999999999,172.06,169.66,171.97999999999999,13376627,83676,171.247309
2017-08-08 04:00:00+00:00,171.88,173.05000000000001,170.62,171.22999999999999,15020203,95650,171.96849800000001
2017-08-09 04:00:00+00:00,169.97999999999999,171.44999999999999,169.56,171.18000000000001,11729893,78157,170.750947
2017-08-10 04:00:00+00:00,170.06,170.59,166.84999999999999,167.40000000000001,21681007,140589,168.29714899999999
2017-08-11 04:00:00+00:00,167.94999999999999,168.81999999999999,166.84999999999999,168.08000000000001,14433377,94252,167.999135
2017-08-14 04:00:00+00:00,170.08000000000001,171.08000000000001,169.28999999999999,170.75,13959047,84967,170.49870000000001
2017-08-15 04:00:00+00:00,171.49000000000001,171.5,170.00999999999999,171,9582354,59847,170.92276100000001
2017-08-16 04:00:00+00:00,171.34,171.38,169.24000000000001,170,16647019,117567,170.16047399999999
2017-08-17 04:00:00+00:00,169.34,169.86000000000001,166.84999999999999,166.91,18126246,114479,168.09629699999999
2017-08-18 04:00:00+00:00,166.90000000000001,168.66999999999999,166.21000000000001,167.41,16548438,100601,167.61041800000001
2017-08-21 04:00:00+00:00,167.16,168,165.81999999999999,167.78,12693895,83506,167.199186
2017-08-22 04:00:00+00:00,168.28,169.87,167.15000000000001,169.63999999999999,12063499,81879,169.03321299999999
2017-08-23 04:00:00+00:00,168.84,169.36000000000001,168.19999999999999,168.71000000000001,10487013,63798,168.77269699999999
2017-08-24 04:00:00+00:00,168.88,169.28999999999999,166.41,167.74000000000001,14790318,94086,167.62804600000001
2017-08-25 04:00:00+00:00,167.86000000000001,168.38,166.18000000000001,166.31999999999999,13478867,83460,166.86668499999999
2017-08-28 04:00:00+00:00,166.91,167.69999999999999,166.33000000000001,167.24000000000001,9414325,64128,167.08659599999999
2017-08-29 04:00:00+00:00,165.25,168.42500000000001,165,168.05000000000001,11613614,74302,167.44701000000001
2017-08-30 04:00:00+00:00,168.16999999999999,170.18000000000001,167.63,169.91999999999999,11813781,76706,169.257452
2017-08-31 04:00:00+00:00,170.40000000000001,172.14500000000001,170.06,171.97,18527704,110021,171.48888299999999
2017-09-01 04:00:00+00:00,172.40000000000001,172.91499999999999,171.31,172.02000000000001,12229544,79249,172.19654199999999
2017-09-05 04:00:00+00:00,171.27000000000001,172.38749999999999,169.55000000000001,170.72,13974309,88088,170.93410399999999
2017-09-06 04:00:00+00:00,170.91,172.47999999999999,169.56999999999999,172.09,14620946,86561,171.25393399999999
2017-09-07 04:00:00+00:00,171.94,173.30670000000001,170.27000000000001,173.21000000000001,18575391,120767,171.97089199999999
2017-09-08 04:00:00+00:00,173.09,173.49000000000001,170.80000000000001,170.94999999999999,11766684,71778,171.94464500000001
2017-09-11 04:00:00+00:00,172.40000000000001,173.88999999999999,172.19999999999999,173.50999999999999,13118282,81154,173.24729199999999
2017-09-12 04:00:00+00:00,173.75999999999999,174,171.75,172.96000000000001,12005536,76309,172.72805299999999
2017-09-13 04:00:00+00:00,173.00999999999999,173.16999999999999,172.06,173.05000000000001,9828890,65426,172.73670999999999
2017-09-14 04:00:00+00:00,172.25999999999999,172.28,170.5,170.96000000000001,16756408,93796,171.279562
2017-09-15 04:00:00+00:00,170.88,172.34,170.25999999999999,171.63999999999999,20360044,72095,171.27712199999999
2017-09-18 04:00:00+00:00,171.99000000000001,172.06999999999999,169.34,170.00999999999999,13973264,81710,170.70783700000001
2017-09-19 04:00:00+00:00,170.62,172.56,170.36000000000001,172.52000000000001,14085815,88459,171.77252100000001
2017-09-20 04:00:00+00:00,172.5,173.05000000000001,170.69999999999999,172.16999999999999,12959129,80224,171.88408899999999
2017-09-21 04:00:00+00:00,171.69,172.27000000000001,170.00999999999999,171.11000000000001,12039966,73620,171.209048
2017-09-22 04:00:00+00:00,170.21000000000001,171.72999999999999,169.22,170.53999999999999,12935349,75366,170.47238400000001
2017-09-25 04:00:00+00:00,169.24000000000001,169.30000000000001,161.56,162.87,43045776,270017,164.191957
2017-09-26 04:00:00+00:00,164.5,165.5,162.78,164.21000000000001,24491022,147469,164.26579699999999
2017-09-27 04:00:00+00:00,165.69999999999999,168.34,165.56999999999999,167.68000000000001,20598352,108830,167.11010300000001
2017-09-28 04:00:00+00:00,167.94,169.06960000000001,167.16,168.72999999999999,12799665,79778,168.299657
2017-09-29 04:00:00+00:00,168.83000000000001,171.66,168.81,170.87,16734918,94409,170.52539100000001
2017-10-02 04:00:00+00:00,171.38999999999999,171.87,168.75,169.47,14072453,91716,170.123942
2017-10-03 04:00:00+00:00,169.30000000000001,170.72999999999999,169.19999999999999,169.96000000000001,8731680,57440,170.038601
2017-10-04 04:00:00+00:00,169.83000000000001,170.66999999999999,168.28999999999999,168.41999999999999,12775482,73849,169.437444
2017-10-05 04:00:00+00:00,169.18000000000001,171.31,168.59999999999999,171.24000000000001,15249281,95553,170.04565099999999
2017-10-06 04:00:00+00:00,170.25,172.37,169.75,172.22999999999999,13843850,74863,171.29729599999999
2017-10-09 04:00:00+00:00,172.69999999999999,174.88,172,172.5,15092676,92230,173.34984900000001
2017-10-10 04:00:00+00:00,173,173.19999999999999,170.80000000000001,171.59,11837785,74769,171.71809500000001
2017-10-11 04:00:00+00:00,171.94999999999999,172.78,171.40000000000001,172.74000000000001,11803951,66337,172.18265400000001
2017-10-12 04:00:00+00:00,172.61000000000001,173.84999999999999,172.28999999999999,172.55000000000001,10875725,67771,173.035618
2017-10-13 04:00:00+00:00,173.44999999999999,174.65000000000001,173.19999999999999,173.74000000000001,14411738,80564,173.98624100000001
2017-10-16 04:00:00+00:00,174.49000000000001,175,174.06,174.52000000000001,12378996,65692,174.520107
2017-10-17 04:00:00+00:00,174.71000000000001,176.13,174.36000000000001,176.11000000000001,16673203,88097,175.461782
2017-10-18 04:00:00+00:00,176.65000000000001,176.74000000000001,175.75,176.03,13417737,73845,176.16574600000001
2017-10-19 04:00:00+00:00,174.93000000000001,176.03,172.63,174.56,14632722,94023,173.95287300000001
2017-10-20 04:00:00+00:00,175.5,175.88,174.63,174.97999999999999,14096744,75712,175.16331400000001
2017-10-23 04:00:00+00:00,175.19999999999999,175.34,171.25,171.27000000000001,14548210,90084,172.844492
2017-10-24 04:00:00+00:00,172.30000000000001,173.24000000000001,171.5,171.80000000000001,13154002,80819,172.41947999999999
2017-10-25 04:00:00+00:00,171.90000000000001,172.25,168.88999999999999,170.59999999999999,17318412,92559,170.43135699999999
2017-10-26 04:00:00+00:00,171.38,172.285,170.38999999999999,170.63,13279396,71290,171.09232399999999
2017-10-27 04:00:00+00:00,174.15000000000001,178.21000000000001,173.90000000000001,177.88,32046456,183901,176.739789
2017-10-30 04:00:00+00:00,179.25999999999999,180.69,177.61000000000001,179.87,25217070,160550,179.46527900000001
2017-10-31 04:00:00+00:00,180.56999999999999,180.80000000000001,178.94,180.06,21360402,139070,179.895645
2017-11-01 04:00:00+00:00,182.36000000000001,182.90000000000001,180.56999999999999,182.66,41831184,261020,181.77209300000001
2017-11-02 04:00:00+00:00,180.63,181.94,177.34,178.91999999999999,36395666,226728,179.13872499999999
2017-11-03 04:00:00+00:00,179.28999999999999,179.86000000000001,176.71000000000001,178.91999999999999,18785086,114264,178.46198100000001
2017-11-06 05:00:00+00:00,178.56,180.44999999999999,178.31,180.16999999999999,14020138,85234,179.61931100000001
2017-11-07 05:00:00+00:00,180.5,180.74780000000001,178.96000000000001,180.25,13760915,78180,179.95204899999999
2017-11-08 05:00:00+00:00,179.78999999999999,180.34999999999999,179.11000000000001,179.56,11117465,61673,179.70446100000001
2017-11-09 05:00:00+00:00,178.31,179.40000000000001,177.09,179.30000000000001,13294155,86628,178.28321600000001
2017-11-10 05:00:00+00:00,178.34999999999999,179.09989999999999,177.96000000000001,178.46000000000001,12540607,69449,178.47978800000001
2017-11-13 05:00:00+00:00,177.5,179.03999999999999,177.30000000000001,178.77000000000001,10230830,58477,178.53579500000001
2017-11-14 05:00:00+00:00,178.13,178.97,177.18000000000001,178.06999999999999,10181847,73244,178.119879
2017-11-15 05:00:00+00:00,176.66,178.56999999999999,176.40000000000001,177.94999999999999,10943412,77116,177.701426
2017-11-16 05:00:00+00:00,178.75999999999999,179.83000000000001,178.5,179.59,16758332,91884,179.376306
2017-11-17 05:00:00+00:00,179.30000000000001,179.97999999999999,178.90000000000001,179,14226092,74858,179.46913000000001
2017-11-20 05:00:00+00:00,178.87,179.5,178.09999999999999,178.74000000000001,10745057,66714,178.85771
2017-11-21 05:00:00+00:00,179.15000000000001,181.88999999999999,178.99000000000001,181.86000000000001,15478107,90883,180.99657099999999
2017-11-22 05:00:00+00:00,181.30000000000001,181.72999999999999,180.44,180.87,11111433,69597,180.928314
2017-11-24 05:00:00+00:00,180.40000000000001,183.15000000000001,180.28999999999999,182.78,10096631,55544,182.261877
2017-11-27 05:00:00+00:00,182.56,183.72999999999999,181.99000000000001,183.03,13903976,70342,182.98277100000001
2017-11-28 05:00:00+00:00,183.50999999999999,184.25,182.09,182.41999999999999,15126477,84977,183.115917
2017-11-29 05:00:00+00:00,181.88999999999999,181.97,174,175.13,42830681,299336,176.09740199999999
2017-11-30 05:00:00+00:00,176.84999999999999,178.27500000000001,175.19999999999999,177.18000000000001,28273237,157513,176.75698700000001
2017-12-01 05:00:00+00:00,176.03,177.47999999999999,172.34,175.09999999999999,21107441,136831,175.40024600000001
2017-12-04 05:00:00+00:00,176.28999999999999,176.56999999999999,170.78999999999999,171.47,25300171,171158,172.99222
2017-12-05 05:00:00+00:00,170.44999999999999,175.38,169.00999999999999,172.83000000000001,21110558,130507,173.05553399999999
2017-12-06 05:00:00+00:00,172.5,176.77000000000001,171.90000000000001,176.06,21432910,118500,175.417677
2017-12-07 05:00:00+00:00,175.80000000000001,180.38999999999999,175.80000000000001,180.13999999999999,21335792,130348,178.65493599999999
2017-12-08 05:00:00+00:00,181.53,182.28,178.74010000000001,179,20483646,111978,180.339338
2017-12-11 05:00:00+00:00,179.30000000000001,180.22,178.80000000000001,179.03999999999999,14217338,89048,179.43005299999999
2017-12-12 05:00:00+00:00,178.59999999999999,179.18000000000001,176.59999999999999,176.96000000000001,17731540,115611,177.687963
2017-12-13 05:00:00+00:00,177.30000000000001,179.16,177.25,178.30000000000001,15760768,95148,178.35507899999999
2017-12-14 05:00:00+00:00,178.28999999999999,180.36009999999999,177.68000000000001,178.38999999999999,14340684,90274,179.05844500000001
2017-12-15 05:00:00+00:00,179.02000000000001,180.49340000000001,178.36000000000001,180.18000000000001,36160755,106524,179.89685900000001
2017-12-18 05:00:00+00:00,181.00999999999999,181.30000000000001,179.75,180.81999999999999,18726766,84594,180.637745
2017-12-19 05:00:00+00:00,179.94999999999999,180.08000000000001,178.22,179.50999999999999,16195456,91078,179.10037700000001
2017-12-20 05:00:00+00:00,179.81,179.81,177.36000000000001,177.88999999999999,12729792,80469,178.157139
2017-12-21 05:00:00+00:00,177.94,178.68000000000001,177.05000000000001,177.44999999999999,12375101,77063,177.76310100000001
2017-12-22 05:00:00+00:00,177.13999999999999,177.53,176.22999999999999,177.19999999999999,9540540,55031,177.035573
2017-12-26 05:00:00+00:00,176.63,177,174.66999999999999,175.99000000000001,9894613,56814,175.94393199999999
2017-12-27 05:00:00+00:00,176.55000000000001,178.44,176.25999999999999,177.62,10667119,59136,177.66869199999999
2017-12-28 05:00:00+00:00,177.94999999999999,178.9367,177.68000000000001,177.91999999999999,12723142,59821,178.35978600000001
2017-12-29 05:00:00+00:00,178,178.84999999999999,176.46000000000001,176.46000000000001,12150579,57738,177.14089000000001
2018-01-02 05:00:00+00:00,177.68000000000001,181.58000000000001,177.55000000000001,181.41999999999999,19259104,115426,180.137192
2018-01-03 05:00:00+00:00,181.88,184.78,181.33000000000001,184.66999999999999,17823174,112270,183.60443100000001
2018-01-04 05:00:00+00:00,184.90000000000001,186.21000000000001,184.09960000000001,184.33000000000001,14837938,96008,184.95980900000001
2018-01-05 05:00:00+00:00,185.59,186.90000000000001,184.93000000000001,186.84999999999999,14915012,86008,185.970643
2018-01-08 05:00:00+00:00,187.19999999999999,188.90000000000001,186.33000000000001,188.28,18969476,98487,188.152717
2018-01-09 05:00:00+00:00,188.69999999999999,188.80000000000001,187.09999999999999,187.87,13118524,83570,187.87855099999999
2018-01-10 05:00:00+00:00,186.94,187.88999999999999,185.63,187.84,11363568,71096,187.22869
2018-01-11 05:00:00+00:00,188.40000000000001,188.40000000000001,187.38,187.77000000000001,10262005,63773,187.70316800000001
2018-01-12 05:00:00+00:00,178.06,181.47999999999999,177.40000000000001,179.37,79943178,510466,179.70321000000001
2018-01-16 05:00:00+00:00,181.5,181.75,178.03999999999999,178.38999999999999,37998292,242676,179.819354
2018-01-17 05:00:00+00:00,179.25999999999999,179.31999999999999,175.80000000000001,177.59999999999999,29324725,199140,177.30857700000001
2018-01-18 05:00:00+00:00,178.13,180.97999999999999,177.08000000000001,179.80000000000001,24660467,144790,179.50462099999999
2018-01-19 05:00:00+00:00,180.84999999999999,182.37,180.17019999999999,181.28999999999999,29578916,144017,181.20936699999999
2018-01-22 05:00:00+00:00,180.80000000000001,185.38999999999999,180.41,185.37,22583398,131754,183.77878999999999
2018-01-23 05:00:00+00:00,186.05000000000001,189.55000000000001,185.55000000000001,189.34999999999999,26961983,170066,187.91990000000001
2018-01-24 05:00:00+00:00,189.88999999999999,190.66,186.52000000000001,186.55000000000001,25653421,153308,188.172472
2018-01-25 05:00:00+00:00,187.94999999999999,188.62,186.59999999999999,187.47999999999999,18369292,122033,187.674792
2018-01-26 05:00:00+00:00,187.75,190,186.81,190,19396894,102250,188.69075799999999
2018-01-29 05:00:00+00:00,188.75,188.84,185.6301,185.97999999999999,21405072,137135,187.260085
2018-01-30 05:00:00+00:00,183.00999999999999,188.18000000000001,181.84,187.12,22127727,157194,186.072554
2018-01-31 05:00:00+00:00,188.37,189.83000000000001,185.22,186.88999999999999,44866092,272423,187.77718999999999
2018-02-01 05:00:00+00:00,188.22,195.31999999999999,187.88999999999999,193.09,56023751,370535,192.766018
2018-02-02 05:00:00+00:00,192.03999999999999,194.21000000000001,189.97999999999999,190.28,28052978,185840,191.65780799999999
2018-02-05 05:00:00+00:00,186.93000000000001,190.61000000000001,180.61000000000001,181.25999999999999,35272991,267235,186.05796900000001
2018-02-06 05:00:00+00:00,178.56999999999999,185.77000000000001,177.74000000000001,185.31,40056799,299131,182.04449299999999
2018-02-07 05:00:00+00:00,184.15000000000001,185.08170000000001,179.94999999999999,180.18000000000001,28675904,212992,182.400194
2018-02-08 05:00:00+00:00,181.00999999999999,181.84,171.48150000000001,171.58000000000001,39998648,297653,176.080285
2018-02-09 05:00:00+00:00,174.75999999999999,176.90000000000001,167.18000000000001,176.11000000000001,41517649,314088,173.16305399999999
2018-02-12 05:00:00+00:00,177.06,177.54499999999999,171.84,176.41,33795058,231710,175.483532
2018-02-13 05:00:00+00:00,175.62,175.97,173.09999999999999,173.15000000000001,22623070,164059,174.32372100000001
2018-02-14 05:00:00+00:00,173.44999999999999,179.81,173.21190000000001,179.52000000000001,30167685,201835,177.342367
2018-02-15 05:00:00+00:00,180.5,180.5,176.84,179.96000000000001,22055903,153331,178.94649999999999
2018-02-16 05:00:00+00:00,178.99000000000001,179.88,176.30000000000001,177.36000000000001,22567238,141919,178.148426
2018-02-20 05:00:00+00:00,175.77000000000001,177.94999999999999,175.11000000000001,176.00999999999999,22519887,147549,176.43166600000001
2018-02-21 05:00:00+00:00,176.71000000000001,181.27000000000001,176.40000000000001,177.91,24134507,159750,179.06874500000001
2018-02-22 05:00:00+00:00,178.69999999999999,180.21000000000001,177.41,178.99000000000001,19195975,124308,178.97320400000001
2018-02-23 05:00:00+00:00,179.90000000000001,183.38999999999999,179.50999999999999,183.28999999999999,20415823,134171,182.067261
2018-02-26 05:00:00+00:00,184.58000000000001,185.66,183.22280000000001,184.93000000000001,18747958,118001,184.67559900000001
2018-02-27 05:00:00+00:00,184.44999999999999,184.69999999999999,181.46000000000001,181.46000000000001,16643674,119378,182.930261
2018-02-28 05:00:00+00:00,182.30000000000001,182.88,178.13999999999999,178.31999999999999,20581812,127503,180.47112100000001
2018-03-01 05:00:00+00:00,179.00999999999999,180.12,174.41,175.93000000000001,24252935,175027,176.83316600000001
2018-03-02 05:00:00+00:00,173.28999999999999,177.11000000000001,172.99000000000001,176.62,21163392,141873,174.83245600000001
2018-03-05 05:00:00+00:00,176.19999999999999,181.14750000000001,175.88999999999999,180.40000000000001,17038747,127473,179.22090900000001
2018-03-06 05:00:00+00:00,181.78,182.38,179.11000000000001,179.78,16109215,111265,180.612809
2018-03-07 05:00:00+00:00,178.74000000000001,183.81999999999999,178.06999999999999,183.71000000000001,20489787,132236,181.79191299999999
2018-03-08 05:00:00+00:00,183.56,184.40000000000001,181.44999999999999,182.34,18335637,111724,182.57471000000001
2018-03-09 05:00:00+00:00,183.91,185.50999999999999,183.21000000000001,185.22999999999999,19534737,128926,184.727135
2018-03-12 04:00:00+00:00,185.22999999999999,186.09999999999999,184.22,184.75999999999999,16111112,111231,185.116478
2018-03-13 04:00:00+00:00,185.61000000000001,185.99000000000001,181.11000000000001,181.88,19068005,133213,182.76602099999999
2018-03-14 04:00:00+00:00,182.59999999999999,184.25,181.84999999999999,184.19,17584743,120500,183.18785399999999
2018-03-15 04:00:00+00:00,183.24000000000001,184,182.19,183.86000000000001,16899074,108955,183.183098
2018-03-16 04:00:00+00:00,184.49000000000001,185.33000000000001,183.41,185.09,31505271,99968,184.783253
2018-03-19 04:00:00+00:00,177.00999999999999,177.16999999999999,170.06,172.56,90300339,597184,173.213684
2018-03-20 04:00:00+00:00,167.47,170.19999999999999,161.94999999999999,168.15000000000001,133046412,908390,165.85967299999999
2018-03-21 04:00:00+00:00,164.80000000000001,173.40000000000001,163.30000000000001,169.38999999999999,108965908,635423,169.144711
2018-03-22 04:00:00+00:00,166.13,170.27000000000001,163.72,164.88999999999999,75854652,466066,166.44431599999999
2018-03-23 04:00:00+00:00,165.44,167.09999999999999,159.02000000000001,159.38999999999999,55753605,373953,162.53043700000001
2018-03-26 04:00:00+00:00,160.75,161.09999999999999,149.02000000000001,160.06,129249725,830306,155.11531199999999
2018-03-27 04:00:00+00:00,156.31,162.84999999999999,150.75,152.19,82995741,509380,156.545604
2018-03-28 04:00:00+00:00,151.65000000000001,155.88,150.80000000000001,153.03,61931829,417846,153.34214600000001
2018-03-29 04:00:00+00:00,155.15000000000001,161.41999999999999,154.13999999999999,159.78999999999999,62780714,356837,158.54118
2018-04-02 04:00:00+00:00,157.81,159.19999999999999,154.11099999999999,155.38999999999999,38504274,254422,155.947327
2018-04-03 04:00:00+00:00,156.55000000000001,157.38999999999999,150.81,156.11000000000001,44187613,266330,154.75253499999999
2018-04-04 04:00:00+00:00,152.02500000000001,155.56,150.50999999999999,155.09999999999999,51842745,290777,153.26952499999999
2018-04-05 04:00:00+00:00,161.56,161.57499999999999,156.65000000000001,159.34,43061796,262463,159.26039800000001
2018-04-06 04:00:00+00:00,157.72999999999999,161.41999999999999,156.81,157.19999999999999,43733675,268993,158.776388
2018-04-09 04:00:00+00:00,157.81999999999999,160.53,156.03999999999999,157.93000000000001,36562032,214586,158.93914599999999
2018-04-10 04:00:00+00:00,157.93000000000001,165.97999999999999,157.00999999999999,165.03999999999999,61176060,359642,162.167473
2018-04-11 04:00:00+00:00,165.36000000000001,168.65000000000001,163.25,166.31999999999999,57434532,326228,166.20407299999999
2018-04-12 04:00:00+00:00,166.97999999999999,167.44999999999999,163.09999999999999,163.87,40174419,236713,164.559989
2018-04-13 04:00:00+00:00,164.58000000000001,165.70359999999999,163.77000000000001,164.53,20942130,125841,164.76920999999999
2018-04-16 04:00:00+00:00,165.72489999999999,165.78,163.38999999999999,164.83000000000001,19439876,116246,164.79384300000001
2018-04-17 04:00:00+00:00,165.83000000000001,169,165.66,168.66,24438734,152345,167.861931
2018-04-18 04:00:00+00:00,166.88,168.12,165.77000000000001,166.36000000000001,21828751,142964,166.84783400000001
2018-04-19 04:00:00+00:00,166.28999999999999,168.33000000000001,165.19999999999999,168.09999999999999,25168000,135483,166.88451900000001
2018-04-20 04:00:00+00:00,167.78999999999999,168.43000000000001,165.81,166.28,21375012,122933,167.02482900000001
2018-04-23 04:00:00+00:00,167.27000000000001,168.44999999999999,165.09,165.84,24186234,146998,166.638564
2018-04-24 04:00:00+00:00,165.43000000000001,166.09999999999999,158.19,159.69,36386318,241862,161.28546800000001
2018-04-25 04:00:00+00:00,160.1448,161.06,156.19,159.69,42191212,269700,159.213786
2018-04-26 04:00:00+00:00,173.22,176.27000000000001,170.80000000000001,174.16,80419452,500110,173.87092799999999
2018-04-27 04:00:00+00:00,176.81,177.09999999999999,172.59999999999999,173.59,31247868,200081,174.51351099999999
2018-04-30 04:00:00+00:00,173.78999999999999,175.72,171.71000000000001,172,22426589,135785,173.30240499999999
2018-05-01 04:00:00+00:00,172,174.02000000000001,170.22999999999999,173.86000000000001,26971950,162207,172.038546
2018-05-02 04:00:00+00:00,174.30000000000001,176.06999999999999,174.30000000000001,176.06999999999999,1460112,2,175.744113
2018-05-03 04:00:00+00:00,175.13,175.13,174.02000000000001,174.02000000000001,1963823,101,174.19608500000001
2018-05-04 04:00:00+00:00,173.08000000000001,176.97999999999999,173.06,176.61000000000001,18552878,128035,175.87878900000001
2018-05-07 04:00:00+00:00,177.34999999999999,179.5,177.16999999999999,177.97,20139923,126840,178.371126
2018-05-08 04:00:00+00:00,178.25,179.03999999999999,177.11000000000001,178.91999999999999,16395239,111083,178.222296
2018-05-09 04:00:00+00:00,179.66999999999999,183.00999999999999,178.7807,182.66,24894144,145150,181.486189
2018-05-10 04:00:00+00:00,183.15000000000001,186.1292,182.5,185.53,21917330,153306,184.861862
2018-05-11 04:00:00+00:00,184.84999999999999,188.31999999999999,184.18000000000001,186.99000000000001,22833551,140277,186.54199299999999
2018-05-14 04:00:00+00:00,187.71000000000001,187.86000000000001,186.19999999999999,186.63999999999999,16681847,106448,186.934371
2018-05-15 04:00:00+00:00,184.86000000000001,185.28999999999999,183.19999999999999,184.31999999999999,16731373,113498,184.13983500000001
2018-05-16 04:00:00+00:00,183.6952,184.31999999999999,182.66,183.19999999999999,18010683,116452,183.423744
2018-05-17 04:00:00+00:00,182.68000000000001,184.06,182.22,183.75999999999999,15677894,92846,183.375269
2018-05-18 04:00:00+00:00,183.49000000000001,184.19,182.61000000000001,182.68000000000001,14201315,75820,183.127172
2018-05-21 04:00:00+00:00,183.77000000000001,185.30000000000001,183.13,184.49000000000001,14626005,82211,184.39172300000001
2018-05-22 04:00:00+00:00,184.93000000000001,185.41999999999999,183.43000000000001,183.80000000000001,13858994,80985,184.27403699999999
2018-05-23 04:00:00+00:00,182.5,186.91,182.18000000000001,186.90000000000001,17698231,101802,184.999628
2018-05-24 04:00:00+00:00,185.88,186.80000000000001,185.03,185.93000000000001,13379635,84350,186.00986499999999
2018-05-25 04:00:00+00:00,186.02000000000001,186.33000000000001,184.44999999999999,184.91999999999999,11899016,77831,185.243821
2018-05-29 04:00:00+00:00,184.34,186.81,183.71000000000001,185.74000000000001,17603143,135310,185.46431999999999
2018-05-30 04:00:00+00:00,186.53999999999999,188,185.25,187.66999999999999,14525032,110987,187.14184900000001
2018-05-31 04:00:00+00:00,187.87,192.72,187.47999999999999,191.78,34404893,184122,191.11439200000001
2018-06-01 04:00:00+00:00,193.065,194.54920000000001,192.06999999999999,193.99000000000001,18311645,133531,193.49912399999999
2018-06-04 04:00:00+00:00,191.84,193.97999999999999,191.47,193.28,20467845,136942,192.97387800000001
2018-06-05 04:00:00+00:00,194.30000000000001,195,192.62,192.94,16606903,107966,193.697136
2018-06-06 04:00:00+00:00,191.02520000000001,192.53,189.11000000000001,191.34,23892613,157382,190.55676099999999
2018-06-07 04:00:00+00:00,190.75,190.97,186.77000000000001,188.18000000000001,22881507,168278,188.22720699999999
2018-06-08 04:00:00+00:00,187.53,189.47540000000001,186.43000000000001,189.09999999999999,13779804,95453,188.690406
2018-06-11 04:00:00+00:00,188.81,192.59999999999999,188.80000000000001,191.53999999999999,13848273,102615,191.168004
2018-06-12 04:00:00+00:00,192.16999999999999,193.28,191.56,192.40000000000001,12342197,90190,192.359137
2018-06-13 04:00:00+00:00,192.74000000000001,194.5,191.91,192.41,16909088,112519,193.05007499999999
2018-06-14 04:00:00+00:00,193.09999999999999,197.28,192.91,196.81,20193914,136584,195.79543799999999
2018-06-15 04:00:00+00:00,195.78999999999999,197.06999999999999,194.63999999999999,195.84999999999999,28148794,112127,195.868887
2018-06-18 04:00:00+00:00,194.80000000000001,199.58000000000001,194.13,198.31,17650249,124366,198.055801
2018-06-19 04:00:00+00:00,196.23519999999999,197.96000000000001,193.78999999999999,197.49000000000001,21597886,137602,196.22330199999999
2018-06-20 04:00:00+00:00,199.09999999999999,203.55000000000001,198.80500000000001,202.06,29513084,213142,201.78686099999999
2018-06-21 04:00:00+00:00,202.75999999999999,203.38999999999999,200.09,201.5,19774531,146956,201.93467100000001
2018-06-22 04:00:00+00:00,201.16,202.24000000000001,199.31,201.74000000000001,18989993,117336,201.13588899999999
2018-06-25 04:00:00+00:00,200,200,193.11000000000001,196.34999999999999,27128580,219943,196.00343699999999
2018-06-26 04:00:00+00:00,197.59999999999999,199.09999999999999,196.22999999999999,199,19192866,143044,197.98184800000001
2018-06-27 04:00:00+00:00,199.18000000000001,200.75,195.80000000000001,195.84,19726631,147076,198.50556
2018-06-28 04:00:00+00:00,195.18000000000001,197.34,193.25999999999999,196.22999999999999,19204248,154300,195.524596
2018-06-29 04:00:00+00:00,197.31999999999999,197.59970000000001,193.95500000000001,194.31999999999999,17447128,114669,195.30265600000001
2018-07-02 04:00:00+00:00,193.37,197.44999999999999,192.22,197.36000000000001,15075583,112101,195.217412
2018-07-03 04:00:00+00:00,194.55000000000001,195.40000000000001,192.52000000000001,192.72999999999999,14185516,108487,193.60002
2018-07-05 04:00:00+00:00,194.74000000000001,198.65000000000001,194.03,198.44999999999999,20828973,146949,196.46950200000001
2018-07-06 04:00:00+00:00,198.44999999999999,203.63999999999999,197.69999999999999,203.22999999999999,21180997,140598,201.72941599999999
2018-07-09 04:00:00+00:00,204.93000000000001,205.80000000000001,202.12010000000001,204.74000000000001,19090975,143552,204.264836
2018-07-10 04:00:00+00:00,204.5,204.91,202.25999999999999,203.55000000000001,14059605,107546,203.66537
2018-07-11 04:00:00+00:00,202.22,204.5,201.75,202.53999999999999,13712027,102990,203.21538799999999
2018-07-12 04:00:00+00:00,203.43000000000001,207.08000000000001,203.19,206.97999999999999,16226107,125940,205.880527
2018-07-13 04:00:00+00:00,207.81,208.43000000000001,206.44999999999999,207.31999999999999,12426800,92872,207.338662
2018-07-16 04:00:00+00:00,207.5,208.72,206.84,207.22999999999999,12037517,88265,207.594235
2018-07-17 04:00:00+00:00,204.90000000000001,210.46000000000001,204.84,209.99000000000001,16282694,121163,208.475042
2018-07-18 04:00:00+00:00,209.81999999999999,210.99000000000001,208.44,209.36000000000001,16396251,109163,209.73091299999999
2018-07-19 04:00:00+00:00,208.77000000000001,209.99000000000001,207.75999999999999,208.09,12498771,86243,208.49222900000001
2018-07-20 04:00:00+00:00,208.84999999999999,211.5,208.5,209.94,18270338,108093,210.00302600000001
2018-07-23 04:00:00+00:00,210.58000000000001,211.62,208.80000000000001,210.91,17488530,126731,210.56824599999999
2018-07-24 04:00:00+00:00,215.11000000000001,216.19999999999999,212.59999999999999,214.66999999999999,30235520,206151,214.57489200000001
2018-07-25 04:00:00+00:00,215.715,218.62,214.27000000000001,217.5,66411128,450049,216.91081500000001
2018-07-26 04:00:00+00:00,174.88999999999999,180.13,173.75,176.25999999999999,175905458,1312875,176.52919600000001
2018-07-27 04:00:00+00:00,179.87,179.93000000000001,173,174.88999999999999,62210704,461605,175.913554
2018-07-30 04:00:00+00:00,175.30000000000001,175.30000000000001,166.56,171.06,66934787,509266,169.41115400000001
2018-07-31 04:00:00+00:00,170.66999999999999,174.24000000000001,170,172.58000000000001,42216046,301572,172.44591299999999
2018-08-01 04:00:00+00:00,173.93000000000001,175.08000000000001,170.90000000000001,171.65000000000001,36084747,240213,172.73768000000001
2018-08-02 04:00:00+00:00,170.68000000000001,176.78999999999999,170.27000000000001,176.37,33595493,215705,174.318635
2018-08-03 04:00:00+00:00,177.69,178.84999999999999,176.15000000000001,177.78,26143649,193310,177.680958
2018-08-06 04:00:00+00:00,178.97,185.78999999999999,178.38,185.69,51265449,339643,183.041393
2018-08-07 04:00:00+00:00,186.5,188.30000000000001,183.72,183.81,34481722,244880,185.63667799999999
2018-08-08 04:00:00+00:00,184.75,186.84999999999999,183.75999999999999,185.18000000000001,23401367,154712,185.472871
2018-08-09 04:00:00+00:00,185.8492,186.56999999999999,182.47999999999999,183.09,20964258,144206,184.41915900000001
2018-08-10 04:00:00+00:00,182.03999999999999,182.09999999999999,179.41999999999999,180.25999999999999,22621230,168364,180.59406000000001
2018-08-13 04:00:00+00:00,180.09999999999999,182.61000000000001,178.90000000000001,180.05000000000001,18392000,134656,180.90927099999999
2018-08-14 04:00:00+00:00,180.71000000000001,181.99000000000001,178.62,181.11000000000001,20285357,123215,180.694919
2018-08-15 04:00:00+00:00,179.34,180.87,174.78,179.53,34719103,234353,178.18377699999999
2018-08-16 04:00:00+00:00,180.41999999999999,180.5,174.00999999999999,174.69999999999999,32737058,222232,176.74720300000001
2018-08-17 04:00:00+00:00,174.5,176.22,172.03999999999999,173.80000000000001,26579607,188360,173.56954300000001
2018-08-20 04:00:00+00:00,174.03999999999999,174.56999999999999,170.91,172.5,22881912,162994,172.464719
2018-08-21 04:00:00+00:00,172.81,174.16999999999999,171.38999999999999,172.62,20902275,145977,172.96571499999999
2018-08-22 04:00:00+00:00,172.21000000000001,174.24000000000001,172.13,173.63999999999999,17868819,119614,173.140851
2018-08-23 04:00:00+00:00,173.09,175.55000000000001,172.83000000000001,172.90000000000001,19056885,129958,174.126598
2018-08-24 04:00:00+00:00,173.69999999999999,174.81999999999999,172.91999999999999,174.64500000000001,15509169,108576,174.16955300000001
2018-08-27 04:00:00+00:00,175.99000000000001,178.66999999999999,175.78999999999999,177.46000000000001,18884833,143929,177.41185899999999
2018-08-28 04:00:00+00:00,178.09999999999999,178.23990000000001,175.83000000000001,176.25999999999999,17071942,118278,176.921133
2018-08-29 04:00:00+00:00,176.29499999999999,176.78999999999999,174.75,175.90000000000001,20155762,127668,175.694491
2018-08-30 04:00:00+00:00,175.90000000000001,179.7901,175.69999999999999,177.63999999999999,26024834,172775,178.23333700000001
2018-08-31 04:00:00+00:00,177.15000000000001,177.62,174.98150000000001,175.72999999999999,19542962,135865,175.74370300000001
2018-09-04 04:00:00+00:00,173.5,173.88999999999999,168.80000000000001,171.16,31181377,234516,171.121025
2018-09-05 04:00:00+00:00,169.49000000000001,171.125,166.66999999999999,167.18000000000001,33355271,237154,168.28985800000001
2018-09-06 04:00:00+00:00,166.97999999999999,166.97999999999999,160,162.53,42668111,322851,163.114689
2018-09-07 04:00:00+00:00,160.36000000000001,164.62690000000001,160.16,163.03999999999999,25302518,194790,162.685879
2018-09-10 04:00:00+00:00,163.50999999999999,165.00999999999999,162.16,164.18000000000001,21988344,146706,163.836071
2018-09-11 04:00:00+00:00,163.94,167.19,163.72,165.94,21333708,144533,166.03268600000001
2018-09-12 04:00:00+00:00,163.25,164.49000000000001,161.80000000000001,162,25409841,193390,162.547088
2018-09-13 04:00:00+00:00,162,163.31999999999999,160.86000000000001,161.36000000000001,27318844,205946,161.70605599999999
2018-09-14 04:00:00+00:00,161.715,162.84,160.34,162.31999999999999,22772631,173200,161.85101499999999
2018-09-17 04:00:00+00:00,161.91999999999999,162.06,159.77000000000001,160.58000000000001,22243542,173385,160.706219
2018-09-18 04:00:00+00:00,159.38999999999999,161.76390000000001,158.8656,160.30000000000001,24013096,186537,160.464279
2018-09-19 04:00:00+00:00,160.08000000000001,163.44,159.47999999999999,163.06,20906260,176911,161.660404
2018-09-20 04:00:00+00:00,164.5,166.44999999999999,164.47219999999999,166.02000000000001,20457604,171184,165.62794199999999
2018-09-21 04:00:00+00:00,166.63999999999999,167.25,162.81,162.93000000000001,60043515,195506,164.17325700000001
2018-09-24 04:00:00+00:00,161.03,165.69999999999999,160.88,165.41,20773112,162390,164.45235700000001
2018-09-25 04:00:00+00:00,161.99000000000001,165.59,161.15000000000001,164.91,28698529,224621,163.66028399999999
2018-09-26 04:00:00+00:00,164.30000000000001,169.30000000000001,164.21000000000001,166.94999999999999,27263570,186309,167.273045
2018-09-27 04:00:00+00:00,167.55000000000001,171.77000000000001,167.21000000000001,168.84,28918266,203476,169.70175399999999
2018-09-28 04:00:00+00:00,168.33000000000001,168.78999999999999,162.56,164.46000000000001,36124764,233074,164.83866800000001
2018-10-01 04:00:00+00:00,163.03,165.88,161.25999999999999,162.44,28900383,187803,162.95788899999999
2018-10-02 04:00:00+00:00,161.58000000000001,162.28,158.66999999999999,159.33000000000001,38167814,242817,159.86746099999999
2018-10-03 04:00:00+00:00,160,163.66,159.53,162.43000000000001,24931509,159750,161.924678
2018-10-04 04:00:00+00:00,161.46000000000001,161.46000000000001,157.34999999999999,158.68000000000001,28238849,183270,159.01879199999999
2018-10-05 04:00:00+00:00,159.21000000000001,160.90000000000001,156.19999999999999,157.33000000000001,27234297,168573,158.14224400000001
2018-10-08 04:00:00+00:00,155.53999999999999,158.34,154.38999999999999,157.25,25478952,162755,156.592615
2018-10-09 04:00:00+00:00,157.69,160.59,157.41999999999999,157.90000000000001,19785907,140766,158.9759
2018-10-10 04:00:00+00:00,156.81999999999999,157.69,151.31,151.38,32966938,245500,153.97935899999999
2018-10-11 04:00:00+00:00,150.13,154.81,149.16,153.34999999999999,37747012,289147,152.68003200000001
2018-10-12 04:00:00+00:00,156.72999999999999,156.88999999999999,151.2998,153.74000000000001,27059406,210921,153.778029
2018-10-15 04:00:00+00:00,153.31999999999999,155.56999999999999,152.55000000000001,153.52000000000001,16605150,117570,154.09641300000001
2018-10-16 04:00:00+00:00,155.40000000000001,159.46000000000001,155.00999999999999,158.78,20662583,134441,157.49056200000001
2018-10-17 04:00:00+00:00,159.56,160.49000000000001,157.94999999999999,159.41999999999999,19618541,124987,159.23855699999999
2018-10-18 04:00:00+00:00,158.50999999999999,158.66,153.28,154.91999999999999,22881312,157674,155.487574
2018-10-19 04:00:00+00:00,155.86000000000001,157.34999999999999,153.55000000000001,154.05000000000001,21618368,128002,155.08669499999999
2018-10-22 04:00:00+00:00,154.75999999999999,157.34,154.46000000000001,154.78,16503933,112791,155.53079299999999
2018-10-23 04:00:00+00:00,151.22,154.77000000000001,150.84999999999999,154.38999999999999,20923072,140168,153.02632399999999
2018-10-24 04:00:00+00:00,154.28,154.65000000000001,145.59999999999999,146.03999999999999,29423935,201161,149.16868700000001
2018-10-25 04:00:00+00:00,147.75,152.21000000000001,147,150.94999999999999,24262405,161678,150.01097799999999
2018-10-26 04:00:00+00:00,145.81999999999999,149,143.80000000000001,145.37,33301479,230486,146.015052
2018-10-29 04:00:00+00:00,148.5,148.83000000000001,139.03,142.09,33099062,235474,144.075174
2018-10-30 04:00:00+00:00,139.935,146.63999999999999,139.74189999999999,146.22,52542623,386108,143.543296
2018-10-31 04:00:00+00:00,155,156.40000000000001,148.96000000000001,151.78999999999999,62802593,382928,153.03050400000001
2018-11-01 04:00:00+00:00,151.52000000000001,152.75,149.34999999999999,151.75,27063346,180388,151.06481400000001
2018-11-02 04:00:00+00:00,151.80000000000001,154.13,148.96000000000001,150.34999999999999,26906085,167026,150.77595400000001
2018-11-05 05:00:00+00:00,150.09999999999999,150.19,147.44,148.68000000000001,17344704,105268,148.48840999999999
2018-11-06 05:00:00+00:00,149.31,150.97,148,149.94,17777521,105933,149.62791200000001
2018-11-07 05:00:00+00:00,151.56999999999999,153.00999999999999,149.83000000000001,151.53,23563915,137229,151.204183
2018-11-08 05:00:00+00:00,150.49000000000001,150.94,146.74000000000001,147.87,25541833,163540,147.83504199999999
2018-11-09 05:00:00+00:00,146.75,147.75999999999999,144.06999999999999,144.96000000000001,19041533,127934,145.43763999999999
2018-11-12 05:00:00+00:00,144.47999999999999,145.03999999999999,140.48990000000001,141.55000000000001,19664962,143042,141.80826099999999
2018-11-13 05:00:00+00:00,142,144.88,141.62,142.16,16207421,122064,142.82668100000001
2018-11-14 05:00:00+00:00,143.69999999999999,145.58000000000001,141.55000000000001,144.22,23410093,166084,143.66269199999999
2018-11-15 05:00:00+00:00,142.33000000000001,144.84,140.83000000000001,143.84999999999999,32081888,226028,142.70782399999999
2018-11-16 05:00:00+00:00,141.06999999999999,141.77000000000001,137.77000000000001,139.53,39721052,246955,139.468951
2018-11-19 05:00:00+00:00,137.61000000000001,137.75,131.21000000000001,131.55000000000001,46409311,344349,133.21936199999999
2018-11-20 05:00:00+00:00,127.03,134.1592,126.84999999999999,132.43000000000001,44156198,305554,131.30965499999999
2018-11-21 05:00:00+00:00,134.40000000000001,137.19,134.13,134.75,26638280,187287,135.72793200000001
2018-11-23 05:00:00+00:00,133.65000000000001,134.5,131.2551,131.72999999999999,12772212,95517,132.35933199999999
2018-11-26 05:00:00+00:00,133,137,132.78,136.38,26291059,161961,135.486098
2018-11-27 05:00:00+00:00,135.75,136.61259999999999,133.71000000000001,135,22824439,131133,135.08565400000001
2018-11-28 05:00:00+00:00,136.28,136.78989999999999,131.84999999999999,136.75999999999999,31750289,205433,134.762553
2018-11-29 05:00:00+00:00,135.91999999999999,139.99000000000001,135.66,138.68000000000001,25472692,167962,138.019901
2018-11-30 05:00:00+00:00,138.25999999999999,140.96600000000001,137.36000000000001,140.61000000000001,29936178,135506,140.04505900000001
2018-12-03 05:00:00+00:00,143,143.6799,140.75999999999999,141.09,27378122,158111,142.127285
2018-12-04 05:00:00+00:00,140.72999999999999,143.38999999999999,137.16,137.93000000000001,32688584,187165,140.06476699999999
2018-12-06 05:00:00+00:00,133.81999999999999,139.69999999999999,133.66999999999999,139.63,30167329,206170,137.15207599999999
2018-12-07 05:00:00+00:00,139.25,140.87,136.6566,137.41999999999999,22164663,151848,138.327765
2018-12-10 05:00:00+00:00,139.59999999999999,143.05000000000001,139.00999999999999,141.84999999999999,28215438,189041,141.10978399999999
2018-12-11 05:00:00+00:00,143.88,143.88,141.09999999999999,142.08000000000001,21194977,154101,142.359375
2018-12-12 05:00:00+00:00,143.09,147.19,142.50999999999999,144.5,25964601,165599,145.238215
2018-12-13 05:00:00+00:00,145.56999999999999,145.84999999999999,143.19,145.02000000000001,19904519,128180,144.50421499999999
2018-12-14 05:00:00+00:00,143.34,146.00999999999999,142.50999999999999,144.06,23636521,159274,144.29005900000001
2018-12-17 05:00:00+00:00,143.08000000000001,144.91999999999999,138.41999999999999,140.19,27386858,155003,141.50775400000001
2018-12-18 05:00:00+00:00,141.08000000000001,145.93000000000001,139.83009999999999,143.66,27310717,184167,143.778459
2018-12-19 05:00:00+00:00,141.21000000000001,144.91,132.5,133.25,60013625,395990,136.83523299999999
2018-12-20 05:00:00+00:00,130.69999999999999,135.56999999999999,130,133.40000000000001,42571342,300043,133.198893
2018-12-21 05:00:00+00:00,133.38999999999999,134.90000000000001,123.42,124.95,64996344,349209,127.965703
2018-12-24 05:00:00+00:00,123.09999999999999,129.74000000000001,123.02,123.92,23833739,173773,126.18968700000001
2018-12-26 05:00:00+00:00,126,134.24000000000001,125.89,134.18000000000001,43449812,253788,130.83165099999999
2018-12-27 05:00:00+00:00,132.44,134.99000000000001,129.66999999999999,134.52000000000001,33393434,219285,132.61783700000001
2018-12-28 05:00:00+00:00,135.34,135.91999999999999,132.19999999999999,133.19999999999999,24480299,167079,133.87720999999999
2018-12-31 05:00:00+00:00,134.44999999999999,134.63999999999999,129.94999999999999,131.09,26850804,162424,131.09976
2019-01-02 05:00:00+00:00,128.99000000000001,137.50999999999999,128.56,135.68000000000001,29535265,195613,134.716115
2019-01-03 05:00:00+00:00,134.69,137.16999999999999,131.12,131.74000000000001,25179194,153290,132.971676
2019-01-04 05:00:00+00:00,134.00999999999999,138,133.75,137.94999999999999,30560637,170139,136.81423599999999
2019-01-07 05:00:00+00:00,137.56,138.87,135.91,138.05000000000001,21676480,134493,137.64608100000001
2019-01-08 05:00:00+00:00,139.88999999999999,143.13999999999999,139.53999999999999,142.55000000000001,28433978,174196,141.85256899999999
2019-01-09 05:00:00+00:00,142.94999999999999,144.69999999999999,141.27000000000001,144.22999999999999,23713288,151158,143.553967
2019-01-10 05:00:00+00:00,143.08000000000001,144.56,140.84,144.19999999999999,17442230,111331,143.239496
2019-01-11 05:00:00+00:00,143.15000000000001,145.36000000000001,142.56999999999999,143.80000000000001,13895552,92878,143.825594
2019-01-14 05:00:00+00:00,142,146.56999999999999,141.27000000000001,145.38999999999999,21858406,129458,144.38135500000001
2019-01-15 05:00:00+00:00,146.18000000000001,150.68000000000001,145.99000000000001,148.94999999999999,25746987,165888,149.10306700000001
2019-01-16 05:00:00+00:00,149,149.6499,146.9975,147.53999999999999,19088969,129594,147.87903600000001
2019-01-17 05:00:00+00:00,146.94999999999999,149,146.5,148.30000000000001,16792637,111418,147.98340200000001
2019-01-18 05:00:00+00:00,149.75,152.43000000000001,148.55000000000001,150.03999999999999,34021851,181092,150.24821499999999
2019-01-22 05:00:00+00:00,149.19999999999999,151.53,146.37,147.56999999999999,24729615,151742,148.62074899999999
2019-01-23 05:00:00+00:00,148.28,148.80000000000001,143.05500000000001,144.30000000000001,21296501,143302,144.90828999999999
2019-01-24 05:00:00+00:00,144.63999999999999,146.44,142.52000000000001,145.83000000000001,22085334,146640,144.888634
2019-01-25 05:00:00+00:00,147.47999999999999,149.83000000000001,146.53999999999999,149.00999999999999,24409231,121031,148.82642100000001
2019-01-28 05:00:00+00:00,148.05000000000001,148.96000000000001,146.21000000000001,147.47,17457376,103156,147.33042599999999
2019-01-29 05:00:00+00:00,147.97499999999999,148.09999999999999,143.43000000000001,144.19,18375420,122614,144.53027900000001
2019-01-30 05:00:00+00:00,146.22,150.94999999999999,145.6953,150.41999999999999,45823810,279925,148.58383799999999
2019-01-31 05:00:00+00:00,165.59999999999999,171.68000000000001,165,166.69,80099099,514918,168.226843
2019-02-01 05:00:00+00:00,165.84,169.09999999999999,165.66,165.71000000000001,32678883,195267,166.949084
2019-02-04 05:00:00+00:00,165.69999999999999,169.30000000000001,163.62,169.25,21461008,133263,168.04924600000001
2019-02-05 05:00:00+00:00,169.15000000000001,171.97999999999999,168.69,171.16,24934153,137149,170.756868
2019-02-06 05:00:00+00:00,171.19999999999999,172.47,169.27000000000001,170.49000000000001,14268867,91647,170.584271
2019-02-07 05:00:00+00:00,168.19999999999999,169.24000000000001,165.25,166.38,18803891,123291,166.79832500000001
2019-02-08 05:00:00+00:00,164.47,167.37,164.21000000000001,167.33000000000001,13456673,86580,165.972385
2019-02-11 05:00:00+00:00,167.90000000000001,168.30000000000001,165.08000000000001,165.78999999999999,14353900,77654,166.207278
2019-02-12 05:00:00+00:00,166.86000000000001,168.34,164.5,165.03999999999999,17477765,106624,166.259906
2019-02-13 05:00:00+00:00,165.38,166.22,163.72999999999999,164.06999999999999,15048507,100969,165.045703
2019-02-14 05:00:00+00:00,163.19,164.86969999999999,162.24680000000001,163.94999999999999,13963433,89935,163.671154
2019-02-15 05:00:00+00:00,164.50999999999999,164.69999999999999,160.86000000000001,162.5,17072568,112122,162.51331400000001
2019-02-19 05:00:00+00:00,160.5,164.15000000000001,160.33000000000001,162.28999999999999,16154823,88087,162.56746699999999
2019-02-20 05:00:00+00:00,162.25,163.72,161.25,162.56,12746648,88113,162.52083500000001
2019-02-21 05:00:00+00:00,161.93000000000001,162.24000000000001,159.59,160.03999999999999,16777672,112853,160.40818100000001
2019-02-22 05:00:00+00:00,160.58000000000001,162.41,160.31,161.88999999999999,18315519,97248,161.58841100000001
2019-02-25 05:00:00+00:00,163.06999999999999,166.06999999999999,162.90000000000001,164.62,20154470,122754,164.80449200000001
2019-02-26 05:00:00+00:00,164.33500000000001,166.24000000000001,163.80000000000001,164.13,14816791,102638,164.81771900000001
2019-02-27 05:00:00+00:00,162.90000000000001,163.93000000000001,160.41,162.81,13808665,96552,162.30370099999999
2019-02-28 05:00:00+00:00,162.37,163.5,160.86000000000001,161.44999999999999,12511057,81943,161.586456
2019-03-01 05:00:00+00:00,162.59999999999999,163.13200000000001,161.69,162.28,12441526,78561,162.28581299999999
2019-03-04 05:00:00+00:00,163.90000000000001,167.5,163.83000000000001,167.37,20234278,145954,165.98183900000001
2019-03-05 05:00:00+00:00,167.37,171.88,166.55000000000001,171.25999999999999,29407190,190076,170.04592
2019-03-06 05:00:00+00:00,172.90000000000001,173.56999999999999,171.27000000000001,172.50999999999999,22573772,152702,172.365137
2019-03-07 05:00:00+00:00,171.5,171.74000000000001,167.61000000000001,169.13,19860858,130534,169.47064800000001
2019-03-08 05:00:00+00:00,166.19999999999999,169.62,165.97,169.59999999999999,13507450,93813,168.27499
2019-03-11 04:00:00+00:00,171.59999999999999,174.30000000000001,171.58000000000001,172.06999999999999,20213850,122336,172.83089100000001
2019-03-12 04:00:00+00:00,172.09,173.80000000000001,171.21780000000001,171.91999999999999,13033568,93187,172.15078700000001
2019-03-13 04:00:00+00:00,172.31999999999999,174.03,172.12,173.37,12841004,86094,173.26173700000001
2019-03-14 04:00:00+00:00,169.75999999999999,171.15000000000001,168.16,170.16999999999999,19437562,126244,169.94072399999999
2019-03-15 04:00:00+00:00,167.16,167.58000000000001,162.50999999999999,165.97999999999999,43017343,210907,165.75502700000001
2019-03-18 04:00:00+00:00,163.56999999999999,163.90000000000001,159.28,160.47,39082371,239967,161.052279
2019-03-19 04:00:00+00:00,161.47999999999999,163.81999999999999,160.81999999999999,161.56999999999999,27731063,159614,162.219583
2019-03-20 04:00:00+00:00,161.5,166.12,161.24000000000001,165.44,21637991,133292,164.11716699999999
2019-03-21 04:00:00+00:00,164.88999999999999,166.38999999999999,163.75,166.08000000000001,17557834,115328,165.22168400000001
2019-03-22 04:00:00+00:00,165.65000000000001,167.41999999999999,164.09,164.34,18083044,121010,165.26479499999999
2019-03-25 04:00:00+00:00,163,166.53999999999999,162,166.28999999999999,13542013,93140,164.76746
2019-03-26 04:00:00+00:00,167.34999999999999,169.44999999999999,166.34989999999999,167.68000000000001,16368749,110501,167.92990900000001
2019-03-27 04:00:00+00:00,167.84999999999999,168.94,164.78999999999999,165.87,11522296,84884,166.43954600000001
2019-03-28 04:00:00+00:00,164.56999999999999,166.72,163.33000000000001,165.55000000000001,11259293,78089,165.407501
2019-03-29 04:00:00+00:00,166.38999999999999,167.19,164.81,166.69,16334880,76874,166.36174299999999
2019-04-01 04:00:00+00:00,167.83000000000001,168.90000000000001,167.27889999999999,168.69999999999999,11431736,80808,168.30696
2019-04-02 04:00:00+00:00,170.13999999999999,174.90000000000001,169.55000000000001,174.19999999999999,25002521,164106,173.255223
2019-04-03 04:00:00+00:00,174.5,177.96000000000001,172.94999999999999,173.53999999999999,28721889,192747,175.12761
2019-04-04 04:00:00+00:00,176.02000000000001,178,175.5301,176.02000000000001,18886202,132910,176.756258
2019-04-05 04:00:00+00:00,176.88,177,175.09999999999999,175.72,10132639,75021,175.76123699999999
2019-04-08 04:00:00+00:00,175.21000000000001,175.5,174.22999999999999,174.93000000000001,7918187,60252,174.77201600000001
2019-04-09 04:00:00+00:00,175.62,179.19,175.55000000000001,177.58000000000001,21155186,128462,177.85101499999999
2019-04-10 04:00:00+00:00,178.18000000000001,178.78999999999999,176.53999999999999,177.81999999999999,12614330,81760,177.56324900000001
2019-04-11 04:00:00+00:00,178.24000000000001,178.40000000000001,177,177.50999999999999,8929483,56843,177.66423
2019-04-12 04:00:00+00:00,178,179.63,177.94999999999999,179.09999999999999,13338367,86229,178.996655
2019-04-15 04:00:00+00:00,178.5,180.5,176.87,179.65000000000001,11534000,80105,179.10135700000001
2019-04-16 04:00:00+00:00,179.18000000000001,180.16999999999999,178.30000000000001,178.87,11951353,82695,179.357079
2019-04-17 04:00:00+00:00,179.59999999999999,180.74000000000001,178.36000000000001,178.78,10860117,69227,179.155629
2019-04-18 04:00:00+00:00,178.80000000000001,178.88,177.34,178.28,13926727,73069,178.208012
2019-04-22 04:00:00+00:00,178.25,181.66499999999999,178.25,181.44,14393259,93792,180.524351
2019-04-23 04:00:00+00:00,182.74000000000001,184.22,181.47999999999999,183.78,21457681,141264,183.11972600000001
2019-04-24 04:00:00+00:00,184.49000000000001,185.13999999999999,181.65000000000001,182.58000000000001,38372594,269998,183.05258000000001
2019-04-25 04:00:00+00:00,196.97999999999999,198.47999999999999,192.12,193.25999999999999,58206702,352320,194.58926299999999
2019-04-26 04:00:00+00:00,192.5,192.90000000000001,189.09,191.49000000000001,23739282,162027,191.23703699999999
2019-04-29 04:00:00+00:00,190.94999999999999,195.41,190.65000000000001,194.78,20356701,138802,194.019768
2019-04-30 04:00:00+00:00,194.19,197.38999999999999,192.28,193.40000000000001,24799939,150588,194.58756500000001
2019-05-01 04:00:00+00:00,194.78,196.17689999999999,193.00999999999999,193.03,16840506,109405,194.53871000000001
2019-05-02 04:00:00+00:00,193,194,189.75,192.53,14113567,104856,192.03057799999999
2019-05-03 04:00:00+00:00,194.38,196.16,193.71000000000001,195.47,15451999,107694,195.339394
2019-05-06 04:00:00+00:00,191.24000000000001,194.28,190.55000000000001,193.88,14997835,106494,193.06863899999999
2019-05-07 04:00:00+00:00,192.53999999999999,192.90000000000001,187.84999999999999,189.77000000000001,17933868,123810,189.905349
2019-05-08 04:00:00+00:00,189.38999999999999,190.72,188.55000000000001,189.53999999999999,13589156,94504,189.68370200000001
2019-05-09 04:00:00+00:00,187.19999999999999,189.77000000000001,186.25999999999999,188.65000000000001,13856207,102467,188.11280199999999
2019-05-10 04:00:00+00:00,188.25,190,184.59,188.34,13145657,109919,187.214879
2019-05-13 04:00:00+00:00,183.5,185.43000000000001,180.84,181.53999999999999,18437061,144332,182.70829800000001
2019-05-14 04:00:00+00:00,182.52000000000001,183.49000000000001,178.09999999999999,180.72999999999999,18389767,140629,180.87766999999999
2019-05-15 04:00:00+00:00,180.41999999999999,187.28,180.02000000000001,186.27000000000001,18178108,133956,185.33164500000001
2019-05-16 04:00:00+00:00,185.05000000000001,188.57499999999999,185.05000000000001,186.99000000000001,14100148,96147,187.073137
2019-05-17 04:00:00+00:00,184.84,187.58000000000001,184.28,185.30000000000001,12039785,83209,185.813875
2019-05-20 04:00:00+00:00,181.88,184.22999999999999,181.37,182.72,11374398,87802,182.81450100000001
2019-05-21 04:00:00+00:00,184.56999999999999,185.69999999999999,183.88499999999999,184.81999999999999,8340124,66869,184.837693
2019-05-22 04:00:00+00:00,184.72999999999999,186.74000000000001,183.61000000000001,185.31999999999999,10382432,66578,185.594055
2019-05-23 04:00:00+00:00,182.41999999999999,183.90000000000001,179.66999999999999,180.87,14066888,111339,181.33637400000001
2019-05-24 04:00:00+00:00,182.33000000000001,183.63,180.83000000000001,181.06,9431060,68457,182.09706499999999
2019-05-28 04:00:00+00:00,181.53999999999999,184.71190000000001,181.4537,184.31,18496669,93661,183.97442699999999
2019-05-29 04:00:00+00:00,183.5,184.56,181.34999999999999,182.19,13680468,109340,182.63497100000001
2019-05-30 04:00:00+00:00,183.08000000000001,183.47999999999999,180.88999999999999,183.00999999999999,9012709,78801,182.36962800000001
2019-05-31 04:00:00+00:00,180.28,180.53999999999999,177.16,177.47,16681840,118455,178.272266
2019-06-03 04:00:00+00:00,175,175.05000000000001,161.00999999999999,164.15000000000001,58501537,420497,165.981314
2019-06-04 04:00:00+00:00,163.71000000000001,168.28,160.84,167.5,47663759,317050,164.615904
2019-06-05 04:00:00+00:00,167.47999999999999,168.72,164.63,168.16999999999999,20929624,152167,167.125933
2019-06-06 04:00:00+00:00,168.30000000000001,169.69999999999999,167.22999999999999,168.33000000000001,13488927,98726,168.51753299999999
2019-06-07 04:00:00+00:00,170.16999999999999,173.87,168.84,173.34999999999999,18831665,120207,172.48061899999999
2019-06-10 04:00:00+00:00,174.75,177.86000000000001,173.80000000000001,174.81999999999999,15776037,115345,175.667384
2019-06-11 04:00:00+00:00,178.47999999999999,179.97999999999999,176.78999999999999,178.09999999999999,16216422,119430,178.36414300000001
2019-06-12 04:00:00+00:00,178.38,179.27000000000001,172.88,175.03999999999999,18622339,129366,175.34923499999999
2019-06-13 04:00:00+00:00,175.53,178.03,174.60599999999999,177.47,13093554,90494,176.88952599999999
2019-06-14 04:00:00+00:00,180.50999999999999,181.8398,180,181.33000000000001,18004505,134028,180.97272100000001
2019-06-17 04:00:00+00:00,185.00999999999999,189.5,184.41050000000001,189.00999999999999,30794430,206433,187.32025999999999
2019-06-18 04:00:00+00:00,194,194.53,187.28,188.47,39105141,309833,190.54728299999999
2019-06-19 04:00:00+00:00,187,188.09999999999999,184.55000000000001,187.47999999999999,22721397,173083,186.14716999999999
2019-06-20 04:00:00+00:00,190.94999999999999,191.16,187.63999999999999,189.53,16178584,133611,189.16209799999999
2019-06-21 04:00:00+00:00,188.75,192,188.75,191.13999999999999,28821896,136450,190.653288
2019-06-24 04:00:00+00:00,192.5,193.97999999999999,191.56999999999999,192.59999999999999,16893385,125241,192.88539900000001
2019-06-25 04:00:00+00:00,192.88,193.13999999999999,188.13,188.84,17596317,152394,189.60726199999999
2019-06-26 04:00:00+00:00,189.53999999999999,190.75999999999999,187.31,187.66,14089802,117870,188.54525799999999
2019-06-27 04:00:00+00:00,189.88,189.94999999999999,188.27000000000001,189.5,11929229,99561,189.29092199999999
2019-06-28 04:00:00+00:00,190.55000000000001,193.19999999999999,189.94,193.02000000000001,18785094,136478,192.12816000000001
2019-07-01 04:00:00+00:00,195.21000000000001,195.28,191.93000000000001,193,15204985,130685,193.64054300000001
2019-07-02 04:00:00+00:00,193,195,192.71000000000001,195,9654675,95184,194.24342999999999
2019-07-03 04:00:00+00:00,194.16,197.40000000000001,194.16,197.19999999999999,10904864,86783,196.53531699999999
2019-07-05 04:00:00+00:00,196.18000000000001,197.06999999999999,194.16999999999999,196.40000000000001,12021772,107286,195.719559
2019-07-08 04:00:00+00:00,195.19,196.68000000000001,193.63999999999999,195.75999999999999,10548789,88910,195.29001
2019-07-09 04:00:00+00:00,194.97999999999999,199.46000000000001,194.88999999999999,199.21000000000001,15382836,126182,198.193094
2019-07-10 04:00:00+00:00,200,202.96000000000001,199.66999999999999,202.72999999999999,21723297,181348,201.50735599999999
2019-07-11 04:00:00+00:00,203.25999999999999,203.80000000000001,200.21000000000001,201.22999999999999,14533905,122348,201.69252399999999
2019-07-12 04:00:00+00:00,199.68000000000001,205.30000000000001,199.16,204.87,16297749,142648,202.582752
2019-07-15 04:00:00+00:00,204.25,205.33000000000001,201.81999999999999,203.91,16972563,144229,203.87075300000001
2019-07-16 04:00:00+00:00,203.88999999999999,205.47069999999999,203.09999999999999,203.84,12682328,107939,204.20029500000001
2019-07-17 04:00:00+00:00,204.18000000000001,204.36000000000001,201.59,201.80000000000001,13172182,112850,202.51800700000001
2019-07-18 04:00:00+00:00,200.15000000000001,202.47,199.38,200.78,12719444,111377,200.61456699999999
2019-07-19 04:00:00+00:00,202.18000000000001,202.33000000000001,198.06999999999999,198.36000000000001,13597320,102977,200.167179
2019-07-22 04:00:00+00:00,199.91,202.56999999999999,198.81,202.31999999999999,14522116,120169,201.328486
2019-07-23 04:00:00+00:00,202.84,204.24199999999999,200.96250000000001,202.36000000000001,15469348,123223,202.38667100000001
2019-07-24 04:00:00+00:00,197.63,204.81,197.22,204.66,33959225,271250,202.19796400000001
2019-07-25 04:00:00+00:00,206.69999999999999,208.66,198.25999999999999,200.71000000000001,41465948,341775,201.33458999999999
2019-07-26 04:00:00+00:00,200.19,202.88,196.25,199.75,25845745,204582,199.222296
2019-07-29 04:00:00+00:00,199,199.63,195.30000000000001,195.94,17386067,145557,196.38086999999999
2019-07-30 04:00:00+00:00,195.38999999999999,198.71000000000001,193.5,197.03999999999999,12729521,117544,196.70505299999999
2019-07-31 04:00:00+00:00,196.94999999999999,198.75999999999999,192.68000000000001,194.22999999999999,15670456,145114,195.87192200000001
2019-08-01 04:00:00+00:00,194.16999999999999,198.47,190.88,192.72999999999999,18545927,174110,194.68666099999999
2019-08-02 04:00:00+00:00,191.09999999999999,192.62,188.06999999999999,189.02000000000001,16267233,150313,189.60066499999999
2019-08-05 04:00:00+00:00,184.69,185.66999999999999,179.34,181.72999999999999,24864692,225419,182.19046
2019-08-06 04:00:00+00:00,183.55000000000001,185.78899999999999,183.09,184.50999999999999,19792742,150998,184.33270200000001
2019-08-07 04:00:00+00:00,183.59999999999999,186.37,181.22,185.15000000000001,17116160,137680,184.51647600000001
2019-08-08 04:00:00+00:00,186.62,190.34,184.05000000000001,190.16,16643138,126006,188.61665600000001
2019-08-09 04:00:00+00:00,190,190.97999999999999,187.12,187.84999999999999,11982034,109830,188.57772800000001
2019-08-12 04:00:00+00:00,186.84999999999999,187.59,184.46000000000001,185.37,11799773,97312,185.93885299999999
2019-08-13 04:00:00+00:00,185.52000000000001,191.38,185.37,188.44999999999999,14426745,137199,189.074341
2019-08-14 04:00:00+00:00,185.80000000000001,185.99000000000001,179.31,179.71000000000001,20456658,171542,181.25504900000001
2019-08-15 04:00:00+00:00,180.94999999999999,183.19999999999999,180.03,182.59,13868905,123135,181.93554900000001
2019-08-16 04:00:00+00:00,183.75,185.09999999999999,182.36000000000001,183.69999999999999,14272321,99893,183.626724
2019-08-19 04:00:00+00:00,186.00999999999999,187.5,184.84999999999999,186.16999999999999,10549492,82665,186.33105800000001
2019-08-20 04:00:00+00:00,185.44999999999999,186,182.38999999999999,183.81,11027798,85706,184.40615299999999
2019-08-21 04:00:00+00:00,185,185.90000000000001,183.13999999999999,183.55000000000001,9125003,69008,184.462874
2019-08-22 04:00:00+00:00,183.43000000000001,184.11000000000001,179.91,182.03999999999999,11609356,102999,181.867875
2019-08-23 04:00:00+00:00,180.84,183.13,176.66,177.75,19113294,165785,178.67879099999999
2019-08-26 04:00:00+00:00,179.40000000000001,180.5,178.24000000000001,180.36000000000001,9768745,85135,179.66951800000001
2019-08-27 04:00:00+00:00,181.93000000000001,184.03999999999999,181.00999999999999,181.30000000000001,16264104,116166,182.07919699999999
2019-08-28 04:00:00+00:00,180.53,181.94999999999999,178.91999999999999,181.75999999999999,10192269,87619,181.121567
2019-08-29 04:00:00+00:00,183.77000000000001,186.0752,183.47,185.56999999999999,10954554,99581,185.18653699999999
2019-08-30 04:00:00+00:00,186.78,186.80170000000001,183.45849999999999,185.66999999999999,12264959,95414,184.97079099999999
2019-09-03 04:00:00+00:00,184,185.66999999999999,182.11000000000001,182.38999999999999,10705957,92190,183.38793000000001
2019-09-04 04:00:00+00:00,184.65000000000001,187.74940000000001,183.88999999999999,187.13999999999999,12170048,118001,186.48439099999999
2019-09-05 04:00:00+00:00,188.53,191.36000000000001,187.94,190.90000000000001,14713285,136752,190.36685499999999
2019-09-06 04:00:00+00:00,190.21000000000001,190.21000000000001,186.34999999999999,187.49000000000001,16058013,198831,187.505785
2019-09-09 04:00:00+00:00,187.72999999999999,188.97999999999999,185.8466,188.75999999999999,15622792,175147,187.67175700000001
2019-09-10 04:00:00+00:00,187.44,188.09999999999999,184.55000000000001,186.16999999999999,16642364,223289,186.38052500000001
2019-09-11 04:00:00+00:00,186.46000000000001,189.44,186.08000000000001,188.49000000000001,12702241,142389,188.05791400000001
2019-09-12 04:00:00+00:00,189.86000000000001,190.93000000000001,187.22999999999999,187.47,12262921,126566,188.58546200000001
2019-09-13 04:00:00+00:00,187.32499999999999,187.97,186.53999999999999,187.19,12439900,145846,187.28078500000001
2019-09-16 04:00:00+00:00,186.93000000000001,187.79429999999999,185.76499999999999,186.22,9112799,111436,186.483664
2019-09-17 04:00:00+00:00,186.66,188.31999999999999,185.53999999999999,188.08000000000001,10514417,89146,186.826595
2019-09-18 04:00:00+00:00,188.09,189.08000000000001,186.012,188.13999999999999,10741465,94080,187.76795899999999
2019-09-19 04:00:00+00:00,188.66,191.09999999999999,188.15000000000001,190.13999999999999,11344394,88077,189.960703
2019-09-20 04:00:00+00:00,190.66,193.09999999999999,188.12,189.93000000000001,26532098,151972,190.52084600000001
2019-09-23 04:00:00+00:00,189.34,190.09999999999999,185.2062,186.81999999999999,15866363,142506,186.880763
2019-09-24 04:00:00+00:00,187.97999999999999,188.03999999999999,180.38999999999999,181.28,20533840,235940,182.91692599999999
2019-09-25 04:00:00+00:00,181.44999999999999,183.41999999999999,177.87,182.80000000000001,19316378,213873,180.99092400000001
2019-09-26 04:00:00+00:00,181.33000000000001,181.40000000000001,177.66999999999999,180.11000000000001,17414901,145413,179.41733099999999
2019-09-27 04:00:00+00:00,180.49000000000001,180.755,175.66,177.09999999999999,15327909,190606,177.75097099999999
2019-09-30 04:00:00+00:00,178,178.66999999999999,176.84999999999999,178.08000000000001,12192842,126370,177.84205800000001
2019-10-01 04:00:00+00:00,179.15000000000001,179.84,174.88,175.81,18101138,194959,176.64841799999999
2019-10-02 04:00:00+00:00,174.84,176.53,173.09,174.59999999999999,17623224,200142,174.66431
2019-10-03 04:00:00+00:00,175.56999999999999,179.84,173.63,179.38,17637203,184468,177.677865
2019-10-04 04:00:00+00:00,179.55000000000001,180.97999999999999,178.09999999999999,180.44999999999999,11483158,120818,180.02604199999999
2019-10-07 04:00:00+00:00,180,181.18000000000001,178.09,179.68000000000001,10321751,93482,179.96688
2019-10-08 04:00:00+00:00,178.25999999999999,180.37,177.72,177.75,10784479,130930,178.60205300000001
2019-10-09 04:00:00+00:00,179.16,180.72,177.94,179.84999999999999,8225241,92643,179.571856
2019-10-10 04:00:00+00:00,180.31999999999999,181.61000000000001,179.16999999999999,180.03,9779828,105587,180.36605499999999
2019-10-11 04:00:00+00:00,182.15000000000001,186.49000000000001,182.13999999999999,184.19,15881376,166417,184.87088299999999
2019-10-14 04:00:00+00:00,184.19999999999999,184.62,182.5735,183.28,7752992,85591,183.57513599999999
2019-10-15 04:00:00+00:00,183.80000000000001,190.38,183.66,188.88999999999999,15753395,142150,188.752568
2019-10-16 04:00:00+00:00,188.31999999999999,189.69999999999999,186.90020000000001,189.55000000000001,11607734,115230,188.763542
2019-10-17 04:00:00+00:00,190.27000000000001,190.84,188.76499999999999,190.38999999999999,10490993,105502,190.046222
2019-10-18 04:00:00+00:00,190.22999999999999,191.49000000000001,183.9239,185.84999999999999,18786549,127334,187.229635
2019-10-21 04:00:00+00:00,187.03999999999999,189.91,186.75,189.75999999999999,9385411,70499,188.91006400000001
2019-10-22 04:00:00+00:00,190,190.65000000000001,181.5,182.34,21089542,186146,184.81960599999999
2019-10-23 04:00:00+00:00,182.00999999999999,186.38,182,186.19,13173202,108465,184.86795000000001
2019-10-24 04:00:00+00:00,184.62,186.72999999999999,182.80000000000001,186.38,12008325,104364,185.12460300000001
2019-10-25 04:00:00+00:00,185.83000000000001,189,185.08760000000001,187.88999999999999,8583123,74765,187.72351699999999
2019-10-28 04:00:00+00:00,187.19999999999999,189.53,185.08000000000001,189.40000000000001,14370561,114060,187.949963
2019-10-29 04:00:00+00:00,191.69,192.53,188.47,189.31,14289626,118292,189.843626
2019-10-30 04:00:00+00:00,189.56,190.44999999999999,185.97999999999999,188.25,29570965,243304,187.86822599999999
2019-10-31 04:00:00+00:00,196.69999999999999,198.09,188.25,191.65000000000001,44479863,330452,193.68401
2019-11-01 04:00:00+00:00,192.84999999999999,194.11000000000001,189.91,193.62,23472303,163135,192.666933
2019-11-04 05:00:00+00:00,194.55000000000001,197.3672,193.81190000000001,194.72,17297453,136728,195.41762199999999
2019-11-05 05:00:00+00:00,195.37,195.75,193.59999999999999,194.31999999999999,10878503,86922,194.43227099999999
2019-11-06 05:00:00+00:00,194.03,194.37,191.34999999999999,191.55000000000001,12217575,93703,192.17473100000001
2019-11-07 05:00:00+00:00,191.91,193.44,189.47,190.41999999999999,14602348,119271,191.41015999999999
2019-11-08 05:00:00+00:00,190,192.34,189.69999999999999,190.84,11775126,107176,191.013822
2019-11-11 05:00:00+00:00,189.81,190.08000000000001,188.53999999999999,189.61000000000001,9012296,81703,189.42308399999999
2019-11-12 05:00:00+00:00,190,195.06,189.74000000000001,194.47,18334528,140053,193.67197200000001
2019-11-13 05:00:00+00:00,194.69999999999999,195.69999999999999,192.74000000000001,193.19,11754674,100200,193.79277300000001
2019-11-14 05:00:00+00:00,192.93000000000001,194.03,191.44999999999999,193.15000000000001,9725854,81790,192.76689099999999
2019-11-15 05:00:00+00:00,194.25999999999999,195.30000000000001,193.38,195.09999999999999,13315367,87448,194.790738
2019-11-18 05:00:00+00:00,194.53999999999999,198.63,193.05000000000001,197.40000000000001,17228148,144806,196.130315
2019-11-19 05:00:00+00:00,197.40000000000001,200,196.86000000000001,199.31999999999999,20414616,144041,199.10186300000001
2019-11-20 05:00:00+00:00,198.58000000000001,199.59,195.43000000000001,197.50999999999999,13586193,113786,197.632125
2019-11-21 05:00:00+00:00,197.41999999999999,199.09,196.86000000000001,197.93000000000001,13094439,114054,198.103737
2019-11-22 05:00:00+00:00,198.38,199.30000000000001,197.62,198.81999999999999,11137852,77050,198.63459
2019-11-25 05:00:00+00:00,199.51499999999999,200.97,199.25,199.78999999999999,16538092,124556,200.04076599999999
2019-11-26 05:00:00+00:00,200,200.15000000000001,198.03870000000001,198.97,14481335,73397,199.06824499999999
2019-11-27 05:00:00+00:00,199.90000000000001,203.13999999999999,199.41999999999999,202,13533002,106504,201.94131400000001
2019-11-29 05:00:00+00:00,201.59999999999999,203.80000000000001,201.21000000000001,201.63999999999999,8846729,61435,202.41668999999999
2019-12-02 05:00:00+00:00,202.13,202.18000000000001,198.05000000000001,199.69999999999999,12514626,105674,199.73571000000001
2019-12-03 05:00:00+00:00,197.59999999999999,198.93000000000001,195.08000000000001,198.81999999999999,14019275,108089,197.38809499999999
2019-12-04 05:00:00+00:00,200,200.02879999999999,198.05000000000001,198.71000000000001,9297287,80716,199.04902200000001
2019-12-05 05:00:00+00:00,199.86000000000001,201.28999999999999,198.21260000000001,199.36000000000001,10531252,87299,199.38819000000001
2019-12-06 05:00:00+00:00,200.5,201.56999999999999,200.06,201.05000000000001,13719268,94113,200.78709599999999
2019-12-09 05:00:00+00:00,200.65000000000001,203.14179999999999,200.21000000000001,201.34,13260923,102642,202.00624300000001
2019-12-10 05:00:00+00:00,201.66,202.05000000000001,200.15000000000001,200.87,10412714,88430,200.86168900000001
2019-12-11 05:00:00+00:00,200.28,202.63,200.28,202.25999999999999,9009570,77977,201.738337
2019-12-12 05:00:00+00:00,202.34999999999999,203.66,194.09999999999999,196.75,25261813,208249,198.128118
2019-12-13 05:00:00+00:00,196.40000000000001,196.80000000000001,193.16999999999999,194.11000000000001,19999530,192179,194.50448700000001
2019-12-16 05:00:00+00:00,195.27000000000001,199.12,194.81,197.91999999999999,16442665,106841,197.69189800000001
2019-12-17 05:00:00+00:00,198.84,199,196.13,198.38999999999999,11185965,87733,198.032364
2019-12-18 05:00:00+00:00,200.09,204.30000000000001,200.09,202.5,25129476,169940,202.73576199999999
2019-12-19 05:00:00+00:00,202.78,206.30000000000001,202.50999999999999,206.06,18403039,134192,205.20787999999999
2019-12-20 05:00:00+00:00,207.47999999999999,207.71000000000001,203.43000000000001,206.30000000000001,35157027,139383,206.30343999999999
2019-12-23 05:00:00+00:00,206.69999999999999,208.59,205.68000000000001,206.18000000000001,15053603,82798,206.48114200000001
2019-12-24 05:00:00+00:00,206.30000000000001,206.78999999999999,205,205.12,6455754,38407,205.70795200000001
2019-12-26 05:00:00+00:00,205.56649999999999,207.81999999999999,205.31,207.78999999999999,10573037,67748,207.17410799999999
2019-12-27 05:00:00+00:00,208.66970000000001,208.93000000000001,206.58750000000001,208.09999999999999,11622930,86780,208.01253800000001
2019-12-30 05:00:00+00:00,207.86000000000001,207.90000000000001,203.90010000000001,204.41,11776302,91911,204.969437
2019-12-31 05:00:00+00:00,203.995,205.56,203.6001,205.25,10409305,70904,204.79894300000001
2020-01-02 05:00:00+00:00,206.75,209.78999999999999,206.27000000000001,209.78,13280917,101279,208.37738100000001
2020-01-03 05:00:00+00:00,207.21350000000001,210.40000000000001,206.94999999999999,208.66999999999999,12292053,98034,209.203416
2020-01-06 05:00:00+00:00,206.97999999999999,212.78,206.52000000000001,212.59999999999999,19695129,118385,211.04859200000001
2020-01-07 05:00:00+00:00,212.81999999999999,214.58000000000001,211.75,213.06,16084935,114088,213.324983
2020-01-08 05:00:00+00:00,213,216.24000000000001,212.6121,215.22,15168661,107574,214.758769
2020-01-09 05:00:00+00:00,217.53999999999999,218.38,216.27799999999999,218.30000000000001,13799822,113397,217.59354300000001
2020-01-10 05:00:00+00:00,219.19999999999999,219.88,217.41999999999999,218.06,13091438,109207,218.61371700000001
2020-01-13 05:00:00+00:00,219.59649999999999,221.97,219.21000000000001,221.91,15797246,122018,221.03021699999999
2020-01-14 05:00:00+00:00,221.61000000000001,222.38,218.63,219.06,14741233,114063,220.134739
2020-01-15 05:00:00+00:00,220.61000000000001,221.68000000000001,220.13999999999999,221.15000000000001,11424828,97111,220.994227
2020-01-16 05:00:00+00:00,222.47,222.63,220.38999999999999,221.77000000000001,10917633,90084,221.50321299999999
2020-01-17 05:00:00+00:00,222.03,222.28999999999999,220.53,222.13999999999999,18887324,106488,221.75825499999999
2020-01-21 05:00:00+00:00,222.155,222.37,219.12,221.44,15957411,108109,221.082661
2020-01-22 05:00:00+00:00,222.31,222.75,221.28,221.31999999999999,13636321,97271,221.85046299999999
2020-01-23 05:00:00+00:00,220.75,221.48500000000001,219.27000000000001,219.75999999999999,12732152,92602,220.10205999999999
2020-01-24 05:00:00+00:00,220.80000000000001,221.78,216.11000000000001,217.94999999999999,13173958,104290,218.552211
2020-01-27 05:00:00+00:00,213.09999999999999,216.06,212.5,214.87,15802069,119817,214.764914
2020-01-28 05:00:00+00:00,216.13999999999999,218.74000000000001,213.52000000000001,217.78999999999999,14492418,115390,216.998863
2020-01-29 05:00:00+00:00,221.44,224.19999999999999,218.44999999999999,223.22999999999999,34691874,304652,222.228993
2020-01-30 05:00:00+00:00,206.53,211.43000000000001,204.75,209.53,50512401,403668,208.86175299999999
2020-01-31 05:00:00+00:00,208.43000000000001,208.69,201.06,201.91,33725547,272400,203.47806600000001
2020-02-03 05:00:00+00:00,203.44,205.13999999999999,202.5,204.19,16638624,154671,203.958315
2020-02-04 05:00:00+00:00,206.6165,210.59999999999999,205.20249999999999,209.83000000000001,21358190,181521,208.681588
2020-02-05 05:00:00+00:00,212.50999999999999,212.72999999999999,208.71000000000001,210.11000000000001,13991943,126520,210.236323
2020-02-06 05:00:00+00:00,210.47,211.19,209.33799999999999,210.84999999999999,11664966,99048,210.61497800000001
2020-02-07 05:00:00+00:00,210.31999999999999,212.81999999999999,209.93000000000001,212.33000000000001,13077792,104576,211.72205500000001
2020-02-10 05:00:00+00:00,211.52000000000001,213.80000000000001,210.66,213.06,13880720,89343,212.574804
2020-02-11 05:00:00+00:00,210.19,210.86000000000001,206.5102,207.19,25771848,241606,208.494304
2020-02-12 05:00:00+00:00,207.84999999999999,211.22,207.40000000000001,210.75999999999999,15146776,122491,209.845437
2020-02-13 05:00:00+00:00,209.52350000000001,214.32589999999999,209.18000000000001,213.13999999999999,16451362,126572,212.52670800000001
2020-02-14 05:00:00+00:00,214,214.93000000000001,212.65000000000001,214.18000000000001,12072459,89514,213.99736799999999
2020-02-18 05:00:00+00:00,213.55000000000001,217.97499999999999,213.40000000000001,217.80000000000001,16777408,129955,216.85238799999999
2020-02-19 05:00:00+00:00,217.99000000000001,218.31999999999999,216.11000000000001,217.49000000000001,13374833,110862,217.51554899999999
2020-02-20 05:00:00+00:00,216.52000000000001,218.76499999999999,212.94499999999999,214.58000000000001,14376810,125306,215.49557799999999
2020-02-21 05:00:00+00:00,213.47999999999999,214.23699999999999,208.8305,210.18000000000001,16085416,126721,210.930385
2020-02-24 05:00:00+00:00,201.80000000000001,203.65000000000001,198.16999999999999,200.72,25622132,236937,200.936644
2020-02-25 05:00:00+00:00,202.27000000000001,203.5,195.9537,196.77000000000001,23354257,218979,199.08599000000001
2020-02-26 05:00:00+00:00,197.19,201.21000000000001,195.49000000000001,197.19999999999999,17893905,173659,198.355448
2020-02-27 05:00:00+00:00,191.81999999999999,195.88,189.5,189.75,23801017,238305,192.002646
2020-02-28 05:00:00+00:00,182.69499999999999,192.74000000000001,181.81999999999999,192.47,36544672,353796,188.558482
2020-03-02 05:00:00+00:00,194.03,196.56999999999999,188.84999999999999,196.44,27471746,253443,192.89383599999999
2020-03-03 05:00:00+00:00,196.22,197.24000000000001,183.97,185.52000000000001,30827576,294042,189.971813
2020-03-04 05:00:00+00:00,189.16999999999999,191.83000000000001,186.38999999999999,191.75999999999999,25235770,217613,189.428473
2020-03-05 05:00:00+00:00,186.78,188.99000000000001,183.89009999999999,185.16999999999999,21267808,200623,186.048801
2020-03-06 05:00:00+00:00,178.33000000000001,183.78,176.25999999999999,181.02000000000001,26851988,264804,179.46898400000001
2020-03-09 04:00:00+00:00,169.62,175,165.19,169.5,33587852,291680,170.246455
2020-03-10 04:00:00+00:00,174.66999999999999,178.28999999999999,169.5,178.19,27063925,231236,175.04371699999999
2020-03-11 04:00:00+00:00,174.00999999999999,175.88,167.66,170.21000000000001,22346203,229370,171.06039100000001
2020-03-12 04:00:00+00:00,159.53999999999999,166.59999999999999,154.34,154.41,46958431,438236,159.19729100000001
2020-03-13 04:00:00+00:00,163.53,170.78999999999999,157.59999999999999,170.28,38603465,327343,163.93742
2020-03-16 04:00:00+00:00,152.31999999999999,159.13,143.09999999999999,146.00999999999999,43525308,376744,150.531477
2020-03-17 04:00:00+00:00,150.74000000000001,153.94,140,149.41999999999999,37130455,348651,147.848625
2020-03-18 04:00:00+00:00,139.75,148.18000000000001,137.10059999999999,146.96000000000001,40642909,330574,143.01902899999999
2020-03-19 04:00:00+00:00,146.62,159.92939999999999,144.80000000000001,153.13,43211410,384666,154.68847099999999
2020-03-20 04:00:00+00:00,156.02000000000001,159.27000000000001,148,149.72999999999999,38074809,304201,153.30787699999999
2020-03-23 04:00:00+00:00,149.66,152.31,142.25,148.09999999999999,31995830,279165,147.61872399999999
2020-03-24 04:00:00+00:00,155.20500000000001,161.31,152.56999999999999,160.97999999999999,33310879,262572,157.887
2020-03-25 04:00:00+00:00,158.91999999999999,162.99000000000001,153.06,156.21000000000001,38015322,347648,157.663623
2020-03-26 04:00:00+00:00,158.25,164,157.02010000000001,163.34,28957604,247570,160.88927899999999
2020-03-27 04:00:00+00:00,158.19999999999999,160.09,154.75,156.78999999999999,27288276,219982,156.66820000000001
2020-03-30 04:00:00+00:00,159.18000000000001,166.75,158.06,165.94999999999999,24154842,229390,163.405034
2020-03-31 04:00:00+00:00,165.47999999999999,170.93000000000001,164.19999999999999,166.80000000000001,25835174,221624,168.00082499999999
2020-04-01 04:00:00+00:00,161.61500000000001,164.15000000000001,158.035,159.59999999999999,21324034,195116,160.69711899999999
2020-04-02 04:00:00+00:00,159.09999999999999,161.3509,155.91999999999999,158.19,22520195,182307,158.34869800000001
2020-04-03 04:00:00+00:00,157.15000000000001,157.91,150.83000000000001,154.18000000000001,28790030,253113,154.123143
2020-04-06 04:00:00+00:00,160.15000000000001,166.19999999999999,158.50999999999999,165.55000000000001,32137031,230711,162.83691200000001
2020-04-07 04:00:00+00:00,171.78999999999999,173.38999999999999,166.00999999999999,168.83000000000001,33243951,272265,169.88634200000001
2020-04-08 04:00:00+00:00,171.25,175,167.74000000000001,174.28,23491120,197032,172.19438600000001
2020-04-09 04:00:00+00:00,175.90000000000001,177.08000000000001,171.56999999999999,175.19,25040755,241974,174.16539700000001
2020-04-13 04:00:00+00:00,173.66999999999999,175,169.44999999999999,174.78999999999999,20690018,169317,172.57855000000001
2020-04-14 04:00:00+00:00,178.97649999999999,181.22499999999999,176.62,178.16999999999999,22694157,194633,178.71059299999999
2020-04-15 04:00:00+00:00,175.1865,178.19,172.81999999999999,176.97,18452941,165604,175.60747900000001
2020-04-16 04:00:00+00:00,177.94999999999999,178.05000000000001,172.50999999999999,176.25,26080236,203141,175.38406000000001
2020-04-17 04:00:00+00:00,179.19999999999999,180.28,176.66,179.24000000000001,23852920,202365,178.90059400000001
2020-04-20 04:00:00+00:00,177.41,180.5,176.77000000000001,178.24000000000001,17884994,159899,178.72242700000001
2020-04-21 04:00:00+00:00,175.25,175.38,168.3408,170.80000000000001,26581110,254745,171.34360599999999
2020-04-22 04:00:00+00:00,178.44999999999999,184.78,178.13999999999999,182.28,35559985,273094,181.98503500000001
2020-04-23 04:00:00+00:00,184.08000000000001,187.05000000000001,183.15000000000001,185.13,22898471,204053,185.13767300000001
2020-04-24 04:00:00+00:00,183.22999999999999,190.41,180.82499999999999,190.06999999999999,30265775,265904,186.88074
2020-04-27 04:00:00+00:00,192.65700000000001,193.75,187.41,187.5,30649349,272553,190.414244
2020-04-28 04:00:00+00:00,188.69,189.19999999999999,182.56,182.91,22865950,198369,185.12402399999999
2020-04-29 04:00:00+00:00,190.93000000000001,196.91,190,194.19,47775760,416021,194.36529100000001
2020-04-30 04:00:00+00:00,206.91999999999999,209.69,201.5701,204.34899999999999,48685120,398712,204.85373000000001
2020-05-01 04:00:00+00:00,201.59999999999999,207.28,199.05009999999999,202.27000000000001,32466403,267252,202.89469199999999
2020-05-04 04:00:00+00:00,200.19999999999999,205.91,198.75620000000001,205.25999999999999,20943175,178189,203.70706000000001
2020-05-05 04:00:00+00:00,207.02000000000001,210.38,206.5,207.06999999999999,21935475,196675,208.867256
2020-05-06 04:00:00+00:00,208.12,211.59999999999999,206.66,208.47,23530478,187730,209.54510300000001
2020-05-07 04:00:00+00:00,211.16,211.59999999999999,209.03999999999999,211.25999999999999,17159568,134871,210.72738000000001
2020-05-08 04:00:00+00:00,212.24000000000001,213.21000000000001,210.84999999999999,212.34999999999999,13461003,127229,212.31168099999999
2020-05-11 04:00:00+00:00,210.88650000000001,215,210.37,213.18000000000001,14115014,130249,213.24097699999999
2020-05-12 04:00:00+00:00,213.28999999999999,215.27500000000001,210,210.09999999999999,15717466,150433,213.03850199999999
2020-05-13 04:00:00+00:00,209.43000000000001,210.78,202.11000000000001,205.09999999999999,21932925,234235,205.94261499999999
2020-05-14 04:00:00+00:00,202.75999999999999,206.93000000000001,200.69,206.81,19533793,170481,204.542621
2020-05-15 04:00:00+00:00,205.27000000000001,211.34,204.12,210.88,21085395,182651,208.246611
2020-05-18 04:00:00+00:00,212.15000000000001,214.64449999999999,210.94,213.19,21984020,204323,213.14480800000001
2020-05-19 04:00:00+00:00,213.27000000000001,220.49000000000001,212.83000000000001,216.88,32756161,276159,217.78812600000001
2020-05-20 04:00:00+00:00,223.5,231.34,223.19,229.97,52106225,408908,228.560182
2020-05-21 04:00:00+00:00,234.72,237.19999999999999,231.19999999999999,231.38999999999999,50264449,387508,233.714763
2020-05-22 04:00:00+00:00,231.50999999999999,235.99000000000001,228.74000000000001,234.91,35221881,283897,232.964923
2020-05-26 04:00:00+00:00,239.77000000000001,240.90000000000001,231.66999999999999,232.19999999999999,35376916,298635,236.14152300000001
2020-05-27 04:00:00+00:00,229.06999999999999,230.56,221.13470000000001,229.13999999999999,35988176,328141,226.61045899999999
2020-05-28 04:00:00+00:00,224.27000000000001,231.63319999999999,224,225.46000000000001,30601409,267054,227.979445
2020-05-29 04:00:00+00:00,225.19999999999999,227.49000000000001,222.88,225.09,26194416,196387,225.24816200000001
2020-06-01 04:00:00+00:00,224.59,232.44,223.5,231.91,19188492,174873,229.26425499999999
2020-06-02 04:00:00+00:00,230.94,233,226.56,232.72,22797422,191656,230.022032
2020-06-03 04:00:00+00:00,232.11000000000001,232.65000000000001,228.53,230.16,16413998,166042,230.254694
2020-06-04 04:00:00+00:00,229.56,231.63,224.61000000000001,226.28999999999999,18274445,180307,227.777796
2020-06-05 04:00:00+00:00,226.71000000000001,231.34999999999999,225.31049999999999,230.77000000000001,18295515,166277,229.96557899999999
2020-06-08 04:00:00+00:00,229.03,231.55000000000001,227.41,231.40000000000001,16634343,150815,230.04384400000001
2020-06-09 04:00:00+00:00,231.52000000000001,239.77000000000001,230.41,238.66999999999999,29354498,247225,237.335072
2020-06-10 04:00:00+00:00,240.96000000000001,241.21000000000001,235.28,236.72999999999999,22243572,210746,237.85290900000001
2020-06-11 04:00:00+00:00,229.94,232.88999999999999,223.55000000000001,224.321,28828659,308621,227.260683
2020-06-12 04:00:00+00:00,229.90000000000001,231.66,224.5,228.58000000000001,23735602,213280,228.25006300000001
2020-06-15 04:00:00+00:00,225.09,233.77000000000001,224.80000000000001,232.5,16598846,176510,230.12090900000001
2020-06-16 04:00:00+00:00,237.13999999999999,238.46000000000001,233,235.65000000000001,16651633,178855,236.043117
2020-06-17 04:00:00+00:00,235,237.59,231.7268,235.53,20420967,188435,235.034719
2020-06-18 04:00:00+00:00,234.99000000000001,236.13999999999999,232.15000000000001,235.94,16881991,172241,234.631484
2020-06-19 04:00:00+00:00,237.78999999999999,240.83000000000001,235.55000000000001,238.77000000000001,35940177,220162,238.386021
2020-06-22 04:00:00+00:00,238.56,240.69999999999999,236.91,239.22,19865010,202673,239.089607
2020-06-23 04:00:00+00:00,241.28,245.18530000000001,239.86000000000001,242.24000000000001,25206378,259013,242.871242
2020-06-24 04:00:00+00:00,241.19999999999999,243.22,232.68000000000001,234.02000000000001,22343986,268598,235.51487399999999
2020-06-25 04:00:00+00:00,234.62,237.30000000000001,232.74000000000001,235.68000000000001,19801630,220015,235.48408900000001
2020-06-26 04:00:00+00:00,232.63999999999999,233.09,215.40000000000001,216.08000000000001,80916446,790314,220.095687
2020-06-29 04:00:00+00:00,209.75,220.75,207.11000000000001,220.63999999999999,60327312,571783,215.94958600000001
2020-06-30 04:00:00+00:00,220.59,227.5,218.47,227.06999999999999,36545919,317097,223.65611999999999
2020-07-01 04:00:00+00:00,228.5,239,227.56,237.55000000000001,44722297,400708,234.504471
2020-07-02 04:00:00+00:00,239,240,232.61000000000001,233.41999999999999,32172154,298885,235.42627100000001
2020-07-06 04:00:00+00:00,233.75999999999999,240.40000000000001,232.27000000000001,240.28,27654293,256193,237.836163
2020-07-07 04:00:00+00:00,239.41,247.65000000000001,238.81999999999999,240.86000000000001,29178588,279311,243.634027
2020-07-08 04:00:00+00:00,238.11000000000001,246.99000000000001,236.59,243.58000000000001,30845743,290457,241.58328900000001
2020-07-09 04:00:00+00:00,245,246.52500000000001,239.24000000000001,244.5,23251056,238903,243.32964899999999
2020-07-10 04:00:00+00:00,243.685,245.49000000000001,239.31999999999999,245.06999999999999,24255049,235685,242.97848099999999
2020-07-13 04:00:00+00:00,247.005,250.15000000000001,238.41999999999999,239,25838800,260453,245.30978400000001
2020-07-14 04:00:00+00:00,236.75999999999999,240.33000000000001,232.03,239.72999999999999,24922768,244837,237.14274499999999
2020-07-15 04:00:00+00:00,241.55000000000001,244.81999999999999,238.05000000000001,240.28,20305801,179251,241.00135700000001
2020-07-16 04:00:00+00:00,238,241.75999999999999,236.3306,240.93000000000001,20130323,185552,239.21734900000001
2020-07-17 04:00:00+00:00,241,244.16,237.86000000000001,242.03,19876940,157367,241.240881
2020-07-20 04:00:00+00:00,240.06,246.05000000000001,235.63499999999999,245.41999999999999,22035642,190093,242.56294700000001
2020-07-21 04:00:00+00:00,246.22,246.91,240.08000000000001,241.75,20871243,187831,242.84303299999999
2020-07-22 04:00:00+00:00,240.25999999999999,241.90000000000001,238.12,239.87,16218651,155908,239.56253799999999
2020-07-23 04:00:00+00:00,239.63,242.41999999999999,231.75,232.59999999999999,22899130,222342,235.73316600000001
2020-07-24 04:00:00+00:00,230.19,233.49000000000001,226.90000000000001,230.71000000000001,19304519,201320,230.26722899999999
2020-07-27 04:00:00+00:00,231.46000000000001,234.94999999999999,230.83000000000001,233.5,14267663,135929,233.28745599999999
2020-07-28 04:00:00+00:00,234.63,234.96000000000001,229.83000000000001,230.12,15037546,134027,232.81437500000001
2020-07-29 04:00:00+00:00,231.13999999999999,233.69999999999999,230.31,233.28999999999999,14287705,149226,232.324488
2020-07-30 04:00:00+00:00,230.22,234.893,229,234.5,21337366,242875,232.82278099999999
2020-07-31 04:00:00+00:00,255.81999999999999,255.84999999999999,249,253.66999999999999,56103739,508706,252.740658
2020-08-03 04:00:00+00:00,252.65000000000001,255.40000000000001,250.33000000000001,251.96000000000001,24318605,240164,252.725819
2020-08-04 04:00:00+00:00,251.56,252.80000000000001,247.43000000000001,249.83000000000001,18401724,177010,250.18186499999999
2020-08-05 04:00:00+00:00,250.19,252.2698,247.77000000000001,249.12,14019505,143480,250.071561
2020-08-06 04:00:00+00:00,249.03999999999999,266.60000000000002,248.66499999999999,265.27999999999997,46690628,402688,261.02355999999997
2020-08-07 04:00:00+00:00,264.07999999999998,278.88999999999999,263.43000000000001,268.44,73592937,640411,271.343388
2020-08-10 04:00:00+00:00,268.04000000000002,273.86000000000001,259.69,263,31646070,295516,264.81287800000001
2020-08-11 04:00:00+00:00,260.185,265.91500000000002,255.13,256.13,29263229,280190,260.988876
2020-08-12 04:00:00+00:00,258.97000000000003,263.89729999999997,258.11250000000001,259.88999999999999,22595159,204206,261.14433300000002
2020-08-13 04:00:00+00:00,261.55000000000001,265.16000000000003,259.56999999999999,261.30000000000001,18013594,175871,262.315315
2020-08-14 04:00:00+00:00,262.30500000000001,262.64999999999998,258.68009999999998,261.24000000000001,15886119,127984,260.777692
2020-08-17 04:00:00+00:00,262.5,264.09730000000002,259.39999999999998,261.16000000000003,14146644,139775,261.203821
2020-08-18 04:00:00+00:00,260.94999999999999,265.14999999999998,259.25999999999999,262.33999999999997,19762229,166770,262.08632999999998
2020-08-19 04:00:00+00:00,261.38799999999998,267.90800000000002,261.35000000000002,262.58999999999997,24622914,214610,264.46486099999998
2020-08-20 04:00:00+00:00,261.5,269.63,261.45999999999998,269.00999999999999,21544762,191952,266.77468699999997
2020-08-21 04:00:00+00:00,268.69,270.49000000000001,266.42000000000002,267.00999999999999,17403150,156264,267.878942
2020-08-24 04:00:00+00:00,271.06999999999999,277.24779999999998,268.77010000000001,271.38999999999999,24793899,230274,271.72569199999998
2020-08-25 04:00:00+00:00,272.41000000000003,283.08999999999997,270.26010000000002,280.81999999999999,43711522,314875,278.91886899999997
2020-08-26 04:00:00+00:00,284,304.67000000000002,284,303.91000000000003,70684834,636913,296.71765900000003
2020-08-27 04:00:00+00:00,300.16000000000003,301.23000000000002,292.01999999999998,293.22000000000003,31668207,360653,296.17638499999998
2020-08-28 04:00:00+00:00,295,297.23000000000002,290.98000000000002,293.66000000000003,18108898,207359,293.25502699999998
2020-08-31 04:00:00+00:00,293.94999999999999,296.88,291.55000000000001,293.19999999999999,19069456,200343,293.838818
2020-09-01 04:00:00+00:00,294.70999999999998,301.49000000000001,292.70999999999998,295.44,18216790,203147,296.74542600000001
2020-09-02 04:00:00+00:00,298.88,303.60000000000002,293.05000000000001,302.5,25780931,257705,299.79008499999998
2020-09-03 04:00:00+00:00,295.99000000000001,297.60000000000002,283.63,291.12,34319512,403824,290.06771099999997
2020-09-04 04:00:00+00:00,287.25,289,271.13999999999999,282.73000000000002,32027737,426139,281.22532200000001
2020-09-08 04:00:00+00:00,271.27999999999997,279.30000000000001,269.42000000000002,271.16000000000003,26825934,320845,273.63114999999999
2020-09-09 04:00:00+00:00,275.76999999999998,278.48000000000002,271.35000000000002,273.72000000000003,24425429,270240,274.81727899999998
2020-09-10 04:00:00+00:00,275.50999999999999,279.16000000000003,267.03190000000001,267.97000000000003,26021004,283908,273.26309500000002
2020-09-11 04:00:00+00:00,270.06,271.38999999999999,262.63999999999999,266.61000000000001,19736828,224395,266.95919099999998
2020-09-14 04:00:00+00:00,270.94999999999999,276.63999999999999,265.69999999999999,266.14999999999998,25625569,259221,270.07480299999997
2020-09-15 04:00:00+00:00,270.67000000000002,274.51999999999998,269.30000000000001,272.42000000000002,19350357,217175,272.249461
2020-09-16 04:00:00+00:00,267.29000000000002,272.44,261.79000000000002,263.51999999999998,30410581,315267,266.38456300000001
2020-09-17 04:00:00+00:00,258.27999999999997,261.5,250.19,254.81999999999999,33081337,371303,255.28315799999999
2020-09-18 04:00:00+00:00,258.40499999999997,259.19999999999999,250.05000000000001,252.53,33616581,259182,254.72377700000001
2020-09-21 04:00:00+00:00,247.53999999999999,249.94999999999999,244.13,248.15000000000001,26819271,274577,247.11107699999999
2020-09-22 04:00:00+00:00,253.31,255.31999999999999,248.22,254.75,32133697,300798,252.27053799999999
2020-09-23 04:00:00+00:00,255.25999999999999,257.99209999999999,248.15000000000001,249.02000000000001,21794658,217372,252.23247499999999
2020-09-24 04:00:00+00:00,246.5,252.24000000000001,245.62,249.53,21685019,199948,249.61805000000001
2020-09-25 04:00:00+00:00,249.40000000000001,255.75,246.61000000000001,254.81999999999999,19679988,194497,252.04228699999999
2020-09-28 04:00:00+00:00,259.39999999999998,259.60000000000002,254.82079999999999,256.81999999999999,20736536,179153,256.77869600000002
2020-09-29 04:00:00+00:00,257.81,263.32999999999998,256.89999999999998,261.79000000000002,21365860,194183,260.42979300000002
2020-09-30 04:00:00+00:00,261.98000000000002,266.08499999999998,260.10000000000002,261.89999999999998,22471577,203730,262.90612800000002
2020-10-01 04:00:00+00:00,265.35000000000002,268.32999999999998,264.80000000000001,266.63,21181548,199126,266.486673
2020-10-02 04:00:00+00:00,261.20999999999998,265.14999999999998,259.18000000000001,259.94,17672809,187970,261.69897800000001
2020-10-05 04:00:00+00:00,262.19999999999999,264.86500000000001,260.84010000000001,264.64999999999998,13708530,130170,263.36528399999997
2020-10-06 04:00:00+00:00,261.77999999999997,265.69,258.24000000000001,258.66000000000003,20393077,196029,261.78686299999998
2020-10-07 04:00:00+00:00,259.20999999999998,260.18000000000001,254.81999999999999,258.12,24245464,249188,257.575309
2020-10-08 04:00:00+00:00,259.75,264.62,259.14879999999999,263.75999999999999,17349825,167652,262.98296399999998
2020-10-09 04:00:00+00:00,264.51999999999998,264.75,262.17000000000002,264.44999999999999,15010094,150591,263.73495100000002
2020-10-12 04:00:00+00:00,270.19999999999999,280.18000000000001,267.87,275.75,32999660,292730,275.26878499999998
2020-10-13 04:00:00+00:00,277.57999999999998,279.10000000000002,273.38999999999999,276.13999999999999,19505211,181923,276.20016299999997
2020-10-14 04:00:00+00:00,277.62,278.75,271.5,271.81999999999999,16590158,151136,273.99075299999998
2020-10-15 04:00:00+00:00,267.60000000000002,269.04000000000002,263.67000000000002,266.72000000000003,16330684,182305,266.00980800000002
2020-10-16 04:00:00+00:00,267.375,271.37,265.30000000000001,265.93000000000001,18430693,157636,267.51827300000002
2020-10-19 04:00:00+00:00,265.52999999999997,268.55000000000001,259.88,261.39999999999998,14831856,165426,262.93107300000003
2020-10-20 04:00:00+00:00,263.06,269.69999999999999,262.88,267.56,19469184,198335,266.84523300000001
2020-10-21 04:00:00+00:00,279.56,283.05000000000001,276.37,278.73000000000002,31010778,300133,280.10374000000002
2020-10-22 04:00:00+00:00,279.87,282.44999999999999,275.04000000000002,278.12,17433402,175239,278.05896799999999
2020-10-23 04:00:00+00:00,278.80239999999998,285.24000000000001,276.81999999999999,284.79000000000002,18416489,175499,281.12672800000001
2020-10-26 04:00:00+00:00,283.16000000000003,285.23000000000002,274.25999999999999,277.11000000000001,23684921,221989,279.05449900000002
2020-10-27 04:00:00+00:00,278.75999999999999,284.50999999999999,276.31,283.29000000000002,17228249,163576,282.03958499999999
2020-10-28 04:00:00+00:00,278.79000000000002,278.79000000000002,267.25999999999999,267.67000000000002,24823141,271517,270.91408100000001
2020-10-29 04:00:00+00:00,276.55000000000001,283.60000000000002,273.77999999999997,280.82999999999998,34249611,349488,280.38144
2020-10-30 04:00:00+00:00,274.5,276.69999999999999,259.10000000000002,263.11000000000001,49339030,529938,264.539781
2020-11-02 05:00:00+00:00,264.60000000000002,270.47000000000003,257.33999999999997,261.36000000000001,28799371,288879,262.74374799999998
2020-11-03 05:00:00+00:00,263.16000000000003,270.05000000000001,260.88,265.30000000000001,19126473,193488,266.45592799999997
2020-11-04 05:00:00+00:00,281,288.94,278.62,287.38,37125895,392416,285.22386599999999
2020-11-05 05:00:00+00:00,291.8965,297.38,288.94999999999999,294.68000000000001,25003590,254982,294.45297199999999
2020-11-06 05:00:00+00:00,293.94999999999999,294.60000000000002,288.06,293.41000000000003,14902433,160154,292.413794
2020-11-09 05:00:00+00:00,289.87,292.57999999999998,278.52999999999997,278.76999999999998,26886160,308127,285.457044
2020-11-10 05:00:00+00:00,273.10000000000002,274,264,272.43000000000001,30807722,341525,269.89773100000002
2020-11-11 05:00:00+00:00,273.47000000000003,278.39999999999998,272.48000000000002,276.48000000000002,16200970,181636,275.90484600000002
2020-11-12 05:00:00+00:00,277.18000000000001,279.75,274.43000000000001,275.07999999999998,14090618,157079,276.920323
2020-11-13 05:00:00+00:00,277.72000000000003,277.75999999999999,273.10000000000002,276.94999999999999,11585400,127680,275.83573100000001
2020-11-16 05:00:00+00:00,275.05000000000001,279.41000000000003,274.63,278.95999999999998,14405056,137641,277.54270000000002
2020-11-17 05:00:00+00:00,277.68000000000001,277.68000000000001,273.29000000000002,275,16129514,154054,275.38034099999999
2020-11-18 05:00:00+00:00,274.51999999999998,277.38889999999998,271.83999999999997,271.97000000000003,13911528,141289,273.86580800000002
2020-11-19 05:00:00+00:00,271.02499999999998,273.47000000000003,269.19,272.94,14207109,152857,272.02306499999997
2020-11-20 05:00:00+00:00,272.56,273,269.41000000000003,269.69999999999999,20109233,157827,270.82665100000003
2020-11-23 05:00:00+00:00,270.88999999999999,270.94709999999998,264.52999999999997,268.43000000000001,22243380,230804,267.50402500000001
2020-11-24 05:00:00+00:00,268.49000000000001,277.81990000000002,267.87,276.92000000000002,18373002,206710,273.99778700000002
2020-11-25 05:00:00+00:00,278.13999999999999,280.18000000000001,272.64999999999998,275.58999999999997,13358441,157796,275.32560000000001
2020-11-27 05:00:00+00:00,277.38999999999999,279.13,274.81999999999999,277.81,8383121,108534,277.20590700000002
2020-11-30 05:00:00+00:00,276.13,277.69999999999999,271.00999999999999,276.97000000000003,19253834,180944,275.27826800000003
2020-12-01 05:00:00+00:00,279.16000000000003,289.30000000000001,278.95999999999998,286.55000000000001,21921040,248486,285.92442299999999
2020-12-02 05:00:00+00:00,285.36000000000001,291.77999999999997,280.82499999999999,287.51999999999998,18516063,178590,286.906948
2020-12-03 05:00:00+00:00,286.25,286.64999999999998,281.06999999999999,281.85000000000002,14001290,164853,283.41359699999998
2020-12-04 05:00:00+00:00,280.30000000000001,283.45999999999998,279.30000000000001,279.69999999999999,11951659,131291,280.56766800000003
2020-12-07 05:00:00+00:00,279.19,288.49000000000001,278.19999999999999,285.57999999999998,14005842,153281,285.70804900000002
2020-12-08 05:00:00+00:00,286.00999999999999,286.42720000000003,281.55000000000001,283.39999999999998,11974657,136454,283.66423300000002
2020-12-09 05:00:00+00:00,283.66000000000003,287.63,271.75,277.92000000000002,26765687,312698,278.68870500000003
2020-12-10 05:00:00+00:00,275.53500000000003,278.73000000000002,271.86000000000001,277.12,21534833,209825,275.97802200000001
2020-12-11 05:00:00+00:00,274.52999999999997,276.48000000000002,270.25,273.55000000000001,15609459,158853,273.360457
2020-12-14 05:00:00+00:00,273.37220000000002,277.22000000000003,271.56,274.19,18512308,168136,274.77785
2020-12-15 05:00:00+00:00,274.82999999999998,276.07999999999998,267.47000000000003,275.55000000000001,25466354,243933,272.49956300000002
2020-12-16 05:00:00+00:00,274.75999999999999,277.86000000000001,272.50999999999999,275.67000000000002,18001490,163764,275.606605
2020-12-17 05:00:00+00:00,277.06999999999999,280.44,273.61000000000001,274.48000000000002,17898862,170843,276.05894899999998
2020-12-18 05:00:00+00:00,275.77499999999998,278,271.13999999999999,276.39999999999998,36936514,195958,275.39130299999999
2020-12-21 05:00:00+00:00,272.97800000000001,274.67000000000002,267.79000000000002,272.79000000000002,18440165,199182,271.79931399999998
2020-12-22 05:00:00+00:00,271.5,271.5,264.63,267.08999999999997,18562865,245221,267.622118
2020-12-23 05:00:00+00:00,266.88999999999999,272.16989999999998,266.23000000000002,268.11000000000001,15303657,171447,269.09946000000002
2020-12-24 05:00:00+00:00,268.875,270.39999999999998,266.19999999999999,267.39999999999998,7116404,81325,267.556803
2020-12-28 05:00:00+00:00,268.74000000000001,277.30000000000001,265.66000000000003,277,24856303,236612,274.17513300000002
2020-12-29 05:00:00+00:00,276.85500000000002,280.50999999999999,276.27999999999997,276.77999999999997,17149892,192273,278.30743699999999
2020-12-30 05:00:00+00:00,277.94999999999999,278.07999999999998,271.70999999999998,271.87,13342588,147125,273.465416
2020-12-31 05:00:00+00:00,272,277.08999999999997,269.81,273.16000000000003,14327384,145708,273.01660399999997
2021-01-04 05:00:00+00:00,274.77999999999997,275,265.19999999999999,268.94,16676858,201150,269.26808999999997
2021-01-05 05:00:00+00:00,268.29000000000002,272.39999999999998,268.21109999999999,270.97000000000003,10933942,128147,270.90794099999999
2021-01-06 05:00:00+00:00,262,267.75,260.00999999999999,263.33999999999997,26077211,303489,264.57239600000003
2021-01-07 05:00:00+00:00,265.89999999999998,271.61000000000001,264.77999999999997,268.74000000000001,17204889,195127,268.94090499999999
2021-01-08 05:00:00+00:00,268.31,268.94999999999999,263.18000000000001,267.56999999999999,19957653,248082,265.91368199999999
2021-01-11 05:00:00+00:00,260.48000000000002,263.47000000000003,255.90000000000001,256.83999999999997,32111089,393754,258.81554999999997
2021-01-12 05:00:00+00:00,256.63,259.72000000000003,250.30000000000001,251.09,28094350,346447,252.91530599999999
2021-01-13 05:00:00+00:00,251.55000000000001,253.94999999999999,249.19999999999999,251.63999999999999,21166580,254235,251.71047799999999
2021-01-14 05:00:00+00:00,253.40000000000001,255.03,244.61000000000001,245.63999999999999,30984766,404978,248.44610499999999
2021-01-15 05:00:00+00:00,247.90000000000001,253.86000000000001,247.16,251.36000000000001,27482540,277254,251.16882799999999
2021-01-19 05:00:00+00:00,256.89999999999998,262.19999999999999,252.7201,261.10000000000002,29994838,315842,258.35457100000002
2021-01-20 05:00:00+00:00,268.93000000000001,270.31999999999999,263.60000000000002,267.48000000000002,26747430,279577,267.31910699999997
2021-01-21 05:00:00+00:00,269.25999999999999,273.60000000000002,267.49009999999998,272.87,22533621,219980,271.81794000000002
2021-01-22 05:00:00+00:00,272.00999999999999,278.47000000000003,272,274.5,23742584,236874,275.51607000000001
2021-01-25 05:00:00+00:00,278.13999999999999,280.10000000000002,271.50999999999999,278.00999999999999,20312603,254475,276.68789700000002
2021-01-26 05:00:00+00:00,278.13979999999998,285.38999999999999,277.81,282.05000000000001,20818454,235698,282.12234899999999
2021-01-27 05:00:00+00:00,282.52999999999997,283.44999999999999,268.12009999999998,272.13999999999999,37124282,483659,274.17293100000001
2021-01-28 05:00:00+00:00,277.18000000000001,286.79000000000002,264.69999999999999,265,39222625,446576,273.03825499999999
2021-01-29 05:00:00+00:00,265.30000000000001,266.56,254.84999999999999,258.32999999999998,32058043,417258,258.634657
2021-02-01 05:00:00+00:00,259.51999999999998,264.17000000000002,254.91,262.00999999999999,24416127,276241,260.407577
2021-02-02 05:00:00+00:00,264,268.85000000000002,263.26999999999998,267.07999999999998,18754078,218957,266.89595100000003
2021-02-03 05:00:00+00:00,265.62,269.19999999999999,263.83999999999997,266.64999999999998,15092654,192828,266.89790699999998
2021-02-04 05:00:00+00:00,267.00999999999999,268.16000000000003,264,266.49000000000001,17675372,180615,265.77770800000002
2021-02-05 05:00:00+00:00,266.80000000000001,269.17000000000002,265.67000000000002,268.10000000000002,13142455,151246,267.825782
2021-02-08 05:00:00+00:00,268.75,269.86000000000001,265,266.57999999999998,14481213,179298,266.76038899999998
2021-02-09 05:00:00+00:00,266.44,273.38999999999999,265.75,269.44999999999999,15262426,185022,270.37265300000001
2021-02-10 05:00:00+00:00,272.44650000000001,273.79989999999998,267.72000000000003,271.87,16366174,189444,270.91638699999999
2021-02-11 05:00:00+00:00,271.88999999999999,273.57999999999998,268.49000000000001,270.38999999999999,13506161,152463,270.211342
2021-02-12 05:00:00+00:00,270.52999999999997,271.18000000000001,268.33999999999997,270.5,9846388,118977,269.79799800000001
2021-02-16 05:00:00+00:00,270.80000000000001,276.60000000000002,270.05000000000001,273.89999999999998,16533722,183292,274.06399399999998
2021-02-17 05:00:00+00:00,271.24000000000001,273.97000000000003,269.57999999999998,273.56999999999999,13577387,159547,272.032286
2021-02-18 05:00:00+00:00,269.565,271.94999999999999,266.02999999999997,269.38999999999999,16183527,191659,268.640489
2021-02-19 05:00:00+00:00,269.86000000000001,270.26999999999998,260.14999999999998,261.56,27070970,292970,263.529225
2021-02-22 05:00:00+00:00,257.94999999999999,263.06999999999999,257.52999999999997,260.32999999999998,18656471,202529,260.44900100000001
2021-02-23 05:00:00+00:00,259.5,267.45999999999998,254.96000000000001,265.85500000000002,23045771,283970,263.207424
2021-02-24 05:00:00+00:00,262.32499999999999,266.38,258.38999999999999,264.31,16699985,200518,263.27339000000001
2021-02-25 05:00:00+00:00,262.30000000000001,266.94,254.03999999999999,254.69,20345151,265666,258.894924
2021-02-26 05:00:00+00:00,256.47000000000003,265.55000000000001,256.47000000000003,257.62,30857342,290285,259.98783200000003
2021-03-01 05:00:00+00:00,260.81999999999999,266.64999999999998,257.90390000000002,264.91000000000003,24158879,255219,262.47437500000001
2021-03-02 05:00:00+00:00,265.77999999999997,266.70999999999998,258.64999999999998,259,16411293,182879,262.64974799999999
2021-03-03 05:00:00+00:00,260.29000000000002,260.98989999999998,255.09999999999999,255.41,16820357,216488,257.25657200000001
2021-03-04 05:00:00+00:00,256.47000000000003,266.49000000000001,253.5,257.63999999999999,32808001,421864,259.10606000000001
2021-03-05 05:00:00+00:00,260.67000000000002,265.44999999999999,255.61000000000001,264.27999999999997,28152425,353181,260.93287800000002
2021-03-08 05:00:00+00:00,265.55000000000001,265.57999999999998,255.05000000000001,255.31,19694600,265603,259.81631599999997
2021-03-09 05:00:00+00:00,261.17500000000001,268.52999999999997,259.81,265.74000000000001,23962188,244166,265.242074
2021-03-10 05:00:00+00:00,268.63999999999999,268.97000000000003,262.87,264.89999999999998,15230922,186366,265.44465000000002
2021-03-11 05:00:00+00:00,268.11000000000001,277.89999999999998,267.81999999999999,273.88,23768237,258848,274.17555499999997
2021-03-12 05:00:00+00:00,269.13999999999999,269.74000000000001,264.01999999999998,268.39999999999998,21861678,260337,266.99911300000002
2021-03-15 04:00:00+00:00,269.07999999999998,275.95999999999998,268.5,273.75,18010924,206539,272.94780900000001
2021-03-16 04:00:00+00:00,276.08499999999998,282.13999999999999,274.80000000000001,279.27999999999997,23751633,267468,279.75244900000001
2021-03-17 04:00:00+00:00,275.70499999999998,286.23000000000002,275.41000000000003,284.00999999999999,22421086,276982,281.61802999999998
2021-03-18 04:00:00+00:00,279.87,285.18990000000002,278.27999999999997,278.62,20120550,240611,281.31638900000002
2021-03-19 04:00:00+00:00,281.22000000000003,292.80000000000001,281.19499999999999,290.11000000000001,43934987,383178,288.64550000000003
2021-03-22 04:00:00+00:00,290.44999999999999,299.70499999999998,286.75009999999997,293.54000000000002,29922385,303951,294.93094500000001
2021-03-23 04:00:00+00:00,293.14999999999998,298,289.81,290.63,24794445,260907,293.61418099999997
2021-03-24 04:00:00+00:00,291,291.72000000000003,281.16000000000003,282.13999999999999,19795767,242773,286.01238999999998
2021-03-25 04:00:00+00:00,280.98000000000002,288.06,277.75,278.74000000000001,26481813,301939,281.27052600000002
2021-03-26 04:00:00+00:00,278.30180000000001,284.5,277.76999999999998,283.01999999999998,19002005,219290,281.55978499999998
2021-03-29 04:00:00+00:00,285.75999999999999,293.18000000000001,284.69999999999999,290.81999999999999,22942434,269314,289.59821699999998
2021-03-30 04:00:00+00:00,289.82999999999998,292.47000000000003,286.69999999999999,288,18481782,206813,289.37507900000003
2021-03-31 04:00:00+00:00,289.99000000000001,296.5,288.61000000000001,294.52999999999997,21956675,208372,294.21237000000002
2021-04-01 04:00:00+00:00,298.39999999999998,302.39999999999998,296.60000000000002,298.66000000000003,18550879,229491,299.226766
2021-04-05 04:00:00+00:00,300.88999999999999,310.76499999999999,300.68000000000001,308.91000000000003,29676948,323401,307.45293199999998
2021-04-06 04:00:00+00:00,308.8365,311.35000000000002,305.25,306.25999999999999,18265755,229136,307.36775699999998
2021-04-07 04:00:00+00:00,306.33999999999997,314.25,305.5,313.08999999999997,23684490,246252,311.31005299999998
2021-04-08 04:00:00+00:00,314.85000000000002,315.88,310.05000000000001,313.01999999999998,22055828,248625,312.40276799999998
2021-04-09 04:00:00+00:00,311.39999999999998,314.74000000000001,310.32999999999998,312.45999999999998,17137480,184830,312.30214899999999
2021-04-12 04:00:00+00:00,311.05000000000001,312.14999999999998,307.93000000000001,311.54000000000002,11054253,145045,310.48812500000003
2021-04-13 04:00:00+00:00,312.20999999999998,314.428,309.31999999999999,309.75999999999999,14218610,170030,311.68655000000001
2021-04-14 04:00:00+00:00,307.30000000000001,308.02999999999997,301.94999999999999,302.81999999999999,17582145,226050,304.245206
2021-04-15 04:00:00+00:00,306.33999999999997,310.13999999999999,304.10000000000002,307.81999999999999,14681273,189004,307.72623700000003
2021-04-16 04:00:00+00:00,308.17000000000002,308.94999999999999,304.61000000000001,306.18000000000001,13686455,163065,306.26952999999997
2021-04-19 04:00:00+00:00,305.00700000000001,307.69999999999999,300.56,302.24000000000001,14663848,183052,302.92285500000003
2021-04-20 04:00:00+00:00,301.99000000000001,305.10000000000002,297.20999999999998,302.64999999999998,16922606,214259,301.47821900000002
2021-04-21 04:00:00+00:00,301.94499999999999,301.98000000000002,297.38999999999999,301.47000000000003,14964749,195789,299.72590400000001
2021-04-22 04:00:00+00:00,301.32999999999998,302.92000000000002,296.04000000000002,296.51999999999998,17153028,230436,299.31635599999998
2021-04-23 04:00:00+00:00,298.75999999999999,302.58999999999997,297.14999999999998,301.13,18959958,196619,300.297417
2021-04-26 04:00:00+00:00,303.33960000000002,305.80000000000001,301.56,303.04000000000002,17381748,191218,303.25000299999999
2021-04-27 04:00:00+00:00,304.27999999999997,305.33999999999997,301.11000000000001,303.56999999999999,16225942,196224,303.92556000000002
2021-04-28 04:00:00+00:00,307.5,310.92000000000002,305.37,307.10000000000002,34991858,398614,307.780057
2021-04-29 04:00:00+00:00,330.12,331.81,321.61000000000001,329.50999999999999,58281739,597572,326.86945100000003
2021-04-30 04:00:00+00:00,326.14350000000002,329.81999999999999,324.5,325.07999999999998,28541002,271892,326.22929699999997
2021-05-03 04:00:00+00:00,326.17000000000002,328.55000000000001,321.83999999999997,322.57999999999998,20258382,248773,324.19210600000002
2021-05-04 04:00:00+00:00,320.02499999999998,322.19,313.12,318.36000000000001,26318690,291996,316.36292900000001
2021-05-05 04:00:00+00:00,318.19,321.06,314.49000000000001,315.01999999999998,16504006,201400,317.35814800000003
2021-05-06 04:00:00+00:00,314.51999999999998,320.24000000000001,313.27499999999998,320.01999999999998,19146780,218060,317.38408900000002
2021-05-07 04:00:00+00:00,322.38,322.935,318.75,319.07999999999998,17050783,209694,320.38274899999999
2021-05-10 04:00:00+00:00,314.35000000000002,314.57859999999999,304.82999999999998,305.97000000000003,25630319,324501,307.78328099999999
2021-05-11 04:00:00+00:00,300.75,306.83999999999997,299.69,306.52999999999997,20043992,281403,303.93866400000002
2021-05-12 04:00:00+00:00,301.13,304.95999999999998,298.19,302.55000000000001,26304351,299942,301.946842
2021-05-13 04:00:00+00:00,306.08330000000001,308.86000000000001,302.77010000000001,305.25999999999999,18241446,235146,305.75511399999999
2021-05-14 04:00:00+00:00,309.54000000000002,316.85000000000002,309.07999999999998,315.94,20334955,232932,314.04497500000002
2021-05-17 04:00:00+00:00,313.55000000000001,315.68000000000001,311.57999999999998,315.45999999999998,16588745,176949,314.04278799999997
2021-05-18 04:00:00+00:00,315.58999999999997,316.5,309.81,309.95999999999998,15546130,197151,313.24171699999999
2021-05-19 04:00:00+00:00,304.185,314.66000000000003,303.56999999999999,313.58999999999997,21054435,243899,310.798271
2021-05-20 04:00:00+00:00,313.57999999999998,319.25,313.16000000000003,318.61000000000001,18499728,214925,317.48833400000001
2021-05-21 04:00:00+00:00,319.29000000000002,319.93000000000001,315.81009999999998,316.23000000000002,14962274,183647,317.50438800000001
2021-05-24 04:00:00+00:00,318.20999999999998,325.94999999999999,318.02999999999997,324.63,17701425,215178,324.10308099999997
2021-05-25 04:00:00+00:00,327.07999999999998,329.18000000000001,324.80000000000001,327.79000000000002,17288142,218118,327.52727800000002
2021-05-26 04:00:00+00:00,328.35000000000002,329.82990000000001,325.81999999999999,327.66000000000003,10237260,165283,327.57099399999998
2021-05-27 04:00:00+00:00,328,333.77999999999997,326.75999999999999,332.75,24854519,217791,331.65782999999999
2021-05-28 04:00:00+00:00,331,332.86840000000001,328.32999999999998,328.73000000000002,13435624,174246,330.04273899999998
2021-06-01 04:00:00+00:00,330.14999999999998,331.42000000000002,326.63999999999999,329.13,12735699,164227,329.03131400000001
2021-06-02 04:00:00+00:00,330.38,331.87,327.12150000000003,329.14999999999998,12738818,160060,329.46610500000003
2021-06-03 04:00:00+00:00,325.77999999999997,327.375,323.48000000000002,326.04000000000002,13689732,171719,325.76335799999998
2021-06-04 04:00:00+00:00,325.89999999999998,332.45499999999998,325.18000000000001,330.35000000000002,14362073,163010,329.91693099999998
2021-06-07 04:00:00+00:00,329.48000000000002,337.69,328.93000000000001,336.57999999999998,21612450,232642,334.64756899999998
2021-06-08 04:00:00+00:00,336.69999999999999,338.29989999999998,332.24000000000001,333.68000000000001,15493557,208451,334.437071
2021-06-09 04:00:00+00:00,335.74000000000001,336.80000000000001,330,330.25,14646687,181413,332.66321699999997
2021-06-10 04:00:00+00:00,330.78500000000003,333.94,328.54500000000002,332.45999999999998,14080012,176912,331.65931799999998
2021-06-11 04:00:00+00:00,332.57999999999998,332.82999999999998,328.93000000000001,331.25999999999999,14889469,159943,330.73486600000001
2021-06-14 04:00:00+00:00,331.89999999999998,336.81999999999999,329.81,336.76999999999998,13081838,162006,334.90943099999998
2021-06-15 04:00:00+00:00,336.99000000000001,339.92000000000002,335.02999999999997,336.75,16707991,199235,336.963392
2021-06-16 04:00:00+00:00,336.69499999999999,337.55000000000001,328.72000000000003,331.07999999999998,18470839,237661,332.855414
2021-06-17 04:00:00+00:00,330.49000000000001,337.98000000000002,330.14999999999998,336.50999999999999,19181307,230934,335.59824800000001
2021-06-18 04:00:00+00:00,334.52999999999997,336.14999999999998,329,329.66000000000003,27920066,222975,331.61879699999997
2021-06-21 04:00:00+00:00,331.08999999999997,332.92000000000002,327.64999999999998,332.29000000000002,12319975,165970,331.40592199999998
2021-06-22 04:00:00+00:00,332.685,339.92000000000002,332.60000000000002,339.02999999999997,16483390,199854,336.69133499999998
2021-06-23 04:00:00+00:00,339.38999999999999,343.41989999999998,338.19999999999999,340.58999999999997,16089277,202983,340.947003
2021-06-24 04:00:00+00:00,341.85000000000002,344.89999999999998,341.79000000000002,343.18000000000001,13362128,157812,343.37996800000002
2021-06-25 04:00:00+00:00,342.58999999999997,344.12,339.68000000000001,341.37,17048431,158503,341.30163099999999
2021-06-28 04:00:00+00:00,342.45999999999998,358.13999999999999,341.76999999999998,355.63999999999999,30732467,363542,351.62457000000001
2021-06-29 04:00:00+00:00,356.26999999999998,356.74000000000001,349.05000000000001,351.88999999999999,22314788,279552,351.83860700000002
2021-06-30 04:00:00+00:00,352.16500000000002,352.92000000000002,347.17000000000002,347.70999999999998,17089972,191878,348.51126799999997
2021-07-01 04:00:00+00:00,346.81999999999999,354.66989999999998,346.5,354.38999999999999,17936976,215082,351.473635
2021-07-02 04:00:00+00:00,355.10000000000002,356.44,352.62,354.69999999999999,12406029,163281,354.40461599999998
2021-07-06 04:00:00+00:00,356.5,358.79000000000002,349.18000000000001,352.77999999999997,14515500,195592,353.07762500000001
2021-07-07 04:00:00+00:00,355.25999999999999,356.49000000000001,350,350.49000000000001,14970229,189894,352.54265800000002
2021-07-08 04:00:00+00:00,345.73000000000002,348.32999999999998,342.56,345.64999999999998,15677480,208856,345.53758399999998
2021-07-09 04:00:00+00:00,345.31999999999999,350.70999999999998,345.26499999999999,350.42000000000002,14193946,170263,349.17556000000002
2021-07-12 04:00:00+00:00,351.22000000000003,354.19,349.63999999999999,353.16000000000003,10504018,149194,352.48127799999997
2021-07-13 04:00:00+00:00,351.5,358.49000000000001,348.80000000000001,352.08999999999997,12120677,173439,352.38809300000003
2021-07-14 04:00:00+00:00,354.56,355.19999999999999,346.73000000000002,347.63,14894877,205702,349.152421
2021-07-15 04:00:00+00:00,349.23480000000001,349.23480000000001,340.22000000000003,344.45999999999998,15676101,232985,343.39463699999999
2021-07-16 04:00:00+00:00,344.91000000000003,345.98989999999998,340.13999999999999,341.16000000000003,11966979,175708,341.98308900000001
2021-07-19 04:00:00+00:00,337.56999999999999,339.79000000000002,334.54000000000002,336.94999999999999,15392672,238546,336.71352000000002
2021-07-20 04:00:00+00:00,338.80000000000001,343.44999999999999,334.5,341.66000000000003,12240981,173544,340.59369900000002
2021-07-21 04:00:00+00:00,341.5,346.51999999999998,341.25,346.23000000000002,10169613,141509,344.75115099999999
2021-07-22 04:00:00+00:00,346.68000000000001,351.54000000000002,345.20999999999998,351.19,12945141,182698,349.32517200000001
2021-07-23 04:00:00+00:00,360.91000000000003,375.32999999999998,357.19,369.79000000000002,34680220,434220,368.48109599999998
2021-07-26 04:00:00+00:00,369.57999999999998,374.44,368.22000000000003,372.45999999999998,15831065,230688,372.02858099999997
2021-07-27 04:00:00+00:00,371.91000000000003,373.14999999999998,364.55000000000001,367.81,16631848,238018,367.818198
2021-07-28 04:00:00+00:00,374.56,377.54989999999998,366.93000000000001,373.27999999999997,30600745,419177,372.74077999999997
2021-07-29 04:00:00+00:00,361,365.51999999999998,356.74000000000001,358.31999999999999,34424647,473692,359.56540200000001
2021-07-30 04:00:00+00:00,354,360.73000000000002,352.94,356.30000000000001,17207383,233856,356.77620300000001
2021-08-02 04:00:00+00:00,358.10000000000002,359.39999999999998,350.74000000000001,351.94999999999999,13899981,201980,353.439953
2021-08-03 04:00:00+00:00,352.73000000000002,353.76990000000001,347.69999999999999,351.24000000000001,13090153,193575,350.58950499999997
2021-08-04 04:00:00+00:00,352.42000000000002,360.48000000000002,351.50999999999999,358.92000000000002,15151318,212360,357.09586200000001
2021-08-05 04:00:00+00:00,359.63999999999999,363.89999999999998,356.89999999999998,362.97000000000003,10795365,157739,361.19492000000002
2021-08-06 04:00:00+00:00,361.39999999999998,365.14999999999998,361.39499999999998,363.50999999999999,9651343,127357,363.144901
2021-08-09 04:00:00+00:00,363.76229999999998,365.77499999999998,360.75,361.61000000000001,8580827,129464,362.27634499999999
2021-08-10 04:00:00+00:00,361.82499999999999,364.10000000000002,359.04349999999999,361.13,8300088,122611,361.36876899999999
2021-08-11 04:00:00+00:00,362.10000000000002,362.36000000000001,357.81,359.95999999999998,8979472,132825,359.83610399999998
2021-08-12 04:00:00+00:00,358.44999999999999,363,357.11000000000001,362.64999999999998,7744969,130389,361.10457200000002
2021-08-13 04:00:00+00:00,362.97000000000003,364.66070000000002,361.48000000000002,363.18000000000001,8397775,119071,363.05724400000003
2021-08-16 04:00:00+00:00,362.51999999999998,366.94999999999999,357.38,366.56,11973879,170920,363.564888
2021-08-17 04:00:00+00:00,362.98000000000002,364.67000000000002,355.06999999999999,358.44999999999999,13199115,193501,359.495521
2021-08-18 04:00:00+00:00,356.25,359.86000000000001,355.14999999999998,355.44999999999999,10917335,148805,357.15720700000003
2021-08-19 04:00:00+00:00,351.34500000000003,357.56999999999999,351,355.12,12888969,190461,354.83155499999998
2021-08-20 04:00:00+00:00,354.60000000000002,359.9898,353.31,359.37,9600202,144833,357.73291
2021-08-23 04:00:00+00:00,359.44,365.69,359.10000000000002,363.35000000000002,11636680,189213,363.65577500000001
2021-08-24 04:00:00+00:00,363.66000000000003,367.95589999999999,361.83999999999997,365.50999999999999,9791083,158066,365.63859300000001
2021-08-25 04:00:00+00:00,365.60000000000002,370.86000000000001,365.39999999999998,368.38999999999999,10309241,147619,368.49533100000002
2021-08-26 04:00:00+00:00,368.375,369.44,364.13,364.38,8389141,154288,366.21069899999998
2021-08-27 04:00:00+00:00,365.10000000000002,373.74000000000001,364.07999999999998,372.63,12033417,179157,371.18462
2021-08-30 04:00:00+00:00,372.56,381.49000000000001,370.51999999999998,380.66000000000003,14286945,210753,378.05032299999999
2021-08-31 04:00:00+00:00,379.94999999999999,382.75900000000001,378.80000000000001,379.38,14466359,162465,379.92532
2021-09-01 04:00:00+00:00,379.58999999999997,384.32999999999998,378.81,382.05000000000001,12500834,176784,382.18116199999997
2021-09-02 04:00:00+00:00,381.5,381.75,374.06,375.27999999999997,15739047,240316,376.48906399999998
2021-09-03 04:00:00+00:00,374.75,377.16000000000003,373.11000000000001,376.25999999999999,8245109,123613,375.91279100000003
2021-09-07 04:00:00+00:00,375.88,382.95999999999998,373.14999999999998,382.18000000000001,11431302,177967,379.75399199999998
2021-09-08 04:00:00+00:00,380.16000000000003,380.87,374.79000000000002,377.56999999999999,11954694,173125,377.48944599999999
2021-09-09 04:00:00+00:00,377.63999999999999,379.82999999999998,376.565,378,9616037,151136,378.36571500000002
2021-09-10 04:00:00+00:00,381.36099999999999,383.79000000000002,378.25999999999999,378.69,12399132,178108,380.708369
2021-09-13 04:00:00+00:00,381.68000000000001,381.75,374.3451,376.50999999999999,14308185,205923,376.59873299999998
2021-09-14 04:00:00+00:00,377.39999999999998,378.58999999999997,375.11000000000001,376.52999999999997,9497874,140695,376.72627699999998
2021-09-15 04:00:00+00:00,377,377.55500000000001,367.67000000000002,373.92000000000002,19467690,268223,371.92500000000001
2021-09-16 04:00:00+00:00,372.79000000000002,373.56,369.70999999999998,373.06,13174782,180790,371.89994300000001
2021-09-17 04:00:00+00:00,371.40499999999997,371.41000000000003,361.58999999999997,364.72000000000003,32734161,290956,365.91142600000001
2021-09-20 04:00:00+00:00,359.30000000000001,361.02999999999997,349.80000000000001,355.69999999999999,21179562,342006,354.66096900000002
2021-09-21 04:00:00+00:00,358.5,360.04000000000002,355.19,357.48000000000002,12588409,187168,357.88363600000002
2021-09-22 04:00:00+00:00,347.23000000000002,349.83999999999997,340.69009999999997,343.20999999999998,45234011,669277,344.05719099999999
2021-09-23 04:00:00+00:00,345.35500000000002,349.67000000000002,343,345.95999999999998,22666226,296723,346.64680499999997
2021-09-24 04:00:00+00:00,343.23869999999999,354.35000000000002,342.37,352.95999999999998,19796912,267839,350.375495
2021-09-27 04:00:00+00:00,349.80500000000001,355.14999999999998,347.07999999999998,353.57999999999998,16107697,225930,351.99212499999999
2021-09-28 04:00:00+00:00,347.97000000000003,349.60000000000002,338.92000000000002,340.64999999999998,23149950,346427,341.99704800000001
2021-09-29 04:00:00+00:00,343.14999999999998,345.23000000000002,338.88,339.61000000000001,15401570,210352,341.18505499999998
2021-09-30 04:00:00+00:00,340.44499999999999,342.80000000000001,338.14999999999998,339.38999999999999,17904889,215352,340.60541499999999
2021-10-01 04:00:00+00:00,341.61000000000001,345.01999999999998,338.63999999999999,343.00999999999999,15964798,210811,342.72608200000002
2021-10-04 04:00:00+00:00,335.52999999999997,335.94,322.69999999999999,326.23000000000002,44585034,688684,326.49177500000002
2021-10-05 04:00:00+00:00,328.57999999999998,335.18000000000001,326.16379999999998,332.95999999999998,36663383,497120,332.015781
2021-10-06 04:00:00+00:00,329.74000000000001,334.38,325.80000000000001,333.63999999999999,27445627,353771,331.13131800000002
2021-10-07 04:00:00+00:00,337,338.83999999999997,328.98000000000002,329.22000000000003,29670890,348222,333.398774
2021-10-08 04:00:00+00:00,331.50999999999999,333.39999999999998,328.70999999999998,330.05000000000001,17156330,236853,331.09093200000001
2021-10-11 04:00:00+00:00,327.625,330.45999999999998,325.31,325.44999999999999,15352316,224736,327.963821
2021-10-12 04:00:00+00:00,323.02999999999997,324.38,317.37,323.76999999999998,32916838,418564,321.01237400000002
2021-10-13 04:00:00+00:00,326.97000000000003,327,322.66000000000003,324.54000000000002,16088988,219303,324.800228
2021-10-14 04:00:00+00:00,328.35500000000002,330.51999999999998,327.10000000000002,328.52999999999997,15594238,207260,328.53563700000001
2021-10-15 04:00:00+00:00,328.68000000000001,329.06999999999999,322.50999999999999,324.75999999999999,23343024,319129,324.83240799999999
2021-10-18 04:00:00+00:00,328.94999999999999,335.88999999999999,327.5,335.33999999999997,23436632,325513,333.17232300000001
2021-10-19 04:00:00+00:00,339.64499999999998,342.45999999999998,337.27999999999997,339.99000000000001,19810510,288746,339.89621399999999
2021-10-20 04:00:00+00:00,343.44499999999999,343.98000000000002,339.45310000000001,340.77999999999997,14539924,227938,341.129841
2021-10-21 04:00:00+00:00,340.27499999999998,342.31,337.80000000000001,341.88,17081168,283334,341.05894599999999
2021-10-22 04:00:00+00:00,326.34500000000003,329.63,321.11000000000001,324.61000000000001,36502119,589604,323.929215
2021-10-25 04:00:00+00:00,320.30000000000001,329.56,319.72000000000003,328.69,39698747,584523,325.40683899999999
2021-10-26 04:00:00+00:00,328.25999999999999,330.2099,309.60000000000002,315.81,66994059,1026897,317.92960299999999
2021-10-27 04:00:00+00:00,314.19,319.25,312.06,312.22000000000003,31791021,443402,314.50317999999999
2021-10-28 04:00:00+00:00,312.99000000000001,325.51999999999998,308.11000000000001,316.92000000000002,52285488,675958,317.35851300000002
2021-10-29 04:00:00+00:00,320.19,325.99990000000003,319.60000000000002,323.56999999999999,39250137,485587,323.48648400000002
2021-11-01 04:00:00+00:00,326.04000000000002,333.44999999999999,326,329.98000000000002,33000249,477913,330.269994
2021-11-02 04:00:00+00:00,331.38,334.78949999999998,323.80000000000001,328.07999999999998,29760429,419475,328.64806299999998
2021-11-03 04:00:00+00:00,327.49000000000001,332.14999999999998,323.19999999999999,331.62,21841726,301055,329.01757300000003
2021-11-04 04:00:00+00:00,334.00650000000002,337.27300000000002,332.64999999999998,335.85000000000002,23790867,345145,335.26072199999999
2021-11-05 04:00:00+00:00,340.31,346.79000000000002,339.63999999999999,341.13,28359904,408538,342.35657900000001
2021-11-08 05:00:00+00:00,344.42000000000002,344.78899999999999,338.33999999999997,338.62,19561354,299920,340.795613
2021-11-09 05:00:00+00:00,340,341.3075,334.47000000000003,335.37,19125134,293150,336.41933299999999
2021-11-10 05:00:00+00:00,332.49000000000001,333.19,325.50999999999999,327.63999999999999,22995118,324336,329.36051300000003
2021-11-11 05:00:00+00:00,329.81999999999999,332.459,327,327.74000000000001,13196352,215401,329.51749599999999
2021-11-12 05:00:00+00:00,330.18000000000001,341.86000000000001,329.77999999999997,340.88999999999999,26975597,302942,338.078914
2021-11-15 05:00:00+00:00,344.33999999999997,353.64999999999998,343.19999999999999,347.56,26520563,402762,349.045974
2021-11-16 05:00:00+00:00,343.82999999999998,346.64999999999998,340.87,342.95999999999998,19628800,295155,343.50775900000002
2021-11-17 05:00:00+00:00,344.24000000000001,347.30000000000001,340.10000000000002,340.76999999999998,14799949,229535,342.20345200000003
2021-11-18 05:00:00+00:00,339.72000000000003,342.45999999999998,335.30000000000001,338.69,18567942,290463,338.74083000000002
2021-11-19 05:00:00+00:00,342.19999999999999,352.10000000000002,339.89999999999998,345.30000000000001,27798367,325357,346.96865200000002
2021-11-22 05:00:00+00:00,349.05000000000001,353.82999999999998,340.50999999999999,341.00999999999999,28109715,376734,346.57815799999997
2021-11-23 05:00:00+00:00,338.93000000000001,341.3999,333.5,337.25,18546684,286306,337.13622400000003
2021-11-24 05:00:00+00:00,336,341.77999999999997,332.81,341.06,15206993,202415,339.39984900000002
2021-11-26 05:00:00+00:00,335.79500000000002,337.75,331.90199999999999,333.12,15932599,213874,334.33140400000002
2021-11-29 05:00:00+00:00,336.88999999999999,340.67000000000002,335.30500000000001,338.02999999999997,18181921,261014,338.24020300000001
2021-11-30 05:00:00+00:00,335,335.81,323.43000000000001,324.45999999999998,29094267,386794,327.59551900000002
2021-12-01 05:00:00+00:00,330.29000000000002,330.5,310.29000000000002,310.60000000000002,32363592,488550,318.90530999999999
2021-12-02 05:00:00+00:00,311.39999999999998,314.60000000000002,307.19999999999999,310.38999999999999,26186847,419289,310.18368099999998
2021-12-03 05:00:00+00:00,313.73000000000002,313.75,299.5,306.83999999999997,28669720,442211,305.08497899999998
2021-12-06 05:00:00+00:00,308.13,320.10000000000002,306.33999999999997,317.87,24373537,335190,315.76993199999998
2021-12-07 05:00:00+00:00,321.56999999999999,326.54000000000002,321,322.81,20613408,255377,323.47913499999999
2021-12-08 05:00:00+00:00,324.98000000000002,332.75,323.06999999999999,330.56,22070015,273042,330.28201100000001
2021-12-09 05:00:00+00:00,329.54000000000002,336.13,328,329.81999999999999,18983273,239861,331.81800299999998
2021-12-10 05:00:00+00:00,332.55500000000001,335.02999999999997,326.37,329.75,15751122,208712,329.62175500000001
2021-12-13 05:00:00+00:00,330.94999999999999,341.08999999999997,329.58999999999997,334.49000000000001,24452642,320062,336.00960300000003
2021-12-14 05:00:00+00:00,328.05000000000001,335.69999999999999,327.64999999999998,333.74000000000001,22007702,271576,332.32890400000002
2021-12-15 05:00:00+00:00,332.49349999999998,342.11000000000001,323.98000000000002,341.66000000000003,26147993,329037,334.09754299999997
2021-12-16 05:00:00+00:00,338.98000000000002,344.45999999999998,333.74000000000001,334.89999999999998,24503754,312940,337.89969100000002
2021-12-17 05:00:00+00:00,333.00999999999999,337.11000000000001,330.75,333.79000000000002,57821368,266482,333.85775799999999
2021-12-20 05:00:00+00:00,329.77499999999998,329.89999999999998,322.52999999999997,325.44999999999999,19486010,281118,324.91204800000003
2021-12-21 05:00:00+00:00,326.41000000000003,336,323.75,334.19999999999999,17424715,242553,331.29622699999999
2021-12-22 05:00:00+00:00,333.80029999999999,334.50999999999999,328.25999999999999,330.44999999999999,17729257,247677,331.33367299999998
2021-12-23 05:00:00+00:00,330.10000000000002,336.67000000000002,328.36000000000001,335.24000000000001,15201094,213600,334.25570499999998
2021-12-27 05:00:00+00:00,338.84500000000003,347.87,338.00999999999999,346.18000000000001,19559297,285615,345.17349400000001
2021-12-28 05:00:00+00:00,346.63,352.70999999999998,345.19999999999999,346.22000000000003,17682562,260048,348.231019
2021-12-29 05:00:00+00:00,346.91000000000003,349.68990000000002,341.64010000000002,342.94,11745178,200591,343.79782299999999
2021-12-30 05:00:00+00:00,344,347.23000000000002,343.22000000000003,344.36000000000001,11208402,176557,345.25845299999997
2021-12-31 05:00:00+00:00,343.01499999999999,343.44,336.26999999999998,336.35000000000002,14488065,195610,338.96501799999999
2022-01-03 05:00:00+00:00,338.29500000000002,341.08159999999998,337.19,338.54000000000002,16141831,206206,338.95508899999999
2022-01-04 05:00:00+00:00,339.94999999999999,343.08539999999999,331.87110000000001,336.52999999999997,17616911,272886,336.95739500000002
2022-01-05 05:00:00+00:00,333.01999999999998,335.75999999999999,323.83999999999997,324.17000000000002,20724766,324211,328.655642
2022-01-06 05:00:00+00:00,322.81999999999999,339.16500000000002,322.72000000000003,332.45999999999998,29819954,394958,333.22304000000003
2022-01-07 05:00:00+00:00,332.74000000000001,337,328.88010000000003,331.79000000000002,16330098,219434,332.69128699999999
2022-01-10 05:00:00+00:00,325.31,328.33999999999997,315.43000000000001,328.06999999999999,27109228,407043,323.12768899999998
2022-01-11 05:00:00+00:00,326.77999999999997,334.63,325.27999999999997,334.37,17496181,248864,331.62494099999998
2022-01-12 05:00:00+00:00,335.18000000000001,336.36500000000001,330.02999999999997,333.25999999999999,16122781,221113,333.18712699999998
2022-01-13 05:00:00+00:00,334.98000000000002,335.63,325.75999999999999,326.48000000000002,15918810,245232,329.38613400000003
2022-01-14 05:00:00+00:00,321.79000000000002,332.73000000000002,321.20999999999998,331.89999999999998,18273973,251639,330.027196
2022-01-18 05:00:00+00:00,323.29000000000002,324.20999999999998,317.63999999999999,318.14999999999998,24809120,382536,319.87148400000001
2022-01-19 05:00:00+00:00,319.5822,327.10000000000002,319.32999999999998,319.58999999999997,22065687,295813,322.18403599999999
2022-01-20 05:00:00+00:00,323.89999999999998,327.81999999999999,315.98000000000002,316.56,17451279,265080,322.35919000000001
2022-01-21 05:00:00+00:00,314.81,318.31,303.04000000000002,303.17000000000002,31329052,473732,309.09020500000003
2022-01-24 05:00:00+00:00,297.83999999999997,309.52999999999997,289.00999999999999,308.70999999999998,41284438,596673,299.99388099999999
2022-01-25 05:00:00+00:00,299.94999999999999,306.23000000000002,297.57999999999998,300.14999999999998,27320512,371939,301.10904099999999
2022-01-26 05:00:00+00:00,307.00999999999999,307.50999999999999,290.85000000000002,294.63,30639786,442946,298.71612699999997
2022-01-27 05:00:00+00:00,297.75200000000001,301.709,294.25999999999999,294.63999999999999,22704017,332604,297.24672399999997
2022-01-28 05:00:00+00:00,295.62040000000002,301.89999999999998,293.0333,301.70999999999998,23451655,316652,297.90198099999998
2022-01-31 05:00:00+00:00,300.68000000000001,313.79000000000002,299.31999999999999,313.25999999999999,24015575,314341,309.21785
2022-02-01 05:00:00+00:00,314.55500000000001,319.65980000000002,312.12,319,19426587,283236,316.50005800000002
2022-02-02 05:00:00+00:00,327.81999999999999,328,316.87470000000002,323,59898809,928551,322.65706599999999
2022-02-03 05:00:00+00:00,244.64500000000001,248,235.745,237.75999999999999,193304543,2788541,241.284514
2022-02-04 05:00:00+00:00,234.97,242.60990000000001,230.11000000000001,237.09,92398494,1284587,235.84213299999999
2022-02-07 05:00:00+00:00,237.69999999999999,238.30000000000001,224.00999999999999,224.91,91884421,1144789,228.12451100000001
2022-02-08 05:00:00+00:00,220.84999999999999,225.77000000000001,216.15000000000001,220.18000000000001,97502996,1203760,220.75405699999999
2022-02-09 05:00:00+00:00,224.19999999999999,233.37,222.21000000000001,232,88597830,1009971,228.65579500000001
2022-02-10 05:00:00+00:00,228.27000000000001,235,226.69999999999999,228.06999999999999,51360897,635200,230.553032
2022-02-11 05:00:00+00:00,228.46000000000001,230.41999999999999,218.77010000000001,219.55000000000001,49484535,585907,222.63213099999999
2022-02-14 05:00:00+00:00,219.31,221,214.78,217.69999999999999,39884085,542368,217.81099599999999
2022-02-15 05:00:00+00:00,220.47,221.15000000000001,215.06,221,44427951,543405,218.56278
2022-02-16 05:00:00+00:00,212.41,217.46000000000001,212.36000000000001,216.53999999999999,47213754,618253,215.08731800000001
2022-02-17 05:00:00+00:00,214.02000000000001,217.5,207.1601,207.71000000000001,40528060,551530,211.88863799999999
2022-02-18 05:00:00+00:00,209.38999999999999,210.75,205.18000000000001,206.16,38950777,528587,207.32117500000001
2022-02-22 05:00:00+00:00,202.34,207.47999999999999,200.06,202.08000000000001,41634716,603482,203.17711
2022-02-23 05:00:00+00:00,204.16,206.94,198.05000000000001,198.44999999999999,46669605,588768,201.22001900000001
2022-02-24 05:00:00+00:00,191.06,208.34999999999999,190.22,207.53,52828088,621593,200.31267700000001
2022-02-25 05:00:00+00:00,204.94,211.31999999999999,203.18000000000001,210.47999999999999,39152728,500918,208.565684
2022-02-28 05:00:00+00:00,207.67500000000001,213.1508,206.83000000000001,211.03,38249745,436778,209.904841
2022-03-01 05:00:00+00:00,209.87,211.7517,202.22,203.49000000000001,29346663,387483,206.151343
2022-03-02 05:00:00+00:00,204.77500000000001,209.15000000000001,202.02000000000001,208.11000000000001,30952015,390085,206.385491
2022-03-03 05:00:00+00:00,209.01499999999999,209.08000000000001,201.41999999999999,202.97,29138335,355501,204.69522799999999
2022-03-04 05:00:00+00:00,202.37,205.88999999999999,198.78999999999999,200.06,33778996,471322,200.44334699999999
2022-03-07 05:00:00+00:00,200.78999999999999,200.88999999999999,187.28,187.47,40629935,588184,191.18605400000001
2022-03-08 05:00:00+00:00,187.84999999999999,196.69999999999999,186.11000000000001,190.28999999999999,39745473,453319,191.325333
2022-03-09 05:00:00+00:00,195.74000000000001,199.09999999999999,193.91999999999999,198.5,33893622,379407,197.11609300000001
2022-03-10 05:00:00+00:00,194.84,196.28,191.06800000000001,195.21000000000001,26368034,376194,194.04494800000001
2022-03-11 05:00:00+00:00,192.63499999999999,193.56,186.66999999999999,187.61000000000001,36560766,501092,189.24655000000001
2022-03-14 04:00:00+00:00,187.03,192.28999999999999,185.81999999999999,186.63,32862136,438036,188.294218
2022-03-15 04:00:00+00:00,190.80000000000001,192.28,185.911,192.03,34880416,399196,189.59612100000001
2022-03-16 04:00:00+00:00,194.69999999999999,203.72999999999999,194.52000000000001,203.63,43131222,484473,199.611591
2022-03-17 04:00:00+00:00,201.69999999999999,208.03999999999999,201.11000000000001,207.84,31652709,357691,205.262249
2022-03-18 04:00:00+00:00,206.69999999999999,216.80000000000001,206,216.49000000000001,66812270,437699,214.05176
2022-03-21 04:00:00+00:00,214.5,214.71000000000001,207.63,211.49000000000001,32443410,358605,210.843369
2022-03-22 04:00:00+00:00,211.37,219.46000000000001,210.18000000000001,216.65000000000001,34689403,444626,216.42128500000001
2022-03-23 04:00:00+00:00,213.33000000000001,216.7988,212.16,213.46000000000001,25583647,365500,214.40660399999999
2022-03-24 04:00:00+00:00,215,220.66999999999999,214.78999999999999,219.56999999999999,33376148,392524,218.30778900000001
2022-03-25 04:00:00+00:00,220.50999999999999,225.5,218.89009999999999,221.81999999999999,42344536,456772,221.64294200000001
2022-03-28 04:00:00+00:00,222.13,224.03999999999999,219.53999999999999,223.59,29628537,339797,222.293925
2022-03-29 04:00:00+00:00,226.06999999999999,230.88999999999999,225.28999999999999,229.86000000000001,33050251,408693,228.45978400000001
2022-03-30 04:00:00+00:00,228.91,231.15100000000001,226.71000000000001,227.84999999999999,27186827,289817,228.770535
2022-03-31 04:00:00+00:00,228.44999999999999,228.49000000000001,222.25999999999999,222.36000000000001,27108349,309389,224.36958000000001
2022-04-01 04:00:00+00:00,224.55000000000001,227.28,222.69999999999999,224.84999999999999,20675069,288334,224.64158399999999
2022-04-04 04:00:00+00:00,225.97999999999999,234.351,225.86000000000001,233.88999999999999,30084258,336689,232.56064000000001
2022-04-05 04:00:00+00:00,234.08000000000001,236.86000000000001,231.02000000000001,231.84,31202658,345252,233.04586399999999
2022-04-06 04:00:00+00:00,226.91,228.98990000000001,221.405,223.30000000000001,29208261,349945,224.04961800000001
2022-04-07 04:00:00+00:00,223.93000000000001,225.52000000000001,218.56,222.94999999999999,21174417,272388,222.27662699999999
2022-04-08 04:00:00+00:00,222.38,225.13,220.0283,222.33000000000001,18526770,256828,223.11311000000001
2022-04-11 04:00:00+00:00,218.41999999999999,220.61000000000001,215.21979999999999,216.46000000000001,22371801,299438,217.69249500000001
2022-04-12 04:00:00+00:00,220.23500000000001,222.03,213.13,214.13999999999999,20777178,263112,216.786968
2022-04-13 04:00:00+00:00,211.81999999999999,216.61000000000001,211.33000000000001,214.99000000000001,20672210,246806,214.97177600000001
2022-04-14 04:00:00+00:00,214.88999999999999,214.99000000000001,210,210.18000000000001,20376091,229449,212.05394000000001
2022-04-18 04:00:00+00:00,210,213.38,208.30000000000001,210.77000000000001,18083072,216860,210.64148499999999
2022-04-19 04:00:00+00:00,210.52000000000001,218.4299,209,217.31,21313065,242339,215.790693
2022-04-20 04:00:00+00:00,213.60499999999999,214.16,198.91999999999999,200.41999999999999,45300042,540319,203.389296
2022-04-21 04:00:00+00:00,201.59999999999999,202.965,185.58000000000001,188.06999999999999,51638743,649319,191.91573299999999
2022-04-22 04:00:00+00:00,190.37,192.72,183.27000000000001,184.11000000000001,38735324,466030,186.243346
2022-04-25 04:00:00+00:00,182.72999999999999,187.18000000000001,181.655,186.99000000000001,31044346,374332,184.63660899999999
2022-04-26 04:00:00+00:00,186.63,187.185,179.5,180.94999999999999,34077204,409027,181.80306899999999
2022-04-27 04:00:00+00:00,174.43000000000001,181.2099,169,174.94999999999999,71402235,841960,175.429789
2022-04-28 04:00:00+00:00,202.91999999999999,208.53,192.90000000000001,205.72999999999999,103455480,1018353,202.130447
2022-04-29 04:00:00+00:00,204.46000000000001,212.47999999999999,199.90000000000001,200.47,51966601,505518,205.96226100000001
2022-05-02 04:00:00+00:00,201.16499999999999,211.88,200.99000000000001,211.13,51465596,502879,207.257812
2022-05-03 04:00:00+00:00,210.44999999999999,214.8999,208.09,212.03,42470760,421444,211.70625699999999
2022-05-04 04:00:00+00:00,210.65000000000001,224.30000000000001,206.96000000000001,223.41,43062988,433124,215.41625199999999
2022-05-05 04:00:00+00:00,218.74000000000001,220.16999999999999,206.16,208.28,43737763,475240,210.358577
2022-05-06 04:00:00+00:00,207.34,209.38,201.02000000000001,203.77000000000001,36166481,387581,205.75547900000001
2022-05-09 04:00:00+00:00,199.84,202.56999999999999,195.58000000000001,196.21000000000001,39408739,385019,198.18487400000001
2022-05-10 04:00:00+00:00,199.50999999999999,202.96000000000001,194.19,197.65000000000001,36399879,386883,198.48814200000001
2022-05-11 04:00:00+00:00,196.32499999999999,200.67420000000001,188.27000000000001,188.74000000000001,33348822,365300,192.38947400000001
2022-05-12 04:00:00+00:00,187.05500000000001,198.05000000000001,184.78,191.24000000000001,39801350,451255,190.58967799999999
2022-05-13 04:00:00+00:00,192.58000000000001,199.88999999999999,191.28,198.62,26299791,302376,197.26004800000001
2022-05-16 04:00:00+00:00,197.05000000000001,205.37,195.93000000000001,200.03999999999999,27231470,315299,201.25845799999999
2022-05-17 04:00:00+00:00,202.11500000000001,205.46000000000001,198.36000000000001,202.62,25244910,288682,201.97782799999999
2022-05-18 04:00:00+00:00,200,201,191.63,192.24000000000001,26466002,283680,195.28849700000001
2022-05-19 04:00:00+00:00,191.19999999999999,195.28999999999999,189.59999999999999,191.28999999999999,25866394,286750,192.56858800000001
2022-05-20 04:00:00+00:00,194.97,197.91,187.87,193.53999999999999,33492601,328810,192.92269099999999
2022-05-23 04:00:00+00:00,195.19,196.9924,191.24000000000001,196.22999999999999,26443091,278359,194.978015
2022-05-24 04:00:00+00:00,180.55000000000001,183.67590000000001,176.11000000000001,181.28,51986675,601952,179.184605
2022-05-25 04:00:00+00:00,180.40000000000001,185.44999999999999,179.31999999999999,183.83000000000001,29533427,303701,182.54000300000001
2022-05-26 04:00:00+00:00,182.87799999999999,192.83009999999999,182.25999999999999,191.63,24852777,273267,189.680848
2022-05-27 04:00:00+00:00,191.36000000000001,195.3329,189.80000000000001,195.13,24247080,243581,193.56865099999999
2022-05-31 04:00:00+00:00,194.88499999999999,197.59999999999999,192.00999999999999,193.63999999999999,30641010,247528,194.635615
2022-06-01 04:00:00+00:00,196.50999999999999,199.53,185,188.63999999999999,38256649,391993,191.27024299999999
2022-06-02 04:00:00+00:00,188.44999999999999,200.935,187.72999999999999,198.86000000000001,33229859,336901,196.03949499999999
2022-06-03 04:00:00+00:00,195.97999999999999,196.61000000000001,189.78,190.78,20779491,238885,191.96321900000001
2022-06-06 04:00:00+00:00,193.99000000000001,196.91999999999999,188.40000000000001,194.25,31349847,307709,193.33310499999999
2022-06-07 04:00:00+00:00,191.93000000000001,196.53,191.49000000000001,195.65000000000001,20059173,204291,194.53255200000001
2022-06-08 04:00:00+00:00,194.66999999999999,202.03,194.41,196.63999999999999,23315274,247921,198.32641699999999
2022-06-09 04:00:00+00:00,194.28,199.44999999999999,183.68000000000001,184,24900680,282459,190.39948899999999
2022-06-10 04:00:00+00:00,183.03999999999999,183.09999999999999,175.02000000000001,175.56999999999999,29292449,365608,177.320313
2022-06-13 04:00:00+00:00,170.59,172.57499999999999,164.03,164.25999999999999,34229237,440309,166.99355399999999
2022-06-14 04:00:00+00:00,166.03,166.75,161.36009999999999,163.72999999999999,29391556,341933,163.78746799999999
2022-06-15 04:00:00+00:00,167.19999999999999,172.16,163.97499999999999,169.34999999999999,32225384,340905,167.650375
2022-06-16 04:00:00+00:00,163.72,165.08000000000001,159.61000000000001,160.87,29397790,343722,161.12460300000001
2022-06-17 04:00:00+00:00,161.68000000000001,165.90000000000001,159.90000000000001,163.74000000000001,38307454,315072,163.187173
2022-06-21 04:00:00+00:00,165.93000000000001,167.75999999999999,155.97,157.05000000000001,53508106,499438,159.89361600000001
2022-06-22 04:00:00+00:00,158.38,160.78999999999999,155.44,155.84999999999999,50164051,442422,158.17957799999999
2022-06-23 04:00:00+00:00,156.27000000000001,159.75,154.25,158.75,42729674,410763,157.341567
2022-06-24 04:00:00+00:00,161.72499999999999,170.25,161.30000000000001,170.16,62290786,399461,168.09385399999999
2022-06-27 04:00:00+00:00,171.18000000000001,171.75,168.00999999999999,169.49000000000001,32068033,271608,169.590112
2022-06-28 04:00:00+00:00,169.90000000000001,171.30000000000001,160.61000000000001,160.68000000000001,30077853,289794,164.667968
2022-06-29 04:00:00+00:00,163.56999999999999,166.33000000000001,160.31999999999999,163.94,30433034,274232,163.504639
2022-06-30 04:00:00+00:00,162.15000000000001,165.22999999999999,158.49000000000001,161.25,37748014,349375,162.22168600000001
2022-07-01 04:00:00+00:00,160.31,160.62,155,160.03,32705510,311352,157.84483499999999
2022-07-05 04:00:00+00:00,158.13999999999999,168.25,157.02000000000001,168.19,30063168,282016,163.955682
2022-07-06 04:00:00+00:00,168.19999999999999,171.59,165.46000000000001,169.77000000000001,24363416,246617,168.70065399999999
2022-07-07 04:00:00+00:00,169.44999999999999,172.72,167.78,172.19,25576516,256782,170.925265
2022-07-08 04:00:00+00:00,169.97999999999999,172.40000000000001,168.15010000000001,170.88,20178836,207097,170.67974000000001
2022-07-11 04:00:00+00:00,167.065,167.49000000000001,161.91,162.88,23644465,251775,163.556601
2022-07-12 04:00:00+00:00,164.80000000000001,165.91069999999999,162.09999999999999,163.27000000000001,18145027,189955,163.84531999999999
2022-07-13 04:00:00+00:00,160.16,164.97999999999999,159.61269999999999,163.49000000000001,17664757,200250,162.959034
2022-07-14 04:00:00+00:00,161.22,162.59,157.2801,158.05000000000001,25327209,260332,158.34165300000001
2022-07-15 04:00:00+00:00,160.53999999999999,164.97999999999999,159.81999999999999,164.69999999999999,25534743,232052,163.293307
2022-07-18 04:00:00+00:00,166.75,171.685,165.63999999999999,167.22999999999999,25433508,235313,168.359352
2022-07-19 04:00:00+00:00,170.37,176.49000000000001,169.50999999999999,175.78,27923632,269595,174.19415799999999
2022-07-20 04:00:00+00:00,177.48500000000001,183.59999999999999,176.69999999999999,183.09,26345737,272778,181.006011
2022-07-21 04:00:00+00:00,180.63,183.84999999999999,178.87,183.16999999999999,28756129,297712,182.14055500000001
2022-07-22 04:00:00+00:00,173.06999999999999,175.59950000000001,168.41,169.27000000000001,44481260,436399,170.94131100000001
2022-07-25 04:00:00+00:00,169,170.56999999999999,164.80500000000001,166.65000000000001,27697681,256155,167.06699399999999
2022-07-26 04:00:00+00:00,165.94,166,157.94999999999999,159.15000000000001,29985705,302871,160.83504500000001
2022-07-27 04:00:00+00:00,162.59,170.87,162.02000000000001,169.58000000000001,46069234,441955,167.686271
2022-07-28 04:00:00+00:00,161.06,161.50999999999999,154.84999999999999,160.72,75332733,724900,158.58477600000001
2022-07-29 04:00:00+00:00,157.69,160.13999999999999,155.16999999999999,159.09999999999999,45068849,433643,157.88600600000001
2022-08-01 04:00:00+00:00,157.25,165.19,155.23009999999999,159.93000000000001,42032414,386949,160.75460200000001
2022-08-02 04:00:00+00:00,158.31,162.24000000000001,158.00999999999999,160.19,28433939,277050,160.08780899999999
2022-08-03 04:00:00+00:00,162.69,169.53999999999999,161.56999999999999,168.80000000000001,33456962,329315,167.44289800000001
2022-08-04 04:00:00+00:00,168.29499999999999,172.15000000000001,166.80000000000001,170.56999999999999,25089033,256438,169.54004699999999
2022-08-05 04:00:00+00:00,166.99000000000001,171.61199999999999,165.80000000000001,167.11000000000001,27015214,261458,167.755011
2022-08-08 04:00:00+00:00,168,177.50999999999999,167.13,170.25,28270097,286642,172.37075200000001
2022-08-09 04:00:00+00:00,168.94999999999999,169.53,166.59999999999999,168.53,19710279,201940,167.84579099999999
2022-08-10 04:00:00+00:00,175.99000000000001,180.47999999999999,173.94999999999999,178.34,32008333,322540,178.01800800000001
2022-08-11 04:00:00+00:00,179.71000000000001,183.09999999999999,176.37,177.49000000000001,25292902,259472,179.16290900000001
2022-08-12 04:00:00+00:00,180.81,181.4572,178.911,180.5,22771114,202816,180.18405000000001
2022-08-15 04:00:00+00:00,178.96000000000001,181.44,178.19999999999999,180.88999999999999,16730577,190437,180.35992899999999
2022-08-16 04:00:00+00:00,179.44,180.99000000000001,177.035,179.47,22152201,237594,179.025476
2022-08-17 04:00:00+00:00,176.75999999999999,178.13999999999999,174.16999999999999,174.84999999999999,21221404,230143,175.632304
2022-08-18 04:00:00+00:00,174.34,175.75999999999999,171.86000000000001,174.66,19820847,202553,174.383196
2022-08-19 04:00:00+00:00,170.19999999999999,172.31999999999999,167.05000000000001,167.96000000000001,28134166,261907,168.62085300000001
2022-08-22 04:00:00+00:00,165.49000000000001,165.49000000000001,162.25999999999999,163.05000000000001,21017167,246952,163.25929500000001
2022-08-23 04:00:00+00:00,162.47999999999999,165.05000000000001,160.69999999999999,161.11000000000001,19190591,195715,162.23646199999999
2022-08-24 04:00:00+00:00,160.59999999999999,165.46000000000001,159.77000000000001,163.25999999999999,22445903,202873,163.21718300000001
2022-08-25 04:00:00+00:00,165.18000000000001,168.88,164.02000000000001,168.78,16641583,178207,167.27764300000001
2022-08-26 04:00:00+00:00,168.47999999999999,170.91999999999999,161.67259999999999,161.78,26353181,254775,164.09859700000001
2022-08-29 04:00:00+00:00,160.655,163.05000000000001,159.00999999999999,159.16999999999999,21383345,215223,160.48987
2022-08-30 04:00:00+00:00,160.35499999999999,161.66,155.91,157.16,20904041,242082,157.69624999999999
2022-08-31 04:00:00+00:00,167.06999999999999,167.84,162.13999999999999,162.93000000000001,43620620,376776,164.57509099999999
2022-09-01 04:00:00+00:00,163.58000000000001,167.35990000000001,160.345,165.36000000000001,31435029,309576,163.70231100000001
2022-09-02 04:00:00+00:00,167.44999999999999,167.93000000000001,159.22,160.31999999999999,24287440,259608,162.70875899999999
2022-09-06 04:00:00+00:00,160.09999999999999,161.69,157.69,158.53999999999999,20499809,222184,159.09471199999999
2022-09-07 04:00:00+00:00,157.75999999999999,160.95500000000001,156.81,160.38999999999999,18181708,188305,159.277568
2022-09-08 04:00:00+00:00,158.71000000000001,162.22999999999999,157.74000000000001,162.06,23632172,211700,160.68903
2022-09-09 04:00:00+00:00,163.24799999999999,169.53999999999999,163.02000000000001,169.15000000000001,23589136,226653,167.85755
2022-09-12 04:00:00+00:00,167.38999999999999,171.38999999999999,167.28,168.96000000000001,25049469,240518,168.90067999999999
2022-09-13 04:00:00+00:00,161.53999999999999,161.63,152.66999999999999,153.13,47184594,514433,155.882293
2022-09-14 04:00:00+00:00,153.33000000000001,153.53999999999999,149.05000000000001,151.47,44882192,445306,150.87459799999999
2022-09-15 04:00:00+00:00,149.80000000000001,154.19839999999999,148.69999999999999,149.55000000000001,36183112,335869,150.72000800000001
2022-09-16 04:00:00+00:00,148.05000000000001,148.58000000000001,144.29349999999999,146.28999999999999,45774595,365057,146.33522099999999
2022-09-19 04:00:00+00:00,145.23500000000001,148.58000000000001,145.09999999999999,148.02000000000001,23371933,211790,146.98946100000001
2022-09-20 04:00:00+00:00,145.77500000000001,148.84,145.22,146.09,24466690,215235,146.88854900000001
2022-09-21 04:00:00+00:00,146.38999999999999,149.59999999999999,142,142.12,39675698,332180,144.973916
2022-09-22 04:00:00+00:00,141.55000000000001,144.58000000000001,140.87,142.81999999999999,35878533,319522,142.786283
2022-09-23 04:00:00+00:00,141.41999999999999,142.62,138.88999999999999,140.41,33536503,319008,140.267729
2022-09-26 04:00:00+00:00,140.12,142.24000000000001,136.19,136.37,33531887,302994,138.14794900000001
2022-09-27 04:00:00+00:00,137.91999999999999,139.41999999999999,134.12010000000001,134.40000000000001,32562651,302935,135.92116300000001
2022-09-28 04:00:00+00:00,134.62,142.03,134.27000000000001,141.61000000000001,35141470,289796,139.42788300000001
2022-09-29 04:00:00+00:00,139.36000000000001,139.84,135.19999999999999,136.41,40836494,304761,136.922763
2022-09-30 04:00:00+00:00,136.05000000000001,140.99000000000001,135.5,135.68000000000001,35639365,281028,137.64598899999999
2022-10-03 04:00:00+00:00,137.13999999999999,139.62,136.09999999999999,138.61000000000001,29959084,261456,138.07172499999999
2022-10-04 04:00:00+00:00,140.49000000000001,142.39009999999999,139.34,140.28,36765548,298429,140.63780800000001
2022-10-05 04:00:00+00:00,138.24000000000001,140.21000000000001,134.78,138.97999999999999,29283604,270884,137.480941
2022-10-06 04:00:00+00:00,137.715,141.44999999999999,136.59999999999999,139.06999999999999,37566809,281298,139.37977699999999
2022-10-07 04:00:00+00:00,136.75999999999999,138.28999999999999,132.44,133.44999999999999,35739606,304286,134.29451800000001
2022-10-10 04:00:00+00:00,133.55000000000001,136.11000000000001,131.87,133.78999999999999,25487359,235884,133.802357
2022-10-11 04:00:00+00:00,131.62,132.66,126.98999999999999,128.53999999999999,40178406,358252,129.13593
2022-10-12 04:00:00+00:00,128.31999999999999,129.66999999999999,126.25,127.5,36348669,282887,127.63778600000001
2022-10-13 04:00:00+00:00,123.53,131.13999999999999,122.5301,130.28999999999999,36516282,329068,128.00033999999999
2022-10-14 04:00:00+00:00,131,131.78999999999999,126.52,126.76000000000001,25979219,222403,127.951894
2022-10-17 04:00:00+00:00,130.30000000000001,134.78999999999999,130.18000000000001,134.03999999999999,33098642,273870,133.158096
2022-10-18 04:00:00+00:00,137.08500000000001,137.8399,131.40000000000001,132.80000000000001,26503162,246948,133.71643
2022-10-19 04:00:00+00:00,132.88999999999999,137,132.22,133.22999999999999,31891741,265355,133.952675
2022-10-20 04:00:00+00:00,132.93000000000001,136.77000000000001,131.31,131.53,27781896,269034,133.50820400000001
2022-10-21 04:00:00+00:00,126.31,130.12,125.44,130.00999999999999,49436407,388133,128.28319300000001
2022-10-24 04:00:00+00:00,127.25,133.47999999999999,124.56999999999999,129.72,65337873,550885,129.45969099999999
2022-10-25 04:00:00+00:00,130.875,138.34999999999999,130.59,137.50999999999999,40283074,325939,135.72916699999999
2022-10-26 04:00:00+00:00,131.68000000000001,135.55000000000001,128.53,129.81999999999999,92300241,867984,131.19286099999999
2022-10-27 04:00:00+00:00,97.974999999999994,102.5,96.379999999999995,97.939999999999998,237641497,1849375,99.514716000000007
2022-10-28 04:00:00+00:00,99.579999999999998,100.84999999999999,97.510000000000005,99.200000000000003,98560017,757342,99.306787
2022-10-31 04:00:00+00:00,98.219999999999999,99.319999999999993,92.599999999999994,93.159999999999997,124940136,951648,94.183132000000001
2022-11-01 04:00:00+00:00,94.329999999999998,97.489999999999995,93.549999999999997,95.200000000000003,112332768,735799,95.487954000000002
2022-11-02 04:00:00+00:00,94.204999999999998,95.200000000000003,90.480000000000004,90.540000000000006,74510287,587101,92.845877000000002
2022-11-03 04:00:00+00:00,90.079999999999998,90.457599999999999,88.409999999999997,88.909999999999997,63061998,503018,89.347832999999994
2022-11-04 04:00:00+00:00,90.349999999999994,91.390000000000001,88.090000000000003,90.790000000000006,58471302,436248,89.742806000000002
2022-11-07 05:00:00+00:00,94.780000000000001,96.879999999999995,93.099999999999994,96.719999999999999,84787160,596423,95.525346999999996
2022-11-08 05:00:00+00:00,95.920000000000002,97.799999999999997,94.790000000000006,96.469999999999999,54560616,422587,96.191112000000004
2022-11-09 05:00:00+00:00,101.72,104.90000000000001,100.73999999999999,101.47,111139314,843386,102.79307900000001
2022-11-10 05:00:00+00:00,107.12,112.75,104.61,111.87,84816494,678833,109.63127799999999
2022-11-11 05:00:00+00:00,109.23,114.90000000000001,108.81,113.02,62009580,495405,112.697518
2022-11-14 05:00:00+00:00,110.98999999999999,116.27,110.8,114.22,56070698,385313,114.34278
2022-11-15 05:00:00+00:00,116.06999999999999,118.73999999999999,114.41160000000001,117.08,53834282,421763,117.007278
2022-11-16 05:00:00+00:00,114.5,116.075,112.66,113.23,34983430,274747,113.60742500000001
2022-11-17 05:00:00+00:00,110.41,112.33,109.8,111.45,38074885,284099,111.242182
2022-11-18 05:00:00+00:00,113.8,114.31999999999999,110.62,112.05,36524924,259144,112.28086500000001
2022-11-21 05:00:00+00:00,111.52,112.3699,109.19,109.86,26180072,226751,110.236574
2022-11-22 05:00:00+00:00,109.86,111.62,108.3216,111.44,30788270,236545,110.417378
2022-11-23 05:00:00+00:00,111.72,112.67,110.73,112.23999999999999,22655255,196120,111.973445
2022-11-25 05:00:00+00:00,111.3,112.73,111.02,111.41,12710036,115716,111.48590299999999
2022-11-28 05:00:00+00:00,110.78,112.04000000000001,108.38,108.78,25320606,227172,109.444875
2022-11-29 05:00:00+00:00,109.54000000000001,110.94,108.5437,109.45999999999999,25396133,223340,109.630111
2022-11-30 05:00:00+00:00,109.505,118.16,109.38,118.09999999999999,47844790,374673,114.87785599999999
2022-12-01 05:00:00+00:00,119.19799999999999,121.2,118.40000000000001,120.44,38788226,334507,120.03964499999999
2022-12-02 05:00:00+00:00,117.83,124.04000000000001,117.61,123.48999999999999,41989336,358162,122.077422
2022-12-05 05:00:00+00:00,121.75,124.67,121.34999999999999,122.43000000000001,37154075,298478,122.69252899999999
2022-12-06 05:00:00+00:00,119.91,120.55,113.73999999999999,114.12,45921145,396029,115.415812
2022-12-07 05:00:00+00:00,113.76000000000001,115.88,112.88,113.93000000000001,32687787,258997,113.985602
2022-12-08 05:00:00+00:00,116.39,117.34,114.59,115.33,32628340,251560,115.61761199999999
2022-12-09 05:00:00+00:00,115.3,117.54000000000001,113.87,115.90000000000001,27651653,225516,116.115842
2022-12-12 05:00:00+00:00,115.18000000000001,115.72,113.14,114.70999999999999,27249467,213238,114.33020999999999
2022-12-13 05:00:00+00:00,122.13,123.3,118.64,120.15000000000001,47830561,403941,120.827589
2022-12-14 05:00:00+00:00,119.39,124.14,119.39,121.59,39533389,345859,121.879025
2022-12-15 05:00:00+00:00,118.33,118.625,114.01000000000001,116.15000000000001,37700829,305281,116.01627000000001
2022-12-16 05:00:00+00:00,120.23,123.31,118.8214,119.43000000000001,80074448,394940,120.244579
2022-12-19 05:00:00+00:00,116.83,117.8,114.331,114.48,32522013,265823,115.50178
2022-12-20 05:00:00+00:00,113.26000000000001,117.33,112.45999999999999,117.09,30534029,267694,115.828895
2022-12-21 05:00:00+00:00,116.7,120.34,115.62,119.76000000000001,21972487,213047,119.161834
2022-12-22 05:00:00+00:00,117.2,118.62,114.38,117.12,25509757,226016,116.391361
2022-12-23 05:00:00+00:00,116.03,118.175,115.535,118.04000000000001,18862284,202105,117.324127
2022-12-27 05:00:00+00:00,117.93000000000001,118.59999999999999,116.0501,116.88,23207446,215818,117.26931399999999
2022-12-28 05:00:00+00:00,116.25,118.15000000000001,115.51000000000001,115.62,21168173,199778,116.43932
2022-12-29 05:00:00+00:00,116.40000000000001,121.03,115.77,120.26000000000001,23870654,230686,119.638143
2022-12-30 05:00:00+00:00,118.16,120.42,117.73999999999999,120.34,21704976,205965,119.281762
2023-01-03 05:00:00+00:00,122.81999999999999,126.37,122.28,124.73999999999999,37410812,333903,124.26043900000001
2023-01-04 05:00:00+00:00,127.38,129.0498,125.84999999999999,127.37,34266523,301931,127.413573
2023-01-05 05:00:00+00:00,126.125,128.52000000000001,124.54000000000001,126.94,27319373,255492,126.604842
2023-01-06 05:00:00+00:00,128.97,130.33000000000001,126.04000000000001,130.02000000000001,29943202,266705,129.06300100000001
2023-01-09 05:00:00+00:00,131.16,132.94999999999999,129.28,129.47,28716578,275767,130.727982
2023-01-10 05:00:00+00:00,127.27,133.44,127.15000000000001,132.99000000000001,31414556,276108,131.766884
2023-01-11 05:00:00+00:00,130.96000000000001,133.8494,130.34,132.88999999999999,27395864,241807,132.49741800000001
2023-01-12 05:00:00+00:00,133.44,137.6781,131.75999999999999,136.71000000000001,32665515,293579,135.54055600000001
2023-01-13 05:00:00+00:00,134.97,137.38999999999999,134.83500000000001,136.97999999999999,23715062,219175,136.434999
2023-01-17 05:00:00+00:00,136.17599999999999,136.75,134.25,135.36000000000001,23281819,219984,135.523809
2023-01-18 05:00:00+00:00,135.81,137.25,132.80000000000001,133.02000000000001,22222410,207613,134.17989900000001
2023-01-19 05:00:00+00:00,132.49000000000001,137.44999999999999,132.13999999999999,136.15000000000001,30285961,239621,135.50589099999999
2023-01-20 05:00:00+00:00,135.88999999999999,139.94,134.61000000000001,139.37,31196483,254757,138.118955
2023-01-23 05:00:00+00:00,139.28999999999999,143.75999999999999,138.66,143.27000000000001,29670749,257226,142.323455
2023-01-24 05:00:00+00:00,141.69,145,141.36000000000001,143.13999999999999,23480247,242490,143.54947799999999
2023-01-25 05:00:00+00:00,141.22,143.16999999999999,140.31,141.5,28222094,240991,141.80661499999999
2023-01-26 05:00:00+00:00,144.40000000000001,147.50999999999999,143.30000000000001,147.30000000000001,27434397,266228,145.920918
2023-01-27 05:00:00+00:00,148.23699999999999,153.19,147.38999999999999,151.74000000000001,37678108,372467,150.93213499999999
2023-01-30 05:00:00+00:00,149.405,151.1233,146.94999999999999,147.06,29734518,290554,148.25999899999999
2023-01-31 05:00:00+00:00,147.94999999999999,149.88,147.52000000000001,148.97,32712207,277704,148.516526
2023-02-01 05:00:00+00:00,148.03,153.58000000000001,147.06,153.12,57840358,582467,150.65673899999999
2023-02-02 05:00:00+00:00,183.38,197.16,180.16,188.77000000000001,154679403,1363518,188.470044
2023-02-03 05:00:00+00:00,183.465,196.77000000000001,182.88999999999999,186.53,79576538,730090,190.479725
2023-02-06 05:00:00+00:00,186.53,190.69999999999999,185.51560000000001,186.06,44709418,401073,187.59673900000001
2023-02-07 05:00:00+00:00,185.57499999999999,193.7799,184.40000000000001,191.62,49929129,418652,189.60282699999999
2023-02-08 05:00:00+00:00,190,190.83000000000001,182.91999999999999,183.43000000000001,38724009,370855,185.44506000000001
2023-02-09 05:00:00+00:00,186.13,186.65000000000001,177.27000000000001,177.91999999999999,38799953,374962,180.90266399999999
2023-02-10 05:00:00+00:00,176.35339999999999,178.88999999999999,173.34999999999999,174.15000000000001,35297643,332297,175.519115
2023-02-13 05:00:00+00:00,178.215,181,175.81999999999999,179.43000000000001,34143638,300172,179.151917
2023-02-14 05:00:00+00:00,177.16,181.50640000000001,175.88,179.47999999999999,26423869,243817,179.42647700000001
2023-02-15 05:00:00+00:00,176.41499999999999,178.19,175.33000000000001,177.16,26906208,267647,176.61826600000001
2023-02-16 05:00:00+00:00,172.75,175.84999999999999,171.78999999999999,172.44,27799591,296823,173.74114800000001
2023-02-17 05:00:00+00:00,170.22,173.18000000000001,169.69999999999999,172.88,26368583,242950,171.665637
2023-02-21 05:00:00+00:00,174.31,178.16999999999999,171.88,172.08000000000001,36507596,333939,173.869786
2023-02-22 05:00:00+00:00,171.06999999999999,172.755,169.69,171.12,24044524,220311,171.287621
2023-02-23 05:00:00+00:00,172,173.69,169.38,172.03999999999999,21655181,211274,171.78382300000001
2023-02-24 05:00:00+00:00,168.63999999999999,170.72,167.66,170.38999999999999,21404393,219182,169.440675
2023-02-27 05:00:00+00:00,171.875,173.12,169.06,169.53999999999999,21336107,208267,170.27839499999999
2023-02-28 05:00:00+00:00,171.90000000000001,177.55000000000001,171.87,174.94,50311079,405132,175.26769400000001
2023-03-01 05:00:00+00:00,174.59,177.84999999999999,173.05000000000001,173.41999999999999,31189475,304333,175.646276
2023-03-02 05:00:00+00:00,172.38,175.00999999999999,171.43000000000001,174.53,18635265,192220,173.41172399999999
2023-03-03 05:00:00+00:00,178.91999999999999,186.62,177.05000000000001,185.25,48172575,423340,183.53623200000001
2023-03-06 05:00:00+00:00,188,189.66,184.63999999999999,184.90000000000001,34658836,313790,187.072101
2023-03-07 05:00:00+00:00,189,190.36000000000001,184.00999999999999,184.50999999999999,38715280,358007,186.271491
2023-03-08 05:00:00+00:00,182.87,185.25999999999999,181.34,184.97,20461448,217710,183.49297300000001
2023-03-09 05:00:00+00:00,186.34999999999999,188.93000000000001,180.30000000000001,181.69,28626904,274794,184.042643
2023-03-10 05:00:00+00:00,181.00999999999999,184.77000000000001,178.80000000000001,179.50999999999999,27042322,281925,181.22775999999999
2023-03-13 04:00:00+00:00,177.96000000000001,183.78,174.81999999999999,180.90000000000001,26374933,300959,180.83122
2023-03-14 04:00:00+00:00,187.58000000000001,194.31999999999999,186.56,194.02000000000001,44033961,444590,191.731098
2023-03-15 04:00:00+00:00,192.94999999999999,197.78,190.83510000000001,197.75,44194137,441149,194.53377699999999
2023-03-16 04:00:00+00:00,198.25999999999999,205.75999999999999,196.08860000000001,204.93000000000001,53608605,503319,200.76642899999999
2023-03-17 04:00:00+00:00,200.56,201.90000000000001,195.43039999999999,195.61000000000001,62459635,416472,197.43041400000001
2023-03-20 04:00:00+00:00,198.47999999999999,199.36000000000001,193.63999999999999,197.81,25422382,280105,196.67244700000001
2023-03-21 04:00:00+00:00,203.19999999999999,203.55000000000001,197.94999999999999,202.16,33451458,335802,200.83791299999999
2023-03-22 04:00:00+00:00,202.5,207.37,199.66999999999999,199.81,29719192,295937,203.372927
2023-03-23 04:00:00+00:00,202.84,207.88,202.15000000000001,204.28,27558564,302619,205.26085599999999
2023-03-24 04:00:00+00:00,205.18000000000001,207.58000000000001,203.55000000000001,206.00999999999999,29378250,296669,205.50918999999999
2023-03-27 04:00:00+00:00,204.81,205.86000000000001,201.36000000000001,202.84,20161889,231618,203.27916500000001
2023-03-28 04:00:00+00:00,200.15000000000001,201.03,197.90000000000001,200.68000000000001,20190973,220762,199.61475200000001
2023-03-29 04:00:00+00:00,203.56,205.72,202.53550000000001,205.34999999999999,20444619,205247,204.53445500000001
2023-03-30 04:00:00+00:00,203.38,208.09,202.81999999999999,207.84,23580628,258404,206.67661200000001
2023-03-31 04:00:00+00:00,207.24000000000001,212.16999999999999,206.77000000000001,211.94,25607425,278557,210.259953
2023-04-03 04:00:00+00:00,208.84,213.48609999999999,208.19999999999999,213.06999999999999,19279424,223357,211.26031399999999
2023-04-04 04:00:00+00:00,213.38999999999999,216.24000000000001,212.53999999999999,214.72,23260234,240305,214.27129400000001
2023-04-05 04:00:00+00:00,214.15000000000001,215.19,209.94,211.47999999999999,21073564,238381,211.90574599999999
2023-04-06 04:00:00+00:00,209.25,216.94,208.65000000000001,216.09999999999999,27745757,289178,214.15128300000001
2023-04-10 04:00:00+00:00,214.71000000000001,215.66,210.66,214.75,17068527,210351,213.40469100000001
2023-04-11 04:00:00+00:00,215.47999999999999,216.02000000000001,213.41,213.84999999999999,16907922,202173,214.76862
2023-04-12 04:00:00+00:00,214.83500000000001,216.84,212.584,214,19164554,223609,214.89092500000001
2023-04-13 04:00:00+00:00,215.72999999999999,221.15000000000001,215.69,220.34999999999999,23460010,261110,219.19573099999999
2023-04-14 04:00:00+00:00,217.88,222.11000000000001,217.55000000000001,221.49000000000001,22913978,244578,220.24932799999999
2023-04-17 04:00:00+00:00,219.78999999999999,220.97900000000001,217.13,218.86000000000001,15636125,207209,219.03559300000001
2023-04-18 04:00:00+00:00,219.91,220.44,216.21000000000001,217.88999999999999,13371822,179976,217.97980799999999
2023-04-19 04:00:00+00:00,213.47200000000001,217.33000000000001,212.93000000000001,215.69999999999999,16831139,211083,215.52853200000001
2023-04-20 04:00:00+00:00,213.47999999999999,216.75,212.77000000000001,213.06999999999999,18053501,200687,214.28199000000001
2023-04-21 04:00:00+00:00,210.21000000000001,213.41,209.58000000000001,212.88999999999999,18106728,203661,211.88810000000001
2023-04-24 04:00:00+00:00,213.67500000000001,213.91999999999999,210.71000000000001,212.78999999999999,15899274,168366,212.499909
2023-04-25 04:00:00+00:00,210.815,211.25999999999999,207.13,207.55000000000001,21152247,226885,208.78560999999999
2023-04-26 04:00:00+00:00,212.5,214.11000000000001,208.88,209.40000000000001,42951151,509869,210.94885199999999
2023-04-27 04:00:00+00:00,239.88999999999999,241.685,236.77000000000001,238.56,74323864,856609,239.49676500000001
2023-04-28 04:00:00+00:00,239.00999999999999,240.43000000000001,235.75,240.31999999999999,40032108,450444,238.467848
2023-05-01 04:00:00+00:00,238.61500000000001,244,236.46000000000001,243.18000000000001,30757502,314427,240.52187499999999
2023-05-02 04:00:00+00:00,243.18000000000001,244.91999999999999,238.99000000000001,239.24000000000001,26129118,266264,240.748245
2023-05-03 04:00:00+00:00,239.47,241.75,232.75,237.03,35776528,380622,237.92603800000001
2023-05-04 04:00:00+00:00,236.06,238.19999999999999,232.9264,233.52000000000001,19088480,234870,235.50634400000001
2023-05-05 04:00:00+00:00,232.24000000000001,234.68000000000001,229.84999999999999,232.78,27234428,312520,231.89215999999999
2023-05-08 04:00:00+00:00,231.41499999999999,235.62,230.27000000000001,233.27000000000001,17259720,200707,232.89446899999999
2023-05-09 04:00:00+00:00,231.46000000000001,235.88,231.08000000000001,233.37,18084062,192451,233.73897099999999
2023-05-10 04:00:00+00:00,236.16999999999999,236.75,230.72,233.08000000000001,19119007,228573,233.51003499999999
2023-05-11 04:00:00+00:00,233.05000000000001,238.21000000000001,232.30000000000001,235.78999999999999,20615373,227956,236.514892
2023-05-12 04:00:00+00:00,236.74000000000001,236.9599,231.44999999999999,233.81,17574784,211393,233.849321
2023-05-15 04:00:00+00:00,236.91999999999999,240.255,235.33000000000001,238.86000000000001,21702609,246664,238.31958499999999
2023-05-16 04:00:00+00:00,235.78999999999999,239.63499999999999,235.52000000000001,238.81999999999999,19130835,221866,238.08224899999999
2023-05-17 04:00:00+00:00,238.44999999999999,243.84229999999999,238.13999999999999,242.48500000000001,22725118,249595,241.645522
2023-05-18 04:00:00+00:00,241.30000000000001,247.0881,241.19,246.84999999999999,24549922,279545,244.30770000000001
2023-05-19 04:00:00+00:00,247.47,248.69,243.41,245.63999999999999,22155369,261752,245.505585
2023-05-22 04:00:00+00:00,245.41,253.56999999999999,245.12,248.31999999999999,29571316,321437,250.03743
2023-05-23 04:00:00+00:00,246.81,251.61000000000001,246.65000000000001,246.74000000000001,19084989,233826,248.466959
2023-05-24 04:00:00+00:00,245.28,249.58920000000001,244.952,249.21000000000001,17893043,215119,247.383072
2023-05-25 04:00:00+00:00,253.40000000000001,255.62,249.16999999999999,252.69,22711494,280070,252.93346500000001
2023-05-26 04:00:00+00:00,252.93000000000001,262.3107,252.71000000000001,262.04000000000002,28161287,322425,259.44620099999997
2023-05-30 04:00:00+00:00,265.25,268.64999999999998,261.29000000000002,262.51999999999998,26135087,336175,264.37279799999999
2023-05-31 04:00:00+00:00,260,265,258.44999999999999,264.72000000000003,25737870,258028,263.19922300000002
2023-06-01 04:00:00+00:00,265.89999999999998,274,265.88999999999999,272.61000000000001,27177616,340904,271.04668800000002
2023-06-02 04:00:00+00:00,272.66000000000003,275.35000000000002,271.12,272.61000000000001,24883503,353476,273.18173300000001
2023-06-05 04:00:00+00:00,270.30000000000001,275.56999999999999,269.56,271.38999999999999,20746149,277498,272.57196199999998
2023-06-06 04:00:00+00:00,270.13999999999999,276.56999999999999,269.69,271.12,19419094,263836,273.49975899999998
2023-06-07 04:00:00+00:00,271.67000000000002,274.25,262.80000000000001,263.60000000000002,29968173,331926,266.97757000000001
2023-06-08 04:00:00+00:00,260.62,267.64999999999998,258.88,264.57999999999998,20903992,265071,264.34345000000002
2023-06-09 04:00:00+00:00,262.48000000000002,267.94900000000001,261.69999999999999,264.94999999999999,16947409,239871,265.09194100000002
2023-06-12 04:00:00+00:00,267.17000000000002,271.75,265.32999999999998,271.05000000000001,15476101,215174,269.30958500000003
2023-06-13 04:00:00+00:00,274.88,275.72000000000003,269.09230000000002,271.31999999999999,16163523,237418,271.96793600000001
2023-06-14 04:00:00+00:00,271.88999999999999,274.99000000000001,268.315,273.35000000000002,19170634,242400,272.55438500000002
2023-06-15 04:00:00+00:00,272.30000000000001,283.99000000000001,271.42000000000002,281.82999999999998,25971216,329421,279.57512200000002
2023-06-16 04:00:00+00:00,284.75,287.85000000000002,280.13,281,43111162,372181,283.01643899999999
2023-06-20 04:00:00+00:00,278.73000000000002,284.80000000000001,276.22000000000003,284.32999999999998,20702188,256104,281.85982200000001
2023-06-21 04:00:00+00:00,283.52999999999997,284,278.36000000000001,281.63999999999999,20555238,232866,281.17114199999997
2023-06-22 04:00:00+00:00,279.07999999999998,285.25999999999999,277.79000000000002,284.88,17569181,225390,281.76487400000002
2023-06-23 04:00:00+00:00,281.50999999999999,289.67000000000002,278.94999999999999,288.73000000000002,51606949,344837,286.94029599999999
2023-06-26 04:00:00+00:00,288.69999999999999,289.79000000000002,277.60000000000002,278.47000000000003,24236310,321525,282.52505500000001
2023-06-27 04:00:00+00:00,282.00999999999999,289.34500000000003,280.65499999999997,287.05000000000001,26118345,327467,285.53500000000003
2023-06-28 04:00:00+00:00,284.81999999999999,289.55000000000001,284.06,285.29000000000002,16725692,248701,286.15995199999998
2023-06-29 04:00:00+00:00,284.5,286.56999999999999,280.69,281.52999999999997,15395701,216275,282.82557000000003
2023-06-30 04:00:00+00:00,284.75999999999999,289.05000000000001,284.41500000000002,286.98000000000002,19227968,255407,287.162307
2023-07-03 04:00:00+00:00,286.69999999999999,289.38999999999999,284.84989999999999,286.01999999999998,8594399,137979,286.64357799999999
2023-07-05 04:00:00+00:00,287.64999999999998,298.12,286.36000000000001,294.37,33891760,423330,294.748335
2023-07-06 04:00:00+00:00,295.88499999999999,298.12,291.31,291.99000000000001,47747288,542495,294.35424799999998
2023-07-07 04:00:00+00:00,292.18000000000001,296.19999999999999,288.66000000000003,290.52999999999997,25585976,349870,291.98742499999997
2023-07-10 04:00:00+00:00,295.55000000000001,298.13,287.05000000000001,294.10000000000002,37115642,420664,292.53003999999999
2023-07-11 04:00:00+00:00,293.89999999999998,300.18000000000001,291.89999999999998,298.29000000000002,28141469,339276,296.72104999999999
2023-07-12 04:00:00+00:00,301.745,309.44999999999999,300.10039999999998,309.33999999999997,36684365,456218,306.505157
2023-07-13 04:00:00+00:00,313.62,316.24000000000001,310.2901,313.41000000000003,30286092,401779,313.65734700000002
2023-07-14 04:00:00+00:00,311.79000000000002,314.88,307.3612,308.87,23054429,328632,311.437005
2023-07-17 04:00:00+00:00,307.54000000000002,311.70999999999998,304.70999999999998,310.62,25324626,336265,308.15712000000002
2023-07-18 04:00:00+00:00,310.875,314.19999999999999,307.61880000000002,312.05000000000001,20766944,292746,310.951821
2023-07-19 04:00:00+00:00,313.02999999999997,318.68000000000001,310.51999999999998,316.00999999999999,21775436,327691,315.178224
2023-07-20 04:00:00+00:00,313.5,315.54000000000002,302.22000000000003,302.51999999999998,23853300,373761,306.818107
2023-07-21 04:00:00+00:00,304.56999999999999,305.45999999999998,291.19999999999999,294.25999999999999,42348490,470646,296.055634
2023-07-24 04:00:00+00:00,295.77999999999997,297.51999999999998,288.30009999999999,291.61000000000001,24950325,334918,291.949952
2023-07-25 04:00:00+00:00,295.19,298.30000000000001,291.86000000000001,294.47000000000003,19609665,270104,294.57273700000002
2023-07-26 04:00:00+00:00,301.19,301.76999999999998,291.89999999999998,298.56999999999999,47613320,676820,297.89578899999998
2023-07-27 04:00:00+00:00,325.12,325.35000000000002,309.83999999999997,311.70999999999998,64258756,815035,318.08277199999998
2023-07-28 04:00:00+00:00,316.875,326.19999999999999,314.24810000000002,325.48000000000002,39220272,489889,322.84324099999998
2023-07-31 04:00:00+00:00,323.69,325.65989999999999,317.58999999999997,318.60000000000002,27124314,355642,321.02122700000001
2023-08-01 04:00:00+00:00,317.53500000000003,324.13999999999999,314.66000000000003,322.70999999999998,22904120,318091,320.93525699999998
2023-08-02 04:00:00+00:00,318,318.38999999999999,310.64999999999998,314.31,20463950,316494,314.51375200000001
2023-08-03 04:00:00+00:00,309.93000000000001,315.94990000000001,309.93000000000001,313.19,15220144,230993,313.81249500000001
2023-08-04 04:00:00+00:00,314.95999999999998,318.41000000000003,310.19999999999999,310.73000000000002,17612764,245098,313.52121899999997
2023-08-07 04:00:00+00:00,313.23000000000002,317.06999999999999,310.45999999999998,316.56,16239098,230424,314.21909099999999
2023-08-08 04:00:00+00:00,314.39999999999998,317.88999999999999,310.11000000000001,312.63999999999999,15185665,233125,312.87416899999999
2023-08-09 04:00:00+00:00,312.88,313.63,302.85000000000002,305.20999999999998,19960488,283562,306.92727300000001
2023-08-10 04:00:00+00:00,307.94,312.339,303.87,305.74000000000001,14359220,211349,307.93511799999999
2023-08-11 04:00:00+00:00,302.56999999999999,304.72000000000003,300.36000000000001,301.63999999999999,14046252,222404,302.12894999999997
2023-08-14 04:00:00+00:00,300.98000000000002,306.20999999999998,298.25,306.19,15646226,206215,302.92707200000001
2023-08-15 04:00:00+00:00,306.13999999999999,307.23000000000002,300.02999999999997,301.94999999999999,11625751,171706,302.75259599999998
2023-08-16 04:00:00+00:00,300.19499999999999,301.07999999999998,294.27999999999997,294.29000000000002,18554020,261595,297.42119100000002
2023-08-17 04:00:00+00:00,293.05000000000001,296.05000000000001,284.94999999999999,285.08999999999997,23957506,312014,289.75681700000001
2023-08-18 04:00:00+00:00,279.02999999999997,285.69,274.38,283.25,35347926,408829,279.626936
2023-08-21 04:00:00+00:00,283.44999999999999,290.5,281.85000000000002,289.89999999999998,20185392,240218,287.81450799999999
2023-08-22 04:00:00+00:00,292.55000000000001,292.89999999999998,286.75,287.60000000000002,13003814,199508,289.35392200000001
2023-08-23 04:00:00+00:00,288.5,297.39999999999998,287.67000000000002,294.24000000000001,18308987,247620,294.44232699999998
2023-08-24 04:00:00+00:00,298.5,299.45999999999998,286.63999999999999,286.75,18363950,250729,290.92786599999999
2023-08-25 04:00:00+00:00,286.13,288.38600000000002,276.02999999999997,285.5,23701445,326260,282.33967799999999
2023-08-28 04:00:00+00:00,288,291.44999999999999,285.80000000000001,290.25999999999999,14240315,196319,288.89623699999999
2023-08-29 04:00:00+00:00,288.58499999999998,299.14999999999998,288.18000000000001,297.99000000000001,20847150,292843,294.94789100000003
2023-08-30 04:00:00+00:00,297.17000000000002,298.29000000000002,293.43000000000001,295.10000000000002,17719051,239418,295.80671000000001
2023-08-31 04:00:00+00:00,295.80000000000001,301.10000000000002,295.66000000000003,295.88999999999999,17230293,211274,298.06926900000002
2023-09-01 04:00:00+00:00,299.37,301.74000000000001,294.47000000000003,296.38,12842259,177580,296.76254999999998
2023-09-05 04:00:00+00:00,297.01999999999998,301.38999999999999,295.50999999999999,300.14999999999998,14957632,194128,299.46966700000002
2023-09-06 04:00:00+00:00,301.70999999999998,303.30000000000001,295.66000000000003,299.17000000000002,15419327,217280,298.81307199999998
2023-09-07 04:00:00+00:00,298,307.04989999999998,292.22000000000003,298.67000000000002,33750843,391109,299.70793800000001
2023-09-08 04:00:00+00:00,299.22000000000003,305.25,296.77999999999997,297.88999999999999,17572205,210420,300.50998099999998
2023-09-11 04:00:00+00:00,301.41000000000003,309.04000000000002,301.27999999999997,307.56,19494010,261618,305.62644
2023-09-12 04:00:00+00:00,306.32999999999998,308.65989999999999,300.23000000000002,301.66000000000003,13740654,204359,302.94296000000003
2023-09-13 04:00:00+00:00,302.36000000000001,307.18000000000001,301.32060000000001,305.06,13213308,182526,304.900149
2023-09-14 04:00:00+00:00,306.74000000000001,312.87,305.02999999999997,311.72000000000003,19344375,236255,310.045637
2023-09-15 04:00:00+00:00,311.61000000000001,312,298.75,300.31,28131141,308109,303.60575299999999
2023-09-18 04:00:00+00:00,298.19,303.60000000000002,297.80000000000001,302.55000000000001,14236316,177499,301.65291999999999
2023-09-19 04:00:00+00:00,302.48000000000002,306.17000000000002,299.81,305.06999999999999,15932580,214709,303.38004999999998
2023-09-20 04:00:00+00:00,305.05000000000001,308.06,299.43000000000001,299.67000000000002,19382247,203808,303.43360799999999
2023-09-21 04:00:00+00:00,295.69999999999999,300.25659999999999,293.26999999999998,295.73000000000002,21323668,277434,296.618404
2023-09-22 04:00:00+00:00,299.30000000000001,305.38,298.26999999999998,299.07999999999998,25369592,291200,301.71837499999998
2023-09-25 04:00:00+00:00,295.63999999999999,300.94999999999999,293.69999999999999,300.82999999999998,18990339,223085,298.43358899999998
2023-09-26 04:00:00+00:00,297.66000000000003,300.29989999999998,296.01010000000002,298.95999999999998,19428697,252292,298.44849199999999
2023-09-27 04:00:00+00:00,300.44999999999999,301.29969999999997,286.79000000000002,297.74000000000001,36439188,442141,296.02324299999998
2023-09-28 04:00:00+00:00,298.935,306.32990000000001,296.69999999999999,303.95999999999998,22280819,275739,302.94430999999997
2023-09-29 04:00:00+00:00,307.38,310.63999999999999,299.36000000000001,300.20999999999998,25373696,291280,303.843323
2023-10-02 04:00:00+00:00,302.74000000000001,307.18000000000001,301.63,306.81999999999999,16268037,226409,305.008216
2023-10-03 04:00:00+00:00,304.25999999999999,306.76999999999998,299.63999999999999,300.94,17366753,253138,301.63227799999999
2023-10-04 04:00:00+00:00,298.72500000000002,306.89999999999998,298.5,305.57999999999998,16881128,229656,303.69435900000002
2023-10-05 04:00:00+00:00,304.625,306.20800000000003,299.5,304.79000000000002,19132984,256822,302.49553300000002
2023-10-06 04:00:00+00:00,301.44,316.31,300.91480000000001,315.43000000000001,21803857,302134,310.36101300000001
2023-10-09 04:00:00+00:00,312.5,320.32999999999998,311.81999999999999,318.36000000000001,22511160,305645,317.58083699999997
2023-10-10 04:00:00+00:00,319.12,324.66000000000003,318.16000000000003,321.83999999999997,19045502,262217,321.66486099999997
2023-10-11 04:00:00+00:00,323.005,328.83499999999998,322.94999999999999,327.81999999999999,22039196,279908,326.43498
2023-10-12 04:00:00+00:00,328,330.54000000000002,322.69,324.16000000000003,20544548,287848,326.90223600000002
2023-10-13 04:00:00+00:00,323.52999999999997,325.05020000000002,312.37,314.69,21360792,323807,317.01603399999999
2023-10-16 04:00:00+00:00,318.63999999999999,321.81999999999999,315.51999999999998,321.14999999999998,16538498,222847,319.80757199999999
2023-10-17 04:00:00+00:00,318.18000000000001,324.39999999999998,317.30000000000001,324,16389030,230312,322.250226
2023-10-18 04:00:00+00:00,321.38999999999999,325.94,315.56,316.97000000000003,16855404,235064,319.98406899999998
2023-10-19 04:00:00+00:00,319.875,321.88999999999999,311.75040000000001,312.81,18714204,266120,316.183988
2023-10-20 04:00:00+00:00,314.13999999999999,315.30000000000001,306.47000000000003,308.64999999999998,22312276,262193,310.39496200000002
2023-10-23 04:00:00+00:00,309.5,317.36000000000001,307.25999999999999,314.00999999999999,17803030,256353,313.68263899999999
2023-10-24 04:00:00+00:00,316.77999999999997,318.35000000000002,310.63,312.55000000000001,19536910,270443,314.07682199999999
2023-10-25 04:00:00+00:00,310,310.88,298.83999999999997,299.52999999999997,42559209,588762,302.98268200000001
2023-10-26 04:00:00+00:00,295,295,279.40300000000002,288.35000000000002,66702609,815122,287.29891800000001
2023-10-27 04:00:00+00:00,294.48000000000002,299.31,292.97000000000003,296.73000000000002,29596258,388848,296.312342
2023-10-30 04:00:00+00:00,299.08999999999997,309.39670000000001,299.05000000000001,302.66000000000003,28436347,328801,303.94699100000003
2023-10-31 04:00:00+00:00,303.31,303.68000000000001,296.86000000000001,301.26999999999998,19443331,227266,300.20766300000003
2023-11-01 04:00:00+00:00,301.85000000000002,312.74000000000001,301.85000000000002,311.85000000000002,20439284,283445,308.05573399999997
2023-11-02 04:00:00+00:00,317.30000000000001,318.81999999999999,308.32999999999998,310.87,21636529,286225,310.87622499999998
2023-11-03 04:00:00+00:00,312.55000000000001,315.55000000000001,311.01670000000001,314.60000000000002,16764316,214674,313.57094899999998
2023-11-06 05:00:00+00:00,315.98000000000002,318.32999999999998,314.44999999999999,315.80000000000001,12889557,202216,316.20345600000002
2023-11-07 05:00:00+00:00,317.06,321,315.12,318.81999999999999,14070078,211686,318.99544400000002
2023-11-08 05:00:00+00:00,318.13999999999999,321.32999999999998,314.88,319.77999999999997,13610306,200472,318.296199
2023-11-09 05:00:00+00:00,319.41800000000001,324.17989999999998,318.80000000000001,320.55000000000001,16112488,211031,321.00404300000002
2023-11-10 05:00:00+00:00,319.94,329.10000000000002,319.45999999999998,328.76999999999998,19123333,259534,326.02948700000002
2023-11-13 05:00:00+00:00,326.19999999999999,332.32999999999998,325.69999999999999,329.19,16911118,240344,329.90952399999998
2023-11-14 05:00:00+00:00,334.54000000000002,338.10000000000002,333.32999999999998,336.31,17186733,283587,335.69781899999998
2023-11-15 05:00:00+00:00,337.93000000000001,338.39999999999998,330.01999999999998,332.70999999999998,14532264,244845,333.667351
2023-11-16 05:00:00+00:00,329.37,334.57999999999998,326.38,334.19,18934526,254929,330.86839400000002
2023-11-17 05:00:00+00:00,330.25999999999999,335.5,329.35000000000002,335.04000000000002,14519214,199827,333.57685300000003
2023-11-20 05:00:00+00:00,334.88999999999999,341.87,334.19,339.97000000000003,16978077,253251,339.10890799999999
2023-11-21 05:00:00+00:00,338.32999999999998,339.9015,335.89999999999998,336.98000000000002,12030585,179191,337.84119700000002
2023-11-22 05:00:00+00:00,339.20999999999998,342.92000000000002,338.57999999999998,341.49000000000001,10716280,177706,341.31128799999999
2023-11-24 05:00:00+00:00,340.13,341.85559999999998,336.76999999999998,338.23000000000002,5467489,110117,338.49453
2023-11-27 05:00:00+00:00,336.18000000000001,339.89999999999998,334.19999999999999,334.69999999999999,15687910,221023,336.75965000000002
2023-11-28 05:00:00+00:00,333.39999999999998,339.375,333.39999999999998,338.99000000000001,12638421,191240,336.61454800000001
2023-11-29 05:00:00+00:00,339.69,339.89999999999998,330.77999999999997,332.19999999999999,16025215,241337,333.68928
2023-11-30 05:00:00+00:00,331.88999999999999,333.5,322.40370000000001,327.14999999999998,23147791,276824,326.15294499999999
2023-12-01 05:00:00+00:00,325.48000000000002,326.86000000000001,320.75999999999999,324.81999999999999,15276377,235716,323.62969800000002
2023-12-04 05:00:00+00:00,317.29000000000002,320.86000000000001,313.66000000000003,320.01999999999998,19038111,290759,317.44539700000001
2023-12-05 05:00:00+00:00,318.98000000000002,321.88,315.38999999999999,318.29000000000002,16954525,232688,318.22944899999999
2023-12-06 05:00:00+00:00,321.93000000000001,322.25,317.04000000000002,317.44999999999999,11294967,172231,319.09886599999999
2023-12-07 05:00:00+00:00,317.76999999999998,328.24000000000001,317.76999999999998,326.58999999999997,15909235,227905,325.33077700000001
2023-12-08 05:00:00+00:00,323.08999999999997,333.17000000000002,323,332.75,14087351,186509,330.32341000000002
2023-12-11 05:00:00+00:00,329.39999999999998,329.88999999999999,319.995,325.27999999999997,25806733,348460,323.72407700000002
2023-12-12 05:00:00+00:00,324.60000000000002,334.47000000000003,324.56,334.22000000000003,18490266,245541,331.22800899999999
2023-12-13 05:00:00+00:00,333.93000000000001,338.37,332.63999999999999,334.74000000000001,16353326,240675,335.21364199999999
2023-12-14 05:00:00+00:00,333.85000000000002,334.69999999999999,328.63709999999998,333.17000000000002,19609260,287095,331.98487299999999
2023-12-15 05:00:00+00:00,331.99000000000001,338.66000000000003,331.22000000000003,334.92000000000002,31776852,247520,334.93872099999999
2023-12-18 05:00:00+00:00,337.48000000000002,347.56,337.01999999999998,344.62,18995094,275008,344.141457
2023-12-19 05:00:00+00:00,345.57999999999998,353.60000000000002,345.12,350.36000000000001,17732073,259292,350.628466
2023-12-20 05:00:00+00:00,348.64999999999998,354.95999999999998,347.79000000000002,349.27999999999997,16374378,242312,351.21954399999998
2023-12-21 05:00:00+00:00,352.98000000000002,356.40499999999997,349.20999999999998,354.08999999999997,15291776,213211,352.51938799999999
2023-12-22 05:00:00+00:00,355.57999999999998,357.19990000000001,351.22000000000003,353.38999999999999,11772779,177592,353.88014500000003
2023-12-26 05:00:00+00:00,354.99000000000001,356.98000000000002,353.44999999999999,354.82999999999998,9899365,150715,355.03812399999998
2023-12-27 05:00:00+00:00,356.06999999999999,359,355.31,357.82999999999998,13209491,172361,357.495923
2023-12-28 05:00:00+00:00,359.69999999999999,361.89999999999998,357.81,358.31999999999999,11831037,196566,359.659651
2023-12-29 05:00:00+00:00,358.99000000000001,360,351.81999999999999,353.95999999999998,14987092,215677,354.60339199999999
2024-01-02 05:00:00+00:00,351.31999999999999,353.16000000000003,340.00999999999999,346.29000000000002,19046256,305010,344.71795900000001
2024-01-03 05:00:00+00:00,344.98000000000002,347.94999999999999,343.17500000000001,344.47000000000003,15452870,218294,345.216499
2024-01-04 05:00:00+00:00,344.5,348.1499,343.39870000000002,347.12,12101235,172433,346.41752200000002
2024-01-05 05:00:00+00:00,346.99000000000001,353.5,346.26010000000002,351.94999999999999,13750912,215312,351.14255300000002
2024-01-08 05:00:00+00:00,354.69999999999999,358.98000000000002,352.05000000000001,358.66000000000003,13893482,219874,356.27536099999998
2024-01-09 05:00:00+00:00,356.39999999999998,360.63999999999999,355.36000000000001,357.43000000000001,13464678,196440,358.01643300000001
2024-01-10 05:00:00+00:00,360.17000000000002,372.94,359.07999999999998,370.47000000000003,22121427,346225,369.01440100000002
2024-01-11 05:00:00+00:00,372.13,372.77999999999997,362.93000000000001,369.67000000000002,17207639,274884,367.98914500000001
2024-01-12 05:00:00+00:00,370.15499999999997,377.06,369.54000000000002,374.49000000000001,19310046,244162,374.30080800000002
2024-01-16 05:00:00+00:00,373.64999999999998,375.61000000000001,367.23000000000002,367.45999999999998,15311495,253979,369.53395599999999
2024-01-17 05:00:00+00:00,366.30000000000001,368.54000000000002,358.61000000000001,368.37,12726827,204027,365.33759099999997
2024-01-18 05:00:00+00:00,371.49000000000001,376.85000000000002,370.94999999999999,376.13,16361519,221564,374.79948400000001
2024-01-19 05:00:00+00:00,379,384.36000000000001,377.97000000000003,383.44999999999999,21670806,270983,382.014298
2024-01-22 05:00:00+00:00,387.94999999999999,390.35250000000002,381.1601,381.77999999999997,17682483,265149,384.33161000000001
2024-01-23 05:00:00+00:00,384.61500000000001,388.38,382.07499999999999,385.19999999999999,15509060,227538,385.23626899999999
2024-01-24 05:00:00+00:00,390,396.14999999999998,387.81,390.69999999999999,15607183,265019,392.34659900000003
2024-01-25 05:00:00+00:00,390.17000000000002,395.49000000000001,385.66000000000003,393.18000000000001,15098596,244214,392.69234
2024-01-26 05:00:00+00:00,394.35000000000002,396.79000000000002,391.5908,394.13999999999999,13159290,214391,394.815561
2024-01-29 05:00:00+00:00,394.98500000000001,402.93000000000001,393.10000000000002,401.01999999999998,18742433,278755,399.705308
2024-01-30 05:00:00+00:00,403.58999999999997,406.36000000000001,399.56999999999999,400.06,18614727,302238,402.75866600000001
2024-01-31 05:00:00+00:00,389,398,387.10000000000002,390.13999999999999,20175867,335046,392.83279800000003
2024-02-01 05:00:00+00:00,393.94,400.5,393.05000000000001,394.77999999999997,29727251,498977,396.40456499999999
2024-02-02 05:00:00+00:00,459.60000000000002,485.95999999999998,453.00999999999999,474.99000000000001,84707646,1202622,474.38620400000002
2024-02-05 05:00:00+00:00,469.88,471.89999999999998,459.22000000000003,459.41000000000003,40832376,621255,463.42723699999999
2024-02-06 05:00:00+00:00,464,467.12,453,454.72000000000003,21655214,345659,457.54271899999998
2024-02-07 05:00:00+00:00,458,471.51999999999998,456.1773,469.58999999999997,23065994,348014,467.92914000000002
2024-02-08 05:00:00+00:00,468.31999999999999,470.58999999999997,465.02999999999997,470,18815097,292513,468.47856899999999
2024-02-09 05:00:00+00:00,472.94999999999999,473.58999999999997,467.46499999999997,468.11000000000001,18413137,291819,469.69872800000002
2024-02-12 05:00:00+00:00,468.19,479.14499999999998,466.57999999999998,468.89999999999998,19381963,320857,473.06703599999997
2024-02-13 05:00:00+00:00,456.87,467.88999999999999,455.08999999999997,460.12,20916602,305226,462.03700700000002
2024-02-14 05:00:00+00:00,467.93000000000001,474.11000000000001,466.09010000000001,473.27999999999997,16858401,266637,470.06021900000002
2024-02-15 05:00:00+00:00,475.27999999999997,488.62,472.22000000000003,484.02999999999997,24212326,365753,483.10200300000002
2024-02-16 05:00:00+00:00,478.11000000000001,478.95999999999998,469.20999999999998,473.31999999999999,23549620,364856,473.95565800000003
2024-02-20 05:00:00+00:00,469.71499999999997,476.18000000000001,466.56,471.75,18015523,281914,470.72285799999997
2024-02-21 05:00:00+00:00,466.5,469,461.79000000000002,468.02999999999997,12977050,229873,466.21064999999999
2024-02-22 05:00:00+00:00,480.24000000000001,489.99000000000001,476.06180000000001,486.13,21625805,385784,485.39085399999999
2024-02-23 05:00:00+00:00,488.05000000000001,494.35989999999998,482.34820000000002,484.02999999999997,18374286,299145,487.39777700000002
2024-02-26 05:00:00+00:00,483.47000000000003,486.13999999999999,480.60000000000002,481.74000000000001,12101415,217808,483.01892600000002
2024-02-27 05:00:00+00:00,479.97500000000002,487.26999999999998,479.92000000000002,487.05000000000001,10809595,200534,484.65919300000002
2024-02-28 05:00:00+00:00,485,491.05000000000001,482.75,484.01999999999998,12715486,224438,486.20118400000001
2024-02-29 05:00:00+00:00,488.44,491.69999999999999,482.61000000000001,490.13,17732045,233416,489.04139800000002
2024-03-01 05:00:00+00:00,492.11000000000001,504.25,491.85000000000002,502.30000000000001,15884882,319523,500.482889
2024-03-04 05:00:00+00:00,503,504.42000000000002,496.42000000000002,498.19,12324141,272883,500.20151299999998
2024-03-05 05:00:00+00:00,495,495.57999999999998,487.88999999999999,490.22000000000003,15325299,290950,491.03590300000002
2024-03-06 05:00:00+00:00,497.63,502.97000000000003,494.29199999999997,496.08999999999997,11757925,236857,497.61731600000002
2024-03-07 05:00:00+00:00,503.27999999999997,519.85000000000002,501.38,512.19000000000005,18586437,341225,511.26459499999999
2024-03-08 05:00:00+00:00,514.19000000000005,523.57000000000005,499.35000000000002,505.94999999999999,18597059,344927,510.51171399999998
2024-03-11 04:00:00+00:00,497.00999999999999,497.31799999999998,476,483.58999999999997,20428274,399014,484.60440999999997
2024-03-12 04:00:00+00:00,493.25999999999999,502.31,484.73000000000002,499.75,15448232,297006,496.15841599999999
2024-03-13 04:00:00+00:00,495.38999999999999,500.98000000000002,491.03179999999998,495.56999999999999,12090656,234797,495.661608
2024-03-14 04:00:00+00:00,500.255,501.35000000000002,488.16000000000003,491.82999999999998,12620014,231030,494.219269
2024-03-15 04:00:00+00:00,489.00999999999999,491.82999999999998,481.30009999999999,484.10000000000002,29153576,239989,484.96297800000002
2024-03-18 04:00:00+00:00,491.91000000000003,497.42000000000002,486.81,496.98000000000002,11755251,219263,493.460261
2024-03-19 04:00:00+00:00,488.17000000000002,496.62959999999998,481.27999999999997,496.24000000000001,10903092,197787,491.64910900000001
2024-03-20 04:00:00+00:00,499.5,508.19990000000001,495.17000000000002,505.51999999999998,11711100,198307,501.68916100000001
2024-03-21 04:00:00+00:00,514.71000000000004,515.03999999999996,506.00999999999999,507.75999999999999,9712549,190237,509.10586799999999
2024-03-22 04:00:00+00:00,507,509.97000000000003,504.33999999999997,509.57999999999998,8120593,153406,507.68188600000002
2024-03-25 04:00:00+00:00,505.79000000000002,507.22000000000003,500.24110000000002,503.01999999999998,8380617,168962,504.232259
2024-03-26 04:00:00+00:00,505.13,510,495.21370000000002,495.88999999999999,11205382,199810,502.894654
2024-03-27 04:00:00+00:00,499.30000000000001,499.88999999999999,488.06999999999999,493.86000000000001,9989676,205829,492.60067299999997
2024-03-28 04:00:00+00:00,492.83999999999997,492.88999999999999,485.14999999999998,485.57999999999998,15212764,253621,487.37601000000001
2024-04-01 04:00:00+00:00,487.19999999999999,497.43000000000001,481.77999999999997,491.35000000000002,9247007,196857,491.56522999999999
2024-04-02 04:00:00+00:00,485.10000000000002,497.52999999999997,484.64999999999998,497.37,11081026,211493,492.47720900000002
2024-04-03 04:00:00+00:00,498.93000000000001,507.24000000000001,498.75,506.74000000000001,12099171,230137,504.899068
2024-04-04 04:00:00+00:00,516.41999999999996,530,510.57999999999998,510.92000000000002,26476253,403717,520.75561200000004
2024-04-05 04:00:00+00:00,516.85500000000002,530.70000000000005,514.40989999999999,527.34000000000003,19263265,323041,524.92510900000002
2024-04-08 04:00:00+00:00,529.27999999999997,531.48990000000003,518.88999999999999,519.25,13260579,248703,523.27354800000001
2024-04-09 04:00:00+00:00,522.23000000000002,525.87,506.74000000000001,516.89999999999998,10881145,219227,515.14615900000001
2024-04-10 04:00:00+00:00,509.29000000000002,522.55989999999997,505.80000000000001,519.83000000000004,11418491,233325,517.87779599999999
2024-04-11 04:00:00+00:00,521.11000000000001,523.86000000000001,517.28999999999996,523.15999999999997,10369469,200577,520.98706100000004
2024-04-12 04:00:00+00:00,517.75,520.18989999999997,509.32999999999998,511.89999999999998,11956035,211553,513.449388
2024-04-15 04:00:00+00:00,516.72000000000003,518.52999999999997,497.27999999999997,500.23000000000002,13512893,252684,504.99956200000003
2024-04-16 04:00:00+00:00,498.11000000000001,504.76990000000001,497.11000000000001,499.75999999999999,9847925,197020,501.075266
2024-04-17 04:00:00+00:00,503.10000000000002,503.16000000000003,487.13999999999999,494.17000000000002,12193743,255481,495.09251899999998
2024-04-18 04:00:00+00:00,499.81999999999999,512.21000000000004,499.04000000000002,501.80000000000001,14808670,264231,505.19247200000001
2024-04-19 04:00:00+00:00,502.80000000000001,502.80000000000001,475.73000000000002,481.06999999999999,25651764,402633,485.40138100000001
2024-04-22 04:00:00+00:00,489.71499999999997,492.00999999999999,473.39999999999998,481.73000000000002,17271125,343668,482.09917300000001
2024-04-23 04:00:00+00:00,491.25,498.75999999999999,488.97000000000003,496.10000000000002,15079196,269952,494.44432
2024-04-24 04:00:00+00:00,508.06,510,484.57999999999998,493.5,37772677,760826,494.47787099999999
2024-04-25 04:00:00+00:00,421.39999999999998,445.76999999999998,414.5,441.38,82890741,1379142,433.14981899999998
2024-04-26 04:00:00+00:00,441.45999999999998,446.44,431.95999999999998,443.29000000000002,32691443,565017,440.17486400000001
2024-04-29 04:00:00+00:00,439.56,439.75999999999999,428.56,432.62,21502646,436636,432.77457700000002
2024-04-30 04:00:00+00:00,431.05000000000001,439.61989999999997,429.72000000000003,430.17000000000002,18429496,309926,433.31846899999999
2024-05-01 04:00:00+00:00,428.60000000000002,449.95999999999998,427.11000000000001,439.19,20355322,349545,439.14644199999998
2024-05-02 04:00:00+00:00,438.83999999999997,443.95999999999998,432.27999999999997,441.68000000000001,15221322,261997,439.012473
2024-05-03 04:00:00+00:00,445.93000000000001,454.17000000000002,443.85000000000002,451.95999999999998,16489057,298621,450.40458100000001
2024-05-06 04:00:00+00:00,455.57999999999998,466.16000000000003,453.33999999999997,465.68000000000001,15094627,293476,460.27160099999998
2024-05-07 04:00:00+00:00,466.29000000000002,471.52999999999997,461.31,468.24000000000001,13406816,252770,467.16046599999999
2024-05-08 04:00:00+00:00,463.5,475.57999999999998,463.00200000000001,472.60000000000002,11683929,223028,472.04071599999997
2024-05-09 04:00:00+00:00,470,476.07999999999998,467.63,475.42000000000002,9437651,202470,473.68998399999998
2024-05-10 04:00:00+00:00,477.08999999999997,477.5,469.60000000000002,476.19999999999999,10749999,211532,474.32208700000001
2024-05-13 04:00:00+00:00,472.75,473.35000000000002,462.85000000000002,468.00999999999999,14668798,261958,467.61357900000002
2024-05-14 04:00:00+00:00,463.37,472.54000000000002,460.07999999999998,471.85000000000002,10478553,208229,468.31187399999999
2024-05-15 04:00:00+00:00,474.98000000000002,482.49990000000003,471.19999999999999,481.54000000000002,13100470,238245,478.22013500000003
2024-05-16 04:00:00+00:00,475,477.69,472.75,473.23000000000002,16608179,259957,474.96945699999998
2024-05-17 04:00:00+00:00,470.82999999999998,472.80000000000001,468.42000000000002,471.91000000000003,10807289,201358,470.92192899999998
2024-05-20 04:00:00+00:00,469.94999999999999,473.19999999999999,467.04000000000002,468.83999999999997,11745080,222660,470.03364900000003
2024-05-21 04:00:00+00:00,467.12,470.69999999999999,462.26999999999998,464.63,11742189,235686,465.38526899999999
2024-05-22 04:00:00+00:00,467.87,473.7199,465.64999999999998,467.77999999999997,10078611,190035,469.45132799999999
2024-05-23 04:00:00+00:00,472.88,474.35809999999998,461.54000000000002,465.77999999999997,11747913,230168,467.04321599999997
2024-05-24 04:00:00+00:00,467.62,479.84989999999999,466.30000000000001,478.22000000000003,12024254,235641,475.49575800000002
2024-05-28 04:00:00+00:00,476.57499999999999,480.86000000000001,474.83999999999997,479.92000000000002,10175770,205155,477.77246600000001
2024-05-29 04:00:00+00:00,474.66000000000003,479.85000000000002,473.69999999999999,474.36000000000001,9226218,178151,476.096249
2024-05-30 04:00:00+00:00,471.67000000000002,471.73000000000002,464.70999999999998,467.05000000000001,10735226,218561,467.91231800000003
2024-05-31 04:00:00+00:00,465.80000000000001,469.12,454.46010000000001,466.82999999999998,16919805,267637,462.195718
2024-06-03 04:00:00+00:00,470.86000000000001,479.60000000000002,468.24000000000001,477.49000000000001,11279390,241709,475.33182499999998
2024-06-04 04:00:00+00:00,477,478.88999999999999,473.23219999999998,476.99000000000001,7088718,157167,475.90717699999999
2024-06-05 04:00:00+00:00,484.44999999999999,496.64999999999998,483.91000000000003,495.06,15690484,305775,490.35518300000001
2024-06-06 04:00:00+00:00,492.98000000000002,502.81999999999999,490.88999999999999,493.75999999999999,10667339,232913,496.42602699999998
2024-06-07 04:00:00+00:00,495.91000000000003,498.91000000000003,490.17009999999999,492.95999999999998,9380745,165787,494.69946199999998
2024-06-10 04:00:00+00:00,493.86000000000001,502.66000000000003,493.41000000000003,502.60000000000002,11236919,196045,499.816802
2024-06-11 04:00:00+00:00,500.16000000000003,507.60000000000002,498.26999999999998,507.47000000000003,9673715,192309,503.734195
2024-06-12 04:00:00+00:00,513.99000000000001,514.00999999999999,504.47000000000003,508.83999999999997,11983227,245766,508.09126300000003
2024-06-13 04:00:00+00:00,505.70999999999998,509.36000000000001,501.36000000000001,504.10000000000002,9954621,185894,504.63372700000002
2024-06-14 04:00:00+00:00,502.64999999999998,507.14999999999998,500.75,504.16000000000003,10743347,169685,503.68741
2024-06-17 04:00:00+00:00,501.67000000000002,510.75,496.00999999999999,506.63,11266601,222668,504.42091399999998
2024-06-18 04:00:00+00:00,504.56,506,495.01999999999998,499.49000000000001,13060425,244389,499.72618299999999
2024-06-20 04:00:00+00:00,502,503.67000000000002,496.76999999999998,501.69999999999999,11801182,218689,501.04858200000001
2024-06-21 04:00:00+00:00,503.44999999999999,503.44999999999999,492.38999999999999,494.77999999999997,23130732,231446,496.77889699999997
2024-06-24 04:00:00+00:00,499.19999999999999,507.80000000000001,494.29000000000002,498.91000000000003,13525278,267698,500.62659100000002
2024-06-25 04:00:00+00:00,497.05000000000001,510.70999999999998,495.5,510.60000000000002,12109769,232512,507.77384000000001
2024-06-26 04:00:00+00:00,506.64499999999998,513.80999999999995,504.67649999999998,513.12,8882337,191570,511.31879199999997
2024-06-27 04:00:00+00:00,514.25,522.87990000000002,513.89999999999998,519.55999999999995,10121199,218835,519.00940400000002
2024-06-28 04:00:00+00:00,517.14999999999998,521.88,503.83999999999997,504.22000000000003,15782127,252279,509.68515400000001
2024-07-01 04:00:00+00:00,504.94999999999999,506.57999999999998,493.17000000000002,504.68000000000001,10328150,243699,500.76258100000001
2024-07-02 04:00:00+00:00,500.75999999999999,510.5,499.44999999999999,509.5,7739479,177222,507.01543099999998
2024-07-03 04:00:00+00:00,506.37,511.27999999999997,506.01999999999998,509.95999999999998,6005615,137551,509.22333300000003
2024-07-05 04:00:00+00:00,511.60000000000002,540.87,511.60000000000002,539.90999999999997,21354093,399774,531.55648199999996
2024-07-08 04:00:00+00:00,542.35000000000002,542.80999999999995,526.64999999999998,529.32000000000005,14917495,346302,531.29272600000002
2024-07-09 04:00:00+00:00,533.75,537.48000000000002,528.19010000000003,530,8769088,209972,532.20432500000004
2024-07-10 04:00:00+00:00,530.78999999999996,538.88,528.36000000000001,534.69000000000005,10983276,220271,534.22390800000005
2024-07-11 04:00:00+00:00,530.88999999999999,535.46000000000004,508.37329999999997,512.70000000000005,16458253,372805,517.14696800000002
2024-07-12 04:00:00+00:00,497.755,508.08999999999997,494.23000000000002,498.87,19750544,431007,501.44310899999999
2024-07-15 04:00:00+00:00,498.63,506.67989999999998,493.37,496.16000000000003,12539163,307888,498.85330699999997
2024-07-16 04:00:00+00:00,501.5,503.94990000000001,485.79000000000002,489.79000000000002,14075833,311407,491.387607
2024-07-17 04:00:00+00:00,479.17000000000002,479.17000000000002,459.12,461.99000000000001,28076595,594311,466.28063300000002
2024-07-18 04:00:00+00:00,475,479.23930000000001,464.54000000000002,475.85000000000002,19267160,371129,472.02295700000002
2024-07-19 04:00:00+00:00,476.06,486.70999999999998,475.70999999999998,476.79000000000002,15149416,275815,480.14357999999999
2024-07-22 04:00:00+00:00,486.57499999999999,492.06,483.89999999999998,487.39999999999998,12023088,247754,487.94055500000002
2024-07-23 04:00:00+00:00,489.83999999999997,495.22000000000003,487.72000000000003,488.69,9455527,218059,490.96025300000002
2024-07-24 04:00:00+00:00,472.30500000000001,476.30000000000001,460.57999999999998,461.26999999999998,17649738,344938,466.77695599999998
2024-07-25 04:00:00+00:00,463.25999999999999,463.548,442.64999999999998,453.41000000000003,18240489,355518,454.83272099999999
2024-07-26 04:00:00+00:00,464.19499999999999,469.76999999999998,459.42000000000002,465.69999999999999,14222388,253195,465.05904500000003
2024-07-29 04:00:00+00:00,469.88,473.95999999999998,465.01999999999998,465.70999999999998,11339630,207978,468.454905
2024-07-30 04:00:00+00:00,467,472.73000000000002,456.69999999999999,463.19,11390439,221092,464.55327799999998
2024-07-31 04:00:00+00:00,471.01999999999998,476.5,466.75,474.82999999999998,24285777,403555,473.29134699999997
2024-08-01 04:00:00+00:00,521,527.17089999999996,492.10000000000002,497.74000000000001,43083082,692595,507.74524200000002
2024-08-02 04:00:00+00:00,489,501.14499999999998,476.14999999999998,488.13999999999999,24044658,415905,487.32022599999999
2024-08-05 04:00:00+00:00,451.34500000000003,483.48000000000002,450.80000000000001,475.73000000000002,21396191,450129,472.15812699999998
2024-08-06 04:00:00+00:00,479,502.56,478.64999999999998,494.08999999999997,20954959,369517,494.61651799999999
2024-08-07 04:00:00+00:00,503.13,510.14999999999998,486.86000000000001,488.92000000000002,20105307,348628,497.25586900000002
2024-08-08 04:00:00+00:00,497.5,509.95999999999998,494.72000000000003,509.63,16156843,283215,504.117818
2024-08-09 04:00:00+00:00,507.70999999999998,518.34000000000003,505.69999999999999,517.76999999999998,13696640,240339,513.52286000000004
2024-08-12 04:00:00+00:00,516.86000000000001,518.01999999999998,509.10000000000002,515.95000000000005,9767422,199845,514.71568400000001
2024-08-13 04:00:00+00:00,520.00999999999999,531.49990000000003,518.14999999999998,528.53999999999996,13743839,249714,526.52610400000003
2024-08-14 04:00:00+00:00,528.05999999999995,534,523.13,526.75999999999999,11444189,204545,528.45684000000006
2024-08-15 04:00:00+00:00,531.78999999999996,539.76999999999998,526.70000000000005,537.33000000000004,13482141,238529,536.46787700000004
2024-08-16 04:00:00+00:00,531.89999999999998,533.65999999999997,524.65999999999997,527.41999999999996,14776684,258747,529.11871399999995
2024-08-19 04:00:00+00:00,526.87,531.65999999999997,522.75999999999999,529.27999999999997,9879713,194661,527.50761399999999
2024-08-20 04:00:00+00:00,528.35000000000002,531.09000000000003,525.88,526.73000000000002,8018391,163291,528.14017799999999
2024-08-21 04:00:00+00:00,527.14999999999998,539.39999999999998,526.93499999999995,535.15999999999997,13423292,234243,534.12761699999999
2024-08-22 04:00:00+00:00,537,544.23000000000002,528.59000000000003,531.92999999999995,15708292,242868,536.31056799999999
2024-08-23 04:00:00+00:00,536.91999999999996,539.87,525.05999999999995,528,11323936,208435,530.66342799999995
2024-08-26 04:00:00+00:00,527.60000000000002,528,514.95000000000005,521.12,9584002,202904,520.44726300000002
2024-08-27 04:00:00+00:00,518.98000000000002,524.00999999999999,515.30999999999995,519.10000000000002,6282720,141014,519.94968900000003
2024-08-28 04:00:00+00:00,517.67499999999995,521.08500000000004,512.45000000000005,516.77999999999997,9106077,176573,516.39726199999996
2024-08-29 04:00:00+00:00,519.04999999999995,527.20000000000005,515.6789,518.22000000000003,8317424,181057,521.30834800000002
2024-08-30 04:00:00+00:00,521.35000000000002,523.53999999999996,515.20000000000005,521.30999999999995,9157541,157531,519.85381700000005
2024-09-03 04:00:00+00:00,519.63999999999999,525.49000000000001,508.61759999999998,511.75999999999999,12459113,258240,514.42807700000003
2024-09-04 04:00:00+00:00,506.06999999999999,516.59000000000003,504.06999999999999,512.74000000000001,8335207,174527,512.31717100000003
2024-09-05 04:00:00+00:00,511.72000000000003,521.62950000000001,511.14999999999998,516.86000000000001,8640888,177693,516.50053500000001
2024-09-06 04:00:00+00:00,521.88,524.58489999999995,498.25,500.26999999999998,14744521,278066,504.95097700000002
2024-09-09 04:00:00+00:00,506.16000000000003,511.32999999999998,502.07999999999998,504.79000000000002,11047828,189309,505.89651900000001
2024-09-10 04:00:00+00:00,508.16000000000003,514.17999999999995,500.02780000000001,504.79000000000002,9899022,180456,505.84034400000002
2024-09-11 04:00:00+00:00,507.00999999999999,513.12,495.60000000000002,511.82999999999998,10782532,199382,506.26017200000001
2024-09-12 04:00:00+00:00,517.04999999999995,526.71000000000004,515.22000000000003,525.60000000000002,11993342,238761,522.45814399999995
2024-09-13 04:00:00+00:00,520.34000000000003,527.58100000000002,517.11000000000001,524.62,10321422,193182,524.37400500000001
2024-09-16 04:00:00+00:00,524.53999999999996,534.10000000000002,517.39999999999998,533.27999999999997,9527646,196342,527.62318200000004
2024-09-17 04:00:00+00:00,537.60000000000002,542.10000000000002,530.57000000000005,536.31500000000005,11690779,206576,536.38254600000005
2024-09-18 04:00:00+00:00,537.06500000000005,544.20000000000005,533.90260000000001,537.95000000000005,10323537,193714,538.75668199999996
2024-09-19 04:00:00+00:00,550,562.07000000000005,546.51999999999998,559.10000000000002,15646951,309813,556.52891499999998
2024-09-20 04:00:00+00:00,560,564.5,556.30010000000004,561.35000000000002,22066817,237051,561.27720499999998
2024-09-23 04:00:00+00:00,569.5,573.97990000000004,562.40999999999997,564.40999999999997,12830669,232829,566.49939600000005
2024-09-24 04:00:00+00:00,566.67999999999995,567.745,554.19000000000005,563.33000000000004,12992956,210803,561.09066900000005
2024-09-25 04:00:00+00:00,564.04999999999995,576.88,563.72000000000003,568.30999999999995,16543350,294987,570.59365500000001
2024-09-26 04:00:00+00:00,575.73000000000002,577.39999999999998,562.3501,567.84000000000003,14400787,274191,569.12703599999998
2024-09-27 04:00:00+00:00,570.10000000000002,570.83989999999994,564.50999999999999,567.36000000000001,9398367,185300,567.57671500000004
2024-09-30 04:00:00+00:00,567.70000000000005,574.67999999999995,564.79999999999995,572.44000000000005,12807206,198226,571.24867200000006
2024-10-01 04:00:00+00:00,577.98000000000002,583.03999999999996,570.10000000000002,576.47000000000003,15259274,275136,576.88920599999994
2024-10-02 04:00:00+00:00,574.86000000000001,576,569.34000000000003,572.80999999999995,6524650,160973,572.93878199999995
2024-10-03 04:00:00+00:00,570.14999999999998,583.36000000000001,568.73000000000002,582.76999999999998,11580980,219869,578.99839199999997
2024-10-04 04:00:00+00:00,583.73000000000002,596.85000000000002,581.42999999999995,595.94000000000005,14199788,262851,589.80060400000002
2024-10-07 04:00:00+00:00,598.22000000000003,602.95000000000005,584.03999999999996,584.77999999999997,12014198,260097,591.61787100000004
2024-10-08 04:00:00+00:00,589.69000000000005,593.55999999999995,585.97000000000003,592.88999999999999,7857377,165549,590.71080700000005
2024-10-09 04:00:00+00:00,593.99000000000001,594.38999999999999,581.61000000000001,590.50999999999999,9529707,216196,588.030935
2024-10-10 04:00:00+00:00,587.57000000000005,590.23000000000002,582.51999999999998,583.83000000000004,7740449,172252,585.63884199999995
2024-10-11 04:00:00+00:00,584.83000000000004,591.21000000000004,582.71000000000004,589.95000000000005,8587051,175528,587.72926600000005
2024-10-14 04:00:00+00:00,594.22000000000003,600.10000000000002,589.96000000000004,590.41999999999996,8251971,190703,593.78695100000004
2024-10-15 04:00:00+00:00,590.15999999999997,590.61000000000001,580.14300000000003,586.26999999999998,9564236,215267,585.21005200000002
2024-10-16 04:00:00+00:00,581.39499999999998,582.08000000000004,574.02999999999997,576.78999999999996,11268384,233780,576.76101900000003
2024-10-17 04:00:00+00:00,583.33000000000004,584.97000000000003,575.20000000000005,576.92999999999995,8701158,173524,578.46022000000005
2024-10-18 04:00:00+00:00,581.10000000000002,583.96749999999997,575.25,576.47000000000003,7694274,153979,579.28015200000004
2024-10-21 04:00:00+00:00,576.02999999999997,577.23990000000003,569.11000000000001,575.15999999999997,8171879,180549,573.31844799999999
2024-10-22 04:00:00+00:00,574.28999999999996,583.52999999999997,572.12,582.00999999999999,8544463,169579,579.435339
2024-10-23 04:00:00+00:00,579.97000000000003,585,562.5,563.69000000000005,14248419,276890,569.43151799999998
2024-10-24 04:00:00+00:00,567.125,568.87990000000002,561.51999999999998,567.77999999999997,7184651,163321,566.54000199999996
2024-10-25 04:00:00+00:00,573.93499999999995,581.28999999999996,571.72000000000003,573.25,11337874,211240,575.638823
2024-10-28 04:00:00+00:00,582,583.74990000000003,574.12,578.15999999999997,10925131,205653,577.93228299999998
2024-10-29 04:00:00+00:00,580.14499999999998,593.66999999999996,575.39800000000002,593.27999999999997,13019092,260631,588.05759399999999
2024-10-30 04:00:00+00:00,600.98000000000002,601.20000000000005,589.38,591.79999999999995,26864925,549276,595.07717000000002
2024-10-31 04:00:00+00:00,585,589.89999999999998,563.00999999999999,567.58000000000004,26838395,516258,572.58366999999998
2024-11-01 04:00:00+00:00,567.60500000000002,573.66999999999996,562.55999999999995,567.15999999999997,15303235,288091,568.87956699999995
2024-11-04 05:00:00+00:00,564.10000000000002,568.69000000000005,557.88999999999999,560.67999999999995,12064601,244774,562.54510400000004
2024-11-05 05:00:00+00:00,567.30499999999995,573.48000000000002,566.66999999999996,572.42999999999995,9775379,187604,570.89791500000001
2024-11-06 05:00:00+00:00,562.75,573,555.16790000000003,572.04999999999995,18305429,386439,566.17594999999994
2024-11-07 05:00:00+00:00,576.88999999999999,594.79989999999998,575.21000000000004,591.70000000000005,14653708,311945,589.37041399999998
2024-11-08 05:00:00+00:00,591.53999999999996,593.10000000000002,584.51999999999998,589.34000000000003,9415699,206210,588.27101700000003
2024-11-11 05:00:00+00:00,586.36000000000001,587,576.50999999999999,583.16999999999996,10209051,218814,581.746893
2024-11-12 05:00:00+00:00,588.54499999999996,599.65999999999997,580.38,584.82000000000005,16287724,317132,587.67388300000005
2024-11-13 05:00:00+00:00,582.60500000000002,585.63999999999999,575.16999999999996,580,10757583,207528,580.63500699999997
2024-11-14 05:00:00+00:00,577,580.75999999999999,573.00999999999999,577.15999999999997,11053743,189141,576.61931200000004
2024-11-15 05:00:00+00:00,571.22000000000003,572.57000000000005,551.5,554.08000000000004,17712864,339379,558.283141
2024-11-18 05:00:00+00:00,557.03999999999996,559.89999999999998,550.09000000000003,554.39999999999998,14349882,247327,554.92152299999998
2024-11-19 05:00:00+00:00,551.86000000000001,561.42999999999995,550.60000000000002,561.09000000000003,9522445,166827,557.08754699999997
2024-11-20 05:00:00+00:00,562.92999999999995,566.34990000000005,554.20010000000002,565.51999999999998,9777015,183935,562.73588900000004
2024-11-21 05:00:00+00:00,569.51999999999998,570,549.04999999999995,563.09000000000003,11154749,228107,559.42681800000003
2024-11-22 05:00:00+00:00,563.54999999999995,563.82730000000004,554.59000000000003,559.13999999999999,9164004,194672,558.73858900000005
2024-11-25 05:00:00+00:00,562.10000000000002,572.5915,556.38999999999999,565.11000000000001,13599830,212359,564.46005600000001
2024-11-26 05:00:00+00:00,566,577.5,565.20000000000005,573.53999999999996,10356550,191661,573.04502500000001
2024-11-27 05:00:00+00:00,574.88999999999999,574.98000000000002,564.1001,569.20000000000005,7200228,143981,568.59695499999998
2024-11-29 05:00:00+00:00,569,578.46000000000004,566.89999999999998,574.32000000000005,7130519,130043,574.09978999999998
2024-12-02 05:00:00+00:00,577.5,594.5,575.57000000000005,592.83000000000004,12522371,245023,589.84187499999996
2024-12-03 05:00:00+00:00,595,614.20000000000005,591.25009999999997,613.64999999999998,14907164,295852,605.94823299999996
2024-12-04 05:00:00+00:00,612.96000000000004,617.77999999999997,605.10000000000002,613.77999999999997,14697006,271514,611.98375699999997
2024-12-05 05:00:00+00:00,617.07500000000005,619.89999999999998,607.04999999999995,608.92999999999995,8081212,184364,611.06099700000004
2024-12-06 05:00:00+00:00,610.10000000000002,629.78989999999999,608.52999999999997,623.76999999999998,16943420,279559,622.62863300000004
2024-12-09 05:00:00+00:00,623.92499999999995,626.39999999999998,606.17010000000005,613.57000000000005,11426015,257040,614.25292999999999
2024-12-10 05:00:00+00:00,617.55999999999995,625.59000000000003,612.74000000000001,619.32000000000005,10938854,211246,619.48810300000002
2024-12-11 05:00:00+00:00,623.37,638.39999999999998,621.53489999999999,632.67999999999995,10837228,241989,633.12565500000005
2024-12-12 05:00:00+00:00,631.5,636.65989999999999,627.20939999999996,630.78999999999996,7474717,189687,631.87548800000002
2024-12-13 05:00:00+00:00,627.22000000000003,631.08000000000004,616.88599999999997,620.35000000000002,8453349,205799,621.62773600000003
2024-12-16 05:00:00+00:00,629.97500000000002,631.14999999999998,618.58000000000004,624.24000000000001,10885625,242913,624.85096099999998
2024-12-17 05:00:00+00:00,626.16999999999996,632.37,616.53999999999996,619.44000000000005,12897842,249660,621.54324999999994
2024-12-18 05:00:00+00:00,621,627.36000000000001,596.32000000000005,597.19000000000005,17075480,318022,610.94533000000001
2024-12-19 05:00:00+00:00,610.38999999999999,611.51999999999998,595,595.57000000000005,14958082,284487,601.38120500000002
2024-12-20 05:00:00+00:00,590.58000000000004,603.11000000000001,580,585.25,48989390,317394,587.995318
2024-12-23 05:00:00+00:00,589.60000000000002,601.09000000000003,586.25,599.85000000000002,10205750,232826,595.79123200000004
2024-12-24 05:00:00+00:00,602.71500000000003,607.99000000000001,599.28489999999999,607.75,4726056,121225,605.08471399999996
2024-12-26 05:00:00+00:00,605.48000000000002,606.29999999999995,598.94000000000005,603.35000000000002,6091239,168513,603.074926
2024-12-27 05:00:00+00:00,599.40999999999997,601.85000000000002,589.79999999999995,599.80999999999995,8084229,202554,596.00314400000002
2024-12-30 05:00:00+00:00,588.75,596.93989999999997,585.58000000000004,591.24000000000001,7025864,190972,591.51781500000004
2024-12-31 05:00:00+00:00,592.26499999999999,593.97000000000003,583.85000000000002,585.50999999999999,6019520,151474,587.78994899999998
2025-01-02 05:00:00+00:00,589.72000000000003,604.90999999999997,587.82000000000005,599.24000000000001,12682269,248322,596.90414899999996
2025-01-03 05:00:00+00:00,604.75999999999999,609.5,596.41359999999997,604.63,11436784,220346,603.23019399999998
2025-01-06 05:00:00+00:00,611.82500000000005,630.99000000000001,605.62,630.20000000000005,14560754,301412,622.11866999999995
2025-01-07 05:00:00+00:00,631.70000000000005,632.10109999999997,608.23000000000002,617.88999999999999,12071479,283114,618.72917199999995
2025-01-08 05:00:00+00:00,613.39499999999998,616.43970000000002,602.78999999999996,610.72000000000003,10085846,226180,610.91762300000005
2025-01-10 05:00:00+00:00,610.02999999999997,629.90999999999997,597.34000000000003,615.86000000000001,19256564,394275,616.86234400000001
2025-01-13 05:00:00+00:00,607.10000000000002,608.97000000000003,598.44500000000005,608.33000000000004,10785031,251995,604.96575700000005
2025-01-14 05:00:00+00:00,605.06500000000005,605.49000000000001,588.54999999999995,594.25,13598342,318112,595.44357000000002
2025-01-15 05:00:00+00:00,610.21000000000004,622.46000000000004,606.5,617.12,15524302,295460,615.92716800000005
2025-01-16 05:00:00+00:00,611.5,616.25,609.71000000000004,611.29999999999995,8355349,193828,612.59872600000006
2025-01-17 05:00:00+00:00,624.04999999999995,624.97000000000003,603.66999999999996,612.76999999999998,17280600,283468,615.31276700000001
2025-01-21 05:00:00+00:00,617.82500000000005,621.5,609.00819999999999,616.46000000000004,11674016,271033,616.26977499999998
2025-01-22 05:00:00+00:00,623.29999999999995,633.70000000000005,619.43499999999995,623.5,12274011,264124,626.17796999999996
2025-01-23 05:00:00+00:00,627.36000000000001,636.60000000000002,621.14999999999998,636.45000000000005,9910163,225153,631.10011699999995
2025-01-24 05:00:00+00:00,636.39999999999998,652,634.20000000000005,647.49000000000001,19065329,423876,645.25748599999997
2025-01-27 05:00:00+00:00,626.61000000000001,663.87,625.10000000000002,659.88,28399190,620713,650.97974599999998
2025-01-28 05:00:00+00:00,666,682.58000000000004,659.46500000000003,674.33000000000004,20950107,470037,673.57010600000001
2025-01-29 05:00:00+00:00,675,681.04589999999996,665.66999999999996,676.49000000000001,21377820,503477,673.91748900000005
2025-01-30 05:00:00+00:00,696.82000000000005,710.78999999999996,676.10000000000002,687,29322898,580180,693.66451900000004
2025-01-31 05:00:00+00:00,691,705.29989999999998,685.58000000000004,689.17999999999995,19331660,390412,695.74403700000005
2025-02-03 05:00:00+00:00,675.90999999999997,704,675.25,697.46000000000004,21407254,425091,695.45903899999996
2025-02-04 05:00:00+00:00,702.5,707.71000000000004,691.61000000000001,704.19000000000005,13780701,307800,702.446192
2025-02-05 05:00:00+00:00,703.54999999999995,718.13999999999999,699.00999999999999,704.87,17793766,339273,706.570381
2025-02-06 05:00:00+00:00,705.88,718.89999999999998,703.5,711.99000000000001,13080690,290274,711.68049699999995
2025-02-07 05:00:00+00:00,716.79499999999996,725.00999999999999,711.75,714.51999999999998,16351458,331129,717.849065
2025-02-10 05:00:00+00:00,718.55999999999995,721.20000000000005,711.33000000000004,717.39999999999998,12901224,279128,716.20137499999998
2025-02-11 05:00:00+00:00,713.32000000000005,723.65999999999997,710.03999999999996,719.79999999999995,12997959,258899,717.90628600000002
2025-02-12 05:00:00+00:00,715.29999999999995,727.10000000000002,712.60000000000002,725.38,12016517,259828,721.94865600000003
2025-02-13 05:00:00+00:00,721.51969999999994,729,718.03999999999996,728.55999999999995,12569064,273427,724.26754500000004
2025-02-14 05:00:00+00:00,726.13999999999999,740.90999999999997,725.62,736.66999999999996,16901249,321136,734.72376799999995
2025-02-18 05:00:00+00:00,736,737,706.44000000000005,716.37,21938703,483676,717.17554600000005
2025-02-19 05:00:00+00:00,704.09500000000003,707,695.38999999999999,703.76999999999998,17517397,398537,701.99437799999998
2025-02-20 05:00:00+00:00,697.27499999999998,705.63,693.63999999999999,694.84000000000003,12587408,273924,697.35640000000001
2025-02-21 05:00:00+00:00,696.58000000000004,703.87,682.36000000000001,683.54999999999995,15660355,324895,690.01779699999997
2025-02-24 05:00:00+00:00,686.27999999999997,687.26999999999998,662.45000000000005,668.13,15676994,363259,670.69157800000005
2025-02-25 05:00:00+00:00,665.97199999999998,668,641.86000000000001,657.5,20579662,426919,655.37071800000001
2025-02-26 05:00:00+00:00,659.64999999999998,683.00779999999997,658,673.70000000000005,14488705,332634,673.97279900000001
2025-02-27 05:00:00+00:00,682.45000000000005,688.64689999999996,657.57000000000005,658.24000000000001,12500013,288475,668.36171000000002
2025-02-28 05:00:00+00:00,658.03999999999996,669.63,642.60170000000005,668.20000000000005,17534168,316028,661.364329
2025-03-03 05:00:00+00:00,673.67499999999995,681.25,650.84389999999996,655.04999999999995,10843763,278828,663.50610600000005
2025-03-04 05:00:00+00:00,645.50999999999999,649.75,623.64999999999998,640,21495208,496156,635.60665900000004
2025-03-05 05:00:00+00:00,641,659.5,637.65999999999997,656.47000000000003,13770026,298281,649.72131100000001
2025-03-06 05:00:00+00:00,648,650.5625,624.11000000000001,627.92999999999995,13446454,335006,635.07793300000003
2025-03-07 05:00:00+00:00,625.37,634.78999999999996,600.61000000000001,625.65999999999997,21375671,421322,617.16000299999996
2025-03-10 04:00:00+00:00,608.07000000000005,610.10590000000002,586.87009999999998,597.99000000000001,21999943,518102,596.461726
2025-03-11 04:00:00+00:00,595.05499999999995,614.93399999999997,593.33000000000004,605.71000000000004,17401469,355019,605.67857800000002
2025-03-12 04:00:00+00:00,629.89999999999998,633.33000000000004,609.35000000000002,619.55999999999995,15746966,341531,621.84368600000005
2025-03-13 04:00:00+00:00,620.245,620.5,586.50999999999999,590.63999999999999,16480324,378837,596.29755599999999
2025-03-14 04:00:00+00:00,602.80499999999995,608.86000000000001,594.77999999999997,607.60000000000002,12364505,284749,604.34446700000001
2025-03-17 04:00:00+00:00,607.46000000000004,613.10000000000002,598,604.89999999999998,15473909,313855,603.71571400000005
2025-03-18 04:00:00+00:00,600.04999999999995,600.25,574.65999999999997,582.36000000000001,20297708,426608,581.41940999999997
2025-03-19 04:00:00+00:00,584.27999999999997,592.32230000000004,574.76999999999998,584.05999999999995,20537498,354108,583.15136800000005
2025-03-20 04:00:00+00:00,582.755,610.20000000000005,579.50999999999999,586,24336505,420212,595.62560699999995
2025-03-21 04:00:00+00:00,583.42499999999995,597.54499999999996,580.95000000000005,596.25,25015864,313359,592.352574
2025-03-24 04:00:00+00:00,614.97000000000003,622.53999999999996,612.20010000000002,618.85000000000002,15741274,335865,617.08638099999996
2025-03-25 04:00:00+00:00,626.75999999999999,633.88,621.17999999999995,626.30999999999995,15312540,302695,627.15065100000004
2025-03-26 04:00:00+00:00,624.88999999999999,626.74990000000003,606.61000000000001,610.98000000000002,12661891,279796,614.63144
2025-03-27 04:00:00+00:00,602,614.25,600.10000000000002,602.58000000000004,10436524,225982,606.37624800000003
2025-03-28 04:00:00+00:00,600.30999999999995,601.75,573.91999999999996,576.74000000000001,17602823,432473,582.70726100000002
2025-03-31 04:00:00+00:00,563.5,578.70000000000005,553.29999999999995,576.36000000000001,21124677,454176,568.64850300000001
2025-04-01 04:00:00+00:00,570.84000000000003,589.90999999999997,570,586,12836574,304759,582.64427000000001
2025-04-02 04:00:00+00:00,574.90999999999997,592.65999999999997,573.36000000000001,583.92999999999995,13470778,331894,584.76106700000003
2025-04-03 04:00:00+00:00,546.22000000000003,552.55960000000005,530.29999999999995,531.62,34777460,765100,540.13665500000002
2025-04-04 04:00:00+00:00,506.62,518,494.19999999999999,504.73000000000002,38589124,832647,508.89002699999998
2025-04-07 04:00:00+00:00,485.10000000000002,539.37,481.89999999999998,516.25,36606136,780914,509.65970700000003
2025-04-08 04:00:00+00:00,543.25,547.42999999999995,502.86000000000001,510.44999999999999,28031766,585493,525.37804200000005
2025-04-09 04:00:00+00:00,509.26499999999999,587.88999999999999,502.11000000000001,585.76999999999998,39212535,719900,552.13537499999995
2025-04-10 04:00:00+00:00,575.49000000000001,581.29999999999995,535.29999999999995,546.28999999999996,28173491,556140,552.15706499999999
2025-04-11 04:00:00+00:00,535.505,547.39999999999998,528.59010000000001,543.57000000000005,17642327,363736,539.73205599999994
2025-04-14 04:00:00+00:00,556.17499999999995,557.76999999999998,528.27999999999997,531.48000000000002,14130928,328116,537.59601799999996
2025-04-15 04:00:00+00:00,532.10500000000002,537.94000000000005,517.5,521.51999999999998,15558659,328134,526.12788599999999
2025-04-16 04:00:00+00:00,508.50999999999999,513.37,495.63,502.31,18735075,400442,505.05744800000002
2025-04-17 04:00:00+00:00,505.25,507.30000000000001,498.01330000000002,501.48000000000002,14593474,269932,502.71903200000003
2025-04-21 04:00:00+00:00,491.32499999999999,493.5,479.80000000000001,484.66000000000003,16165982,356162,484.850751
2025-04-22 04:00:00+00:00,491.87,506.88,486.36000000000001,500.27999999999997,17399336,312574,496.898234
2025-04-23 04:00:00+00:00,528.52499999999998,535.33759999999995,516.51999999999998,520.26999999999998,18173910,355210,525.14518799999996
2025-04-24 04:00:00+00:00,518.73000000000002,533.89999999999998,517.5,533.14999999999998,13910011,275198,529.54026899999997
2025-04-25 04:00:00+00:00,546.79999999999995,549.86000000000001,536.25,547.26999999999998,17098921,350569,544.30095600000004
2025-04-28 04:00:00+00:00,555.63999999999999,558.48990000000003,540.59000000000003,549.74000000000001,15178995,324107,548.634232
2025-04-29 04:00:00+00:00,546,556.56989999999996,544.12,554.44000000000005,11835036,258932,552.26874699999996
2025-04-30 04:00:00+00:00,538.39999999999998,549.10000000000002,529.5,549,29243971,544432,541.56135500000005
2025-05-01 04:00:00+00:00,592.07500000000005,592.95000000000005,570.5,572.21000000000004,31159033,586632,578.21959100000004
2025-05-02 04:00:00+00:00,583.45500000000004,604.34000000000003,578.33000000000004,597.01999999999998,24739260,501388,595.29239099999995
2025-05-05 04:00:00+00:00,591.22000000000003,603.21000000000004,588.04999999999995,599.26999999999998,13887724,288512,598.74703799999997
2025-05-06 04:00:00+00:00,592.52499999999998,596.02999999999997,586.58000000000004,587.30999999999995,10600650,260380,590.28580199999999
2025-05-07 04:00:00+00:00,590.36000000000001,603.07500000000005,586.66999999999996,596.80999999999995,13160976,284729,594.70472800000005
2025-05-08 04:00:00+00:00,606.28499999999997,611.29589999999996,596.62,598.00999999999999,14622805,320621,603.60627899999997
2025-05-09 04:00:00+00:00,603.72000000000003,606.97000000000003,591.70619999999997,592.49000000000001,10427286,240478,596.46601099999998
2025-05-12 04:00:00+00:00,630.91999999999996,640.38959999999997,621.02999999999997,639.42999999999995,21965085,494060,633.37838599999998
2025-05-13 04:00:00+00:00,645.54499999999996,660.91999999999996,642.83000000000004,656.02999999999997,18570821,447725,655.47037999999998
2025-05-14 04:00:00+00:00,661.21000000000004,662.66999999999996,654.30999999999995,659.36000000000001,12348179,287491,658.31866000000002
2025-05-15 04:00:00+00:00,654.27499999999998,657.30999999999995,638.58000000000004,643.88,14341835,337695,648.13410999999996
2025-05-16 04:00:00+00:00,637.95500000000004,640.44000000000005,626.14999999999998,640.34000000000003,18518972,423112,635.81335300000001
2025-05-19 04:00:00+00:00,628.25,643,627.79999999999995,640.42999999999995,9592374,255663,638.47018300000002
2025-05-20 04:00:00+00:00,636.00999999999999,639.35360000000003,632.25999999999999,637.10000000000002,6743473,196423,636.70098700000005
2025-05-21 04:00:00+00:00,631.78999999999996,646.61000000000001,630.16999999999996,635.5,11464569,274064,637.91905099999997
2025-05-22 04:00:00+00:00,634.04999999999995,643.25,630.71000000000004,636.57000000000005,8228443,223816,637.82146999999998
2025-05-23 04:00:00+00:00,624,632.44500000000005,622.64999999999998,627.05999999999995,8454067,231964,628.193219
2025-05-27 04:00:00+00:00,635.40999999999997,643.08000000000004,632.75,642.32000000000005,9508367,262958,639.44012499999997
2025-05-28 04:00:00+00:00,642.60000000000002,650.88,642.54719999999998,643.58000000000004,9042874,222725,645.71184100000005
2025-05-29 04:00:00+00:00,651.64499999999998,653.32000000000005,639.5,645.04999999999995,8883436,235301,645.761709
2025-05-30 04:00:00+00:00,642.5,649.40989999999999,632.77999999999997,647.49000000000001,16240951,269942,644.00703599999997
2025-06-02 04:00:00+00:00,644.38999999999999,673.25999999999999,644.26160000000004,670.89999999999998,15766258,385679,663.72886900000003
2025-06-03 04:00:00+00:00,671.44500000000005,675.58000000000004,665.02999999999997,666.85000000000002,11585031,297095,668.36079199999995
2025-06-04 04:00:00+00:00,669.32000000000005,689,668.57000000000005,687.95000000000005,14031931,340336,682.98830799999996
2025-06-05 04:00:00+00:00,691.65999999999997,694.38,682.25,684.62,13120335,305274,687.50794399999995
2025-06-06 04:00:00+00:00,696.16999999999996,702.80600000000004,691.87,697.71000000000004,11727961,297292,697.845642
2025-06-09 04:00:00+00:00,698.46000000000004,705.19000000000005,693.94000000000005,694.05999999999995,12773221,268355,698.55644700000005
2025-06-10 04:00:00+00:00,701.34500000000003,703.23000000000002,691.55999999999995,702.39999999999998,10850146,256057,699.92435399999999
2025-06-11 04:00:00+00:00,703.70500000000004,708.87070000000006,691.99000000000001,694.13999999999999,9582508,264427,698.94641100000001
2025-06-12 04:00:00+00:00,693.29999999999995,695.38,687,693.36000000000001,7322730,197319,692.13310000000001
2025-06-13 04:00:00+00:00,687.95000000000005,694.57000000000005,681.00999999999999,682.87,9274441,271642,687.61016800000004
2025-06-16 04:00:00+00:00,699.33000000000004,707.14999999999998,693.51030000000003,702.12,13720288,350279,701.35792900000001
2025-06-17 04:00:00+00:00,702,705.97000000000003,696.05999999999995,697.23000000000002,10066110,243286,700.23593100000005
2025-06-18 04:00:00+00:00,698.17999999999995,701.59000000000003,694.89999999999998,695.76999999999998,10068255,203883,697.85386800000003
2025-06-20 04:00:00+00:00,700.75,701.81970000000001,678.66999999999996,682.35000000000002,22538640,341428,687.321821
2025-06-23 04:00:00+00:00,683.69000000000005,699.04999999999995,678.75,698.52999999999997,11080055,308041,691.81971499999997
2025-06-24 04:00:00+00:00,704.88499999999999,713.19000000000005,702.11000000000001,712.20000000000005,13823180,335879,709.39319799999998
2025-06-25 04:00:00+00:00,713.31500000000005,716.58000000000004,705.38,708.67999999999995,9320436,249464,710.60614999999996
2025-06-26 04:00:00+00:00,714.35500000000002,728.22000000000003,711.04999999999995,726.09000000000003,13964793,353991,722.48786399999995
2025-06-27 04:00:00+00:00,726.51499999999999,735.42999999999995,725.86000000000001,733.63,18775735,337548,731.77668700000004
2025-06-30 04:00:00+00:00,744.54999999999995,747.89999999999998,734.25,738.09000000000003,15402105,360300,740.16377299999999
2025-07-01 04:00:00+00:00,736.875,737.74990000000003,715.37,719.22000000000003,13431248,382373,723.09816799999999
2025-07-02 04:00:00+00:00,715.32500000000005,720.29999999999995,712.79999999999995,713.57000000000005,9336740,268191,716.041245
2025-07-03 04:00:00+00:00,726.61000000000001,729.02999999999997,714.41999999999996,719.00999999999999,8601653,233087,720.53218400000003
2025-07-07 04:00:00+00:00,717.60000000000002,727,713.50999999999999,718.35000000000002,9457080,272034,721.152377
2025-07-08 04:00:00+00:00,721.57000000000005,722.90989999999999,714.80999999999995,720.66999999999996,7770693,224415,719.50182400000006
2025-07-09 04:00:00+00:00,722.71500000000003,737.52999999999997,722.71500000000003,732.77999999999997,11417963,313513,732.89577599999996
2025-07-10 04:00:00+00:00,731.54999999999995,735.79989999999998,719.60000000000002,727.24000000000001,9922249,274433,725.97916899999996
2025-07-11 04:00:00+00:00,722.495,725.15999999999997,709.70000000000005,717.50999999999999,10873880,318779,716.85543099999995
2025-07-14 04:00:00+00:00,717.60000000000002,728,716.54700000000003,720.91999999999996,8939399,257330,722.02825700000005
2025-07-15 04:00:00+00:00,723.89999999999998,724.47159999999997,709.82000000000005,710.38999999999999,11529511,336224,715.53514099999995
2025-07-16 04:00:00+00:00,713.37,713.97000000000003,699.27009999999996,702.90999999999997,13066181,375384,704.41683399999999
2025-07-17 04:00:00+00:00,704.38999999999999,705.89999999999998,697.10500000000002,701.40999999999997,11802964,354631,701.58688500000005
2025-07-18 04:00:00+00:00,702.19000000000005,704.71000000000004,691.64999999999998,704.27999999999997,12779416,325657,699.88988700000004
2025-07-21 04:00:00+00:00,706.79999999999995,717,705.75999999999999,712.96500000000003,9404391,276432,713.33695399999999
2025-07-22 04:00:00+00:00,716.19000000000005,716.60000000000002,701.40999999999997,704.80999999999995,8921064,263679,705.86885400000006
2025-07-23 04:00:00+00:00,706.36500000000001,714.62850000000003,704.92999999999995,713.58000000000004,8771615,232623,711.24847899999997
2025-07-24 04:00:00+00:00,717.04999999999995,723.62390000000005,714,714.79999999999995,10920836,284679,717.17235400000004
2025-07-25 04:00:00+00:00,716.91499999999996,720.6499,711.89999999999998,712.67999999999995,8271698,231627,715.94496600000002
2025-07-28 04:00:00+00:00,715.20000000000005,724.73519999999996,712.67999999999995,717.63,8715743,274235,718.175027
2025-07-29 04:00:00+00:00,720,724.47000000000003,699.90999999999997,700,13267032,352080,707.95664299999999
2025-07-30 04:00:00+00:00,708.09000000000003,708.5,691.20010000000002,695.21000000000004,27076604,663925,698.43043599999999
2025-07-31 04:00:00+00:00,775.20000000000005,784.75,765.50999999999999,773.44000000000005,38831098,851534,777.31957
2025-08-01 04:00:00+00:00,760.73000000000002,765.99990000000003,745.30999999999995,750.00999999999999,19028710,519642,753.00195900000006
2025-08-04 04:00:00+00:00,760,776.85000000000002,758.40999999999997,776.37,15801727,397872,769.57648600000005
2025-08-05 04:00:00+00:00,776.44500000000005,783.12990000000002,763,763.46000000000004,11640294,309607,769.71608000000003
2025-08-06 04:00:00+00:00,770,773.63999999999999,760.46010000000001,771.99000000000001,9733910,271545,769.36040700000001
2025-08-07 04:00:00+00:00,773.49000000000001,775,759.54999999999995,761.83000000000004,9019691,262586,766.35112500000002
2025-08-08 04:00:00+00:00,762.75,769.89999999999998,758.58000000000004,769.29999999999995,7320755,216093,766.13901999999996
2025-08-11 04:00:00+00:00,770.07500000000005,773.45839999999998,764.66999999999996,765.87,7611964,228648,768.81515899999999
2025-08-12 04:00:00+00:00,773,793.66999999999996,772.42999999999995,790,14579765,364124,786.95008600000006
2025-08-13 04:00:00+00:00,791.14999999999998,795.45609999999999,778.23000000000002,780.08000000000004,8811750,274046,784.45004500000005
2025-08-14 04:00:00+00:00,777.88,787.80999999999995,772.50999999999999,782.13,8116193,229314,782.90222000000006
2025-08-15 04:00:00+00:00,784.14999999999998,796.25,780.82000000000005,785.23000000000002,13375361,285478,788.24374899999998
2025-08-18 04:00:00+00:00,775.08500000000004,775.80999999999995,756.56010000000003,767.37,16513737,442658,765.71378600000003
2025-08-19 04:00:00+00:00,767.12,767.16999999999996,749.36000000000001,751.48000000000002,12286690,355458,754.66297199999997
2025-08-20 04:00:00+00:00,747.57000000000005,750.19989999999996,731,747.72000000000003,11898190,368162,741.41661699999997
2025-08-21 04:00:00+00:00,744.70500000000004,745.5,733.11009999999999,739.10000000000002,8876307,264629,738.84413700000005
2025-08-22 04:00:00+00:00,739.23000000000002,756.89999999999998,734.38999999999999,754.78999999999996,10612667,286292,751.05348500000002
2025-08-25 04:00:00+00:00,754.82000000000005,758.88,750.13,753.29999999999995,6861158,197853,754.06947700000001
2025-08-26 04:00:00+00:00,750.79999999999995,754.87,747.94000000000005,754.10000000000002,7601800,180580,752.96765100000005
2025-08-27 04:00:00+00:00,752.29999999999995,754.1499,742.84000000000003,747.38,8315435,226923,747.89028499999995
2025-08-28 04:00:00+00:00,744,753.0548,740.79499999999996,751.11000000000001,7467955,187441,750.04235600000004
2025-08-29 04:00:00+00:00,745.27999999999997,747.13999999999999,735.34659999999997,738.70000000000005,9068273,268395,739.392338
2025-09-02 04:00:00+00:00,726.03999999999996,736,721.73059999999998,735.11000000000001,9350857,286226,731.12737200000004
2025-09-03 04:00:00+00:00,736,740.25,733.98929999999996,737.04999999999995,7699332,232884,736.72064899999998
2025-09-04 04:00:00+00:00,748.57000000000005,761.15999999999997,745.82000000000005,748.64999999999998,11439078,290257,750.93996900000002
2025-09-05 04:00:00+00:00,752.61500000000001,757.95000000000005,745.02999999999997,752.45000000000005,9654264,256933,752.29057399999999
2025-09-08 04:00:00+00:00,755.995,766.50999999999999,752.01999999999998,752.29999999999995,13087816,264894,757.88076799999999
2025-09-09 04:00:00+00:00,757.49000000000001,766.29999999999995,753.42999999999995,765.70000000000005,10999026,264822,762.77890300000001
2025-09-10 04:00:00+00:00,765.13,765.70000000000005,751,751.98000000000002,12478276,306974,754.684257
2025-09-11 04:00:00+00:00,754.64999999999998,757.10000000000002,748.37,750.89999999999998,7914682,237353,752.10977800000001
2025-09-12 04:00:00+00:00,748.72500000000002,757.57029999999997,743.75999999999999,755.59000000000003,8248557,227345,753.18111399999998
2025-09-15 04:00:00+00:00,757.47000000000003,774.07000000000005,751.98500000000001,764.70000000000005,10533780,313403,763.81280800000002
2025-09-16 04:00:00+00:00,767,781.36000000000001,765.10000000000002,779,11782482,318140,773.67153299999995
2025-09-17 04:00:00+00:00,779.99000000000001,783.28999999999996,766.30999999999995,775.71500000000003,9400867,278158,774.06950800000004
2025-09-18 04:00:00+00:00,780.75,788.77999999999997,773.36000000000001,780.25,10954949,307055,782.84058900000002
2025-09-19 04:00:00+00:00,786.41999999999996,790.79999999999995,769.19010000000003,778.38,23696824,345193,778.45512099999996
2025-09-22 04:00:00+00:00,781.84500000000003,785.73000000000002,764.47000000000003,765.15999999999997,11706946,340365,772.49307299999998
2025-09-23 04:00:00+00:00,769.25,770.60000000000002,751.07000000000005,755.39999999999998,10872592,343630,759.65157199999999
2025-09-24 04:00:00+00:00,757.5,761.11000000000001,752.52509999999995,760.65999999999997,8828227,247332,758.00337200000001
2025-09-25 04:00:00+00:00,753.45000000000005,756.76499999999999,744.54999999999995,748.90999999999997,10591065,307749,749.77067699999998
2025-09-26 04:00:00+00:00,750,751.92989999999998,737.35320000000002,743.75,9696338,300808,743.41092200000003
2025-09-29 04:00:00+00:00,748.72000000000003,750.77999999999997,739.14999999999998,743.39999999999998,9246768,283429,745.07754999999997
2025-09-30 04:00:00+00:00,742.25,742.97000000000003,726.29999999999995,734.38,16226750,460560,733.00544600000001
2025-10-01 04:00:00+00:00,721.49000000000001,721.84990000000005,710.20000000000005,717.34000000000003,20419633,663764,716.92707800000005
2025-10-02 04:00:00+00:00,722.58000000000004,727.76999999999998,718.13999999999999,727.04999999999995,11415271,374285,723.95166200000006
2025-10-03 04:00:00+00:00,729.625,731,710.17999999999995,710.55999999999995,16154305,543115,716.10920499999997
2025-10-06 04:00:00+00:00,705.18499999999995,716.88,690.50999999999999,715.65999999999997,21654738,667615,705.73821899999996
2025-10-07 04:00:00+00:00,717.72000000000003,718.49990000000003,705.75,713.08000000000004,12062928,388866,711.51082099999996
2025-10-08 04:00:00+00:00,713.45000000000005,719.64999999999998,707.80999999999995,717.84000000000003,10790571,312238,715.995949
2025-10-09 04:00:00+00:00,718.27499999999998,733.50999999999999,712.44000000000005,733.50999999999999,12717172,394189,726.11881100000005
2025-10-10 04:00:00+00:00,730.91999999999996,735.26999999999998,704.50999999999999,705.29999999999995,16980091,582127,714.61548400000004
2025-10-13 04:00:00+00:00,713.00999999999999,719.94000000000005,707.6413,715.70000000000005,9251796,339062,714.382611
2025-10-14 04:00:00+00:00,707.77999999999997,715.54999999999995,699.33000000000004,708.64999999999998,8829757,315138,708.81086400000004
2025-10-15 04:00:00+00:00,717.05999999999995,723.89999999999998,709.50999999999999,717.54999999999995,10246766,286355,717.69194500000003
2025-10-16 04:00:00+00:00,717.54999999999995,725.49000000000001,703.88,712.07000000000005,9017010,296431,714.195021
2025-10-17 04:00:00+00:00,707.07500000000005,718.53999999999996,706.12,716.91499999999996,12232441,292413,713.43197099999998
2025-10-20 04:00:00+00:00,721.19000000000005,733.76999999999998,720.17999999999995,732.16999999999996,9036204,295009,730.51167499999997
2025-10-21 04:00:00+00:00,736.01499999999999,738.5,728.75,733.26999999999998,7647163,252618,732.98776899999996
2025-10-22 04:00:00+00:00,733.83000000000004,740.60000000000002,724.02999999999997,733.40999999999997,8734491,272202,732.42982700000005
2025-10-23 04:00:00+00:00,734.70000000000005,742.40999999999997,733.10000000000002,734,9855974,256811,737.19913399999996
2025-10-24 04:00:00+00:00,736.78999999999996,741.21000000000004,731.14999999999998,738.36000000000001,9151267,262833,736.589249
2025-10-27 04:00:00+00:00,749.73000000000002,755.75,748.00999999999999,750.82000000000005,11321080,337400,751.51378399999999
2025-10-28 04:00:00+00:00,752.63,758.39999999999998,745.52009999999996,751.44000000000005,12193818,360282,752.56502399999999
2025-10-29 04:00:00+00:00,754.75,759.15499999999997,742.50999999999999,751.66999999999996,26818592,866156,749.65553199999999
2025-10-30 04:00:00+00:00,669.14999999999998,680.95989999999995,650.16999999999996,666.47000000000003,88439991,2697062,666.01788899999997
2025-10-31 04:00:00+00:00,674.50999999999999,674.88999999999999,645.57000000000005,648.35000000000002,56953101,1581282,654.32352300000002
2025-11-03 05:00:00+00:00,656,659.32989999999995,636.17999999999995,637.71000000000004,33003599,1138020,647.17106100000001
2025-11-04 05:00:00+00:00,628.03499999999997,641.73990000000003,626.00999999999999,627.32000000000005,27356553,934014,631.34356100000002
2025-11-05 05:00:00+00:00,632.30999999999995,642.23000000000002,626.53750000000002,635.95000000000005,20219855,650301,636.00125400000002
2025-11-06 05:00:00+00:00,635.85000000000002,636,618,618.94000000000005,23628750,795339,623.24951199999998
2025-11-07 05:00:00+00:00,616.48500000000001,622.13480000000004,601.20000000000005,621.71000000000004,29946826,954856,610.91440899999998
2025-11-10 05:00:00+00:00,631.09000000000003,635,618.10500000000002,631.75999999999999,19245000,601728,631.56407999999999
2025-11-11 05:00:00+00:00,628,629.55999999999995,619.38999999999999,627.08000000000004,13302187,456938,624.88405299999999
2025-11-12 05:00:00+00:00,628.13,628.99000000000001,607.76999999999998,609.00999999999999,24493272,815196,613.06700899999998
2025-11-13 05:00:00+00:00,613.07000000000005,617.64999999999998,603,609.88999999999999,20973845,637543,609.44999199999995
2025-11-14 05:00:00+00:00,601.78999999999996,613.67999999999995,595.20000000000005,609.46000000000004,20724146,648308,607.71410200000003
2025-11-17 05:00:00+00:00,609.03499999999997,611.69000000000005,595.39999999999998,602.00999999999999,16501331,559202,603.15829299999996
2025-11-18 05:00:00+00:00,591.60000000000002,603.65999999999997,583.77999999999997,597.69000000000005,25500647,744934,594.00212399999998
2025-11-19 05:00:00+00:00,593.71500000000003,595.33000000000004,581.25,590.32000000000005,24744703,670865,587.86003900000003
2025-11-20 05:00:00+00:00,603.5,606.72000000000003,583.35000000000002,589.14999999999998,20603024,629682,593.46137899999997
2025-11-21 05:00:00+00:00,588.5,598.12,581.86000000000001,594.25,21052624,545654,591.31233899999995
2025-11-24 05:00:00+00:00,598.72000000000003,616.70000000000005,597.63009999999997,613.04999999999995,23554932,556228,611.71293400000002
2025-11-25 05:00:00+00:00,624,637.04499999999996,618.29999999999995,636.22000000000003,25212978,633481,629.39495599999998
2025-11-26 05:00:00+00:00,637.69000000000005,638.36000000000001,631.63,633.61000000000001,15209481,404133,635.01182900000003
2025-11-28 05:00:00+00:00,636.07500000000005,648.04999999999995,635.5,647.95000000000005,11033198,322040,643.61522200000002
2025-12-01 05:00:00+00:00,639.54999999999995,645.32000000000005,637.75999999999999,640.87,13029922,370963,641.38925500000005
2025-12-02 05:00:00+00:00,642.34000000000003,647.87,638.07000000000005,647.10000000000002,11640869,348758,644.56612199999995
2025-12-03 05:00:00+00:00,644.40999999999997,648.84990000000005,637.54999999999995,639.60000000000002,11134305,332859,642.85633800000005
2025-12-04 05:00:00+00:00,676,676.10000000000002,660.04999999999995,661.52999999999997,29874622,764515,664.91594099999998
2025-12-05 05:00:00+00:00,664,674.69000000000005,662.39469999999994,673.41999999999996,21207861,456879,671.01539500000001
2025-12-08 05:00:00+00:00,669.34000000000003,676.71000000000004,665.07000000000005,666.79999999999995,13160976,368326,668.56193099999996
2025-12-09 05:00:00+00:00,663.76499999999999,664.48000000000002,653.34000000000003,656.96000000000004,12997116,372121,656.87430900000004
2025-12-10 05:00:00+00:00,649.95000000000005,654.50999999999999,643.39760000000001,650.13,16910883,404461,649.09153600000002
2025-12-11 05:00:00+00:00,643.28999999999996,655.27999999999997,640.79499999999996,652.71000000000004,13056726,357456,650.46465000000001
2025-12-12 05:00:00+00:00,649.79999999999995,711,638.61000000000001,644.23000000000002,14016915,382274,645.04509099999996
2025-12-15 05:00:00+00:00,645.70000000000005,653,638.70010000000002,647.50999999999999,15549088,379764,647.59449199999995
2025-12-16 05:00:00+00:00,643.5,662.53999999999996,643.20000000000005,657.14999999999998,14309136,355532,654.80912599999999
2025-12-17 05:00:00+00:00,655.61000000000001,661.23000000000002,649.20000000000005,649.5,15598548,364077,653.92378299999996
2025-12-18 05:00:00+00:00,657.02499999999998,670.55999999999995,656.46000000000004,664.45000000000005,20260295,401717,664.61011800000006
2025-12-19 05:00:00+00:00,666.41999999999996,671,658.17999999999995,658.76999999999998,49977051,428849,661.74140399999999
2025-12-22 05:00:00+00:00,661.64499999999998,673.58000000000004,656.64999999999998,661.5,15659385,401648,662.16213600000003
2025-12-23 05:00:00+00:00,660.04999999999995,666,658.25,664.94000000000005,8486847,252127,664.11507600000004
2025-12-24 05:00:00+00:00,662.52999999999997,668.17999999999995,662.20000000000005,667.54999999999995,5627512,154871,666.50845300000003
2025-12-26 05:00:00+00:00,668.05999999999995,668.94989999999996,661.32010000000002,663.28999999999996,7133813,223945,663.96498999999994
2025-12-29 05:00:00+00:00,658.00999999999999,660.25,654.38999999999999,658.69000000000005,8506477,280472,657.77353000000005
2025-12-30 05:00:00+00:00,658.69000000000005,672.22000000000003,657.84000000000003,665.95000000000005,9187483,282242,666.71308099999999
2025-12-31 05:00:00+00:00,664.75,665,659.44000000000005,660.09000000000003,7940359,232248,661.61213899999996
2026-01-02 05:00:00+00:00,662.72500000000002,664.38999999999999,643.5,650.40999999999997,13726517,423541,651.85079299999995
2026-01-05 05:00:00+00:00,651.00999999999999,664.53999999999996,647.75120000000004,658.78999999999996,12198536,398070,659.86799399999995
2026-01-06 05:00:00+00:00,659.57000000000005,665.51999999999998,651.89999999999998,660.62,11074419,326878,658.20597299999997
2026-01-07 05:00:00+00:00,655.63999999999999,659.14999999999998,644.80999999999995,648.69000000000005,12846273,399478,650.36088500000005
2026-01-08 05:00:00+00:00,645.88,647.10199999999998,635.72000000000003,646.05999999999995,11921708,352788,642.716768
2026-01-09 05:00:00+00:00,645.43499999999995,654.95000000000005,642.85000000000002,653.05999999999995,11634944,344709,651.01714400000003
2026-01-12 05:00:00+00:00,652.52499999999998,653.97000000000003,641.22500000000002,641.97000000000003,14797197,384314,646.22472200000004
2026-01-13 05:00:00+00:00,642.26999999999998,642.26999999999998,624.10000000000002,631.09000000000003,18030395,578909,629.69082000000003
2026-01-14 05:00:00+00:00,626.5,628.45000000000005,614.81500000000005,615.51999999999998,15527875,498941,618.31651199999999
2026-01-15 05:00:00+00:00,618.48000000000002,624.16999999999996,614.23000000000002,620.79999999999995,13076058,392851,620.13378399999999
2026-01-16 05:00:00+00:00,624.17619999999999,629.08000000000004,620.08000000000004,620.25,17012516,348422,623.40558699999997
2026-01-20 05:00:00+00:00,607.88,611.39999999999998,600,604.12,15169565,515188,605.85698200000002
2026-01-21 05:00:00+00:00,606.74000000000001,618.26999999999998,600.08000000000004,612.96000000000004,14494655,404207,610.32905300000004
2026-01-22 05:00:00+00:00,629.35000000000002,660.57000000000005,626.54999999999995,647.63,21394669,572885,640.96612000000005
2026-01-23 05:00:00+00:00,644.76999999999998,666.48990000000003,644.44500000000005,658.75999999999999,22797723,543892,659.34598800000003
2026-01-26 05:00:00+00:00,665.125,675.27999999999997,661.28549999999996,672.36000000000001,16327378,451494,671.37213499999996
2026-01-27 05:00:00+00:00,674.59000000000003,676.81500000000005,664.65999999999997,672.97000000000003,13297350,402759,671.19512699999996
2026-01-28 05:00:00+00:00,674.5,677.67750000000001,666.10000000000002,668.73000000000002,25709600,740468,671.48765300000002
2026-01-29 05:00:00+00:00,737.42999999999995,744,712.54999999999995,738.30999999999995,59852903,1420875,729.14527699999996
2026-01-30 05:00:00+00:00,727.5,732.16999999999996,713.59000000000003,716.5,23744573,535662,719.449476
2026-02-02 05:00:00+00:00,714.60000000000002,721.29999999999995,703.52009999999996,706.40999999999997,14365224,405833,709.13304700000003
2026-02-03 05:00:00+00:00,707.37,717,686.40999999999997,691.70000000000005,13760663,415772,696.29832399999998
2026-02-04 05:00:00+00:00,687.73000000000002,688.83000000000004,667.46000000000004,668.99000000000001,16882761,489677,673.17956600000002
2026-02-05 05:00:00+00:00,663.58000000000004,681.5,653.5,670.21000000000004,17131791,477668,670.938851
2026-02-06 05:00:00+00:00,665.49000000000001,671.98990000000003,646.50009999999997,661.46000000000004,18159253,490473,658.77744299999995
2026-02-09 05:00:00+00:00,663.17999999999995,683.30989999999997,658.77999999999997,677.22000000000003,14837529,415105,674.68553499999996
2026-02-10 05:00:00+00:00,677.60000000000002,680.64999999999998,669.78999999999996,670.72000000000003,10455816,267710,672.82691299999999
2026-02-11 05:00:00+00:00,674,679.26750000000004,657.10000000000002,668.69000000000005,14323818,365076,667.81537500000002
2026-02-12 05:00:00+00:00,669.97000000000003,676,645.27999999999997,649.80999999999995,14960108,413259,654.11147500000004
2026-02-13 05:00:00+00:00,645.10000000000002,651.42989999999998,634.57000000000005,639.76999999999998,12336363,334501,643.51705300000003
2026-02-17 05:00:00+00:00,639.495,642.60000000000002,628.79999999999995,639.28999999999996,12674739,336371,637.36563599999999
2026-02-18 05:00:00+00:00,633.79999999999995,645,628.14499999999998,643.22000000000003,14649196,371231,638.76420299999995
2026-02-19 05:00:00+00:00,638.57000000000005,647.19000000000005,636.72000000000003,644.77999999999997,10035698,248265,643.60376900000006
2026-02-20 05:00:00+00:00,639.68499999999995,663.34990000000005,638.77999999999997,655.65999999999997,14183512,331088,654.65801899999997
2026-02-23 05:00:00+00:00,652.53999999999996,657.70000000000005,636,637.25,8664743,295137,642.82405200000005
2026-02-24 05:00:00+00:00,633.08000000000004,641.11000000000001,628.98000000000002,639.29999999999995,10187366,282593,637.215416
2026-02-25 05:00:00+00:00,642.52999999999997,653.88,642.13999999999999,653.69000000000005,11377695,294391,651.10026600000003
2026-02-26 05:00:00+00:00,650.54999999999995,661,647.5,657.00999999999999,10684837,280797,655.48900000000003
2026-02-27 05:00:00+00:00,643.45000000000005,649.44000000000005,638.12,648.17999999999995,15756425,328929,645.638825
2026-03-02 05:00:00+00:00,637.15999999999997,659.94000000000005,634.5,653.55999999999995,9877126,310365,652.29009299999996
2026-03-03 05:00:00+00:00,648.28999999999996,659.03999999999996,638.84000000000003,655.08000000000004,12313257,307523,651.70089700000005
2026-03-04 05:00:00+00:00,657.96000000000004,672.76999999999998,657.67110000000002,667.73000000000002,10858260,321715,667.38312699999994
2026-03-05 05:00:00+00:00,661.92999999999995,670.70000000000005,650.30999999999995,660.57000000000005,13391845,323669,659.74801100000002
2026-03-06 05:00:00+00:00,647.89999999999998,649.47000000000003,636.11000000000001,644.86000000000001,13209000,329096,644.09585300000003
2026-03-09 04:00:00+00:00,634.77999999999997,647.75,626.77999999999997,647.38999999999999,13552917,361902,637.75481100000002
2026-03-10 04:00:00+00:00,653.55999999999995,660.29999999999995,649,654.07000000000005,9909930,289320,655.43672900000001
2026-03-11 04:00:00+00:00,654.75999999999999,659.12,648.36000000000001,654.86000000000001,9022933,241947,653.88836200000003
2026-03-12 04:00:00+00:00,648.75,653.5,636.89999999999998,638.17999999999995,11668599,302507,640.83941000000004
2026-03-13 04:00:00+00:00,623.88999999999999,629.16989999999998,609.54999999999995,613.71000000000004,19036838,584293,617.56440699999996
2026-03-16 04:00:00+00:00,632,634.75,623.10040000000004,627.45000000000005,15206094,436479,628.19504400000005
2026-03-17 04:00:00+00:00,627.98500000000001,636.54999999999995,621.70000000000005,622.65999999999997,10397516,309786,627.05581800000004
2026-03-18 04:00:00+00:00,616.34000000000003,622.64999999999998,614.61000000000001,615.67999999999995,11779216,327723,618.07496500000002
2026-03-19 04:00:00+00:00,612.14999999999998,613,602.25999999999999,606.70000000000005,13310781,385984,607.03374799999995
2026-03-20 04:00:00+00:00,603.52999999999997,603.95500000000004,587.25,593.65999999999997,21286423,490120,594.961321
2026-03-23 04:00:00+00:00,605.78700000000003,608.63999999999999,599.00999999999999,604.05999999999995,13708822,398962,604.35782400000005
2026-03-24 04:00:00+00:00,599.10000000000002,601,591,592.91999999999996,10799492,321243,594.55965100000003
2026-03-25 04:00:00+00:00,598.74000000000001,603.66999999999996,593.39999999999998,594.88999999999999,12640131,359667,597.57140100000004
2026-03-26 04:00:00+00:00,582.49000000000001,583,543.35000000000002,547.53999999999996,35889010,1034435,557.50986499999999
2026-03-27 04:00:00+00:00,540.10000000000002,543.59990000000005,520.25999999999999,525.72000000000003,30231617,818812,528.69001100000003
2026-03-30 04:00:00+00:00,536.38,539.54999999999995,528.53999999999996,536.38,22876236,604140,535.27295400000003
2026-03-31 04:00:00+00:00,549.98000000000002,573.69000000000005,546.76999999999998,572.13,32969663,672284,565.14669400000002
2026-04-01 04:00:00+00:00,580.13,592.54650000000004,573.82000000000005,579.23000000000002,23674252,568367,581.96590600000002
2026-04-02 04:00:00+00:00,566.03499999999997,578.5,559.70000000000005,574.46000000000004,13579945,346464,570.69968100000006
2026-04-06 04:00:00+00:00,577.69000000000005,582.78999999999996,572,573.01999999999998,9580374,283200,575.94895699999995
2026-04-07 04:00:00+00:00,572.48000000000002,575.22500000000002,564.75999999999999,575.04999999999995,9640784,300038,570.065428
2026-04-08 04:00:00+00:00,606,629.95000000000005,591.83000000000004,612.41999999999996,32116998,739621,612.48112200000003
2026-04-09 04:00:00+00:00,626.97000000000003,637.5,623,628.38999999999999,19078592,488280,629.30633999999998
2026-04-10 04:00:00+00:00,634.47000000000003,638.58000000000004,624.33000000000004,629.86000000000001,13347958,377832,630.16425700000002
2026-04-13 04:00:00+00:00,629.5,635,624.39999999999998,634.52999999999997,9597036,311642,630.44924200000003
2026-04-14 04:00:00+00:00,643.22000000000003,666.25999999999999,639.37049999999999,662.49000000000001,17876642,483084,658.11681599999997
2026-04-15 04:00:00+00:00,667,678.5,664.22000000000003,671.58000000000004,15004980,420706,672.31585299999995
2026-04-16 04:00:00+00:00,675.99000000000001,677.58000000000004,667.75,676.87,9593722,304530,674.52053599999999
2026-04-17 04:00:00+00:00,678.60000000000002,691.51999999999998,675.13,688.54999999999995,16336947,388250,685.27554599999996
2026-04-20 04:00:00+00:00,681.36000000000001,683.38,668,670.90999999999997,12580100,358479,673.18833099999995
2026-04-21 04:00:00+00:00,671,676.20000000000005,667.33000000000004,668.84000000000003,8704625,271349,671.29387399999996
2026-04-22 04:00:00+00:00,674.35500000000002,678.38,669.75,674.72000000000003,9256284,276840,674.97688600000004
2026-04-23 04:00:00+00:00,663.70000000000005,669.55999999999995,653.04999999999995,659.14999999999998,11725662,362722,661.11785899999995
2026-04-24 04:00:00+00:00,660.32000000000005,680.66999999999996,653.84010000000001,675.02999999999997,13402532,368026,672.392291
2026-04-27 04:00:00+00:00,670.995,682.5,670.84000000000003,678.62,12852283,341580,677.41151300000001
2026-04-28 04:00:00+00:00,674.24000000000001,678.17999999999995,665.625,671.34000000000003,10655834,323441,670.93958699999996
2026-04-29 04:00:00+00:00,668.90999999999997,674.25,663.80840000000001,669.12,19015131,570554,670.38018699999998
2026-04-30 04:00:00+00:00,619.32000000000005,620.85000000000002,600,611.90999999999997,52926537,1505189,609.15884200000005
2026-05-01 04:00:00+00:00,614.69000000000005,618.88,606.11000000000001,608.745,21481724,589201,611.51598100000001
2026-05-04 04:00:00+00:00,607.93499999999995,614,602.75009999999997,610.40999999999997,16288176,481104,609.37457500000005
2026-05-05 04:00:00+00:00,613.30999999999995,614.35000000000002,600.36000000000001,604.96000000000004,17250129,521610,604.51894300000004
2026-05-06 04:00:00+00:00,601.04999999999995,619.95000000000005,598.10000000000002,612.88,19986214,535184,611.26089100000002
2026-05-07 04:00:00+00:00,614.72000000000003,624.98000000000002,613.54010000000005,616.80999999999995,12358206,358408,618.96367799999996
2026-05-08 04:00:00+00:00,615.20000000000005,616.76999999999998,606.06010000000003,609.63,13625240,401970,610.67184499999996
2026-05-11 04:00:00+00:00,604.57000000000005,604.90689999999995,598.08010000000002,598.86000000000001,16031053,530961,600.94530899999995
2026-05-12 04:00:00+00:00,594.81500000000005,603.745,592.60000000000002,603,11408166,372094,600.27468399999998
2026-05-13 04:00:00+00:00,598.83000000000004,619.89999999999998,596.66010000000006,616.63,14684405,409515,611.406161
2026-05-14 04:00:00+00:00,616,623.73000000000002,615,618.42999999999995,10699053,320527,619.26716199999998
2026-05-15 04:00:00+00:00,613.99000000000001,621.19989999999996,609.30999999999995,614.23000000000002,13320681,309867,614.82391900000005
2026-05-18 04:00:00+00:00,609.10500000000002,615.59000000000003,603.69000000000005,611.21000000000004,13829081,376501,609.92331000000001
2026-05-19 04:00:00+00:00,608.91999999999996,613.92999999999995,600.54999999999995,602.61000000000001,11799740,322823,604.81357200000002
2026-05-20 04:00:00+00:00,600.755,608,597.80999999999995,605.05999999999995,11375610,309901,603.80940599999997
2026-05-21 04:00:00+00:00,600,609.60000000000002,594.80830000000003,607.38,13528321,358945,603.22851400000002
2026-05-22 04:00:00+00:00,607.88,614.80999999999995,606.95000000000005,610.25999999999999,11732317,277269,609.96267799999998
2026-05-26 04:00:00+00:00,608.88999999999999,614.47000000000003,605.30010000000004,612.34000000000003,12294889,327159,609.77050499999996
2026-05-27 04:00:00+00:00,609.39499999999998,638.49990000000003,609,635.255,23192548,547030,624.79019000000005
2026-05-28 04:00:00+00:00,639.495,643,629.30999999999995,635.28999999999996,16824489,422540,634.59708699999999
2026-05-29 04:00:00+00:00,633.5,634.5,623.35000000000002,632.50999999999999,19862316,405678,629.65163500000006
2026-06-01 04:00:00+00:00,630.39999999999998,635.74990000000003,599.52999999999997,600.47000000000003,29236934,805362,609.58456000000001
2026-06-02 04:00:00+00:00,603.24000000000001,608.88,596.67999999999995,597.63,18314032,476993,602.02802199999996
2026-06-03 04:00:00+00:00,603,624.14999999999998,600.26999999999998,622.98000000000002,23077203,538447,617.39811199999997
2026-06-04 04:00:00+00:00,623.66999999999996,642.39999999999998,622.42999999999995,627.57000000000005,21519983,474224,632.60404800000003
2026-06-05 04:00:00+00:00,623.46000000000004,629.14499999999998,582.90999999999997,593,30165101,700242,599.00914299999999
2026-06-08 04:00:00+00:00,592,592,579.22000000000003,585.38999999999999,19590876,450409,586.92615499999999
2026-06-09 04:00:00+00:00,591,597.63,581.00999999999999,584.59000000000003,17023970,402612,588.59093900000005
2026-06-10 04:00:00+00:00,580.73000000000002,591.32000000000005,570.60000000000002,570.98000000000002,17127228,435921,576.58953499999996
2026-06-11 04:00:00+00:00,565.83000000000004,572.16999999999996,557.00999999999999,568.42999999999995,17696750,517615,565.20422699999995
2026-06-12 04:00:00+00:00,572.95000000000005,576.07000000000005,560.89999999999998,566.98000000000002,14408377,396202,567.81795999999997
2026-06-15 04:00:00+00:00,579.89999999999998,601.26999999999998,579.29750000000001,593.48000000000002,17715392,446547,593.06251899999995
2026-06-16 04:00:00+00:00,593.64999999999998,605.80999999999995,592,600.21000000000004,11394920,343737,598.57073600000001
2026-06-17 04:00:00+00:00,592.00199999999995,593.80999999999995,566.19000000000005,567.58000000000004,20551498,549456,575.97259599999995
2026-06-18 04:00:00+00:00,572.82000000000005,580.21500000000003,563.10000000000002,577.22000000000003,28877898,412168,575.04072199999996
2026-06-22 04:00:00+00:00,572.01999999999998,575.80999999999995,559.80999999999995,563.85000000000002,15483958,470884,565.22262000000001
2026-06-23 04:00:00+00:00,562.245,572.20000000000005,561.01999999999998,562.20000000000005,13149174,359740,564.39851499999997
2026-06-24 04:00:00+00:00,561.88999999999999,569.03999999999996,555.54999999999995,557.66999999999996,14015412,364567,560.26135199999999
2026-06-25 04:00:00+00:00,555.553,556.34000000000003,540.17999999999995,542.87,17031545,464267,546.54425700000002
2026-06-26 04:00:00+00:00,543.34000000000003,556.85000000000002,540.39999999999998,550.25,18914057,372371,550.39769999999999
2026-06-29 04:00:00+00:00,560,570.89999999999998,558,562.60000000000002,15060731,354744,564.76304800000003
2026-06-30 04:00:00+00:00,560.94000000000005,565.53499999999997,551.42999999999995,563.28999999999996,18162140,359955,560.066958
2026-07-01 04:00:00+00:00,607.90999999999997,628.27999999999997,595.10000000000002,612.90999999999997,45610127,1030680,615.13334199999997
2026-07-02 04:00:00+00:00,607.89499999999998,610,580.41999999999996,582.89999999999998,21816746,563847,588.86011800000006
2026-07-06 04:00:00+00:00,594.84000000000003,603.58000000000004,581.75999999999999,600.28999999999996,17733415,418816,595.84231
2026-07-07 04:00:00+00:00,607.59000000000003,625.37,603.65999999999997,615.58000000000004,18606087,462516,614.04049099999997
2026-07-08 04:00:00+00:00,614.38499999999999,616,598.01049999999998,603.12,13647332,309463,603.58892100000003
2026-07-09 04:00:00+00:00,583.99000000000001,633.26999999999998,577.07000000000005,631.48000000000002,26627785,611717,611.80553499999996
2026-07-10 04:00:00+00:00,660.33500000000004,677.86000000000001,658.00999999999999,669.21000000000004,40680999,931006,668.98613499999999
2026-07-13 04:00:00+00:00,661.38,676.62,654.20000000000005,656.73000000000002,19893457,477255,660.72997899999996
2026-07-14 04:00:00+00:00,652,666.5,649.04999999999995,661.03999999999996,16784053,323431,660.04181400000004
2026-07-15 04:00:00+00:00,663.60000000000002,686.08000000000004,656.66010000000006,681.30999999999995,19046772,458553,676.35930399999995
2026-07-16 04:00:00+00:00,677.27499999999998,681.89999999999998,660.15999999999997,664.53999999999996,15854034,380174,669.52384300000006
2026-07-17 04:00:00+00:00,647.70000000000005,652.20000000000005,626,646.00999999999999,22318610,521250,642.33318399999996
2026-07-20 04:00:00+00:00,646.70000000000005,653.29999999999995,636.01049999999998,645.85000000000002,10267147,281100,646.19742699999995
2026-07-21 04:00:00+00:00,654.17999999999995,655.88,643.20000000000005,643.80999999999995,9174837,240543,646.50758599999995
2026-07-22 04:00:00+00:00,647.70000000000005,648.99800000000005,624,627.16999999999996,11061896,318749,629.43021399999998
2026-07-23 04:00:00+00:00,608.40999999999997,614.64999999999998,597.22000000000003,606.10000000000002,15543745,394296,605.23367900000005
2026-07-24 04:00:00+00:00,605.29999999999995,609.98000000000002,594.45000000000005,595.19000000000005,11543707,301355,600.78386499999999
2026-07-27 04:00:00+00:00,607.22000000000003,611.25999999999999,593.13,593.87,11242604,311008,599.37339099999997
2026-07-28 04:00:00+00:00,596.82000000000005,601,587,593.40999999999997,12050227,286693,593.758735
2026-07-29 04:00:00+00:00,593.25,599.97000000000003,582.22000000000003,585.61000000000001,22421272,591928,589.58722499999999
2026-07-30 04:00:00+00:00,526,539.88,524.49000000000001,539.02999999999997,42387237,1214366,533.46580500000005
2026-07-31 04:00:00+00:00,543.60000000000002,558.33000000000004,540.22000000000003,556.71000000000004,24325425,626313,550.63921100000005
2026-08-03 04:00:00+00:00,562.24000000000001,597.51999999999998,559.36000000000001,590.24000000000001,26008954,622372,588.74562900000001
2026-08-04 04:00:00+00:00,581.5,592.78700000000003,578.25,587.94000000000005,18014981,468505,585.343074
2026-08-05 04:00:00+00:00,600.45500000000004,601,580.12,588.76999999999998,14941981,382908,588.31666399999995
2026-08-06 04:00:00+00:00,586.95000000000005,595.30999999999995,585.995,589.89999999999998,11849892,287683,590.05391399999996
2026-08-07 04:00:00+00:00,585.63999999999999,598.73990000000003,585.62,592.10000000000002,11290667,268473,592.88486799999998
2026-08-10 04:00:00+00:00,599.13,608.21000000000004,592.03009999999995,594.91999999999996,15018528,363845,597.59345699999994
2026-08-11 04:00:00+00:00,598,612.42999999999995,593.39999999999998,599.12,13184344,318744,604.05635900000004
2026-08-12 04:00:00+00:00,601.06500000000005,604.49900000000002,578.21000000000004,578.85000000000002,16243495,462556,583.40513999999996
2026-08-13 04:00:00+00:00,580.71000000000004,595.85000000000002,579.38999999999999,594.97000000000003,11202731,313279,590.487708
2026-08-14 04:00:00+00:00,596.98000000000002,601.86000000000001,589.28999999999996,589.85000000000002,8800012,251439,593.35353199999997
2026-08-17 04:00:00+00:00,589.75,590.24000000000001,564.75,568.97000000000003,17310370,542257,571.662463
2026-08-18 04:00:00+00:00,557.48000000000002,560.65999999999997,543.21000000000004,543.66999999999996,27191926,776945,548.59207100000003
2026-08-19 04:00:00+00:00,541.34000000000003,554.07000000000005,537.26999999999998,546.02999999999997,17028496,468948,547.55811900000003
2026-08-20 04:00:00+00:00,546.95000000000005,549.98800000000006,539.30999999999995,545.83000000000004,13924935,378656,544.41188599999998
2026-08-21 04:00:00+00:00,546.88499999999999,553.87329999999997,543.23000000000002,549.89999999999998,13892224,311555,549.88495599999999
2026-08-24 04:00:00+00:00,550.20000000000005,561.41999999999996,546.29999999999995,559.01999999999998,13057697,364258,556.19940099999997
2026-08-25 04:00:00+00:00,563.88,570.79999999999995,561.40009999999995,570.04999999999995,9808534,277783,566.88532899999996
2026-08-26 04:00:00+00:00,590.30999999999995,593.34000000000003,561.88,576.13999999999999,31455956,748050,577.12928099999999
2026-08-27 04:00:00+00:00,576.48000000000002,588.38999999999999,567.62,571.10000000000002,15264023,395227,573.90118099999995
2026-08-28 04:00:00+00:00,571.54999999999995,589.19000000000005,571,578.01999999999998,16080243,360065,579.29215999999997
2026-08-31 04:00:00+00:00,577.63,578.67499999999995,569.1386,572.34000000000003,13437655,313835,572.38554799999997
2026-09-01 04:00:00+00:00,558.34500000000003,584.95000000000005,556.10000000000002,578.53999999999996,15842964,382226,576.07921199999998
2026-09-02 04:00:00+00:00,578.78499999999997,600.38,577,592.85000000000002,16587136,411376,593.43424100000004
2026-09-03 04:00:00+00:00,604.49000000000001,619.46000000000004,604.35000000000002,610.67999999999995,19777877,452495,613.53191500000003
2026-09-04 04:00:00+00:00,612.35000000000002,617.46000000000004,605.26999999999998,616.76999999999998,15997345,353295,612.70546899999999
2026-09-08 04:00:00+00:00,616.20500000000004,624.79999999999995,609.74000000000001,613.48000000000002,18960568,405351,616.33058400000004
2026-09-09 04:00:00+00:00,648.63999999999999,657.86000000000001,638.55999999999995,653.69000000000005,35951549,827655,650.63079400000004
2026-09-10 04:00:00+00:00,653.70500000000004,663.5,642.13999999999999,644.38,21562629,451943,649.761124
2026-09-11 04:00:00+00:00,653.50999999999999,664.24000000000001,646.20000000000005,648.02999999999997,16957444,328253,651.86752000000001
2026-09-14 04:00:00+00:00,657.83000000000004,668.60000000000002,649.22000000000003,665.60000000000002,19373121,458437,661.52261899999996
2026-09-15 04:00:00+00:00,659.29999999999995,678.87,656.20000000000005,670.24000000000001,19535914,413585,669.33175500000004
2026-09-16 04:00:00+00:00,679.90499999999997,685.30999999999995,671.91420000000005,673.30999999999995,17252682,396587,677.54915200000005
2026-09-17 04:00:00+00:00,682.44000000000005,683.20000000000005,667.04999999999995,682.30999999999995,15964849,364576,677.76267499999994
