timestamp,open,high,low,close,volume,trade_count,vwap
2016-01-04 05:00:00+00:00,47.289999999999999,47.810000000000002,46.409999999999997,47.390000000000001,2526525,16862,47.130398999999997
2016-01-05 05:00:00+00:00,48.600000000000001,48.729999999999997,47.450000000000003,48.490000000000002,2013809,10293,48.184995000000001
2016-01-06 05:00:00+00:00,47.75,47.859999999999999,46.579999999999998,47.07,2576102,13010,47.18412
2016-01-07 05:00:00+00:00,46.420000000000002,47.079999999999998,46.159999999999997,46.649999999999999,1813876,11814,46.665118999999997
2016-01-08 05:00:00+00:00,46.600000000000001,46.630000000000003,43.109999999999999,43.109999999999999,5205638,33320,44.244332999999997
2016-01-11 05:00:00+00:00,43.229999999999997,43.859999999999999,42.100000000000001,43.380000000000003,2361929,15060,43.089016000000001
2016-01-12 05:00:00+00:00,43.950000000000003,44.090000000000003,42.859999999999999,43.659999999999997,1947695,10727,43.553285000000002
2016-01-13 05:00:00+00:00,43.359999999999999,43.579999999999998,42.200000000000003,42.670000000000002,1448475,7656,43.118012
2016-01-14 05:00:00+00:00,42.469999999999999,42.560000000000002,40.57,41.990000000000002,3685614,19839,41.571167000000003
2016-01-15 05:00:00+00:00,40.469999999999999,40.740000000000002,39.659999999999997,40.020000000000003,1914514,12566,40.192428999999997
2016-01-19 05:00:00+00:00,40.700000000000003,42.299999999999997,40.560000000000002,41.670000000000002,1423131,10081,41.447617999999999
2016-01-20 05:00:00+00:00,40.979999999999997,40.979999999999997,38.359999999999999,39.899999999999999,2643148,15867,39.567140000000002
2016-01-21 05:00:00+00:00,40.280000000000001,40.869999999999997,39.609999999999999,40.539999999999999,1578808,8668,40.453583999999999
2016-01-22 05:00:00+00:00,41.210000000000001,41.994999999999997,41.030000000000001,41.850000000000001,1257346,7465,41.693328000000001
2016-01-25 05:00:00+00:00,41.479999999999997,41.609999999999999,39.729900000000001,40.240000000000002,1392564,10247,40.577922999999998
2016-01-26 05:00:00+00:00,40.270000000000003,42.310000000000002,40.229999999999997,41.450000000000003,972796,7626,41.340770999999997
2016-01-27 05:00:00+00:00,41.310000000000002,41.810000000000002,40.494999999999997,40.609999999999999,1140904,7901,41.043225999999997
2016-01-28 05:00:00+00:00,40.82,40.899999999999999,39.159999999999997,39.960000000000001,1168294,9048,39.797182999999997
2016-01-29 05:00:00+00:00,39.479999999999997,40.060000000000002,38.950000000000003,39.770000000000003,1536735,9513,39.435417000000001
2016-02-01 05:00:00+00:00,38.920000000000002,40.049999999999997,38.850000000000001,39.93,1205233,9617,39.549371000000001
2016-02-02 05:00:00+00:00,39.850000000000001,40,34.030999999999999,34.979999999999997,7223065,44618,35.854320999999999
2016-02-03 05:00:00+00:00,37.259999999999998,37.57,35.350000000000001,37.090000000000003,4757610,29766,36.778903
2016-02-04 05:00:00+00:00,36.25,39.469999999999999,36,38.880000000000003,1924887,14385,38.300477000000001
2016-02-05 05:00:00+00:00,38.729999999999997,38.740000000000002,37.185000000000002,37.700000000000003,873822,7064,37.801676
2016-02-08 05:00:00+00:00,37.039999999999999,37.140000000000001,34.859999999999999,35.950000000000003,1568002,9390,35.910499999999999
2016-02-09 05:00:00+00:00,34.439999999999998,35.390000000000001,33.595999999999997,33.960000000000001,1694016,11677,34.349201999999998
2016-02-10 05:00:00+00:00,35.030000000000001,35.079999999999998,33.079999999999998,33.270000000000003,1509415,11285,33.729067999999998
2016-02-11 05:00:00+00:00,32.289999999999999,32.479999999999997,31.66,32,1488329,9607,32.021735
2016-02-12 05:00:00+00:00,32.340000000000003,34.329999999999998,32.170000000000002,34.149999999999999,1972419,10172,33.472031000000001
2016-02-16 05:00:00+00:00,34.619999999999997,35.799999999999997,34.110700000000001,35.649999999999999,1295636,7825,35.155009999999997
2016-02-17 05:00:00+00:00,36.380000000000003,39.329900000000002,36.359999999999999,39.100000000000001,1791983,12410,38.208748
2016-02-18 05:00:00+00:00,38.759999999999998,38.899999999999999,38.039999999999999,38.759999999999998,1332333,8134,38.473439999999997
2016-02-19 05:00:00+00:00,37.899999999999999,38.770000000000003,37.68,38.509999999999998,512967,3945,38.168883999999998
2016-02-22 05:00:00+00:00,39.420000000000002,40.149999999999999,39.25,39.939999999999998,1067088,6301,39.735567000000003
2016-02-23 05:00:00+00:00,39.25,39.448900000000002,38.68,38.939999999999998,588743,4157,39.048099000000001
2016-02-24 05:00:00+00:00,37.270000000000003,38.649999999999999,37.170000000000002,38.57,605264,4651,37.950676999999999
2016-02-25 05:00:00+00:00,38.210000000000001,38.789999999999999,37.920000000000002,38.700000000000003,388551,2620,38.411222000000002
2016-02-26 05:00:00+00:00,38.770000000000003,38.859999999999999,38.259999999999998,38.460000000000001,385580,2787,38.570228
2016-02-29 05:00:00+00:00,38.490000000000002,38.729999999999997,37.969999999999999,37.979999999999997,518572,3175,38.268315000000001
2016-03-01 05:00:00+00:00,38.780000000000001,39.490000000000002,38.424999999999997,39.490000000000002,696861,5385,39.080185
2016-03-02 05:00:00+00:00,39.07,39.579999999999998,38.920000000000002,39.539999999999999,346641,2822,39.251575000000003
2016-03-03 05:00:00+00:00,39.100000000000001,39.630000000000003,39.009999999999998,39.399999999999999,395398,2794,39.276024999999997
2016-03-04 05:00:00+00:00,39.229999999999997,39.93,38.991100000000003,39.740000000000002,409764,3093,39.596200000000003
2016-03-07 05:00:00+00:00,39.109999999999999,40.750999999999998,39.109999999999999,40.600000000000001,976813,6490,40.422927999999999
2016-03-08 05:00:00+00:00,41.93,42.039999999999999,41.010100000000001,41.219999999999999,958235,7416,41.493583000000001
2016-03-09 05:00:00+00:00,41.719999999999999,42.359999999999999,41.399999999999999,42.030000000000001,489152,3521,41.929499
2016-03-10 05:00:00+00:00,41.990000000000002,42.104999999999997,40.850000000000001,41.57,662027,5374,41.451394999999998
2016-03-11 05:00:00+00:00,42.079999999999998,42.920000000000002,42.009999999999998,42.770000000000003,577410,3911,42.488726
2016-03-14 04:00:00+00:00,42.57,42.810000000000002,41.945,42.039999999999999,742158,5303,42.365461000000003
2016-03-15 04:00:00+00:00,41.460000000000001,41.799999999999997,41.100000000000001,41.409999999999997,318591,2652,41.442453999999998
2016-03-16 04:00:00+00:00,41.109999999999999,42.579999999999998,41.100000000000001,42.259999999999998,499438,3734,42.122717999999999
2016-03-17 04:00:00+00:00,42.43,43,42.159999999999997,42.710000000000001,274916,2468,42.683149
2016-03-18 04:00:00+00:00,42.729999999999997,43.060000000000002,42.399999999999999,42.399999999999999,575388,2749,42.559623999999999
2016-03-21 04:00:00+00:00,42.380000000000003,42.5,41.969999999999999,42.039999999999999,342567,3180,42.150410000000001
2016-03-22 04:00:00+00:00,41.560000000000002,42,41.5,41.659999999999997,276324,2035,41.712401999999997
2016-03-23 04:00:00+00:00,41.659999999999997,41.659999999999997,40.68,40.68,232381,2037,41.040300999999999
2016-03-24 04:00:00+00:00,40.229999999999997,41.200000000000003,40.149999999999999,41.149999999999999,222074,1795,40.705351999999998
2016-03-28 04:00:00+00:00,41.039999999999999,41.490000000000002,40.530000000000001,41.100000000000001,220133,1667,41.102167000000001
2016-03-29 04:00:00+00:00,40.869999999999997,41.549999999999997,40.719999999999999,41.520000000000003,318974,2873,41.171658999999998
2016-03-30 04:00:00+00:00,42.100000000000001,42.5,41.920000000000002,42.310000000000002,472741,4410,42.230207
2016-03-31 04:00:00+00:00,41.590000000000003,41.859999999999999,41.310000000000002,41.700000000000003,370053,2422,41.627319999999997
2016-04-01 04:00:00+00:00,40.740000000000002,41.18,40.659999999999997,41.049999999999997,434927,3035,40.925884000000003
2016-04-04 04:00:00+00:00,41.25,41.710000000000001,41.030000000000001,41.149999999999999,1643048,5697,41.293993
2016-04-05 04:00:00+00:00,40.210000000000001,40.57,40.049999999999997,40.25,407890,3353,40.312334999999997
2016-04-06 04:00:00+00:00,40.189999999999998,41.710000000000001,40.109999999999999,41.390000000000001,632215,5195,41.146512999999999
2016-04-07 04:00:00+00:00,40.880000000000003,41.189999999999998,40.380000000000003,40.649999999999999,655731,5581,40.670648999999997
2016-04-08 04:00:00+00:00,41.259999999999998,41.420000000000002,40.829999999999998,41.130000000000003,522433,4068,41.097912999999998
2016-04-11 04:00:00+00:00,41.159999999999997,41.869999999999997,41.085000000000001,41.380000000000003,505952,4383,41.484940999999999
2016-04-12 04:00:00+00:00,41.240000000000002,41.417000000000002,40.75,41.340000000000003,338557,2872,41.139324999999999
2016-04-13 04:00:00+00:00,41.939999999999998,42.009999999999998,41.619999999999997,41.950000000000003,379515,2897,41.851692999999997
2016-04-14 04:00:00+00:00,42.060000000000002,42.93,41.719999999999999,42.479999999999997,481295,4077,42.445481000000001
2016-04-15 04:00:00+00:00,43.310000000000002,44,43.049999999999997,43.969999999999999,696621,5562,43.602460000000001
2016-04-18 04:00:00+00:00,43.82,44.189999999999998,43.659999999999997,43.920000000000002,323125,2518,43.929051000000001
2016-04-19 04:00:00+00:00,44.439999999999998,44.869999999999997,44.439999999999998,44.770000000000003,524263,3421,44.670445999999998
2016-04-20 04:00:00+00:00,44.659999999999997,44.789999999999999,44.359999999999999,44.5,596655,4617,44.594389
2016-04-21 04:00:00+00:00,44.590000000000003,44.590000000000003,43.575000000000003,43.619999999999997,501281,3490,43.938530999999998
2016-04-22 04:00:00+00:00,43.5,43.549999999999997,42.829999999999998,42.979999999999997,386277,3532,43.127343000000003
2016-04-25 04:00:00+00:00,43.240000000000002,43.299999999999997,42.770099999999999,42.960000000000001,215331,1706,42.956060999999998
2016-04-26 04:00:00+00:00,43.740000000000002,44.164999999999999,43.539999999999999,44.060000000000002,505358,4755,43.888914
2016-04-27 04:00:00+00:00,43.82,44.159999999999997,43.719999999999999,43.960000000000001,380719,2452,43.998396
2016-04-28 04:00:00+00:00,44.060000000000002,45.490000000000002,43.950000000000003,45,1071226,7516,45.054169999999999
2016-04-29 04:00:00+00:00,45.380000000000003,46.119999999999997,44.880000000000003,45.850000000000001,1290394,10263,45.553835999999997
2016-05-02 04:00:00+00:00,46.5,46.549999999999997,43.549999999999997,44.530000000000001,1349451,9537,44.753660000000004
2016-05-03 04:00:00+00:00,43.850000000000001,44.094000000000001,43.649999999999999,43.950000000000003,480461,4212,43.875888000000003
2016-05-04 04:00:00+00:00,44.130000000000003,44.609999999999999,43.890000000000001,43.93,625932,5031,44.141446000000002
2016-05-05 04:00:00+00:00,43.780000000000001,43.789999999999999,42.57,42.93,690963,5899,42.973573000000002
2016-05-06 04:00:00+00:00,43.039999999999999,43.689999999999998,42.920000000000002,43.229999999999997,485691,4802,43.208759000000001
2016-05-09 04:00:00+00:00,43.090000000000003,43.159999999999997,42.729999999999997,42.920000000000002,304515,2375,42.982705000000003
2016-05-10 04:00:00+00:00,43.18,43.524999999999999,43.170000000000002,43.43,505385,3620,43.386094
2016-05-11 04:00:00+00:00,43.18,43.630000000000003,43.090000000000003,43.159999999999997,388447,2915,43.338777
2016-05-12 04:00:00+00:00,43.539999999999999,43.640000000000001,42.789999999999999,43.130000000000003,312717,2815,43.220849000000001
2016-05-13 04:00:00+00:00,43.57,44.479999999999997,43.560000000000002,43.649999999999999,623521,5254,43.893949999999997
2016-05-16 04:00:00+00:00,43.719999999999999,44.020000000000003,43.530000000000001,43.619999999999997,454807,4183,43.740920000000003
2016-05-17 04:00:00+00:00,42.780000000000001,42.890000000000001,42.009999999999998,42.079999999999998,466897,4230,42.389760000000003
2016-05-18 04:00:00+00:00,42.130000000000003,42.700000000000003,41.659999999999997,41.840000000000003,427618,3392,42.115563000000002
2016-05-19 04:00:00+00:00,41.729999999999997,41.799999999999997,40.109999999999999,40.520000000000003,1034902,7682,40.736818999999997
2016-05-20 04:00:00+00:00,41.200000000000003,41.32,40.759999999999998,41.030000000000001,375057,3023,40.978954000000002
2016-05-23 04:00:00+00:00,40.479999999999997,40.740000000000002,40.049999999999997,40.100000000000001,251790,2497,40.311190000000003
2016-05-24 04:00:00+00:00,40.939999999999998,41.520000000000003,40.869999999999997,41.329999999999998,743850,4497,41.167865999999997
2016-05-25 04:00:00+00:00,42.229999999999997,42.350000000000001,41.82,42,394995,3400,42.100079000000001
2016-05-26 04:00:00+00:00,42.109999999999999,42.299999999999997,41.670000000000002,41.899999999999999,211836,2298,41.935206999999998
2016-05-27 04:00:00+00:00,42.049999999999997,42.109999999999999,41.5501,41.979999999999997,217275,2095,41.874617000000001
2016-05-31 04:00:00+00:00,42.390000000000001,42.670000000000002,42.25,42.43,482577,2776,42.467655999999998
2016-06-01 04:00:00+00:00,42.350000000000001,42.619999999999997,42.060000000000002,42.539999999999999,569221,3521,42.429324000000001
2016-06-02 04:00:00+00:00,42.710000000000001,43.539999999999999,42.579999999999998,43.530000000000001,503806,3801,43.208019999999998
2016-06-03 04:00:00+00:00,42.990000000000002,43.240000000000002,42.75,43.18,619587,3945,43.062823999999999
2016-06-06 04:00:00+00:00,42.649999999999999,43.18,42.630000000000003,42.979999999999997,354597,2584,43.053933999999998
2016-06-07 04:00:00+00:00,43.539999999999999,44.43,43.539999999999999,44.299999999999997,500488,3608,44.130612999999997
2016-06-08 04:00:00+00:00,43.979999999999997,44.200000000000003,43.630000000000003,43.700000000000003,188530,1609,43.787135999999997
2016-06-09 04:00:00+00:00,43.149999999999999,43.689999999999998,43.100000000000001,43.5,333374,2151,43.437730000000002
2016-06-10 04:00:00+00:00,42.149999999999999,42.280000000000001,41.869999999999997,42.159999999999997,682693,4205,42.096924000000001
2016-06-13 04:00:00+00:00,40.969999999999999,41.530000000000001,40.909999999999997,41.380000000000003,897738,4072,41.319429999999997
2016-06-14 04:00:00+00:00,40.950000000000003,41.25,40.909999999999997,41.149999999999999,385368,2777,41.086511999999999
2016-06-15 04:00:00+00:00,40.829999999999998,42.060000000000002,40.829999999999998,41.649999999999999,432108,3318,41.621281000000003
2016-06-16 04:00:00+00:00,40.57,41.460000000000001,40.399999999999999,41.399999999999999,537427,3852,40.881390000000003
2016-06-17 04:00:00+00:00,41.600000000000001,42.359999999999999,41.560000000000002,42.140000000000001,301066,1896,42.069085000000001
2016-06-20 04:00:00+00:00,43.420000000000002,43.520000000000003,42.979999999999997,43.009999999999998,457228,3475,43.224276000000003
2016-06-21 04:00:00+00:00,43.380000000000003,43.380000000000003,42.469999999999999,42.600000000000001,266741,2145,42.697823
2016-06-22 04:00:00+00:00,43.109999999999999,43.200000000000003,42.119999999999997,42.170000000000002,530550,3379,42.459693000000001
2016-06-23 04:00:00+00:00,43.539999999999999,43.7941,43.119999999999997,43.780000000000001,503654,3407,43.574638999999998
2016-06-24 04:00:00+00:00,40.670000000000002,41.350000000000001,40.5,40.590000000000003,1159007,7503,40.793194999999997
2016-06-27 04:00:00+00:00,39.710000000000001,39.710000000000001,38.710000000000001,38.880000000000003,1139093,8798,39.125475000000002
2016-06-28 04:00:00+00:00,40.020000000000003,40.640000000000001,39.729999999999997,40.100000000000001,700339,5357,40.116357999999998
2016-06-29 04:00:00+00:00,39.920000000000002,40.43,39.7866,40.090000000000003,876389,6302,40.092537
2016-06-30 04:00:00+00:00,40.380000000000003,41.020000000000003,40.049999999999997,40.93,546275,4100,40.664915000000001
2016-07-01 04:00:00+00:00,41.710000000000001,41.849899999999998,41.25,41.479999999999997,331078,2769,41.541331999999997
2016-07-05 04:00:00+00:00,40.939999999999998,40.969999999999999,39.799999999999997,39.990000000000002,631152,4887,40.295786999999997
2016-07-06 04:00:00+00:00,38.899999999999999,40.100000000000001,38.799999999999997,40.090000000000003,779444,5961,39.507294000000002
2016-07-07 04:00:00+00:00,39.810000000000002,40.229999999999997,39.490000000000002,39.539999999999999,485592,3980,39.757382999999997
2016-07-08 04:00:00+00:00,40.960000000000001,41.960000000000001,40.740000000000002,41.25,712968,5669,41.420729999999999
2016-07-11 04:00:00+00:00,42.340000000000003,42.359999999999999,41.969999999999999,42.030000000000001,449932,3294,42.112493999999998
2016-07-12 04:00:00+00:00,42.840000000000003,42.969900000000003,42.560000000000002,42.57,354865,2322,42.777137000000003
2016-07-13 04:00:00+00:00,42.700000000000003,42.729999999999997,41.880000000000003,42.079999999999998,331607,1738,42.071275999999997
2016-07-14 04:00:00+00:00,42.710000000000001,42.990000000000002,42.549999999999997,42.810000000000002,235965,2106,42.836500000000001
2016-07-15 04:00:00+00:00,42.530000000000001,42.590000000000003,42.350000000000001,42.369999999999997,129858,1215,42.447453000000003
2016-07-18 04:00:00+00:00,42.280000000000001,42.670000000000002,42.060000000000002,42.210000000000001,512786,2753,42.335979999999999
2016-07-19 04:00:00+00:00,41.810000000000002,42.350000000000001,41.780000000000001,42.140000000000001,218258,1707,42.128374000000001
2016-07-20 04:00:00+00:00,42.289999999999999,42.350000000000001,42.000999999999998,42.140000000000001,255886,1836,42.225141000000001
2016-07-21 04:00:00+00:00,42.259999999999998,42.845500000000001,42.25,42.68,539389,3102,42.575592
2016-07-22 04:00:00+00:00,42.82,43,42.659999999999997,42.920000000000002,238261,1356,42.876263999999999
2016-07-25 04:00:00+00:00,43.18,43.619999999999997,42.939999999999998,43.469999999999999,355632,3059,43.377249999999997
2016-07-26 04:00:00+00:00,43.259999999999998,43.859999999999999,43.259999999999998,43.600000000000001,217826,2033,43.647298999999997
2016-07-27 04:00:00+00:00,44.810000000000002,45,44.439999999999998,44.770000000000003,645939,4809,44.712325999999997
2016-07-28 04:00:00+00:00,44.759999999999998,44.770000000000003,43.659999999999997,44.189999999999998,523197,3058,44.186169999999997
2016-07-29 04:00:00+00:00,45.049999999999997,45.18,44.670000000000002,45.170000000000002,775783,5496,44.998496000000003
2016-08-01 04:00:00+00:00,45.030000000000001,45.82,44.850000000000001,45.780000000000001,983849,6668,45.365859999999998
2016-08-02 04:00:00+00:00,45.600000000000001,47.079999999999998,45,46.509999999999998,1920429,9867,46.547758000000002
2016-08-03 04:00:00+00:00,46.43,47.229999999999997,46.380000000000003,46.890000000000001,789204,5493,46.787266000000002
2016-08-04 04:00:00+00:00,46.710000000000001,47.039999999999999,46.375,46.659999999999997,499434,2660,46.783693
2016-08-05 04:00:00+00:00,47,47.090000000000003,46.799999999999997,46.880000000000003,320628,2512,46.927998000000002
2016-08-08 04:00:00+00:00,47.390000000000001,47.549999999999997,47.079999999999998,47.450000000000003,1465154,3544,47.436782999999998
2016-08-09 04:00:00+00:00,47.520000000000003,47.82,47.210000000000001,47.460000000000001,415387,3802,47.464939999999999
2016-08-10 04:00:00+00:00,47.93,48.119999999999997,47.740000000000002,47.950000000000003,369857,3071,47.951974999999997
2016-08-11 04:00:00+00:00,48.07,48.210000000000001,47.82,48.049999999999997,218866,1872,48.050677999999998
2016-08-12 04:00:00+00:00,48.359999999999999,48.600000000000001,48.259999999999998,48.409999999999997,326702,2611,48.404608000000003
2016-08-15 04:00:00+00:00,48.409999999999997,48.700000000000003,48.409999999999997,48.68,152899,1336,48.599792000000001
2016-08-16 04:00:00+00:00,47.880000000000003,48.119999999999997,47.57,47.93,343059,2755,47.921422999999997
2016-08-17 04:00:00+00:00,47.619999999999997,48.390000000000001,47.57,48.380000000000003,518607,4262,48.131542000000003
2016-08-18 04:00:00+00:00,48.060000000000002,48.659999999999997,47.960000000000001,48.659999999999997,378109,2832,48.469647000000002
2016-08-19 04:00:00+00:00,47.43,48.399999999999999,47.350000000000001,48.399999999999999,664615,4414,48.125919000000003
2016-08-22 04:00:00+00:00,47.759999999999998,48.560000000000002,47.729999999999997,48.409999999999997,485983,4105,48.275212000000003
2016-08-23 04:00:00+00:00,48.880000000000003,49.109999999999999,48.640000000000001,49.109999999999999,503655,2834,48.944234999999999
2016-08-24 04:00:00+00:00,48.5,48.649999999999999,48.369999999999997,48.530000000000001,318398,2274,48.481912999999999
2016-08-25 04:00:00+00:00,48.039999999999999,48.43,48.039999999999999,48.399999999999999,255599,1865,48.297606999999999
2016-08-26 04:00:00+00:00,48.350000000000001,48.939999999999998,48.259999999999998,48.740000000000002,925638,4984,48.544001999999999
2016-08-29 04:00:00+00:00,48.399999999999999,48.780000000000001,48.149999999999999,48.670000000000002,341130,2482,48.494174999999998
2016-08-30 04:00:00+00:00,48.390000000000001,48.600000000000001,48.350000000000001,48.549999999999997,398841,2193,48.500242999999998
2016-08-31 04:00:00+00:00,48.189999999999998,48.490000000000002,47.960000000000001,48.140000000000001,743463,2981,48.231974999999998
2016-09-01 04:00:00+00:00,48.270000000000003,48.590000000000003,47.93,48.32,310802,2012,48.195836999999997
2016-09-02 04:00:00+00:00,48.25,48.590000000000003,48.060000000000002,48.5,436492,3564,48.349418
2016-09-06 04:00:00+00:00,48.25,48.719999999999999,48.25,48.670000000000002,370690,2808,48.522129
2016-09-07 04:00:00+00:00,49.549999999999997,50.090000000000003,49.299999999999997,49.759999999999998,416197,3172,49.768464000000002
2016-09-08 04:00:00+00:00,49.100000000000001,49.710000000000001,48.939999999999998,49.469999999999999,383234,3032,49.389271000000001
2016-09-09 04:00:00+00:00,49.219999999999999,49.289999999999999,48.200000000000003,48.200000000000003,497175,3436,48.523456000000003
2016-09-12 04:00:00+00:00,47.310000000000002,48.755000000000003,47.299999999999997,48.640000000000001,384216,2910,48.145012999999999
2016-09-13 04:00:00+00:00,48.109999999999999,48.369999999999997,47.420000000000002,47.579999999999998,296902,2345,47.714801000000001
2016-09-14 04:00:00+00:00,47.520000000000003,47.859999999999999,47.399999999999999,47.469999999999999,169662,1432,47.594689000000002
2016-09-15 04:00:00+00:00,46.950000000000003,47.979999999999997,46.890000000000001,47.850000000000001,224661,2047,47.620223000000003
2016-09-16 04:00:00+00:00,46.549999999999997,46.799999999999997,46.390000000000001,46.649999999999999,505851,3319,46.564273999999997
2016-09-19 04:00:00+00:00,47.560000000000002,47.93,47.509999999999998,47.729999999999997,213334,1726,47.750278999999999
2016-09-20 04:00:00+00:00,47.490000000000002,47.640000000000001,47.259999999999998,47.57,210155,1783,47.507348
2016-09-21 04:00:00+00:00,48.549999999999997,49.159999999999997,48.299999999999997,49.100000000000001,481645,3043,48.752234999999999
2016-09-22 04:00:00+00:00,50.43,50.619999999999997,50.210000000000001,50.530000000000001,721588,4880,50.421270999999997
2016-09-23 04:00:00+00:00,50.649999999999999,50.960000000000001,50.170000000000002,50.219999999999999,497948,3358,50.528964000000002
2016-09-26 04:00:00+00:00,50.280000000000001,50.390000000000001,50.060000000000002,50.340000000000003,371811,2327,50.272852
2016-09-27 04:00:00+00:00,50.079999999999998,50.649999999999999,49.865400000000001,50.119999999999997,367258,2632,50.190542000000001
2016-09-28 04:00:00+00:00,50.649999999999999,51.539999999999999,50.590000000000003,51.490000000000002,742496,3596,51.201366
2016-09-29 04:00:00+00:00,51.5,51.600000000000001,50.43,50.770000000000003,344783,2746,50.959096000000002
2016-09-30 04:00:00+00:00,51.420000000000002,52.18,51.159999999999997,51.869999999999997,713679,4585,51.782609999999998
2016-10-03 04:00:00+00:00,51.920000000000002,52.109999999999999,51.75,52.060000000000002,358517,3233,51.971862000000002
2016-10-04 04:00:00+00:00,52.549999999999997,52.969999999999999,52.234999999999999,52.670000000000002,447912,3266,52.686757999999998
2016-10-05 04:00:00+00:00,53.310000000000002,53.659999999999997,53,53.640000000000001,689054,4642,53.379852999999997
2016-10-06 04:00:00+00:00,53.289999999999999,53.490000000000002,53.109999999999999,53.149999999999999,452820,3901,53.278205999999997
2016-10-07 04:00:00+00:00,53.32,53.560000000000002,53.130000000000003,53.490000000000002,354796,2636,53.401865999999998
2016-10-10 04:00:00+00:00,54.200000000000003,54.329999999999998,53.630000000000003,53.840000000000003,243940,2136,53.949232000000002
2016-10-11 04:00:00+00:00,53.420000000000002,53.539999999999999,52.93,53.32,330863,2718,53.301596000000004
2016-10-12 04:00:00+00:00,53.100000000000001,53.579999999999998,52.920000000000002,53.509999999999998,572627,4040,53.335411999999998
2016-10-13 04:00:00+00:00,52.890000000000001,53.130000000000003,52.390000000000001,52.509999999999998,1183219,7862,52.726438000000002
2016-10-14 04:00:00+00:00,52.850000000000001,53.009999999999998,52.630000000000003,52.719999999999999,835461,4610,52.805123000000002
2016-10-17 04:00:00+00:00,52.75,52.759999999999998,52.090000000000003,52.210000000000001,369670,2901,52.375476999999997
2016-10-18 04:00:00+00:00,52.719999999999999,52.770000000000003,51.939999999999998,52.399999999999999,373399,3109,52.36401
2016-10-19 04:00:00+00:00,52.009999999999998,52.689999999999998,51.950000000000003,52.549999999999997,218124,1638,52.396590000000003
2016-10-20 04:00:00+00:00,52.479999999999997,52.950000000000003,52.380000000000003,52.780000000000001,229315,2027,52.727904000000002
2016-10-21 04:00:00+00:00,52.020000000000003,52.600000000000001,51.990000000000002,52.600000000000001,162994,1421,52.42257
2016-10-24 04:00:00+00:00,52.829999999999998,53.350000000000001,52.82,53.25,372573,3206,53.086683000000001
2016-10-25 04:00:00+00:00,53,53.049999999999997,52.579999999999998,53.009999999999998,272910,2288,52.860999999999997
2016-10-26 04:00:00+00:00,52.789999999999999,53.289999999999999,52.649999999999999,53.109999999999999,327969,2701,53.033740999999999
2016-10-27 04:00:00+00:00,53.119999999999997,53.159999999999997,52.75,53,220455,2006,52.945722000000004
2016-10-28 04:00:00+00:00,52.630000000000003,53.189999999999998,52.539999999999999,52.869999999999997,239199,2213,52.895465999999999
2016-10-31 04:00:00+00:00,52.729999999999997,52.840000000000003,52.259999999999998,52.770000000000003,225067,2058,52.662847999999997
2016-11-01 04:00:00+00:00,53.090000000000003,53.100000000000001,51.020000000000003,51.310000000000002,534554,4332,51.582155
2016-11-02 04:00:00+00:00,51.140000000000001,51.710000000000001,50.899999999999999,51.310000000000002,435251,3858,51.293948999999998
2016-11-03 04:00:00+00:00,50.969999999999999,51.340000000000003,50.460000000000001,50.5,374324,3291,50.809840000000001
2016-11-04 04:00:00+00:00,50.43,51.439999999999998,50.390000000000001,51.07,565298,3224,50.964632000000002
2016-11-07 05:00:00+00:00,53.520000000000003,54.990000000000002,53.109999999999999,54.890000000000001,933789,6871,54.237727
2016-11-08 05:00:00+00:00,54.43,54.770000000000003,54.149999999999999,54.420000000000002,848653,7201,54.456091999999998
2016-11-09 05:00:00+00:00,53.990000000000002,54.299999999999997,53.689999999999998,54.210000000000001,680414,6037,54.030537000000002
2016-11-10 05:00:00+00:00,53.460000000000001,54.210000000000001,52.829999999999998,53.530000000000001,764129,5952,53.519278999999997
2016-11-11 05:00:00+00:00,53.390000000000001,54.890000000000001,53.18,54.469999999999999,953036,7255,54.042465999999997
2016-11-14 05:00:00+00:00,53.57,54.219999999999999,53.18,53.259999999999998,1033201,8304,53.614395999999999
2016-11-15 05:00:00+00:00,52.780000000000001,54.240000000000002,52.759999999999998,54.090000000000003,445963,3720,53.690925
2016-11-16 05:00:00+00:00,53.149999999999999,53.93,53.130000000000003,53.469999999999999,453587,3772,53.595551999999998
2016-11-17 05:00:00+00:00,53.229999999999997,53.549999999999997,53.090000000000003,53.289999999999999,274722,2330,53.363568999999998
2016-11-18 05:00:00+00:00,53.189999999999998,53.229999999999997,52.719999999999999,52.759999999999998,389274,3717,52.880763000000002
2016-11-21 05:00:00+00:00,53.200000000000003,53.619999999999997,53.159999999999997,53.43,242025,2105,53.429938999999997
2016-11-22 05:00:00+00:00,53.829999999999998,54.420000000000002,53.75,54.310000000000002,328700,3195,54.074157999999997
2016-11-23 05:00:00+00:00,53.140000000000001,53.890000000000001,53.030000000000001,53.700000000000003,259931,2008,53.615591999999999
2016-11-25 05:00:00+00:00,54.689999999999998,54.939999999999998,54.479999999999997,54.780000000000001,307950,2351,54.674712999999997
2016-11-28 05:00:00+00:00,54,54.340000000000003,53.710000000000001,53.770000000000003,255869,2118,53.903713000000003
2016-11-29 05:00:00+00:00,53.82,54.990000000000002,53.82,54.740000000000002,637327,4704,54.706907000000001
2016-11-30 05:00:00+00:00,54.939999999999998,54.990000000000002,54.109999999999999,54.119999999999997,610825,4370,54.447040000000001
2016-12-01 05:00:00+00:00,54.009999999999998,54.649999999999999,53.939999999999998,54.469999999999999,534408,4704,54.369295999999999
2016-12-02 05:00:00+00:00,54.200000000000003,54.530000000000001,53.939999999999998,54.090000000000003,642292,4635,54.193725000000001
2016-12-05 05:00:00+00:00,55.030000000000001,55.82,54.93,55.590000000000003,717546,5271,55.528531999999998
2016-12-06 05:00:00+00:00,55.07,56.069899999999997,55.07,56.039999999999999,419349,3676,55.875101000000001
2016-12-07 05:00:00+00:00,56.32,57.109999999999999,56.32,56.950000000000003,727657,6289,56.726044000000002
2016-12-08 05:00:00+00:00,56.659999999999997,56.969999999999999,56.439999999999998,56.770000000000003,491219,4320,56.704065
2016-12-09 05:00:00+00:00,56.82,56.950000000000003,56.780000000000001,56.880000000000003,287885,2609,56.852744000000001
2016-12-12 05:00:00+00:00,57.07,57.32,56.484999999999999,56.859999999999999,390393,3177,56.886204999999997
2016-12-13 05:00:00+00:00,57.039999999999999,57.989899999999999,57.030000000000001,57.789999999999999,439742,3966,57.658279
2016-12-14 05:00:00+00:00,58,58.469999999999999,57.829999999999998,57.869999999999997,1219412,8904,58.135655
2016-12-15 05:00:00+00:00,57.880000000000003,58.299999999999997,57.700000000000003,58.140000000000001,479444,3619,58.077280999999999
2016-12-16 05:00:00+00:00,58.100000000000001,58.560000000000002,58.079999999999998,58.350000000000001,531092,3840,58.370356000000001
2016-12-19 05:00:00+00:00,58.350000000000001,58.859999999999999,58.340000000000003,58.670000000000002,440110,3744,58.679645000000001
2016-12-20 05:00:00+00:00,58.130000000000003,58.649999999999999,58.039999999999999,58.600000000000001,400120,3368,58.430591
2016-12-21 05:00:00+00:00,58.600000000000001,58.810000000000002,58.009999999999998,58.030000000000001,335422,3314,58.374178999999998
2016-12-22 05:00:00+00:00,58.520000000000003,58.600000000000001,57.399999999999999,57.740000000000002,350046,3302,57.830191999999997
2016-12-23 05:00:00+00:00,58.439999999999998,58.509999999999998,58.149999999999999,58.329999999999998,355687,2882,58.321818
2016-12-27 05:00:00+00:00,58.409999999999997,58.539999999999999,58.18,58.289999999999999,140320,1350,58.356932999999998
2016-12-28 05:00:00+00:00,58.149999999999999,58.270000000000003,57.689999999999998,57.75,181462,1614,57.889240000000001
2016-12-29 05:00:00+00:00,58.159999999999997,58.289999999999999,57.630000000000003,57.789999999999999,208375,1808,57.880541000000001
2016-12-30 05:00:00+00:00,58.439999999999998,58.460000000000001,57.954999999999998,58.140000000000001,337887,2601,58.180444000000001
2017-01-03 05:00:00+00:00,59.159999999999997,59.259999999999998,58.350000000000001,58.939999999999998,561191,4998,58.842548000000001
2017-01-04 05:00:00+00:00,58.840000000000003,59.479999999999997,58.789999999999999,59.409999999999997,385045,3310,59.254765999999996
2017-01-05 05:00:00+00:00,59.439999999999998,59.880000000000003,59.341099999999997,59.359999999999999,319947,2732,59.532933
2017-01-06 05:00:00+00:00,58.969999999999999,59.159999999999997,58.810000000000002,58.939999999999998,297319,2686,58.973877000000002
2017-01-09 05:00:00+00:00,57.770000000000003,58.5,57.560000000000002,58.280000000000001,456712,3462,58.113404000000003
2017-01-10 05:00:00+00:00,58.979999999999997,59.18,58.740000000000002,58.979999999999997,383619,3420,58.979053
2017-01-11 05:00:00+00:00,59,59.490000000000002,58.850000000000001,59.409999999999997,297368,2916,59.209380000000003
2017-01-12 05:00:00+00:00,60.57,60.634999999999998,58.009999999999998,59.280000000000001,861518,6693,59.289997
2017-01-13 05:00:00+00:00,60.100000000000001,60.256999999999998,59.520000000000003,59.829999999999998,397468,3646,59.858311
2017-01-17 05:00:00+00:00,59.659999999999997,59.909999999999997,59.590000000000003,59.82,337591,2540,59.767612999999997
2017-01-18 05:00:00+00:00,60,60.100000000000001,59.740000000000002,59.899999999999999,246324,2244,59.943345000000001
2017-01-19 05:00:00+00:00,59.859999999999999,60.490000000000002,59.859999999999999,60.460000000000001,267353,2340,60.284928000000001
2017-01-20 05:00:00+00:00,60.310000000000002,60.5,60.009999999999998,60.350000000000001,220630,1969,60.301023999999998
2017-01-23 05:00:00+00:00,61.07,61.280000000000001,60.93,61.079999999999998,587712,4322,61.096235999999998
2017-01-24 05:00:00+00:00,62.460000000000001,62.759999999999998,61.979999999999997,62.68,855061,6162,62.352186000000003
2017-01-25 05:00:00+00:00,62.780000000000001,62.920000000000002,62.270000000000003,62.560000000000002,534323,4278,62.646152999999998
2017-01-26 05:00:00+00:00,61.939999999999998,62.380000000000003,61.759999999999998,61.859999999999999,394651,3046,61.997725000000003
2017-01-27 05:00:00+00:00,62.030000000000001,62.140000000000001,61.82,62.009999999999998,244610,1867,62.023246999999998
2017-01-30 05:00:00+00:00,60.920000000000002,61.219999999999999,60.6601,60.939999999999998,451862,4353,60.895257999999998
2017-01-31 05:00:00+00:00,62.539999999999999,62.685899999999997,61.710000000000001,62.130000000000003,751610,6389,62.168568999999998
2017-02-01 05:00:00+00:00,62.5,62.590000000000003,61.670000000000002,62.140000000000001,382974,3434,61.987450000000003
2017-02-02 05:00:00+00:00,65.010000000000005,65.120000000000005,64.200000000000003,64.609999999999999,928492,6727,64.678658999999996
2017-02-03 05:00:00+00:00,65.489999999999995,65.810000000000002,65.4101,65.700000000000003,747130,5728,65.616336000000004
2017-02-06 05:00:00+00:00,64.329999999999998,64.900000000000006,64.25,64.579999999999998,463102,3731,64.650379999999998
2017-02-07 05:00:00+00:00,64.469999999999999,64.680000000000007,64.299999999999997,64.5,373120,3108,64.504163000000005
2017-02-08 05:00:00+00:00,64.209999999999994,65.299999999999997,64.120000000000005,65.200000000000003,305997,2581,64.860776999999999
2017-02-09 05:00:00+00:00,64.689999999999998,65.200000000000003,64.579999999999998,64.769999999999996,311667,2864,64.905140000000003
2017-02-10 05:00:00+00:00,64.540000000000006,65.329999999999998,64.400000000000006,65.219999999999999,411590,3095,65.008021999999997
2017-02-13 05:00:00+00:00,66,66.379999999999995,65.810000000000002,66.170000000000002,450726,4353,66.161490000000001
2017-02-14 05:00:00+00:00,66.359999999999999,66.569999999999993,66.040000000000006,66.189999999999998,335667,3297,66.263592000000003
2017-02-15 05:00:00+00:00,65.230000000000004,66.030000000000001,65.189999999999998,66.010000000000005,380387,3300,65.813841999999994
2017-02-16 05:00:00+00:00,66.469999999999999,66.739999999999995,65.980099999999993,66.040000000000006,592740,4939,66.237442000000001
2017-02-17 05:00:00+00:00,65.439999999999998,65.640000000000001,65.189999999999998,65.590000000000003,303553,3216,65.420044000000004
2017-02-21 05:00:00+00:00,65.25,65.700000000000003,65.170000000000002,65.579999999999998,300452,2957,65.491422
2017-02-22 05:00:00+00:00,64.819999999999993,66,64.760000000000005,65.879999999999995,326466,3053,65.534546000000006
2017-02-23 05:00:00+00:00,66.430000000000007,66.571299999999994,65.640000000000001,65.670000000000002,405518,3915,66.079166999999998
2017-02-24 05:00:00+00:00,65.260000000000005,65.450000000000003,64.760000000000005,65.090000000000003,414768,3932,65.081080999999998
2017-02-27 05:00:00+00:00,65.439999999999998,66.090000000000003,65.420000000000002,65.819999999999993,405300,3357,65.762089000000003
2017-02-28 05:00:00+00:00,65.25,65.730000000000004,64.980000000000004,65.060000000000002,382712,3392,65.255876999999998
2017-03-01 05:00:00+00:00,65.599999999999994,66.239999999999995,65.579999999999998,65.870000000000005,311566,2939,66.011314999999996
2017-03-02 05:00:00+00:00,65.870000000000005,66.180000000000007,65.790000000000006,65.969999999999999,477066,3831,66.001423000000003
2017-03-03 05:00:00+00:00,66.079999999999998,66.459999999999994,65.829999999999998,66.269999999999996,360084,3213,66.181908000000007
2017-03-06 05:00:00+00:00,65.75,65.760000000000005,65.010000000000005,65.209999999999994,335504,2882,65.355008999999995
2017-03-07 05:00:00+00:00,65.299999999999997,65.739999999999995,64.939999999999998,65.590000000000003,383543,3517,65.489296999999993
2017-03-08 05:00:00+00:00,65.920000000000002,65.939999999999998,65.430000000000007,65.480000000000004,201234,2084,65.658195000000006
2017-03-09 05:00:00+00:00,65.359999999999999,65.780000000000001,65.049999999999997,65.170000000000002,384515,2838,65.258326999999994
2017-03-10 05:00:00+00:00,65.510000000000005,65.859999999999999,65.379999999999995,65.730000000000004,335963,2937,65.625981999999993
2017-03-13 04:00:00+00:00,66.129999999999995,66.629999999999995,66.099999999999994,66.340000000000003,540370,4852,66.361940000000004
2017-03-14 04:00:00+00:00,66.260000000000005,66.590000000000003,66.109999999999999,66.310000000000002,398854,4139,66.346583999999993
2017-03-15 04:00:00+00:00,66.859999999999999,67.989999999999995,66.659999999999997,67.859999999999999,723406,5024,67.286809000000005
2017-03-16 04:00:00+00:00,69.159999999999997,69.5,68.930000000000007,69.340000000000003,519598,4484,69.237388999999993
2017-03-17 04:00:00+00:00,69.280000000000001,69.280000000000001,68.400000000000006,68.430000000000007,328383,2752,68.669754999999995
2017-03-20 04:00:00+00:00,68.560000000000002,68.709999999999994,67.989999999999995,68,349960,3097,68.238828999999996
2017-03-21 04:00:00+00:00,68.670000000000002,68.739999999999995,67.069999999999993,67.090000000000003,531094,4575,67.948704000000006
2017-03-22 04:00:00+00:00,68.019999999999996,68.390000000000001,67.719999999999999,68.180000000000007,548176,4192,68.071292999999997
2017-03-23 04:00:00+00:00,69.560000000000002,71.079899999999995,69.489999999999995,70.719999999999999,830368,6023,70.351078000000001
2017-03-24 04:00:00+00:00,72.170000000000002,72.219999999999999,71.180000000000007,71.579999999999998,664826,5827,71.671796999999998
2017-03-27 04:00:00+00:00,73.400000000000006,74.120000000000005,73.150099999999995,73.930000000000007,938217,7222,73.752390000000005
2017-03-28 04:00:00+00:00,74.489999999999995,74.959999999999994,74.390000000000001,74.859999999999999,857124,6244,74.701367000000005
2017-03-29 04:00:00+00:00,74.680000000000007,74.989999999999995,74.549999999999997,74.849999999999994,445680,3691,74.739165
2017-03-30 04:00:00+00:00,74.069999999999993,74.560000000000002,73.920000000000002,74.450000000000003,405295,3414,74.332757000000001
2017-03-31 04:00:00+00:00,74.109999999999999,74.620000000000005,74.069999999999993,74.359999999999999,358074,2538,74.357861999999997
2017-04-03 04:00:00+00:00,74.599999999999994,74.659999999999997,73.310000000000002,73.719999999999999,615341,5070,73.762861999999998
2017-04-04 04:00:00+00:00,73.719999999999999,73.909999999999997,73.430000000000007,73.599999999999994,552051,4787,73.602395999999999
2017-04-05 04:00:00+00:00,73.510000000000005,73.629999999999995,72.390000000000001,72.420000000000002,540852,4981,72.890163000000001
2017-04-06 04:00:00+00:00,72.859999999999999,72.909999999999997,72.480000000000004,72.609999999999999,345866,2882,72.671846000000002
2017-04-07 04:00:00+00:00,72.109999999999999,72.260000000000005,71.890000000000001,71.890000000000001,402863,3671,72.038210000000007
2017-04-10 04:00:00+00:00,71.890000000000001,72.25,71.819999999999993,71.930000000000007,302082,2982,71.966480000000004
2017-04-11 04:00:00+00:00,72.079999999999998,72.290000000000006,71.310000000000002,71.840000000000003,431752,4294,71.851607000000001
2017-04-12 04:00:00+00:00,71.829999999999998,71.939999999999998,71.560000000000002,71.659999999999997,460910,4425,71.722286999999994
2017-04-13 04:00:00+00:00,71.469999999999999,71.75,69.590000000000003,70.629999999999995,503490,3933,70.800522999999998
2017-04-17 04:00:00+00:00,70.870000000000005,71.540000000000006,70.849999999999994,71.319999999999993,248872,2263,71.246764999999996
2017-04-18 04:00:00+00:00,70.540000000000006,71.030000000000001,70.349999999999994,70.590000000000003,322419,3074,70.609575000000007
2017-04-19 04:00:00+00:00,71.530000000000001,71.769999999999996,71.193600000000004,71.260000000000005,927457,6545,71.491587999999993
2017-04-20 04:00:00+00:00,72.329999999999998,72.430000000000007,71.400000000000006,71.400000000000006,515441,3871,71.981078999999994
2017-04-21 04:00:00+00:00,71.319999999999993,71.319999999999993,70.780000000000001,70.819999999999993,327452,2816,71.008217999999999
2017-04-24 04:00:00+00:00,72.890000000000001,73.519999999999996,72.390000000000001,73.340000000000003,973913,5442,73.063353000000006
2017-04-25 04:00:00+00:00,73.629999999999995,74.430000000000007,73.588300000000004,74.150000000000006,715583,3932,73.917859000000007
2017-04-26 04:00:00+00:00,74.879999999999995,75.310000000000002,74.758700000000005,74.900000000000006,488111,4075,75.050545
2017-04-27 04:00:00+00:00,75.670000000000002,75.810000000000002,75.189999999999998,75.620000000000005,400647,4022,75.577759999999998
2017-04-28 04:00:00+00:00,75.5,75.819999999999993,75.180000000000007,75.200000000000003,295291,3126,75.401343999999995
2017-05-01 04:00:00+00:00,75.650000000000006,75.879999999999995,75.25,75.709999999999994,313977,2696,75.637446999999995
2017-05-02 04:00:00+00:00,75.819999999999993,75.930000000000007,75.099999999999994,75.560000000000002,494712,4199,75.519651999999994
2017-05-03 04:00:00+00:00,75.359999999999999,76.109999999999999,75.329999999999998,76.019999999999996,846482,5950,75.820908000000003
2017-05-04 04:00:00+00:00,78.579999999999998,81.739999999999995,78.519999999999996,81.459999999999994,1877170,14427,80.252899999999997
2017-05-05 04:00:00+00:00,81.680000000000007,82.530000000000001,81.409999999999997,82.480000000000004,796141,6690,81.997099000000006
2017-05-08 04:00:00+00:00,82.129999999999995,82.969999999999999,81.670000000000002,82.719999999999999,893489,7564,82.393949000000006
2017-05-09 04:00:00+00:00,83.5,85.510000000000005,83.480000000000004,84.459999999999994,1337932,9187,84.62509
2017-05-10 04:00:00+00:00,84.090000000000003,84.439999999999998,83.859999999999999,84,607927,4857,84.043025999999998
2017-05-11 04:00:00+00:00,82.790000000000006,83.290000000000006,82.150000000000006,82.980000000000004,674513,5904,82.860415000000003
2017-05-12 04:00:00+00:00,82.560000000000002,84.400000000000006,82.495000000000005,84.129999999999995,582199,5311,83.731350000000006
2017-05-15 04:00:00+00:00,84.280000000000001,85.129999999999995,84.209999999999994,84.900000000000006,504118,4852,84.793145999999993
2017-05-16 04:00:00+00:00,84.590000000000003,85.180000000000007,84.420000000000002,84.590000000000003,466526,4876,84.762152
2017-05-17 04:00:00+00:00,84.829999999999998,85.019999999999996,82.730000000000004,82.769999999999996,813910,6364,83.408340999999993
2017-05-18 04:00:00+00:00,82.560000000000002,84.569999999999993,82.330100000000002,84.219999999999999,444661,4157,83.882621
2017-05-19 04:00:00+00:00,83.670000000000002,83.930000000000007,83.049999999999997,83.329999999999998,638513,6045,83.393546999999998
2017-05-22 04:00:00+00:00,83.459999999999994,84.420000000000002,83.439999999999998,84.349999999999994,411350,4266,84.165452000000002
2017-05-23 04:00:00+00:00,84.030000000000001,84.900000000000006,83.960800000000006,84.790000000000006,736294,6806,84.672546999999994
2017-05-24 04:00:00+00:00,84.439999999999998,85.25,84.329999999999998,85.090000000000003,622818,6146,84.805526
2017-05-25 04:00:00+00:00,85.120000000000005,85.760000000000005,85.120000000000005,85.700000000000003,391230,3761,85.537189999999995
2017-05-26 04:00:00+00:00,85.010000000000005,85.609999999999999,84.959999999999994,85.5,470997,4507,85.375150000000005
2017-05-30 04:00:00+00:00,85.269999999999996,85.760000000000005,85.200000000000003,85.489999999999995,467999,4466,85.521011999999999
2017-05-31 04:00:00+00:00,86.310000000000002,86.739999999999995,85.810000000000002,86.719999999999999,446290,4326,86.434081000000006
2017-06-01 04:00:00+00:00,87.189999999999998,89.090000000000003,87.090000000000003,88.599999999999994,797600,7354,88.422728000000006
2017-06-02 04:00:00+00:00,90.430000000000007,90.840000000000003,89.5,90.590000000000003,806306,7131,90.319891999999996
2017-06-05 04:00:00+00:00,90.120000000000005,90.640000000000001,90.010000000000005,90.439999999999998,354715,4053,90.359001000000006
2017-06-06 04:00:00+00:00,90,91.140000000000001,89.920000000000002,90.510000000000005,333671,3645,90.688057000000001
2017-06-07 04:00:00+00:00,90.400000000000006,90.979900000000001,90.030000000000001,90.569999999999993,421334,4288,90.495806999999999
2017-06-08 04:00:00+00:00,91.709999999999994,91.920000000000002,90.709999999999994,91.849999999999994,508050,5113,91.547308999999998
2017-06-09 04:00:00+00:00,91.640000000000001,91.939999999999998,89.159999999999997,89.450000000000003,861420,8375,90.382473000000005
2017-06-12 04:00:00+00:00,89.019999999999996,89.090000000000003,87.430000000000007,87.75,1033387,9865,87.952257000000003
2017-06-13 04:00:00+00:00,88.840000000000003,88.989999999999995,87.909999999999997,88.189999999999998,604245,6697,88.376420999999993
2017-06-14 04:00:00+00:00,88.719999999999999,88.829999999999998,87.890000000000001,88.420000000000002,409055,4924,88.432424999999995
2017-06-15 04:00:00+00:00,85.819999999999993,87.680000000000007,85.359999999999999,87.549999999999997,852031,8250,86.603442000000001
2017-06-16 04:00:00+00:00,88.549999999999997,88.819999999999993,87.862799999999993,88.030000000000001,425084,4481,88.182677999999996
2017-06-19 04:00:00+00:00,89.280000000000001,89.930000000000007,89.060000000000002,89.780000000000001,598454,6135,89.584637999999998
2017-06-20 04:00:00+00:00,89.430000000000007,89.590000000000003,88.609999999999999,88.739999999999995,374966,4140,89.051257000000007
2017-06-21 04:00:00+00:00,89.109999999999999,89.390000000000001,88.605199999999996,89.180000000000007,250344,2860,89.081013999999996
2017-06-22 04:00:00+00:00,89.069999999999993,89.900000000000006,88.890000000000001,89.390000000000001,243563,2570,89.504562000000007
2017-06-23 04:00:00+00:00,88.969999999999999,89.319999999999993,88.349999999999994,89.180000000000007,279532,3426,88.949924999999993
2017-06-26 04:00:00+00:00,89.370000000000005,89.909999999999997,88.409999999999997,88.829999999999998,265806,3392,89.044167000000002
2017-06-27 04:00:00+00:00,88.310000000000002,88.310000000000002,87.239999999999995,87.310000000000002,365823,3779,87.624279000000001
2017-06-28 04:00:00+00:00,87.189999999999998,87.909999999999997,86.870000000000005,87.769999999999996,471582,4983,87.519628999999995
2017-06-29 04:00:00+00:00,86.390000000000001,86.439999999999998,85.230000000000004,85.950000000000003,617738,5991,85.826273
2017-06-30 04:00:00+00:00,86.640000000000001,86.939999999999998,85.739999999999995,86.019999999999996,371496,3851,86.201392999999996
2017-07-03 04:00:00+00:00,86.340000000000003,86.950000000000003,85.810000000000002,85.810000000000002,408792,4037,86.218080999999998
2017-07-05 04:00:00+00:00,84.989999999999995,86.469999999999999,84.379999999999995,86.290000000000006,698256,6587,85.698106999999993
2017-07-06 04:00:00+00:00,85.480000000000004,86.049999999999997,85.079999999999998,85.700000000000003,407325,4034,85.658140000000003
2017-07-07 04:00:00+00:00,85.280000000000001,86.310000000000002,85.060299999999998,86.090000000000003,380145,4118,85.853847999999999
2017-07-10 04:00:00+00:00,86.680000000000007,88.920000000000002,86.680000000000007,88.510000000000005,445409,3937,88.209727999999998
2017-07-11 04:00:00+00:00,89.349999999999994,90.840000000000003,89.069999999999993,90.590000000000003,1194075,10453,90.088701999999998
2017-07-12 04:00:00+00:00,90.469999999999999,93.180000000000007,90.379999999999995,92.879999999999995,1420286,12838,92.289383000000001
2017-07-13 04:00:00+00:00,92.530000000000001,93,92.189999999999998,92.760000000000005,531186,5509,92.675638000000006
2017-07-14 04:00:00+00:00,92.739999999999995,94,92.409999999999997,93.900000000000006,536928,4887,93.320175000000006
2017-07-17 04:00:00+00:00,93.340000000000003,93.980000000000004,93.159999999999997,93.75,522466,5120,93.683689999999999
2017-07-18 04:00:00+00:00,93.549999999999997,95.170000000000002,93.439999999999998,95.150000000000006,836032,7354,94.666792999999998
2017-07-19 04:00:00+00:00,95.239999999999995,97.620000000000005,95.230000000000004,97.620000000000005,1545926,11098,97.005820999999997
2017-07-20 04:00:00+00:00,99.159999999999997,100.08,98.605000000000004,99.989999999999995,1550688,12424,99.610731999999999
2017-07-21 04:00:00+00:00,99.290000000000006,100.2,98.209999999999994,100.02,1062817,8252,99.569560999999993
2017-07-24 04:00:00+00:00,100.2,101.75,100.02,101.62,1059003,7667,101.17137099999999
2017-07-25 04:00:00+00:00,101.14,101.41,100.23,101.40000000000001,1017765,7943,101.043876
2017-07-26 04:00:00+00:00,102.89,105.66,102.89,105.41,1437336,11610,104.780598
2017-07-27 04:00:00+00:00,105.7,105.73999999999999,103.01000000000001,104.04000000000001,1598697,11846,104.265
2017-07-28 04:00:00+00:00,104.87,107,104.64,105.77,1141943,9621,105.877375
2017-07-31 04:00:00+00:00,105.72,106.01000000000001,103.97,105.19,929303,8801,105.15537500000001
2017-08-01 04:00:00+00:00,108.78,109.78,107.76000000000001,108.31999999999999,2123784,17715,108.87948
2017-08-02 04:00:00+00:00,106,111.45999999999999,103.17,110.47,3407817,27719,107.94622099999999
2017-08-03 04:00:00+00:00,108.68000000000001,109.65000000000001,107.59,108.34,1292322,11610,108.559872
2017-08-04 04:00:00+00:00,108.67,109.7,108.40000000000001,109.15000000000001,717349,6348,109.088362
2017-08-07 04:00:00+00:00,109.34999999999999,110.89,109.33,110.56,422655,4396,110.33342
2017-08-08 04:00:00+00:00,111.43000000000001,111.77,110.30500000000001,110.66,509781,5395,111.025773
2017-08-09 04:00:00+00:00,110.11,111.33,109.91,111.26000000000001,350408,3793,110.78466
2017-08-10 04:00:00+00:00,110.17,110.33,108.5,108.67,762744,7905,109.227727
2017-08-11 04:00:00+00:00,106.59,107.84,106.17,107.58,790135,7516,107.078552
2017-08-14 04:00:00+00:00,108.56,110.34999999999999,108.45,110.05,548927,5053,109.78433800000001
2017-08-15 04:00:00+00:00,110.58,110.84,109.61,110.26000000000001,274881,2747,110.215828
2017-08-16 04:00:00+00:00,110.52,111.18000000000001,110.44,110.95,391686,4561,110.822804
2017-08-17 04:00:00+00:00,110.73999999999999,111.01000000000001,109.25,109.25,517147,5151,109.870254
2017-08-18 04:00:00+00:00,110,112.02,109.51000000000001,111.53,689376,7606,111.171285
2017-08-21 04:00:00+00:00,110.42,112.92,110.37,112.84999999999999,936599,9421,112.081101
2017-08-22 04:00:00+00:00,112.89,115.64019999999999,112.84999999999999,115.18000000000001,972716,9176,114.810592
2017-08-23 04:00:00+00:00,115.09999999999999,116.38,114.93000000000001,115.62,688746,9266,115.790539
2017-08-24 04:00:00+00:00,115.90000000000001,115.98999999999999,114.01000000000001,114.17,782670,7810,114.481617
2017-08-25 04:00:00+00:00,114.59,115.03,113.995,114,466114,5459,114.334648
2017-08-28 04:00:00+00:00,114.03,114.12,113.23,113.83,408161,4724,113.80037900000001
2017-08-29 04:00:00+00:00,113.31,113.98,113.16,113.76000000000001,819590,6203,113.73460300000001
2017-08-30 04:00:00+00:00,114.56,114.87,114.2,114.59999999999999,686237,6281,114.611114
2017-08-31 04:00:00+00:00,113.79000000000001,114.77,113.72,114.48999999999999,692450,5893,114.40270099999999
2017-09-01 04:00:00+00:00,114.92,117.66,114.90000000000001,116.76000000000001,798366,7160,116.32471099999999
2017-09-05 04:00:00+00:00,115.92,116.94,115.45,116.16,551010,5184,116.25918900000001
2017-09-06 04:00:00+00:00,118.09,118.09999999999999,116.37,116.84999999999999,413575,4524,117.168539
2017-09-07 04:00:00+00:00,111.20999999999999,111.59999999999999,107.31,108.59,3524143,30205,109.399991
2017-09-08 04:00:00+00:00,110.45,110.54000000000001,108.95999999999999,109.36,1454288,11890,109.522605
2017-09-11 04:00:00+00:00,110.81,111.54000000000001,110.39,111.48,787584,7314,111.13700300000001
2017-09-12 04:00:00+00:00,111.47,111.62,109.62,109.94,531817,5668,110.269407
2017-09-13 04:00:00+00:00,109.81,110.05,108.33,108.8,600337,5889,108.987692
2017-09-14 04:00:00+00:00,109.31999999999999,109.435,108.42,109.23,569638,5209,109.008154
2017-09-15 04:00:00+00:00,110.59,110.73999999999999,109.61,110.05,582468,4711,110.018303
2017-09-18 04:00:00+00:00,111.75,112.76000000000001,111.31,112.33,613277,5935,112.080742
2017-09-19 04:00:00+00:00,112.91,113.94,112.75,113.48999999999999,557463,5463,113.455382
2017-09-20 04:00:00+00:00,113.28,113.68000000000001,112.01000000000001,113.01000000000001,334067,3883,113.022463
2017-09-21 04:00:00+00:00,113.05,113.83,112.89,113.56999999999999,218821,2544,113.417597
2017-09-22 04:00:00+00:00,112.93000000000001,113.84990000000001,112.58,113.47,306906,2734,113.399242
2017-09-25 04:00:00+00:00,112.94,113.02,109.68000000000001,110.14,785524,7859,110.949072
2017-09-26 04:00:00+00:00,110.14,110.62,108.44,108.98,876607,7011,109.22181
2017-09-27 04:00:00+00:00,109.2,110.93000000000001,109.05,110.58,469407,5029,110.263074
2017-09-28 04:00:00+00:00,109.64,110.23999999999999,109.40479999999999,110.03,260699,3461,109.84348300000001
2017-09-29 04:00:00+00:00,110.03,110.97,109.91500000000001,110.48,302125,3171,110.48066900000001
2017-10-02 04:00:00+00:00,110.76000000000001,112.84,110.76000000000001,112.43000000000001,322032,3693,112.118021
2017-10-03 04:00:00+00:00,112.58,114.5,112.51000000000001,114.33,670858,6336,113.925329
2017-10-04 04:00:00+00:00,114.02,114.75,113.52160000000001,114.45,483305,5378,114.192584
2017-10-05 04:00:00+00:00,114.14,114.47,112.89,113.17,317718,3860,113.52549
2017-10-06 04:00:00+00:00,111.95999999999999,112.72,111.20999999999999,112.59999999999999,495396,4958,112.05696399999999
2017-10-09 04:00:00+00:00,112.69,116.56,112.65600000000001,114.83,952762,8749,115.207331
2017-10-10 04:00:00+00:00,116.3,116.3,114.97,115.67,555188,5620,115.76795
2017-10-11 04:00:00+00:00,116.33,117.13,116.095,116.52,389876,3937,116.621185
2017-10-12 04:00:00+00:00,115.97,116.44,115.56999999999999,116.09,311587,3455,116.011011
2017-10-13 04:00:00+00:00,115.81,116.42,114.88,114.95999999999999,361502,3942,115.494856
2017-10-16 04:00:00+00:00,114.90000000000001,117.825,114.45,116.81,794147,8023,116.52860699999999
2017-10-17 04:00:00+00:00,115.95,116.48999999999999,115.34999999999999,115.77,451322,4668,115.885206
2017-10-18 04:00:00+00:00,116.2,116.876,115.63,116.56,290879,3358,116.489671
2017-10-19 04:00:00+00:00,114.73999999999999,116.09,113.63,115.91,424929,4767,115.17298700000001
2017-10-20 04:00:00+00:00,115.04000000000001,115.26000000000001,114.375,114.59999999999999,433151,4724,114.659564
2017-10-23 04:00:00+00:00,114.70999999999999,114.98999999999999,113.66,113.70999999999999,233719,2572,114.49224
2017-10-24 04:00:00+00:00,114.72,115.53,114.40000000000001,114.59,455380,5506,114.913383
2017-10-25 04:00:00+00:00,115.54000000000001,116.3,113.84999999999999,114.72,723729,5259,115.043954
2017-10-26 04:00:00+00:00,115.31,115.47,114.67,115.06999999999999,263647,2724,115.145456
2017-10-27 04:00:00+00:00,116.06,116.13,115.17,115.59,360698,3517,115.60597300000001
2017-10-30 04:00:00+00:00,116.63,117.43000000000001,116.405,117.18000000000001,508219,5039,116.958794
2017-10-31 04:00:00+00:00,118,120.36,117.98,119.68000000000001,1040669,8507,119.490127
2017-11-01 04:00:00+00:00,121,121.14,119.88,120,657285,6675,120.383561
2017-11-02 04:00:00+00:00,118.48999999999999,119.17,115.52,117.11,1354956,13404,117.030424
2017-11-03 04:00:00+00:00,118.25,118.36,117.36,117.43000000000001,506281,5137,117.652708
2017-11-06 05:00:00+00:00,117.19,117.75,116.45999999999999,117.25,482853,4518,117.181299
2017-11-07 05:00:00+00:00,116.52,116.52,114.15000000000001,114.89,531493,5475,115.15337599999999
2017-11-08 05:00:00+00:00,113.44,113.44,110.48,112.8,726923,7922,112.37074200000001
2017-11-09 05:00:00+00:00,110.81999999999999,110.81999999999999,108.79130000000001,109.44,955316,8670,109.547906
2017-11-10 05:00:00+00:00,109.78,109.98999999999999,109.06999999999999,109.56,531390,4922,109.674941
2017-11-13 05:00:00+00:00,110.2,111.04000000000001,110.14,110.44,1050469,8509,110.538048
2017-11-14 05:00:00+00:00,110.18000000000001,110.235,109.2,109.91,377389,3752,109.78575499999999
2017-11-15 05:00:00+00:00,108.31999999999999,109.12,107.58,108.51000000000001,413152,4328,108.483975
2017-11-16 05:00:00+00:00,109.65000000000001,110.33,109.42,110.02,268047,3094,109.934158
2017-11-17 05:00:00+00:00,109.64,109.88,108.87,109.17,352967,4027,109.221491
2017-11-20 05:00:00+00:00,109.91500000000001,110.89,109.84,110.18000000000001,281814,2939,110.340948
2017-11-21 05:00:00+00:00,111.70999999999999,112.33,111.37,111.48999999999999,368363,3259,111.691113
2017-11-22 05:00:00+00:00,111.98,112.30929999999999,111.285,111.81999999999999,223066,2449,111.814843
2017-11-24 05:00:00+00:00,113.17,114.02,113.09999999999999,113.70999999999999,170261,2084,113.574057
2017-11-27 05:00:00+00:00,112.76000000000001,112.95999999999999,111.78,111.8,403850,3261,112.128928
2017-11-28 05:00:00+00:00,112.58,112.72499999999999,111.51000000000001,111.7,519139,4746,111.99703599999999
2017-11-29 05:00:00+00:00,111.81,111.92,107.41549999999999,108.40000000000001,1003312,10321,109.20352
2017-11-30 05:00:00+00:00,108.70999999999999,109.0883,107.61,108.59999999999999,504336,5156,108.559166
2017-12-01 05:00:00+00:00,107.59999999999999,108.20999999999999,106,107.47,500770,5426,107.15351
2017-12-04 05:00:00+00:00,107.03,107.11750000000001,103.84999999999999,104.34,1006825,9809,104.739163
2017-12-05 05:00:00+00:00,104.45999999999999,105.63,104.17,104.17,694276,6229,104.67730899999999
2017-12-06 05:00:00+00:00,104.84,105.25,104.19,104.56999999999999,429993,4576,104.591112
2017-12-07 05:00:00+00:00,104.20999999999999,105.1138,104.01000000000001,104.63,356283,3684,104.692069
2017-12-08 05:00:00+00:00,106.23999999999999,106.52,105.8,105.84,461410,4073,106.02039499999999
2017-12-11 05:00:00+00:00,106.7,106.97,106.39,106.44,537474,4297,106.606865
2017-12-12 05:00:00+00:00,106,107.38,105.93000000000001,106.65000000000001,691331,5672,106.733186
2017-12-13 05:00:00+00:00,106.65000000000001,107.14109999999999,105.8,105.8,1023167,4154,106.00900300000001
2017-12-14 05:00:00+00:00,106.45,107.09,104.89,105.02,364281,3866,105.61660999999999
2017-12-15 05:00:00+00:00,104.84999999999999,104.86,103.90000000000001,104.38,718899,6111,104.272809
2017-12-18 05:00:00+00:00,105.48999999999999,107.03,105.48999999999999,106.70999999999999,413242,4643,106.551492
2017-12-19 05:00:00+00:00,105.73999999999999,106.29000000000001,105.41,105.47,326888,3593,105.749409
2017-12-20 05:00:00+00:00,105.8,105.87,105.2901,105.56,203533,2364,105.54957400000001
2017-12-21 05:00:00+00:00,105.40000000000001,106.58,105.26000000000001,106.20999999999999,495831,4290,106.03031900000001
2017-12-22 05:00:00+00:00,105.44,106.8,105.44,106.54000000000001,242833,3059,106.30943000000001
2017-12-26 05:00:00+00:00,106.54000000000001,107.97,106,106.98,292231,3398,107.01897700000001
2017-12-27 05:00:00+00:00,106.15000000000001,107.09999999999999,106.15000000000001,106.8,197928,2211,106.704561
2017-12-28 05:00:00+00:00,106.36,106.87,106.295,106.75,285421,3308,106.64058199999999
2017-12-29 05:00:00+00:00,105.95,106.06,104.81,104.84,264677,3202,105.34104499999999
2018-01-02 05:00:00+00:00,104.12,105.38,103.65000000000001,105.15000000000001,557928,5173,104.891384
2018-01-03 05:00:00+00:00,106.36,107.39,106.34,107.17,434592,4855,107.06319000000001
2018-01-04 05:00:00+00:00,112.61,112.64,111.02,111.31,895771,8516,111.50038600000001
2018-01-05 05:00:00+00:00,112.73999999999999,113.02,112.03,112.13,415343,4399,112.38140799999999
2018-01-08 05:00:00+00:00,112.81999999999999,113.61,112.58,113.52,489120,4488,113.28249700000001
2018-01-09 05:00:00+00:00,115,115.05,113.65009999999999,114.31999999999999,386716,3691,114.402344
2018-01-10 05:00:00+00:00,114,114.77,113.8,114.27,291620,2670,114.22185899999999
2018-01-11 05:00:00+00:00,116,117.45,115.92,117.16,715992,4807,116.803808
2018-01-12 05:00:00+00:00,118.62,118.68000000000001,117.42,117.84,401980,3705,117.91539400000001
2018-01-16 05:00:00+00:00,118.76000000000001,118.98,117.48,117.56,598053,4105,118.21112100000001
2018-01-17 05:00:00+00:00,118.84999999999999,120.2,118.31,119.45,462071,4094,119.40915800000001
2018-01-18 05:00:00+00:00,119.42,119.89,118.88,119.38,342121,2977,119.384086
2018-01-19 05:00:00+00:00,120.79000000000001,121.18000000000001,119.88,120.95999999999999,369729,3744,120.76427099999999
2018-01-22 05:00:00+00:00,120.84999999999999,121.45999999999999,120.5,121.37,318598,2764,121.03461900000001
2018-01-23 05:00:00+00:00,120.47,120.53,118.40000000000001,118.93000000000001,533209,5814,119.098787
2018-01-24 05:00:00+00:00,119.22,119.45999999999999,118.09,118.90000000000001,351667,4176,118.825481
2018-01-25 05:00:00+00:00,119.28,119.39,117.7,118.20999999999999,388570,5176,118.33968299999999
2018-01-26 05:00:00+00:00,118.95,120.05,118.87,119.95999999999999,270164,3373,119.775052
2018-01-29 05:00:00+00:00,118.66,119.19,117.81999999999999,118.72,519490,4848,118.611285
2018-01-30 05:00:00+00:00,118.78,119,118.05,118.09,479373,5413,118.360328
2018-01-31 05:00:00+00:00,118.31999999999999,120.14,118.27,119.5,777382,7969,119.447868
2018-02-01 05:00:00+00:00,123.95,129.87,123.94,128.19,2827155,25776,127.33568699999999
2018-02-02 05:00:00+00:00,130.34999999999999,130.63,126.76000000000001,127.14,1408933,14478,128.58534
2018-02-05 05:00:00+00:00,127.38,128.18000000000001,120.53,121.45,1177566,12990,124.63834900000001
2018-02-06 05:00:00+00:00,121.02,127.59,120.43000000000001,126.90000000000001,1880484,19162,125.181797
2018-02-07 05:00:00+00:00,124.8,126.14,124.08,124.08,840529,8058,125.054394
2018-02-08 05:00:00+00:00,124.31,124.58199999999999,119.62,119.62,818079,9630,121.191095
2018-02-09 05:00:00+00:00,119.26000000000001,121.03,117.22,120.23999999999999,1085714,13173,119.171334
2018-02-12 05:00:00+00:00,119.59,123.37,119.59,122.55,598394,6946,121.936922
2018-02-13 05:00:00+00:00,122.81999999999999,124.29000000000001,122.31,123.77,506452,5731,123.50466400000001
2018-02-14 05:00:00+00:00,122.04000000000001,126.45999999999999,122,125.88,438329,5595,124.612088
2018-02-15 05:00:00+00:00,129.53,129.53,127.44,129.09999999999999,725743,7850,128.66421399999999
2018-02-16 05:00:00+00:00,130.38,131.19999999999999,129.28,129.71000000000001,582433,7365,130.23306400000001
2018-02-20 05:00:00+00:00,126.86,129.52000000000001,126.81,128.40000000000001,495906,5943,128.20853
2018-02-21 05:00:00+00:00,129.58000000000001,130.36000000000001,127.98999999999999,128.00999999999999,481207,5822,129.16885400000001
2018-02-22 05:00:00+00:00,127.79000000000001,127.89,126.161,126.70999999999999,363206,4439,126.999638
2018-02-23 05:00:00+00:00,127.05,129.62,127.05,129.56,265977,3186,128.57104100000001
2018-02-26 05:00:00+00:00,130.13,130.47999999999999,128.19,129.30000000000001,411588,4221,129.29245700000001
2018-02-27 05:00:00+00:00,129.15000000000001,129.34,126,126.01000000000001,536741,6392,127.236113
2018-02-28 05:00:00+00:00,126.09999999999999,126.5,124.09,124.20999999999999,547071,4780,125.126323
2018-03-01 05:00:00+00:00,124.2,124.37,120.20999999999999,121.53,699933,7260,121.998565
2018-03-02 05:00:00+00:00,120.52,121.3599,118.59999999999999,121.11,697460,7194,119.937045
2018-03-05 05:00:00+00:00,119.05,121.64,118.31999999999999,121.5,535790,6216,120.38398599999999
2018-03-06 05:00:00+00:00,122.75,123.45,122.14,122.75,710523,6081,122.79088900000001
2018-03-07 05:00:00+00:00,122.3,125.23999999999999,122.3,124.72,531963,5532,123.906752
2018-03-08 05:00:00+00:00,125.3,125.52,122.90000000000001,123.81999999999999,523260,5469,123.52831399999999
2018-03-09 05:00:00+00:00,124.2,124.84999999999999,124,124.70999999999999,329382,3335,124.490306
2018-03-12 04:00:00+00:00,124.59999999999999,124.92,124.09,124.31999999999999,422153,4757,124.494899
2018-03-13 04:00:00+00:00,124.97,125.27500000000001,122.86,123.09999999999999,869996,4574,123.52510100000001
2018-03-14 04:00:00+00:00,123.93000000000001,123.97,121.95,122.25,324275,4010,122.672141
2018-03-15 04:00:00+00:00,122.47,123.34999999999999,122.06999999999999,122.79000000000001,407719,4428,122.82297
2018-03-16 04:00:00+00:00,123.18000000000001,123.25,121.92,121.94,499526,3023,122.39871599999999
2018-03-19 04:00:00+00:00,122.42,122.45,120.33,121.26000000000001,305346,2547,121.45693799999999
2018-03-20 04:00:00+00:00,121.13,122.40000000000001,121.13,121.68000000000001,564526,3909,121.930761
2018-03-21 04:00:00+00:00,123.26000000000001,124.45999999999999,123.05,123.53,677573,4705,123.62515500000001
2018-03-22 04:00:00+00:00,121.93000000000001,122.56,120.41,120.42,437345,4642,121.32771099999999
2018-03-23 04:00:00+00:00,120.89,121.29000000000001,118.36,118.39,536512,4825,119.714556
2018-03-26 04:00:00+00:00,121.7,122.15000000000001,119.23,121.31,311171,2940,120.763217
2018-03-27 04:00:00+00:00,122.69,122.86,118.98,119.7,490000,4926,121.21383299999999
2018-03-28 04:00:00+00:00,121.48999999999999,121.73999999999999,119.36,119.62,400189,5586,120.413809
2018-03-29 04:00:00+00:00,121.17,121.34999999999999,119.8,120.52,369089,4346,120.48533399999999
2018-04-02 04:00:00+00:00,119.69,120.05,116.52,117.52,296949,3273,117.674847
2018-04-03 04:00:00+00:00,120.51000000000001,121.36,119.48999999999999,120.61,541234,6479,120.607918
2018-04-04 04:00:00+00:00,117.25,120.64,117.09,120.44,417348,4766,119.236384
2018-04-05 04:00:00+00:00,120.92,121.8,120.54000000000001,121.34,393019,4570,121.2992
2018-04-06 04:00:00+00:00,121.33,122.04000000000001,119.54000000000001,120.75,389541,4609,120.93279099999999
2018-04-09 04:00:00+00:00,121.59,121.92,120.01000000000001,120.19,284315,3501,121.10522400000001
2018-04-10 04:00:00+00:00,121.95,122.65000000000001,121.19,122.11,374525,4534,121.98768099999999
2018-04-11 04:00:00+00:00,120.72,121.79000000000001,120.14,120.43000000000001,270406,4264,120.909128
2018-04-12 04:00:00+00:00,121.53,122.14,121.42,122.02,226242,2665,121.886157
2018-04-13 04:00:00+00:00,121.73,122.95,121.68000000000001,122.43000000000001,443236,4439,122.28798399999999
2018-04-16 04:00:00+00:00,122.48999999999999,123.3989,122.23999999999999,123.01000000000001,295347,3627,122.72587300000001
2018-04-17 04:00:00+00:00,123.73999999999999,125.44,123.45010000000001,125.23,513293,4721,124.886557
2018-04-18 04:00:00+00:00,124.19,125.44,124.12,124.8,381383,3974,124.746013
2018-04-19 04:00:00+00:00,124,124.36,122.54000000000001,123.19,336901,3446,123.43245
2018-04-20 04:00:00+00:00,122.53,123.08,122.14,122.68000000000001,184055,2207,122.56908799999999
2018-04-23 04:00:00+00:00,121.47,122.0384,121.11,121.88,221689,2643,121.681282
2018-04-24 04:00:00+00:00,122.84,123.61199999999999,121.64,122.75,558410,5049,122.71139100000001
2018-04-25 04:00:00+00:00,122.45999999999999,123.31999999999999,121.78,122.81999999999999,265006,3242,122.572352
2018-04-26 04:00:00+00:00,123.45999999999999,123.56,122.14,122.98,450079,3568,122.91162300000001
2018-04-27 04:00:00+00:00,123,123.08,121.81999999999999,121.98999999999999,271493,3200,122.33654799999999
2018-04-30 04:00:00+00:00,121.8,123.37,121.59999999999999,122.68000000000001,320149,3577,122.70049299999999
2018-05-01 04:00:00+00:00,122.66,122.755,121.18000000000001,122.48,284565,2036,122.25100500000001
2018-05-02 04:00:00+00:00,126.41,127.17,125.62,125.81,794267,8210,126.40857200000001
2018-05-03 04:00:00+00:00,124.18000000000001,133.44999999999999,123.711,130.99000000000001,1425320,14082,129.53542999999999
2018-05-04 04:00:00+00:00,134.88999999999999,137.44999999999999,134.28,137.33000000000001,1217802,11649,136.32977600000001
2018-05-07 04:00:00+00:00,139.36000000000001,141.56,139.16999999999999,140.38999999999999,791800,7378,140.33460400000001
2018-05-08 04:00:00+00:00,136.80000000000001,138,135.22,136.77000000000001,599546,6449,136.484442
2018-05-09 04:00:00+00:00,136.53999999999999,136.77000000000001,134.97999999999999,135.63999999999999,349142,3984,135.822766
2018-05-10 04:00:00+00:00,135.03999999999999,135.875,134.87,135.56999999999999,328376,4837,135.50283300000001
2018-05-11 04:00:00+00:00,135.61000000000001,136.28999999999999,135.12,136.05000000000001,217689,2681,135.85763600000001
2018-05-14 04:00:00+00:00,135.34999999999999,136.24000000000001,135.03999999999999,135.19999999999999,189528,2268,135.512305
2018-05-15 04:00:00+00:00,133.93000000000001,134.55000000000001,133.27000000000001,133.88999999999999,198600,2558,133.97033200000001
2018-05-16 04:00:00+00:00,133.46000000000001,134.22499999999999,132.34999999999999,133.84,265368,3532,133.63842600000001
2018-05-17 04:00:00+00:00,133.55000000000001,134.36000000000001,133.36000000000001,133.72999999999999,185446,2717,133.81322499999999
2018-05-18 04:00:00+00:00,133.16,133.38999999999999,132.31,132.53,217732,2799,132.685856
2018-05-21 04:00:00+00:00,134.5,135,133.47,134.06999999999999,254812,3134,134.29459600000001
2018-05-22 04:00:00+00:00,133.91,134.24000000000001,132.36000000000001,132.46000000000001,184993,2752,132.960973
2018-05-23 04:00:00+00:00,130.58000000000001,131.43000000000001,130.11000000000001,131.31,236363,3622,130.80029200000001
2018-05-24 04:00:00+00:00,130.53999999999999,131.77000000000001,130.34,131.44,188170,2394,131.27686800000001
2018-05-25 04:00:00+00:00,131.13,131.96000000000001,129.88999999999999,131.19,218243,2979,131.102937
2018-05-29 04:00:00+00:00,127.81,129.11000000000001,125.95,127.02,927411,7776,127.126783
2018-05-30 04:00:00+00:00,129.62,130.99000000000001,128.81,130.25,428721,4920,130.19312400000001
2018-05-31 04:00:00+00:00,130.38,131.97999999999999,129.565,131.34999999999999,270300,3834,130.73903100000001
2018-06-01 04:00:00+00:00,133.66,133.81,131.44,132.90000000000001,294815,3887,132.713234
2018-06-04 04:00:00+00:00,132.50999999999999,132.87,131.91499999999999,132.25,274094,3482,132.347634
2018-06-05 04:00:00+00:00,135.84,137.465,135.38999999999999,136.49000000000001,483185,5292,136.45434399999999
2018-06-06 04:00:00+00:00,136.97,139.53999999999999,136.92150000000001,139.46000000000001,312755,4164,138.70536100000001
2018-06-07 04:00:00+00:00,138.24000000000001,138.90000000000001,136.09999999999999,136.44999999999999,295313,3873,137.460543
2018-06-08 04:00:00+00:00,136.22,136.56999999999999,135.22999999999999,136.37,178078,2565,136.20156499999999
2018-06-11 04:00:00+00:00,138.74000000000001,139.69,138.56,139.08000000000001,454292,4635,139.15249800000001
2018-06-12 04:00:00+00:00,140.58000000000001,140.90000000000001,139.44499999999999,140.63999999999999,521213,4773,140.14862199999999
2018-06-13 04:00:00+00:00,142.59,145.06999999999999,142.38,143.96000000000001,712508,6813,144.04026200000001
2018-06-14 04:00:00+00:00,148.08000000000001,149.58000000000001,147.27000000000001,149.33000000000001,814175,8686,148.56103400000001
2018-06-15 04:00:00+00:00,149.84999999999999,149.84999999999999,148.25,148.90000000000001,380302,4587,148.93045900000001
2018-06-18 04:00:00+00:00,146.44999999999999,148.31999999999999,146.2901,147.81,317266,4219,147.38399799999999
2018-06-19 04:00:00+00:00,145.34999999999999,146.28,144.755,145.44999999999999,447221,5522,145.43006500000001
2018-06-20 04:00:00+00:00,144.47999999999999,145.09999999999999,143.00999999999999,143.21000000000001,336616,4624,143.599277
2018-06-21 04:00:00+00:00,141.55000000000001,141.69,140,140.90000000000001,373777,4275,140.70575299999999
2018-06-22 04:00:00+00:00,141.61000000000001,141.77000000000001,138.34,139.47999999999999,737784,7946,139.79644200000001
2018-06-25 04:00:00+00:00,137.97999999999999,138,135.5,136.90000000000001,406448,5207,136.69776999999999
2018-06-26 04:00:00+00:00,136.87,137.40000000000001,136.22,137.13,489547,4454,137.061893
2018-06-27 04:00:00+00:00,137.80000000000001,138.90000000000001,135.18000000000001,135.18000000000001,364552,5038,136.59150199999999
2018-06-28 04:00:00+00:00,131.87,135.25999999999999,131.66999999999999,135.05000000000001,564817,6738,133.817385
2018-06-29 04:00:00+00:00,135.61000000000001,136.81,134.72,135.00999999999999,409210,5305,135.43923599999999
2018-07-02 04:00:00+00:00,132.78,135.16999999999999,132.66,135.15000000000001,342285,3913,134.27684400000001
2018-07-03 04:00:00+00:00,134.56999999999999,134.93000000000001,133.87,133.94,227220,2979,134.293362
2018-07-05 04:00:00+00:00,135.91999999999999,136.16,134.58000000000001,135.94,293546,3702,135.659617
2018-07-06 04:00:00+00:00,135.16,135.53,134.28999999999999,135.36000000000001,251334,3896,135.162182
2018-07-09 04:00:00+00:00,136.00999999999999,136.41999999999999,134.84,136.38,237373,3050,135.90315899999999
2018-07-10 04:00:00+00:00,138.37,138.38999999999999,137.16999999999999,137.69999999999999,292619,3859,137.71852100000001
2018-07-11 04:00:00+00:00,136.08000000000001,137.03999999999999,135.78,136.21000000000001,241371,2996,136.40078
2018-07-12 04:00:00+00:00,137.36000000000001,139.77000000000001,137.13,139.66,340779,4249,139.030654
2018-07-13 04:00:00+00:00,143.25,143.69999999999999,141.88999999999999,142.50999999999999,441677,5630,142.585894
2018-07-16 04:00:00+00:00,142,142.06999999999999,140.94,142,326682,4275,141.67196300000001
2018-07-17 04:00:00+00:00,141.58000000000001,144.83000000000001,141.09,143.68000000000001,280922,3307,143.359171
2018-07-18 04:00:00+00:00,142.72,143.22,142.41,143.03,159380,2092,142.848715
2018-07-19 04:00:00+00:00,142.21000000000001,143.09,140.91499999999999,142.52000000000001,381474,3753,142.16367
2018-07-20 04:00:00+00:00,140.02000000000001,140.69999999999999,139.86000000000001,140,585970,5044,140.115724
2018-07-23 04:00:00+00:00,132.5,137,132.44999999999999,136.49000000000001,2613553,23253,134.367445
2018-07-24 04:00:00+00:00,134.46000000000001,135.03,133.03,133.25,1300587,10539,133.94071299999999
2018-07-25 04:00:00+00:00,132.09,136.30000000000001,130.12,134.52000000000001,2596053,19617,133.03291300000001
2018-07-26 04:00:00+00:00,132.50999999999999,133.96000000000001,131.37,131.63,1068703,8687,132.35392100000001
2018-07-27 04:00:00+00:00,131.18000000000001,131.99000000000001,130.44,131.59999999999999,560708,5977,131.422887
2018-07-30 04:00:00+00:00,131.53999999999999,131.56,129.90000000000001,130.5,887009,8081,130.551243
2018-07-31 04:00:00+00:00,132.56,133.86000000000001,132.38999999999999,132.62,1096997,9827,133.045377
2018-08-01 04:00:00+00:00,134.77000000000001,135.40000000000001,116.5401,118,6481556,50310,121.19237099999999
2018-08-02 04:00:00+00:00,122.48999999999999,128.25,121.645,126.18000000000001,3688391,33545,125.471537
2018-08-03 04:00:00+00:00,130.84999999999999,131.05500000000001,123.5,124.84,2871512,25595,125.994112
2018-08-06 04:00:00+00:00,123.65000000000001,124.3,122.76000000000001,123.98999999999999,940817,6848,123.826751
2018-08-07 04:00:00+00:00,125.84,125.84,123.95,125.13,745538,7609,125.077656
2018-08-08 04:00:00+00:00,126.06999999999999,126.64,125.55500000000001,125.84,584941,5945,126.03590199999999
2018-08-09 04:00:00+00:00,125.95,126.06999999999999,123.63,123.83,648770,6748,124.405855
2018-08-10 04:00:00+00:00,120.18000000000001,121.09999999999999,119.655,120.63,946359,9011,120.417118
2018-08-13 04:00:00+00:00,121.33,122.23,120.78,122,505843,5659,121.65351
2018-08-14 04:00:00+00:00,121.75,121.75,120.63,121,788861,6374,120.964
2018-08-15 04:00:00+00:00,120.56999999999999,120.56999999999999,118.92,119.23,1230447,8401,119.386724
2018-08-16 04:00:00+00:00,120.27,120.91,119.73,120.5,845215,6687,120.307089
2018-08-17 04:00:00+00:00,119.51000000000001,120.905,119.23999999999999,120.8,409226,3605,120.293249
2018-08-20 04:00:00+00:00,121.53,123.38,121.53,123.34999999999999,820584,6796,122.937404
2018-08-21 04:00:00+00:00,124.87,126.56999999999999,124.5,126.33,903653,8820,125.740252
2018-08-22 04:00:00+00:00,126.95999999999999,127.23,124.73999999999999,125.09,709996,7247,125.400121
2018-08-23 04:00:00+00:00,124.63,126.18000000000001,124.27,124.79000000000001,562424,5968,124.97653699999999
2018-08-24 04:00:00+00:00,126.26000000000001,128.13,126.26000000000001,127.52,498015,5285,127.406606
2018-08-27 04:00:00+00:00,127.26000000000001,128.65000000000001,127.22,128.19999999999999,371698,4300,128.11327199999999
2018-08-28 04:00:00+00:00,129.55000000000001,130.43000000000001,128.76499999999999,130.03999999999999,778597,6428,129.56797700000001
2018-08-29 04:00:00+00:00,132.66,134.66,132.095,134.19999999999999,977000,8225,133.900227
2018-08-30 04:00:00+00:00,134.53999999999999,134.61000000000001,131.815,132.93000000000001,886176,8797,132.88811200000001
2018-08-31 04:00:00+00:00,132.88999999999999,132.88999999999999,129.91999999999999,131.09,543160,6237,131.055418
2018-09-04 04:00:00+00:00,130.06,130.06,127.84999999999999,128.58000000000001,1154910,11396,128.67614800000001
2018-09-05 04:00:00+00:00,127.63,127.86,125.91,127.11,910154,6760,126.908299
2018-09-06 04:00:00+00:00,126.05,127.29000000000001,126.05,126.43000000000001,447898,4760,126.569258
2018-09-07 04:00:00+00:00,126.2,128,125.95999999999999,126.86,303842,3727,126.98562200000001
2018-09-10 04:00:00+00:00,127.41,127.67,126.08,126.73999999999999,410435,4950,126.719904
2018-09-11 04:00:00+00:00,125.7,130.36000000000001,125.25,129.53999999999999,730476,7031,128.88451800000001
2018-09-12 04:00:00+00:00,131.24000000000001,133.22999999999999,130.53999999999999,132.78999999999999,729306,9045,132.21802500000001
2018-09-13 04:00:00+00:00,133.72999999999999,134.75,133.03,133.44999999999999,608894,5863,133.79382899999999
2018-09-14 04:00:00+00:00,133.03,134.30000000000001,131.47,132.13999999999999,681092,7385,132.55595099999999
2018-09-17 04:00:00+00:00,133.28,133.78,131.77000000000001,132.80000000000001,813472,6122,132.909953
2018-09-18 04:00:00+00:00,133.11000000000001,138.59,132.80000000000001,138.31999999999999,2044499,12100,136.92397299999999
2018-09-19 04:00:00+00:00,136.90000000000001,137.41,134.71010000000001,135.81,988903,8234,135.90157400000001
2018-09-20 04:00:00+00:00,135.87,138.09,135.72,137.28999999999999,648987,7129,137.17325500000001
2018-09-21 04:00:00+00:00,137.28999999999999,137.91999999999999,136.18000000000001,137.47,452576,4378,137.31046499999999
2018-09-24 04:00:00+00:00,137.47,139.38999999999999,137.19,139,432213,4624,138.87255999999999
2018-09-25 04:00:00+00:00,140.02000000000001,140.30000000000001,138.44999999999999,139.03999999999999,602402,6288,139.49990600000001
2018-09-26 04:00:00+00:00,139.84,142.5196,139.78,140.78999999999999,575659,5394,141.26582300000001
2018-09-27 04:00:00+00:00,140.96000000000001,141.47,139.99000000000001,140.19,643288,5340,140.54742100000001
2018-09-28 04:00:00+00:00,137.25999999999999,139.12,136.46000000000001,136.91,740564,6758,137.246892
2018-10-01 04:00:00+00:00,139.66999999999999,139.81,137.15000000000001,137.77000000000001,453868,4538,138.19496100000001
2018-10-02 04:00:00+00:00,137.22,138.21000000000001,136.28,137.56999999999999,696189,6205,137.55911800000001
2018-10-03 04:00:00+00:00,137.37,138.173,135.62,135.81,399665,4307,136.53908999999999
2018-10-04 04:00:00+00:00,136.27000000000001,136.38999999999999,131.38,133.06,805340,7755,133.12875
2018-10-05 04:00:00+00:00,131.71000000000001,133.44,131.55000000000001,132.28,582271,4525,132.53969799999999
2018-10-08 04:00:00+00:00,128.81,130.09999999999999,128.3049,129.68000000000001,904465,7317,129.45349400000001
2018-10-09 04:00:00+00:00,127.95,129.59999999999999,127.3796,128.94999999999999,545858,6050,128.655767
2018-10-10 04:00:00+00:00,123.78,124.81,117.63,117.63,1792758,17397,119.88586599999999
2018-10-11 04:00:00+00:00,117.45,118.06,114.75,115.54000000000001,1544697,14054,116.546528
2018-10-12 04:00:00+00:00,117.62,118.31,114.58,116.3,783247,8099,116.298151
2018-10-15 04:00:00+00:00,114.68000000000001,116.08,114.37,115.01000000000001,664454,6741,115.16476900000001
2018-10-16 04:00:00+00:00,122.8,123.06,121.54000000000001,121.75,1418225,10632,122.144313
2018-10-17 04:00:00+00:00,119.48,119.63,117.59999999999999,118.93000000000001,975237,10036,118.530737
2018-10-18 04:00:00+00:00,116.45,116.70999999999999,113.93000000000001,114.25,794274,8948,114.981628
2018-10-19 04:00:00+00:00,116.04000000000001,117.93000000000001,115.76000000000001,116.51000000000001,730405,7980,116.69386799999999
2018-10-22 04:00:00+00:00,115.22,116.61,114.56,116.28,429046,4215,115.85438000000001
2018-10-23 04:00:00+00:00,112.90000000000001,116.05,112.33,115.28,1582308,11697,114.068348
2018-10-24 04:00:00+00:00,113.42,113.95,111.7129,111.79000000000001,1211086,10258,112.641058
2018-10-25 04:00:00+00:00,114.11,116.62,112.90000000000001,115.38,492602,4937,115.04517800000001
2018-10-26 04:00:00+00:00,113.29000000000001,117.52,112.97,116.17,915442,8992,115.48839599999999
2018-10-29 04:00:00+00:00,117.78,118.45,113.56,115.02,743308,6722,115.641473
2018-10-30 04:00:00+00:00,114.92,116.37,114.40000000000001,116.28,400322,4072,115.526725
2018-10-31 04:00:00+00:00,117.79000000000001,119,116.64,117.11,454072,4273,117.69697499999999
2018-11-01 04:00:00+00:00,120.03,120.40000000000001,118.13,119.98,1103753,9858,119.42797899999999
2018-11-02 04:00:00+00:00,120.23999999999999,120.9491,117.19,119.53,690137,7035,119.068203
2018-11-05 05:00:00+00:00,116.42,118.78,115.81,117.58,1817384,13205,117.408057
2018-11-06 05:00:00+00:00,115.47,116.37,114.8691,115.98999999999999,794838,6085,115.55955299999999
2018-11-07 05:00:00+00:00,115.94,116.93000000000001,115.64,116.06999999999999,782294,6216,116.09802500000001
2018-11-08 05:00:00+00:00,115.95,116.70999999999999,113.59,114.2,592998,5510,114.526028
2018-11-09 05:00:00+00:00,111.75,112.36,108.831,110.06999999999999,1479199,10451,110.79125999999999
2018-11-12 05:00:00+00:00,108.59,108.76000000000001,106.26000000000001,106.42,768252,7556,107.262961
2018-11-13 05:00:00+00:00,108.92,111.59,108.77,109.61,618897,5858,110.09991599999999
2018-11-14 05:00:00+00:00,112.56999999999999,113.14,110.06,110.8,436185,5003,111.375179
2018-11-15 05:00:00+00:00,109.75,112.36,108.70999999999999,111.8,452867,5080,110.494591
2018-11-16 05:00:00+00:00,110.31999999999999,111.45999999999999,110.04730000000001,110.73999999999999,180765,2274,110.71961899999999
2018-11-19 05:00:00+00:00,110.5,110.5397,108.64,108.81999999999999,435223,3492,109.09826099999999
2018-11-20 05:00:00+00:00,105.76000000000001,107.04000000000001,104.97,105.23999999999999,642109,6051,105.710616
2018-11-21 05:00:00+00:00,105.40000000000001,107.79000000000001,105.38,106.73,297948,3229,106.789254
2018-11-23 05:00:00+00:00,106.70999999999999,107.66,106.66,106.66,185105,1755,107.164125
2018-11-26 05:00:00+00:00,107.98999999999999,109.39,107.79000000000001,109.22,308551,3599,108.90533000000001
2018-11-27 05:00:00+00:00,106.98999999999999,107.29000000000001,103.98,104.77,1088347,8871,105.190926
2018-11-28 05:00:00+00:00,102.64,108.41,102.37,108.33,1045098,8751,106.14536200000001
2018-11-29 05:00:00+00:00,108.27,109.83,108.06,109.20999999999999,559157,5834,109.268596
2018-11-30 05:00:00+00:00,108.5,110.01000000000001,108.42,109.59999999999999,571856,5667,109.250872
2018-12-03 05:00:00+00:00,111.77,112.5,111.08,111.68000000000001,500147,5798,111.710193
2018-12-04 05:00:00+00:00,111.59999999999999,112,108.08,108.37,526694,5760,109.69636800000001
2018-12-06 05:00:00+00:00,106.22,107.64,105.31,107.53,564325,5115,106.583343
2018-12-07 05:00:00+00:00,108.31,109.18000000000001,104.26000000000001,104.84,401174,4342,106.043063
2018-12-10 05:00:00+00:00,105.23999999999999,106.15000000000001,104.03,104.93000000000001,372228,3633,104.874439
2018-12-11 05:00:00+00:00,107.53,107.565,104.58,104.95999999999999,287735,3031,105.783293
2018-12-12 05:00:00+00:00,105.90000000000001,106.79000000000001,105.36,105.42,532508,3074,106.146483
2018-12-13 05:00:00+00:00,105.81,105.93000000000001,103.75,104.09999999999999,489773,3934,104.484532
2018-12-14 05:00:00+00:00,102.12,102.83,101.09999999999999,101.48999999999999,632960,6094,101.836811
2018-12-17 05:00:00+00:00,100.79000000000001,101.70999999999999,99.484999999999999,99.939999999999998,665690,6376,100.476384
2018-12-18 05:00:00+00:00,101.76000000000001,102.22,100.76000000000001,100.8,551598,4763,101.524085
2018-12-19 05:00:00+00:00,104.19,106.29000000000001,101.84,102.43000000000001,833482,6987,104.41313700000001
2018-12-20 05:00:00+00:00,103.20999999999999,103.64,100.39,101.52,599725,6777,101.83249000000001
2018-12-21 05:00:00+00:00,100.98,101.34999999999999,97.799999999999997,98.159999999999997,441629,4525,99.303640999999999
2018-12-24 05:00:00+00:00,97.400000000000006,97.873400000000004,95.790000000000006,95.959999999999994,284652,2468,96.745641000000006
2018-12-26 05:00:00+00:00,95.890000000000001,98.370000000000005,93.849999999999994,98.290000000000006,673224,6148,96.272985000000006
2018-12-27 05:00:00+00:00,96.310000000000002,99.760000000000005,96.060000000000002,99.75,408364,4941,97.508933999999996
2018-12-28 05:00:00+00:00,99.450000000000003,99.819999999999993,98.060000000000002,98.400000000000006,406951,3465,99.051019999999994
2018-12-31 05:00:00+00:00,99.560000000000002,99.939999999999998,97.733400000000003,99.439999999999998,315401,3317,98.962140000000005
2019-01-02 05:00:00+00:00,98.099999999999994,99.209999999999994,97.609999999999999,98.700000000000003,297698,3701,98.314370999999994
2019-01-03 05:00:00+00:00,98.849999999999994,98.890000000000001,96.620000000000005,96.980000000000004,456988,5623,97.355869999999996
2019-01-04 05:00:00+00:00,100.23,102.78,99.260000000000005,102.23,539718,6201,101.415729
2019-01-07 05:00:00+00:00,103.31999999999999,105.73,102.95,104.48,449469,5205,104.66859100000001
2019-01-08 05:00:00+00:00,107.58,109.25,107.40000000000001,108.58,774966,7390,108.47618300000001
2019-01-09 05:00:00+00:00,112.16,113.035,111.14,111.19,501110,4877,111.85945599999999
2019-01-10 05:00:00+00:00,109.87,111.29000000000001,109.41,110.79000000000001,308694,3657,110.478767
2019-01-11 05:00:00+00:00,111.73999999999999,111.75,110.41,110.84,258517,2949,111.03709600000001
2019-01-14 05:00:00+00:00,110.61,111.39,110.12,110.88,235115,3044,110.778256
2019-01-15 05:00:00+00:00,112.55,112.84,111.40000000000001,112.37,337064,3849,112.242672
2019-01-16 05:00:00+00:00,111.90000000000001,113.92,111.81,113.13,335455,3657,113.237089
2019-01-17 05:00:00+00:00,113.56,114.7368,112.965,113.70999999999999,294362,2794,113.70210400000001
2019-01-18 05:00:00+00:00,114.26000000000001,114.48,112.72,113.29000000000001,380472,4247,113.354632
2019-01-22 05:00:00+00:00,112.23,112.61,110.59,111.69,284089,3611,111.627116
2019-01-23 05:00:00+00:00,111.20999999999999,111.63,109.48999999999999,110.2,351762,3452,110.49245999999999
2019-01-24 05:00:00+00:00,110.95,112.47,110.78,112.39,308567,2849,111.825147
2019-01-25 05:00:00+00:00,111.97,112.19,111.05,111.23999999999999,353675,3555,111.518096
2019-01-28 05:00:00+00:00,110.11,110.45,108.84,110.42,332930,3765,109.710785
2019-01-29 05:00:00+00:00,110.79000000000001,111.04000000000001,109.7701,110.55,517383,3682,110.57408700000001
2019-01-30 05:00:00+00:00,110.81,112.94,110.41,112.69,718625,6961,111.995653
2019-01-31 05:00:00+00:00,116.04000000000001,127.06999999999999,116.04000000000001,126.3,2289253,23275,123.999579
2019-02-01 05:00:00+00:00,126.06999999999999,127.55,125.855,127.13,1085560,7843,126.77206099999999
2019-02-04 05:00:00+00:00,126.01000000000001,127.22,125.79000000000001,127.22,422605,4149,126.543542
2019-02-05 05:00:00+00:00,127.97,128.16999999999999,127.02,127.28,472987,4393,127.561637
2019-02-06 05:00:00+00:00,127.03,127.65000000000001,126.75,126.95999999999999,195617,2453,127.267212
2019-02-07 05:00:00+00:00,123.37,124.78,123.032,124.59,399433,3693,124.21548799999999
2019-02-08 05:00:00+00:00,123.23999999999999,124.31999999999999,122.78,124.28,402023,4095,123.663364
2019-02-11 05:00:00+00:00,123.26000000000001,123.97,123.23,123.5,339292,3925,123.57974
2019-02-12 05:00:00+00:00,124.14,126.685,124.09999999999999,126.44,764297,3773,125.87198100000001
2019-02-13 05:00:00+00:00,125.81,126.15000000000001,124.95999999999999,125.25,326033,3205,125.383734
2019-02-14 05:00:00+00:00,124.5,125.51000000000001,124.16,125.06,319182,3581,124.90719900000001
2019-02-15 05:00:00+00:00,125.68000000000001,126.40000000000001,125.3008,125.98,443878,4215,125.66636699999999
2019-02-19 05:00:00+00:00,125.73999999999999,126.91,125.73,126.37,160155,2465,126.438231
2019-02-20 05:00:00+00:00,126.31999999999999,126.73999999999999,125.56999999999999,125.77,230456,3027,126.26841899999999
2019-02-21 05:00:00+00:00,125.59999999999999,126.73,125.53,126.3,194429,2656,126.08187
2019-02-22 05:00:00+00:00,126.25,126.59,125.65000000000001,126.03,336086,3935,126.08418
2019-02-25 05:00:00+00:00,127.13,128.27000000000001,126.77,128.03999999999999,449510,4339,127.544483
2019-02-26 05:00:00+00:00,128.06999999999999,129.72800000000001,128.03,129.05000000000001,286993,3216,129.16896299999999
2019-02-27 05:00:00+00:00,128.59,129.11000000000001,127.7193,128.66999999999999,276002,3229,128.487415
2019-02-28 05:00:00+00:00,128.13,128.86000000000001,128.03,128.25999999999999,270906,2181,128.38482099999999
2019-03-01 05:00:00+00:00,130.28999999999999,131.91999999999999,129.91999999999999,131.80000000000001,463019,4862,130.82406599999999
2019-03-04 05:00:00+00:00,131.80000000000001,132.16,130.03,130.80000000000001,420678,4892,130.93261899999999
2019-03-05 05:00:00+00:00,130.50999999999999,131.84999999999999,130.3877,131.75999999999999,245365,2901,131.416965
2019-03-06 05:00:00+00:00,130.44,130.607,129.27189999999999,130.11000000000001,285208,3108,130.06429399999999
2019-03-07 05:00:00+00:00,128.49000000000001,129.06,127.25,128.31999999999999,466584,4674,128.29831999999999
2019-03-08 05:00:00+00:00,127.01000000000001,128.99000000000001,126.81999999999999,128.88,263139,2929,128.37898999999999
2019-03-11 04:00:00+00:00,128.72,130.88,128.53,130.75999999999999,335421,3970,130.01064700000001
2019-03-12 04:00:00+00:00,130.22999999999999,130.71000000000001,129.81999999999999,130.19,176290,2653,130.29406900000001
2019-03-13 04:00:00+00:00,130.72999999999999,130.88,129.08000000000001,130.05000000000001,449294,4028,129.93826999999999
2019-03-14 04:00:00+00:00,130.66,131.25,129.86000000000001,131.19,286293,3326,130.800612
2019-03-15 04:00:00+00:00,132,132.19999999999999,131.62,131.78,265421,3000,131.93683200000001
2019-03-18 04:00:00+00:00,131.66,132.45500000000001,131.44999999999999,132.28,226258,3909,131.997682
2019-03-19 04:00:00+00:00,132.43000000000001,132.69999999999999,131.46000000000001,131.61000000000001,220938,2629,132.02320499999999
2019-03-20 04:00:00+00:00,132.88999999999999,132.88999999999999,131,131.75,314086,4116,131.91395600000001
2019-03-21 04:00:00+00:00,131.88,132.6183,131.59,132.38999999999999,171666,3915,132.133276
2019-03-22 04:00:00+00:00,131.05000000000001,131.34,128.5,128.65000000000001,417920,5314,129.52516900000001
2019-03-25 04:00:00+00:00,129.91999999999999,131.28999999999999,129.18000000000001,131.12,242102,3231,130.628803
2019-03-26 04:00:00+00:00,132,133.34,131.76499999999999,132.96000000000001,310145,3699,132.66480300000001
2019-03-27 04:00:00+00:00,133.88999999999999,134.53,132.24000000000001,132.78,398369,3891,133.221328
2019-03-28 04:00:00+00:00,132.97,133.63999999999999,132.22499999999999,133.05000000000001,359679,4347,132.902817
2019-03-29 04:00:00+00:00,133.78999999999999,134.74000000000001,133.21000000000001,133.80000000000001,370552,4385,133.92668399999999
2019-04-01 04:00:00+00:00,135.74000000000001,136.66999999999999,134.69999999999999,135.05000000000001,562447,7101,135.29914400000001
2019-04-02 04:00:00+00:00,135.16999999999999,136.33000000000001,134.83000000000001,135.97,297988,3180,135.54441700000001
2019-04-03 04:00:00+00:00,136.65000000000001,137.25999999999999,136,136.18000000000001,253196,3359,136.428605
2019-04-04 04:00:00+00:00,136.81,136.94999999999999,135.75999999999999,136.47,353972,4373,136.33275699999999
2019-04-05 04:00:00+00:00,137.49000000000001,138,136.50999999999999,136.94,259700,3175,137.10917800000001
2019-04-08 04:00:00+00:00,137.12,137.34999999999999,136.38,137.13,533487,4697,136.927177
2019-04-09 04:00:00+00:00,136.28,136.82499999999999,135.78999999999999,136.44,189887,2774,136.359464
2019-04-10 04:00:00+00:00,135.81,137.13,135.59,136.50999999999999,212435,2542,136.49104700000001
2019-04-11 04:00:00+00:00,136.91,137.36000000000001,136.49000000000001,137.25999999999999,192533,2871,137.02873299999999
2019-04-12 04:00:00+00:00,138.86000000000001,139.06999999999999,138.18000000000001,138.56999999999999,298623,4225,138.67542399999999
2019-04-15 04:00:00+00:00,137.86000000000001,138,136.00999999999999,137.03,279858,3565,136.88050799999999
2019-04-16 04:00:00+00:00,136.05000000000001,138.34999999999999,135.96000000000001,138.09,334503,3812,137.58676600000001
2019-04-17 04:00:00+00:00,136.88999999999999,138.24000000000001,136.5,137.69,487322,5559,137.446033
2019-04-18 04:00:00+00:00,137.34,140.31999999999999,137.24000000000001,139.91,552760,5400,139.13667899999999
2019-04-22 04:00:00+00:00,139.91,140.96000000000001,139.38,139.65000000000001,589733,3158,140.094268
2019-04-23 04:00:00+00:00,137.65000000000001,139.41999999999999,137.44999999999999,138.96000000000001,632388,6560,138.64598100000001
2019-04-24 04:00:00+00:00,137.27000000000001,137.75,136.44999999999999,136.47999999999999,458392,5033,137.03381099999999
2019-04-25 04:00:00+00:00,135.49000000000001,136.19,135.00999999999999,135.56,241941,3093,135.570694
2019-04-26 04:00:00+00:00,134.77000000000001,135.5,134.47,135.40000000000001,279780,3369,135.12794700000001
2019-04-29 04:00:00+00:00,134.56999999999999,136.005,134.155,135.52000000000001,695550,4524,135.264816
2019-04-30 04:00:00+00:00,136.03999999999999,136.185,134.905,136.03,216776,2762,135.671638
2019-05-01 04:00:00+00:00,136.13999999999999,136.31,134.44999999999999,134.59999999999999,174177,2524,135.250012
2019-05-02 04:00:00+00:00,134.81999999999999,135.30000000000001,133.69499999999999,134.72999999999999,307793,3020,134.527917
2019-05-03 04:00:00+00:00,133.93000000000001,135.11000000000001,133.93000000000001,134.13999999999999,269709,3209,134.34528499999999
2019-05-06 04:00:00+00:00,130.25,133.13,129.46000000000001,132.33000000000001,842769,4541,132.186059
2019-05-07 04:00:00+00:00,138.31,139.06999999999999,136.75,137.69999999999999,876371,9295,137.57755599999999
2019-05-08 04:00:00+00:00,138.50999999999999,142.15000000000001,138.12,141.03999999999999,1568097,11042,141.03890699999999
2019-05-09 04:00:00+00:00,141.31,142.03999999999999,139.44,141.16,896026,7803,141.06286900000001
2019-05-10 04:00:00+00:00,141.43000000000001,142.03,139.51499999999999,141.33000000000001,1201109,5082,140.96533199999999
2019-05-13 04:00:00+00:00,137.77000000000001,139.03999999999999,137.37,138.68000000000001,295522,4213,138.27208400000001
2019-05-14 04:00:00+00:00,140.56,142.15000000000001,140.31460000000001,140.94,966384,4196,141.25928500000001
2019-05-15 04:00:00+00:00,138.77000000000001,144.53999999999999,138.44,143.63999999999999,542454,6984,142.97450799999999
2019-05-16 04:00:00+00:00,143.03999999999999,144.62,142.75,143.66,1016071,2580,143.62615099999999
2019-05-17 04:00:00+00:00,142.94,143.94999999999999,142.0455,142.38,277833,3468,143.099625
2019-05-20 04:00:00+00:00,141.68000000000001,142.24000000000001,140.56999999999999,141.53999999999999,660784,2786,141.51852500000001
2019-05-21 04:00:00+00:00,142.81,143.97999999999999,142,143.86000000000001,453627,2974,143.19933900000001
2019-05-22 04:00:00+00:00,142.71000000000001,143.69999999999999,142.46000000000001,142.87,353818,2551,143.02301399999999
2019-05-23 04:00:00+00:00,142.40000000000001,142.56,140.99000000000001,142.33000000000001,419784,4719,141.80555200000001
2019-05-24 04:00:00+00:00,143.15000000000001,144.56,142.90000000000001,144.28999999999999,458480,4158,143.82027400000001
2019-05-28 04:00:00+00:00,143.00999999999999,145.13,143.00999999999999,144.52000000000001,484109,5497,144.50766999999999
2019-05-29 04:00:00+00:00,141.69999999999999,143.25,140.97,143.06999999999999,593063,5429,142.32273599999999
2019-05-30 04:00:00+00:00,142.16999999999999,143.08000000000001,142.08000000000001,143,339194,4400,142.61043599999999
2019-05-31 04:00:00+00:00,140.46000000000001,143.41999999999999,140.10499999999999,143.02000000000001,650600,6527,142.52350999999999
2019-06-03 04:00:00+00:00,142.00999999999999,143.05000000000001,140.94999999999999,141.97,773467,5067,142.299756
2019-06-04 04:00:00+00:00,142.41,144.15000000000001,141.91999999999999,143.03999999999999,636310,6382,143.359297
2019-06-05 04:00:00+00:00,144.47999999999999,145.43000000000001,143.81,144.86000000000001,490211,3602,144.87432799999999
2019-06-06 04:00:00+00:00,146.38999999999999,148.71000000000001,146.13,148.47999999999999,337785,3443,147.73483400000001
2019-06-07 04:00:00+00:00,150.18000000000001,151.34,149.94,150.34,418753,3767,150.61947900000001
2019-06-10 04:00:00+00:00,150.80000000000001,154.16999999999999,150.55000000000001,153.84,656382,5788,152.917124
2019-06-11 04:00:00+00:00,155.31,155.53999999999999,153.75,154.72,546089,5205,154.92996099999999
2019-06-12 04:00:00+00:00,154.74000000000001,155.53999999999999,154.47,154.63,321763,2847,155.052952
2019-06-13 04:00:00+00:00,154.03999999999999,154.47999999999999,153.69,154.05000000000001,287087,2605,154.04295400000001
2019-06-14 04:00:00+00:00,153.22,153.3133,152.285,152.86000000000001,202650,2469,152.925051
2019-06-17 04:00:00+00:00,153.46000000000001,154.56999999999999,153.44999999999999,154.13999999999999,230403,2717,154.191687
2019-06-18 04:00:00+00:00,156.58000000000001,158.52000000000001,156.41999999999999,158.21000000000001,296554,3563,157.86798300000001
2019-06-19 04:00:00+00:00,156.84999999999999,158.44999999999999,155.87,157.83000000000001,340736,3883,157.278257
2019-06-20 04:00:00+00:00,162.05000000000001,163.63999999999999,160.59,161.16,668834,5294,161.82270399999999
2019-06-21 04:00:00+00:00,161.19,162.3536,161,162.21000000000001,391803,3103,161.89057199999999
2019-06-24 04:00:00+00:00,162.87,163.5,162.09999999999999,162.21000000000001,434203,3252,162.72096999999999
2019-06-25 04:00:00+00:00,161.44999999999999,162.24000000000001,159.12,159.74000000000001,487639,4738,160.367896
2019-06-26 04:00:00+00:00,159.69999999999999,160.28,158.75999999999999,159.5,408206,3050,159.58210500000001
2019-06-27 04:00:00+00:00,158.96000000000001,161,158.94,160.86000000000001,233099,2995,160.29304400000001
2019-06-28 04:00:00+00:00,161.31999999999999,162.61000000000001,161.19999999999999,161.41999999999999,200392,2666,161.87302700000001
2019-07-01 04:00:00+00:00,162.56999999999999,163.53,162.5,163.19,298873,2832,163.02691799999999
2019-07-02 04:00:00+00:00,164.81999999999999,165.19999999999999,164.37,165.12,279377,3641,164.84213800000001
2019-07-03 04:00:00+00:00,168.18000000000001,169.47999999999999,167.16,167.50999999999999,344410,3425,168.04154299999999
2019-07-05 04:00:00+00:00,165.56,165.9838,164.65000000000001,165.61000000000001,385006,3938,165.37646899999999
2019-07-08 04:00:00+00:00,166.18000000000001,166.5,165.66,165.84999999999999,321100,2634,166.125855
2019-07-09 04:00:00+00:00,165.28,165.71000000000001,165,165.63999999999999,251781,2662,165.46527399999999
2019-07-10 04:00:00+00:00,167.06999999999999,167.52000000000001,166.61000000000001,167,221874,2336,167.148865
2019-07-11 04:00:00+00:00,166.69999999999999,167.00819999999999,166.11000000000001,166.43000000000001,245097,3157,166.60296500000001
2019-07-12 04:00:00+00:00,167.03999999999999,167.5,166.06999999999999,166.50999999999999,252276,3135,166.741286
2019-07-15 04:00:00+00:00,168.09,168.77000000000001,167.83000000000001,168.47,349237,3624,168.36958100000001
2019-07-16 04:00:00+00:00,170.09,170.53999999999999,169.00999999999999,169.12,446068,5068,169.626059
2019-07-17 04:00:00+00:00,169.50999999999999,170.24000000000001,168.72,168.75,305565,3968,169.27201600000001
2019-07-18 04:00:00+00:00,168.69999999999999,169.46000000000001,167.24719999999999,168.69999999999999,418095,4661,168.51825199999999
2019-07-19 04:00:00+00:00,167.41999999999999,168.25,166.36000000000001,166.5,348181,3809,167.18576400000001
2019-07-22 04:00:00+00:00,167.19,168.19999999999999,167,167.09999999999999,422532,3804,167.472894
2019-07-23 04:00:00+00:00,168.53,168.77000000000001,167.78,168.43000000000001,266149,3192,168.34186500000001
2019-07-24 04:00:00+00:00,168.13999999999999,168.62,166.72,167.50999999999999,597377,4548,167.457885
2019-07-25 04:00:00+00:00,167.25,167.38,164.72499999999999,166.27000000000001,271681,3650,166.151636
2019-07-26 04:00:00+00:00,165.55000000000001,166.21000000000001,165.27000000000001,165.84999999999999,251882,3038,165.69394500000001
2019-07-29 04:00:00+00:00,165.05000000000001,165.22,164.36000000000001,164.68000000000001,332913,2875,164.681566
2019-07-30 04:00:00+00:00,160.83000000000001,161.94999999999999,159.81,160.13999999999999,682904,6372,161.059731
2019-07-31 04:00:00+00:00,162.30000000000001,163.22999999999999,159.72999999999999,161.08000000000001,439690,3949,162.07485800000001
2019-08-01 04:00:00+00:00,162.68000000000001,165.53999999999999,162.55000000000001,163,431753,5853,163.71003999999999
2019-08-02 04:00:00+00:00,161.68000000000001,162.50999999999999,158.59999999999999,159.47999999999999,818796,8509,160.121971
2019-08-05 04:00:00+00:00,158.97999999999999,159.25999999999999,155.50999999999999,156.78,449024,5100,157.29099299999999
2019-08-06 04:00:00+00:00,157,157.58000000000001,154.58000000000001,156.59,542640,6165,156.19374300000001
2019-08-07 04:00:00+00:00,155.34999999999999,158.33000000000001,155.08000000000001,158.11000000000001,421157,4253,157.523841
2019-08-08 04:00:00+00:00,158.58000000000001,160.83000000000001,158.21000000000001,160.09999999999999,337578,4025,159.975683
2019-08-09 04:00:00+00:00,159.08000000000001,159.52000000000001,156.73500000000001,158.87,448018,5104,158.29675499999999
2019-08-12 04:00:00+00:00,158.13999999999999,159.62,157.58000000000001,158.09999999999999,161779,2360,158.80471600000001
2019-08-13 04:00:00+00:00,158.53,161.50999999999999,158.21000000000001,160.81999999999999,272682,3161,160.76163399999999
2019-08-14 04:00:00+00:00,159,159.61000000000001,155.08000000000001,155.90000000000001,432543,4764,156.66901899999999
2019-08-15 04:00:00+00:00,155.71000000000001,156.12,154.09,155.31999999999999,325402,3862,155.3006
2019-08-16 04:00:00+00:00,154.13,156.69,154.13,155.83000000000001,457643,3771,155.53103999999999
2019-08-19 04:00:00+00:00,157,157.44999999999999,156.13,156.18000000000001,338918,2791,156.891445
2019-08-20 04:00:00+00:00,155.06999999999999,155.81999999999999,154.53,155.03,662373,3827,155.131068
2019-08-21 04:00:00+00:00,157.22,157.61000000000001,156.34999999999999,156.49000000000001,459150,2470,156.92357799999999
2019-08-22 04:00:00+00:00,156.05000000000001,156.19999999999999,154.44999999999999,155.11000000000001,198384,2695,155.14810399999999
2019-08-23 04:00:00+00:00,154.00999999999999,155.65000000000001,152.91999999999999,153.22,738725,5194,153.68260100000001
2019-08-26 04:00:00+00:00,155.97999999999999,156.96000000000001,154.53,156.59999999999999,610150,3776,156.42672400000001
2019-08-27 04:00:00+00:00,159.80000000000001,161.05000000000001,159.25999999999999,160.38999999999999,395237,4914,160.179248
2019-08-28 04:00:00+00:00,157.53999999999999,158.97499999999999,156.44999999999999,157.65000000000001,521603,4278,157.80237
2019-08-29 04:00:00+00:00,159.34,159.52000000000001,158.16999999999999,158.22,302372,2970,158.785504
2019-08-30 04:00:00+00:00,158.34,159.34,157.00999999999999,157.75,422798,3977,158.08118099999999
2019-09-03 04:00:00+00:00,158.71000000000001,159.28999999999999,157.62,158.00999999999999,405973,4088,158.15448000000001
2019-09-04 04:00:00+00:00,160.5,161.19999999999999,159.84,159.99000000000001,488123,4354,160.266267
2019-09-05 04:00:00+00:00,163.05000000000001,163.34999999999999,161.47999999999999,161.88,509401,5405,162.30929499999999
2019-09-06 04:00:00+00:00,163.94999999999999,164.38,162.90000000000001,163.11000000000001,285644,3445,163.525272
2019-09-09 04:00:00+00:00,164.47999999999999,164.47999999999999,160.38999999999999,160.74000000000001,427672,4698,161.537847
2019-09-10 04:00:00+00:00,154.19999999999999,154.69,149.63,151.03999999999999,1664370,15159,151.84473299999999
2019-09-11 04:00:00+00:00,152.75,153.88,151.05000000000001,151.55000000000001,759713,6541,152.408637
2019-09-12 04:00:00+00:00,152.55000000000001,155.38999999999999,152.38999999999999,154.44,580499,5033,154.09505899999999
2019-09-13 04:00:00+00:00,153.96000000000001,154.30000000000001,152.58000000000001,152.59999999999999,572457,4068,153.255943
2019-09-16 04:00:00+00:00,151.18000000000001,152.06,150.69999999999999,150.96000000000001,461593,3447,151.38966199999999
2019-09-17 04:00:00+00:00,151.65000000000001,154.13,151.5,153.96000000000001,460371,4977,153.20659900000001
2019-09-18 04:00:00+00:00,153.84999999999999,154.99000000000001,153.02000000000001,154.78,608484,3259,154.35844
2019-09-19 04:00:00+00:00,154.47999999999999,154.81,153.62,153.62,262178,3498,154.34856199999999
2019-09-20 04:00:00+00:00,152.74000000000001,153.02860000000001,151.41999999999999,152.08000000000001,702838,2778,152.283377
2019-09-23 04:00:00+00:00,151.05000000000001,153.16999999999999,151.05000000000001,152.77000000000001,473448,3626,152.47837999999999
2019-09-24 04:00:00+00:00,151.69,151.99000000000001,150.25999999999999,150.66,266545,3560,151.05749399999999
2019-09-25 04:00:00+00:00,148.66,150.58000000000001,147.66999999999999,150.34999999999999,755026,5795,149.25331800000001
2019-09-26 04:00:00+00:00,152,152.24000000000001,150.91999999999999,151.47999999999999,237904,3086,151.55473799999999
2019-09-27 04:00:00+00:00,153.15000000000001,153.56999999999999,151.08000000000001,152.12,309700,4324,152.31831
2019-09-30 04:00:00+00:00,153.44,154.66999999999999,153.13,154.09,640623,5435,154.11267599999999
2019-10-01 04:00:00+00:00,154.06999999999999,154.55000000000001,151.40000000000001,151.96000000000001,412078,6094,152.24016
2019-10-02 04:00:00+00:00,148.03,148.34,145.93000000000001,146.90000000000001,836177,8599,147.07863800000001
2019-10-03 04:00:00+00:00,147.12,149.44,145.44,149.44,414275,5140,148.12910600000001
2019-10-04 04:00:00+00:00,149.84999999999999,150.06999999999999,149.31,149.56,320226,3704,149.628806
2019-10-07 04:00:00+00:00,148.94999999999999,150.56,148.90000000000001,149.78999999999999,203488,2595,149.74257800000001
2019-10-08 04:00:00+00:00,148.97999999999999,149.19999999999999,147.51849999999999,147.53999999999999,217222,2925,148.19407699999999
2019-10-09 04:00:00+00:00,149.11000000000001,149.84999999999999,148.53999999999999,149.30000000000001,125646,2099,149.30935700000001
2019-10-10 04:00:00+00:00,148.06999999999999,150.59999999999999,148,150.15000000000001,235712,3373,149.66763700000001
2019-10-11 04:00:00+00:00,152.06,154.62,151.99000000000001,153.31999999999999,416831,5199,153.43712400000001
2019-10-14 04:00:00+00:00,154.31,155.22,154.09,154.77000000000001,230015,3096,154.63972100000001
2019-10-15 04:00:00+00:00,155.41,157.19,155.37,156.09999999999999,196070,2813,156.340992
2019-10-16 04:00:00+00:00,158.88999999999999,161.18389999999999,158.47999999999999,159.87,410699,4945,159.86146500000001
2019-10-17 04:00:00+00:00,159.75999999999999,160.43000000000001,157.58000000000001,157.61000000000001,363680,4476,158.73048299999999
2019-10-18 04:00:00+00:00,157,157.12,155.0633,155.84999999999999,314266,4154,156.00157799999999
2019-10-21 04:00:00+00:00,157.05000000000001,157.125,155.34,156.05000000000001,260774,3707,156.070019
2019-10-22 04:00:00+00:00,157.03999999999999,157.33000000000001,153.84999999999999,153.90000000000001,447648,5125,155.4726
2019-10-23 04:00:00+00:00,153.00999999999999,153.52520000000001,151.59999999999999,151.97,621286,7987,152.45765
2019-10-24 04:00:00+00:00,153.15000000000001,155.65000000000001,153.12,155.03,419683,4135,154.74502200000001
2019-10-25 04:00:00+00:00,155,156.47999999999999,154.815,156.09,252011,3642,155.80116699999999
2019-10-28 04:00:00+00:00,157.02000000000001,158.53999999999999,157.02000000000001,157.44999999999999,212730,3652,157.72193899999999
2019-10-29 04:00:00+00:00,157.37,158.24000000000001,156.58000000000001,157.78,296207,3530,157.63436899999999
2019-10-30 04:00:00+00:00,158.56999999999999,158.62,156.88999999999999,158.13999999999999,485445,4598,158.06152
2019-10-31 04:00:00+00:00,159.56999999999999,160.33000000000001,159.16,160.12,460385,6376,159.781903
2019-11-01 04:00:00+00:00,160.53,162.06999999999999,160.53,161.38,409292,5450,161.19881899999999
2019-11-04 05:00:00+00:00,171.90000000000001,172.88999999999999,169.34999999999999,169.99000000000001,1443495,14644,171.13542100000001
2019-11-05 05:00:00+00:00,168.15000000000001,168.40000000000001,164.72,165.59999999999999,753741,9091,165.918576
2019-11-06 05:00:00+00:00,165.27000000000001,165.77500000000001,164.75999999999999,165.44,278458,3657,165.265513
2019-11-07 05:00:00+00:00,165.99000000000001,166.19999999999999,164.86000000000001,164.96000000000001,301597,5010,165.465768
2019-11-08 05:00:00+00:00,165.46000000000001,165.74000000000001,164.65000000000001,164.90000000000001,296318,3720,165.01027300000001
2019-11-11 05:00:00+00:00,163.80000000000001,164.74000000000001,163.53999999999999,164.40000000000001,304612,3155,164.12423100000001
2019-11-12 05:00:00+00:00,164.71000000000001,165.31,163.59,165.02000000000001,261687,3629,164.85494299999999
2019-11-13 05:00:00+00:00,163.99000000000001,164.78,163.38999999999999,163.86000000000001,324074,3672,164.13384400000001
2019-11-14 05:00:00+00:00,163.94999999999999,165.88999999999999,163.62,165.47,308653,4409,165.04503500000001
2019-11-15 05:00:00+00:00,166.91,167.5,166.61000000000001,167,218190,2788,167.02526700000001
2019-11-18 05:00:00+00:00,165.63999999999999,166,165.00999999999999,165.34999999999999,213559,3160,165.43958900000001
2019-11-19 05:00:00+00:00,165.69999999999999,165.96000000000001,163.72999999999999,164.22,255714,3076,164.34811500000001
2019-11-20 05:00:00+00:00,166.00999999999999,166.34999999999999,163.65000000000001,164.41,273257,4050,164.766953
2019-11-21 05:00:00+00:00,165.77000000000001,166.28999999999999,165.27000000000001,165.41,300518,4086,165.72349299999999
2019-11-22 05:00:00+00:00,166.5,166.55000000000001,164.81999999999999,165.25,178856,2680,165.36491899999999
2019-11-25 05:00:00+00:00,166.65000000000001,167.78,166.27000000000001,167.66,247104,2984,167.091633
2019-11-26 05:00:00+00:00,168.44999999999999,170.28999999999999,168.34,170.03999999999999,329688,3468,169.58171100000001
2019-11-27 05:00:00+00:00,170.80000000000001,171.40000000000001,170.41999999999999,170.88,179540,2574,170.818288
2019-11-29 05:00:00+00:00,168.53,169.495,168.06999999999999,168.27000000000001,157086,1997,168.687873
2019-12-02 05:00:00+00:00,167.19,167.27000000000001,164.12,165.11000000000001,394285,6021,165.214564
2019-12-03 05:00:00+00:00,167.18000000000001,168.06999999999999,166.12,168.02000000000001,449289,5106,167.37241499999999
2019-12-04 05:00:00+00:00,168.86000000000001,169.12,167.43000000000001,167.62,215484,3932,168.054979
2019-12-05 05:00:00+00:00,168.40000000000001,168.69999999999999,166.73500000000001,166.94,326298,3991,167.280295
2019-12-06 05:00:00+00:00,167.59,167.88999999999999,165.83000000000001,166.16999999999999,171415,2861,166.60414700000001
2019-12-09 05:00:00+00:00,163.80000000000001,164.68000000000001,163.22999999999999,163.68000000000001,328758,3587,163.79274599999999
2019-12-10 05:00:00+00:00,165.19,165.84999999999999,164.38999999999999,164.84,151478,3196,165.086387
2019-12-11 05:00:00+00:00,165.21000000000001,165.99000000000001,164.93000000000001,165.22999999999999,113449,1791,165.37576100000001
2019-12-12 05:00:00+00:00,165.94999999999999,167.24000000000001,165.63499999999999,166.22,281483,3445,166.386617
2019-12-13 05:00:00+00:00,166.16,166.25,163.55000000000001,163.93000000000001,315659,4046,164.20783399999999
2019-12-16 05:00:00+00:00,165.75999999999999,165.94,164.72999999999999,165.25,205819,2880,165.18454199999999
2019-12-17 05:00:00+00:00,167,167.62,166.53,167.43000000000001,229869,2832,167.06701200000001
2019-12-18 05:00:00+00:00,167.40000000000001,168.00999999999999,166.43000000000001,167.53,375076,3053,167.42951600000001
2019-12-19 05:00:00+00:00,165.90000000000001,167.44999999999999,165.69,166.52000000000001,192862,2772,166.45186000000001
2019-12-20 05:00:00+00:00,167.30000000000001,167.81999999999999,166.74000000000001,167.00999999999999,181166,2720,167.136394
2019-12-23 05:00:00+00:00,167.96000000000001,168.97999999999999,167.74000000000001,168.59,141295,2278,168.52868100000001
2019-12-24 05:00:00+00:00,168.03,168.50999999999999,167.09,168.00999999999999,59452,1109,167.73057299999999
2019-12-26 05:00:00+00:00,167.81999999999999,168.30000000000001,167.12,168.06999999999999,175894,1572,167.844075
2019-12-27 05:00:00+00:00,168.44999999999999,170.27500000000001,168.22999999999999,168.72,408583,3060,168.99231700000001
2019-12-30 05:00:00+00:00,167.68000000000001,167.72,165.22,165.30000000000001,275708,3659,166.079204
2019-12-31 05:00:00+00:00,165,165.84,164.24000000000001,165.53999999999999,131479,2627,165.142822
2020-01-02 05:00:00+00:00,167.05000000000001,168.77379999999999,166.63,168.50999999999999,201586,3276,167.759186
2020-01-03 05:00:00+00:00,166.75999999999999,167.75,166.26820000000001,166.72999999999999,139939,2555,167.01754700000001
2020-01-06 05:00:00+00:00,164.75999999999999,166.28999999999999,164.75999999999999,165.84999999999999,175077,2862,165.758386
2020-01-07 05:00:00+00:00,165.90000000000001,166.12,165.18000000000001,165.22,312075,3945,165.65915799999999
2020-01-08 05:00:00+00:00,167.03999999999999,168.97,166.75,168.53999999999999,303184,3257,168.32763700000001
2020-01-09 05:00:00+00:00,170.80000000000001,171,169,169.91,294018,3470,169.74938
2020-01-10 05:00:00+00:00,174.44999999999999,174.52000000000001,170.33000000000001,171.31,618663,7598,172.52896200000001
2020-01-13 05:00:00+00:00,172.71000000000001,174.28999999999999,172.16,174.28999999999999,386395,3634,173.03087099999999
2020-01-14 05:00:00+00:00,173.66999999999999,174.07499999999999,171.19999999999999,171.55000000000001,495348,5698,172.15084200000001
2020-01-15 05:00:00+00:00,172.96000000000001,173.32499999999999,171.83000000000001,172.58000000000001,1014643,8033,172.54643100000001
2020-01-16 05:00:00+00:00,172.58000000000001,173.41,170.57499999999999,173.41,503404,5367,171.69485700000001
2020-01-17 05:00:00+00:00,174.97999999999999,175.40000000000001,173.38,173.94,201242,3305,174.27505600000001
2020-01-21 05:00:00+00:00,172.34999999999999,174.30000000000001,171.68000000000001,174.15000000000001,487150,4730,173.296178
2020-01-22 05:00:00+00:00,175,175.28,172.58000000000001,173.12,280640,3272,173.76012800000001
2020-01-23 05:00:00+00:00,171.96000000000001,172.88999999999999,170.72999999999999,172.25999999999999,271880,3698,171.86684700000001
2020-01-24 05:00:00+00:00,173.78,174.01499999999999,171.86000000000001,172.47999999999999,199877,3555,172.85307599999999
2020-01-27 05:00:00+00:00,167.40000000000001,168.66990000000001,166.625,168.05000000000001,458466,6650,167.83237700000001
2020-01-28 05:00:00+00:00,169.50999999999999,172.06999999999999,169.44999999999999,171.25,245961,4188,171.248379
2020-01-29 05:00:00+00:00,172.11000000000001,173.16999999999999,171.25999999999999,172.65000000000001,288026,4134,172.47558000000001
2020-01-30 05:00:00+00:00,170.47999999999999,172.56,170.03999999999999,172.47999999999999,347503,4566,171.251081
2020-01-31 05:00:00+00:00,169.41,170.41999999999999,168.56,168.81999999999999,611283,7560,169.35955799999999
2020-02-03 05:00:00+00:00,168.66,176.58000000000001,168.32499999999999,170.25,577812,6631,170.695368
2020-02-04 05:00:00+00:00,168.25,169.03,164.41,168.53,1553718,17259,166.84081399999999
2020-02-05 05:00:00+00:00,169.53999999999999,169.83000000000001,166.84,167.88,848259,9264,167.964201
2020-02-06 05:00:00+00:00,167.59,170.05000000000001,167.00999999999999,168.80000000000001,524197,7366,168.72051999999999
2020-02-07 05:00:00+00:00,167.41999999999999,168.30000000000001,166.71000000000001,166.75999999999999,403794,4414,167.30332999999999
2020-02-10 05:00:00+00:00,167.77000000000001,168.02000000000001,166.41,167.55000000000001,324509,3853,167.07359199999999
2020-02-11 05:00:00+00:00,169.88999999999999,171.56,169.72999999999999,171.16,319267,4456,170.87038999999999
2020-02-12 05:00:00+00:00,172.44,174.18709999999999,172.36000000000001,173.78999999999999,271374,4650,173.545942
2020-02-13 05:00:00+00:00,171.19,172.88999999999999,171.09999999999999,172.31,346966,4621,172.269327
2020-02-14 05:00:00+00:00,172.97,173.71000000000001,172.46000000000001,173.25999999999999,267622,4073,173.135897
2020-02-18 05:00:00+00:00,176.63,178.91499999999999,176.61000000000001,177.66999999999999,507263,5932,178.01737399999999
2020-02-19 05:00:00+00:00,180.36000000000001,180.94999999999999,178.94,179.21000000000001,452593,6657,179.66044500000001
2020-02-20 05:00:00+00:00,178.97,179.88999999999999,176.81999999999999,177.84999999999999,501998,6739,178.37488999999999
2020-02-21 05:00:00+00:00,176.31,176.33000000000001,172.69999999999999,172.90000000000001,451495,6363,173.31045
2020-02-24 05:00:00+00:00,161.88,165.09999999999999,161.86000000000001,162.99000000000001,1235504,14008,163.86887999999999
2020-02-25 05:00:00+00:00,165.06999999999999,165.34999999999999,161.24000000000001,161.50999999999999,776711,11974,163.59849399999999
2020-02-26 05:00:00+00:00,161.88999999999999,164.38,159.86000000000001,159.90000000000001,721313,9033,161.705411
2020-02-27 05:00:00+00:00,158.15000000000001,161.37,155.78999999999999,156.09,824512,10563,158.02719400000001
2020-02-28 05:00:00+00:00,154.18000000000001,158,152.50999999999999,157.75,1131419,14051,155.146604
2020-03-02 05:00:00+00:00,156.22,161.46000000000001,154.63999999999999,161.21000000000001,583606,7150,158.07227499999999
2020-03-03 05:00:00+00:00,161.21000000000001,163.58000000000001,156.12,156.72999999999999,537655,7504,159.39665400000001
2020-03-04 05:00:00+00:00,157.58000000000001,160.64500000000001,155.53999999999999,160.38,636358,7682,158.44224700000001
2020-03-05 05:00:00+00:00,155.55000000000001,157.25,153.12,154.19,641031,7277,154.97874200000001
2020-03-06 05:00:00+00:00,152.27000000000001,153.28999999999999,149.30000000000001,152.18000000000001,870440,9796,151.80825899999999
2020-03-09 04:00:00+00:00,141.16999999999999,145.31,137.18000000000001,137.72999999999999,1287752,15324,141.23650499999999
2020-03-10 04:00:00+00:00,145.88999999999999,147.44499999999999,141.37010000000001,146.34,966283,12070,144.60878400000001
2020-03-11 04:00:00+00:00,146.34999999999999,147.38,140.36000000000001,143.03999999999999,855533,10337,143.68073699999999
2020-03-12 04:00:00+00:00,132.94999999999999,134.91,128.24000000000001,129.99000000000001,1299594,14613,131.23266899999999
2020-03-13 04:00:00+00:00,143.93000000000001,143.93000000000001,132.66999999999999,142.28,813981,8730,137.569592
2020-03-16 04:00:00+00:00,130,139.68000000000001,127.73,129.31999999999999,1416614,13444,132.60183799999999
2020-03-17 04:00:00+00:00,139.00999999999999,139.97,133.06,136.61000000000001,1505069,17373,136.46821
2020-03-18 04:00:00+00:00,134.11000000000001,138.59999999999999,130.19999999999999,134.05000000000001,1299491,13800,134.411372
2020-03-19 04:00:00+00:00,135.97,139.49000000000001,133.15000000000001,136.69999999999999,1075881,8942,136.68467000000001
2020-03-20 04:00:00+00:00,137.41999999999999,147.99000000000001,137.18000000000001,139.56,794898,7994,140.39295300000001
2020-03-23 04:00:00+00:00,132.86000000000001,137.62,129.5,129.5,784974,7533,133.003657
2020-03-24 04:00:00+00:00,140.78999999999999,149.97999999999999,138.96000000000001,144.94999999999999,582598,7314,143.98484099999999
2020-03-25 04:00:00+00:00,149.33000000000001,156.94,147.97999999999999,154.06,1392542,14227,152.97229400000001
2020-03-26 04:00:00+00:00,151.65000000000001,157.77000000000001,151.19999999999999,157.18000000000001,722725,7719,154.932332
2020-03-27 04:00:00+00:00,152.61000000000001,154.06999999999999,149.47999999999999,150.03,623364,8043,152.50599199999999
2020-03-30 04:00:00+00:00,151.21000000000001,154.43000000000001,150.5,154.28999999999999,349060,5577,152.963202
2020-03-31 04:00:00+00:00,152.44999999999999,156.44999999999999,151.50999999999999,152.56999999999999,595876,5415,153.45281
2020-04-01 04:00:00+00:00,152.72,153.03,147.02000000000001,148.44999999999999,577058,6844,149.50451200000001
2020-04-02 04:00:00+00:00,146.33000000000001,148.25999999999999,141.53999999999999,141.84999999999999,737849,7716,144.416078
2020-04-03 04:00:00+00:00,139.09999999999999,140.69,134.24000000000001,134.83000000000001,710813,7234,136.13646199999999
2020-04-06 04:00:00+00:00,139.87,147.18000000000001,138.91,147.00999999999999,551533,7638,144.74766099999999
2020-04-07 04:00:00+00:00,150.55000000000001,151.41999999999999,146,146.47999999999999,517626,5877,148.54986099999999
2020-04-08 04:00:00+00:00,150.69,155,150.05000000000001,154.00999999999999,350172,5276,153.117919
2020-04-09 04:00:00+00:00,154,158.59999999999999,152.84,157.03999999999999,338675,4359,155.49873700000001
2020-04-13 04:00:00+00:00,157.47999999999999,157.59999999999999,152.50999999999999,153.41999999999999,193710,2549,153.64237900000001
2020-04-14 04:00:00+00:00,155.56,157.11000000000001,154.44,155.75999999999999,405437,3879,155.805162
2020-04-15 04:00:00+00:00,152.99000000000001,153.25999999999999,150,150.59999999999999,274046,4181,151.105615
2020-04-16 04:00:00+00:00,154.72,156.19999999999999,151.99000000000001,154.30000000000001,149556,2573,154.57662300000001
2020-04-17 04:00:00+00:00,162.94,163.38999999999999,160.57499999999999,161.34,491990,5923,161.68288200000001
2020-04-20 04:00:00+00:00,158.99000000000001,159.31,156.63,157.00999999999999,218764,3710,158.23966799999999
2020-04-21 04:00:00+00:00,158.34,159.02000000000001,153.09,153.15000000000001,359883,4310,155.479523
2020-04-22 04:00:00+00:00,157.33000000000001,158.75,156.44999999999999,158.02000000000001,377944,4067,157.362765
2020-04-23 04:00:00+00:00,156.53,159.28,156.28,157.02000000000001,167573,2472,157.62848199999999
2020-04-24 04:00:00+00:00,158,158,155.18000000000001,156.34999999999999,219457,3041,156.478982
2020-04-27 04:00:00+00:00,157.56999999999999,159.5,157.46000000000001,158.5,259064,3764,158.490746
2020-04-28 04:00:00+00:00,159.53,159.55000000000001,155.86000000000001,155.86000000000001,338415,4102,157.63302100000001
2020-04-29 04:00:00+00:00,159,159.94,157.25,157.25,447126,5189,158.29632599999999
2020-04-30 04:00:00+00:00,156.37,158.11500000000001,154.55500000000001,155.62,328695,4160,155.82404700000001
2020-05-01 04:00:00+00:00,153.69,153.91,147.08000000000001,148.99000000000001,525561,6228,149.694095
2020-05-04 04:00:00+00:00,154.05000000000001,159.91990000000001,153.25999999999999,158.53,577122,6669,157.82141799999999
2020-05-05 04:00:00+00:00,155.53,157.51499999999999,154.26499999999999,156.03999999999999,441325,4815,155.96866199999999
2020-05-06 04:00:00+00:00,158.33000000000001,158.84,155.49000000000001,155.69999999999999,204763,2797,156.94510600000001
2020-05-07 04:00:00+00:00,157.88999999999999,157.91,155.46000000000001,157.28,105335,1959,156.79579100000001
2020-05-08 04:00:00+00:00,158.33000000000001,160.59999999999999,158.22999999999999,159.87,242708,4023,159.27346700000001
2020-05-11 04:00:00+00:00,158.71000000000001,161.16999999999999,158.19999999999999,160.05000000000001,123230,2348,159.685543
2020-05-12 04:00:00+00:00,160.13999999999999,160.19,156.88,156.91,156931,2282,158.23227299999999
2020-05-13 04:00:00+00:00,158.22999999999999,158.34,153.435,154.75999999999999,183809,2706,156.310562
2020-05-14 04:00:00+00:00,151.38,154.97999999999999,150.97,154.81,155727,2269,152.898223
2020-05-15 04:00:00+00:00,157.53,158.66999999999999,156.09,157.38999999999999,158402,2560,157.29511600000001
2020-05-18 04:00:00+00:00,161.38,164.30000000000001,161.16999999999999,162.75999999999999,234541,3396,162.65253899999999
2020-05-19 04:00:00+00:00,159.77000000000001,161.37,158.13999999999999,158.25,502076,6044,159.67107899999999
2020-05-20 04:00:00+00:00,159.97,160.52000000000001,158.02000000000001,158.78999999999999,284980,3893,159.26738700000001
2020-05-21 04:00:00+00:00,160.86000000000001,160.87,157.82499999999999,158.75999999999999,185215,2865,159.01522700000001
2020-05-22 04:00:00+00:00,159.53,160.88059999999999,158.86000000000001,160.47999999999999,128020,2326,160.06939499999999
2020-05-26 04:00:00+00:00,164.08000000000001,164.43000000000001,162.46000000000001,162.78,179151,3654,163.45405500000001
2020-05-27 04:00:00+00:00,164.94,164.99000000000001,161.12,163.37,361988,4426,163.01164900000001
2020-05-28 04:00:00+00:00,164.80000000000001,169.38999999999999,164.30000000000001,166.69,310982,4607,167.268843
2020-05-29 04:00:00+00:00,170.08000000000001,170.08000000000001,167.09,168.71000000000001,382516,4950,168.74341799999999
2020-06-01 04:00:00+00:00,168.47999999999999,170.41999999999999,168.44999999999999,169.44999999999999,247240,4128,169.23979
2020-06-02 04:00:00+00:00,169.41,171.37,169.41,171.21000000000001,230295,4083,170.63824099999999
2020-06-03 04:00:00+00:00,174.13999999999999,176.96000000000001,173.94999999999999,176.19,277614,4162,175.680205
2020-06-04 04:00:00+00:00,174.09999999999999,176.19999999999999,173.94999999999999,173.99000000000001,323865,4044,174.944783
2020-06-05 04:00:00+00:00,173.22999999999999,174.22,170.38,170.84999999999999,449931,6385,172.11533800000001
2020-06-08 04:00:00+00:00,171.33000000000001,172.94999999999999,169.77010000000001,172.59999999999999,180702,3059,171.684764
2020-06-09 04:00:00+00:00,172.03999999999999,175.33000000000001,171.75,174.50999999999999,331661,4497,174.00580500000001
2020-06-10 04:00:00+00:00,175.80000000000001,176.97999999999999,174.53999999999999,175.68000000000001,231681,3263,175.75322
2020-06-11 04:00:00+00:00,169.36000000000001,170.98009999999999,164.28,165.28999999999999,356910,5428,167.123166
2020-06-12 04:00:00+00:00,170.19,170.50999999999999,165,167.88999999999999,193829,3428,168.065831
2020-06-15 04:00:00+00:00,164.74000000000001,169.91,164.22999999999999,169.69999999999999,185954,3080,167.24404899999999
2020-06-16 04:00:00+00:00,173.28999999999999,173.28999999999999,168.59,169.69,245964,4034,170.50948099999999
2020-06-17 04:00:00+00:00,168.91,170.84,168.34,169.81,240460,3048,169.756393
2020-06-18 04:00:00+00:00,168.37,169.63,167.24000000000001,168.58000000000001,134370,2131,168.31687500000001
2020-06-19 04:00:00+00:00,168.27000000000001,169.86000000000001,167.7501,168.21000000000001,195933,2934,168.67744999999999
2020-06-22 04:00:00+00:00,172.72,172.72,170.59,171.44999999999999,176723,3256,171.49487999999999
2020-06-23 04:00:00+00:00,174.83000000000001,175.61000000000001,173.03,173.05000000000001,192978,2729,174.359555
2020-06-24 04:00:00+00:00,170.59999999999999,171.52000000000001,167.5,168.69,172368,2947,169.34514300000001
2020-06-25 04:00:00+00:00,167.78,170.16999999999999,166.33000000000001,170.09,153784,2649,168.95793399999999
2020-06-26 04:00:00+00:00,172.16999999999999,172.42500000000001,168.91,169.62,136671,2579,170.33774700000001
2020-06-29 04:00:00+00:00,171.16999999999999,171.76679999999999,169.11019999999999,170.97999999999999,135064,2168,170.71730400000001
2020-06-30 04:00:00+00:00,168.5,171.94999999999999,168.09,171.00999999999999,205583,2665,170.44869
2020-07-01 04:00:00+00:00,169.66,172.77000000000001,168.78999999999999,171.94,197601,2890,171.13427899999999
2020-07-02 04:00:00+00:00,173.93000000000001,174.81999999999999,171.97999999999999,172.16,148421,2179,173.32539399999999
2020-07-06 04:00:00+00:00,175.80000000000001,177.22,175.18000000000001,176.00999999999999,220824,3298,175.87778700000001
2020-07-07 04:00:00+00:00,176.44,176.75,173.19999999999999,173.50999999999999,151732,2646,174.56199599999999
2020-07-08 04:00:00+00:00,175.58000000000001,176.59999999999999,174.02000000000001,175.91,193831,3251,175.614407
2020-07-09 04:00:00+00:00,177.19999999999999,177.63,174.47999999999999,177.56,278557,3732,176.81639999999999
2020-07-10 04:00:00+00:00,178.22,179.30000000000001,176.59,179,153393,2850,178.25190499999999
2020-07-13 04:00:00+00:00,179.5,180.34999999999999,175.87,176.33000000000001,335951,3578,178.68023700000001
2020-07-14 04:00:00+00:00,174.27000000000001,178.16999999999999,174.22,178.09999999999999,177951,2990,176.35191900000001
2020-07-15 04:00:00+00:00,179.11000000000001,180.41749999999999,178.19999999999999,179,151009,2690,179.18828199999999
2020-07-16 04:00:00+00:00,177.16,177.97999999999999,176.46000000000001,177.38999999999999,109101,2078,177.228196
2020-07-17 04:00:00+00:00,177.24000000000001,177.68700000000001,175.49000000000001,177.56,118745,2066,176.697926
2020-07-20 04:00:00+00:00,178.30000000000001,181.41499999999999,178.00999999999999,180.78999999999999,160725,2482,179.979353
2020-07-21 04:00:00+00:00,182.25999999999999,183.05000000000001,180.49000000000001,180.84999999999999,165565,2939,181.89431500000001
2020-07-22 04:00:00+00:00,182.68000000000001,183.5,181.33000000000001,183.03,118290,2356,182.56023999999999
2020-07-23 04:00:00+00:00,184,185.35990000000001,181.75999999999999,182.18000000000001,247101,3388,183.83762899999999
2020-07-24 04:00:00+00:00,179.62,180.41,178.30000000000001,179.19,133884,3134,179.30952300000001
2020-07-27 04:00:00+00:00,181.33000000000001,182.68000000000001,179.005,179.93000000000001,322038,4024,180.58014900000001
2020-07-28 04:00:00+00:00,179,180.16499999999999,178.44,178.88999999999999,97784,2383,179.20713799999999
2020-07-29 04:00:00+00:00,180.50999999999999,182.40000000000001,179.91,182.19999999999999,159380,2774,181.31224900000001
2020-07-30 04:00:00+00:00,178.28,181.53,178.03,181.02000000000001,151651,2461,180.09034800000001
2020-07-31 04:00:00+00:00,180.99000000000001,181.83000000000001,178.05000000000001,181.69999999999999,281610,3833,179.917933
2020-08-03 04:00:00+00:00,181.56,189.25999999999999,180.34,186.44999999999999,419820,5731,186.026544
2020-08-04 04:00:00+00:00,182.53,187.08539999999999,182.21000000000001,185.50999999999999,512162,4291,185.37449799999999
2020-08-05 04:00:00+00:00,188,188.84999999999999,186.19,186.72999999999999,378793,3030,187.50886
2020-08-06 04:00:00+00:00,185.74000000000001,187.41,185.13999999999999,186.63999999999999,133371,2290,186.14248499999999
2020-08-07 04:00:00+00:00,186.53999999999999,187.28,184.47999999999999,185.94999999999999,125374,2167,186.085071
2020-08-10 04:00:00+00:00,183.88,184.83000000000001,182.78,184.25,157559,2338,183.844886
2020-08-11 04:00:00+00:00,187.80000000000001,189.20500000000001,185.31999999999999,185.49000000000001,249436,3239,186.90535800000001
2020-08-12 04:00:00+00:00,191.06,193.83000000000001,190.62,192.63,379140,2967,192.23500200000001
2020-08-13 04:00:00+00:00,193.71000000000001,196.53,193.5,194.31999999999999,249110,3818,194.825355
2020-08-14 04:00:00+00:00,194.81,195.41,193.19999999999999,194.30000000000001,234012,3118,194.51489900000001
2020-08-17 04:00:00+00:00,195.87,198.55000000000001,195.81,197.19,232219,3159,197.46285800000001
2020-08-18 04:00:00+00:00,199,199.62,196.13,196.30000000000001,144691,2461,197.434684
2020-08-19 04:00:00+00:00,197.09999999999999,197.09999999999999,194.43000000000001,194.71000000000001,156028,3179,195.258262
2020-08-20 04:00:00+00:00,192.46000000000001,195.44,192.18209999999999,195.02000000000001,118609,2136,194.04526899999999
2020-08-21 04:00:00+00:00,191.62,194.62,191.53999999999999,193.81,132852,2206,193.15949900000001
2020-08-24 04:00:00+00:00,197.38,197.38,194.96680000000001,195.43000000000001,104260,1929,196.12954099999999
2020-08-25 04:00:00+00:00,198.19999999999999,198.29499999999999,195.47,197.31,92736,1828,196.984747
2020-08-26 04:00:00+00:00,196.06,199.97,196,199.28999999999999,222335,3396,198.36208199999999
2020-08-27 04:00:00+00:00,198.46000000000001,198.55000000000001,194.31,195.50999999999999,196298,3359,196.001293
2020-08-28 04:00:00+00:00,196.11000000000001,196.71000000000001,195.245,196.30000000000001,97552,1946,195.99229299999999
2020-08-31 04:00:00+00:00,195.68000000000001,196.18000000000001,194.28,194.75,110646,1981,195.029372
2020-09-01 04:00:00+00:00,194.22999999999999,195.66,193.56,195.56999999999999,167238,2481,194.60062099999999
2020-09-02 04:00:00+00:00,197.53,197.55000000000001,195.00999999999999,196.69,310751,3262,196.221204
2020-09-03 04:00:00+00:00,196.09999999999999,196.09999999999999,190,190.97,318870,3673,192.02320800000001
2020-09-04 04:00:00+00:00,191.94999999999999,192.96000000000001,187.13999999999999,191.74000000000001,141036,2808,190.19432900000001
2020-09-08 04:00:00+00:00,186.53999999999999,190.59,185.84,185.84,228277,3780,187.752579
2020-09-09 04:00:00+00:00,189.02000000000001,191.78999999999999,188.68000000000001,189.41999999999999,169616,3022,189.998031
2020-09-10 04:00:00+00:00,190,191.19820000000001,187.53,187.86000000000001,193806,2754,189.24846099999999
2020-09-11 04:00:00+00:00,190.69999999999999,192.25,189.61000000000001,191.72,218698,3206,191.39988399999999
2020-09-14 04:00:00+00:00,191.78999999999999,193.02000000000001,191.02000000000001,191.99000000000001,239663,3523,192.06362899999999
2020-09-15 04:00:00+00:00,194.47,194.75999999999999,191.27500000000001,191.58000000000001,96136,2539,192.393923
2020-09-16 04:00:00+00:00,192.03,192.41999999999999,188.47,188.84999999999999,142797,2137,190.12396100000001
2020-09-17 04:00:00+00:00,187.91,190.93000000000001,187.74000000000001,190.13999999999999,95969,1735,189.388611
2020-09-18 04:00:00+00:00,188.66999999999999,189.75999999999999,186.69999999999999,187.91999999999999,134545,2291,188.24796000000001
2020-09-21 04:00:00+00:00,183.90000000000001,184.41999999999999,180.66,184.09999999999999,172190,3106,182.79413299999999
2020-09-22 04:00:00+00:00,183.05000000000001,183.88,181.9735,183.30000000000001,157996,2921,183.08134799999999
2020-09-23 04:00:00+00:00,183.44,184.18000000000001,181.28999999999999,181.58000000000001,128506,2310,182.70270199999999
2020-09-24 04:00:00+00:00,182.00999999999999,184.75999999999999,180.80000000000001,182.83000000000001,146119,2658,182.87363400000001
2020-09-25 04:00:00+00:00,179.25,182.06999999999999,178.94,181.25,159496,2313,180.26059799999999
2020-09-28 04:00:00+00:00,183.86000000000001,184.06999999999999,182.94,183.28,127708,2351,183.49725000000001
2020-09-29 04:00:00+00:00,183.56999999999999,184.27000000000001,182.09999999999999,182.34999999999999,123136,2573,183.050127
2020-09-30 04:00:00+00:00,182.84999999999999,185.19499999999999,182.34999999999999,184.09,255408,3195,184.171685
2020-10-01 04:00:00+00:00,184.50999999999999,185.08000000000001,182.91999999999999,184.59999999999999,186967,2872,184.257882
2020-10-02 04:00:00+00:00,180.59,182.465,180.55500000000001,180.87,194739,2732,181.481382
2020-10-05 04:00:00+00:00,181.25,182.7499,180.63999999999999,182.63,135155,2676,181.64425700000001
2020-10-06 04:00:00+00:00,181.28999999999999,181.49000000000001,176.03,176.49000000000001,360380,4235,178.97239300000001
2020-10-07 04:00:00+00:00,180.53999999999999,184.61000000000001,180.47999999999999,183.40000000000001,452273,5771,183.544691
2020-10-08 04:00:00+00:00,182.28,182.83000000000001,180.97,181.31999999999999,217919,2944,181.66968199999999
2020-10-09 04:00:00+00:00,181.78999999999999,183.40000000000001,181.22,182.84,143715,2347,182.4658
2020-10-12 04:00:00+00:00,184.74000000000001,185.59,184.12,184.90000000000001,161841,2521,184.791684
2020-10-13 04:00:00+00:00,185.80000000000001,185.80000000000001,183.50999999999999,184.19,120992,2510,184.45183900000001
2020-10-14 04:00:00+00:00,185.99000000000001,186.86000000000001,183.88499999999999,185.75999999999999,262170,3598,185.779394
2020-10-15 04:00:00+00:00,181.74000000000001,188.62,181.72999999999999,187.71000000000001,551517,6762,186.39957999999999
2020-10-16 04:00:00+00:00,191.06,194.31999999999999,190.88,192.52000000000001,519257,6671,192.84046799999999
2020-10-19 04:00:00+00:00,192.53,193,188.81999999999999,189.37,290089,4590,190.942644
2020-10-20 04:00:00+00:00,192.34,194.37,191.91999999999999,192.53999999999999,187857,3252,193.017089
2020-10-21 04:00:00+00:00,189.78,192.09,189.33000000000001,189.93000000000001,228049,3030,190.095212
2020-10-22 04:00:00+00:00,189.16999999999999,191.78999999999999,188.66,190.09999999999999,308349,3900,190.37020799999999
2020-10-23 04:00:00+00:00,190.50999999999999,190.96000000000001,188.49000000000001,189.97,211238,2771,189.759771
2020-10-26 04:00:00+00:00,186.06,186.65000000000001,184.38999999999999,185.41999999999999,226725,3484,185.518596
2020-10-27 04:00:00+00:00,186.71000000000001,186.71000000000001,184.83000000000001,185.34,245009,3583,185.53137799999999
2020-10-28 04:00:00+00:00,179.12,180.56,177,177.12,402476,6785,178.64259300000001
2020-10-29 04:00:00+00:00,177.09999999999999,179.845,176.2868,178.56999999999999,194884,3497,178.56245899999999
2020-10-30 04:00:00+00:00,178.41,179.30000000000001,176.71000000000001,178.41999999999999,232267,3424,177.99451500000001
2020-11-02 05:00:00+00:00,180.69999999999999,183.78,180.69,183.18000000000001,345099,5080,182.45075399999999
2020-11-03 05:00:00+00:00,192.99000000000001,198.19999999999999,191.655,196.00999999999999,686176,8506,196.14191700000001
2020-11-04 05:00:00+00:00,202.09999999999999,203.28999999999999,199.69999999999999,202.19999999999999,533899,5975,201.689063
2020-11-05 05:00:00+00:00,204.49000000000001,207.25999999999999,203.44999999999999,207.09,384812,5963,205.852137
2020-11-06 05:00:00+00:00,207.16999999999999,208.94,206.5,208,500344,6428,207.532274
2020-11-09 05:00:00+00:00,212.69999999999999,213.47999999999999,205.37,205.80000000000001,426772,5897,209.54847699999999
2020-11-10 05:00:00+00:00,203.46000000000001,205.59,202.34999999999999,204.59999999999999,202882,4118,204.22863000000001
2020-11-11 05:00:00+00:00,207.81999999999999,210.06,207.81999999999999,209.27000000000001,202381,4039,209.07246699999999
2020-11-12 05:00:00+00:00,208.84999999999999,209.19999999999999,204.03999999999999,205.47999999999999,302627,4400,206.71281999999999
2020-11-13 05:00:00+00:00,208.06,208.50999999999999,205.5,206.69,786260,5844,206.252501
2020-11-16 05:00:00+00:00,208.5,208.91999999999999,205.69999999999999,207.66999999999999,279731,3485,207.27299500000001
2020-11-17 05:00:00+00:00,210.71000000000001,212.00999999999999,209.61000000000001,210.34999999999999,313467,3931,210.72598400000001
2020-11-18 05:00:00+00:00,214.78,215.47999999999999,212.78999999999999,214.03,457988,6349,214.37844000000001
2020-11-19 05:00:00+00:00,212.46000000000001,214.16999999999999,211.90000000000001,214.16999999999999,198689,3390,213.15139199999999
2020-11-20 05:00:00+00:00,211.91999999999999,212.75,209.03,209.74000000000001,206191,3464,210.98674700000001
2020-11-23 05:00:00+00:00,210.65000000000001,211.19,207.89150000000001,209.96000000000001,197427,3150,209.722961
2020-11-24 05:00:00+00:00,210,211.62,208.65000000000001,210.30000000000001,254475,3540,210.112774
2020-11-25 05:00:00+00:00,211.28,213.08000000000001,210.83000000000001,212.38999999999999,148306,2992,211.82406800000001
2020-11-27 05:00:00+00:00,212.74000000000001,213.66999999999999,212.61000000000001,212.74000000000001,155147,2182,213.184697
2020-11-30 05:00:00+00:00,214.56,214.56,210.69999999999999,211.11000000000001,279157,3473,212.14223200000001
2020-12-01 05:00:00+00:00,212.59,214.94999999999999,212.34,214.38999999999999,259900,4001,213.80593099999999
2020-12-02 05:00:00+00:00,213.56999999999999,215.19,212.25999999999999,214.77000000000001,177875,2980,214.51393999999999
2020-12-03 05:00:00+00:00,215.40000000000001,216.5,214.69999999999999,215.34999999999999,277350,3834,215.53528900000001
2020-12-04 05:00:00+00:00,212.19999999999999,212.75999999999999,209.8494,210.34,563897,6763,211.08312699999999
2020-12-07 05:00:00+00:00,209.81,211.89500000000001,209.47,210.66,257181,4508,210.890309
2020-12-08 05:00:00+00:00,210.52000000000001,215.94,210.5,214,257837,3999,213.539795
2020-12-09 05:00:00+00:00,216.68000000000001,217.49000000000001,213.56,214.94999999999999,294087,4237,215.70070999999999
2020-12-10 05:00:00+00:00,213.43000000000001,215.16499999999999,212.22499999999999,213.93000000000001,279647,2922,213.895928
2020-12-11 05:00:00+00:00,213.06999999999999,215.37,212.80000000000001,214.88999999999999,232746,3625,214.11846199999999
2020-12-14 05:00:00+00:00,217.34999999999999,218.72,215.78999999999999,216.40000000000001,244216,3558,217.50326200000001
2020-12-15 05:00:00+00:00,220.24000000000001,222.05000000000001,219.5,221.03,263968,4573,220.73655400000001
2020-12-16 05:00:00+00:00,223.61000000000001,223.63,221.53,222.19,303436,5011,222.42548099999999
2020-12-17 05:00:00+00:00,223.72,225.88,223.24000000000001,223.72999999999999,270316,4249,224.17549299999999
2020-12-18 05:00:00+00:00,226.02000000000001,226.36000000000001,224.53999999999999,225.72999999999999,191490,3483,225.62568899999999
2020-12-21 05:00:00+00:00,220.96000000000001,225.28999999999999,219.94,224.63999999999999,295014,4081,223.32596799999999
2020-12-22 05:00:00+00:00,225.47999999999999,229,224.80000000000001,227.53999999999999,293047,4253,227.408705
2020-12-23 05:00:00+00:00,228.18000000000001,228.91999999999999,224.94,225.34,285236,3243,227.25730200000001
2020-12-24 05:00:00+00:00,225.00999999999999,226,223.78,225.53,55234,1233,224.93713600000001
2020-12-28 05:00:00+00:00,229.44,229.66499999999999,227.63,228.61000000000001,202326,3545,228.64889400000001
2020-12-29 05:00:00+00:00,233.66,233.66,229.41,229.63999999999999,370538,4631,231.02644699999999
2020-12-30 05:00:00+00:00,233.00999999999999,233.38999999999999,228.696,229.69,231732,3973,230.79697100000001
2020-12-31 05:00:00+00:00,229.02000000000001,230.09999999999999,227.03999999999999,229.52000000000001,139122,2266,228.880563
2021-01-04 05:00:00+00:00,231.66,232.31,225.91,227.00999999999999,331868,4305,228.74172100000001
2021-01-05 05:00:00+00:00,226.09,228.18000000000001,225.5,226.08000000000001,313498,3348,226.33951400000001
2021-01-06 05:00:00+00:00,221.12,223.74000000000001,221.12,221.75,330519,4804,222.500789
2021-01-07 05:00:00+00:00,221.00999999999999,222.38999999999999,220.125,222.09999999999999,296197,4424,221.41270599999999
2021-01-08 05:00:00+00:00,219.59,220.84999999999999,216.56,217.97,766638,6831,218.82494500000001
2021-01-11 05:00:00+00:00,215.52000000000001,219.69999999999999,215.21600000000001,217.96000000000001,629385,6940,217.447472
2021-01-12 05:00:00+00:00,216.5,219.34,215.93000000000001,217.96000000000001,239518,4070,217.91521299999999
2021-01-13 05:00:00+00:00,220.38,221.94,219.28,221.69,275752,4653,220.854468
2021-01-14 05:00:00+00:00,219.53999999999999,220.66999999999999,215.25,216.16,334595,4794,217.75338300000001
2021-01-15 05:00:00+00:00,214.81999999999999,215.13999999999999,209.75999999999999,210.06999999999999,345490,6136,211.67754299999999
2021-01-19 05:00:00+00:00,211.49000000000001,211.49000000000001,208.41,210.43000000000001,256277,4803,209.98968300000001
2021-01-20 05:00:00+00:00,211.52000000000001,214.08500000000001,211.22999999999999,213.65000000000001,172260,3373,212.69316599999999
2021-01-21 05:00:00+00:00,213,217.12,213,216.13999999999999,323725,5311,215.58954
2021-01-22 05:00:00+00:00,213.81,214.495,210.78999999999999,212.06999999999999,290498,4190,212.27623800000001
2021-01-25 05:00:00+00:00,211.63,211.91999999999999,208.66999999999999,210.16,459268,6527,210.29077899999999
2021-01-26 05:00:00+00:00,211.08000000000001,211.65000000000001,208.31,208.5,458456,6311,209.942162
2021-01-27 05:00:00+00:00,206.52000000000001,209.33000000000001,203.80000000000001,207.25,392688,6757,206.94261700000001
2021-01-28 05:00:00+00:00,208.19,208.78999999999999,206.47,206.97999999999999,557953,6730,207.34832299999999
2021-01-29 05:00:00+00:00,209.5,210.2063,206.96000000000001,208.18000000000001,437434,6863,208.69596999999999
2021-02-01 05:00:00+00:00,212.49000000000001,217.72,211.80000000000001,216.99000000000001,590185,8550,214.964844
2021-02-02 05:00:00+00:00,211.09,212.88990000000001,204.72,207.78999999999999,1015014,14671,208.22643199999999
2021-02-03 05:00:00+00:00,201.69,201.83500000000001,194.24000000000001,200,2021522,19768,197.96193099999999
2021-02-04 05:00:00+00:00,200.08000000000001,204.08000000000001,200,201.33000000000001,581508,7773,201.859489
2021-02-05 05:00:00+00:00,203.87,204.09,201.69,202.68000000000001,221224,4146,202.89293799999999
2021-02-08 05:00:00+00:00,207.5,209.00999999999999,206.61000000000001,208.68000000000001,319070,5204,207.85870600000001
2021-02-09 05:00:00+00:00,208.36000000000001,209.55000000000001,207.88999999999999,209.18000000000001,214337,4056,208.83067800000001
2021-02-10 05:00:00+00:00,208.75,209.03999999999999,206.49000000000001,207.15000000000001,156592,3268,207.65509700000001
2021-02-11 05:00:00+00:00,205.44999999999999,205.81999999999999,203.59999999999999,204.93000000000001,181911,3216,204.87650199999999
2021-02-12 05:00:00+00:00,204.03,205.83680000000001,203.43000000000001,205.34999999999999,153951,2931,204.78461999999999
2021-02-16 05:00:00+00:00,203.47999999999999,203.66,201.56,201.97,243397,4035,202.52927
2021-02-17 05:00:00+00:00,198.25999999999999,200.52000000000001,198.00999999999999,199.93000000000001,317411,4908,199.519983
2021-02-18 05:00:00+00:00,199.09,199.94,197.46000000000001,199.44999999999999,327688,4844,198.514375
2021-02-19 05:00:00+00:00,199.16999999999999,199.38229999999999,198,198.28999999999999,149386,3078,198.56569099999999
2021-02-22 05:00:00+00:00,195.88,198.66,195.31999999999999,196.72,238641,4950,196.93448000000001
2021-02-23 05:00:00+00:00,194.66999999999999,197.53999999999999,192.1807,196.81,392065,5419,195.116739
2021-02-24 05:00:00+00:00,195.28,197.47999999999999,194.15000000000001,196.41,303235,5155,196.153188
2021-02-25 05:00:00+00:00,196.19999999999999,197.16999999999999,193.44,194.83000000000001,309720,4582,195.08116999999999
2021-02-26 05:00:00+00:00,196.40000000000001,198.47,194.96000000000001,197.38,394734,5381,196.97041999999999
2021-03-01 05:00:00+00:00,195,198.565,194.80000000000001,197.69999999999999,381738,5002,197.130976
2021-03-02 05:00:00+00:00,196.75999999999999,198.05000000000001,195.31,196.47999999999999,197051,3373,196.67918900000001
2021-03-03 05:00:00+00:00,192.66,195.03,190.90000000000001,191.44999999999999,429602,6079,192.32456500000001
2021-03-04 05:00:00+00:00,189.44999999999999,191.06,185.12,187.78,701124,8080,188.221012
2021-03-05 05:00:00+00:00,189.43000000000001,189.43000000000001,183.81999999999999,188.90000000000001,362144,5776,187.150825
2021-03-08 05:00:00+00:00,188.16999999999999,191.93000000000001,187.7141,188.52000000000001,265248,4231,189.857798
2021-03-09 05:00:00+00:00,192.96000000000001,194.94759999999999,192.745,193.03,355628,4751,193.74440999999999
2021-03-10 05:00:00+00:00,194.43000000000001,194.43000000000001,191.80000000000001,191.83000000000001,282291,4817,192.798045
2021-03-11 05:00:00+00:00,197.91999999999999,197.91999999999999,195.50999999999999,196.81999999999999,465371,6632,196.75852800000001
2021-03-12 05:00:00+00:00,193.90000000000001,196.15000000000001,192.78,195.81,148145,2916,194.59177500000001
2021-03-15 04:00:00+00:00,195.24000000000001,195.78,193.90000000000001,195.63,141658,2455,195.203701
2021-03-16 04:00:00+00:00,197.22,197.33000000000001,194.48500000000001,196.62,349619,4634,196.31266600000001
2021-03-17 04:00:00+00:00,195.40000000000001,197.87989999999999,194.36009999999999,197.53999999999999,166146,3337,196.34341499999999
2021-03-18 04:00:00+00:00,194.22999999999999,195.62,193.44999999999999,194.65000000000001,311630,4540,194.516796
2021-03-19 04:00:00+00:00,196.38999999999999,197.25999999999999,193.44999999999999,197.06,459409,5372,195.485671
2021-03-22 04:00:00+00:00,201.81,209.41,201.30000000000001,208.06,668200,9149,206.273946
2021-03-23 04:00:00+00:00,206.63999999999999,206.84999999999999,202.27000000000001,202.81999999999999,519064,6652,204.55906899999999
2021-03-24 04:00:00+00:00,201.06,202.28999999999999,199.26499999999999,200.34999999999999,379564,4687,200.762528
2021-03-25 04:00:00+00:00,199.28999999999999,204.28,199.13,203.94999999999999,421986,6274,202.23438200000001
2021-03-26 04:00:00+00:00,203.11000000000001,204.80000000000001,201.53999999999999,204.25999999999999,660378,6664,203.71044000000001
2021-03-29 04:00:00+00:00,203.72,205.5,202.87,204.43000000000001,375390,5346,204.04430199999999
2021-03-30 04:00:00+00:00,203.47999999999999,208.94999999999999,203.27000000000001,208.77000000000001,539971,7224,207.07199800000001
2021-03-31 04:00:00+00:00,209,210.37,208.61000000000001,209.28,332642,5072,209.57966999999999
2021-04-01 04:00:00+00:00,209.97999999999999,211.38,207.56,208.03999999999999,492151,5251,209.711862
2021-04-05 04:00:00+00:00,210.30000000000001,214.53,209.59999999999999,213.52000000000001,429276,5623,211.44687999999999
2021-04-06 04:00:00+00:00,208.97,210.41,208.32499999999999,209.19,265897,5124,209.276172
2021-04-07 04:00:00+00:00,207.68000000000001,210.18000000000001,207.31,208.80000000000001,332347,5153,208.894632
2021-04-08 04:00:00+00:00,208.63,209.95500000000001,207.9907,209.16999999999999,241601,3820,209.18996100000001
2021-04-09 04:00:00+00:00,207.74000000000001,209.74000000000001,206.53999999999999,209.19999999999999,242552,4341,208.46520000000001
2021-04-12 04:00:00+00:00,209.16999999999999,212.41999999999999,208.2296,211.97999999999999,450617,7271,210.90900600000001
2021-04-13 04:00:00+00:00,210.34999999999999,211.49000000000001,209.59999999999999,210.19999999999999,236778,4464,210.21755899999999
2021-04-14 04:00:00+00:00,211.65000000000001,211.65000000000001,206.86000000000001,207.41999999999999,877866,9039,208.675206
2021-04-15 04:00:00+00:00,211.03,212,208.94,210.94999999999999,959663,9017,210.311813
2021-04-16 04:00:00+00:00,210.94999999999999,212.63999999999999,210.55000000000001,212,198728,3500,211.834338
2021-04-19 04:00:00+00:00,212.63,212.63,212.19999999999999,212.19999999999999,3253,1,212.63
2021-04-20 04:00:00+00:00,209,210.00999999999999,207.41999999999999,209.84999999999999,294392,4366,208.971214
2021-04-21 04:00:00+00:00,209.33000000000001,215.21000000000001,209.16,214.75,245657,4423,213.02436399999999
2021-04-22 04:00:00+00:00,214.33000000000001,214.37,212.16370000000001,213.08000000000001,246562,3523,213.184
2021-04-23 04:00:00+00:00,214.13999999999999,215.97999999999999,213.66999999999999,215.90000000000001,238759,4070,214.84995900000001
2021-04-26 04:00:00+00:00,216.94999999999999,218.22499999999999,216.03,218.05000000000001,274098,4976,217.45181400000001
2021-04-27 04:00:00+00:00,218.50999999999999,219.69,217.97,218.94999999999999,183462,3762,218.76736099999999
2021-04-28 04:00:00+00:00,217.55000000000001,218.94,217.00999999999999,217.58000000000001,147116,3293,217.77032700000001
2021-04-29 04:00:00+00:00,216.93000000000001,217.27000000000001,214.72,216.44999999999999,265151,4609,216.217984
2021-04-30 04:00:00+00:00,215.38999999999999,215.81999999999999,213.00999999999999,213.38999999999999,137404,2943,214.20594800000001
2021-05-03 04:00:00+00:00,219.37,220.96000000000001,217.97999999999999,217.97999999999999,475988,7338,219.291774
2021-05-04 04:00:00+00:00,208.80000000000001,209.44999999999999,200.84999999999999,202.97999999999999,1170522,16560,204.043499
2021-05-05 04:00:00+00:00,205.72999999999999,205.84999999999999,201.61000000000001,203.25,505168,7018,203.76317499999999
2021-05-06 04:00:00+00:00,201.25,202.15000000000001,198.94999999999999,200.11000000000001,554611,8252,200.07721100000001
2021-05-07 04:00:00+00:00,198.90000000000001,201.66,197.99000000000001,200.5,396914,4306,200.241671
2021-05-10 04:00:00+00:00,199.44,201.40000000000001,198.81,199.56,189710,4329,200.28604799999999
2021-05-11 04:00:00+00:00,196.75,198.83000000000001,195.78999999999999,197.88,201640,4601,197.532735
2021-05-12 04:00:00+00:00,198.03999999999999,199.56,195.46000000000001,195.56999999999999,223102,4061,197.14895899999999
2021-05-13 04:00:00+00:00,197.83000000000001,198.50800000000001,195.34,197.24000000000001,157653,3118,197.26374799999999
2021-05-14 04:00:00+00:00,198.74000000000001,199.53,197.91999999999999,198.65000000000001,133213,2543,198.755414
2021-05-17 04:00:00+00:00,199.58000000000001,201.72,199.25,201.65000000000001,217494,3107,200.691723
2021-05-18 04:00:00+00:00,202.94,204.78999999999999,202.69999999999999,203.58000000000001,394815,5764,203.767687
2021-05-19 04:00:00+00:00,200.69,203.02000000000001,200.53999999999999,202.75,274181,4092,202.055902
2021-05-20 04:00:00+00:00,206,208.38999999999999,205.69999999999999,208.09999999999999,298674,4281,207.32082199999999
2021-05-21 04:00:00+00:00,211.06999999999999,211.81,210.27000000000001,211.22999999999999,382881,5627,211.091218
2021-05-24 04:00:00+00:00,211.5,212.94,211.38999999999999,212.22,343897,4485,212.32044500000001
2021-05-25 04:00:00+00:00,212.25,213.81999999999999,211.91999999999999,213.00999999999999,352008,3927,212.910709
2021-05-26 04:00:00+00:00,212.37,213.38999999999999,211.62,212.52000000000001,426361,4428,212.512778
2021-05-27 04:00:00+00:00,211.86000000000001,213.69,209.91999999999999,210,516151,6795,211.299745
2021-05-28 04:00:00+00:00,209.97999999999999,211.59,209.36000000000001,210.91,403916,6132,210.93467699999999
2021-06-01 04:00:00+00:00,213.21000000000001,213.22,211.00999999999999,212.69999999999999,424841,6097,212.33709300000001
2021-06-02 04:00:00+00:00,212.36000000000001,214.47,212.09999999999999,214.41,308605,5592,213.50215399999999
2021-06-03 04:00:00+00:00,214.41,216.255,213.78,215.43000000000001,451389,6419,215.36670799999999
2021-06-04 04:00:00+00:00,217.25,218.13999999999999,216.22999999999999,216.88,458328,6518,217.194726
2021-06-07 04:00:00+00:00,218.81,220.05500000000001,218.44999999999999,219.37,365317,4674,219.25626800000001
2021-06-08 04:00:00+00:00,220.77000000000001,221.4555,217.56999999999999,218.81999999999999,703404,6362,218.81255300000001
2021-06-09 04:00:00+00:00,214.69999999999999,216.77000000000001,212.18000000000001,212.18000000000001,496322,6545,213.549171
2021-06-10 04:00:00+00:00,212.40000000000001,213.24000000000001,210.93000000000001,211.65000000000001,406095,7068,211.80887000000001
2021-06-11 04:00:00+00:00,211,211.34,209.94999999999999,211.31,208429,3718,210.86824100000001
2021-06-14 04:00:00+00:00,203.72,205.77000000000001,202.535,205.28,421990,7405,204.65006299999999
2021-06-15 04:00:00+00:00,204.24000000000001,204.80000000000001,203.13339999999999,204.5,510780,6974,204.20845199999999
2021-06-16 04:00:00+00:00,202.88999999999999,203.52000000000001,201.33000000000001,202.75,417636,6337,202.62219200000001
2021-06-17 04:00:00+00:00,197.59,202.24000000000001,197.33000000000001,200.91999999999999,641378,8625,200.21409600000001
2021-06-18 04:00:00+00:00,200.46000000000001,200.81,199.75,200.09,211086,3542,200.302243
2021-06-21 04:00:00+00:00,201.50999999999999,203.13,201,202.18000000000001,263579,4952,202.26889299999999
2021-06-22 04:00:00+00:00,202.08000000000001,202.08000000000001,200.25,201.49000000000001,237245,4516,201.26929000000001
2021-06-23 04:00:00+00:00,201.08000000000001,201.08000000000001,199.63,200.11000000000001,240825,4679,200.193816
2021-06-24 04:00:00+00:00,201.78,203.72,201.41999999999999,203.28,331034,5207,202.788873
2021-06-25 04:00:00+00:00,204.05000000000001,204.90000000000001,202.55000000000001,204.22,398226,4980,203.92479499999999
2021-06-28 04:00:00+00:00,205.06999999999999,206.07499999999999,204.40000000000001,205.41999999999999,120793,3125,205.29132300000001
2021-06-29 04:00:00+00:00,206.99000000000001,207.44999999999999,206.13999999999999,206.87,161128,3173,206.84978100000001
2021-06-30 04:00:00+00:00,206.34999999999999,206.93000000000001,205.22999999999999,206.05000000000001,174273,3250,206.23640700000001
2021-07-01 04:00:00+00:00,204.81,205.05000000000001,203.05000000000001,203.56,166358,3831,203.96479099999999
2021-07-02 04:00:00+00:00,204.72999999999999,207.66,203.87,206.78999999999999,241818,3969,206.183413
2021-07-06 04:00:00+00:00,206.78999999999999,207.0061,205.03999999999999,205.86000000000001,266751,4209,206.10538
2021-07-07 04:00:00+00:00,206.96000000000001,207.57499999999999,204.80000000000001,207.03,270934,4338,206.411303
2021-07-08 04:00:00+00:00,204.83000000000001,207.25880000000001,203.80009999999999,205.66,257696,3637,205.65793199999999
2021-07-09 04:00:00+00:00,208.47999999999999,209.38,207.58000000000001,209.08000000000001,254682,3718,208.793769
2021-07-12 04:00:00+00:00,210.62,210.62,209.19,209.58000000000001,174630,3489,210.00458399999999
2021-07-13 04:00:00+00:00,208.93000000000001,209.88,208.78999999999999,209.66,113536,1986,209.382498
2021-07-14 04:00:00+00:00,210.00999999999999,210.78,209.72999999999999,210.31999999999999,203914,2833,210.33328
2021-07-15 04:00:00+00:00,206.84,207.31,204.36000000000001,206.84,398526,5962,206.223398
2021-07-16 04:00:00+00:00,207.11000000000001,211.22,206.02000000000001,206.88999999999999,238190,3438,207.13868500000001
2021-07-19 04:00:00+00:00,204.40000000000001,205.31200000000001,203.25,204.11000000000001,233515,3771,203.967052
2021-07-20 04:00:00+00:00,202.47999999999999,204.25,201.93000000000001,204.13999999999999,180638,3808,203.585331
2021-07-21 04:00:00+00:00,205.15000000000001,206.63,204.81,205.61000000000001,129229,3049,205.80029500000001
2021-07-22 04:00:00+00:00,206.75,207.21000000000001,205.61000000000001,207.21000000000001,170041,3206,206.81323399999999
2021-07-23 04:00:00+00:00,209.81,212.44999999999999,209.43000000000001,212.11000000000001,331007,5488,211.639419
2021-07-26 04:00:00+00:00,211.16,212.03999999999999,210.90000000000001,211.99000000000001,204257,4059,211.52342200000001
2021-07-27 04:00:00+00:00,212.21000000000001,212.21000000000001,210.15000000000001,211.38999999999999,253083,4129,210.938659
2021-07-28 04:00:00+00:00,210.65000000000001,212.80000000000001,210.16999999999999,212.24000000000001,230326,4292,211.79988399999999
2021-07-29 04:00:00+00:00,214.06999999999999,216.41999999999999,213.81999999999999,216.24000000000001,315160,5432,215.59484599999999
2021-07-30 04:00:00+00:00,218,219.44999999999999,217.81,218.28999999999999,541520,7540,218.65065999999999
2021-08-02 04:00:00+00:00,216.84,217.18000000000001,211.65000000000001,212.15000000000001,525250,9726,213.60241300000001
2021-08-03 04:00:00+00:00,211.65000000000001,211.97999999999999,208.03,211.30000000000001,488891,8288,210.34877499999999
2021-08-04 04:00:00+00:00,212.84999999999999,213.30000000000001,210.5,211.74000000000001,346960,6337,212.025991
2021-08-05 04:00:00+00:00,216.55000000000001,219.53,216.13999999999999,219.41999999999999,347092,6141,218.11658399999999
2021-08-06 04:00:00+00:00,220.43000000000001,220.94999999999999,219.28,219.46000000000001,163305,4076,219.90419600000001
2021-08-09 04:00:00+00:00,221,222.935,220.93000000000001,222.12,228258,4343,221.73937000000001
2021-08-10 04:00:00+00:00,222.59,222.75999999999999,220.90000000000001,221.19999999999999,171272,4119,221.62282500000001
2021-08-11 04:00:00+00:00,223.53999999999999,224.27000000000001,222.56,224.03999999999999,148309,3290,223.58655200000001
2021-08-12 04:00:00+00:00,224.09999999999999,224.09999999999999,222.755,223.25,101132,2455,223.31496799999999
2021-08-13 04:00:00+00:00,225.63,227.47999999999999,225.59,225.88,232234,3251,226.461558
2021-08-16 04:00:00+00:00,225.49000000000001,226.1711,223.69999999999999,225.87,239777,4358,224.853115
2021-08-17 04:00:00+00:00,222.83000000000001,223.25999999999999,218.58500000000001,219.25,509292,7411,220.52426700000001
2021-08-18 04:00:00+00:00,219.78999999999999,220.38999999999999,218.34999999999999,218.34999999999999,139147,2771,219.28168500000001
2021-08-19 04:00:00+00:00,211.97999999999999,214.05000000000001,211.78999999999999,213.16,174936,4065,213.069897
2021-08-20 04:00:00+00:00,211,214.25,210.84,214.12,281547,4542,212.772561
2021-08-23 04:00:00+00:00,213.84999999999999,217.31999999999999,213.59999999999999,217.13999999999999,267591,4808,215.94896800000001
2021-08-24 04:00:00+00:00,215,217.74000000000001,214.61000000000001,215.09,245265,4237,215.87640200000001
2021-08-25 04:00:00+00:00,216.53999999999999,218.76499999999999,216.30000000000001,217.97999999999999,159656,2997,217.67647700000001
2021-08-26 04:00:00+00:00,215.63,216.66,214.44,214.63999999999999,136261,2626,215.459239
2021-08-27 04:00:00+00:00,214.62,217.34,214.62,216.31999999999999,100628,2150,216.192532
2021-08-30 04:00:00+00:00,216.65000000000001,218.88,215.81999999999999,217.59,192313,4050,217.45183299999999
2021-08-31 04:00:00+00:00,216.91,217.66,215.77000000000001,217.40000000000001,136493,3066,216.73100600000001
2021-09-01 04:00:00+00:00,217.53,219.28,217.28,217.47,179287,3433,218.17852300000001
2021-09-02 04:00:00+00:00,219.96000000000001,220.63999999999999,219.03999999999999,219.52000000000001,178791,2946,219.544208
2021-09-03 04:00:00+00:00,219.31999999999999,219.66,218.28,218.78,103099,2679,218.922068
2021-09-07 04:00:00+00:00,220.36000000000001,220.68000000000001,218.83000000000001,220.53,230607,3829,219.82532399999999
2021-09-08 04:00:00+00:00,219.47999999999999,220.43000000000001,219.00999999999999,219.34,174189,3574,219.69066000000001
2021-09-09 04:00:00+00:00,223.53999999999999,223.58000000000001,219.38,219.55000000000001,504806,6483,221.086491
2021-09-10 04:00:00+00:00,222.66999999999999,222.81999999999999,219.03999999999999,219.09999999999999,379061,4552,220.39014399999999
2021-09-13 04:00:00+00:00,220.63999999999999,220.63999999999999,216.96010000000001,219.28999999999999,291654,4328,218.289885
2021-09-14 04:00:00+00:00,221.72,223.21000000000001,220.59,220.78,337066,4009,221.67262299999999
2021-09-15 04:00:00+00:00,221.63999999999999,222,219.12,221.47999999999999,380461,5219,220.62797499999999
2021-09-16 04:00:00+00:00,221.72999999999999,222.38,218.30000000000001,218.86000000000001,290668,4347,219.843166
2021-09-17 04:00:00+00:00,218.50999999999999,218.52000000000001,215.59999999999999,216.38999999999999,212134,3574,216.68949799999999
2021-09-20 04:00:00+00:00,212.44999999999999,213.78,211.68000000000001,213.16999999999999,262556,4891,212.76245900000001
2021-09-21 04:00:00+00:00,214.78,215.58000000000001,214.02010000000001,214.71000000000001,300119,3129,214.82639399999999
2021-09-22 04:00:00+00:00,214.56999999999999,216.75999999999999,213.88,215.84,221140,5251,215.465238
2021-09-23 04:00:00+00:00,217.19,217.88999999999999,215.88,217.12,136735,2959,216.98298600000001
2021-09-24 04:00:00+00:00,215.74000000000001,217.61000000000001,215.74000000000001,217.46000000000001,115163,2396,216.81364099999999
2021-09-27 04:00:00+00:00,215.84999999999999,217.59,214.36000000000001,216.55000000000001,254550,4612,216.348601
2021-09-28 04:00:00+00:00,215.12,215.12,210.50999999999999,211.31,325945,4917,212.05620500000001
2021-09-29 04:00:00+00:00,212.41999999999999,212.46000000000001,209.30000000000001,209.38,161765,3749,210.13399899999999
2021-09-30 04:00:00+00:00,208.28,210.47,207.78,209.12,315447,5393,209.33894100000001
2021-10-01 04:00:00+00:00,209.83000000000001,210.47,207.59,209.19,123859,2995,208.88288
2021-10-04 04:00:00+00:00,207.84,208.25999999999999,205.69,207.24000000000001,239784,4122,206.96000699999999
2021-10-05 04:00:00+00:00,206.72,211.28999999999999,206.33000000000001,209.71000000000001,232478,4132,209.593345
2021-10-06 04:00:00+00:00,206.15000000000001,208.06,206,207.58000000000001,170332,3076,207.11140700000001
2021-10-07 04:00:00+00:00,209.47,212.47,209.34,211.22,223545,3015,211.223277
2021-10-08 04:00:00+00:00,212.22,214.91999999999999,211.87,212.90000000000001,235625,3286,213.24810299999999
2021-10-11 04:00:00+00:00,213.36000000000001,217.16,212.55000000000001,215.16,422594,5596,215.76806300000001
2021-10-12 04:00:00+00:00,215.69999999999999,217.38999999999999,215.03999999999999,215.62,223661,4260,216.16955999999999
2021-10-13 04:00:00+00:00,217.02000000000001,217.02000000000001,213.84460000000001,214.05000000000001,480922,5251,214.821406
2021-10-14 04:00:00+00:00,217.87,223.40000000000001,217.13999999999999,223.34,330190,7386,221.31171000000001
2021-10-15 04:00:00+00:00,222.72999999999999,224.43000000000001,222.09,224.41999999999999,283645,5832,223.58761899999999
2021-10-18 04:00:00+00:00,222.12,223.18000000000001,221.16,222.40000000000001,155499,3523,222.21773300000001
2021-10-19 04:00:00+00:00,223.74000000000001,225.81,223.46000000000001,224.69,274889,5128,224.89529999999999
2021-10-20 04:00:00+00:00,224.38999999999999,224.81999999999999,222.87,223.03999999999999,208478,3536,223.708789
2021-10-21 04:00:00+00:00,224.03999999999999,225.69999999999999,223.66999999999999,224.61000000000001,123404,2625,224.55935099999999
2021-10-22 04:00:00+00:00,224.40000000000001,224.49000000000001,222.24000000000001,223,133487,2914,223.28083000000001
2021-10-25 04:00:00+00:00,227.36000000000001,231.00999999999999,227.36000000000001,231.00999999999999,13157,2,229.93222800000001
2021-10-26 04:00:00+00:00,236.31999999999999,236.52000000000001,229.90000000000001,230,909929,7610,232.088458
2021-10-27 04:00:00+00:00,230.63999999999999,232.83000000000001,230,231.44,293484,4437,231.11704
2021-10-28 04:00:00+00:00,236.30000000000001,238,234.53,235.06,527542,6092,236.00365400000001
2021-10-29 04:00:00+00:00,235.16,237.53999999999999,235.02000000000001,237.16999999999999,886289,6387,236.714091
2021-11-01 04:00:00+00:00,241.34999999999999,244.12,238.90000000000001,239.74000000000001,854214,12490,241.05941899999999
2021-11-02 04:00:00+00:00,240.06,249.00999999999999,239.38999999999999,248.81,618356,12724,245.50886399999999
2021-11-03 04:00:00+00:00,261.67000000000002,261.95999999999998,253.59,255.68000000000001,1133336,16520,256.99033600000001
2021-11-04 04:00:00+00:00,256.44999999999999,258.31999999999999,254.75999999999999,257.32999999999998,417613,7811,257.06612200000001
2021-11-05 04:00:00+00:00,266.22000000000003,266.67000000000002,261.51999999999998,262.51999999999998,645137,12277,263.43098800000001
2021-11-08 05:00:00+00:00,262.19999999999999,263.94,260.73000000000002,260.73000000000002,297159,7021,261.85140200000001
2021-11-09 05:00:00+00:00,260.88,261,256.28500000000003,256.67000000000002,393442,7206,257.52174600000001
2021-11-10 05:00:00+00:00,254.94999999999999,256.88,252.72,252.97999999999999,449008,6986,253.86878400000001
2021-11-11 05:00:00+00:00,256.13999999999999,258.44,255.06,258.10000000000002,361482,7119,257.06749400000001
2021-11-12 05:00:00+00:00,259.80000000000001,260.94709999999998,258.30000000000001,258.56999999999999,352635,5489,259.46585800000003
2021-11-15 05:00:00+00:00,260.19,260.29000000000002,258.27999999999997,258.85000000000002,147689,4061,259.244598
2021-11-16 05:00:00+00:00,258.66000000000003,259.745,257.48000000000002,257.88999999999999,206393,4021,258.27945199999999
2021-11-17 05:00:00+00:00,263.51999999999998,268.5,262.27999999999997,266.27999999999997,886508,14262,265.94898999999998
2021-11-18 05:00:00+00:00,266.83999999999997,267.44999999999999,264.42000000000002,265.80000000000001,377121,6925,265.890378
2021-11-19 05:00:00+00:00,268.80000000000001,271.89999999999998,268.13999999999999,271.31,473170,8232,270.55508900000001
2021-11-22 05:00:00+00:00,275.37,278.77999999999997,273,275.30000000000001,756491,12543,276.06332300000003
2021-11-23 05:00:00+00:00,271.38,271.80000000000001,264.95999999999998,266.95999999999998,536846,8316,267.12906700000002
2021-11-24 05:00:00+00:00,264.06,268.85500000000002,263.89999999999998,268.32999999999998,267436,5325,266.08763299999998
2021-11-26 05:00:00+00:00,264.54000000000002,265.88999999999999,261.23000000000002,262.70999999999998,285877,5337,263.33804300000003
2021-11-29 05:00:00+00:00,266.10000000000002,267.81999999999999,265.06999999999999,265.76999999999998,243232,5274,266.14856400000002
2021-11-30 05:00:00+00:00,266.42000000000002,267.66000000000003,259.70999999999998,260.45999999999998,401725,6823,262.313107
2021-12-01 05:00:00+00:00,263.72000000000003,264.58999999999997,256.85000000000002,256.86000000000001,378821,6333,261.25353200000001
2021-12-02 05:00:00+00:00,260.39999999999998,263.75,260.23000000000002,262.48000000000002,490756,7806,262.206908
2021-12-03 05:00:00+00:00,261.89999999999998,262.58999999999997,256.80000000000001,258.81,291978,6183,258.82555100000002
2021-12-06 05:00:00+00:00,258.88999999999999,261.31999999999999,256.87,258.52999999999997,399625,6667,259.15980400000001
2021-12-07 05:00:00+00:00,263.63999999999999,266.9975,263.14999999999998,265.89999999999998,299446,6148,265.52296699999999
2021-12-08 05:00:00+00:00,267.72000000000003,268.42000000000002,264.07760000000002,267.06999999999999,299321,5118,266.911877
2021-12-09 05:00:00+00:00,263.55000000000001,264.30000000000001,259.755,260.25,325589,5339,261.56219499999997
2021-12-10 05:00:00+00:00,259.80000000000001,261.5,258.85000000000002,261.30000000000001,424931,5200,260.221969
2021-12-13 05:00:00+00:00,259.88,260.81,257.70999999999998,258.39999999999998,211962,4047,259.04389800000001
2021-12-14 05:00:00+00:00,256.25999999999999,256.73989999999998,251.88999999999999,253.31,464633,7718,253.54752099999999
2021-12-15 05:00:00+00:00,258.5,260.51999999999998,255.91,260.47000000000003,623998,9094,258.02992699999999
2021-12-16 05:00:00+00:00,259.13,260.04000000000002,256.00999999999999,256.57999999999998,310198,5636,257.93224500000002
2021-12-17 05:00:00+00:00,253.80000000000001,256.30000000000001,252.27099999999999,252.50999999999999,456146,7414,254.078937
2021-12-20 05:00:00+00:00,250.44,251.06,247.685,249.59999999999999,539925,7759,249.23304099999999
2021-12-21 05:00:00+00:00,249.40000000000001,249.97,246.84,249.02000000000001,464361,5652,248.634005
2021-12-22 05:00:00+00:00,247.30000000000001,251.65000000000001,247.02000000000001,250.69999999999999,250225,4254,250.202281
2021-12-23 05:00:00+00:00,250,254.47999999999999,249.84,253.46000000000001,230364,4372,253.170061
2021-12-27 05:00:00+00:00,254.68000000000001,258.56,254.28,258.13999999999999,176445,3685,257.03231299999999
2021-12-28 05:00:00+00:00,258.31,258.69310000000002,257.10000000000002,257.5,147914,3252,257.77970800000003
2021-12-29 05:00:00+00:00,256.5,258.08999999999997,255.22999999999999,257.80000000000001,125558,2748,257.09883300000001
2021-12-30 05:00:00+00:00,257.05000000000001,259.69,256.75999999999999,256.82999999999998,174407,3537,257.72716700000001
2021-12-31 05:00:00+00:00,256.63999999999999,260.43000000000001,256.63999999999999,258.81999999999999,146483,2944,259.184572
2022-01-03 05:00:00+00:00,259.39999999999998,259.87,256.83999999999997,259.49000000000001,200086,4104,258.68962199999999
2022-01-04 05:00:00+00:00,261.77999999999997,271.94999999999999,261.77999999999997,269.19,721418,13368,267.52557200000001
2022-01-05 05:00:00+00:00,268.67000000000002,268.81,262.19,262.79000000000002,293726,5361,265.654696
2022-01-06 05:00:00+00:00,262.49000000000001,263.04000000000002,259,261.57999999999998,308119,5528,260.64933200000002
2022-01-07 05:00:00+00:00,257.51999999999998,258.60000000000002,254.12,257.01999999999998,285991,4849,256.708687
2022-01-10 05:00:00+00:00,252.03,254.58000000000001,249.16999999999999,254.22,605434,8581,251.318601
2022-01-11 05:00:00+00:00,251.53999999999999,254.68000000000001,250.11000000000001,254.34,341108,6469,253.55756299999999
2022-01-12 05:00:00+00:00,256.66000000000003,259.5,256.25999999999999,258.41000000000003,256033,4614,258.29377099999999
2022-01-13 05:00:00+00:00,256.07999999999998,257.94,250.86000000000001,251.00999999999999,263883,5472,253.63407900000001
2022-01-14 05:00:00+00:00,246.40000000000001,247.25999999999999,242.5,245.38999999999999,354985,7367,244.91542999999999
2022-01-18 05:00:00+00:00,238.47999999999999,239.73500000000001,236.19999999999999,236.65000000000001,343246,6304,237.633366
2022-01-19 05:00:00+00:00,241.25,242.11000000000001,237.91499999999999,239.08000000000001,479886,6813,239.883892
2022-01-20 05:00:00+00:00,240.24000000000001,243.30000000000001,236.25999999999999,236.59999999999999,302792,6358,240.30404200000001
2022-01-21 05:00:00+00:00,234.18000000000001,235.77000000000001,231.88999999999999,232.31,406913,6775,233.752635
2022-01-24 05:00:00+00:00,227.06999999999999,231.72,223.22999999999999,231.72,200009,2583,226.18630899999999
2022-01-25 05:00:00+00:00,225.44,229.34999999999999,224.16999999999999,226.66,396960,7888,226.64562599999999
2022-01-26 05:00:00+00:00,228.05000000000001,232.87,224.16999999999999,226.25999999999999,404533,7659,228.671874
2022-01-27 05:00:00+00:00,225.47999999999999,225.59,220.53999999999999,221.12,419983,7335,222.550895
2022-01-28 05:00:00+00:00,222.56,226.97999999999999,221.0001,226.97999999999999,299871,5466,224.17266599999999
2022-01-31 05:00:00+00:00,225.52000000000001,232.12,225.22999999999999,230.96000000000001,906971,11139,229.699353
2022-02-01 05:00:00+00:00,233.99000000000001,235.71000000000001,231.18000000000001,235.49000000000001,574405,10259,233.50561200000001
2022-02-02 05:00:00+00:00,237,239.06,235.37,238.41,566412,12218,237.43625499999999
2022-02-03 05:00:00+00:00,232.65000000000001,235.00999999999999,229.28,229.53,305755,5620,231.539098
2022-02-04 05:00:00+00:00,227.74000000000001,231.53999999999999,226.65000000000001,230.13,284355,5640,229.551511
2022-02-07 05:00:00+00:00,225.94999999999999,228.18000000000001,224.06,225.52000000000001,594370,8158,225.958831
2022-02-08 05:00:00+00:00,221.34999999999999,228.03999999999999,220.08000000000001,227.09,597746,8976,225.703699
2022-02-09 05:00:00+00:00,231.90000000000001,234.505,231.06,233.80000000000001,362437,8155,233.22339099999999
2022-02-10 05:00:00+00:00,225.09999999999999,229.42009999999999,224.23009999999999,224.5,462974,8476,226.260964
2022-02-11 05:00:00+00:00,222.5,223.97999999999999,216.19,218.16999999999999,789922,10014,219.11783500000001
2022-02-14 05:00:00+00:00,217.72,219.88999999999999,216.53,218.21000000000001,446250,8219,218.26733100000001
2022-02-15 05:00:00+00:00,224.78,226.09999999999999,223.55099999999999,224.24000000000001,367285,6001,224.68643
2022-02-16 05:00:00+00:00,223.53999999999999,224.77000000000001,221.13,224.06999999999999,258690,4330,223.47449499999999
2022-02-17 05:00:00+00:00,225.56999999999999,225.60499999999999,220.97,220.97,210660,4102,223.05463499999999
2022-02-18 05:00:00+00:00,221.22,222.13,219.16,220.38,270387,5254,220.47968800000001
2022-02-22 05:00:00+00:00,217,219.90000000000001,214.03999999999999,216.43000000000001,355581,7753,217.321043
2022-02-23 05:00:00+00:00,221.03,221.44999999999999,215.06999999999999,215.30000000000001,309159,6242,218.20491699999999
2022-02-24 05:00:00+00:00,204.88,215.875,204.30009999999999,215.55000000000001,751199,13009,210.299634
2022-02-25 05:00:00+00:00,212.19999999999999,215.46000000000001,210.30000000000001,213.41999999999999,484076,9181,212.913892
2022-02-28 05:00:00+00:00,212.03999999999999,218,211.68000000000001,215.31,408208,8224,214.662294
2022-03-01 05:00:00+00:00,214.90000000000001,215.37,207.63,208.47999999999999,367858,7984,210.29075499999999
2022-03-02 05:00:00+00:00,208.97999999999999,211.26609999999999,208.03,210.06,351452,6852,209.91615999999999
2022-03-03 05:00:00+00:00,211.08000000000001,211.38,203.38999999999999,203.74000000000001,358325,6632,205.16798700000001
2022-03-04 05:00:00+00:00,200.71000000000001,201.19,196.68000000000001,198.41,776223,13164,198.89060499999999
2022-03-07 05:00:00+00:00,195.28,195.90000000000001,181.34,183.25,977656,15628,185.30368100000001
2022-03-08 05:00:00+00:00,186.03999999999999,186.03999999999999,181.47999999999999,181.47999999999999,29996,345,184.128321
2022-03-09 05:00:00+00:00,195.91,199.19999999999999,193.51499999999999,197.72,760107,12876,197.18918500000001
2022-03-10 05:00:00+00:00,193.18000000000001,194.52000000000001,189.77000000000001,192.96000000000001,677311,10880,192.322599
2022-03-11 05:00:00+00:00,195.25999999999999,195.53999999999999,189.75,190.44999999999999,475040,8998,191.351483
2022-03-14 04:00:00+00:00,194.49000000000001,197.0017,192.24000000000001,192.93000000000001,436386,7381,194.56560400000001
2022-03-15 04:00:00+00:00,193.44999999999999,195.30000000000001,192.50890000000001,195.19999999999999,289136,5693,194.11309499999999
2022-03-16 04:00:00+00:00,201.31999999999999,209.06,201.24000000000001,208.90000000000001,643553,10836,205.388779
2022-03-17 04:00:00+00:00,204.88,209.72,204.59999999999999,209.53,391840,8341,207.775766
2022-03-18 04:00:00+00:00,204.81999999999999,210.52000000000001,204.80000000000001,209.61000000000001,395894,6559,208.995743
2022-03-21 04:00:00+00:00,210,210.3356,205.58000000000001,207.53999999999999,274631,5581,207.81589600000001
2022-03-22 04:00:00+00:00,211.11000000000001,214.94999999999999,211.11000000000001,212.38999999999999,636256,8083,212.554891
2022-03-23 04:00:00+00:00,210.00999999999999,210.47999999999999,207.47,207.88,538702,6706,208.59342599999999
2022-03-24 04:00:00+00:00,209.90000000000001,213.78999999999999,208.61000000000001,213.12,349867,5990,211.67525499999999
2022-03-25 04:00:00+00:00,214.16,214.56,210.72999999999999,213.34,305805,5395,212.540559
2022-03-28 04:00:00+00:00,215,217.03,213.21000000000001,214.44,401237,6849,214.42803900000001
2022-03-29 04:00:00+00:00,224.24000000000001,225.58000000000001,219.08000000000001,222.88999999999999,612797,10738,222.18131299999999
2022-03-30 04:00:00+00:00,222.38999999999999,224.40000000000001,219.97,221.19,385898,6494,221.680441
2022-03-31 04:00:00+00:00,222.31999999999999,222.96000000000001,217.91999999999999,218.09,476056,7802,219.542035
2022-04-01 04:00:00+00:00,220.43000000000001,221.81999999999999,218.36000000000001,221.08000000000001,274988,6253,220.36138500000001
2022-04-04 04:00:00+00:00,229.62,232.13999999999999,228.24000000000001,231.43000000000001,769404,11541,230.28710899999999
2022-04-05 04:00:00+00:00,228.84,230.28,224.65000000000001,225.78,636359,8821,227.160282
2022-04-06 04:00:00+00:00,221.24000000000001,221.84999999999999,218,220.19999999999999,575674,7701,219.946078
2022-04-07 04:00:00+00:00,221.36000000000001,222.30000000000001,216.90000000000001,221.40000000000001,476722,8545,219.96848900000001
2022-04-08 04:00:00+00:00,217.91999999999999,222.28,217.74000000000001,219.50999999999999,370640,5617,220.002779
2022-04-11 04:00:00+00:00,219.24000000000001,223.30000000000001,218.58000000000001,220.75999999999999,605998,9295,221.58815300000001
2022-04-12 04:00:00+00:00,225.71000000000001,226.56,220.38,221.71000000000001,385118,7866,223.228206
2022-04-13 04:00:00+00:00,218.22,223.96000000000001,218.10599999999999,223.47,244810,5701,222.08017699999999
2022-04-14 04:00:00+00:00,223.74000000000001,224.75999999999999,219.33500000000001,219.99000000000001,282448,6067,221.566891
2022-04-18 04:00:00+00:00,219.99000000000001,222.61000000000001,219,220.5,197771,3805,220.51115200000001
2022-04-19 04:00:00+00:00,217.81999999999999,222.97,217.47999999999999,222.84999999999999,268833,5466,221.38395299999999
2022-04-20 04:00:00+00:00,223.34999999999999,224.16,221.34,221.63999999999999,213983,4918,222.69733299999999
2022-04-21 04:00:00+00:00,223.31999999999999,225.96000000000001,216.84,216.88999999999999,414575,6498,219.81491600000001
2022-04-22 04:00:00+00:00,214.25999999999999,215.40000000000001,210.31,210.46000000000001,413379,7156,212.76577
2022-04-25 04:00:00+00:00,209.03,213.40000000000001,208.63,213.37,314683,6450,211.06317200000001
2022-04-26 04:00:00+00:00,211.44,211.68000000000001,204.55000000000001,205.78999999999999,548108,9256,206.72249099999999
2022-04-27 04:00:00+00:00,205.78999999999999,210.04499999999999,205.72999999999999,207.88999999999999,291056,6095,207.841463
2022-04-28 04:00:00+00:00,210.68000000000001,215.41999999999999,208.80000000000001,214.03999999999999,268892,5446,212.002725
2022-04-29 04:00:00+00:00,213.13,215.88,209.58000000000001,209.74000000000001,336035,6577,212.14288999999999
2022-05-02 04:00:00+00:00,209.5,211.08000000000001,206.81999999999999,210.56,292019,7927,209.276794
2022-05-03 04:00:00+00:00,214.13999999999999,215.86000000000001,212.61000000000001,214.22999999999999,393140,7698,214.20863199999999
2022-05-04 04:00:00+00:00,208.78,212.44999999999999,202.94999999999999,211.75,1348324,12208,205.41628800000001
2022-05-05 04:00:00+00:00,206.40000000000001,206.40000000000001,199.44999999999999,202.06,582629,9061,202.273618
2022-05-06 04:00:00+00:00,199.09,200.44999999999999,194.69999999999999,197.86000000000001,709006,8872,197.186869
2022-05-09 04:00:00+00:00,192.91,194.11000000000001,190.34999999999999,190.56,614316,10812,191.97833
2022-05-10 04:00:00+00:00,194.44999999999999,194.88,187.72499999999999,190.71000000000001,929522,12627,190.29748699999999
2022-05-11 04:00:00+00:00,190.12,195.13,188.33000000000001,188.5,524017,10257,190.93590900000001
2022-05-12 04:00:00+00:00,185.5,190.80000000000001,183.97200000000001,188.99000000000001,643787,12846,187.65202199999999
2022-05-13 04:00:00+00:00,191.03,196.22,190.19999999999999,193.91,500318,8213,193.347488
2022-05-16 04:00:00+00:00,192.50999999999999,192.50999999999999,186.97,187.61000000000001,613498,9839,188.32796099999999
2022-05-17 04:00:00+00:00,191.59999999999999,193.36000000000001,190.18000000000001,192.37,833364,9350,191.90888799999999
2022-05-18 04:00:00+00:00,188.38,189,181.66999999999999,183.16999999999999,898796,10809,184.09511499999999
2022-05-19 04:00:00+00:00,183.5,190.02000000000001,183.18000000000001,188.44,691739,9913,187.41547299999999
2022-05-20 04:00:00+00:00,192.05000000000001,193.19999999999999,184.6301,189.47999999999999,663284,9181,188.89225300000001
2022-05-23 04:00:00+00:00,188.53,190.84,186.96100000000001,189.66,418819,7677,189.31172699999999
2022-05-24 04:00:00+00:00,190.33000000000001,191.28,188.61000000000001,190.52000000000001,319945,6748,190.01424800000001
2022-05-25 04:00:00+00:00,188.09,192.63499999999999,188.02000000000001,191.03999999999999,271789,5601,190.39536200000001
2022-05-26 04:00:00+00:00,192.12,198.13999999999999,192.12,197.02000000000001,438237,7397,196.48872399999999
2022-05-27 04:00:00+00:00,200.40000000000001,201.87,199.77000000000001,201.86000000000001,446610,5798,201.006314
2022-05-31 04:00:00+00:00,195.78,196.69999999999999,193.22309999999999,194.97,484064,9076,195.29612800000001
2022-06-01 04:00:00+00:00,192.00999999999999,192.90000000000001,187.75999999999999,189.16999999999999,564047,10549,190.085745
2022-06-02 04:00:00+00:00,190.90000000000001,198,190.7756,197.88,423745,8527,195.27455499999999
2022-06-03 04:00:00+00:00,192.61000000000001,193.94999999999999,189.435,189.71000000000001,538322,7441,190.56779399999999
2022-06-06 04:00:00+00:00,192.59999999999999,194.25,191.46000000000001,193.27000000000001,293456,6285,193.029414
2022-06-07 04:00:00+00:00,189.40000000000001,191.41,187.91999999999999,191.16,347767,7476,190.02463
2022-06-08 04:00:00+00:00,191.56,194.84,190.75999999999999,191.87,502995,10747,192.92667499999999
2022-06-09 04:00:00+00:00,189.31,194.43000000000001,186.94999999999999,187.44999999999999,635786,10802,189.90782899999999
2022-06-10 04:00:00+00:00,182.78999999999999,183.68000000000001,180.66999999999999,181.81999999999999,434315,9254,182.28507400000001
2022-06-13 04:00:00+00:00,174.12,175.44,171.21000000000001,171.50999999999999,683231,11949,172.66147599999999
2022-06-14 04:00:00+00:00,171.43000000000001,172.22,167.44999999999999,168.75,654122,13270,169.28928099999999
2022-06-15 04:00:00+00:00,172.81,178.56999999999999,172.43000000000001,176.87,685819,13584,175.41709299999999
2022-06-16 04:00:00+00:00,176.90000000000001,180.02500000000001,172.72,174.06,824450,16254,175.50977499999999
2022-06-17 04:00:00+00:00,175.88,177.34999999999999,173.24100000000001,176.03,838106,12525,175.49390399999999
2022-06-21 04:00:00+00:00,183.5,185.49000000000001,182.91,184.43000000000001,658345,10917,184.50336200000001
2022-06-22 04:00:00+00:00,181.36000000000001,185.53999999999999,181.02000000000001,183.75,626005,11791,183.72828699999999
2022-06-23 04:00:00+00:00,183.84,186.12,182.81999999999999,185.61000000000001,393307,7827,184.919928
2022-06-24 04:00:00+00:00,186.75999999999999,192.06,186.5,191.94,384364,7831,190.37070499999999
2022-06-27 04:00:00+00:00,188.91999999999999,189.47999999999999,186.34999999999999,186.46000000000001,478339,8646,187.42680899999999
2022-06-28 04:00:00+00:00,188.34,189.96000000000001,184.99000000000001,185.06999999999999,356449,6997,187.118706
2022-06-29 04:00:00+00:00,182.91999999999999,185.44499999999999,182.03999999999999,184.80000000000001,460104,9629,184.143281
2022-06-30 04:00:00+00:00,181.34,185.41,179.27000000000001,183.47999999999999,467234,8213,182.98476099999999
2022-07-01 04:00:00+00:00,183.12,187.97,182.81999999999999,187.94,350569,7298,185.90442300000001
2022-07-05 04:00:00+00:00,185.46000000000001,190.12,184.86000000000001,189.97999999999999,315086,6806,188.070358
2022-07-06 04:00:00+00:00,188.81,190.49000000000001,186.24000000000001,189.81,283291,6001,188.82377199999999
2022-07-07 04:00:00+00:00,190.84,192.75,190.74000000000001,192.56999999999999,245793,6152,192.05899500000001
2022-07-08 04:00:00+00:00,191.46000000000001,194.97999999999999,191.46000000000001,193.63,253001,5689,193.793757
2022-07-11 04:00:00+00:00,192.77000000000001,193.84,190.47,190.68000000000001,441613,7275,192.45701800000001
2022-07-12 04:00:00+00:00,191.63999999999999,192.44999999999999,188.68000000000001,188.86000000000001,466753,11693,190.58856499999999
2022-07-13 04:00:00+00:00,187.03999999999999,192,186.58000000000001,191.12,278790,6200,190.26891900000001
2022-07-14 04:00:00+00:00,188.97,190.31,185.3175,188.75,488909,8186,187.70639499999999
2022-07-15 04:00:00+00:00,191.38999999999999,195.55000000000001,190.72,193.47,507681,8541,193.54342600000001
2022-07-18 04:00:00+00:00,198.97999999999999,199.62,195.02010000000001,195.08000000000001,566339,11301,197.559755
2022-07-19 04:00:00+00:00,200.22,201.59999999999999,198.81,198.97999999999999,594087,10106,199.71001000000001
2022-07-20 04:00:00+00:00,195.84999999999999,198.095,194.34999999999999,195.59,440727,10294,196.013993
2022-07-21 04:00:00+00:00,198.18000000000001,202.19999999999999,198.18000000000001,202.03999999999999,378810,9325,201.09241700000001
2022-07-22 04:00:00+00:00,202.62,204.41990000000001,200.03999999999999,200.43000000000001,218685,5704,201.81117499999999
2022-07-25 04:00:00+00:00,203.30000000000001,203.61000000000001,201,201.61000000000001,281011,6121,202.07660000000001
2022-07-26 04:00:00+00:00,197.86000000000001,198.16,194.86000000000001,195.65000000000001,272864,5377,196.013868
2022-07-27 04:00:00+00:00,198.25,201.19,197.05000000000001,200.72999999999999,382581,7443,199.501587
2022-07-28 04:00:00+00:00,205.02000000000001,208.71799999999999,203.69999999999999,207.49000000000001,440729,8884,206.941272
2022-07-29 04:00:00+00:00,209.40000000000001,211.25,208.44,211.22999999999999,357691,7776,210.37126900000001
2022-08-01 04:00:00+00:00,213.88999999999999,214.53999999999999,211.72999999999999,213.21000000000001,396071,8991,213.02139
2022-08-02 04:00:00+00:00,211.38,214.44,210.54759999999999,211.03999999999999,439814,9786,212.60888499999999
2022-08-03 04:00:00+00:00,211.84,216.02500000000001,211.00999999999999,215.69999999999999,372999,7397,214.064572
2022-08-04 04:00:00+00:00,215.78,217.47,214.19999999999999,216,288794,7289,215.87517700000001
2022-08-05 04:00:00+00:00,212.15000000000001,213.84,210.69999999999999,211.94,320075,7276,211.75537399999999
2022-08-08 04:00:00+00:00,213.30000000000001,215.4033,212.92500000000001,213.56,220549,8376,214.30681799999999
2022-08-09 04:00:00+00:00,212.78999999999999,212.83000000000001,210,210.47,256456,5450,210.953024
2022-08-10 04:00:00+00:00,215.84999999999999,216.84,214.06,215,191581,4743,215.29792
2022-08-11 04:00:00+00:00,216.62,216.78,214.40000000000001,215.27000000000001,312810,5997,215.58173500000001
2022-08-12 04:00:00+00:00,214.72,215.83000000000001,214.00999999999999,215.81,185716,4380,214.98150799999999
2022-08-15 04:00:00+00:00,214.53999999999999,215.38999999999999,213.53,214.66,103363,3144,214.60659000000001
2022-08-16 04:00:00+00:00,209.94999999999999,212.80000000000001,209.53,212.16,304943,7461,211.372344
2022-08-17 04:00:00+00:00,210.84,213.36000000000001,209.34999999999999,211.38,233079,5855,211.26846900000001
2022-08-18 04:00:00+00:00,211.08000000000001,212.38,209.53,212.37,272562,5474,211.40682000000001
2022-08-19 04:00:00+00:00,208.74000000000001,208.86000000000001,205.56999999999999,207.03999999999999,235838,5253,206.93208799999999
2022-08-22 04:00:00+00:00,202.5,203.58000000000001,199.69499999999999,200.56,488096,8669,200.844527
2022-08-23 04:00:00+00:00,201.47999999999999,204.53,201.47999999999999,201.90000000000001,224355,5384,202.43803600000001
2022-08-24 04:00:00+00:00,201.47999999999999,205.21000000000001,201.24000000000001,203.59999999999999,181896,4378,203.73654400000001
2022-08-25 04:00:00+00:00,204.56,207.09,203.94999999999999,206.91999999999999,212011,4846,205.85337200000001
2022-08-26 04:00:00+00:00,204.5,205.41,197.75,197.78999999999999,294688,6516,200.14138500000001
2022-08-29 04:00:00+00:00,198.37,200.16,198.08000000000001,198.99000000000001,285827,7446,199.151591
2022-08-30 04:00:00+00:00,199.25,199.97999999999999,194.55000000000001,195.43000000000001,391015,8925,195.93714900000001
2022-08-31 04:00:00+00:00,195.63999999999999,196.31999999999999,193.80000000000001,194.66,343875,7156,195.00038799999999
2022-09-01 04:00:00+00:00,192.5,194.05000000000001,190.08000000000001,193.84999999999999,322252,7343,192.30637300000001
2022-09-02 04:00:00+00:00,196.02000000000001,198.16999999999999,190.38999999999999,191.18000000000001,347088,8398,192.996174
2022-09-06 04:00:00+00:00,188.71000000000001,191.12,187.16999999999999,190.34999999999999,456850,9936,189.60725600000001
2022-09-07 04:00:00+00:00,192.24000000000001,195.41999999999999,191.88,195.27000000000001,164837,4174,193.69618800000001
2022-09-08 04:00:00+00:00,190.30000000000001,194,189.30000000000001,193.71000000000001,254421,6285,192.72740400000001
2022-09-09 04:00:00+00:00,197.18000000000001,197.81999999999999,195.56999999999999,195.80000000000001,278842,9750,196.30109200000001
2022-09-12 04:00:00+00:00,200.47999999999999,202.81,200.47999999999999,201.97,335916,7401,201.673779
2022-09-13 04:00:00+00:00,197.72,198.43000000000001,195.03,195.52000000000001,351740,7837,196.254672
2022-09-14 04:00:00+00:00,198.80000000000001,201.08000000000001,197.97999999999999,199.62,457043,9386,199.380698
2022-09-15 04:00:00+00:00,198.44,201.36000000000001,196.47,196.63999999999999,301142,6559,198.21136000000001
2022-09-16 04:00:00+00:00,196.38,197.44,195.24000000000001,196.90000000000001,389069,7545,196.554902
2022-09-19 04:00:00+00:00,194.71000000000001,198.53,194.71000000000001,198.44,197019,4480,197.33948799999999
2022-09-20 04:00:00+00:00,194.69999999999999,194.96000000000001,191.97999999999999,194,599749,10942,193.57360700000001
2022-09-21 04:00:00+00:00,192.78,196.74000000000001,192.09999999999999,192.47999999999999,437277,8083,193.22953000000001
2022-09-22 04:00:00+00:00,191.34,191.58000000000001,187.84999999999999,189.13,536725,9686,189.44080299999999
2022-09-23 04:00:00+00:00,186.55000000000001,186.63,183.63,186.25,609137,9500,185.38332299999999
2022-09-26 04:00:00+00:00,187.28,190.31,185.74000000000001,186.43000000000001,290124,7470,187.4853
2022-09-27 04:00:00+00:00,190.19999999999999,191.12,186.53,189.19,426939,9174,189.36613399999999
2022-09-28 04:00:00+00:00,187.18000000000001,191.78999999999999,185.41999999999999,191.22999999999999,445673,9792,188.67508100000001
2022-09-29 04:00:00+00:00,185.63999999999999,186.91,183.15000000000001,186.41999999999999,466714,10488,185.75263000000001
2022-09-30 04:00:00+00:00,184.84999999999999,188.22999999999999,184.56999999999999,185,306330,5975,185.84202099999999
2022-10-03 04:00:00+00:00,183.86000000000001,187.75999999999999,182.78999999999999,186.69999999999999,435163,9525,186.017517
2022-10-04 04:00:00+00:00,192.53,196.05000000000001,192.53,193.78,527355,11813,193.70410999999999
2022-10-05 04:00:00+00:00,189.41,194.65000000000001,187.43000000000001,193.52000000000001,370010,8382,191.51584399999999
2022-10-06 04:00:00+00:00,190.74000000000001,192.24000000000001,189.21100000000001,190.88,346147,8674,190.87911800000001
2022-10-07 04:00:00+00:00,187.44,187.56999999999999,184.69999999999999,185,362258,7809,185.39540099999999
2022-10-10 04:00:00+00:00,184.58000000000001,184.84999999999999,181.02000000000001,182.11000000000001,507671,10112,182.488068
2022-10-11 04:00:00+00:00,183.34999999999999,186,182,183.15000000000001,333142,7457,183.71339699999999
2022-10-12 04:00:00+00:00,183,184.31,182,182.5,358366,6022,182.68901500000001
2022-10-13 04:00:00+00:00,178,184,176.81999999999999,183.44999999999999,480704,9662,181.87135599999999
2022-10-14 04:00:00+00:00,185.58000000000001,186.27000000000001,180.56999999999999,180.63,400556,8033,182.35896700000001
2022-10-17 04:00:00+00:00,185.90000000000001,189.09,185.90000000000001,188.59,322505,6858,188.28042199999999
2022-10-18 04:00:00+00:00,192.74000000000001,193.47999999999999,189.88999999999999,191.02000000000001,280169,5381,191.384918
2022-10-19 04:00:00+00:00,189.12,189.71000000000001,186.09999999999999,187.56999999999999,190202,4359,187.66974999999999
2022-10-20 04:00:00+00:00,187.56999999999999,189.66999999999999,185.56999999999999,186.66,273672,5994,187.567184
2022-10-21 04:00:00+00:00,184.90000000000001,188.69,184.15000000000001,188.37,301480,6188,186.757293
2022-10-24 04:00:00+00:00,189.5,192.78,189.41,191.72999999999999,421696,8103,191.266772
2022-10-25 04:00:00+00:00,194.13999999999999,198.89250000000001,194.06999999999999,196.50999999999999,368149,8308,196.825547
2022-10-26 04:00:00+00:00,195.66,199.44,195.36000000000001,197.18000000000001,266117,5035,197.392844
2022-10-27 04:00:00+00:00,198.75999999999999,199.20500000000001,196.08000000000001,196.28999999999999,274381,5934,197.31118599999999
2022-10-28 04:00:00+00:00,196.62,199.16999999999999,195.81999999999999,198.65000000000001,367943,8761,198.00942000000001
2022-10-31 04:00:00+00:00,196.74000000000001,198.09999999999999,195.27000000000001,196.77000000000001,289818,6448,197.074656
2022-11-01 04:00:00+00:00,200.86000000000001,201.72,195.59999999999999,196.96000000000001,311078,7469,197.68001100000001
2022-11-02 04:00:00+00:00,192.90000000000001,197.63499999999999,190.2894,191.59,605426,11876,193.47138000000001
2022-11-03 04:00:00+00:00,189.16,193.78,188.93000000000001,192.52000000000001,559989,10386,191.77836199999999
2022-11-04 04:00:00+00:00,201.69,203,197.22,199.19999999999999,578400,14730,200.18699799999999
2022-11-07 05:00:00+00:00,200.41999999999999,201,198.64500000000001,199.88999999999999,298693,7175,199.904267
2022-11-08 05:00:00+00:00,202.18000000000001,206.36000000000001,201.96000000000001,204.30000000000001,385933,9257,204.39983899999999
2022-11-09 05:00:00+00:00,202.24000000000001,205.12,201.25,201.49000000000001,261326,5906,202.80035599999999
2022-11-10 05:00:00+00:00,211.88,214.22999999999999,210.82239999999999,212.80000000000001,445961,10599,212.62595099999999
2022-11-11 05:00:00+00:00,215,218.53999999999999,214.41,216.86000000000001,439650,11147,217.03827799999999
2022-11-14 05:00:00+00:00,215.90000000000001,216.59,212.75999999999999,212.75999999999999,341892,6947,214.385615
2022-11-15 05:00:00+00:00,215.94,216.88999999999999,212.58000000000001,215.44,289817,6918,215.42004800000001
2022-11-16 05:00:00+00:00,214.40000000000001,215.16,213.30000000000001,213.94,194146,4574,214.251565
2022-11-17 05:00:00+00:00,211.09999999999999,213.80250000000001,210.94999999999999,213.55000000000001,347902,7178,212.35891899999999
2022-11-18 05:00:00+00:00,214.43000000000001,216.43000000000001,213.59999999999999,216.33000000000001,143507,3691,215.13170700000001
2022-11-21 05:00:00+00:00,214.86000000000001,216,213.935,214.12,181731,5232,214.61057199999999
2022-11-22 05:00:00+00:00,214.91,217.02000000000001,214.48500000000001,216.36000000000001,162567,4468,216.15033700000001
2022-11-23 05:00:00+00:00,216.61000000000001,218.495,216.44999999999999,217.59,213219,5144,217.494191
2022-11-25 05:00:00+00:00,217.58000000000001,218.90000000000001,217.56,218.13999999999999,70239,2412,218.15255300000001
2022-11-28 05:00:00+00:00,218.97,219.88999999999999,215.83000000000001,215.94999999999999,203573,5286,217.61229399999999
2022-11-29 05:00:00+00:00,215.55000000000001,217.12,215.07499999999999,215.22,223485,4495,215.80801500000001
2022-11-30 05:00:00+00:00,219.65000000000001,223.05000000000001,218.08000000000001,223.05000000000001,282572,6480,220.50903199999999
2022-12-01 05:00:00+00:00,226.18000000000001,228.40000000000001,224.94,228.08000000000001,299276,7322,226.95696100000001
2022-12-02 05:00:00+00:00,224.63999999999999,226.68000000000001,223.41,226.58000000000001,353741,7088,225.344537
2022-12-05 05:00:00+00:00,226.91999999999999,227.03999999999999,223.68000000000001,223.68000000000001,372259,9062,225.04665
2022-12-06 05:00:00+00:00,223.49000000000001,223.83000000000001,218.94999999999999,221.09999999999999,301270,6924,220.71311299999999
2022-12-07 05:00:00+00:00,220.99000000000001,222.72,219.77000000000001,220.08000000000001,194842,6263,220.673316
2022-12-08 05:00:00+00:00,219.63,220.69,218.69999999999999,220.33000000000001,228792,4869,220.078058
2022-12-09 05:00:00+00:00,219.97999999999999,221.53999999999999,219.41999999999999,220.72,150145,4198,220.89694299999999
2022-12-12 05:00:00+00:00,222.28999999999999,222.76499999999999,221,222.53,146964,4145,222.00528399999999
2022-12-13 05:00:00+00:00,229.22,230.172,222.93000000000001,225.49000000000001,343295,7604,225.81529900000001
2022-12-14 05:00:00+00:00,225.91999999999999,227.31999999999999,224.11000000000001,225.18000000000001,205327,5714,225.67644899999999
2022-12-15 05:00:00+00:00,224.03,224.58000000000001,221.16,222.40000000000001,221635,5200,222.70334600000001
2022-12-16 05:00:00+00:00,221.05000000000001,222.33000000000001,218.11000000000001,218.11000000000001,155931,4915,219.51080899999999
2022-12-19 05:00:00+00:00,218.38,218.38,216.08000000000001,216.13,192705,5694,216.704116
2022-12-20 05:00:00+00:00,213.44999999999999,214.97999999999999,213.21000000000001,214.09,208835,5260,214.15775500000001
2022-12-21 05:00:00+00:00,213.78,215.02000000000001,213.53999999999999,213.90000000000001,335031,7728,214.29599300000001
2022-12-22 05:00:00+00:00,213.19999999999999,213.36000000000001,210.34999999999999,212.56,180640,5234,211.955388
2022-12-23 05:00:00+00:00,210.80000000000001,212.31,209.88,211.00999999999999,221976,6278,210.93949499999999
2022-12-27 05:00:00+00:00,211.80000000000001,212.97,210.30000000000001,212,190278,5196,211.77208300000001
2022-12-28 05:00:00+00:00,212,213.24000000000001,210.035,210.25,163221,4748,211.14936299999999
2022-12-29 05:00:00+00:00,213.78999999999999,216.92850000000001,213.69999999999999,216.59,189270,5742,216.015052
2022-12-30 05:00:00+00:00,215.53999999999999,216.28999999999999,212.80500000000001,214.22,141175,4453,214.429157
2023-01-03 05:00:00+00:00,216.66,218.75999999999999,213.97,215.37,316417,8059,215.95270099999999
2023-01-04 05:00:00+00:00,219.19999999999999,219.66999999999999,216.61000000000001,219.66999999999999,354740,7647,218.36391900000001
2023-01-05 05:00:00+00:00,217.25,218.44999999999999,215.77000000000001,216.08000000000001,205865,6382,216.86627999999999
2023-01-06 05:00:00+00:00,216.84,224.80500000000001,216.19999999999999,224.08000000000001,212868,5795,221.182039
2023-01-09 05:00:00+00:00,230,232.75,228.77000000000001,228.77000000000001,564721,11314,230.66284899999999
2023-01-10 05:00:00+00:00,230.09999999999999,232.13,229.25999999999999,231.94999999999999,297697,6695,230.76367500000001
2023-01-11 05:00:00+00:00,232.96000000000001,234.88,232.44,233.71000000000001,332667,6958,233.42036300000001
2023-01-12 05:00:00+00:00,234.12,237.09999999999999,232.66999999999999,235.84,329921,6069,235.3261
2023-01-13 05:00:00+00:00,234.78,236.44999999999999,234.61000000000001,235.91999999999999,186397,4051,235.66552999999999
2023-01-17 05:00:00+00:00,237.36000000000001,239.79599999999999,237.36000000000001,237.86000000000001,340249,9162,238.550794
2023-01-18 05:00:00+00:00,241.94,242.63999999999999,239.71000000000001,239.71000000000001,566282,10856,241.00774799999999
2023-01-19 05:00:00+00:00,239.44999999999999,240,236.66999999999999,237.99000000000001,605164,8990,238.13968700000001
2023-01-20 05:00:00+00:00,240.19999999999999,242.5,239.52000000000001,242.38,311057,5974,241.29760999999999
2023-01-23 05:00:00+00:00,241.94999999999999,245.28,241.66,243.63999999999999,373090,7732,243.77992699999999
2023-01-24 05:00:00+00:00,242.69999999999999,244.435,241.81,244.03999999999999,283729,5756,243.20144400000001
2023-01-25 05:00:00+00:00,242.75999999999999,245.78,242.36000000000001,245.58000000000001,275225,6325,244.51549600000001
2023-01-26 05:00:00+00:00,246.75999999999999,248.5033,246.30000000000001,247.77000000000001,362527,7937,247.721228
2023-01-27 05:00:00+00:00,248.81999999999999,256.08159999999998,248.81999999999999,253.72,802287,13565,253.188378
2023-01-30 05:00:00+00:00,253.75,255.06,250.59999999999999,251.25,481326,10016,252.48500000000001
2023-01-31 05:00:00+00:00,246.59999999999999,251.59,246.50999999999999,251.31,708699,13372,249.83426
2023-02-01 05:00:00+00:00,249.81,256.45999999999998,249.22999999999999,253.31999999999999,786090,16250,251.88109399999999
2023-02-02 05:00:00+00:00,265.19999999999999,270.35000000000002,262.61000000000001,265.48000000000002,1191522,22378,266.39134100000001
2023-02-03 05:00:00+00:00,260.44999999999999,264,259.69999999999999,260.04000000000002,776284,15448,261.27782500000001
2023-02-06 05:00:00+00:00,260.39999999999998,263.00999999999999,258.95999999999998,261.31,395256,7820,261.32480900000002
2023-02-07 05:00:00+00:00,262.50999999999999,267.25,262.27749999999997,266.91000000000003,464879,9452,264.25200999999998
2023-02-08 05:00:00+00:00,266.45999999999998,267.83999999999997,265.14999999999998,266.56,445386,8173,266.113201
2023-02-09 05:00:00+00:00,269.57999999999998,270.12,265.06999999999999,266.31,306747,7364,268.32303100000001
2023-02-10 05:00:00+00:00,258.30000000000001,260.13,256.92000000000002,259.68000000000001,564681,9037,258.846543
2023-02-13 05:00:00+00:00,261.61000000000001,264.89999999999998,261.16000000000003,263.44,231954,5817,263.48026199999998
2023-02-14 05:00:00+00:00,261.25,266.19999999999999,260.98000000000002,265.61000000000001,198152,5088,264.25192199999998
2023-02-15 05:00:00+00:00,263.99000000000001,267.30500000000001,263.99000000000001,267.23000000000002,282688,6143,266.012269
2023-02-16 05:00:00+00:00,265.31,268.70499999999998,264.13499999999999,265.88,217459,5312,266.627747
2023-02-17 05:00:00+00:00,264.88999999999999,267.58999999999997,264.36000000000001,266.88,251932,5449,266.323937
2023-02-21 05:00:00+00:00,263.04000000000002,263.62,261.77999999999997,262.80000000000001,331820,6667,262.89588600000002
2023-02-22 05:00:00+00:00,261.81,262.28500000000003,259.56999999999999,260.60000000000002,286922,6625,261.113542
2023-02-23 05:00:00+00:00,263.95999999999998,264.62,261.25999999999999,262.14999999999998,257958,5394,262.69105200000001
2023-02-24 05:00:00+00:00,257.69999999999999,260.01999999999998,257.07999999999998,259.11000000000001,246195,6173,258.50080400000002
2023-02-27 05:00:00+00:00,260.88,262.60000000000002,260.51999999999998,261.36000000000001,195667,5478,261.41808099999997
2023-02-28 05:00:00+00:00,259.72000000000003,262.08999999999997,258.88499999999999,260.37,351656,6665,260.60346600000003
2023-03-01 05:00:00+00:00,265.69999999999999,265.80000000000001,262.13999999999999,262.72000000000003,203333,5887,263.69924600000002
2023-03-02 05:00:00+00:00,262.31999999999999,265.05000000000001,261.5,264.57999999999998,203532,5144,264.04344300000002
2023-03-03 05:00:00+00:00,271.89999999999998,273.14499999999998,270.53500000000003,271.44999999999999,494736,10860,271.90429799999998
2023-03-06 05:00:00+00:00,273.5,273.83999999999997,269.93000000000001,270.36000000000001,752102,13602,271.96829000000002
2023-03-07 05:00:00+00:00,273.54000000000002,274.07999999999998,268.13999999999999,268.67000000000002,269532,8183,270.56897900000001
2023-03-08 05:00:00+00:00,268.56999999999999,270.75990000000002,267.32999999999998,269.66000000000003,164969,4487,269.02967999999998
2023-03-09 05:00:00+00:00,268.14999999999998,268.76999999999998,263.13,264.68000000000001,242317,6883,266.16925199999997
2023-03-10 05:00:00+00:00,265.76999999999998,265.76999999999998,259.35000000000002,261.23000000000002,476414,9111,262.69494800000001
2023-03-13 04:00:00+00:00,258.19999999999999,261.64999999999998,257.81999999999999,260.06,310483,8438,260.093031
2023-03-14 04:00:00+00:00,262.56,263.79000000000002,260.57999999999998,262.89999999999998,419836,8828,262.50348200000002
2023-03-15 04:00:00+00:00,254.28999999999999,257,252.16999999999999,256.29000000000002,405897,10300,254.848769
2023-03-16 04:00:00+00:00,256.31999999999999,265.31,256.31999999999999,264.36000000000001,417371,8720,262.83435300000002
2023-03-17 04:00:00+00:00,258.33999999999997,260.36000000000001,256.98000000000002,259.19999999999999,354460,8521,258.79316
2023-03-20 04:00:00+00:00,262.74000000000001,263.74000000000001,260.63999999999999,262.48000000000002,262439,6471,262.48650600000002
2023-03-21 04:00:00+00:00,265.69999999999999,267.30000000000001,265.22000000000003,266.63999999999999,262062,6391,266.43138199999999
2023-03-22 04:00:00+00:00,269.06,271,265.17000000000002,265.17000000000002,284167,7244,268.13678900000002
2023-03-23 04:00:00+00:00,269.04000000000002,270.72000000000003,264.22309999999999,266.12,327289,8991,268.15331200000003
2023-03-24 04:00:00+00:00,264.23000000000002,265.71499999999997,261.25999999999999,265.37,326794,7102,263.78091599999999
2023-03-27 04:00:00+00:00,268.19999999999999,268.63,265.44999999999999,266.17000000000002,237063,6708,266.62520799999999
2023-03-28 04:00:00+00:00,266.81,266.94999999999999,264.89999999999998,266.31,200546,5361,266.185991
2023-03-29 04:00:00+00:00,269.79000000000002,270.24000000000001,267.95999999999998,268.87,186101,5915,268.93392499999999
2023-03-30 04:00:00+00:00,269.27999999999997,270,267.80000000000001,268.89999999999998,251420,6357,269.01816400000001
2023-03-31 04:00:00+00:00,270.72000000000003,272.11000000000001,270.19,270.94,237298,5848,271.12785300000002
2023-04-03 04:00:00+00:00,270.19999999999999,271.51999999999998,268.80000000000001,270.94,186353,5102,270.42459600000001
2023-04-04 04:00:00+00:00,273.38,273.66000000000003,270.20499999999998,270.82999999999998,194449,5196,271.48692599999998
2023-04-05 04:00:00+00:00,274.99000000000001,275.27999999999997,269.5,270.55000000000001,364833,8321,271.44472200000001
2023-04-06 04:00:00+00:00,269.5,273.72000000000003,269.5,271.94,402670,8380,271.78918099999999
2023-04-10 04:00:00+00:00,270.07999999999998,273.29899999999998,270.07690000000002,272.99000000000001,202380,5755,272.17023599999999
2023-04-11 04:00:00+00:00,274.25999999999999,275.63,273.5,274.22000000000003,227469,6194,274.57380799999999
2023-04-12 04:00:00+00:00,277.38,278.19499999999999,275.935,276.63,294202,8282,277.09383400000002
2023-04-13 04:00:00+00:00,283,284.86000000000001,279.72000000000003,282.94,679817,17181,282.33705800000001
2023-04-14 04:00:00+00:00,284.94,286.61000000000001,284.35000000000002,285.52999999999997,462004,10555,285.39805100000001
2023-04-17 04:00:00+00:00,280.62,281.3999,277.92000000000002,281.04000000000002,337551,8150,280.11495300000001
2023-04-18 04:00:00+00:00,280.13999999999999,281.63999999999999,278.9255,280.60000000000002,309429,8127,280.11541499999998
2023-04-19 04:00:00+00:00,279.95999999999998,280.19,278.22000000000003,278.63,271918,5370,279.01057600000001
2023-04-20 04:00:00+00:00,273.19999999999999,276.66000000000003,272.69999999999999,276,428850,10257,274.94626
2023-04-21 04:00:00+00:00,276.81,278.77499999999998,274.77999999999997,278.02999999999997,324275,6901,277.51091200000002
2023-04-24 04:00:00+00:00,278.83999999999997,280.64429999999999,278.83999999999997,280.19,315999,7424,280.00311399999998
2023-04-25 04:00:00+00:00,279.95999999999998,280.18000000000001,277.13999999999999,277.20999999999998,249792,5983,278.26531599999998
2023-04-26 04:00:00+00:00,278.22000000000003,279.24000000000001,274.63,275.41000000000003,325077,7427,276.84672699999999
2023-04-27 04:00:00+00:00,276.38,278.87,275.30000000000001,278.24000000000001,466282,6443,277.83347199999997
2023-04-28 04:00:00+00:00,275.25999999999999,278.96499999999997,274.62,278.63999999999999,383500,8940,277.90433000000002
2023-05-01 04:00:00+00:00,279.57999999999998,280.21499999999997,278.66000000000003,279.13999999999999,162976,4307,279.32301200000001
2023-05-02 04:00:00+00:00,274.25999999999999,276.31999999999999,273.38999999999999,275.77999999999997,298341,6675,274.971137
2023-05-03 04:00:00+00:00,278.79000000000002,281.50999999999999,277.45999999999998,277.63999999999999,330144,8415,278.86144300000001
2023-05-04 04:00:00+00:00,290.16000000000003,293.63999999999999,288.74000000000001,291.79000000000002,946905,19890,291.64270499999998
2023-05-05 04:00:00+00:00,295.608,297.74000000000001,294.60000000000002,296.81,465005,12000,296.49777499999999
2023-05-08 04:00:00+00:00,297.74000000000001,297.81599999999997,295.66000000000003,296.97000000000003,297102,8127,296.833484
2023-05-09 04:00:00+00:00,295.25999999999999,296.55000000000001,294.06999999999999,294.19,378860,9407,295.237909
2023-05-10 04:00:00+00:00,294.19999999999999,295.08499999999998,290.70999999999998,292.18000000000001,438204,12148,292.357325
2023-05-11 04:00:00+00:00,294.35000000000002,294.64999999999998,292.62,293.61000000000001,333052,9056,293.433492
2023-05-12 04:00:00+00:00,296.87,297.06,294.25999999999999,296.26999999999998,393847,8689,296.249887
2023-05-15 04:00:00+00:00,295.80000000000001,296.27999999999997,292.58999999999997,293,315969,7083,293.57718899999998
2023-05-16 04:00:00+00:00,295.33999999999997,295.74000000000001,292.41000000000003,292.60000000000002,316864,8523,293.87890800000002
2023-05-17 04:00:00+00:00,294.31999999999999,294.42000000000002,292.81,293.32999999999998,246200,6589,293.42340100000001
2023-05-18 04:00:00+00:00,295.81999999999999,296.27999999999997,293.60000000000002,295.16000000000003,365370,7593,295.19613399999997
2023-05-19 04:00:00+00:00,298.48000000000002,299.22000000000003,297.14999999999998,298.24000000000001,391649,9101,298.22641299999998
2023-05-22 04:00:00+00:00,298.62,302.85500000000002,298.39999999999998,301.52999999999997,236831,8276,301.04702600000002
2023-05-23 04:00:00+00:00,292.75999999999999,292.75999999999999,288.36000000000001,289.89999999999998,540968,14494,290.27818000000002
2023-05-24 04:00:00+00:00,286.25999999999999,287.45999999999998,283.96499999999997,286.95999999999998,445065,11239,285.99706400000002
2023-05-25 04:00:00+00:00,286.49000000000001,287.44,285.31,286.60000000000002,228337,6247,286.514905
2023-05-26 04:00:00+00:00,288.36000000000001,291.57999999999998,288.18000000000001,290.75999999999999,221861,6707,290.33640700000001
2023-05-30 04:00:00+00:00,292.18000000000001,292.18000000000001,287.23000000000002,287.36000000000001,405161,9543,289.322609
2023-05-31 04:00:00+00:00,288.18000000000001,288.43000000000001,283.19999999999999,286.67000000000002,482153,10152,285.552795
2023-06-01 04:00:00+00:00,288.87,293.19,288.12,293.08999999999997,269516,7677,291.28907400000003
2023-06-02 04:00:00+00:00,298.30000000000001,300.29000000000002,297.57999999999998,298.60000000000002,364506,9488,298.68712599999998
2023-06-05 04:00:00+00:00,298.19,298.37,295.88,296.43000000000001,181661,5760,296.80755799999997
2023-06-06 04:00:00+00:00,296.93000000000001,297.82499999999999,295.92000000000002,297.12,312263,8092,296.88032900000002
2023-06-07 04:00:00+00:00,295.66000000000003,298.13499999999999,294.11000000000001,294.52999999999997,315068,7036,295.34941400000002
2023-06-08 04:00:00+00:00,296.60000000000002,299.00999999999999,296.60000000000002,298.24000000000001,289281,5421,298.19158199999998
2023-06-09 04:00:00+00:00,297.39999999999998,298.89499999999998,296.625,297.80000000000001,263164,6134,297.89256799999998
2023-06-12 04:00:00+00:00,300.54000000000002,301.83999999999997,299.10000000000002,300.57999999999998,275048,8927,300.49174599999998
2023-06-13 04:00:00+00:00,301.26999999999998,302.56,299.94,300.11000000000001,359390,9479,300.75903099999999
2023-06-14 04:00:00+00:00,304.72000000000003,305.22000000000003,300.72000000000003,302.79000000000002,418146,10920,303.86363899999998
2023-06-15 04:00:00+00:00,305.45999999999998,306.73000000000002,303.66000000000003,306.11000000000001,657560,14155,305.52792199999999
2023-06-16 04:00:00+00:00,308.70999999999998,309.29000000000002,306.62,308.01999999999998,294925,8505,308.14516800000001
2023-06-20 04:00:00+00:00,306.69999999999999,308.06,305.29000000000002,306.16000000000003,355775,8674,306.34977300000003
2023-06-21 04:00:00+00:00,307.11000000000001,309.12,305.54000000000002,308.30000000000001,400242,8119,307.71367099999998
2023-06-22 04:00:00+00:00,306.45999999999998,308.94,306,307.29000000000002,268096,6431,307.44707699999998
2023-06-23 04:00:00+00:00,306.16000000000003,309.00999999999999,305.88,307.51999999999998,426824,9640,307.60096900000002
2023-06-26 04:00:00+00:00,307.5,308.75,305.85000000000002,306.49000000000001,145050,5127,307.30096800000001
2023-06-27 04:00:00+00:00,309.25,314.4699,309.12,314.08999999999997,240919,7399,312.177909
2023-06-28 04:00:00+00:00,315.33999999999997,318.00999999999999,315.33999999999997,317.95999999999998,334597,9104,317.16007300000001
2023-06-29 04:00:00+00:00,318.36000000000001,322.72000000000003,318.25,320.67000000000002,472056,10717,321.136349
2023-06-30 04:00:00+00:00,324.83999999999997,327.06999999999999,323.88,325.20999999999998,510829,12365,325.83227699999998
2023-07-03 04:00:00+00:00,325.51999999999998,326.01999999999998,323.10000000000002,325.87,223825,7202,324.78684600000003
2023-07-05 04:00:00+00:00,321.60000000000002,322.80000000000001,319.63,320.00999999999999,395065,11920,321.07874399999997
2023-07-06 04:00:00+00:00,312.88999999999999,314.75999999999999,311.19999999999999,313.52999999999997,451141,13048,313.026275
2023-07-07 04:00:00+00:00,314.63999999999999,317.56,312.77999999999997,314.49000000000001,332124,10797,315.31131800000003
2023-07-10 04:00:00+00:00,314.25,318.80000000000001,314,318.29000000000002,338511,9134,317.41762499999999
2023-07-11 04:00:00+00:00,319,320.32999999999998,317.36500000000001,318.38999999999999,378129,8872,318.40195399999999
2023-07-12 04:00:00+00:00,320.19,323.04000000000002,318.99000000000001,322.68000000000001,443838,10958,321.757835
2023-07-13 04:00:00+00:00,325.83999999999997,326.11869999999999,323,323.36000000000001,375241,8653,324.17877600000003
2023-07-14 04:00:00+00:00,326.88999999999999,329.5,326.57999999999998,328.77999999999997,334276,9870,328.47779500000001
2023-07-17 04:00:00+00:00,328.49000000000001,329.88,327.62,328.70999999999998,339479,8142,328.56945899999999
2023-07-18 04:00:00+00:00,326.22000000000003,326.75,323.52999999999997,326.31999999999999,258658,7267,325.28762499999999
2023-07-19 04:00:00+00:00,323.31,324.41000000000003,320.57999999999998,321.08999999999997,362207,10015,321.77112599999998
2023-07-20 04:00:00+00:00,320.27999999999997,320.70999999999998,317.51499999999999,318.66000000000003,399732,9588,319.01865199999997
2023-07-21 04:00:00+00:00,321.00999999999999,321.00999999999999,317.93000000000001,318.00999999999999,281183,6744,318.888914
2023-07-24 04:00:00+00:00,317.38,318.66000000000003,316.44099999999997,317.16000000000003,213656,6368,317.58707900000002
2023-07-25 04:00:00+00:00,314.43000000000001,317.3304,313.86000000000001,316.11000000000001,269284,7661,316.25509199999999
2023-07-26 04:00:00+00:00,314.33999999999997,318.63,314.01999999999998,317.35000000000002,171595,6194,316.67050699999999
2023-07-27 04:00:00+00:00,321.39999999999998,322.07999999999998,316.44999999999999,317.26999999999998,319044,7567,318.73786100000001
2023-07-28 04:00:00+00:00,321.70999999999998,323.61000000000001,321.14999999999998,321.81999999999999,298150,8789,322.37011699999999
2023-07-31 04:00:00+00:00,322.5,322.5,319.33999999999997,320.38999999999999,265032,7893,320.66193700000002
2023-08-01 04:00:00+00:00,317,319.54000000000002,316.56999999999999,317.62,341518,10664,317.95339999999999
2023-08-02 04:00:00+00:00,311.89999999999998,322.16000000000003,311.75999999999999,313.56,546115,12978,315.34815600000002
2023-08-03 04:00:00+00:00,312,316.31999999999999,311.75999999999999,314.16000000000003,313575,9707,314.13996200000003
2023-08-04 04:00:00+00:00,315.43000000000001,316.08999999999997,311.25,311.44999999999999,246923,7512,313.35519499999998
2023-08-07 04:00:00+00:00,312.44,312.77999999999997,308.86000000000001,312.24000000000001,227571,8138,310.98996899999997
2023-08-08 04:00:00+00:00,308.69999999999999,310.98000000000002,307.19,310.98000000000002,316554,10285,309.46694000000002
2023-08-09 04:00:00+00:00,313.77999999999997,314.27999999999997,309.565,311.61000000000001,257797,8955,311.816348
2023-08-10 04:00:00+00:00,316.23000000000002,318.64999999999998,313.61500000000001,314.75999999999999,350040,9579,316.112145
2023-08-11 04:00:00+00:00,313.14999999999998,313.5,310.94,311.19,270513,6352,311.92364300000003
2023-08-14 04:00:00+00:00,310.22000000000003,316.30360000000002,310.22000000000003,315.56999999999999,204242,5884,314.41305199999999
2023-08-15 04:00:00+00:00,314.52999999999997,316.69999999999999,314.3501,315.74000000000001,183429,5937,315.80834099999998
2023-08-16 04:00:00+00:00,315.12,317.16000000000003,313.14999999999998,313.33999999999997,188125,6302,314.60912100000002
2023-08-17 04:00:00+00:00,312.19999999999999,312.19999999999999,305.95999999999998,306.01999999999998,321787,8896,308.36599899999999
2023-08-18 04:00:00+00:00,303.49000000000001,307.08999999999997,301.75,305.75,398127,10252,304.28798999999998
2023-08-21 04:00:00+00:00,312.18000000000001,312.87,309.67000000000002,311.97000000000003,137193,6062,311.58975900000002
2023-08-22 04:00:00+00:00,312.13,313.19999999999999,310.05000000000001,310.56,194744,6869,311.13757800000002
2023-08-23 04:00:00+00:00,309.30000000000001,313.82999999999998,308.88240000000002,312.79000000000002,135373,5052,312.281834
2023-08-24 04:00:00+00:00,312.60000000000002,312.85000000000002,307.32999999999998,307.52999999999997,162669,5151,309.93532099999999
2023-08-25 04:00:00+00:00,311.30000000000001,312.56999999999999,307.38,311.25999999999999,193624,5214,310.24989599999998
2023-08-28 04:00:00+00:00,312.14999999999998,313.58999999999997,311.63999999999999,313.31,137180,5689,312.90500200000002
2023-08-29 04:00:00+00:00,312.05000000000001,320.63999999999999,312.05000000000001,320.58999999999997,286274,6498,317.91345699999999
2023-08-30 04:00:00+00:00,319.74000000000001,322.68000000000001,319.74000000000001,320.29000000000002,202386,6390,321.19507399999998
2023-08-31 04:00:00+00:00,319.5,321,317.27999999999997,317.74000000000001,207415,7439,318.50259599999998
2023-09-01 04:00:00+00:00,312.75,312.75,305.77999999999997,308.31999999999999,579183,14986,308.30675500000001
2023-09-05 04:00:00+00:00,307.30000000000001,307.30000000000001,304.06999999999999,305.17000000000002,264973,8165,305.55953699999998
2023-09-06 04:00:00+00:00,303,303.89999999999998,300.19,302.50999999999999,375957,9861,302.16873800000002
2023-09-07 04:00:00+00:00,298.75,299.75999999999999,296.62,298.79000000000002,548751,11129,298.11318499999999
2023-09-08 04:00:00+00:00,299.11000000000001,300.60000000000002,296.69,297.19,286180,7416,297.99739299999999
2023-09-11 04:00:00+00:00,298.64999999999998,302.99000000000001,297.41000000000003,302.68000000000001,249939,6820,300.82663100000002
2023-09-12 04:00:00+00:00,299.23000000000002,302,297.80000000000001,298.12,215811,6896,299.53576099999998
2023-09-13 04:00:00+00:00,298.44,299.62,297.12,299.05000000000001,229196,6080,298.67910000000001
2023-09-14 04:00:00+00:00,299.55000000000001,303.17000000000002,298.61000000000001,302.67000000000002,204392,7667,301.82202699999999
2023-09-15 04:00:00+00:00,303.94,306.12,300.88999999999999,300.95999999999998,389796,9401,302.87425100000002
2023-09-18 04:00:00+00:00,300,300.56999999999999,297.49000000000001,299.68000000000001,161373,7623,299.61140399999999
2023-09-19 04:00:00+00:00,300.77999999999997,301.82690000000002,299,299.11000000000001,201012,5481,299.80671100000001
2023-09-20 04:00:00+00:00,304.93000000000001,307.91660000000002,302.79000000000002,302.91000000000003,235543,7863,305.04420499999998
2023-09-21 04:00:00+00:00,296.74000000000001,296.88999999999999,291.45999999999998,291.56999999999999,400897,10957,293.04036500000001
2023-09-22 04:00:00+00:00,290.51999999999998,292.35000000000002,288.25,288.25,232987,7771,290.02788500000003
2023-09-25 04:00:00+00:00,287.10000000000002,289.25,285.77999999999997,288.11000000000001,206241,6624,287.92116900000002
2023-09-26 04:00:00+00:00,287.69,289.01499999999999,285.59010000000001,285.74000000000001,221499,6653,286.83319299999999
2023-09-27 04:00:00+00:00,289.31999999999999,290.25999999999999,285.01999999999998,287.61000000000001,297961,6796,287.26298100000002
2023-09-28 04:00:00+00:00,290.92000000000002,295.12,289.92000000000002,294.44,265628,8614,293.44078999999999
2023-09-29 04:00:00+00:00,298.83999999999997,300.22000000000003,293.58999999999997,295.54000000000002,253622,7385,296.67419599999999
2023-10-02 04:00:00+00:00,295.75999999999999,297.48000000000002,295.005,296.58999999999997,248107,7180,296.24987499999997
2023-10-03 04:00:00+00:00,295.56,297.23750000000001,293.49000000000001,294.55000000000001,234483,7605,295.026568
2023-10-04 04:00:00+00:00,295.82999999999998,299.58999999999997,294.42000000000002,299.58999999999997,161980,5663,297.865408
2023-10-05 04:00:00+00:00,300.44999999999999,301.19999999999999,297.07499999999999,299.94999999999999,226806,6363,299.21946700000001
2023-10-06 04:00:00+00:00,299.97000000000003,305.41000000000003,297.64999999999998,305.39999999999998,257408,7606,303.21168
2023-10-09 04:00:00+00:00,300.01999999999998,301.44999999999999,297.89999999999998,300.50999999999999,187739,5847,299.73530299999999
2023-10-10 04:00:00+00:00,307.02999999999997,309.22000000000003,304.55000000000001,305.20999999999998,385901,10090,306.78735599999999
2023-10-11 04:00:00+00:00,312.66000000000003,313.06,307.91500000000002,309.81999999999999,353932,10381,310.14941900000002
2023-10-12 04:00:00+00:00,313.06,313.39999999999998,307.43000000000001,309.06999999999999,281875,8290,310.35913599999998
2023-10-13 04:00:00+00:00,314.04000000000002,314.51999999999998,311.73000000000002,312.01999999999998,693708,13822,312.84829999999999
2023-10-16 04:00:00+00:00,312.01999999999998,317.08999999999997,311.91000000000003,315.04000000000002,415394,9958,314.938648
2023-10-17 04:00:00+00:00,308.31999999999999,312.33999999999997,307.56,309.56999999999999,326745,9360,309.485052
2023-10-18 04:00:00+00:00,306.18000000000001,307.20999999999998,303.16000000000003,303.49000000000001,290307,8053,304.23896300000001
2023-10-19 04:00:00+00:00,302.16000000000003,303.92000000000002,300.11000000000001,301.38999999999999,503945,10121,301.63095900000002
2023-10-20 04:00:00+00:00,301.93000000000001,303.25,300.64999999999998,301.69999999999999,334699,7303,301.70471300000003
2023-10-23 04:00:00+00:00,300.69999999999999,305.94,300.11000000000001,303.36000000000001,377852,7295,303.593839
2023-10-24 04:00:00+00:00,300.75,302.63999999999999,300.75,300.89999999999998,365344,7255,301.48466000000002
2023-10-25 04:00:00+00:00,300,301.33999999999997,297.72000000000003,299.31,314846,7629,299.66821199999998
2023-10-26 04:00:00+00:00,299.22000000000003,300.01799999999997,296.33999999999997,297.11000000000001,302437,8350,297.87001600000002
2023-10-27 04:00:00+00:00,301.19999999999999,301.81999999999999,297.36000000000001,298.24000000000001,571785,11990,298.40155700000003
2023-10-30 04:00:00+00:00,300.33999999999997,301.98000000000002,298.52999999999997,299.38999999999999,492228,11210,299.76287000000002
2023-10-31 04:00:00+00:00,300.25,303.60000000000002,300,301.63999999999999,562040,14000,301.64239600000002
2023-11-01 04:00:00+00:00,302.04000000000002,305.66000000000003,301.68000000000001,304.98000000000002,543496,12012,303.605932
2023-11-02 04:00:00+00:00,319,325.35000000000002,315.54000000000002,323.42000000000002,618931,16974,320.82234999999997
2023-11-03 04:00:00+00:00,329.39999999999998,331.99990000000003,328.495,331.41000000000003,493217,15571,330.64508699999999
2023-11-06 05:00:00+00:00,333.31,336.89999999999998,331.81,333.5,468001,13196,333.82203199999998
2023-11-07 05:00:00+00:00,332.32999999999998,333.44,330.69999999999999,333.37,318005,8282,332.32525900000002
2023-11-08 05:00:00+00:00,338.63,340.31,334.37,337.22000000000003,349667,11346,337.36322200000001
2023-11-09 05:00:00+00:00,338.88,340.01999999999998,335.19999999999999,335.88999999999999,245656,7488,337.30216000000001
2023-11-10 05:00:00+00:00,336.44999999999999,340.00400000000002,334.23000000000002,339.56,207863,8113,337.84880800000002
2023-11-13 05:00:00+00:00,338.31999999999999,343.85000000000002,338.16000000000003,341.27999999999997,229687,8143,341.69228600000002
2023-11-14 05:00:00+00:00,350.62,353.97500000000002,349.86000000000001,353.75,384380,12372,352.36753499999998
2023-11-15 05:00:00+00:00,354.72000000000003,355.09500000000003,351.25999999999999,351.68000000000001,382080,9489,352.95194099999998
2023-11-16 05:00:00+00:00,352.81999999999999,354.92000000000002,352.04399999999998,354.00999999999999,276603,8627,353.78182099999998
2023-11-17 05:00:00+00:00,356.92000000000002,359.43000000000001,356.20999999999998,359.33999999999997,285421,8670,358.37872299999998
2023-11-20 05:00:00+00:00,361.5,365.54500000000002,360.95999999999998,364.31999999999999,341254,10662,363.83131400000002
2023-11-21 05:00:00+00:00,362.36000000000001,364.30000000000001,360.35000000000002,361.08999999999997,234278,8237,361.78505000000001
2023-11-22 05:00:00+00:00,365.63,365.93000000000001,362.86000000000001,364.25,130598,5948,364.42708599999997
2023-11-24 05:00:00+00:00,365.30000000000001,368.60000000000002,364.74000000000001,367.44,152498,5002,367.18584800000002
2023-11-27 05:00:00+00:00,367.99000000000001,369.91000000000003,367.79000000000002,369.66000000000003,207521,7440,369.12353000000002
2023-11-28 05:00:00+00:00,367.75999999999999,369.67000000000002,366.44999999999999,368.26999999999998,283195,8958,367.92637300000001
2023-11-29 05:00:00+00:00,368.45999999999998,369.75999999999999,365.41000000000003,366.42000000000002,249818,7736,367.34842600000002
2023-11-30 05:00:00+00:00,361.66000000000003,362.63999999999999,357.01999999999998,358.95999999999998,436300,12134,359.519655
2023-12-01 05:00:00+00:00,358.36000000000001,359.21499999999997,355.56,356.99000000000001,468963,12462,356.76911100000001
2023-12-04 05:00:00+00:00,354.33999999999997,356.13,353.14999999999998,353.63999999999999,395563,10509,354.00479999999999
2023-12-05 05:00:00+00:00,357.81999999999999,362.75999999999999,357.66000000000003,362.24000000000001,253630,8151,361.18347
2023-12-06 05:00:00+00:00,366,366.30000000000001,361.24000000000001,361.68000000000001,263421,8548,363.30273399999999
2023-12-07 05:00:00+00:00,364.81,364.81,361.31999999999999,363.75,236261,7073,363.20381900000001
2023-12-08 05:00:00+00:00,364.83999999999997,368.25,364.80000000000001,366.75,387917,11362,366.33811500000002
2023-12-11 05:00:00+00:00,369.11000000000001,372.42000000000002,368.36000000000001,371.95999999999998,309926,9828,370.494708
2023-12-12 05:00:00+00:00,370.25,371.82999999999998,369.16899999999998,371.35000000000002,199607,7241,370.72499299999998
2023-12-13 05:00:00+00:00,367.01999999999998,369.99000000000001,364.38999999999999,369.89999999999998,404570,10439,367.35133000000002
2023-12-14 05:00:00+00:00,362.75999999999999,365.70999999999998,360.95999999999998,363.85000000000002,416072,12239,363.80065100000002
2023-12-15 05:00:00+00:00,360.72000000000003,360.94999999999999,354.38,354.5,490954,14081,356.98212699999999
2023-12-18 05:00:00+00:00,346.5,347.88,344.31,346.91000000000003,635260,15566,346.38944300000003
2023-12-19 05:00:00+00:00,345.41000000000003,349.38999999999999,344.99000000000001,348.66000000000003,419854,11339,347.89564799999999
2023-12-20 05:00:00+00:00,346.66000000000003,346.80000000000001,338.48000000000002,339.06999999999999,569991,16652,341.93015400000002
2023-12-21 05:00:00+00:00,338.80000000000001,338.80000000000001,334.61500000000001,336.05000000000001,554565,14745,336.30890799999997
2023-12-22 05:00:00+00:00,337.64999999999998,338.08499999999998,334.42500000000001,334.62,398654,11392,335.86694999999997
2023-12-26 05:00:00+00:00,334.42000000000002,337.17989999999998,334.25999999999999,335.88999999999999,224454,6671,336.06956500000001
2023-12-27 05:00:00+00:00,339.70999999999998,339.88999999999999,337.58999999999997,338.33999999999997,332193,9985,338.48174
2023-12-28 05:00:00+00:00,338.56,338.96499999999997,336.87,336.94999999999999,188300,6136,337.53882199999998
2023-12-29 05:00:00+00:00,339,340.19999999999999,336.58999999999997,338.43000000000001,271814,7647,338.498403
2024-01-02 05:00:00+00:00,336.20999999999998,337.94,335.05000000000001,337.72000000000003,342203,10198,336.53988900000002
2024-01-03 05:00:00+00:00,331.74000000000001,335.02999999999997,331.30000000000001,333.35000000000002,275596,9904,332.98401699999999
2024-01-04 05:00:00+00:00,335.57999999999998,338.04000000000002,334.05500000000001,334.42000000000002,312477,8849,335.89488799999998
2024-01-05 05:00:00+00:00,333.36000000000001,337.5,333.29000000000002,334.93000000000001,264337,7672,335.26388900000001
2024-01-08 05:00:00+00:00,338.75,344.25,338.75,344.13999999999999,366405,10807,342.19375600000001
2024-01-09 05:00:00+00:00,342.88,345.23000000000002,341.06999999999999,343.08999999999997,413132,10883,343.36575399999998
2024-01-10 05:00:00+00:00,346.42000000000002,351.49000000000001,345.45999999999998,351.42000000000002,543490,14272,348.42968999999999
2024-01-11 05:00:00+00:00,353.51999999999998,354.21460000000002,347.74000000000001,350.52999999999997,252295,8794,350.65482800000001
2024-01-12 05:00:00+00:00,350.44,351.44999999999999,348.36000000000001,351.30000000000001,249295,8927,350.19546300000002
2024-01-16 05:00:00+00:00,340.97000000000003,347.87,339.83999999999997,346.74000000000001,366047,11219,345.28084899999999
2024-01-17 05:00:00+00:00,342.16000000000003,343.69999999999999,339.83499999999998,343.29000000000002,290586,8603,342.484174
2024-01-18 05:00:00+00:00,345.73000000000002,347.60500000000002,344.82999999999998,347.10000000000002,229056,7910,346.58590500000003
2024-01-19 05:00:00+00:00,346.27999999999997,350.19999999999999,345.67000000000002,349.41000000000003,193974,6927,348.46424300000001
2024-01-22 05:00:00+00:00,341.77999999999997,342.66000000000003,337.13999999999999,337.16000000000003,488827,11405,339.46758899999998
2024-01-23 05:00:00+00:00,333.95999999999998,334.16000000000003,330.54000000000002,333.30000000000001,366750,11290,332.52630099999999
2024-01-24 05:00:00+00:00,336.95999999999998,337.39499999999998,334.62,335.24000000000001,338822,8885,335.95220999999998
2024-01-25 05:00:00+00:00,333.97000000000003,335.33999999999997,330.15499999999997,335.33999999999997,376775,9810,333.32231300000001
2024-01-26 05:00:00+00:00,339,341,337.94999999999999,340.17000000000002,504256,13029,339.75977999999998
2024-01-29 05:00:00+00:00,339.80000000000001,344.99000000000001,338.73000000000002,344.93000000000001,300558,9483,342.00238999999999
2024-01-30 05:00:00+00:00,348,350.30000000000001,347.29000000000002,349.41000000000003,382315,11100,349.17612500000001
2024-01-31 05:00:00+00:00,353.11000000000001,354.685,345.92000000000002,345.92000000000002,386621,11534,349.76140600000002
2024-02-01 05:00:00+00:00,372.77999999999997,391.42000000000002,372.69,389.44999999999999,1609881,40671,383.91402699999998
2024-02-02 05:00:00+00:00,379.87,380.39999999999998,371.5,379.25,694687,22031,376.41233399999999
2024-02-05 05:00:00+00:00,370.92000000000002,374.63999999999999,368.80000000000001,371.66000000000003,447674,14910,372.00082300000003
2024-02-06 05:00:00+00:00,373.79000000000002,379.26979999999998,373.79000000000002,378.52999999999997,318951,10239,376.87744300000003
2024-02-07 05:00:00+00:00,384.06,385.88999999999999,380.69999999999999,381.04000000000002,305170,10289,382.93671899999998
2024-02-08 05:00:00+00:00,381.04000000000002,385.74000000000001,380,385.14999999999998,271035,9507,382.80422900000002
2024-02-09 05:00:00+00:00,389.92000000000002,393.58999999999997,389.29000000000002,392.56,252847,9006,391.52152699999999
2024-02-12 05:00:00+00:00,390,390.60000000000002,386.33499999999998,387.25,234372,7604,387.89263499999998
2024-02-13 05:00:00+00:00,378.77999999999997,380.62,375.31,376.83999999999997,278519,10043,378.20636200000001
2024-02-14 05:00:00+00:00,380,382.88999999999999,378.80000000000001,382.44999999999999,161185,6071,381.46231499999999
2024-02-15 05:00:00+00:00,388.31999999999999,389.79000000000002,386.26870000000002,389.10000000000002,184971,7977,388.29075999999998
2024-02-16 05:00:00+00:00,390.85000000000002,391.56999999999999,388.82999999999998,389.23000000000002,231624,7968,390.34162300000003
2024-02-20 05:00:00+00:00,390.48000000000002,392.35680000000002,389.33999999999997,390.44999999999999,255349,8346,390.63172600000001
2024-02-21 05:00:00+00:00,394.24000000000001,402.68000000000001,393.92000000000002,402.26999999999998,351623,10779,399.72560299999998
2024-02-22 05:00:00+00:00,407.66000000000003,412.99000000000001,407.66000000000003,411.85000000000002,327446,11656,410.90954900000003
2024-02-23 05:00:00+00:00,415.74000000000001,417.79989999999998,414.06999999999999,416.06999999999999,282507,10167,416.30598700000002
2024-02-26 05:00:00+00:00,419.22000000000003,419.87990000000002,416.62,419.32999999999998,319613,8672,418.69114400000001
2024-02-27 05:00:00+00:00,418.79000000000002,424.15989999999999,417.36000000000001,421.31,405390,9936,420.82316800000001
2024-02-28 05:00:00+00:00,426.16000000000003,430.07999999999998,425.16000000000003,428.56,341837,9747,427.14697999999999
2024-02-29 05:00:00+00:00,427.82999999999998,427.88999999999999,418.09500000000003,424.76999999999998,483882,12978,422.338708
2024-03-01 05:00:00+00:00,425,426.55630000000002,422.91000000000003,425.35000000000002,216488,8452,425.35589900000002
2024-03-04 05:00:00+00:00,411.12,415.05000000000001,408.79000000000002,413.56999999999999,396277,12250,412.80488000000003
2024-03-05 05:00:00+00:00,413.18000000000001,413.75,409.94,411.45999999999998,223965,8537,411.71593000000001
2024-03-06 05:00:00+00:00,412.07999999999998,417.05000000000001,411.51999999999998,416.63,363562,9866,415.58104300000002
2024-03-07 05:00:00+00:00,419.81999999999999,421.79070000000002,418.62,421.75,163875,6911,420.24140499999999
2024-03-08 05:00:00+00:00,424.50999999999999,426.45999999999998,420.72000000000003,420.74000000000001,278772,9193,423.712919
2024-03-11 04:00:00+00:00,417.29000000000002,418.08499999999998,412.95999999999998,413,257255,12189,414.71027299999997
2024-03-12 04:00:00+00:00,415.86000000000001,425.06,414.18000000000001,424,410170,10615,420.46331400000003
2024-03-13 04:00:00+00:00,421.31999999999999,425.06700000000001,420.48000000000002,422.44999999999999,162772,6586,422.87289600000003
2024-03-14 04:00:00+00:00,424.60000000000002,424.86000000000001,419.00999999999999,420.38,190228,6749,421.37213600000001
2024-03-15 04:00:00+00:00,422.45999999999998,424.54000000000002,421.19999999999999,424.54000000000002,207766,7175,423.27448700000002
2024-03-18 04:00:00+00:00,426.42000000000002,429.40499999999997,424.72000000000003,426.52999999999997,220027,8051,427.32766700000002
2024-03-19 04:00:00+00:00,431.20999999999998,433.60000000000002,429,433.36000000000001,351906,11838,431.459001
2024-03-20 04:00:00+00:00,432.77999999999997,435.52999999999997,431.22000000000003,434.13999999999999,242842,8608,433.42197299999998
2024-03-21 04:00:00+00:00,432.35000000000002,433.79000000000002,428.52999999999997,431.11000000000001,238540,8145,431.614823
2024-03-22 04:00:00+00:00,432.06,434.99000000000001,430.92000000000002,433.29000000000002,131737,5415,433.16959100000003
2024-03-25 04:00:00+00:00,438.86000000000001,442.24000000000001,438.44999999999999,439.58999999999997,186281,8500,440.28009800000001
2024-03-26 04:00:00+00:00,441.48000000000002,442.80000000000001,437.97000000000003,437.97000000000003,173399,6945,440.06325199999998
2024-03-27 04:00:00+00:00,442.62,442.73000000000002,438.58999999999997,439.16000000000003,131297,5818,440.00851499999999
2024-03-28 04:00:00+00:00,437.48000000000002,438.68000000000001,435.56,435.94,176385,7557,436.736109
2024-04-01 04:00:00+00:00,435.43000000000001,436.79500000000002,430.05000000000001,431.75,166468,7052,432.09497399999998
2024-04-02 04:00:00+00:00,425.94,426.60000000000002,419.02999999999997,419.58999999999997,304967,10596,421.587716
2024-04-03 04:00:00+00:00,413.14999999999998,421.19999999999999,410.88,419.50999999999999,303077,11600,417.649475
2024-04-04 04:00:00+00:00,419.44,423.33999999999997,413.58999999999997,414.02999999999997,424129,13266,419.33332799999999
2024-04-05 04:00:00+00:00,415.64999999999998,421.38999999999999,414.77999999999997,418.86000000000001,186699,7772,418.54874100000001
2024-04-08 04:00:00+00:00,424.54000000000002,425.70999999999998,421.62,423.55000000000001,284410,8334,423.65964400000001
2024-04-09 04:00:00+00:00,422.5,423.11000000000001,415.25,420.5,217192,7746,419.38729899999998
2024-04-10 04:00:00+00:00,414.25,422.02999999999997,414.25,419.81999999999999,247410,7600,419.60695500000003
2024-04-11 04:00:00+00:00,420,421.80990000000003,415.35000000000002,420.38,163026,7428,419.65166900000003
2024-04-12 04:00:00+00:00,411.54000000000002,413.88,409.80000000000001,410.39999999999998,249953,9510,411.10747500000002
2024-04-15 04:00:00+00:00,419.49000000000001,419.81999999999999,410,410.93000000000001,218023,8543,414.26906200000002
2024-04-16 04:00:00+00:00,412.01999999999998,413.56,409.69999999999999,411.33999999999997,203404,6379,411.42167599999999
2024-04-17 04:00:00+00:00,419.22000000000003,419.75999999999999,413.41500000000002,416,264789,9200,416.04226799999998
2024-04-18 04:00:00+00:00,413.98000000000002,417.89999999999998,410.33999999999997,412.62,216090,8351,413.64808599999998
2024-04-19 04:00:00+00:00,415.82999999999998,416.69999999999999,408.10000000000002,408.64999999999998,282950,10483,411.05321700000002
2024-04-22 04:00:00+00:00,406.48000000000002,410.91500000000002,405.505,410.26999999999998,179936,7331,408.53077500000001
2024-04-23 04:00:00+00:00,418.60000000000002,425.55000000000001,417.54000000000002,424.74000000000001,273362,10512,422.756328
2024-04-24 04:00:00+00:00,422.57999999999998,424.91000000000003,418,420.32999999999998,237357,9021,421.03414800000002
2024-04-25 04:00:00+00:00,411.62,415.02499999999998,409.86009999999999,412.20999999999998,510115,13054,413.31426900000002
2024-04-26 04:00:00+00:00,417.01999999999998,422.73000000000002,416.73000000000002,422.45999999999998,217590,8218,420.903479
2024-04-29 04:00:00+00:00,418.92000000000002,422.75,417.69229999999999,422.44,146783,6664,420.99456199999997
2024-04-30 04:00:00+00:00,416.55000000000001,419.51999999999998,413.00659999999999,415.69999999999999,217700,7910,415.677707
2024-05-01 04:00:00+00:00,417.94999999999999,421.57999999999998,414.31,415.94,109895,5768,417.33211999999997
2024-05-02 04:00:00+00:00,423.29000000000002,425,419.86000000000001,424.56,214124,8591,423.27409999999998
2024-05-03 04:00:00+00:00,432.06999999999999,434.10000000000002,428.81999999999999,430.29000000000002,288971,10193,430.82886300000001
2024-05-06 04:00:00+00:00,426.63,428.51999999999998,425.45999999999998,427.66000000000003,307543,12057,427.15641699999998
2024-05-07 04:00:00+00:00,419.51999999999998,420.77999999999997,401,401,966786,27126,407.74004400000001
2024-05-08 04:00:00+00:00,400,409.25999999999999,399.26999999999998,406.22000000000003,442563,14557,406.18440600000002
2024-05-09 04:00:00+00:00,404.20999999999998,408.26999999999998,404.06999999999999,407.43000000000001,255337,11475,406.789601
2024-05-10 04:00:00+00:00,403.31999999999999,405.505,400.47000000000003,405,222446,12330,403.654267
2024-05-13 04:00:00+00:00,406.39999999999998,408.37,405.45999999999998,405.73000000000002,174759,6087,406.46811700000001
2024-05-14 04:00:00+00:00,406.98000000000002,411.66000000000003,406.73000000000002,411.01999999999998,135419,5993,410.31874299999998
2024-05-15 04:00:00+00:00,411.55000000000001,421.33999999999997,411.01999999999998,417.20999999999998,307651,10270,417.80114400000002
2024-05-16 04:00:00+00:00,420.69999999999999,421.72000000000003,418.42000000000002,419.56999999999999,266836,8543,420.08471200000002
2024-05-17 04:00:00+00:00,421.23000000000002,423.83999999999997,419.75999999999999,422.30000000000001,182930,7025,422.51339899999999
2024-05-20 04:00:00+00:00,419.66000000000003,420.60000000000002,416.40410000000003,416.64999999999998,185419,8294,417.882362
2024-05-21 04:00:00+00:00,414.64999999999998,418.57999999999998,414.18000000000001,418.37,225933,6400,417.594066
2024-05-22 04:00:00+00:00,417.91000000000003,418.70999999999998,413.80869999999999,415.05000000000001,223234,7448,416.88266099999998
2024-05-23 04:00:00+00:00,417.98000000000002,418.59500000000003,412.44,413.52999999999997,153355,6545,415.43257399999999
2024-05-24 04:00:00+00:00,416.31999999999999,418.5,415.51999999999998,416.16000000000003,169697,6695,416.69482399999998
2024-05-28 04:00:00+00:00,415.13999999999999,415.13999999999999,410.14999999999998,412.13999999999999,174995,6839,412.23614300000003
2024-05-29 04:00:00+00:00,406.83999999999997,407.88,404.83999999999997,406.19,257260,10034,406.13185800000002
2024-05-30 04:00:00+00:00,407.62,410.97000000000003,407.39999999999998,408.98000000000002,116015,5620,409.09696300000002
2024-05-31 04:00:00+00:00,408.56,411.22000000000003,407.26999999999998,411,177603,7046,409.36247700000001
2024-06-03 04:00:00+00:00,409.27999999999997,411.18000000000001,406.31,409.05000000000001,147495,6401,408.92781300000001
2024-06-04 04:00:00+00:00,410.56,413.36000000000001,410.10000000000002,410.74000000000001,195123,7576,411.24227400000001
2024-06-05 04:00:00+00:00,420.57999999999998,422.70499999999998,417,422.39999999999998,331387,12027,420.116466
2024-06-06 04:00:00+00:00,423.18000000000001,423.54000000000002,416.49000000000001,416.92000000000002,393522,10158,420.14219000000003
2024-06-07 04:00:00+00:00,414.91000000000003,416.69999999999999,411.88999999999999,412.93000000000001,184240,7844,414.58781499999998
2024-06-10 04:00:00+00:00,411.14999999999998,414.19,410.75999999999999,413.48000000000002,107104,5926,413.00796200000002
2024-06-11 04:00:00+00:00,410.98000000000002,412.38499999999999,409.13999999999999,410.94,169062,6479,410.86377199999998
2024-06-12 04:00:00+00:00,423.33999999999997,429.13999999999999,422.19999999999999,427.36000000000001,356722,11001,426.74641300000002
2024-06-13 04:00:00+00:00,420,420.89999999999998,414.85000000000002,416.68000000000001,178798,8503,417.19570499999998
2024-06-14 04:00:00+00:00,404.39999999999998,410.18000000000001,403.00999999999999,409.98000000000002,346641,11450,407.12305500000002
2024-06-17 04:00:00+00:00,412.23000000000002,417.55000000000001,410.04000000000002,416.06,163149,7689,415.410282
2024-06-18 04:00:00+00:00,415.17000000000002,415.17000000000002,411.08999999999997,414.36000000000001,103151,6029,413.47909299999998
2024-06-20 04:00:00+00:00,418.86000000000001,420.61000000000001,416.20999999999998,420.08999999999997,189777,8391,418.90742499999999
2024-06-21 04:00:00+00:00,412.76999999999998,414.88,410.17500000000001,414.64999999999998,216467,9021,413.45502399999998
2024-06-24 04:00:00+00:00,421,423.38549999999998,419.91750000000002,421.68000000000001,176720,7633,421.71923800000002
2024-06-25 04:00:00+00:00,422.82999999999998,425.04500000000002,422.79399999999998,423.81999999999999,232399,8871,424.12345199999999
2024-06-26 04:00:00+00:00,417.19999999999999,418.44,412.435,412.51999999999998,296225,11177,413.97740299999998
2024-06-27 04:00:00+00:00,410,412.20999999999998,409,409.45999999999998,254158,8893,410.10845
2024-06-28 04:00:00+00:00,409.87,410.13,407.13010000000003,408.37,245968,8285,408.35900900000001
2024-07-01 04:00:00+00:00,411,411.69999999999999,408.5,410.24000000000001,187428,7609,410.24799400000001
2024-07-02 04:00:00+00:00,406.38,414.38,405.95999999999998,414.38,234367,7928,411.06559800000002
2024-07-03 04:00:00+00:00,419.69999999999999,422.72000000000003,418.0478,422.72000000000003,198243,8228,420.49775499999998
2024-07-05 04:00:00+00:00,424,425,418.25999999999999,422.38999999999999,179961,7585,421.382025
2024-07-08 04:00:00+00:00,430.01999999999998,430.27999999999997,427.14999999999998,427.38,194449,9169,428.62395400000003
2024-07-09 04:00:00+00:00,428.73000000000002,430.07999999999998,425.88999999999999,426.29000000000002,150836,6067,427.36211800000001
2024-07-10 04:00:00+00:00,429.10000000000002,435.05000000000001,429.02999999999997,435.05000000000001,133618,6879,433.18432300000001
2024-07-11 04:00:00+00:00,433.67000000000002,434.45999999999998,427.49000000000001,428.47000000000003,219415,7645,429.53730999999999
2024-07-12 04:00:00+00:00,430.13999999999999,436.54000000000002,430.13999999999999,435.16000000000003,163630,6988,434.72099800000001
2024-07-15 04:00:00+00:00,435.39999999999998,435.54000000000002,427.06,428.56,166624,7199,430.02813600000002
2024-07-16 04:00:00+00:00,426.72000000000003,429.83999999999997,425.48000000000002,429.22000000000003,157902,7291,427.72581600000001
2024-07-17 04:00:00+00:00,423.33999999999997,424.26999999999998,420.30000000000001,420.70999999999998,177296,7669,421.75703299999998
2024-07-18 04:00:00+00:00,426.89999999999998,427.06999999999999,419.75999999999999,422.43000000000001,168507,6959,422.57692800000001
2024-07-19 04:00:00+00:00,419.51999999999998,420.47989999999999,416.31,416.31,102679,5298,417.54528399999998
2024-07-22 04:00:00+00:00,421.24000000000001,427.67000000000002,419.69999999999999,427.19,236993,7794,425.12589200000002
2024-07-23 04:00:00+00:00,421.25999999999999,424.20999999999998,421.04000000000002,423.17000000000002,152368,6081,422.66341599999998
2024-07-24 04:00:00+00:00,416.39999999999998,417.39999999999998,413,413.67000000000002,259582,8303,415.28903800000001
2024-07-25 04:00:00+00:00,408.77999999999997,410.82479999999998,404.15010000000001,405.92000000000002,265133,9318,407.72807599999999
2024-07-26 04:00:00+00:00,410,415.83870000000002,408.48000000000002,413.80000000000001,175953,8122,413.117593
2024-07-29 04:00:00+00:00,409.74000000000001,412.23000000000002,407,411.69999999999999,196851,7774,410.16444999999999
2024-07-30 04:00:00+00:00,414.24000000000001,415.13999999999999,409.11000000000001,410.26999999999998,170043,6856,412.35223999999999
2024-07-31 04:00:00+00:00,411.62,416.06999999999999,408.51499999999999,413.00999999999999,311117,9764,412.663455
2024-08-01 04:00:00+00:00,429.42000000000002,433.98000000000002,416.18000000000001,421.62,410548,14191,423.37771300000003
2024-08-02 04:00:00+00:00,424.12,433.75,422.31999999999999,433.58999999999997,535440,16110,429.33283899999998
2024-08-05 04:00:00+00:00,414.35000000000002,428.38,413.00999999999999,422.77999999999997,546900,17007,422.43713500000001
2024-08-06 04:00:00+00:00,414.88999999999999,421.72000000000003,414.42000000000002,416.81999999999999,296430,11832,417.56947700000001
2024-08-07 04:00:00+00:00,425.44,426.30000000000001,417.25,417.94999999999999,190181,6595,422.478318
2024-08-08 04:00:00+00:00,415.64999999999998,421.83999999999997,412.19999999999999,420.55000000000001,164209,7768,418.44275499999998
2024-08-09 04:00:00+00:00,421.11000000000001,422.25999999999999,419.38999999999999,420.11000000000001,193365,6101,420.49858999999998
2024-08-12 04:00:00+00:00,420.99000000000001,423.52999999999997,418.5,422.32999999999998,140753,7011,421.67483499999997
2024-08-13 04:00:00+00:00,423.92000000000002,432.53500000000003,423.40469999999999,431.81,205388,7894,429.41405400000002
2024-08-14 04:00:00+00:00,437.83999999999997,456.41000000000003,437.83999999999997,452.89999999999998,718855,21464,447.93860899999999
2024-08-15 04:00:00+00:00,458.32999999999998,463,453.35000000000002,454.13,425153,14407,457.20828799999998
2024-08-16 04:00:00+00:00,458.07999999999998,460.88999999999999,456.69,459.69999999999999,316054,11093,458.96260699999999
2024-08-19 04:00:00+00:00,460.56999999999999,466.19999999999999,460.56999999999999,463.06,266403,10237,463.286069
2024-08-20 04:00:00+00:00,468,469.80000000000001,465.13999999999999,466.73000000000002,202053,8898,467.92216100000002
2024-08-21 04:00:00+00:00,475.11000000000001,480.75999999999999,474.18000000000001,478.79000000000002,387534,14458,478.39382999999998
2024-08-22 04:00:00+00:00,480.38999999999999,481.19999999999999,473.76999999999998,477.04000000000002,348495,12304,477.49806799999999
2024-08-23 04:00:00+00:00,480.5,484.25999999999999,480.19999999999999,483.94,214685,9898,482.47765399999997
2024-08-26 04:00:00+00:00,482.20999999999998,482.25999999999999,479.56999999999999,479.85000000000002,156255,7676,480.39001100000002
2024-08-27 04:00:00+00:00,482.75999999999999,491.58999999999997,482.13999999999999,489.25999999999999,298597,11789,488.09601800000002
2024-08-28 04:00:00+00:00,490.56,490.91950000000003,484.51999999999998,486.74000000000001,160392,7930,487.22540299999997
2024-08-29 04:00:00+00:00,489.24000000000001,495.38479999999998,487.09010000000001,490.58999999999997,222706,8139,491.36249900000001
2024-08-30 04:00:00+00:00,494.27999999999997,496.79000000000002,491.87,496.79000000000002,227000,9548,494.48972500000002
2024-09-03 04:00:00+00:00,497.66000000000003,498.23000000000002,484.54000000000002,486.68000000000001,248668,9665,489.52232299999997
2024-09-04 04:00:00+00:00,484,487.5,478.60000000000002,486.92000000000002,270514,10466,484.60515700000002
2024-09-05 04:00:00+00:00,472.92000000000002,478.05000000000001,471.24000000000001,477.14999999999998,286789,11426,475.459745
2024-09-06 04:00:00+00:00,482.64999999999998,484.22000000000003,469.33499999999998,470.69999999999999,287075,10561,472.74893300000002
2024-09-09 04:00:00+00:00,471.66000000000003,475.48000000000002,470.36630000000002,471.98000000000002,172020,8810,472.39788399999998
2024-09-10 04:00:00+00:00,471.30000000000001,471.56999999999999,462.44999999999999,467.07999999999998,319107,11649,466.10808900000001
2024-09-11 04:00:00+00:00,467.99000000000001,475.17000000000002,463.77999999999997,475.05000000000001,332508,9292,469.34698300000002
2024-09-12 04:00:00+00:00,465.93000000000001,473.49000000000001,465.38999999999999,471.89999999999998,311388,11116,469.700943
2024-09-13 04:00:00+00:00,471.23000000000002,473.5,468.50999999999999,469.08999999999997,225894,7784,470.867323
2024-09-16 04:00:00+00:00,468.50999999999999,468.58999999999997,462.48750000000001,463.66000000000003,268947,11295,464.49238500000001
2024-09-17 04:00:00+00:00,466.69999999999999,468.38,462.58999999999997,462.81999999999999,246896,10016,464.97993400000001
2024-09-18 04:00:00+00:00,462.24000000000001,464.06999999999999,456.51499999999999,457.52999999999997,308426,11029,459.13115800000003
2024-09-19 04:00:00+00:00,470.26999999999998,477.75,470.12,474.06,446596,14573,473.87593600000002
2024-09-20 04:00:00+00:00,470.85000000000002,471.49000000000001,466.10000000000002,470.56,316157,10972,469.82977699999998
2024-09-23 04:00:00+00:00,480,481.72000000000003,476.19,476.95999999999998,306418,12020,478.70698499999997
2024-09-24 04:00:00+00:00,474.06,478,473.95999999999998,477.93000000000001,321691,9757,476.91650600000003
2024-09-25 04:00:00+00:00,476.31,476.74000000000001,471.14999999999998,474.11000000000001,282425,9951,473.45278000000002
2024-09-26 04:00:00+00:00,478.57999999999998,481.375,475.02999999999997,478.02999999999997,210539,8571,478.12278099999997
2024-09-27 04:00:00+00:00,472.82999999999998,478.12270000000001,471.44,471.68000000000001,207166,8936,473.74846100000002
2024-09-30 04:00:00+00:00,471.99000000000001,473.57999999999998,465,470.11000000000001,222215,10159,469.48983600000003
2024-10-01 04:00:00+00:00,465.69999999999999,466.31999999999999,454.76999999999998,455.86000000000001,323384,12700,458.156791
2024-10-02 04:00:00+00:00,459.31,459.80000000000001,455.93000000000001,457.16000000000003,287247,11654,457.78640899999999
2024-10-03 04:00:00+00:00,450.63,452.30000000000001,446.30000000000001,450.08999999999997,324006,12281,449.11172299999998
2024-10-04 04:00:00+00:00,448.24000000000001,450.89999999999998,446.79000000000002,449.81,289954,11773,449.00691799999998
2024-10-07 04:00:00+00:00,449.73000000000002,451.30000000000001,446.60000000000002,449.52999999999997,366281,12025,448.98924299999999
2024-10-08 04:00:00+00:00,456.64999999999998,461.06,454.49000000000001,461.06,424262,13123,457.29164200000002
2024-10-09 04:00:00+00:00,456.16000000000003,460.44,456.16000000000003,456.5,254826,8962,457.751936
2024-10-10 04:00:00+00:00,454.63999999999999,455.30000000000001,451.24000000000001,453.26999999999998,214904,7905,453.53882299999998
2024-10-11 04:00:00+00:00,465.68000000000001,469.62,464.31,469.07999999999998,336652,12879,466.93855500000001
2024-10-14 04:00:00+00:00,476.22000000000003,479.38659999999999,475.52999999999997,479.23000000000002,245108,11143,477.80375800000002
2024-10-15 04:00:00+00:00,479.38999999999999,479.5,469.57999999999998,470.76999999999998,269951,11116,473.934573
2024-10-16 04:00:00+00:00,469.24000000000001,472.57999999999998,468.63,471.99000000000001,158394,7784,471.10019899999998
2024-10-17 04:00:00+00:00,480.12,483.00999999999999,477.26999999999998,482.31999999999999,302106,12607,480.72787
2024-10-18 04:00:00+00:00,481.36000000000001,484.47000000000003,479.43000000000001,482.35000000000002,267910,11458,482.18368400000003
2024-10-21 04:00:00+00:00,482.19,482.38999999999999,476.93000000000001,480.18000000000001,155683,7600,479.66501099999999
2024-10-22 04:00:00+00:00,478.80000000000001,480.22000000000003,476.76999999999998,478.50999999999999,232024,8575,478.29338799999999
2024-10-23 04:00:00+00:00,478.69999999999999,483.75999999999999,478.69,482.44,189930,8146,481.86582099999998
2024-10-24 04:00:00+00:00,485,487.43279999999999,480.31999999999999,486.48000000000002,405973,10696,483.94233400000002
2024-10-25 04:00:00+00:00,487.05000000000001,488.40460000000002,483.04000000000002,484.73000000000002,206708,7996,485.93746800000002
2024-10-28 04:00:00+00:00,488.83999999999997,491.30000000000001,488.26999999999998,490.48000000000002,144802,8865,490.06876999999997
2024-10-29 04:00:00+00:00,487.065,489.95499999999998,486.27999999999997,487.94,139527,7187,487.92130800000001
2024-10-30 04:00:00+00:00,478.60000000000002,484.62,477.63,478.83999999999997,264881,11125,481.18373100000002
2024-10-31 04:00:00+00:00,480.94999999999999,480.94999999999999,473.23000000000002,475.88,240688,9571,476.41672999999997
2024-11-01 04:00:00+00:00,482.00999999999999,482.79500000000002,475.37,476.75999999999999,298396,8347,478.65796399999999
2024-11-04 05:00:00+00:00,480.74000000000001,480.74000000000001,474.89999999999998,476.05000000000001,250979,10032,477.116694
2024-11-05 05:00:00+00:00,446.93000000000001,453.14999999999998,439.22000000000003,441,1518371,39284,445.40001000000001
2024-11-06 05:00:00+00:00,436.74000000000001,443.23000000000002,433.89999999999998,443,753724,22127,439.79396600000001
2024-11-07 05:00:00+00:00,446.81999999999999,456.56,446.77999999999997,452.66000000000003,516935,18659,452.16209300000003
2024-11-08 05:00:00+00:00,450.35000000000002,455.69,448.18000000000001,454.45999999999998,429364,14572,452.96293700000001
2024-11-11 05:00:00+00:00,454.75,457.64999999999998,451.76999999999998,452.45999999999998,324699,12243,454.71008999999998
2024-11-12 05:00:00+00:00,444.88,445.24400000000003,436,437.12,419975,15168,438.83838500000002
2024-11-13 05:00:00+00:00,436.33999999999997,441.89999999999998,435.01999999999998,439.88999999999999,277809,11639,438.87630899999999
2024-11-14 05:00:00+00:00,441.79000000000002,442.55000000000001,439.63999999999999,440.38999999999999,204842,7586,441.14165200000002
2024-11-15 05:00:00+00:00,436,436.5,430,430.99000000000001,280182,9460,432.24593099999998
2024-11-18 05:00:00+00:00,428,435.31,427.43000000000001,434.98000000000002,243109,9803,432.94340099999999
2024-11-19 05:00:00+00:00,427.51999999999998,430.49000000000001,425.25,428.48000000000002,313630,12950,428.21822500000002
2024-11-20 05:00:00+00:00,425.93000000000001,427.97989999999999,422.44,427.16000000000003,227767,11252,426.055927
2024-11-21 05:00:00+00:00,427.31999999999999,431.33199999999999,425.20999999999998,429.50999999999999,217456,8820,429.26476200000002
2024-11-22 05:00:00+00:00,433.33999999999997,438.62,433.33999999999997,437.62,231716,11151,435.988944
2024-11-25 05:00:00+00:00,438.07999999999998,440.89749999999998,435,435.24000000000001,340614,13902,437.45105799999999
2024-11-26 05:00:00+00:00,434.13999999999999,434.375,430.12009999999998,431.69999999999999,220701,9284,432.04002400000002
2024-11-27 05:00:00+00:00,433.07999999999998,435.11000000000001,431.14499999999998,431.56999999999999,167219,7775,432.79664500000001
2024-11-29 05:00:00+00:00,430.99000000000001,434.64999999999998,430.36000000000001,434.16000000000003,143701,7478,433.02952800000003
2024-12-02 05:00:00+00:00,435.5,438.44,433.77999999999997,437.39999999999998,223902,10274,436.56833999999998
2024-12-03 05:00:00+00:00,441.11000000000001,444.88159999999999,438.64999999999998,444.50999999999999,312513,12646,442.613495
2024-12-04 05:00:00+00:00,448.14999999999998,448.69999999999999,442.72000000000003,445.73000000000002,306521,13015,445.599559
2024-12-05 05:00:00+00:00,446.38,448.815,444.25,445.51999999999998,356701,13179,446.51847500000002
2024-12-06 05:00:00+00:00,452.36000000000001,458.48000000000002,451.92000000000002,458.44,362588,16598,456.26207599999998
2024-12-09 05:00:00+00:00,455.08999999999997,457.20999999999998,448.06999999999999,448.48000000000002,279346,12021,451.87590599999999
2024-12-10 05:00:00+00:00,449.94999999999999,450.97000000000003,445.70119999999997,448.56,235328,11298,448.57390700000002
2024-12-11 05:00:00+00:00,447.49000000000001,451.11000000000001,446.4615,449.52999999999997,227931,10120,449.22767800000003
2024-12-12 05:00:00+00:00,450.77999999999997,455.68000000000001,450.64999999999998,451.86000000000001,208985,10870,453.17271499999998
2024-12-13 05:00:00+00:00,457.88,457.99000000000001,450.75740000000002,454.18000000000001,201922,10007,454.19192099999998
2024-12-16 05:00:00+00:00,445.44999999999999,445.81999999999999,436.43000000000001,436.95999999999998,325311,14718,439.75726700000001
2024-12-17 05:00:00+00:00,433.91000000000003,435.88999999999999,432.17000000000002,432.36000000000001,380729,14054,433.74693100000002
2024-12-18 05:00:00+00:00,434.52999999999997,436.85000000000002,420.63,422.82999999999998,302323,11964,429.57880899999998
2024-12-19 05:00:00+00:00,428.19999999999999,428.25,421.33999999999997,425.30000000000001,388235,16379,424.31594799999999
2024-12-20 05:00:00+00:00,423.20999999999998,430.27999999999997,421.00999999999999,426.93000000000001,262698,12034,426.72963099999998
2024-12-23 05:00:00+00:00,424.38,431.24000000000001,422.29000000000002,430.14999999999998,225703,10172,426.87497100000002
2024-12-24 05:00:00+00:00,431.07999999999998,434.02999999999997,430.47000000000003,433.98000000000002,82609,4673,432.82740899999999
2024-12-26 05:00:00+00:00,433.16000000000003,435.14499999999998,431.5,431.74000000000001,158525,8292,432.89738799999998
2024-12-27 05:00:00+00:00,429.72000000000003,432.72000000000003,428.30020000000002,432.14999999999998,171221,8836,431.41872799999999
2024-12-30 05:00:00+00:00,428.25,429.30000000000001,424.94499999999999,426.76999999999998,150257,7754,427.31672500000002
2024-12-31 05:00:00+00:00,425,426.66000000000003,422.61000000000001,424.83999999999997,138881,6371,424.65481599999998
2025-01-02 05:00:00+00:00,420.93000000000001,423.16000000000003,416.38,416.42000000000002,283408,12385,419.424397
2025-01-03 05:00:00+00:00,416.50999999999999,419.84500000000003,413.17000000000002,417.42000000000002,243355,11973,417.34348399999999
2025-01-06 05:00:00+00:00,425.25,428.47000000000003,423.62,426.76999999999998,235206,11953,426.00509899999997
2025-01-07 05:00:00+00:00,431.02999999999997,431.61000000000001,426.81999999999999,427.97000000000003,169027,9406,428.82511199999999
2025-01-08 05:00:00+00:00,428.31999999999999,434.49000000000001,427.45999999999998,433.87,238176,10010,431.72092700000002
2025-01-10 05:00:00+00:00,434.38999999999999,434.38999999999999,427.44999999999999,429.29000000000002,215173,10553,430.439345
2025-01-13 05:00:00+00:00,416.39999999999998,418.93000000000001,414.41000000000003,418.37,292699,12901,416.87523700000003
2025-01-14 05:00:00+00:00,424.13,424.48000000000002,420.27999999999997,421.97000000000003,270455,10646,422.47567700000002
2025-01-15 05:00:00+00:00,432.35000000000002,432.78500000000003,429.06999999999999,431.68000000000001,212075,9439,431.04521899999997
2025-01-16 05:00:00+00:00,433.08999999999997,434.565,432.10000000000002,432.94,180828,8388,433.312749
2025-01-17 05:00:00+00:00,437.49000000000001,438.68000000000001,435.38,435.87,167686,7365,436.73973599999999
2025-01-21 05:00:00+00:00,437.82999999999998,440.60000000000002,434.69999999999999,440.23000000000002,274983,12390,438.47005200000001
2025-01-22 05:00:00+00:00,436,436.5,432.10000000000002,432.5,212891,9537,433.79780499999998
2025-01-23 05:00:00+00:00,428.35000000000002,431.34710000000001,425.63999999999999,429.98000000000002,341701,12585,428.17398900000001
2025-01-24 05:00:00+00:00,431.25,433.31999999999999,430,432.37,349112,10883,431.43270799999999
2025-01-27 05:00:00+00:00,426.47000000000003,432.63999999999999,425.85000000000002,432.31999999999999,321278,12909,429.979018
2025-01-28 05:00:00+00:00,431.13,432.73000000000002,426.06,431.08999999999997,295803,11354,429.36440399999998
2025-01-29 05:00:00+00:00,430.02999999999997,432.15499999999997,427.12,428.99000000000001,298824,10335,429.30119999999999
2025-01-30 05:00:00+00:00,430,434.83999999999997,428.08499999999998,431.94999999999999,474019,16161,430.972443
2025-01-31 05:00:00+00:00,431.30000000000001,437.13499999999999,428.33999999999997,428.51999999999998,372385,14114,431.175974
2025-02-03 05:00:00+00:00,422.50999999999999,429.82999999999998,419.95999999999998,428.94,483401,17865,426.90720499999998
2025-02-04 05:00:00+00:00,453.685,470.16000000000003,453.57999999999998,459.30000000000001,933426,30673,461.11496799999998
2025-02-05 05:00:00+00:00,460.41000000000003,465.06999999999999,457.50999999999999,464.19,539356,22098,462.04479400000002
2025-02-06 05:00:00+00:00,461.49000000000001,464.31,459.88999999999999,461.56,396864,13325,461.99960600000003
2025-02-07 05:00:00+00:00,453.38999999999999,454.60000000000002,446.13,446.44,391975,18142,449.90814
2025-02-10 05:00:00+00:00,455.52999999999997,461.19,453.55500000000001,460.80000000000001,387893,12662,458.644632
2025-02-11 05:00:00+00:00,466.56999999999999,477,466,474.95999999999998,596660,19067,473.80403899999999
2025-02-12 05:00:00+00:00,478,483.98000000000002,476.44999999999999,482.55000000000001,368030,15271,480.447721
2025-02-13 05:00:00+00:00,490.42000000000002,496.26999999999998,487.88999999999999,490.44999999999999,419231,14692,492.28002300000003
2025-02-14 05:00:00+00:00,503.86000000000001,507.19729999999998,501.73700000000002,503.83999999999997,379637,14437,504.22923500000002
2025-02-18 05:00:00+00:00,506.37,508.03250000000003,501.69,504.69,273946,12481,504.62876699999998
2025-02-19 05:00:00+00:00,502.33999999999997,502.74000000000001,498.44999999999999,500.83999999999997,169707,9504,500.75483400000002
2025-02-20 05:00:00+00:00,502.39999999999998,508.14999999999998,499.75,508.14999999999998,215100,10403,505.161292
2025-02-21 05:00:00+00:00,507.79000000000002,508.19999999999999,498.57569999999998,503.43000000000001,282928,11648,503.37390099999999
2025-02-24 05:00:00+00:00,504.13999999999999,505.56700000000001,498.69999999999999,499.22000000000003,237763,12259,501.91059899999999
2025-02-25 05:00:00+00:00,508.92000000000002,509.13,499.86500000000001,504.5,283654,10915,504.44299999999998
2025-02-26 05:00:00+00:00,503.19999999999999,508.57799999999997,476.44,480,934676,24306,485.58028999999999
2025-02-27 05:00:00+00:00,465.19999999999999,467.58999999999997,457.89999999999998,460.5,1215862,35621,462.61861499999998
2025-02-28 05:00:00+00:00,465,468.62,457.58999999999997,464.56999999999999,572793,18936,464.21914600000002
2025-03-03 05:00:00+00:00,473.08999999999997,476.18000000000001,459.51010000000002,464.19999999999999,685432,21372,470.39657899999997
2025-03-04 05:00:00+00:00,459.60000000000002,465.54000000000002,453.00999999999999,459.58999999999997,459453,17034,458.89799399999998
2025-03-05 05:00:00+00:00,456.88,459.97000000000003,452.94,459.19999999999999,573790,17192,457.52977099999998
2025-03-06 05:00:00+00:00,446,452.38659999999999,443.85000000000002,446.69999999999999,546874,16066,447.589583
2025-03-07 05:00:00+00:00,443.42000000000002,453.02999999999997,443.42000000000002,449.56,443520,15411,449.07119299999999
2025-03-10 04:00:00+00:00,451.43000000000001,451.43000000000001,433.47000000000003,437.07999999999998,517934,17380,440.18554999999998
2025-03-11 04:00:00+00:00,442.24000000000001,444.64999999999998,433.81,441.25,536592,18369,440.60005200000001
2025-03-12 04:00:00+00:00,445.52999999999997,452.73000000000002,443.26999999999998,450.35000000000002,385602,17386,448.621554
2025-03-13 04:00:00+00:00,443.10000000000002,444.99000000000001,439.50999999999999,440.66000000000003,437720,14731,442.13562000000002
2025-03-14 04:00:00+00:00,448.44999999999999,451.18000000000001,445.75999999999999,449.23000000000002,303192,13216,448.85425900000001
2025-03-17 04:00:00+00:00,449.63999999999999,455.94,449.18000000000001,454.19999999999999,246490,10811,453.62159100000002
2025-03-18 04:00:00+00:00,450.80000000000001,451.88999999999999,445.29000000000002,446.43000000000001,318074,12244,447.418227
2025-03-19 04:00:00+00:00,450.98000000000002,455.63,447.61000000000001,453.27999999999997,254940,10567,452.00669699999997
2025-03-20 04:00:00+00:00,445.81,447.80000000000001,442.88,444.02999999999997,461103,14938,444.75369999999998
2025-03-21 04:00:00+00:00,435.73000000000002,438.41000000000003,433.44999999999999,436.31999999999999,475145,16783,435.92734799999999
2025-03-24 04:00:00+00:00,432,437.21499999999997,430.21499999999997,435.82999999999998,490879,16200,434.33857899999998
2025-03-25 04:00:00+00:00,435.85000000000002,436.48000000000002,431.25999999999999,433.98000000000002,356208,14597,433.145534
2025-03-26 04:00:00+00:00,421.00999999999999,424.60000000000002,409.06999999999999,413.73000000000002,1066040,34518,414.974152
2025-03-27 04:00:00+00:00,406.57999999999998,426.99000000000001,402.89999999999998,426.81999999999999,1514231,41207,418.84825699999999
2025-03-28 04:00:00+00:00,436.88499999999999,438.67000000000002,427.56999999999999,429.70999999999998,1146934,39091,433.00189499999999
2025-03-31 04:00:00+00:00,425.39999999999998,430.12,421.13999999999999,427.88,446013,17153,426.21722
2025-04-01 04:00:00+00:00,433.33999999999997,435.48500000000001,428,430.61000000000001,594773,20586,431.72913699999998
2025-04-02 04:00:00+00:00,433.62,440.79500000000002,432.20999999999998,438.54000000000002,601898,23564,436.93064099999998
2025-04-03 04:00:00+00:00,438,439.85000000000002,429.27999999999997,431.23000000000002,608520,20163,434.19563699999998
2025-04-04 04:00:00+00:00,424.17000000000002,432.05000000000001,414.26499999999999,414.85000000000002,1227830,34215,424.68082900000002
2025-04-07 04:00:00+00:00,398.56,421.98000000000002,391.54000000000002,398.69999999999999,1135072,35165,399.80703399999999
2025-04-08 04:00:00+00:00,408.80000000000001,413.23000000000002,393.35000000000002,397.86000000000001,1005597,29053,403.28706399999999
2025-04-09 04:00:00+00:00,405.29000000000002,434.04000000000002,397.80000000000001,432,1022564,27626,419.26528000000002
2025-04-10 04:00:00+00:00,421.94,427.94,413,423.81,616402,20276,421.89957500000003
2025-04-11 04:00:00+00:00,418.35000000000002,428.86000000000001,415.47000000000003,428.57999999999998,613099,17196,423.21768900000001
2025-04-14 04:00:00+00:00,429.94999999999999,434.75,426.44,429.52999999999997,434543,16534,430.20354800000001
2025-04-15 04:00:00+00:00,433.44,437.74000000000001,431.56999999999999,433.98000000000002,266508,11458,434.34630700000002
2025-04-16 04:00:00+00:00,432.30000000000001,436.93000000000001,429.88,432.75,340801,11324,432.85012699999999
2025-04-17 04:00:00+00:00,439.49000000000001,441.61000000000001,435.56,439.97000000000003,239653,10030,438.97035499999998
2025-04-21 04:00:00+00:00,434.81999999999999,437.26999999999998,430.54000000000002,434.75999999999999,238661,9431,433.834112
2025-04-22 04:00:00+00:00,444.62,449.88,444.17000000000002,447.16000000000003,371645,13927,446.817003
2025-04-23 04:00:00+00:00,445.23000000000002,448.57999999999998,439.75,441.68000000000001,340672,12714,443.61616299999997
2025-04-24 04:00:00+00:00,454,456.99000000000001,452.56999999999999,456.81999999999999,415195,15890,455.32449100000002
2025-04-25 04:00:00+00:00,458.26999999999998,460.98000000000002,456.06,460.80000000000001,250169,12233,458.61513600000001
2025-04-28 04:00:00+00:00,454.88,458.51999999999998,452.45999999999998,458.19999999999999,330490,13881,455.95347099999998
2025-04-29 04:00:00+00:00,458.74000000000001,463.31,457.89999999999998,462.74000000000001,262319,11417,461.59973200000002
2025-04-30 04:00:00+00:00,453.33999999999997,461.92000000000002,449.31999999999999,461.77999999999997,361837,14223,456.97732600000001
2025-05-01 04:00:00+00:00,463.62,464.68000000000001,458.94999999999999,460.12,247428,10310,462.28182299999997
2025-05-02 04:00:00+00:00,463.94999999999999,466.81999999999999,462.18000000000001,462.83999999999997,408431,14987,464.28476699999999
2025-05-05 04:00:00+00:00,467,468.82709999999997,463.60000000000002,466.45999999999998,308092,14519,466.14936699999998
2025-05-06 04:00:00+00:00,470.75,477.29000000000002,468.44999999999999,474.13999999999999,433392,18233,473.15539899999999
2025-05-07 04:00:00+00:00,469.74000000000001,478.41000000000003,469.74000000000001,476.74000000000001,297888,11933,475.46085099999999
2025-05-08 04:00:00+00:00,484.52999999999997,487.27999999999997,480.70999999999998,480.70999999999998,353052,15187,483.75116500000001
2025-05-09 04:00:00+00:00,486.27999999999997,489.00999999999999,485.25,488.27999999999997,269909,12427,487.35325599999999
2025-05-12 04:00:00+00:00,492.50999999999999,493.05000000000001,482.99000000000001,486.75999999999999,351864,14922,487.10235499999999
2025-05-13 04:00:00+00:00,491.08999999999997,492.25999999999999,489.57499999999999,490.88,334336,14730,491.09419300000002
2025-05-14 04:00:00+00:00,495.93000000000001,498.88,493.22859999999997,495.64999999999998,309692,13064,495.39275300000003
2025-05-15 04:00:00+00:00,494.38999999999999,496.53500000000003,491.995,494.79000000000002,236792,10484,494.617728
2025-05-16 04:00:00+00:00,497.79000000000002,499.33499999999998,496.20010000000002,498.74000000000001,184124,9538,498.21198399999997
2025-05-19 04:00:00+00:00,492.73000000000002,497.92000000000002,492.73000000000002,497.63,185677,8866,496.506867
2025-05-20 04:00:00+00:00,497.74000000000001,501.06999999999999,497.74000000000001,499.01999999999998,195960,8726,499.149248
2025-05-21 04:00:00+00:00,499.38999999999999,503.10000000000002,495.82999999999998,496.12,302866,11600,498.88228199999998
2025-05-22 04:00:00+00:00,492.97000000000003,494.06999999999999,490.61000000000001,491.30000000000001,279120,10495,491.91103399999997
2025-05-23 04:00:00+00:00,476.19999999999999,478.55000000000001,474.37,476.22000000000003,487425,19983,476.89575600000001
2025-05-27 04:00:00+00:00,483.56,484.37,478.26499999999999,483.47000000000003,439159,15517,481.39757600000002
2025-05-28 04:00:00+00:00,477.31999999999999,479.49000000000001,474.87,475.39999999999998,291534,12700,476.96532100000002
2025-05-29 04:00:00+00:00,477.14999999999998,479.60000000000002,475.50999999999999,479.01999999999998,231196,10010,477.93246099999999
2025-05-30 04:00:00+00:00,480.54000000000002,481.26999999999998,474.60000000000002,478.75999999999999,321636,12403,478.77674000000002
2025-06-02 04:00:00+00:00,474.92000000000002,480.29000000000002,473.70999999999998,480.07999999999998,356406,11470,477.18165299999998
2025-06-03 04:00:00+00:00,474.38999999999999,477.67000000000002,473.87,475.74000000000001,358156,16588,475.756889
2025-06-04 04:00:00+00:00,478.69,482.09500000000003,477.43000000000001,480.95999999999998,273147,11380,480.12819000000002
2025-06-05 04:00:00+00:00,481.79000000000002,483.41000000000003,479.11000000000001,480.36000000000001,220658,9833,481.36788899999999
2025-06-06 04:00:00+00:00,481.13999999999999,485.13,481.13999999999999,482.61000000000001,217201,10228,483.173205
2025-06-09 04:00:00+00:00,480.06999999999999,481.28800000000001,478.23000000000002,479.12,211554,9602,479.53483
2025-06-10 04:00:00+00:00,488.32999999999998,489.13,483.43000000000001,486.38999999999999,554272,21973,486.21853499999997
2025-06-11 04:00:00+00:00,487.94,489.07999999999998,481.16000000000003,482.38999999999999,374578,13596,484.54021999999998
2025-06-12 04:00:00+00:00,477.91000000000003,480.18000000000001,471.31,472.66000000000003,471122,17919,475.704162
2025-06-13 04:00:00+00:00,464.60000000000002,468.08999999999997,461.10000000000002,463.44,646378,19915,463.98331300000001
2025-06-16 04:00:00+00:00,468.11000000000001,470.56790000000001,464.505,464.81,256376,11507,466.447632
2025-06-17 04:00:00+00:00,464.55000000000001,466.07999999999998,458.97000000000003,460.64999999999998,263613,11739,461.72679799999997
2025-06-18 04:00:00+00:00,461.87,462.89999999999998,458.94499999999999,460.50999999999999,212597,9281,461.16871300000003
2025-06-20 04:00:00+00:00,459.82999999999998,461.10770000000002,457.81,459.05000000000001,177957,11414,459.31236999999999
2025-06-23 04:00:00+00:00,454.13,461.17000000000002,453.22000000000003,461.07999999999998,231134,10719,459.29408999999998
2025-06-24 04:00:00+00:00,462.35000000000002,475.47000000000003,460.67500000000001,472.42000000000002,442600,15613,469.89475599999997
2025-06-25 04:00:00+00:00,478,478.76999999999998,473.25999999999999,475.12,284228,11276,475.20934399999999
2025-06-26 04:00:00+00:00,469.19999999999999,477.72000000000003,466.19999999999999,477.54000000000002,528906,17491,474.30547100000001
2025-06-27 04:00:00+00:00,482,494.97000000000003,481.45999999999998,491.10000000000002,488757,16478,490.234667
2025-06-30 04:00:00+00:00,489.72000000000003,491.13,487.37240000000003,490.74000000000001,339558,10798,489.856495
2025-07-01 04:00:00+00:00,487.52999999999997,490.98000000000002,484.87,489.37,354179,14139,489.06667299999998
2025-07-02 04:00:00+00:00,487.81999999999999,491.60000000000002,484.98000000000002,491.56,288330,14911,489.77731699999998
2025-07-03 04:00:00+00:00,491.19,492.44,489.14999999999998,490.19999999999999,201602,10044,490.76391799999999
2025-07-07 04:00:00+00:00,485.75,488.57999999999998,484.03989999999999,486.31999999999999,262821,10902,486.618966
2025-07-08 04:00:00+00:00,486.14999999999998,491.56,485.97500000000002,489.02999999999997,365476,15226,489.390219
2025-07-09 04:00:00+00:00,489.44,491.12,487.25,491.00999999999999,198441,8861,489.91030699999999
2025-07-10 04:00:00+00:00,495.07999999999998,499.06,493,497.94,316249,14243,496.99467099999998
2025-07-11 04:00:00+00:00,493.61000000000001,494.98000000000002,490.37,490.66000000000003,268265,12047,492.52794999999998
2025-07-14 04:00:00+00:00,487,490.88,486.53500000000003,488.29000000000002,220300,12160,488.35141499999997
2025-07-15 04:00:00+00:00,491.31999999999999,491.85000000000002,485,487.11000000000001,222450,10332,487.013443
2025-07-16 04:00:00+00:00,493.07999999999998,506.14499999999998,492.63499999999999,505.30000000000001,552356,23270,500.97965499999998
2025-07-17 04:00:00+00:00,502.81999999999999,508.25999999999999,500.45249999999999,506.19,475702,24156,505.18919499999998
2025-07-18 04:00:00+00:00,508.25,510.58999999999997,504.13,505.39999999999998,372184,18803,507.50780500000002
2025-07-21 04:00:00+00:00,506,510.38,503.28769999999997,507.33999999999997,196133,11476,507.63906400000002
2025-07-22 04:00:00+00:00,506.94999999999999,507.55000000000001,500,500.81,231303,11772,502.111199
2025-07-23 04:00:00+00:00,511,517.57000000000005,505.92000000000002,517.55999999999995,390481,17884,513.91490599999997
2025-07-24 04:00:00+00:00,514.83000000000004,518.78999999999996,514.83000000000004,516.20000000000005,215318,12446,516.459339
2025-07-25 04:00:00+00:00,513.94000000000005,519.09990000000005,512.34000000000003,517.64999999999998,271772,11788,516.32529999999997
2025-07-28 04:00:00+00:00,515,515,506.61500000000001,507.31,247074,13718,509.84699999999998
2025-07-29 04:00:00+00:00,509.20999999999998,509.81999999999999,505.42000000000002,505.42000000000002,228256,11946,506.84958599999999
2025-07-30 04:00:00+00:00,502.92000000000002,505.54000000000002,496.66109999999998,498.79000000000002,298570,16873,500.65528599999999
2025-07-31 04:00:00+00:00,456.27499999999998,458.66000000000003,431.99000000000001,443.38999999999999,2313927,83000,444.08924200000001
2025-08-01 04:00:00+00:00,429.375,441.61000000000001,428.005,436.24000000000001,1678038,66078,435.35630099999997
2025-08-04 04:00:00+00:00,436.27999999999997,441.93000000000001,435.28680000000003,438.31999999999999,933447,38821,438.48231800000002
2025-08-05 04:00:00+00:00,443.91000000000003,449.99000000000001,441.75999999999999,441.79000000000002,821301,32403,446.29461400000002
2025-08-06 04:00:00+00:00,439.19,443.69999999999999,437.70999999999998,442.92000000000002,469052,19475,441.29833000000002
2025-08-07 04:00:00+00:00,442.66000000000003,449.42000000000002,441.42000000000002,448.68000000000001,634025,25222,445.58775600000001
2025-08-08 04:00:00+00:00,448.76999999999998,449.91000000000003,442.63999999999999,443.83999999999997,480374,21059,445.25210399999997
2025-08-11 04:00:00+00:00,445.12,445.52699999999999,440.75,441.35000000000002,318803,13858,442.398146
2025-08-12 04:00:00+00:00,442.75,447.66000000000003,440,446.16000000000003,353453,19832,444.83895699999999
2025-08-13 04:00:00+00:00,449.44999999999999,452.35000000000002,446.54000000000002,451.20999999999998,468444,20147,450.35363599999999
2025-08-14 04:00:00+00:00,454.60000000000002,465.10000000000002,454.41000000000003,464.43000000000001,777998,28359,462.09413899999998
2025-08-15 04:00:00+00:00,465.75999999999999,466.86000000000001,459.62,460.55000000000001,314123,13987,462.22772300000003
2025-08-18 04:00:00+00:00,461,464.13,459.77999999999997,463.17000000000002,302709,14389,462.58833900000002
2025-08-19 04:00:00+00:00,467.74000000000001,473.43000000000001,466.94999999999999,471.5,381270,17970,470.65878099999998
2025-08-20 04:00:00+00:00,471.30000000000001,472.62,467.60000000000002,468.42000000000002,243606,11323,469.14356700000002
2025-08-21 04:00:00+00:00,466.06999999999999,467.07999999999998,462.07999999999998,467.01999999999998,536885,17443,465.50434000000001
2025-08-22 04:00:00+00:00,469.16000000000003,476.55500000000001,468.39999999999998,471.01999999999998,319858,12799,472.92144200000001
2025-08-25 04:00:00+00:00,470.95999999999998,473.065,467.52999999999997,467.54000000000002,242458,11170,469.72677900000002
2025-08-26 04:00:00+00:00,469.61000000000001,471.25999999999999,466.38,467.94,224466,11682,468.33394099999998
2025-08-27 04:00:00+00:00,471.07999999999998,474.39999999999998,468.92000000000002,469.36000000000001,233171,10122,471.35195900000002
2025-08-28 04:00:00+00:00,479.60000000000002,480.22000000000003,475.93000000000001,478.98000000000002,304394,14801,477.90795600000001
2025-08-29 04:00:00+00:00,477.12,478.27999999999997,475.22000000000003,477.20999999999998,186770,9628,477.00255600000003
2025-09-02 04:00:00+00:00,482.89999999999998,492.23000000000002,482.30000000000001,492.07999999999998,405559,20991,488.08116000000001
2025-09-03 04:00:00+00:00,492,495.69,490.30000000000001,494.81999999999999,320855,15309,493.47412400000002
2025-09-04 04:00:00+00:00,494.95999999999998,498.69999999999999,494.64999999999998,495.19,331488,13967,496.13323000000003
2025-09-05 04:00:00+00:00,493.83999999999997,497.19999999999999,488.63,488.76999999999998,278601,14471,491.53665799999999
2025-09-08 04:00:00+00:00,484,485.77999999999997,478.56999999999999,478.97000000000003,464383,18957,480.93025899999998
2025-09-09 04:00:00+00:00,477.56,480.51999999999998,473.43000000000001,479.62,310159,13764,478.25269600000001
2025-09-10 04:00:00+00:00,478.32999999999998,481.23000000000002,472.66000000000003,473.62,321220,13407,475.67421100000001
2025-09-11 04:00:00+00:00,475.70999999999998,481.38,475.06999999999999,479.36000000000001,209502,9682,479.45653399999998
2025-09-12 04:00:00+00:00,476.56,479.10000000000002,476,478,158821,8183,477.602126
2025-09-15 04:00:00+00:00,478.26999999999998,479.81,475.11000000000001,478.94,241547,11142,477.92716799999999
2025-09-16 04:00:00+00:00,488.57999999999998,488.70999999999998,480.13999999999999,480.32999999999998,301384,15495,482.71513900000002
2025-09-17 04:00:00+00:00,470.32999999999998,473.5,467.47000000000003,470.02999999999997,386209,19175,470.03128600000002
2025-09-18 04:00:00+00:00,476.17000000000002,485.08999999999997,475.60000000000002,483.76999999999998,365515,15262,481.56200100000001
2025-09-19 04:00:00+00:00,482.23000000000002,482.44999999999999,475.00999999999999,479.58999999999997,456656,17842,478.88405999999998
2025-09-22 04:00:00+00:00,474.30000000000001,479.44999999999999,473.69999999999999,477.74000000000001,327274,14389,477.75537200000002
2025-09-23 04:00:00+00:00,487.49000000000001,491.00999999999999,484.87,486.5,426269,17035,488.32353999999998
2025-09-24 04:00:00+00:00,479.52999999999997,481.52499999999998,477.94,480.60000000000002,324886,12321,479.408952
2025-09-25 04:00:00+00:00,474.69999999999999,476.13990000000001,468.827,473.17000000000002,353652,15521,473.12440299999997
2025-09-26 04:00:00+00:00,474.10000000000002,476.06999999999999,472.22000000000003,475.36000000000001,183755,11499,474.47850099999999
2025-09-29 04:00:00+00:00,481.63,483.11000000000001,480.11000000000001,482.04000000000002,249115,10557,481.66091399999999
2025-09-30 04:00:00+00:00,482.10000000000002,485.51999999999998,480.80500000000001,485.22000000000003,229934,12851,483.507001
2025-10-01 04:00:00+00:00,482.76999999999998,490.99000000000001,481.75,490.24000000000001,375109,16840,487.00701600000002
2025-10-02 04:00:00+00:00,501.91000000000003,504.49000000000001,496.41000000000003,504.08999999999997,482660,17098,500.74521800000002
2025-10-03 04:00:00+00:00,499.44,503.77999999999997,497.69,501.14999999999998,479438,21632,500.78653600000001
2025-10-06 04:00:00+00:00,501.39999999999998,501.39999999999998,490.47000000000003,491.52999999999997,441002,18163,493.91598499999998
2025-10-07 04:00:00+00:00,493.42000000000002,495,488.98500000000001,490.86000000000001,407814,18822,491.73051600000002
2025-10-08 04:00:00+00:00,488.17000000000002,490.54000000000002,477.00999999999999,479.20999999999998,488344,16206,482.83526499999999
2025-10-09 04:00:00+00:00,419.18000000000001,422.89999999999998,402.86000000000001,407.38,4872852,157580,412.249706
2025-10-10 04:00:00+00:00,412.24000000000001,412.98000000000002,393.38010000000003,395.72000000000003,2619622,89558,401.40373799999998
2025-10-13 04:00:00+00:00,386.70999999999998,387.13999999999999,377.63999999999999,378.72000000000003,2624334,84029,381.47388999999998
2025-10-14 04:00:00+00:00,375.81,386.61000000000001,372.31,382.19,1839359,55441,378.94385999999997
2025-10-15 04:00:00+00:00,381.125,391.75999999999999,379.69,389.56,1534690,50348,386.89959499999998
2025-10-16 04:00:00+00:00,393.26999999999998,400.27999999999997,390.77999999999997,392.45999999999998,1365118,47618,395.57794100000001
2025-10-17 04:00:00+00:00,393,400.85000000000002,391.55000000000001,399.07999999999998,1154826,45603,397.33957199999998
2025-10-20 04:00:00+00:00,395.69499999999999,399.05000000000001,393.83999999999997,398.31,642369,25600,397.38095099999998
2025-10-21 04:00:00+00:00,398.44999999999999,401.22000000000003,395.67250000000001,400.45999999999998,739731,24925,399.45551799999998
2025-10-22 04:00:00+00:00,399.12,399.49000000000001,392.17000000000002,394.06,949040,29673,395.85497099999998
2025-10-23 04:00:00+00:00,398.88999999999999,404.87,397.32999999999998,402.85000000000002,649375,23735,402.11228499999999
2025-10-24 04:00:00+00:00,408.97000000000003,411.39109999999999,407.55000000000001,408.31,710314,26689,409.27362599999998
2025-10-27 04:00:00+00:00,408.16000000000003,409.94,407.08999999999997,407.45999999999998,445823,24885,408.530258
2025-10-28 04:00:00+00:00,405.69,405.69,399.55500000000001,402.26999999999998,686261,25733,402.363968
2025-10-29 04:00:00+00:00,398.06999999999999,398.68000000000001,389.15339999999998,391.44,1046908,33249,393.11931199999998
2025-10-30 04:00:00+00:00,388,396.74000000000001,387.32999999999998,396,605851,25784,393.93632700000001
2025-10-31 04:00:00+00:00,400,404.94999999999999,397.44999999999999,403.94999999999999,1015797,27508,401.25446399999998
2025-11-03 05:00:00+00:00,396.13999999999999,397.13999999999999,390.32999999999998,392.02999999999997,943475,33920,392.56658199999998
2025-11-04 05:00:00+00:00,395.68000000000001,406.952,395.19,399.38999999999999,1571837,61871,402.00091099999997
2025-11-05 05:00:00+00:00,403.95999999999998,409.05000000000001,403.95999999999998,406.67000000000002,741848,33942,406.42993300000001
2025-11-06 05:00:00+00:00,407.67000000000002,409.30000000000001,402.50999999999999,405.62,828242,33385,405.94412499999999
2025-11-07 05:00:00+00:00,407,413.39499999999998,406.30000000000001,413.25999999999999,627142,28178,409.53494499999999
2025-11-10 05:00:00+00:00,411.42000000000002,414.75,411.08499999999998,411.39999999999998,541977,26953,412.49013000000002
2025-11-11 05:00:00+00:00,417.81,423.44,417.77999999999997,422.45999999999998,868861,38818,421.60750999999999
2025-11-12 05:00:00+00:00,430,432.36000000000001,418.43000000000001,419.51999999999998,977767,36864,425.33785399999999
2025-11-13 05:00:00+00:00,420,425.19,417.37,417.81,636714,27376,420.63138400000003
2025-11-14 05:00:00+00:00,414.92000000000002,419.52999999999997,413.83999999999997,417.16000000000003,571725,24050,416.881191
2025-11-17 05:00:00+00:00,408.56999999999999,412.23000000000002,404.33999999999997,405.38,751267,29525,408.03860500000002
2025-11-18 05:00:00+00:00,399.12,399.73000000000002,394.39999999999998,397.82999999999998,585751,24186,397.02223300000003
2025-11-19 05:00:00+00:00,394.75,394.75,389.36000000000001,389.82999999999998,504222,21816,391.31164799999999
2025-11-20 05:00:00+00:00,393.98000000000002,393.98000000000002,383.01999999999998,383.14999999999998,575042,22291,387.27349600000002
2025-11-21 05:00:00+00:00,390.52999999999997,390.75,387.26999999999998,389.19,786555,32305,389.229918
2025-11-24 05:00:00+00:00,390.44999999999999,391.06,381.06999999999999,381.57999999999998,1090833,39279,385.49649399999998
2025-11-25 05:00:00+00:00,381.82999999999998,388.89999999999998,381.245,385.13999999999999,653784,24448,385.12787900000001
2025-11-26 05:00:00+00:00,384.18000000000001,387,381.88999999999999,382.80000000000001,538985,22395,383.79925500000002
2025-11-28 05:00:00+00:00,388.57999999999998,392.81,388.08999999999997,391.89999999999998,349570,16700,391.202898
2025-12-01 05:00:00+00:00,387.94999999999999,390.61500000000001,386.67000000000002,386.93000000000001,405564,16581,388.55165699999998
2025-12-02 05:00:00+00:00,385.61000000000001,387.89139999999998,384.34010000000001,386.56,454231,16558,386.027356
2025-12-03 05:00:00+00:00,388.01999999999998,396.81,387.91000000000003,393.83999999999997,564009,21209,393.89905900000002
2025-12-04 05:00:00+00:00,399.95999999999998,399.95999999999998,392.68000000000001,393.23000000000002,355274,17312,395.07595400000002
2025-12-05 05:00:00+00:00,394.51999999999998,399.05000000000001,392.16500000000002,393.20999999999998,469201,19084,394.60492499999998
2025-12-08 05:00:00+00:00,385.82999999999998,386.49000000000001,380.44,382.98000000000002,776827,28098,382.75492200000002
2025-12-09 05:00:00+00:00,381.38999999999999,383.22000000000003,375,375.35000000000002,738185,27587,377.80973899999998
2025-12-10 05:00:00+00:00,363.5,365.33999999999997,356.93000000000001,364.04000000000002,1514190,50286,360.76165300000002
2025-12-11 05:00:00+00:00,370.36000000000001,371.99000000000001,366,367.95999999999998,785568,32815,368.43588499999998
2025-12-12 05:00:00+00:00,366.57999999999998,369.17000000000002,365.85000000000002,367.13,908167,29952,367.12287099999998
2025-12-15 05:00:00+00:00,369.74000000000001,371.08999999999997,366.68000000000001,368.60000000000002,684885,30802,368.612594
2025-12-16 05:00:00+00:00,366.58999999999997,371.71300000000002,365.94,370.42000000000002,655946,32139,369.45164299999999
2025-12-17 05:00:00+00:00,365.87,368.53750000000002,363.91000000000003,365.50999999999999,648656,27411,366.02457399999997
2025-12-18 05:00:00+00:00,368.38999999999999,373.17000000000002,367.26999999999998,372.64999999999998,812983,27501,370.91027200000002
2025-12-19 05:00:00+00:00,379.43000000000001,380.91000000000003,377,378.29000000000002,561394,22635,378.92993100000001
2025-12-22 05:00:00+00:00,377.69999999999999,379.63999999999999,375.125,375.25,529102,20007,376.85848499999997
2025-12-23 05:00:00+00:00,376.95999999999998,379.70999999999998,375.30000000000001,375.91000000000003,441721,18567,376.860726
2025-12-24 05:00:00+00:00,375.06,377.94990000000001,375.05000000000001,376.33999999999997,122987,6352,376.48910599999999
2025-12-26 05:00:00+00:00,376.63999999999999,378.61790000000002,376,378.13,173300,9187,377.579071
2025-12-29 05:00:00+00:00,377.12,377.58999999999997,373.80000000000001,375.75,418618,22536,375.57542799999999
2025-12-30 05:00:00+00:00,375.68000000000001,376.49990000000003,371.67939999999999,372.48000000000002,348371,14422,373.54166800000002
2025-12-31 05:00:00+00:00,371.60000000000002,372.03500000000003,369.29000000000002,369.56,237836,13291,370.27463499999999
2026-01-02 05:00:00+00:00,371.06,372.80000000000001,369.245,371.88999999999999,477208,19151,371.34293000000002
2026-01-05 05:00:00+00:00,369.70999999999998,380.05500000000001,368.54000000000002,379.26999999999998,644565,26959,375.62774899999999
2026-01-06 05:00:00+00:00,377.76999999999998,377.80000000000001,371.36200000000002,371.95999999999998,485060,23863,373.44878499999999
2026-01-07 05:00:00+00:00,371.05000000000001,372.30000000000001,366.62,366.81,671982,25806,368.95032300000003
2026-01-08 05:00:00+00:00,363.95999999999998,376.60000000000002,363.95999999999998,370.85000000000002,873295,30050,370.98658399999999
2026-01-09 05:00:00+00:00,379.88,380.42000000000002,374.74000000000001,376.19,670099,24476,377.75081499999999
2026-01-12 05:00:00+00:00,375.24000000000001,378.81,373.85000000000002,377.19999999999999,448980,20117,376.59724799999998
2026-01-13 05:00:00+00:00,372.72000000000003,373.36000000000001,358.17000000000002,360.08999999999997,1070074,46009,362.32985600000001
2026-01-14 05:00:00+00:00,360.92000000000002,363.72500000000002,350.66000000000003,353.38999999999999,1334555,45919,355.58637800000002
2026-01-15 05:00:00+00:00,356.04000000000002,356.51999999999998,353.37,354.56999999999999,506392,21182,355.021119
2026-01-16 05:00:00+00:00,350.39999999999998,351.89999999999998,344.89499999999998,345.23000000000002,1060280,35517,347.19829600000003
2026-01-20 05:00:00+00:00,340,342.38499999999999,335.64999999999998,336.77999999999997,1434406,41885,339.23500200000001
2026-01-21 05:00:00+00:00,338.00999999999999,342.38,333.33999999999997,341.68000000000001,1485301,42745,338.15753000000001
2026-01-22 05:00:00+00:00,340.00999999999999,341.44999999999999,336.91000000000003,337.55000000000001,729834,28128,339.140154
2026-01-23 05:00:00+00:00,335.35000000000002,338.57999999999998,333.66000000000003,338.52999999999997,870669,23739,335.905959
2026-01-26 05:00:00+00:00,340.87,342,337.29000000000002,340.44999999999999,642422,30562,339.41060099999999
2026-01-27 05:00:00+00:00,338.05500000000001,338.76999999999998,334.86500000000001,337.39999999999998,451035,18379,337.01041300000003
2026-01-28 05:00:00+00:00,334.69999999999999,338.43990000000002,332.63999999999999,333.45999999999998,497591,22929,334.860794
2026-01-29 05:00:00+00:00,335.04000000000002,339.86000000000001,335,338.44999999999999,488075,22611,337.55148300000002
2026-01-30 05:00:00+00:00,333.91000000000003,335.31,331.00999999999999,333.17000000000002,531450,19141,333.11829599999999
2026-02-02 05:00:00+00:00,335.75,338.39999999999998,334.45999999999998,336.32999999999998,470253,22876,336.61435599999999
2026-02-03 05:00:00+00:00,333.94999999999999,335.85000000000002,328,330.31999999999999,587235,25112,331.49399799999998
2026-02-04 05:00:00+00:00,342.62,345.67660000000001,337.7901,339.32999999999998,689754,29369,341.029427
2026-02-05 05:00:00+00:00,335.85000000000002,337.87,331.94999999999999,334.75999999999999,452220,20646,335.09684800000002
2026-02-06 05:00:00+00:00,332.06999999999999,334.66000000000003,331.05000000000001,333.79000000000002,732286,24231,333.44721299999998
2026-02-09 05:00:00+00:00,333.94999999999999,338.22500000000002,333.45999999999998,336.13,647342,27888,336.02224999999999
2026-02-10 05:00:00+00:00,362.25999999999999,371.67000000000002,357.68000000000001,363.22000000000003,2403352,79823,365.54442399999999
2026-02-11 05:00:00+00:00,381.12,385.44,377.20499999999998,382.95999999999998,3086328,91392,381.782242
2026-02-12 05:00:00+00:00,390,393.5,385.57100000000003,391.20999999999998,1332870,56379,390.25290999999999
2026-02-13 05:00:00+00:00,385.36000000000001,385.74000000000001,377.66000000000003,379.07999999999998,1046947,38016,381.53589299999999
2026-02-17 05:00:00+00:00,377.13999999999999,378,372.58999999999997,374.99000000000001,576152,22483,375.44023800000002
2026-02-18 05:00:00+00:00,365.44999999999999,370.29000000000002,364.47000000000003,366.43000000000001,553570,26595,367.15824800000001
2026-02-19 05:00:00+00:00,359.75,368.80000000000001,359.75,366.5,804826,30993,365.54799400000002
2026-02-20 05:00:00+00:00,360.5,368.25999999999999,360.5,366.94999999999999,607347,25330,365.53528499999999
2026-02-23 05:00:00+00:00,361.45999999999998,362.85000000000002,356.80000000000001,358.42000000000002,499236,22319,358.99078700000001
2026-02-24 05:00:00+00:00,370,378.23000000000002,369.91000000000003,373.92000000000002,759859,28775,373.89333199999999
2026-02-25 05:00:00+00:00,381.17000000000002,381.755,372.60000000000002,373.33999999999997,632426,36009,375.90242999999998
2026-02-26 05:00:00+00:00,378.12,380.15499999999997,374.51999999999998,376.19,533229,23700,376.85924199999999
2026-02-27 05:00:00+00:00,374.81,380.55000000000001,374.42000000000002,379.92000000000002,574875,31105,378.69297399999999
2026-03-02 05:00:00+00:00,362.91000000000003,368.23500000000001,360.08999999999997,362.75,874282,40655,362.92299400000002
2026-03-03 05:00:00+00:00,349.79500000000002,361.23000000000002,347.76999999999998,361.13,742608,33053,355.39800500000001
2026-03-04 05:00:00+00:00,362.67000000000002,366.25999999999999,362.18000000000001,365.08999999999997,374919,16790,364.53946100000002
2026-03-05 05:00:00+00:00,361.32999999999998,363.98989999999998,353.19999999999999,358.02999999999997,577238,20981,357.12982299999999
2026-03-06 05:00:00+00:00,347.10000000000002,351.84500000000003,347.06999999999999,350.07999999999998,478856,21645,349.80099000000001
2026-03-09 04:00:00+00:00,340.25999999999999,347.80000000000001,336.89999999999998,346.57999999999998,764287,38227,342.27537100000001
2026-03-10 04:00:00+00:00,348.45999999999998,353.58999999999997,345.34010000000001,346.56,519869,20119,348.49522899999999
2026-03-11 04:00:00+00:00,348.29000000000002,351.45999999999998,340,340.61000000000001,386904,17516,344.20676300000002
2026-03-12 04:00:00+00:00,337.04000000000002,340.12,334.22000000000003,334.55000000000001,547539,21560,336.51554099999998
2026-03-13 04:00:00+00:00,333.16000000000003,336.01499999999999,330.79000000000002,331.86000000000001,880127,29900,333.17055399999998
2026-03-16 04:00:00+00:00,330.50999999999999,334.47000000000003,329.33499999999998,334.36000000000001,662870,26309,332.40162900000001
2026-03-17 04:00:00+00:00,337.98000000000002,340.91000000000003,336.14999999999998,336.48000000000002,555040,20476,337.87605600000001
2026-03-18 04:00:00+00:00,332.43000000000001,336.19999999999999,330.47000000000003,330.47000000000003,567743,21142,333.36559699999998
2026-03-19 04:00:00+00:00,323.16000000000003,323.74000000000001,314.16000000000003,321.00999999999999,1141134,40093,319.64748500000002
2026-03-20 04:00:00+00:00,317.56,318.57990000000001,312.50999999999999,314.63,942172,37919,316.06069400000001
2026-03-23 04:00:00+00:00,328.61000000000001,334.38,326.495,329.16000000000003,853356,28675,329.77963299999999
2026-03-24 04:00:00+00:00,323.00999999999999,327.89999999999998,320.92000000000002,322.01999999999998,515620,26947,323.84050400000001
2026-03-25 04:00:00+00:00,323.94999999999999,325.42000000000002,317.5,322.17000000000002,530478,20067,321.162465
2026-03-26 04:00:00+00:00,321,327.77999999999997,320.56,323.57999999999998,630522,22944,323.43888900000002
2026-03-27 04:00:00+00:00,324.37,325.13,316.47000000000003,317.39999999999998,511542,18890,319.872095
2026-03-30 04:00:00+00:00,330.22000000000003,333.42989999999998,326.75,327.19999999999999,764454,29008,329.80551600000001
2026-03-31 04:00:00+00:00,328.06999999999999,342.55000000000001,327.51999999999998,338.44999999999999,1430386,37866,336.27481499999999
2026-04-01 04:00:00+00:00,345.89999999999998,346.07999999999998,340.61000000000001,342.43000000000001,1024427,33410,343.28540400000003
2026-04-02 04:00:00+00:00,337.77999999999997,342.596,335.64999999999998,340,587087,20827,339.75367499999999
2026-04-06 04:00:00+00:00,338.69,341.98750000000001,337.81999999999999,338.27999999999997,324094,15992,339.12173100000001
2026-04-07 04:00:00+00:00,336.83999999999997,337.36000000000001,330.42000000000002,334.56999999999999,628261,24747,333.12244700000002
2026-04-08 04:00:00+00:00,361.95999999999998,362.25,351.16500000000002,351.30000000000001,863111,34573,354.35260199999999
2026-04-09 04:00:00+00:00,347.48000000000002,354.74000000000001,346.14999999999998,352.22000000000003,565569,15566,350.84898500000003
2026-04-10 04:00:00+00:00,356.17000000000002,357.39999999999998,350.86000000000001,351.88999999999999,575683,17629,352.85750899999999
2026-04-13 04:00:00+00:00,346.60000000000002,355.66000000000003,345.82619999999997,355.13999999999999,446088,17594,352.58511700000003
2026-04-14 04:00:00+00:00,357.74000000000001,360.38,357.29000000000002,358.13,460419,20207,358.90983
2026-04-15 04:00:00+00:00,357,358.19,354.45999999999998,357.06,405823,18597,356.643282
2026-04-16 04:00:00+00:00,362.42000000000002,363.08999999999997,355.74000000000001,356.51999999999998,502531,38995,358.08194300000002
2026-04-17 04:00:00+00:00,376.10000000000002,379.64999999999998,372.39999999999998,372.85000000000002,867719,46099,376.277264
2026-04-20 04:00:00+00:00,369.39999999999998,372.85000000000002,368.14999999999998,372.83999999999997,565622,19672,370.98299600000001
2026-04-21 04:00:00+00:00,367.48000000000002,368.89999999999998,358.14999999999998,358.5,496429,24710,362.454611
2026-04-22 04:00:00+00:00,360.70999999999998,364,358.44,358.57999999999998,500277,18732,360.74525899999998
2026-04-23 04:00:00+00:00,357,359.72000000000003,351.58999999999997,354.19,439252,23352,356.15434399999998
2026-04-24 04:00:00+00:00,352.14999999999998,353.22000000000003,350,351.94999999999999,333840,13979,351.87623200000002
2026-04-27 04:00:00+00:00,350,351.94999999999999,346.33999999999997,347.81,432546,17125,348.23042299999997
2026-04-28 04:00:00+00:00,343.87,345.02999999999997,339.92899999999997,342.70999999999998,452492,18988,341.78133400000002
2026-04-29 04:00:00+00:00,339.22000000000003,339.63,337.01999999999998,337.54000000000002,305008,15673,338.09806800000001
2026-04-30 04:00:00+00:00,340.83999999999997,347.41000000000003,339.25999999999999,347.30000000000001,557249,21312,344.70251100000002
2026-05-01 04:00:00+00:00,346.89999999999998,349.68000000000001,339.44999999999999,341.25999999999999,602088,22751,343.37175999999999
2026-05-04 04:00:00+00:00,338.44999999999999,343.41000000000003,337.31,338.91000000000003,841264,33742,339.82386100000002
2026-05-05 04:00:00+00:00,333.5,333.79000000000002,322.60500000000002,325.44,1160622,46930,327.58212700000001
2026-05-06 04:00:00+00:00,337,338.60000000000002,332.66000000000003,336.25,674014,35622,335.714789
2026-05-07 04:00:00+00:00,339.00999999999999,342.87,335.80000000000001,337.45999999999998,697265,29047,339.006799
2026-05-08 04:00:00+00:00,342.97000000000003,343.76999999999998,338.14999999999998,339.69,699854,32444,340.140288
2026-05-11 04:00:00+00:00,333.61000000000001,333.66000000000003,327.86000000000001,329.25999999999999,557743,31430,330.27549299999998
2026-05-12 04:00:00+00:00,328.02999999999997,330.27969999999999,326.51999999999998,329.25999999999999,424791,21741,328.54599200000001
2026-05-13 04:00:00+00:00,324.76999999999998,334.12,324.08999999999997,333.08999999999997,645341,24027,330.89326199999999
2026-05-14 04:00:00+00:00,334.41500000000002,336.54000000000002,331.45999999999998,332.20999999999998,332616,15472,333.63488999999998
2026-05-15 04:00:00+00:00,325.42000000000002,328.63,321.07999999999998,321.19999999999999,666573,29011,323.75079599999998
2026-05-18 04:00:00+00:00,321.37,325.26999999999998,319.72000000000003,324.76999999999998,499176,19847,323.02501999999998
2026-05-19 04:00:00+00:00,330.30000000000001,336.12,329,329.66000000000003,478863,21156,331.989081
2026-05-20 04:00:00+00:00,329.13,342.16000000000003,328.63,341.81,719874,30078,337.14022599999998
2026-05-21 04:00:00+00:00,344.54000000000002,352.13,341.97000000000003,349.38999999999999,556816,26900,347.29611199999999
2026-05-22 04:00:00+00:00,351.06999999999999,353.27999999999997,346.73000000000002,348.24000000000001,688941,31665,349.32668899999999
2026-05-26 04:00:00+00:00,333.29000000000002,334.13,327.38,329.91000000000003,2139976,74692,331.04062699999997
2026-05-27 04:00:00+00:00,328.55000000000001,333.31,327.19999999999999,333.22000000000003,1364760,47013,330.972734
2026-05-28 04:00:00+00:00,335,349.79000000000002,335,346.35000000000002,1417301,49190,344.36515200000002
2026-05-29 04:00:00+00:00,348.26999999999998,350.76999999999998,340.23000000000002,340.23000000000002,741884,29499,343.50275199999999
2026-06-01 04:00:00+00:00,345.68000000000001,350.95999999999998,343.93000000000001,349.24000000000001,678389,26664,348.31775099999999
2026-06-02 04:00:00+00:00,355.98000000000002,358.38999999999999,350.83999999999997,353.81,573902,22276,353.93272100000002
2026-06-03 04:00:00+00:00,348.30000000000001,350.32999999999998,344.33999999999997,344.39999999999998,464524,19315,345.929914
2026-06-04 04:00:00+00:00,352.26999999999998,354.70999999999998,347.23309999999998,349.92000000000002,407150,16421,349.85454499999997
2026-06-05 04:00:00+00:00,348.57999999999998,350.73000000000002,345.26999999999998,346.99000000000001,459333,20364,347.430521
2026-06-08 04:00:00+00:00,350.09500000000003,355.26999999999998,347.57999999999998,351.56999999999999,689859,20171,352.26179200000001
2026-06-09 04:00:00+00:00,355.49000000000001,363.09500000000003,352.76999999999998,357.51999999999998,618068,21266,358.35270100000002
2026-06-10 04:00:00+00:00,353.58999999999997,355.49000000000001,346.56,346.56,439917,16868,350.45943799999998
2026-06-11 04:00:00+00:00,354.80000000000001,367.12,354.56999999999999,365.62,690646,25391,361.43222100000003
2026-06-12 04:00:00+00:00,360.44999999999999,360.88,352.99000000000001,354.91000000000003,363236,18117,355.39917300000002
2026-06-15 04:00:00+00:00,372,375.625,368.88999999999999,369.06,701005,26505,372.06450599999999
2026-06-16 04:00:00+00:00,369,372.42000000000002,365.42000000000002,366.13,423581,17498,368.57800500000002
2026-06-17 04:00:00+00:00,358.42000000000002,361.6925,353.07999999999998,354.27999999999997,548234,23281,357.99949900000001
2026-06-18 04:00:00+00:00,357.07999999999998,363.08999999999997,356.83999999999997,362.13,476792,19641,360.96949899999998
2026-06-22 04:00:00+00:00,348.39999999999998,352.71499999999997,346.87,348.42000000000002,534203,23328,349.57914399999999
2026-06-23 04:00:00+00:00,347.11000000000001,347.41000000000003,343.38,344.87,472912,20296,345.39922000000001
2026-06-24 04:00:00+00:00,349.62,351.80990000000003,345.83999999999997,348.75,395855,17002,348.88471900000002
2026-06-25 04:00:00+00:00,348.92000000000002,357.01999999999998,348.68000000000001,352.19999999999999,859401,19100,353.48591399999998
2026-06-26 04:00:00+00:00,353.44999999999999,368.99000000000001,352.85000000000002,368.33999999999997,519974,19902,366.07425799999999
2026-06-29 04:00:00+00:00,370.13499999999999,373.25999999999999,367.57999999999998,368.33999999999997,1049861,22363,369.67913800000002
2026-06-30 04:00:00+00:00,366.55000000000001,373.48000000000002,364.08999999999997,372.29000000000002,595174,23074,369.97036100000003
2026-07-01 04:00:00+00:00,374.43000000000001,378.80000000000001,370.00999999999999,374.66000000000003,693367,22465,375.64676600000001
2026-07-02 04:00:00+00:00,380,385.49000000000001,376.97000000000003,384.97000000000003,624599,25863,382.00472300000001
2026-07-06 04:00:00+00:00,386.73000000000002,392.25,382.88,391.86000000000001,663068,30973,388.27943299999998
2026-07-07 04:00:00+00:00,398.17000000000002,398.41000000000003,386.91500000000002,386.99000000000001,366606,18043,389.58467300000001
2026-07-08 04:00:00+00:00,378.66000000000003,379.54000000000002,372.77999999999997,375.02999999999997,403583,19640,375.43578000000002
2026-07-09 04:00:00+00:00,372.01999999999998,376.74000000000001,371.5,374.67000000000002,288214,13241,374.76682499999998
2026-07-10 04:00:00+00:00,379.30000000000001,380.33999999999997,376.01999999999998,376.63999999999999,250520,10959,378.02694100000002
2026-07-13 04:00:00+00:00,376.02999999999997,380.04989999999998,372.27999999999997,372.98000000000002,305141,14465,374.96253899999999
2026-07-14 04:00:00+00:00,370.75999999999999,373.63,369.08999999999997,369.16000000000003,281589,13675,371.23588699999999
2026-07-15 04:00:00+00:00,372.5,377.93000000000001,371.95999999999998,375.74000000000001,313585,15184,375.58132699999999
2026-07-16 04:00:00+00:00,377.92000000000002,382.95999999999998,376.88,382.57999999999998,364589,14740,381.28152699999998
2026-07-17 04:00:00+00:00,379.06,379.57999999999998,375.625,376.82999999999998,343509,15675,377.18607600000001
2026-07-20 04:00:00+00:00,375.64999999999998,375.75,370.96499999999997,371.51999999999998,323298,14653,372.60864900000001
2026-07-21 04:00:00+00:00,370.67000000000002,371.58999999999997,367.20999999999998,369.97000000000003,211932,10477,370.24176699999998
2026-07-22 04:00:00+00:00,374.06,374.95999999999998,371.61000000000001,371.61000000000001,219350,11875,372.77126800000002
2026-07-23 04:00:00+00:00,364.27999999999997,364.66000000000003,357.67000000000002,359.44,367756,16340,360.28315199999997
2026-07-24 04:00:00+00:00,357.56,363.00999999999999,356.31999999999999,360.13999999999999,277831,14028,359.79996899999998
2026-07-27 04:00:00+00:00,372.00999999999999,380.70999999999998,372.00999999999999,380.00999999999999,707288,27543,377.71461299999999
2026-07-28 04:00:00+00:00,384.64999999999998,391.19499999999999,382.44999999999999,390.13999999999999,643024,26332,387.937815
2026-07-29 04:00:00+00:00,387.29000000000002,391,382,385.69,840449,32956,386.75757599999997
2026-07-30 04:00:00+00:00,390,403,381.435,397.73000000000002,1166109,44179,395.51313399999998
2026-07-31 04:00:00+00:00,397.30000000000001,398.20999999999998,388.39999999999998,393.87,818873,28614,393.07822900000002
2026-08-03 04:00:00+00:00,404.72000000000003,408.91000000000003,396.41000000000003,401.27999999999997,693325,27738,400.45626900000002
2026-08-04 04:00:00+00:00,400,405.93000000000001,399.19999999999999,402.79000000000002,465272,22017,402.33131600000002
2026-08-05 04:00:00+00:00,406.69999999999999,408.17000000000002,405.36000000000001,406.80000000000001,474848,22886,406.68081699999999
2026-08-06 04:00:00+00:00,411.79000000000002,414.51999999999998,405.30000000000001,407.27999999999997,724269,32987,409.05559499999998
2026-08-07 04:00:00+00:00,410.75,413.29000000000002,409.63999999999999,412.25999999999999,621472,21453,411.68922700000002
2026-08-10 04:00:00+00:00,408.17000000000002,408.30000000000001,404.50999999999999,406.76999999999998,410929,19348,406.78095999999999
2026-08-11 04:00:00+00:00,410.13,412.71980000000002,407.80000000000001,410.25999999999999,258035,11621,410.22656999999998
2026-08-12 04:00:00+00:00,408.93000000000001,410.25999999999999,404.62,407.20999999999998,377715,18797,406.70257400000003
2026-08-13 04:00:00+00:00,410.005,413.39999999999998,408.92000000000002,412.29000000000002,341368,16960,410.87762800000002
2026-08-14 04:00:00+00:00,416.31,417.77999999999997,412.43000000000001,414.85000000000002,291607,14159,414.45459699999998
2026-08-17 04:00:00+00:00,416.55000000000001,420.36000000000001,416.20999999999998,417.10000000000002,475607,18948,417.737683
2026-08-18 04:00:00+00:00,414.38999999999999,415.94,412.43000000000001,412.44,220878,9981,414.23215699999997
2026-08-19 04:00:00+00:00,413.43000000000001,425.25,413.43000000000001,425.18000000000001,355146,15438,422.818578
2026-08-20 04:00:00+00:00,423,428.47000000000003,422.55000000000001,428.37,587336,21033,426.53257400000001
2026-08-21 04:00:00+00:00,433.5,437.14999999999998,432.125,436.54000000000002,444810,18218,434.85958900000003
2026-08-24 04:00:00+00:00,429.75999999999999,430.08999999999997,422.05000000000001,424.44,503051,21389,425.393708
2026-08-25 04:00:00+00:00,419.69999999999999,424.22000000000003,419.50999999999999,421.85000000000002,269576,14618,422.5025
2026-08-26 04:00:00+00:00,419.26999999999998,419.26999999999998,412.48000000000002,412.82999999999998,489497,20611,414.65579600000001
2026-08-27 04:00:00+00:00,411.31,416.38999999999999,411.31,414.04000000000002,301329,14417,414.34669600000001
2026-08-28 04:00:00+00:00,422.75999999999999,425.73000000000002,418.64999999999998,420.54000000000002,319546,12920,420.90624000000003
2026-08-31 04:00:00+00:00,422.01999999999998,424.76999999999998,421.07499999999999,422.60000000000002,319686,12564,423.12987399999997
2026-09-01 04:00:00+00:00,412.75,414.92000000000002,409.73000000000002,410.20999999999998,437612,15222,411.57440000000003
2026-09-02 04:00:00+00:00,413.11000000000001,416.80000000000001,412.01999999999998,413.23000000000002,280842,13503,414.09402
2026-09-03 04:00:00+00:00,417.55000000000001,419.35000000000002,412.81999999999999,417.93000000000001,306050,12218,416.87813599999998
2026-09-04 04:00:00+00:00,409.27999999999997,411.77499999999998,407.93000000000001,409.94999999999999,320498,17012,410.13908800000002
2026-09-08 04:00:00+00:00,411.57999999999998,412.29000000000002,403.81999999999999,405.94,322244,15210,406.21616899999998
2026-09-09 04:00:00+00:00,404.12,405.05000000000001,400.81999999999999,402.32999999999998,302756,16486,402.66467699999998
2026-09-10 04:00:00+00:00,408.42000000000002,411.33999999999997,406.17000000000002,408.63999999999999,361514,15239,409.17728699999998
2026-09-11 04:00:00+00:00,411.68000000000001,414.70999999999998,411.12,413.77999999999997,257569,12875,413.09031299999998
2026-09-14 04:00:00+00:00,401.95999999999998,410.50999999999999,401.86000000000001,409.07999999999998,319957,16378,407.52255400000001
2026-09-15 04:00:00+00:00,405.80000000000001,408.13,404.66000000000003,406.92000000000002,208948,10913,406.70943199999999
2026-09-16 04:00:00+00:00,408.87,415.42000000000002,408.375,412.33999999999997,467973,16645,411.94969600000002
2026-09-17 04:00:00+00:00,414.47000000000003,416.57999999999998,410.97000000000003,414,343403,19867,413.38285200000001
