timestamp,open,high,low,close,volume,trade_count,vwap
2016-01-04 05:00:00+00:00,230.72,231.38,219,223.41,6950990,69017,223.473208
2016-01-05 05:00:00+00:00,226.36000000000001,226.88999999999999,220,223.43000000000001,3266892,31302,223.233565
2016-01-06 05:00:00+00:00,220,220.05000000000001,215.97999999999999,219.03999999999999,3869402,33013,217.77987999999999
2016-01-07 05:00:00+00:00,214.19,218.44,213.66999999999999,215.65000000000001,3642624,33419,216.05761000000001
2016-01-08 05:00:00+00:00,217.86000000000001,220.44,210.77000000000001,211,3736631,32657,214.71276599999999
2016-01-11 05:00:00+00:00,214.00999999999999,214.44999999999999,203,207.84999999999999,4157432,39744,207.16650100000001
2016-01-12 05:00:00+00:00,211.59999999999999,213.73949999999999,205.31,209.97,3179026,28890,209.40118200000001
2016-01-13 05:00:00+00:00,212.00999999999999,212.65000000000001,200,200.31,4197796,37904,204.10927000000001
2016-01-14 05:00:00+00:00,202.21000000000001,210,193.38,206.18000000000001,6610193,58237,201.85539900000001
2016-01-15 05:00:00+00:00,198.97,205.06999999999999,197.25,204.99000000000001,5482812,46653,201.22172800000001
2016-01-19 05:00:00+00:00,208.71000000000001,210.47,200.78,204.72,4109653,35510,206.33074199999999
2016-01-20 05:00:00+00:00,199.40000000000001,201.28,191.25,198.69999999999999,5962056,53750,195.95011700000001
2016-01-21 05:00:00+00:00,201.55000000000001,203.22999999999999,195.02000000000001,199.97,3227323,30461,199.79146600000001
2016-01-22 05:00:00+00:00,204.8005,205.5,199.03,202.55000000000001,3181517,32039,202.06460300000001
2016-01-25 05:00:00+00:00,200.06,203.56999999999999,195.88,196.38,2767399,25885,199.37278000000001
2016-01-26 05:00:00+00:00,196.69999999999999,197.81999999999999,188.88,193.56,5239144,41156,192.36210199999999
2016-01-27 05:00:00+00:00,192.38,193.25999999999999,185.77000000000001,188.06999999999999,3699345,32264,189.52524299999999
2016-01-28 05:00:00+00:00,190.78999999999999,191.28,182.41,189.69999999999999,4645544,41939,186.38588799999999
2016-01-29 05:00:00+00:00,189.94999999999999,193.74000000000001,188.08000000000001,191.19999999999999,3041605,26746,191.090902
2016-02-01 05:00:00+00:00,188.75999999999999,199.52000000000001,182.75,196.94,5393743,45053,193.069739
2016-02-02 05:00:00+00:00,192.41999999999999,193.12,180.22999999999999,182.78,5786357,55184,185.264725
2016-02-03 05:00:00+00:00,183.59,183.94,170.18000000000001,173.47999999999999,8064117,70502,173.90477999999999
2016-02-04 05:00:00+00:00,170.69999999999999,175.97999999999999,166.99000000000001,175.33000000000001,4460472,37690,172.888273
2016-02-05 05:00:00+00:00,171.30000000000001,173,157.74420000000001,162.59999999999999,9622630,86211,163.393766
2016-02-08 05:00:00+00:00,157.10499999999999,157.15000000000001,146,147.99000000000001,9479865,81644,150.92809700000001
2016-02-09 05:00:00+00:00,142.31999999999999,159.78999999999999,141.05000000000001,148.25,8782399,77026,151.040752
2016-02-10 05:00:00+00:00,150.5,154.97,141.74000000000001,143.66999999999999,10628523,85995,147.64081899999999
2016-02-11 05:00:00+00:00,152,163.25999999999999,147,150.47,14401342,112222,154.52654999999999
2016-02-12 05:00:00+00:00,155,157.00999999999999,143.69999999999999,151.03999999999999,7345720,58345,148.872984
2016-02-16 05:00:00+00:00,158.69999999999999,162.94999999999999,154.11000000000001,155.16999999999999,5743313,44714,157.09356299999999
2016-02-17 05:00:00+00:00,159,169.34,156.68000000000001,168.68000000000001,5940581,49314,164.656462
2016-02-18 05:00:00+00:00,172.41999999999999,172.94999999999999,164.77000000000001,166.77000000000001,3977001,34013,168.21329900000001
2016-02-19 05:00:00+00:00,163.66,167.49000000000001,162.5,166.58000000000001,3084809,25539,165.44578899999999
2016-02-22 05:00:00+00:00,170.12,178.91,169.84999999999999,177.74000000000001,4625764,38370,176.206579
2016-02-23 05:00:00+00:00,176.16,181.72999999999999,173.68000000000001,177.21000000000001,6060192,43550,178.12100599999999
2016-02-24 05:00:00+00:00,172.75,179.5,167.84,179,5533642,41912,174.027117
2016-02-25 05:00:00+00:00,178.65000000000001,188.51920000000001,175.19999999999999,187.43000000000001,5834156,42622,182.81030899999999
2016-02-26 05:00:00+00:00,188.69999999999999,192,185,190.34,6148834,47277,189.15961200000001
2016-02-29 05:00:00+00:00,192.40000000000001,196.34999999999999,189.22200000000001,191.93000000000001,4708570,36505,192.70890600000001
2016-03-01 05:00:00+00:00,194.25,195.94839999999999,182.69999999999999,186.34999999999999,6914669,52978,189.16017299999999
2016-03-02 05:00:00+00:00,183.72999999999999,188.52000000000001,181.5,188.34,4960333,41095,185.67710600000001
2016-03-03 05:00:00+00:00,188.28,197.41999999999999,184.22,195.74000000000001,4904669,40864,191.926142
2016-03-04 05:00:00+00:00,198,204.03,197.5001,201.03999999999999,6573975,53706,200.923147
2016-03-07 05:00:00+00:00,197.68000000000001,209.69999999999999,197.40000000000001,205.28999999999999,5858728,43108,204.336423
2016-03-08 05:00:00+00:00,203.5,207.5,202.19999999999999,202.59999999999999,4256847,33082,204.406834
2016-03-09 05:00:00+00:00,204.52000000000001,209.37260000000001,202.78999999999999,208.72,3273788,27903,207.037136
2016-03-10 05:00:00+00:00,210,213.28999999999999,200.67099999999999,205.18000000000001,5437136,43089,206.24810299999999
2016-03-11 05:00:00+00:00,207.93000000000001,209.41999999999999,205.33000000000001,207.5,3410366,29468,207.587987
2016-03-14 04:00:00+00:00,212.65000000000001,216.72,210.63999999999999,215.15000000000001,4150684,37618,214.15716800000001
2016-03-15 04:00:00+00:00,214.27000000000001,218.97,211.5,218.34,3257052,29009,215.47728499999999
2016-03-16 04:00:00+00:00,218,222.58000000000001,217.02000000000001,221.93000000000001,3595063,32358,220.60042999999999
2016-03-17 04:00:00+00:00,221.47,228.5,220,226.38,3902412,33156,224.67457999999999
2016-03-18 04:00:00+00:00,229.09999999999999,234.47999999999999,228.06,232.74000000000001,4955118,43915,231.683156
2016-03-21 04:00:00+00:00,235.34,239.88,235,238.31999999999999,5400982,48429,237.59898000000001
2016-03-22 04:00:00+00:00,237.21000000000001,238.99000000000001,232.55799999999999,234.24000000000001,4414609,37101,235.94414399999999
2016-03-23 04:00:00+00:00,232.37,234.72999999999999,222.03,222.58000000000001,5021017,49575,227.662689
2016-03-24 04:00:00+00:00,215.78,228.8877,215,227.75,5074346,41055,224.19119599999999
2016-03-28 04:00:00+00:00,231.61000000000001,234.81,225,230.25999999999999,4005032,34001,230.622613
2016-03-29 04:00:00+00:00,229.88999999999999,232.38,225.33000000000001,230.13,4254850,31886,228.61325199999999
2016-03-30 04:00:00+00:00,235.09,235.5,226.5,226.88999999999999,4101395,33074,230.10636299999999
2016-03-31 04:00:00+00:00,229.34,237.41999999999999,225.00999999999999,229.77000000000001,8481995,67088,231.65602200000001
2016-04-01 04:00:00+00:00,244.82499999999999,247.90000000000001,233.25,237.59,16315361,129170,238.66222500000001
2016-04-04 04:00:00+00:00,249.12,252.12,243.63999999999999,246.99000000000001,13697094,114069,247.77905200000001
2016-04-05 04:00:00+00:00,240.5,256.56,240,255.47,10085742,81239,249.51682500000001
2016-04-06 04:00:00+00:00,253.97,267.74000000000001,253.44999999999999,265.42000000000002,11847866,100231,262.18865699999998
2016-04-07 04:00:00+00:00,266.44999999999999,269.33999999999997,254.50999999999999,257.19999999999999,9026920,78668,260.72166499999997
2016-04-08 04:00:00+00:00,260.5,260.81999999999999,248.02010000000001,250.06999999999999,7480740,68476,254.106257
2016-04-11 04:00:00+00:00,251,258.99000000000001,245.30000000000001,249.91999999999999,9264844,72283,252.77576300000001
2016-04-12 04:00:00+00:00,249.5,251.80000000000001,243.63,247.81999999999999,5876751,49144,247.735041
2016-04-13 04:00:00+00:00,248.50999999999999,255.5,247.33000000000001,254.53,5000042,43836,252.440878
2016-04-14 04:00:00+00:00,253,256.839,251.05009999999999,251.86000000000001,4222093,34152,253.252036
2016-04-15 04:00:00+00:00,251.31,254.59999999999999,249.12,254.50999999999999,3830985,29787,252.52319900000001
2016-04-18 04:00:00+00:00,252.22999999999999,258.31,251.66,253.88,4382190,32985,254.30031399999999
2016-04-19 04:00:00+00:00,253.12,254.3699,241.251,247.37,6429519,53928,247.814404
2016-04-20 04:00:00+00:00,246.25999999999999,253.66,241.5,249.97,5255010,43159,249.40846400000001
2016-04-21 04:00:00+00:00,248.99000000000001,250.90000000000001,246.91,248.28999999999999,2884112,21640,248.591825
2016-04-22 04:00:00+00:00,248.88999999999999,254,245.71000000000001,253.75,3921560,30349,250.469213
2016-04-25 04:00:00+00:00,253.00999999999999,257.38,250.75999999999999,251.81999999999999,3794133,31055,253.70738499999999
2016-04-26 04:00:00+00:00,252.05000000000001,255.72999999999999,249.38999999999999,253.74000000000001,3276077,27608,252.87834000000001
2016-04-27 04:00:00+00:00,252.75,255,249.40000000000001,251.47,3267669,25616,251.295018
2016-04-28 04:00:00+00:00,249.84999999999999,253.43000000000001,247.44,247.71000000000001,2558829,22398,251.11192199999999
2016-04-29 04:00:00+00:00,248.13999999999999,248.43000000000001,237.81,240.75999999999999,5564278,48860,242.05923100000001
2016-05-02 04:00:00+00:00,241.5,243.19,234.81999999999999,241.80000000000001,3903603,35059,238.74335099999999
2016-05-03 04:00:00+00:00,237.36000000000001,238.91,231.62,232.31999999999999,4385341,37653,234.575602
2016-05-04 04:00:00+00:00,230.28999999999999,234.46000000000001,220.40000000000001,222.56,8811616,80125,225.71788900000001
2016-05-05 04:00:00+00:00,228.46000000000001,228.63999999999999,209.78999999999999,211.53,11370250,94878,215.645104
2016-05-06 04:00:00+00:00,210.87,216.37,208.11000000000001,214.93000000000001,5799738,46418,212.69190399999999
2016-05-09 04:00:00+00:00,215.72,216.15000000000001,206.80000000000001,208.91999999999999,4868053,38520,210.65055899999999
2016-05-10 04:00:00+00:00,207.55000000000001,209.47,205,208.69,4163225,34936,207.33571699999999
2016-05-11 04:00:00+00:00,207.59,215.47999999999999,206.05000000000001,208.96000000000001,5220275,37938,211.18411900000001
2016-05-12 04:00:00+00:00,211.44,211.66999999999999,203.65719999999999,207.28,3710062,31246,207.01637299999999
2016-05-13 04:00:00+00:00,207.78,211.19999999999999,206.69999999999999,207.61000000000001,2872961,25058,208.76337699999999
2016-05-16 04:00:00+00:00,208.15000000000001,213.15000000000001,207.91999999999999,208.28999999999999,3033010,25871,210.08517000000001
2016-05-17 04:00:00+00:00,209.05000000000001,209.81989999999999,204.02000000000001,204.66,2939539,25085,206.31829200000001
2016-05-18 04:00:00+00:00,209.15000000000001,215.31,207.75,211.16999999999999,5710199,47747,211.80081999999999
2016-05-19 04:00:00+00:00,213.62,216.78999999999999,207.30000000000001,215.21000000000001,6975619,55275,212.356953
2016-05-20 04:00:00+00:00,216.99000000000001,220.55000000000001,216.34999999999999,220.28,9309404,70157,218.375179
2016-05-23 04:00:00+00:00,219.87,222.59999999999999,215.86000000000001,216.22,5198401,40543,218.66187600000001
2016-05-24 04:00:00+00:00,216.59999999999999,218.74000000000001,215.18000000000001,217.91,3092398,25207,217.26745099999999
2016-05-25 04:00:00+00:00,217.91,221.36000000000001,216.50999999999999,219.58000000000001,3199628,26476,219.56466599999999
2016-05-26 04:00:00+00:00,220.5,225.25999999999999,219.05000000000001,225.12,4144288,32374,222.64079599999999
2016-05-27 04:00:00+00:00,224.99000000000001,225.93000000000001,220.75,223.03999999999999,3969064,28212,223.08488
2016-05-31 04:00:00+00:00,223.03999999999999,224.74969999999999,221.5001,223.22999999999999,3253780,20172,222.95401799999999
2016-06-01 04:00:00+00:00,221.47999999999999,222.40000000000001,216.88999999999999,219.56,3050407,26826,218.96550400000001
2016-06-02 04:00:00+00:00,219.59,219.90899999999999,217.11000000000001,218.96000000000001,2103113,18591,218.55607599999999
2016-06-03 04:00:00+00:00,220,221.94,218.00999999999999,218.99000000000001,2294671,21478,219.338393
2016-06-06 04:00:00+00:00,218,220.90000000000001,215.44999999999999,220.68000000000001,2380984,21238,218.82062300000001
2016-06-07 04:00:00+00:00,222.24000000000001,234.44,221.52000000000001,232.34,6337823,52727,229.90317200000001
2016-06-08 04:00:00+00:00,233.80000000000001,240.845,232.60499999999999,235.52000000000001,6066993,49827,236.622129
2016-06-09 04:00:00+00:00,234.97999999999999,235.33000000000001,227.06,229.36000000000001,4556974,38399,231.746827
2016-06-10 04:00:00+00:00,227.38999999999999,227.97,218.42169999999999,218.78999999999999,6127866,51123,222.443184
2016-06-13 04:00:00+00:00,219.5,225.77000000000001,217.66,217.87,4288958,37870,221.58715799999999
2016-06-14 04:00:00+00:00,218.88,222.19999999999999,212.53,214.96000000000001,3672592,33098,216.53757899999999
2016-06-15 04:00:00+00:00,216.94999999999999,221.90000000000001,215.13,217.69999999999999,3012558,26088,218.691249
2016-06-16 04:00:00+00:00,217.41999999999999,218.03999999999999,213.5,217.93000000000001,2505057,21350,216.03721400000001
2016-06-17 04:00:00+00:00,217.81,219.99000000000001,214.5,215.47,3361836,24180,216.917406
2016-06-20 04:00:00+00:00,219.5,223.75,218.22999999999999,219.69999999999999,3716813,30613,220.740703
2016-06-21 04:00:00+00:00,220.68000000000001,222.56899999999999,218.81,219.61000000000001,4588310,36925,220.22899200000001
2016-06-22 04:00:00+00:00,199.47,205.94999999999999,195.75,196.66,24107082,213339,200.29474099999999
2016-06-23 04:00:00+00:00,195.69,197.55000000000001,192.13,196.40000000000001,10323435,88465,194.81317100000001
2016-06-24 04:00:00+00:00,190.05000000000001,195.12,189.72999999999999,193.15000000000001,7390671,69678,192.467716
2016-06-27 04:00:00+00:00,190.86000000000001,198.81,187.87,198.55000000000001,7336493,60862,193.245665
2016-06-28 04:00:00+00:00,201.88999999999999,204.05000000000001,199.41,201.78999999999999,6708658,45917,201.62082899999999
2016-06-29 04:00:00+00:00,205.13,211.78,203,210.19,6138223,50908,208.02909099999999
2016-06-30 04:00:00+00:00,212.97,213.4999,209.02000000000001,212.28,5110843,38739,211.563838
2016-07-01 04:00:00+00:00,206.13999999999999,218.24000000000001,206,216.5,5411894,43964,213.29039299999999
2016-07-05 04:00:00+00:00,209.72999999999999,214.54409999999999,208,213.97999999999999,5263512,42798,210.51918599999999
2016-07-06 04:00:00+00:00,210,215.22999999999999,209,214.44,5113046,37229,212.430556
2016-07-07 04:00:00+00:00,213.09999999999999,218.12,213.00999999999999,215.94,3767712,31478,216.21288999999999
2016-07-08 04:00:00+00:00,217.80000000000001,219.81,214.5,216.78,4139137,35174,216.92195699999999
2016-07-11 04:00:00+00:00,219.96000000000001,226.78,219.50999999999999,224.78,5535780,50798,224.80505199999999
2016-07-12 04:00:00+00:00,224.09999999999999,227.5,223.22,224.65000000000001,4783514,36536,225.00926100000001
2016-07-13 04:00:00+00:00,225.5,225.59,220.28999999999999,222.53,3727145,27972,222.15885499999999
2016-07-14 04:00:00+00:00,223.12,224.94,221.05000000000001,221.53,2737081,23220,222.18319600000001
2016-07-15 04:00:00+00:00,222.52000000000001,222.7499,219.63999999999999,220.40000000000001,2344139,19042,220.40181699999999
2016-07-18 04:00:00+00:00,219.63999999999999,227.09,218.30000000000001,226.25,3511425,27982,224.58723800000001
2016-07-19 04:00:00+00:00,225,229.09999999999999,224.75,225.25999999999999,3270136,23441,226.594098
2016-07-20 04:00:00+00:00,226.47,229.80000000000001,225,228.36000000000001,2617213,22361,228.14000200000001
2016-07-21 04:00:00+00:00,226,227.84700000000001,219.09999999999999,220.5,4520880,37590,222.585666
2016-07-22 04:00:00+00:00,221.99000000000001,224.5,218.88,222.27000000000001,2630490,22274,221.74443099999999
2016-07-25 04:00:00+00:00,222.27000000000001,231.38999999999999,221.3715,230.00999999999999,4565326,40849,228.168564
2016-07-26 04:00:00+00:00,227.69,230,225.30000000000001,229.50999999999999,3432492,25724,227.72045299999999
2016-07-27 04:00:00+00:00,229.34,233.36000000000001,226.91999999999999,228.49000000000001,2954759,24965,230.066486
2016-07-28 04:00:00+00:00,227.94999999999999,230.75999999999999,226.59999999999999,230.61000000000001,2498066,20453,229.090734
2016-07-29 04:00:00+00:00,230.69999999999999,235.28,230.24000000000001,234.78999999999999,3161907,30501,233.77363600000001
2016-08-01 04:00:00+00:00,235.5,236.63,229.38,230.00999999999999,4086852,36331,232.50411700000001
2016-08-02 04:00:00+00:00,229.59999999999999,229.87,221.40000000000001,227.19999999999999,3990619,36266,225.68563900000001
2016-08-03 04:00:00+00:00,227.37,229.69900000000001,224.21000000000001,225.78999999999999,3934974,35543,226.74069900000001
2016-08-04 04:00:00+00:00,225.69,230.86000000000001,222.05000000000001,230.61000000000001,4221335,34489,226.90178800000001
2016-08-05 04:00:00+00:00,230,232,227.40000000000001,230.03,3276733,25326,229.720552
2016-08-08 04:00:00+00:00,228,229.59999999999999,226.09,226.16,2329217,19746,227.76732100000001
2016-08-09 04:00:00+00:00,226.81999999999999,231.53749999999999,226.65000000000001,229.08000000000001,2301756,18598,229.338021
2016-08-10 04:00:00+00:00,228.24000000000001,229.87,224.62,225.65000000000001,2382818,20908,226.09884099999999
2016-08-11 04:00:00+00:00,226.16999999999999,227.56999999999999,223.41,224.91,1962001,16639,225.19449399999999
2016-08-12 04:00:00+00:00,225.41,226.65000000000001,224.03999999999999,225.61000000000001,1908870,15727,225.37561099999999
2016-08-15 04:00:00+00:00,226.02000000000001,229.5,224.93000000000001,225.59,2082113,18040,227.08977300000001
2016-08-16 04:00:00+00:00,225.49000000000001,227.19,223.4101,223.61000000000001,2425748,15957,224.67397700000001
2016-08-17 04:00:00+00:00,224.33000000000001,224.83000000000001,222.80000000000001,223.24000000000001,1829110,14821,223.56499700000001
2016-08-18 04:00:00+00:00,223.81999999999999,225.66,222.28999999999999,223.50999999999999,1699595,14644,223.862101
2016-08-19 04:00:00+00:00,223.53999999999999,225.16900000000001,222.53,225,1703380,15335,224.093433
2016-08-22 04:00:00+00:00,224.16999999999999,225.11000000000001,222.68000000000001,222.93000000000001,2510122,14231,223.43326500000001
2016-08-23 04:00:00+00:00,224.31999999999999,228.49000000000001,222.80000000000001,224.84,4851070,40130,225.822632
2016-08-24 04:00:00+00:00,227.05000000000001,227.15000000000001,222.22,222.62,2641931,21112,224.257001
2016-08-25 04:00:00+00:00,223.11000000000001,223.80000000000001,220.77000000000001,220.96000000000001,1831050,15517,222.12856500000001
2016-08-26 04:00:00+00:00,222.13999999999999,222.85499999999999,218.81999999999999,219.99000000000001,2296350,20719,220.72879800000001
2016-08-29 04:00:00+00:00,220.15000000000001,220.40000000000001,215,215.19999999999999,3346194,30271,216.43791200000001
2016-08-30 04:00:00+00:00,216.11000000000001,216.11000000000001,210.52000000000001,211.34,3276785,29666,212.522423
2016-08-31 04:00:00+00:00,210.05000000000001,212.59999999999999,208.65000000000001,212.00999999999999,3662603,28581,211.08890400000001
2016-09-01 04:00:00+00:00,209.00999999999999,211.09989999999999,200.5,200.77000000000001,8051289,74533,203.37317100000001
2016-09-02 04:00:00+00:00,202.33000000000001,203.19999999999999,196.19999999999999,197.78,6096767,58914,198.987471
2016-09-06 04:00:00+00:00,199.02000000000001,203.25,199,202.83000000000001,4599440,39196,201.63662600000001
2016-09-07 04:00:00+00:00,205.5,206.49680000000001,200.71000000000001,201.71000000000001,3997046,31513,202.439525
2016-09-08 04:00:00+00:00,199.55000000000001,199.88999999999999,196.36000000000001,197.36000000000001,3502588,31466,197.966071
2016-09-09 04:00:00+00:00,199.09,199.91999999999999,193.69999999999999,194.47,3885510,37716,196.53696400000001
2016-09-12 04:00:00+00:00,195,201.369,194.09999999999999,198.30000000000001,3893048,33499,198.137641
2016-09-13 04:00:00+00:00,197.06,198.49000000000001,193.44999999999999,196.05000000000001,3650907,28571,195.224187
2016-09-14 04:00:00+00:00,195.75,197.9248,194.8562,196.41,2457269,18668,196.46119400000001
2016-09-15 04:00:00+00:00,196.49000000000001,202.51929999999999,196.40000000000001,200.41999999999999,3296498,28263,200.04655299999999
2016-09-16 04:00:00+00:00,200.41999999999999,205.69999999999999,199,205.40000000000001,3468655,27912,203.33843999999999
2016-09-19 04:00:00+00:00,207,209.43000000000001,205,206.34,2369755,21345,206.72267299999999
2016-09-20 04:00:00+00:00,206.84999999999999,207.75,203.91,204.63999999999999,2534743,17397,205.38585699999999
2016-09-21 04:00:00+00:00,206.37,207,201.56,205.22,2724830,21615,204.64532600000001
2016-09-22 04:00:00+00:00,206.40000000000001,207.28,203,206.43000000000001,2453732,19207,205.507181
2016-09-23 04:00:00+00:00,205.99000000000001,210.18000000000001,205.66999999999999,207.44999999999999,2964230,25126,207.96301
2016-09-26 04:00:00+00:00,206.5,211,206.5,208.99000000000001,2596576,17556,208.94325499999999
2016-09-27 04:00:00+00:00,209.65000000000001,209.98179999999999,204.60929999999999,205.81,3601572,23430,206.47765100000001
2016-09-28 04:00:00+00:00,207.50999999999999,208.25,205.25999999999999,206.27000000000001,2506102,14837,206.60679999999999
2016-09-29 04:00:00+00:00,205.59999999999999,207.33000000000001,200.58000000000001,200.69999999999999,2886009,24327,203.27876499999999
2016-09-30 04:00:00+00:00,202.21000000000001,204.97999999999999,199.55000000000001,204.03,2871134,21805,203.19552300000001
2016-10-03 04:00:00+00:00,212.30000000000001,215.6688,208.25,213.69999999999999,6130067,50244,212.71977100000001
2016-10-04 04:00:00+00:00,213.09999999999999,213.31999999999999,208.81999999999999,211.41,3605914,31106,211.26181299999999
2016-10-05 04:00:00+00:00,212.24000000000001,213.15000000000001,208.12,208.46000000000001,1928422,16598,210.73544100000001
2016-10-06 04:00:00+00:00,202.46000000000001,204.2099,200.21000000000001,201,4873776,38396,201.47342
2016-10-07 04:00:00+00:00,201,201.31999999999999,195.80000000000001,196.61000000000001,3580635,35497,197.695527
2016-10-10 04:00:00+00:00,201.34999999999999,204.13999999999999,199.66,200.94999999999999,3413293,27055,201.789332
2016-10-11 04:00:00+00:00,201.84999999999999,202.19999999999999,198.31,200.09999999999999,2406100,21063,200.25070700000001
2016-10-12 04:00:00+00:00,200.94999999999999,203.88,200.41999999999999,201.50999999999999,2028630,15118,202.11895899999999
2016-10-13 04:00:00+00:00,200.5,200.89500000000001,197.05000000000001,200.24000000000001,2541702,20739,199.424465
2016-10-14 04:00:00+00:00,200.66,201.43000000000001,196.30000000000001,196.50999999999999,4338602,32686,197.82319100000001
2016-10-17 04:00:00+00:00,197.05000000000001,198.38999999999999,192,193.96000000000001,4658734,39026,194.08853999999999
2016-10-18 04:00:00+00:00,195.99000000000001,199.47,193.25999999999999,199.09999999999999,5766010,43288,197.16536600000001
2016-10-19 04:00:00+00:00,199.74000000000001,206.66,198.06,203.56,7094857,50671,202.53405100000001
2016-10-20 04:00:00+00:00,202.12,203,197.05000000000001,199.09999999999999,5194008,40779,199.52914799999999
2016-10-21 04:00:00+00:00,198.59999999999999,201.56999999999999,197.41,200.09,3239416,23013,199.82546400000001
2016-10-24 04:00:00+00:00,201,203.9452,200.25,202.75999999999999,2837790,23777,202.517448
2016-10-25 04:00:00+00:00,202.90000000000001,204.69,201.19999999999999,202.34,2509620,20411,202.642855
2016-10-26 04:00:00+00:00,201.5,203.19,200.09999999999999,202.24000000000001,5648456,47688,201.68123900000001
2016-10-27 04:00:00+00:00,211.11000000000001,213.69999999999999,201.65000000000001,204.00999999999999,13287631,96454,208.127385
2016-10-28 04:00:00+00:00,204.09,205.31999999999999,199.83000000000001,199.97,4380108,35911,202.138926
2016-10-31 04:00:00+00:00,202.49000000000001,202.49000000000001,195.81,197.72999999999999,4809512,42818,197.65783999999999
2016-11-01 04:00:00+00:00,198.40000000000001,198.5,188.10499999999999,190.78999999999999,7199022,62999,192.062657
2016-11-02 04:00:00+00:00,190.05000000000001,192.6951,187.505,188.02000000000001,4265585,37460,189.65369000000001
2016-11-03 04:00:00+00:00,189.02000000000001,191.47,187.0401,187.41999999999999,2725788,23888,189.333979
2016-11-04 04:00:00+00:00,188.09,193.46000000000001,185.96000000000001,190.56,5248654,46187,190.34212099999999
2016-11-07 05:00:00+00:00,193.83000000000001,194.28999999999999,190.05000000000001,193.21000000000001,3997316,33074,192.862281
2016-11-08 05:00:00+00:00,193.78999999999999,197.49000000000001,191.25999999999999,194.94,3362781,29798,194.85793699999999
2016-11-09 05:00:00+00:00,186.94,192,183.94999999999999,190.06,8416262,81256,187.639026
2016-11-10 05:00:00+00:00,191.25,191.61000000000001,180.41999999999999,185.34999999999999,6874544,62864,185.182436
2016-11-11 05:00:00+00:00,184.24000000000001,188.88,183,188.56,4071797,36068,186.043723
2016-11-14 05:00:00+00:00,188,188.25,178.19,181.44999999999999,6708794,56749,182.103971
2016-11-15 05:00:00+00:00,182.78,186.43000000000001,182.05000000000001,183.91,3990583,31619,184.10139699999999
2016-11-16 05:00:00+00:00,182.65000000000001,184.72999999999999,181.21000000000001,183.93000000000001,3520566,28161,183.26490699999999
2016-11-17 05:00:00+00:00,183.34999999999999,189.49000000000001,182.11009999999999,188.66,5014146,44397,186.942365
2016-11-18 05:00:00+00:00,190.53,193,185,185.02000000000001,5326493,46452,187.21436499999999
2016-11-21 05:00:00+00:00,185.03999999999999,188.88999999999999,184.41,184.52000000000001,4903187,32174,186.04196899999999
2016-11-22 05:00:00+00:00,185.59999999999999,191.47,183.71000000000001,191.16999999999999,5900319,45544,188.76739900000001
2016-11-23 05:00:00+00:00,190.59999999999999,195.64400000000001,189,193.13999999999999,5015688,38890,193.531192
2016-11-25 05:00:00+00:00,194.38999999999999,197.2372,193.63999999999999,196.65000000000001,2477389,21592,195.583281
2016-11-28 05:00:00+00:00,195.47999999999999,199.34999999999999,194.55000000000001,196.12,4675680,42059,197.24849800000001
2016-11-29 05:00:00+00:00,195.56,196.72999999999999,189.5,189.56999999999999,4561982,38250,192.364105
2016-11-30 05:00:00+00:00,190.91999999999999,191.88999999999999,187.5,189.40000000000001,3755126,29739,188.989912
2016-12-01 05:00:00+00:00,188.5,188.53,181,181.88,5237609,46579,184.54595599999999
2016-12-02 05:00:00+00:00,182.90000000000001,184.88,180,181.47,4175826,38430,181.480448
2016-12-05 05:00:00+00:00,182.50999999999999,188.88999999999999,182.50999999999999,186.80000000000001,4190399,33971,186.21376000000001
2016-12-06 05:00:00+00:00,186.49000000000001,186.58000000000001,182.6825,185.84999999999999,3573247,29288,184.468523
2016-12-07 05:00:00+00:00,186.15000000000001,193.40000000000001,185,193.15000000000001,5629078,48238,190.69317899999999
2016-12-08 05:00:00+00:00,192.00999999999999,192.5,189.53999999999999,192.28999999999999,3294317,29139,191.34784999999999
2016-12-09 05:00:00+00:00,190.87,193.83600000000001,190.81,192.18000000000001,2806790,28225,192.14234999999999
2016-12-12 05:00:00+00:00,192.5,194.41999999999999,191.03999999999999,192.43000000000001,2527537,22421,192.833776
2016-12-13 05:00:00+00:00,193.18000000000001,201.28,193,198.15000000000001,6943050,60033,198.83987400000001
2016-12-14 05:00:00+00:00,198.59,203,196.75999999999999,198.69,4234566,38779,200.381902
2016-12-15 05:00:00+00:00,198.49000000000001,200.74000000000001,197.38999999999999,197.58000000000001,3304508,29361,198.656127
2016-12-16 05:00:00+00:00,198.5,202.59,197.59999999999999,202.49000000000001,4132362,32877,201.105141
2016-12-19 05:00:00+00:00,202.49000000000001,204.44999999999999,199.84,202.72999999999999,3584970,30904,202.67099200000001
2016-12-20 05:00:00+00:00,203.05000000000001,209,202.5,208.78999999999999,4791170,39648,207.369767
2016-12-21 05:00:00+00:00,208.44999999999999,212.22999999999999,207.41,207.69999999999999,5280482,41266,210.25187600000001
2016-12-22 05:00:00+00:00,208.24000000000001,209.99000000000001,206.5,208.44999999999999,3183148,25211,208.64915500000001
2016-12-23 05:00:00+00:00,208,213.44999999999999,207.71000000000001,213.34,4734133,34543,210.99982299999999
2016-12-27 05:00:00+00:00,215,222.25,214.41999999999999,219.53,6049179,51366,219.61347000000001
2016-12-28 05:00:00+00:00,221.5,223.80000000000001,217.19999999999999,219.74000000000001,3880113,33583,219.45273800000001
2016-12-29 05:00:00+00:00,218.37,219.19999999999999,214.1225,214.68000000000001,4163082,33929,215.43044800000001
2016-12-30 05:00:00+00:00,216.30000000000001,217.5,211.68000000000001,213.69,4744827,41391,213.81926100000001
2017-01-03 05:00:00+00:00,215,220.33000000000001,210.96000000000001,216.99000000000001,6058871,50172,216.93340000000001
2017-01-04 05:00:00+00:00,214.59999999999999,228,214.31,226.99000000000001,11378084,88969,224.003331
2017-01-05 05:00:00+00:00,226.5,227.47999999999999,221.94999999999999,226.75,6030696,47496,224.444941
2017-01-06 05:00:00+00:00,226.90000000000001,230.31,225.44999999999999,229.00999999999999,5623749,43988,228.60572199999999
2017-01-09 05:00:00+00:00,228.88,231.91999999999999,228,231.28,4105880,31878,230.35713799999999
2017-01-10 05:00:00+00:00,232,232,226.88999999999999,229.87,3758160,31905,229.003512
2017-01-11 05:00:00+00:00,229.06999999999999,229.97999999999999,226.68000000000001,229.72999999999999,3713821,28776,228.277591
2017-01-12 05:00:00+00:00,229.06,230.69999999999999,225.58000000000001,229.59,3847621,33206,228.34871200000001
2017-01-13 05:00:00+00:00,230.09999999999999,237.84999999999999,229.59,237.75,6166801,50137,235.15338199999999
2017-01-17 05:00:00+00:00,236.94499999999999,239.96000000000001,234.37,235.58000000000001,4724493,37727,236.778355
2017-01-18 05:00:00+00:00,236.65000000000001,239.71000000000001,235.58000000000001,238.36000000000001,3850808,31358,237.89272399999999
2017-01-19 05:00:00+00:00,246.59999999999999,248.68000000000001,240.75,243.75999999999999,7918667,67406,244.60660200000001
2017-01-20 05:00:00+00:00,245.46000000000001,246,243.00999999999999,244.72999999999999,4503204,31648,244.76404299999999
2017-01-23 05:00:00+00:00,245.65000000000001,250.88990000000001,245.5,248.91999999999999,6447234,51394,248.76986600000001
2017-01-24 05:00:00+00:00,250,254.80000000000001,249.65000000000001,254.61000000000001,5093790,45068,252.75990999999999
2017-01-25 05:00:00+00:00,257.38999999999999,258.45999999999998,251.80000000000001,254.47,5329024,45238,254.945739
2017-01-26 05:00:00+00:00,254.40000000000001,255.74000000000001,250.75,252.50999999999999,3241696,30468,252.78513100000001
2017-01-27 05:00:00+00:00,251.38,253,248.52000000000001,252.94999999999999,3254030,32018,250.92649399999999
2017-01-30 05:00:00+00:00,252.53999999999999,255.28989999999999,247.09999999999999,250.63,3886523,34626,250.33739399999999
2017-01-31 05:00:00+00:00,248.97999999999999,255.88999999999999,247.69999999999999,251.93000000000001,4225804,38097,252.54154
2017-02-01 05:00:00+00:00,253.03999999999999,253.19999999999999,249.05000000000001,249.24000000000001,4060225,35559,250.57257899999999
2017-02-02 05:00:00+00:00,248.49000000000001,252.41999999999999,247.71000000000001,251.55000000000001,2571464,22911,250.746498
2017-02-03 05:00:00+00:00,251.91,252.179,249.68000000000001,251.33000000000001,2247832,19545,251.18597
2017-02-06 05:00:00+00:00,250.80000000000001,257.81999999999999,250.63,257.76999999999998,3641920,30359,254.753861
2017-02-07 05:00:00+00:00,258.19,260,256.42000000000002,257.48000000000002,4352189,37508,258.03889600000002
2017-02-08 05:00:00+00:00,257.23000000000002,263.36000000000001,256.19999999999999,262.07999999999998,4037487,37267,260.81661000000003
2017-02-09 05:00:00+00:00,266.20999999999998,271.18000000000001,266.14999999999998,269.19999999999999,8028536,64694,269.06259699999998
2017-02-10 05:00:00+00:00,269.79000000000002,270.94999999999999,266.11000000000001,268.94,3727892,31713,269.11880600000001
2017-02-13 05:00:00+00:00,270.69999999999999,280.78989999999999,270.50999999999999,280.60000000000002,7138157,62163,278.10310700000002
2017-02-14 05:00:00+00:00,278.87,287.38999999999999,278.61000000000001,280.98000000000002,7482365,63919,283.41982300000001
2017-02-15 05:00:00+00:00,280,282.24000000000001,276.44,279.75999999999999,5054509,44991,279.47650199999998
2017-02-16 05:00:00+00:00,277.38999999999999,280,268.5,268.94999999999999,7191615,69199,273.04398300000003
2017-02-17 05:00:00+00:00,265.80000000000001,272.88999999999999,264.14999999999998,272.23000000000002,6440101,52911,269.22845599999999
2017-02-21 05:00:00+00:00,275.31,281.39999999999998,274.00999999999999,277.38999999999999,5854721,47989,278.26232399999998
2017-02-22 05:00:00+00:00,280.37,283.44999999999999,272.60000000000002,273.50999999999999,8982413,76733,275.70362
2017-02-23 05:00:00+00:00,264.60000000000002,264.66000000000003,255.56,255.99000000000001,15160988,139545,259.42951099999999
2017-02-24 05:00:00+00:00,252.66,258.25,250.19999999999999,257,8333526,69630,254.846172
2017-02-27 05:00:00+00:00,248.34999999999999,248.36000000000001,242.00999999999999,246.22999999999999,11758686,98143,245.25679500000001
2017-02-28 05:00:00+00:00,244.19,251,243.90000000000001,249.99000000000001,6335177,51242,248.45743999999999
2017-03-01 05:00:00+00:00,254.00999999999999,254.84999999999999,249.11000000000001,250.02000000000001,4929455,40434,251.61559700000001
2017-03-02 05:00:00+00:00,249.74000000000001,253.28,248.27000000000001,250.47999999999999,3415515,28336,250.510921
2017-03-03 05:00:00+00:00,250.74000000000001,251.90000000000001,249,251.56999999999999,3019274,26446,250.48972599999999
2017-03-06 05:00:00+00:00,247.66999999999999,251.69999999999999,247.50999999999999,251.21000000000001,3572661,30216,249.446639
2017-03-07 05:00:00+00:00,252,253.88999999999999,248.31999999999999,248.59,3526107,32412,250.819693
2017-03-08 05:00:00+00:00,246.91999999999999,250.06999999999999,245.31999999999999,246.87,3800215,36774,248.11318800000001
2017-03-09 05:00:00+00:00,247.63,248.66,243,244.90000000000001,3953291,34778,245.67128600000001
2017-03-10 05:00:00+00:00,246.19999999999999,246.5,243,243.69,3168237,27020,244.26782
2017-03-13 04:00:00+00:00,244.65000000000001,246.84999999999999,242.78100000000001,246.16999999999999,3112256,26800,245.40840499999999
2017-03-14 04:00:00+00:00,246.02000000000001,258.12,246.02000000000001,258,7710607,64418,253.51031800000001
2017-03-15 04:00:00+00:00,257,261,254.27000000000001,255.72999999999999,5457991,45780,256.71073699999999
2017-03-16 04:00:00+00:00,262.26999999999998,265.75,259.06,262.05000000000001,7299546,58480,262.763577
2017-03-17 04:00:00+00:00,263.99000000000001,265.32999999999998,261.19999999999999,261.5,6893078,45006,263.34003200000001
2017-03-20 04:00:00+00:00,260.60000000000002,264.55000000000001,258.82100000000003,261.92000000000002,3690351,29743,261.60100699999998
2017-03-21 04:00:00+00:00,262.995,264.80000000000001,250.24000000000001,250.68000000000001,6992877,61051,256.18472800000001
2017-03-22 04:00:00+00:00,251.46000000000001,255.06999999999999,250.50999999999999,255.00999999999999,4155845,32641,252.76006000000001
2017-03-23 04:00:00+00:00,255.34999999999999,257.67200000000003,253.30000000000001,254.78,3409237,26949,255.575839
2017-03-24 04:00:00+00:00,255.69999999999999,263.88999999999999,255.00999999999999,263.16000000000003,5721305,46638,260.35859599999998
2017-03-27 04:00:00+00:00,260.5,270.56999999999999,259.75,270.22000000000003,6357890,54051,266.65388799999999
2017-03-28 04:00:00+00:00,277.00999999999999,280.68000000000001,275,277.44999999999999,8131439,69305,277.82739800000002
2017-03-29 04:00:00+00:00,278,279.60000000000002,275.54000000000002,277.38,3766940,32308,277.41507799999999
2017-03-30 04:00:00+00:00,278.08999999999997,282,277.20999999999998,277.92000000000002,4244178,35708,279.61113499999999
2017-03-31 04:00:00+00:00,278.73000000000002,279.68000000000001,276.31970000000001,278.30000000000001,3431160,28541,278.43765300000001
2017-04-03 04:00:00+00:00,287.20999999999998,299,284.57999999999998,298.51999999999998,14130452,119063,292.77883000000003
2017-04-04 04:00:00+00:00,297,304.81,294.52999999999997,303.69999999999999,10316621,95663,301.09227800000002
2017-04-05 04:00:00+00:00,302.04000000000002,304.88,294.19999999999999,295,8029282,70076,300.154944
2017-04-06 04:00:00+00:00,296.88,301.94,294.10000000000002,298.69999999999999,5617147,48831,298.334114
2017-04-07 04:00:00+00:00,297.5,302.69,297.14999999999998,302.54000000000002,4688090,40028,300.74912899999998
2017-04-10 04:00:00+00:00,309.14999999999998,313.72989999999999,308.70999999999998,312.38999999999999,7828032,72147,311.55645700000002
2017-04-11 04:00:00+00:00,313.38,313.47000000000003,305.5,308.70999999999998,5873945,54492,308.96124700000001
2017-04-12 04:00:00+00:00,306.33999999999997,308.44810000000001,296.31999999999999,296.83999999999997,6156944,56853,301.76076799999998
2017-04-13 04:00:00+00:00,296.61000000000001,307.38999999999999,295.30000000000001,304,9416817,75453,301.45754099999999
2017-04-17 04:00:00+00:00,302.69999999999999,304,298.68000000000001,301.44,4235723,37468,301.29017700000003
2017-04-18 04:00:00+00:00,299.69999999999999,300.8399,297.89999999999998,300.25,3107145,27100,299.78353099999998
2017-04-19 04:00:00+00:00,302.45999999999998,306.62,302.11000000000001,305.51999999999998,3991753,36507,304.93814400000002
2017-04-20 04:00:00+00:00,306.50999999999999,309.14999999999998,300.23000000000002,302.50999999999999,6222238,54955,304.50183600000003
2017-04-21 04:00:00+00:00,302,306.39999999999998,300.42000000000002,305.60000000000002,4625741,36856,304.09868499999999
2017-04-24 04:00:00+00:00,309.22000000000003,310.55000000000001,306.0215,308.02999999999997,5206013,45574,308.09495700000002
2017-04-25 04:00:00+00:00,308,313.98000000000002,305.86000000000001,313.79000000000002,6891662,61700,310.79082
2017-04-26 04:00:00+00:00,312.37,314.5,309,310.17000000000002,4790075,38267,311.472891
2017-04-27 04:00:00+00:00,311.69,313.08999999999997,307.5,308.63,3556600,31419,310.30968300000001
2017-04-28 04:00:00+00:00,309.82999999999998,314.80000000000001,308,314.06999999999999,4612295,40425,311.73678699999999
2017-05-01 04:00:00+00:00,314.88,327.25,314.81,322.82999999999998,8970962,75385,322.367232
2017-05-02 04:00:00+00:00,324,327.65989999999999,316.56009999999998,318.88999999999999,5522284,51705,320.93023699999998
2017-05-03 04:00:00+00:00,317.67000000000002,321.52999999999997,310.44999999999999,311.01999999999998,7230659,71787,314.49154900000002
2017-05-04 04:00:00+00:00,307.435,307.76999999999998,290.76010000000002,295.45999999999998,14283306,143749,296.485771
2017-05-05 04:00:00+00:00,298,308.55000000000001,296.80000000000001,308.35000000000002,8283295,72695,304.08471800000001
2017-05-08 04:00:00+00:00,310.89999999999998,313.79000000000002,305.81999999999999,307.19,7164871,63056,309.53786300000002
2017-05-09 04:00:00+00:00,309.38,321.99000000000001,309.10000000000002,321.25999999999999,9809997,85316,318.34281299999998
2017-05-10 04:00:00+00:00,321.56,325.5,318.12,325.22000000000003,5853149,51215,322.88901700000002
2017-05-11 04:00:00+00:00,323.39999999999998,326,319.60000000000002,323.10000000000002,4853739,44480,322.85350599999998
2017-05-12 04:00:00+00:00,325.48000000000002,327,321.52999999999997,324.81,4212070,36539,324.61914999999999
2017-05-15 04:00:00+00:00,318.38,320.19999999999999,312.52999999999997,315.88,7784314,73509,316.11286899999999
2017-05-16 04:00:00+00:00,317.58999999999997,320.06,315.13999999999999,317.00999999999999,4261496,36958,317.55189799999999
2017-05-17 04:00:00+00:00,314.38999999999999,314.63,305.5,306.11000000000001,6828714,66434,309.00316099999998
2017-05-18 04:00:00+00:00,307,313.94,305.31,313.06,5782134,51103,310.83491600000002
2017-05-19 04:00:00+00:00,315.5,316.5,310.19999999999999,310.82999999999998,4811795,40898,313.13095499999997
2017-05-22 04:00:00+00:00,312.80000000000001,314.37,306.80000000000001,310.35000000000002,4402155,38706,309.31837100000001
2017-05-23 04:00:00+00:00,310.45999999999998,310.73000000000002,303.48000000000002,303.86000000000001,4414635,41133,306.338255
2017-05-24 04:00:00+00:00,306.50999999999999,311,305.39999999999998,310.22000000000003,5155550,46310,308.59580099999999
2017-05-25 04:00:00+00:00,311.01999999999998,316.97000000000003,307.81,316.82999999999998,5124207,46224,313.37516699999998
2017-05-26 04:00:00+00:00,317.27999999999997,325.49000000000001,316.31,325.13999999999999,7921079,67951,322.29570699999999
2017-05-30 04:00:00+00:00,326,336.27999999999997,325.75999999999999,335.10000000000002,7937869,70433,332.33640200000002
2017-05-31 04:00:00+00:00,337.69,342.88999999999999,335.16000000000003,341.00999999999999,10158046,84912,338.98332399999998
2017-06-01 04:00:00+00:00,344,344.88,337.29000000000002,340.37,7752843,67885,341.06663200000003
2017-06-02 04:00:00+00:00,339.76999999999998,342.88,335.93000000000001,339.85000000000002,5688541,53332,340.14199000000002
2017-06-05 04:00:00+00:00,338.5,348.44,334.20999999999998,347.31999999999999,6871487,60369,342.08074299999998
2017-06-06 04:00:00+00:00,344.69999999999999,359.49290000000002,339.97000000000003,352.85000000000002,11280562,97827,353.68631399999998
2017-06-07 04:00:00+00:00,356.33999999999997,360.5,355.13999999999999,359.64999999999998,9604100,80097,358.21328899999997
2017-06-08 04:00:00+00:00,363.75,371.89999999999998,360.22000000000003,370,9200900,81599,365.878018
2017-06-09 04:00:00+00:00,374.42000000000002,376.87,354.80000000000001,357.31999999999999,17450847,171825,365.74198200000001
2017-06-12 04:00:00+00:00,357.99000000000001,364.5,350.62,359.00999999999999,10658933,102066,357.12501200000003
2017-06-13 04:00:00+00:00,367.62,376,366.61000000000001,375.94999999999999,11974093,106390,371.28129100000001
2017-06-14 04:00:00+00:00,381.13999999999999,384.25,376.31,380.66000000000003,12978650,115643,380.34420999999998
2017-06-15 04:00:00+00:00,372.5,375.45999999999998,366.49000000000001,375.33999999999997,10584979,98218,370.575895
2017-06-16 04:00:00+00:00,377.97500000000002,378.00999999999999,370.10000000000002,371.39999999999998,7277978,56121,373.38241900000003
2017-06-19 04:00:00+00:00,375,376.69999999999999,367.80000000000001,369.80000000000001,6677987,62991,371.987773
2017-06-20 04:00:00+00:00,376.67000000000002,378.88,369.73000000000002,372.24000000000001,7560887,72647,373.41501499999998
2017-06-21 04:00:00+00:00,374.35000000000002,376.99000000000001,368.01999999999998,376.39999999999998,5019243,45876,372.61748899999998
2017-06-22 04:00:00+00:00,377.99000000000001,385,373.56999999999999,382.61000000000001,7621066,72388,381.78506599999997
2017-06-23 04:00:00+00:00,382.44999999999999,386.99000000000001,379.34500000000003,383.44999999999999,6745435,55250,383.68321500000002
2017-06-26 04:00:00+00:00,386.69,386.94999999999999,373.10000000000002,377.49000000000001,6725637,68243,378.83861100000001
2017-06-27 04:00:00+00:00,376.39999999999998,376.39999999999998,362.01999999999998,362.37,7128632,75984,369.30704200000002
2017-06-28 04:00:00+00:00,366.68000000000001,371.74000000000001,362.51999999999998,371.24000000000001,6437750,62664,368.61273899999998
2017-06-29 04:00:00+00:00,370.61000000000001,371,354.10000000000002,360.75,8323101,87813,361.94744100000003
2017-06-30 04:00:00+00:00,363.80000000000001,366.76740000000001,359.61869999999999,361.61000000000001,6009948,55248,363.22284999999999
2017-07-03 04:00:00+00:00,370.24000000000001,371.35000000000002,351.5,352.62,6410614,63860,362.67836899999998
2017-07-05 04:00:00+00:00,347.12,347.24000000000001,326.32999999999998,327.08999999999997,17320291,197153,335.20410900000002
2017-07-06 04:00:00+00:00,317.25999999999999,320.78989999999999,306.30000000000001,308.82999999999998,19645581,207170,312.47200600000002
2017-07-07 04:00:00+00:00,313.5,317,307.38,313.22000000000003,14343157,141865,312.77346699999998
2017-07-10 04:00:00+00:00,312.89999999999998,317.94,303.13,316.05000000000001,14046095,134775,311.99488300000002
2017-07-11 04:00:00+00:00,316,327.27999999999997,314.30000000000001,327.22000000000003,11743636,114884,322.73590899999999
2017-07-12 04:00:00+00:00,330.39999999999998,333.10000000000002,324.5,329.51999999999998,10549205,102438,329.05402500000002
2017-07-13 04:00:00+00:00,330.11000000000001,331.60000000000002,319.97000000000003,323.41000000000003,8739299,91999,325.33905199999998
2017-07-14 04:00:00+00:00,323.19,328.42000000000002,321.22000000000003,327.77999999999997,5722090,56422,325.24055900000002
2017-07-17 04:00:00+00:00,325.54000000000002,327.10000000000002,313.44999999999999,319.56999999999999,9981192,98202,319.31643700000001
2017-07-18 04:00:00+00:00,317.5,329.13,315.66000000000003,328.24000000000001,6498720,65126,324.381032
2017-07-19 04:00:00+00:00,328.23000000000002,331.64999999999998,323.21929999999998,325.25999999999999,6467371,65681,327.01824499999998
2017-07-20 04:00:00+00:00,326.89999999999998,330.22000000000003,324.19999999999999,329.92000000000002,5283769,49840,327.22224999999997
2017-07-21 04:00:00+00:00,329.45999999999998,331.25749999999999,325.80000000000001,328.39999999999998,4988740,48185,328.78255200000001
2017-07-24 04:00:00+00:00,330.23000000000002,343.399,330.00999999999999,342.51999999999998,8770598,84605,339.44331699999998
2017-07-25 04:00:00+00:00,345,345.60000000000002,334.14999999999998,339.60000000000002,7148499,68252,338.84365000000003
2017-07-26 04:00:00+00:00,340.36000000000001,345.5,338.12,343.85000000000002,4911950,47048,342.978857
2017-07-27 04:00:00+00:00,346,347.5,326.29000000000002,334.45999999999998,8409314,90710,338.09544099999999
2017-07-28 04:00:00+00:00,336.88999999999999,339.60000000000002,332.50999999999999,335.06999999999999,5021830,50884,336.54721999999998
2017-07-31 04:00:00+00:00,335.5,341.49000000000001,321.04000000000002,323.47000000000003,8676488,83735,329.57812000000001
2017-08-01 04:00:00+00:00,323,324.44999999999999,316.13,319.56999999999999,8485500,75813,320.14272599999998
2017-08-02 04:00:00+00:00,318.94,327.12,311.22000000000003,325.88999999999999,13234854,133255,320.39691099999999
2017-08-03 04:00:00+00:00,345.32999999999998,350,343.14999999999998,347.08999999999997,13736570,129537,347.008623
2017-08-04 04:00:00+00:00,347,357.26999999999998,343.30000000000001,356.91000000000003,9368300,84033,351.10992599999997
2017-08-07 04:00:00+00:00,357.35000000000002,359.48000000000002,352.75,355.17000000000002,6462649,59224,356.25035300000002
2017-08-08 04:00:00+00:00,357.52999999999997,368.57999999999998,357.39999999999998,365.22000000000003,7558657,72502,364.98714200000001
2017-08-09 04:00:00+00:00,361,370,358.94999999999999,363.52999999999997,7098028,64742,365.56815799999998
2017-08-10 04:00:00+00:00,361.60000000000002,366.65039999999999,354.66000000000003,355.39999999999998,7176814,71264,360.85594700000001
2017-08-11 04:00:00+00:00,356.97000000000003,361.25999999999999,353.62,357.87,4449826,44474,357.50197800000001
2017-08-14 04:00:00+00:00,364.63,367.66000000000003,362.60000000000002,363.80000000000001,4629833,46083,364.65117099999998
2017-08-15 04:00:00+00:00,365.19999999999999,365.49000000000001,359.37,362.32999999999998,3152780,32025,362.72848099999999
2017-08-16 04:00:00+00:00,363,366.5,362.51999999999998,362.91000000000003,3490301,34904,364.330715
2017-08-17 04:00:00+00:00,361.20999999999998,363.30000000000001,351.58999999999997,351.92000000000002,5131414,55848,356.04051500000003
2017-08-18 04:00:00+00:00,352.91000000000003,354,345.80000000000001,347.45999999999998,5483318,59216,349.22904
2017-08-21 04:00:00+00:00,345.81999999999999,345.81999999999999,331.85000000000002,337.86000000000001,6590884,65687,336.88443799999999
2017-08-22 04:00:00+00:00,341.13,342.24000000000001,337.3725,341.35000000000002,4430730,41739,340.11977999999999
2017-08-23 04:00:00+00:00,338.99000000000001,353.49000000000001,338.30410000000001,352.76999999999998,5042781,50528,347.60661499999998
2017-08-24 04:00:00+00:00,352.51999999999998,356.66000000000003,349.74000000000001,352.93000000000001,4692586,51107,353.43870299999998
2017-08-25 04:00:00+00:00,354.24000000000001,355.69,347.30000000000001,348.05000000000001,3537434,37032,350.970552
2017-08-28 04:00:00+00:00,347.27999999999997,347.35000000000002,339.72000000000003,345.66000000000003,3864882,40982,343.99141200000003
2017-08-29 04:00:00+00:00,339.48000000000002,349.05000000000001,338.75,347.36000000000001,4190179,47373,344.22291300000001
2017-08-30 04:00:00+00:00,349.67000000000002,353.47000000000003,347,353.18000000000001,3510663,40462,350.67454800000002
2017-08-31 04:00:00+00:00,353.55000000000001,358.44,352.81999999999999,355.89999999999998,4208255,42811,356.17263700000001
2017-09-01 04:00:00+00:00,356.12,357.58999999999997,353.6902,355.39999999999998,3120491,33646,355.38315799999998
2017-09-05 04:00:00+00:00,353.80000000000001,355.49000000000001,345.88999999999999,349.58999999999997,3933579,44111,350.324926
2017-09-06 04:00:00+00:00,349.5,350.97899999999998,341.56,344.52999999999997,4315644,44099,345.88821200000001
2017-09-07 04:00:00+00:00,345.98000000000002,352.48000000000002,343.44999999999999,350.61000000000001,4306130,46219,349.09052100000002
2017-09-08 04:00:00+00:00,348.99000000000001,349.77999999999997,342.30000000000001,343.39999999999998,3348933,36411,345.81332600000002
2017-09-11 04:00:00+00:00,351.35000000000002,363.70999999999998,350,363.69,7785821,80483,359.01717600000001
2017-09-12 04:00:00+00:00,364.49000000000001,368.75999999999999,360.39999999999998,362.75,6112229,61722,364.715869
2017-09-13 04:00:00+00:00,363.81999999999999,368.06999999999999,359.58999999999997,366.23000000000002,4344688,40952,364.95503400000001
2017-09-14 04:00:00+00:00,364.32999999999998,377.95999999999998,362.63,377.63999999999999,7410199,69906,372.13698199999999
2017-09-15 04:00:00+00:00,374.50999999999999,380,372.69999999999999,379.81,5788653,50775,377.06714799999997
2017-09-18 04:00:00+00:00,380.25,389.61000000000001,377.68000000000001,385,7351713,70838,384.88251300000002
2017-09-19 04:00:00+00:00,380,382.38999999999999,373.56999999999999,375.10000000000002,6658317,64003,376.57641799999999
2017-09-20 04:00:00+00:00,373,378.24900000000002,371.06999999999999,373.91000000000003,5024276,55367,374.28789999999998
2017-09-21 04:00:00+00:00,374.89999999999998,376.82999999999998,364.50999999999999,366.48000000000002,4710925,46720,369.40712400000001
2017-09-22 04:00:00+00:00,366.49000000000001,369.8999,350.88,351.08999999999997,8242307,84337,357.86371400000002
2017-09-25 04:00:00+00:00,353.14999999999998,357.46899999999999,342.88,344.99000000000001,7784816,75400,348.90092499999997
2017-09-26 04:00:00+00:00,350.93000000000001,351.24000000000001,340.89999999999998,345.25,7672671,68851,346.25384200000002
2017-09-27 04:00:00+00:00,349.89999999999998,351.48899999999998,340.5,340.97000000000003,6167734,62813,344.50682799999998
2017-09-28 04:00:00+00:00,339.88,342.75,335.39999999999998,339.60000000000002,5459159,62440,338.335307
2017-09-29 04:00:00+00:00,341.86000000000001,344.68000000000001,338.601,341.10000000000002,5248607,53201,341.975889
2017-10-02 04:00:00+00:00,342.51999999999998,343.69999999999999,335.50999999999999,341.52999999999997,5375389,55654,339.48727300000002
2017-10-03 04:00:00+00:00,335.89999999999998,348.55000000000001,331.27999999999997,348.13999999999999,10298346,97879,340.66832900000003
2017-10-04 04:00:00+00:00,351.25,358.62,349.60000000000002,355.00999999999999,8298331,79307,355.04672799999997
2017-10-05 04:00:00+00:00,356,357.435,351.35000000000002,355.32999999999998,4289076,38145,354.17706800000002
2017-10-06 04:00:00+00:00,353.10000000000002,360.0992,352.25,356.88,4377078,41514,356.06905499999999
2017-10-09 04:00:00+00:00,349.64999999999998,351.75,342.67000000000002,342.94,7620537,75900,347.69248399999998
2017-10-10 04:00:00+00:00,346.80000000000001,355.63,345.53050000000002,355.58999999999997,7143835,69428,350.74597499999999
2017-10-11 04:00:00+00:00,353.88999999999999,357.60000000000002,351.14999999999998,354.60000000000002,4579511,42096,354.77140700000001
2017-10-12 04:00:00+00:00,352.94999999999999,359.77999999999997,352.63999999999999,355.68000000000001,4196481,40950,356.67156399999999
2017-10-13 04:00:00+00:00,356.98000000000002,358.49000000000001,353.68000000000001,355.56999999999999,3623646,35770,356.065179
2017-10-16 04:00:00+00:00,353.75999999999999,354.48000000000002,347.16000000000003,350.60000000000002,5670400,54053,350.41917899999999
2017-10-17 04:00:00+00:00,350.91000000000003,356.22000000000003,350.06999999999999,355.75,3369230,37170,353.995114
2017-10-18 04:00:00+00:00,355.97000000000003,363,354.13,359.64999999999998,5013780,51776,360.12820399999998
2017-10-19 04:00:00+00:00,355.56,357.1465,348.19999999999999,351.81,5136773,56354,351.57206000000002
2017-10-20 04:00:00+00:00,352.69,354.55000000000001,344.33999999999997,345.10000000000002,5016509,56403,347.64966299999998
2017-10-23 04:00:00+00:00,349.88,349.94999999999999,336.25,337.01999999999998,5851014,60882,343.21932299999997
2017-10-24 04:00:00+00:00,338.80000000000001,342.80000000000001,336.16000000000003,337.33999999999997,4730012,51850,338.998065
2017-10-25 04:00:00+00:00,336.69999999999999,337.5,323.56,325.83999999999997,8676750,83052,328.303425
2017-10-26 04:00:00+00:00,327.77999999999997,330.23000000000002,323.19999999999999,326.17000000000002,5110792,55504,326.18294700000001
2017-10-27 04:00:00+00:00,319.75,324.58999999999997,316.66000000000003,320.87,7174474,82083,320.32492000000002
2017-10-30 04:00:00+00:00,319.18000000000001,323.77999999999997,317.25,320.07999999999998,4350675,48744,320.65494699999999
2017-10-31 04:00:00+00:00,320.23000000000002,331.94999999999999,320.18000000000001,331.52999999999997,5806612,61331,326.66058900000002
2017-11-01 04:00:00+00:00,332.25,332.60890000000001,320.25999999999999,321.07999999999998,8575136,103428,323.71322500000002
2017-11-02 04:00:00+00:00,300.13,308.69,292.63,299.25999999999999,20107908,221567,299.68797899999998
2017-11-03 04:00:00+00:00,299.5,306.25,295.13,306.08999999999997,9053492,96462,300.18929500000002
2017-11-06 05:00:00+00:00,307,307.5,299.00999999999999,302.77999999999997,6623621,71098,301.75611400000003
2017-11-07 05:00:00+00:00,301.01999999999998,306.5,300.02999999999997,306.05000000000001,5428013,56544,302.62785400000001
2017-11-08 05:00:00+00:00,305.5,306.88999999999999,301.30009999999999,304.38999999999999,4825700,48055,303.67784799999998
2017-11-09 05:00:00+00:00,302.5,304.45999999999998,296.30000000000001,302.99000000000001,5534977,58216,300.809957
2017-11-10 05:00:00+00:00,302.5,308.36000000000001,301.85000000000002,302.99000000000001,4708278,45448,304.238542
2017-11-13 05:00:00+00:00,300.13,316.80000000000001,299.11000000000001,315.39999999999998,7707457,81676,310.32701300000002
2017-11-14 05:00:00+00:00,315,316.35000000000002,306.89999999999998,308.69999999999999,5783257,55919,310.60510399999998
2017-11-15 05:00:00+00:00,306.00999999999999,312.49000000000001,301.5,311.30000000000001,6109074,53949,308.53707200000002
2017-11-16 05:00:00+00:00,313.99000000000001,318.13999999999999,311.30000000000001,312.5,6000706,60109,314.847601
2017-11-17 05:00:00+00:00,325.67000000000002,326.67000000000002,313.14999999999998,315.05000000000001,14006269,136126,317.92262299999999
2017-11-20 05:00:00+00:00,313.79000000000002,315.5,304.75,308.74000000000001,8405253,81075,307.960846
2017-11-21 05:00:00+00:00,310.86000000000001,318.23000000000002,308.70999999999998,317.81,7384447,69382,315.05887200000001
2017-11-22 05:00:00+00:00,316.76999999999998,317.42000000000002,311.83999999999997,312.60000000000002,5000173,48178,313.74178599999999
2017-11-24 05:00:00+00:00,313.79000000000002,316.41000000000003,311,315.55000000000001,3363603,30181,314.31980199999998
2017-11-27 05:00:00+00:00,313.25,317.33999999999997,309.50999999999999,316.81,4649728,48934,313.960219
2017-11-28 05:00:00+00:00,316.37,320,313.92000000000002,317.55000000000001,5022920,52936,317.58223500000003
2017-11-29 05:00:00+00:00,317.30000000000001,318,301.23000000000002,307.54000000000002,8858587,84358,307.78388200000001
2017-11-30 05:00:00+00:00,308.56,310.69999999999999,304.54000000000002,308.85000000000002,4523272,43676,308.03106700000001
2017-12-01 05:00:00+00:00,305.44,310.31999999999999,305.05000000000001,306.52999999999997,4376465,45548,307.11739
2017-12-04 05:00:00+00:00,306.5,308.26499999999999,300.61000000000001,305.19999999999999,5931991,58548,305.01070800000002
2017-12-05 05:00:00+00:00,302,308,301,303.69999999999999,5126001,43673,304.63232799999997
2017-12-06 05:00:00+00:00,300.10000000000002,313.38999999999999,300,313.25999999999999,7461606,66619,307.87390599999998
2017-12-07 05:00:00+00:00,312,318.63409999999999,311.05000000000001,311.24000000000001,4912808,54336,314.27639499999998
2017-12-08 05:00:00+00:00,314.60000000000002,316.98000000000002,311.25999999999999,315.13,3545736,40685,314.70065099999999
2017-12-11 05:00:00+00:00,314.63,329.00999999999999,313.75,328.91000000000003,8211532,77142,324.79138499999999
2017-12-12 05:00:00+00:00,330.44999999999999,341.44,330.02999999999997,341.02999999999997,8965825,90044,336.97534300000001
2017-12-13 05:00:00+00:00,340.93000000000001,344.22000000000003,336.5,339.02999999999997,6350986,63408,340.52552100000003
2017-12-14 05:00:00+00:00,341.00999999999999,347.44,336.89999999999998,337.88999999999999,5903123,61568,342.86746499999998
2017-12-15 05:00:00+00:00,342.04000000000002,343.89999999999998,335.75999999999999,343.44999999999999,7940101,59582,341.14922200000001
2017-12-18 05:00:00+00:00,344.89999999999998,346.73000000000002,337.57999999999998,338.87,5613588,54795,342.09757300000001
2017-12-19 05:00:00+00:00,340.25999999999999,341.49250000000001,330.30000000000001,331.10000000000002,7298944,67238,334.01944200000003
2017-12-20 05:00:00+00:00,332.69,333.10000000000002,325.04000000000002,328.98000000000002,6076757,60379,329.04735799999997
2017-12-21 05:00:00+00:00,329.58999999999997,333.74000000000001,327.20999999999998,331.66000000000003,4610878,40198,330.69756699999999
2017-12-22 05:00:00+00:00,329.50999999999999,330.92140000000001,324.81999999999999,325.19999999999999,4283830,46116,328.03077300000001
2017-12-26 05:00:00+00:00,323.82999999999998,323.94,316.57999999999998,317.29000000000002,4449636,55112,319.016617
2017-12-27 05:00:00+00:00,316,317.68000000000001,310.75,311.63999999999999,4809106,53312,313.20539300000002
2017-12-28 05:00:00+00:00,311.75,315.81999999999999,309.54000000000002,315.36000000000001,4377607,44503,313.36802599999999
2017-12-29 05:00:00+00:00,316.18000000000001,316.41000000000003,310,311.35000000000002,3866517,40419,312.44956100000002
2018-01-02 05:00:00+00:00,312,322.10989999999998,311,320.52999999999997,4454393,54315,318.55157500000001
2018-01-03 05:00:00+00:00,321,325.25,315.55000000000001,317.25,4603634,53600,319.92609499999998
2018-01-04 05:00:00+00:00,312.87,318.55000000000001,305.68000000000001,314.62,10425083,112595,312.67334199999999
2018-01-05 05:00:00+00:00,316.62,317.24000000000001,312,316.57999999999998,4677079,55072,315.10596600000002
2018-01-08 05:00:00+00:00,316,337.01990000000001,315.5,336.41000000000003,10081894,108258,331.42877800000002
2018-01-09 05:00:00+00:00,335.16000000000003,338.80000000000001,327.40499999999997,333.69,7263660,89354,333.68075700000003
2018-01-10 05:00:00+00:00,332.19999999999999,337,330,334.80000000000001,4401154,50432,334.06843199999997
2018-01-11 05:00:00+00:00,335.24000000000001,344.80990000000003,333.25999999999999,337.94999999999999,6713728,74838,340.343524
2018-01-12 05:00:00+00:00,338.63,340.41000000000003,333.67000000000002,336.22000000000003,4886771,56026,336.28836100000001
2018-01-16 05:00:00+00:00,337.54000000000002,345,334.80000000000001,340.06,7153306,69632,340.10495600000002
2018-01-17 05:00:00+00:00,340.47000000000003,349,339.75,347.16000000000003,7352422,75167,345.71657099999999
2018-01-18 05:00:00+00:00,345.67000000000002,352.30000000000001,343.74000000000001,344.56999999999999,5830800,63059,348.34822800000001
2018-01-19 05:00:00+00:00,345,350.5899,342.60000000000002,350.01999999999998,4986988,50335,347.06785100000002
2018-01-22 05:00:00+00:00,349.39999999999998,357.82999999999998,349.19999999999999,351.56,6439897,64566,353.87003800000002
2018-01-23 05:00:00+00:00,360,360.5,351,352.79000000000002,5605124,61905,354.75029799999999
2018-01-24 05:00:00+00:00,354.57999999999998,354.75,343.51999999999998,345.74040000000002,5410384,64390,348.30193000000003
2018-01-25 05:00:00+00:00,348.26999999999998,349.19999999999999,336.39999999999998,337.63999999999999,6908488,73141,341.66676799999999
2018-01-26 05:00:00+00:00,341.5,344,335.70999999999998,342.85000000000002,4644430,54762,340.455196
2018-01-29 05:00:00+00:00,339.85000000000002,350.85000000000002,338.27999999999997,349.52999999999997,4890705,50434,345.85194000000001
2018-01-30 05:00:00+00:00,345.13999999999999,348.26999999999998,342.17000000000002,345.81999999999999,4988350,55396,345.73858000000001
2018-01-31 05:00:00+00:00,347.50999999999999,356.19,345.19,354.42000000000002,6530668,61722,352.43537700000002
2018-02-01 05:00:00+00:00,351,359.66000000000003,348.63,349.25,4377167,50057,353.42993200000001
2018-02-02 05:00:00+00:00,348.44,351.94999999999999,340.50999999999999,343.79000000000002,3800722,48589,345.14293199999997
2018-02-05 05:00:00+00:00,337.97000000000003,344.47000000000003,333,333.25,4679297,56365,338.07668200000001
2018-02-06 05:00:00+00:00,325.20999999999998,336.22000000000003,323.5,333.63,5348539,63351,330.37199299999997
2018-02-07 05:00:00+00:00,338.99000000000001,346,335.66000000000003,345,7143523,82995,342.19082400000002
2018-02-08 05:00:00+00:00,343.31,348.62,314.60000000000002,315.23000000000002,10517138,118116,328.69824
2018-02-09 05:00:00+00:00,319.93000000000001,320.98450000000003,294.75999999999999,310.42000000000002,13054969,151328,306.44581399999998
2018-02-12 05:00:00+00:00,316.13,318.07999999999998,306.25,315.73000000000002,6345597,71754,312.25418300000001
2018-02-13 05:00:00+00:00,315.01999999999998,324.19,312.51049999999998,323.66000000000003,4675975,54941,320.22165799999999
2018-02-14 05:00:00+00:00,320.83999999999997,326.17000000000002,318.51999999999998,322.31,4049070,49330,323.20642800000002
2018-02-15 05:00:00+00:00,324.5,334.12,322.39999999999998,334.065,6001696,62635,329.144473
2018-02-16 05:00:00+00:00,332.5,343.12,331.63999999999999,335.49000000000001,5743069,58517,337.90262200000001
2018-02-20 05:00:00+00:00,334.47000000000003,340.83999999999997,331.5,334.76999999999998,4078512,49010,336.76319599999999
2018-02-21 05:00:00+00:00,336.02999999999997,339.69290000000001,333.17000000000002,333.30000000000001,3280469,38157,336.83238799999998
2018-02-22 05:00:00+00:00,335.52999999999997,347.44,334.75009999999997,346.17000000000002,7117246,85670,344.019811
2018-02-23 05:00:00+00:00,347.82999999999998,354.99000000000001,347.10000000000002,352.05000000000001,5924890,71225,352.10015099999998
2018-02-26 05:00:00+00:00,353.5,359,352.35500000000002,357.42000000000002,4419225,49266,356.976855
2018-02-27 05:00:00+00:00,356.25,359.99000000000001,350.00999999999999,350.99000000000001,4869837,62876,354.34373599999998
2018-02-28 05:00:00+00:00,352.56999999999999,355.24000000000001,342.22000000000003,343.06,6176099,63611,346.948397
2018-03-01 05:00:00+00:00,345.00999999999999,348.67000000000002,330.06999999999999,330.93000000000001,6960845,77549,336.34195699999998
2018-03-02 05:00:00+00:00,326.98000000000002,335.22000000000003,322.97000000000003,335.12,5206726,56780,329.51483400000001
2018-03-05 05:00:00+00:00,332.38999999999999,337.75,329.29289999999997,333.35000000000002,3903322,45636,334.00167399999998
2018-03-06 05:00:00+00:00,333.75,336.37,327.02999999999997,328.19999999999999,4542444,48094,330.972893
2018-03-07 05:00:00+00:00,325.44,332.5,321.74000000000001,332.30000000000001,5106964,55654,326.00733700000001
2018-03-08 05:00:00+00:00,332.86000000000001,333.30000000000001,326.274,329.10000000000002,3622267,42924,329.494192
2018-03-09 05:00:00+00:00,324.10000000000002,328.49000000000001,322.37,327.17000000000002,5604104,60272,326.04121900000001
2018-03-12 04:00:00+00:00,328.61000000000001,347.20999999999998,326.5,345.50999999999999,8528789,90713,340.89502499999998
2018-03-13 04:00:00+00:00,344.92000000000002,345.12,336.26350000000002,341.83999999999997,6052251,62881,340.63955199999998
2018-03-14 04:00:00+00:00,336.75999999999999,339.81,323.93000000000001,326.63,8081938,90083,331.03070000000002
2018-03-15 04:00:00+00:00,329.38,332.85000000000002,321.10000000000002,325.60000000000002,6755983,67790,326.38552900000002
2018-03-16 04:00:00+00:00,325.95999999999998,327.39999999999998,319.06999999999999,321.35000000000002,6403041,60488,322.24741999999998
2018-03-19 04:00:00+00:00,316.5,320.75,309.67000000000002,313.56,7610252,86025,313.88584100000003
2018-03-20 04:00:00+00:00,314.87,316.25,308.75999999999999,310.55000000000001,4860201,54469,311.86023799999998
2018-03-21 04:00:00+00:00,310.25,322.44,310.19,316.52999999999997,6052119,65658,317.92130400000002
2018-03-22 04:00:00+00:00,313.88999999999999,318.81999999999999,308.18000000000001,309.10000000000002,5240100,56579,311.80391100000003
2018-03-23 04:00:00+00:00,311.25,311.61000000000001,300.44999999999999,301.54000000000002,6774306,80749,304.12152200000003
2018-03-26 04:00:00+00:00,307.33999999999997,307.58999999999997,291.36000000000001,304.18000000000001,8522163,111908,299.52889299999998
2018-03-27 04:00:00+00:00,304,304.26999999999998,277.18000000000001,279.18000000000001,14070445,170769,288.76679899999999
2018-03-28 04:00:00+00:00,264.57999999999998,268.68000000000001,252.09999999999999,257.77999999999997,21315802,245236,260.17450400000001
2018-03-29 04:00:00+00:00,256.49000000000001,270.9599,248.21000000000001,266.13,15405793,176528,259.16865799999999
2018-04-02 04:00:00+00:00,256.25999999999999,260.33179999999999,244.59010000000001,252.47999999999999,16371667,175212,251.767672
2018-04-03 04:00:00+00:00,269.81999999999999,273.35000000000002,254.49000000000001,267.52999999999997,19282525,199521,264.59771000000001
2018-04-04 04:00:00+00:00,252.78,288.37,252,286.94,20232271,204275,274.46981699999998
2018-04-05 04:00:00+00:00,289.33999999999997,306.25999999999999,288.19999999999999,305.72000000000003,19628588,193016,298.65792800000003
2018-04-06 04:00:00+00:00,301,309.27999999999997,295.5,299.30000000000001,13864445,137629,301.57910900000002
2018-04-09 04:00:00+00:00,300.37,309.5,289.20999999999998,289.63,10563097,105089,299.42664200000002
2018-04-10 04:00:00+00:00,298.63,307.10000000000002,293.68000000000001,304.69999999999999,11373658,109951,302.68289900000002
2018-04-11 04:00:00+00:00,300.74029999999999,308.98000000000002,299.66000000000003,300.93000000000001,7697857,74460,304.06222200000002
2018-04-12 04:00:00+00:00,302.31999999999999,303.94999999999999,293.68000000000001,294.07999999999998,7800053,75565,297.30296700000002
2018-04-13 04:00:00+00:00,303.60000000000002,303.94990000000001,295.98000000000002,300.33999999999997,7610267,73229,300.07563599999997
2018-04-16 04:00:00+00:00,299,299.66000000000003,289.00999999999999,291.20999999999998,6494074,72110,292.27243600000003
2018-04-17 04:00:00+00:00,288.87,292.17000000000002,282.50999999999999,287.69,7155728,79486,287.43113299999999
2018-04-18 04:00:00+00:00,291.07999999999998,300.24000000000001,288.16000000000003,293.35000000000002,6638385,68161,294.655823
2018-04-19 04:00:00+00:00,291.07999999999998,301.00999999999999,288.55000000000001,300.07999999999998,6285457,64056,295.90428600000001
2018-04-20 04:00:00+00:00,295.17000000000002,299.98000000000002,289.75,290.24000000000001,5972677,58058,294.07985500000001
2018-04-23 04:00:00+00:00,291.29000000000002,291.62,282.32999999999998,283.37,4980379,54973,286.15404899999999
2018-04-24 04:00:00+00:00,285,287.08999999999997,278.45999999999998,283.45999999999998,6106074,57615,282.85942
2018-04-25 04:00:00+00:00,283.5,285.16000000000003,277.25,280.69,4091497,49052,280.724018
2018-04-26 04:00:00+00:00,278.75,285.79000000000002,276.5,285.48000000000002,4464088,49800,282.10034899999999
2018-04-27 04:00:00+00:00,285.37,294.47000000000003,283.82999999999998,294.07499999999999,4438680,52669,289.743222
2018-04-30 04:00:00+00:00,293.61000000000001,298.73000000000002,292.5,293.89999999999998,4350671,51252,295.55220100000003
2018-05-01 04:00:00+00:00,293.50999999999999,300.81999999999999,293.22000000000003,299.92000000000002,4924632,49036,297.28512599999999
2018-05-02 04:00:00+00:00,298.68000000000001,301.14999999999998,298.68000000000001,301.14999999999998,91140,2,300.18953499999998
2018-05-03 04:00:00+00:00,278.80000000000001,284.44999999999999,278.80000000000001,284.44999999999999,255892,159,280.62835100000001
2018-05-04 04:00:00+00:00,283,296.86000000000001,279.51999999999998,294.08999999999997,8732001,93982,289.42018200000001
2018-05-07 04:00:00+00:00,297.5,305.9588,295.17000000000002,302.76999999999998,8794704,90776,301.238428
2018-05-08 04:00:00+00:00,300.7953,307.75,299,301.97000000000003,6006628,65675,303.50415299999997
2018-05-09 04:00:00+00:00,300.41000000000003,307.00999999999999,300.05000000000001,306.85000000000002,5821898,59427,303.37126999999998
2018-05-10 04:00:00+00:00,307.49970000000002,312.99000000000001,304.11189999999999,305.01999999999998,5819362,62854,308.10362800000001
2018-05-11 04:00:00+00:00,307.69999999999999,308.88,299.07999999999998,301.06,4748399,58521,302.21269599999999
2018-05-14 04:00:00+00:00,303.31999999999999,304.94,291.62,291.97000000000003,7399751,83930,297.81463100000002
2018-05-15 04:00:00+00:00,285.00999999999999,286.95999999999998,280.5,284.18000000000001,9730923,110682,283.417281
2018-05-16 04:00:00+00:00,283.82999999999998,288.81,281.56,286.48000000000002,5783328,65623,285.00043299999999
2018-05-17 04:00:00+00:00,285.89999999999998,289.18729999999999,283.97000000000003,284.54000000000002,4513746,50329,286.18883399999999
2018-05-18 04:00:00+00:00,284.64999999999998,284.64999999999998,274,276.81999999999999,7386002,93310,278.09539699999999
2018-05-21 04:00:00+00:00,281.32999999999998,291.49000000000001,281.30000000000001,284.49000000000001,9318558,97921,285.882927
2018-05-22 04:00:00+00:00,287.762,288,273.42200000000003,275.00999999999999,9058451,107701,277.31879400000003
2018-05-23 04:00:00+00:00,277.75999999999999,279.90989999999999,274,279.06999999999999,6120875,68535,276.76789000000002
2018-05-24 04:00:00+00:00,278.39999999999998,281.11000000000001,274.88999999999999,277.85000000000002,4273906,44542,277.865882
2018-05-25 04:00:00+00:00,277.62520000000001,279.63999999999999,275.61000000000001,278.85000000000002,3942442,44219,277.79410300000001
2018-05-29 04:00:00+00:00,278.50999999999999,286.5,276.14999999999998,283.75999999999999,5778032,59933,282.32596799999999
2018-05-30 04:00:00+00:00,283.29000000000002,295.005,281.60000000000002,291.72000000000003,7597427,82577,289.253692
2018-05-31 04:00:00+00:00,287.20999999999998,290.37,282.93000000000001,284.73000000000002,6200896,67785,285.98485799999997
2018-06-01 04:00:00+00:00,285.86000000000001,291.94999999999999,283.839,291.81999999999999,5548159,66382,289.23730699999999
2018-06-04 04:00:00+00:00,294.33999999999997,299,293.548,296.74000000000001,4927126,59865,296.83252700000003
2018-06-05 04:00:00+00:00,297.69999999999999,297.80000000000001,286.74000000000001,291.13,6117228,79003,290.65881300000001
2018-06-06 04:00:00+00:00,300.5,322.17000000000002,297.48000000000002,319.5,19198309,217238,311.32950499999998
2018-06-07 04:00:00+00:00,316.14999999999998,330,313.57999999999998,316.08999999999997,14545692,154329,321.99851200000001
2018-06-08 04:00:00+00:00,319,324.48000000000002,317.14999999999998,317.66000000000003,8355978,82374,320.034672
2018-06-11 04:00:00+00:00,322.50999999999999,334.66000000000003,322.5,332.10000000000002,13333476,139731,329.90530000000001
2018-06-12 04:00:00+00:00,344.69999999999999,354.97000000000003,338,342.76999999999998,22636154,230673,345.82431600000001
2018-06-13 04:00:00+00:00,346.70600000000002,347.19999999999999,339.80000000000001,344.77999999999997,9787698,99107,344.33579800000001
2018-06-14 04:00:00+00:00,347.63,358.75,346.60000000000002,357.72000000000003,11173759,117727,353.948126
2018-06-15 04:00:00+00:00,353.83999999999997,364.67000000000002,351.25,358.17000000000002,11345780,109970,358.704408
2018-06-18 04:00:00+00:00,355.39999999999998,373.73000000000002,354.5,370.82999999999998,12418784,130809,366.51740899999999
2018-06-19 04:00:00+00:00,365.16000000000003,370,346.25,352.55000000000001,12995661,141786,355.179011
2018-06-20 04:00:00+00:00,358.04000000000002,364.38,352,362.22000000000003,8563126,93242,358.31070599999998
2018-06-21 04:00:00+00:00,362,366.21390000000002,346.26999999999998,347.50999999999999,8101907,97186,353.109872
2018-06-22 04:00:00+00:00,351.54000000000002,352.25,332,333.63,10585643,120304,337.85422799999998
2018-06-25 04:00:00+00:00,330.12,338.47000000000003,327.5,333.00999999999999,7086636,89615,332.10467499999999
2018-06-26 04:00:00+00:00,336.05399999999997,343.55000000000001,325.79899999999998,342,7698202,82905,335.41914100000002
2018-06-27 04:00:00+00:00,345,350.79000000000002,339.5,344.52499999999998,8436423,90608,345.98769299999998
2018-06-28 04:00:00+00:00,348.66000000000003,357.01999999999998,346.11000000000001,349.93000000000001,8552509,92990,352.66243500000002
2018-06-29 04:00:00+00:00,353.32999999999998,353.86000000000001,342.41000000000003,342.94999999999999,6661619,69496,347.649292
2018-07-02 04:00:00+00:00,360.06999999999999,364.77999999999997,329.85000000000002,335.06999999999999,18934447,195544,344.27245599999998
2018-07-03 04:00:00+00:00,331.75,332.49000000000001,309.69,310.86000000000001,12429909,145082,319.25634300000002
2018-07-05 04:00:00+00:00,313.63999999999999,314.38999999999999,296.22000000000003,309.16000000000003,17689486,198124,306.23658499999999
2018-07-06 04:00:00+00:00,304.9545,312.06999999999999,302,308.89999999999998,9009950,92656,307.91564899999997
2018-07-09 04:00:00+00:00,311.99000000000001,318.51999999999998,308,318.50999999999999,7792199,89335,313.46598399999999
2018-07-10 04:00:00+00:00,324.56,327.6771,319.19999999999999,322.47000000000003,9622537,100119,323.00150100000002
2018-07-11 04:00:00+00:00,315.80000000000001,321.94,315.06999999999999,318.95999999999998,5003246,53223,318.46289100000001
2018-07-12 04:00:00+00:00,321.43000000000001,323.23000000000002,312.76999999999998,316.70999999999998,5823133,72918,316.286948
2018-07-13 04:00:00+00:00,315.57999999999998,319.5849,309.25,318.87,5963517,60892,315.13789000000003
2018-07-16 04:00:00+00:00,311.70999999999998,315.16000000000003,306.25,310.10000000000002,7913988,83834,309.09576800000002
2018-07-17 04:00:00+00:00,308.81,324.74000000000001,308.5,322.69,7114321,88196,317.81039500000003
2018-07-18 04:00:00+00:00,325,325.5,316.25,323.85000000000002,5865920,58362,322.07337899999999
2018-07-19 04:00:00+00:00,316.32999999999998,323.54000000000002,314.00999999999999,320.23000000000002,6027748,61501,318.24730399999999
2018-07-20 04:00:00+00:00,321.23000000000002,323.24000000000001,311.70929999999998,313.57999999999998,5299267,57195,316.03946200000001
2018-07-23 04:00:00+00:00,301.83999999999997,305.5,292.86009999999999,303.19999999999999,11165098,137334,300.24211400000002
2018-07-24 04:00:00+00:00,304.42090000000002,307.71710000000002,292.54520000000002,297.43000000000001,9778666,110868,298.24936500000001
2018-07-25 04:00:00+00:00,296.74000000000001,309.62,294.5025,308.74000000000001,7219784,78933,302.848997
2018-07-26 04:00:00+00:00,304.85000000000002,310.69999999999999,303.64109999999999,306.64999999999998,4816787,53657,306.492366
2018-07-27 04:00:00+00:00,307.25,307.69330000000002,295.34039999999999,297.18000000000001,5818360,71074,299.81283200000001
2018-07-30 04:00:00+00:00,295.89999999999998,296.10000000000002,286.13,290.17000000000002,6937374,89817,290.81488400000001
2018-07-31 04:00:00+00:00,292.25,298.31999999999999,289.06999999999999,298.13999999999999,5267737,60450,295.19815899999998
2018-08-01 04:00:00+00:00,297.99000000000001,303,293,300.83999999999997,10223938,122542,298.92458399999998
2018-08-02 04:00:00+00:00,328.44,349.99000000000001,323.16000000000003,349.54000000000002,23555537,263308,336.19648699999999
2018-08-03 04:00:00+00:00,347.81,355,342.52999999999997,348.17000000000002,13822992,173328,349.067971
2018-08-06 04:00:00+00:00,345.45999999999998,354.98000000000002,341.81999999999999,341.99000000000001,8707735,94745,348.833686
2018-08-07 04:00:00+00:00,343.83999999999997,387.45999999999998,339.15010000000001,379.56999999999999,31039717,332458,363.941281
2018-08-08 04:00:00+00:00,369.08999999999997,382.63999999999999,367.12,370.33999999999997,24881027,278774,374.15138400000001
2018-08-09 04:00:00+00:00,365.55000000000001,367.00999999999999,345.73000000000002,352.44999999999999,17366342,195135,355.26223299999998
2018-08-10 04:00:00+00:00,354,360,346,355.52999999999997,11655079,119688,353.75083999999998
2018-08-13 04:00:00+00:00,361.13,363.19,349.01999999999998,356.41000000000003,10587441,116538,356.39654300000001
2018-08-14 04:00:00+00:00,358.44999999999999,359.1995,347.10000000000002,347.63999999999999,7082661,77381,353.65783499999998
2018-08-15 04:00:00+00:00,341.90589999999997,344.49000000000001,332.13999999999999,338.69,9208265,115319,337.95197000000002
2018-08-16 04:00:00+00:00,339.91000000000003,342.27999999999997,333.81999999999999,335.44999999999999,6175918,73883,337.36968000000002
2018-08-17 04:00:00+00:00,323.5,326.76999999999998,303.52999999999997,305.5,19112561,222567,310.677592
2018-08-20 04:00:00+00:00,291.70350000000002,308.5,288.19999999999999,308.44,17888244,210794,300.57464900000002
2018-08-21 04:00:00+00:00,310.61000000000001,324.79000000000002,309,321.89999999999998,13333150,139917,318.57591300000001
2018-08-22 04:00:00+00:00,320.87,323.88,314.67000000000002,321.63999999999999,6026783,61538,319.32016199999998
2018-08-23 04:00:00+00:00,319.13999999999999,327.31999999999999,318.10000000000002,320.10000000000002,5267206,51966,322.26530400000001
2018-08-24 04:00:00+00:00,320.69999999999999,323.85000000000002,319.39999999999998,322.81999999999999,3654251,43346,321.89879300000001
2018-08-27 04:00:00+00:00,318,322.435,308.81,319.26999999999998,13269087,134356,315.92381799999998
2018-08-28 04:00:00+00:00,318.41000000000003,318.88,311.19,311.86000000000001,7757890,80309,314.66875599999997
2018-08-29 04:00:00+00:00,310.26999999999998,311.85000000000002,303.69,305.00999999999999,7575626,82229,306.70420000000001
2018-08-30 04:00:00+00:00,302.25999999999999,304.60000000000002,297.72000000000003,303.14999999999998,7325797,90847,300.68091500000003
2018-08-31 04:00:00+00:00,302,305.3082,298.60000000000002,301.66000000000003,5507226,70160,300.88060000000002
2018-09-04 04:00:00+00:00,296.94,298.19,288,288.94999999999999,8516904,112779,292.51010000000002
2018-09-05 04:00:00+00:00,285.05000000000001,286.77999999999997,277.18000000000001,280.74000000000001,7892472,110285,281.10474499999998
2018-09-06 04:00:00+00:00,284.80000000000001,291.17000000000002,278.88,280.94999999999999,7756748,92480,283.99070499999999
2018-09-07 04:00:00+00:00,260.10000000000002,268.35000000000002,252.25479999999999,263.24000000000001,22728908,259645,261.716949
2018-09-10 04:00:00+00:00,273.25999999999999,286.02999999999997,271,285.5,14573665,156183,277.91532100000001
2018-09-11 04:00:00+00:00,279.47000000000003,282,273.55000000000001,279.44,9472890,106578,277.29549500000002
2018-09-12 04:00:00+00:00,281.44,292.5,278.6463,290.54000000000002,10214406,126713,287.78748100000001
2018-09-13 04:00:00+00:00,288.01999999999998,295,285.18000000000001,289.45999999999998,6439646,80975,289.62346700000001
2018-09-14 04:00:00+00:00,288.75999999999999,297.32560000000001,286.51999999999998,295.19999999999999,6863554,90715,293.11082099999999
2018-09-17 04:00:00+00:00,290.04000000000002,300.87,288.13,294.83999999999997,7030361,80603,295.26003300000002
2018-09-18 04:00:00+00:00,296.69,302.63999999999999,275.5,284.95999999999998,16960375,192939,286.63406700000002
2018-09-19 04:00:00+00:00,280.50999999999999,300,280.5,299.01999999999998,8453279,101957,292.05447400000003
2018-09-20 04:00:00+00:00,303.56,305.98000000000002,293.32999999999998,298.32999999999998,7511143,88738,299.59625699999998
2018-09-21 04:00:00+00:00,297.69999999999999,300.57999999999998,295.37,299.10000000000002,5337519,57349,298.04807099999999
2018-09-24 04:00:00+00:00,298.48000000000002,302.99930000000001,293.57999999999998,299.68000000000001,4954572,59344,298.55264599999998
2018-09-25 04:00:00+00:00,300,304.60000000000002,296.5,300.99000000000001,4550262,53559,299.69482599999998
2018-09-26 04:00:00+00:00,301.91000000000003,313.88999999999999,301.10930000000002,309.57999999999998,7969581,96018,308.62459899999999
2018-09-27 04:00:00+00:00,312.89999999999998,314.95999999999998,306.91000000000003,307.51999999999998,8619128,119790,309.83998800000001
2018-09-28 04:00:00+00:00,270.20999999999998,278,260.55500000000001,264.76999999999998,33978934,387263,268.94773300000003
2018-10-01 04:00:00+00:00,305.76999999999998,311.44,301.05000000000001,310.69999999999999,22198800,241266,307.61909800000001
2018-10-02 04:00:00+00:00,313.94999999999999,316.83999999999997,299.14999999999998,301.01999999999998,11913031,132573,306.36431599999997
2018-10-03 04:00:00+00:00,303.32999999999998,304.60000000000002,291.56999999999999,294.80000000000001,8088840,88612,296.02980200000002
2018-10-04 04:00:00+00:00,293.94999999999999,294,277.67000000000002,281.82999999999998,9934523,130859,283.20193499999999
2018-10-05 04:00:00+00:00,274.64999999999998,274.88,260,261.94999999999999,18165151,235332,265.51455900000002
2018-10-08 04:00:00+00:00,264.51999999999998,267.75990000000002,249,250.56,13669089,189022,255.33724799999999
2018-10-09 04:00:00+00:00,255.25,266.76999999999998,253.30000000000001,262.80000000000001,12283864,162454,261.44379199999997
2018-10-10 04:00:00+00:00,264.61000000000001,265.50999999999999,247.77000000000001,256.88,12987926,172343,255.22958600000001
2018-10-11 04:00:00+00:00,257.52999999999997,262.25,249.03,252.22999999999999,8325842,110946,253.69970499999999
2018-10-12 04:00:00+00:00,261,261.99000000000001,252.00999999999999,258.77999999999997,7341330,96252,257.03560800000002
2018-10-15 04:00:00+00:00,259.06,263.27999999999997,254.5367,259.58999999999997,6335062,72037,258.82587799999999
2018-10-16 04:00:00+00:00,265.69999999999999,277.375,262.24000000000001,276.58999999999997,9679024,117168,271.54330299999998
2018-10-17 04:00:00+00:00,282.39999999999998,282.69999999999999,265.8032,271.77999999999997,8809584,112255,272.26260400000001
2018-10-18 04:00:00+00:00,269.29000000000002,271,263,263.91000000000003,5570901,65628,266.25955499999998
2018-10-19 04:00:00+00:00,267.38999999999999,269.66000000000003,253.5,260,9611080,108824,259.79934900000001
2018-10-22 04:00:00+00:00,260.68000000000001,261.86000000000001,252.59,260.94999999999999,5705568,66101,257.83586200000002
2018-10-23 04:00:00+00:00,263.87,297.93000000000001,262.10000000000002,294.13999999999999,19700775,228209,283.410211
2018-10-24 04:00:00+00:00,301.05000000000001,304.44,285.73000000000002,288.5,20370527,248803,293.55321300000003
2018-10-25 04:00:00+00:00,317.22000000000003,321,301.00999999999999,314.86000000000001,21367845,247723,311.14095500000002
2018-10-26 04:00:00+00:00,308.25,339.89999999999998,306.64999999999998,330.89999999999998,27716059,319143,324.93473299999999
2018-10-29 04:00:00+00:00,337.43000000000001,347.16000000000003,326.5,334.85000000000002,14751455,162822,338.678403
2018-10-30 04:00:00+00:00,328.38999999999999,337.8999,322.25999999999999,329.89999999999998,9288780,100166,330.70770599999997
2018-10-31 04:00:00+00:00,332.54000000000002,342,329.10000000000002,337.31999999999999,7792558,86755,337.07085599999999
2018-11-01 04:00:00+00:00,338.25999999999999,347.83999999999997,334.72500000000002,344.27999999999997,8111932,86521,343.71891499999998
2018-11-02 04:00:00+00:00,343.74000000000001,349.19999999999999,340.91000000000003,346.41000000000003,7897460,77079,344.76144099999999
2018-11-05 05:00:00+00:00,340.5,343.95499999999998,330.13999999999999,341.39999999999998,7939121,81444,337.445832
2018-11-06 05:00:00+00:00,339.06999999999999,348.80000000000001,336.08999999999997,341.06,6893414,70298,344.24289499999998
2018-11-07 05:00:00+00:00,343.33999999999997,351.18000000000001,340.80000000000001,348.16000000000003,7501553,76778,348.13189499999999
2018-11-08 05:00:00+00:00,348.5,357.57549999999998,348.44,351.39999999999998,7173299,71297,352.74298499999998
2018-11-09 05:00:00+00:00,349,354,345.23000000000002,350.50999999999999,5193211,55982,349.73789199999999
2018-11-12 05:00:00+00:00,348.37,349.77999999999997,330.33999999999997,331.27999999999997,7050573,74516,339.018169
2018-11-13 05:00:00+00:00,333.16000000000003,344.69999999999999,332.19999999999999,338.73000000000002,5539492,62008,339.87126699999999
2018-11-14 05:00:00+00:00,342.69999999999999,347.11000000000001,337.14999999999998,344,5149899,55995,342.03506299999998
2018-11-15 05:00:00+00:00,342.32999999999998,348.57999999999998,339.04000000000002,348.44,4709855,52153,344.38908700000002
2018-11-16 05:00:00+00:00,345.19,355.69999999999999,345.12009999999998,354.31,7309114,76460,352.578936
2018-11-19 05:00:00+00:00,356.33999999999997,366.75,352.88,353.47000000000003,9853558,102707,359.24265400000002
2018-11-20 05:00:00+00:00,341.75,349.80000000000001,333.55000000000001,347.49000000000001,8154711,91401,343.84877499999999
2018-11-21 05:00:00+00:00,352,353.10000000000002,337.39949999999999,338.19,4773007,53694,341.97950200000002
2018-11-23 05:00:00+00:00,334.34500000000003,337.5,325.55000000000001,325.82999999999998,4334193,49604,329.730412
2018-11-26 05:00:00+00:00,325,346.22000000000003,325,346,8151152,88917,338.623017
2018-11-27 05:00:00+00:00,340.05000000000001,346.95999999999998,335.5,343.92000000000002,6556158,62726,341.95995799999997
2018-11-28 05:00:00+00:00,345.99000000000001,348.27999999999997,342.20999999999998,347.87,4225439,44523,345.69432599999999
2018-11-29 05:00:00+00:00,347,347.5,339.55000000000001,341.17000000000002,3142606,37510,342.80423300000001
2018-11-30 05:00:00+00:00,341.82999999999998,351.60000000000002,338.26479999999998,350.48000000000002,5794448,61618,347.972081
2018-12-03 05:00:00+00:00,360,366,352,358.49000000000001,8513318,91634,360.52288299999998
2018-12-04 05:00:00+00:00,356.05000000000001,368.68000000000001,352,359.69999999999999,8596218,92000,361.49220500000001
2018-12-06 05:00:00+00:00,356.00999999999999,367.38,350.75999999999999,363.06,8105543,89367,358.945806
2018-12-07 05:00:00+00:00,369,379.49000000000001,357.64999999999998,357.96499999999997,11686944,128033,369.85122799999999
2018-12-10 05:00:00+00:00,360,365.98000000000002,353.12,365.14999999999998,6723273,73466,360.26279099999999
2018-12-11 05:00:00+00:00,369.91000000000003,372.16890000000001,360.23000000000002,366.75999999999999,6411544,68592,367.16105599999997
2018-12-12 05:00:00+00:00,369.42000000000002,371.91000000000003,365.16000000000003,366.60000000000002,5174340,51191,368.19635099999999
2018-12-13 05:00:00+00:00,370.14999999999998,377.44,366.75,376.79000000000002,7499229,78729,372.556423
2018-12-14 05:00:00+00:00,375,377.87,364.32999999999998,365.70999999999998,6465723,69701,371.63410800000003
2018-12-17 05:00:00+00:00,362,365.69999999999999,343.88,348.42000000000002,7849970,83589,355.431848
2018-12-18 05:00:00+00:00,350.54000000000002,351.55000000000001,333.69,337.02999999999997,7229884,82160,343.05858000000001
2018-12-19 05:00:00+00:00,337.60000000000002,347.00999999999999,329.74000000000001,332.97000000000003,8398557,81950,338.26874500000002
2018-12-20 05:00:00+00:00,327.05349999999999,330.29000000000002,311.86900000000003,315.38,9561889,100233,319.74393800000001
2018-12-21 05:00:00+00:00,317.39999999999998,323.47000000000003,312.44,319.76999999999998,8545782,91549,318.442903
2018-12-24 05:00:00+00:00,313.5,314.5,295.19499999999999,295.38999999999999,5694345,69379,301.21594399999998
2018-12-26 05:00:00+00:00,300,326.97000000000003,294.08999999999997,326.08999999999997,8350336,95284,308.50579499999998
2018-12-27 05:00:00+00:00,319.83999999999997,322.17169999999999,301.5,316.13,8695776,98647,310.68807500000003
2018-12-28 05:00:00+00:00,323.10000000000002,336.24000000000001,318.41000000000003,333.87,10405372,104503,328.51525199999998
2018-12-31 05:00:00+00:00,337.79000000000002,339.20999999999998,325.25999999999999,332.80000000000001,6475773,68595,330.57498399999997
2019-01-02 05:00:00+00:00,306.10000000000002,315.13,298.80000000000001,310.12,11836650,144873,307.46067900000003
2019-01-03 05:00:00+00:00,307,309.39999999999998,297.38,300.36000000000001,7087451,81545,302.17571500000003
2019-01-04 05:00:00+00:00,306,318,302.73000000000002,317.69,7538704,84464,311.95979699999998
2019-01-07 05:00:00+00:00,321.72000000000003,336.74000000000001,317.75080000000003,334.95999999999998,7660432,87650,330.72297900000001
2019-01-08 05:00:00+00:00,341.95999999999998,344.00999999999999,327.01999999999998,335.35000000000002,7212138,75881,335.39371299999999
2019-01-09 05:00:00+00:00,335.5,343.5025,331.47000000000003,338.52999999999997,5524550,60078,339.13163300000002
2019-01-10 05:00:00+00:00,334.39999999999998,345.38999999999999,331.79000000000002,344.97000000000003,6144686,68050,340.202293
2019-01-11 05:00:00+00:00,342.08999999999997,348.41000000000003,338.76999999999998,347.25999999999999,5127247,56675,343.90040699999997
2019-01-14 05:00:00+00:00,342.38,342.5,334,334.39999999999998,5332763,58464,338.11716200000001
2019-01-15 05:00:00+00:00,335,348.80000000000001,334.5,344.43000000000001,6137837,70892,344.00895600000001
2019-01-16 05:00:00+00:00,344.77999999999997,352,343.5,346.05000000000001,4789618,52794,348.735589
2019-01-17 05:00:00+00:00,346.20999999999998,351.5,344.14999999999998,347.31,3766877,41335,347.76609000000002
2019-01-18 05:00:00+00:00,323,327.12970000000001,299.73009999999999,302.25999999999999,24359859,284608,311.15715599999999
2019-01-22 05:00:00+00:00,304.81999999999999,308,295.5,298.92000000000002,12307082,134792,299.708012
2019-01-23 05:00:00+00:00,292.5,294.5,281.69,287.58999999999997,12730262,153488,287.939639
2019-01-24 05:00:00+00:00,283.02999999999997,293.68000000000001,279.28309999999999,291.50999999999999,8234064,92159,287.978116
2019-01-25 05:00:00+00:00,294.38999999999999,298.51949999999999,289.55000000000001,297.04000000000002,7365489,83003,294.31906099999998
2019-01-28 05:00:00+00:00,292.91000000000003,297.45999999999998,287.75,296.38,6536493,74273,293.44520999999997
2019-01-29 05:00:00+00:00,295.26999999999998,298.5566,291.80000000000001,297.45999999999998,4704262,53973,295.63127300000002
2019-01-30 05:00:00+00:00,300.44999999999999,309,298.49000000000001,308.76999999999998,11365394,140201,303.24533600000001
2019-01-31 05:00:00+00:00,301,311.56360000000001,294,307.01999999999998,12747995,141567,304.93669599999998
2019-02-01 05:00:00+00:00,305.42000000000002,316.10000000000002,303.5,312.20999999999998,7373679,83571,311.69244600000002
2019-02-04 05:00:00+00:00,312.98000000000002,315.30000000000001,301.88,312.88999999999999,7450525,80471,310.877273
2019-02-05 05:00:00+00:00,312.49000000000001,322.44,312.24939999999998,321.35000000000002,6838653,78406,319.34546999999998
2019-02-06 05:00:00+00:00,319.58999999999997,324.24000000000001,315.62400000000002,317.22000000000003,5133980,56123,319.38331199999999
2019-02-07 05:00:00+00:00,313.30000000000001,314.69999999999999,303,307.50999999999999,6621295,76035,308.51352400000002
2019-02-08 05:00:00+00:00,306.82999999999998,307.44499999999999,298.5,305.80000000000001,5913114,69817,302.89606199999997
2019-02-11 05:00:00+00:00,311.60000000000002,318.60000000000002,310.5,312.83999999999997,7231107,76790,314.631417
2019-02-12 05:00:00+00:00,316.19999999999999,318.19,309.62,311.81,5638784,58003,314.34641599999998
2019-02-13 05:00:00+00:00,312.35000000000002,312.75,305.56999999999999,308.17000000000002,5247339,56322,308.34981900000002
2019-02-14 05:00:00+00:00,303.38,306.76999999999998,301,303.76999999999998,5334815,57502,304.058515
2019-02-15 05:00:00+00:00,304.5,308,303.89999999999998,307.88,4009317,42988,306.58728000000002
2019-02-19 05:00:00+00:00,306.56,311.54419999999999,305.47000000000003,305.63999999999999,4248072,46465,308.20243599999998
2019-02-20 05:00:00+00:00,304.41000000000003,306.30000000000001,299,302.56,7239810,86381,302.41838000000001
2019-02-21 05:00:00+00:00,301.80000000000001,303.23989999999998,290.5,291.23000000000002,9094718,103732,296.18775299999999
2019-02-22 05:00:00+00:00,294.49000000000001,296.5,292.10000000000002,294.70999999999998,5892671,68886,294.237999
2019-02-25 05:00:00+00:00,297.91000000000003,302.90440000000001,297.00049999999999,298.76999999999998,6727349,72645,300.11271799999997
2019-02-26 05:00:00+00:00,292.22000000000003,302.00999999999999,288.77010000000001,297.86000000000001,8718235,95819,296.64802800000001
2019-02-27 05:00:00+00:00,301.89999999999998,316.29500000000002,300.55000000000001,314.74000000000001,11307356,117960,310.71373
2019-02-28 05:00:00+00:00,318.92000000000002,320,310.81,319.88,10679336,113134,316.81910199999999
2019-03-01 05:00:00+00:00,306.94,307.13,291.89999999999998,294.79000000000002,23064224,262716,296.71958599999999
2019-03-04 05:00:00+00:00,298.12,299,282.77999999999997,285.36000000000001,17281381,205012,287.47465299999999
2019-03-05 05:00:00+00:00,282,284,270.10000000000002,276.54000000000002,18970957,221813,276.875856
2019-03-06 05:00:00+00:00,276.48000000000002,281.50580000000002,274.38999999999999,276.24000000000001,10637274,106305,277.20940400000001
2019-03-07 05:00:00+00:00,278.83999999999997,284.69999999999999,274.25,276.58999999999997,9596428,100222,279.41424699999999
2019-03-08 05:00:00+00:00,276.91000000000003,285.58999999999997,275.88999999999999,284.13999999999999,8962341,90602,280.70093900000001
2019-03-11 04:00:00+00:00,283.51999999999998,291.27999999999997,280.5,290.92000000000002,7568379,84668,287.33809600000001
2019-03-12 04:00:00+00:00,286.49000000000001,288.06999999999999,281.06,283.36000000000001,7669280,79615,283.78763300000003
2019-03-13 04:00:00+00:00,283.89999999999998,291.99000000000001,282.69999999999999,288.95999999999998,6965542,70253,287.94752999999997
2019-03-14 04:00:00+00:00,292.44999999999999,295.38999999999999,288.29000000000002,289.95999999999998,7249422,76871,291.550771
2019-03-15 04:00:00+00:00,283.50999999999999,283.7244,274.39999999999998,275.43000000000001,15977180,159845,277.18183299999998
2019-03-18 04:00:00+00:00,276,278.05000000000001,267.30000000000001,269.49000000000001,10535422,116071,270.94798500000002
2019-03-19 04:00:00+00:00,267.5,273.30000000000001,263.45999999999998,267.47000000000003,11943950,114160,268.36482999999998
2019-03-20 04:00:00+00:00,269.69,274.97000000000003,266.30000000000001,273.60000000000002,7042549,71034,270.31149599999998
2019-03-21 04:00:00+00:00,272.60000000000002,276.44999999999999,268.44999999999999,274.01999999999998,6063937,63314,272.61698200000001
2019-03-22 04:00:00+00:00,272.57999999999998,272.80000000000001,264,264.52999999999997,8923632,94180,267.27286900000001
2019-03-25 04:00:00+00:00,259.70999999999998,263.18000000000001,254.46000000000001,260.42000000000002,10461696,105068,259.31329199999999
2019-03-26 04:00:00+00:00,264.44,270.25999999999999,264.43000000000001,267.76999999999998,7464372,75670,267.57658500000002
2019-03-27 04:00:00+00:00,268.75,275.37,268.18380000000002,274.82999999999998,8903486,85401,271.97670799999997
2019-03-28 04:00:00+00:00,277.16000000000003,280.32999999999998,275.10000000000002,278.62,6894702,68236,277.84832399999999
2019-03-29 04:00:00+00:00,278.69999999999999,280.16000000000003,274.5,279.86000000000001,6125524,63587,278.15406100000001
2019-04-01 04:00:00+00:00,282.62,289.19999999999999,281.28100000000001,289.18000000000001,8282761,85533,286.17085200000002
2019-04-02 04:00:00+00:00,288.30000000000001,289.44,283.88,285.88,5599753,59792,286.27622300000002
2019-04-03 04:00:00+00:00,287.31999999999999,296.17000000000002,287.17000000000002,291.81,8078513,85614,292.869212
2019-04-04 04:00:00+00:00,261.88999999999999,271.19999999999999,260.58999999999997,267.77999999999997,23992624,299200,267.00352600000002
2019-04-05 04:00:00+00:00,269.86000000000001,276.10000000000002,266.11000000000001,274.95999999999998,13220024,132492,272.57410299999998
2019-04-08 04:00:00+00:00,277.69,281.16000000000003,270.44,273.19999999999999,10571146,100258,275.065966
2019-04-09 04:00:00+00:00,271.64999999999998,275,269.61000000000001,272.30000000000001,6007577,56970,272.75311799999997
2019-04-10 04:00:00+00:00,276.74000000000001,278.38,272.89249999999998,276.06,7164270,67469,276.01839699999999
2019-04-11 04:00:00+00:00,268.30000000000001,270.5,265.60000000000002,268.42000000000002,9993862,110280,267.96616399999999
2019-04-12 04:00:00+00:00,270.22000000000003,271.94999999999999,266.82999999999998,267.69999999999999,6830005,67056,269.044735
2019-04-15 04:00:00+00:00,268.63,268.88,258.63,266.38,10176444,109073,262.88056
2019-04-16 04:00:00+00:00,265.75,275,264.72000000000003,273.36000000000001,7435178,80305,271.72947599999998
2019-04-17 04:00:00+00:00,274.75,274.79000000000002,268.53500000000003,271.23000000000002,5213519,55081,271.73678699999999
2019-04-18 04:00:00+00:00,271.23000000000002,274.83999999999997,269.75,273.25999999999999,6026389,54882,273.04153000000002
2019-04-22 04:00:00+00:00,269,269.68000000000001,262.48000000000002,262.75,12308139,129728,264.39963999999998
2019-04-23 04:00:00+00:00,260.14999999999998,265.60000000000002,255.75,263.89999999999998,11181539,109238,262.19391000000002
2019-04-24 04:00:00+00:00,263.85000000000002,265.31999999999999,258,258.66000000000003,10936901,127500,261.15358500000002
2019-04-25 04:00:00+00:00,255,259,246.06999999999999,247.63,22153669,252489,250.72330199999999
2019-04-26 04:00:00+00:00,246.5,246.68000000000001,231.13,235.13999999999999,22487633,256983,237.55233000000001
2019-04-29 04:00:00+00:00,235.86000000000001,243.97999999999999,232.16999999999999,241.47,16949820,165120,239.57490100000001
2019-04-30 04:00:00+00:00,242.06,244.21000000000001,237,238.69,9615492,88564,240.101877
2019-05-01 04:00:00+00:00,238.84999999999999,240,231.5,234.00999999999999,10829817,108383,234.59996000000001
2019-05-02 04:00:00+00:00,245.52000000000001,247.13,237.72,244.09999999999999,18437698,173520,242.54230100000001
2019-05-03 04:00:00+00:00,243.86000000000001,256.61000000000001,243.49000000000001,255.03,23670981,204897,252.549678
2019-05-06 04:00:00+00:00,250.02000000000001,258.34989999999999,248.5,255.34,11192173,93068,253.99232499999999
2019-05-07 04:00:00+00:00,256.81,257.20999999999998,245.09999999999999,247.06,10451645,103693,249.67833400000001
2019-05-08 04:00:00+00:00,246.94,250.59899999999999,244.19999999999999,244.84,6332059,65863,246.93292
2019-05-09 04:00:00+00:00,242,243.68000000000001,236.9434,241.97999999999999,6870779,76082,240.41771800000001
2019-05-10 04:00:00+00:00,239.75,241.99000000000001,236.02000000000001,239.52000000000001,7128160,77821,238.65243899999999
2019-05-13 04:00:00+00:00,232.12,232.47,224.5,227.00999999999999,11130048,138343,227.54246000000001
2019-05-14 04:00:00+00:00,229.30000000000001,234.5,228,232.31,7403360,83668,231.63832500000001
2019-05-15 04:00:00+00:00,229.31999999999999,232.44,225.25,231.94999999999999,7463066,79214,229.78085100000001
2019-05-16 04:00:00+00:00,229.49000000000001,231,226.5,228.33000000000001,7724019,81278,228.578215
2019-05-17 04:00:00+00:00,221.96000000000001,222.24000000000001,208.91999999999999,211.03,18063133,194424,216.08237399999999
2019-05-20 04:00:00+00:00,202.80000000000001,206,195.25,205.36000000000001,20915281,208157,201.48986199999999
2019-05-21 04:00:00+00:00,197.50999999999999,207.40000000000001,196.03999999999999,205.08000000000001,18475736,168915,202.82967199999999
2019-05-22 04:00:00+00:00,199.09999999999999,203.94,191.78,192.72999999999999,18946290,188159,196.50859199999999
2019-05-23 04:00:00+00:00,194.34,199.465,186.22,195.49000000000001,26928643,237582,194.21321900000001
2019-05-24 04:00:00+00:00,199.83000000000001,199.97999999999999,188.75049999999999,190.63,14351522,138574,192.32215600000001
2019-05-28 04:00:00+00:00,191.19999999999999,195,187.84999999999999,188.69999999999999,10535671,104206,190.37141099999999
2019-05-29 04:00:00+00:00,187.09999999999999,192.38999999999999,185.0401,189.86000000000001,12230014,111316,188.918869
2019-05-30 04:00:00+00:00,188.75,192.255,187.02000000000001,188.22,8167353,77290,188.77216799999999
2019-05-31 04:00:00+00:00,185.09999999999999,189.9204,184.09999999999999,185.16,10657026,97806,186.393798
2019-06-03 04:00:00+00:00,185.50999999999999,186.68000000000001,176.99189999999999,178.97,13300589,129296,180.74542400000001
2019-06-04 04:00:00+00:00,181.09999999999999,193.97999999999999,179.61000000000001,193.59999999999999,14072083,131335,188.267551
2019-06-05 04:00:00+00:00,198.68000000000001,201.2782,191.8486,196.59,14093202,123501,195.951213
2019-06-06 04:00:00+00:00,204.44,211,201.80000000000001,205.94999999999999,20690901,177546,206.05346499999999
2019-06-07 04:00:00+00:00,205,210.84379999999999,203.499,204.5,16279686,157202,207.05637100000001
2019-06-10 04:00:00+00:00,210.25,216.94,209.00999999999999,212.88,10783785,101189,213.49420599999999
2019-06-11 04:00:00+00:00,219.14349999999999,220.90000000000001,213.5,217.09999999999999,11893689,105398,216.988362
2019-06-12 04:00:00+00:00,222.94999999999999,223.38,209,209.25999999999999,15379260,142266,214.04430199999999
2019-06-13 04:00:00+00:00,210.38,214.90000000000001,207.5103,213.91,8291549,74419,212.33971500000001
2019-06-14 04:00:00+00:00,211.25,216.65000000000001,210.40000000000001,214.91999999999999,7545250,72226,213.71546499999999
2019-06-17 04:00:00+00:00,215.47999999999999,227,214.27000000000001,225.03,12486864,114462,223.22526500000001
2019-06-18 04:00:00+00:00,228.72,234.74000000000001,222.56,224.74000000000001,12920361,132943,228.984148
2019-06-19 04:00:00+00:00,225.11000000000001,227.77000000000001,221.06,226.43000000000001,6724004,66893,225.44869499999999
2019-06-20 04:00:00+00:00,223,226.90000000000001,216.34999999999999,219.62,12096636,117873,220.91689700000001
2019-06-21 04:00:00+00:00,216.22,222.18000000000001,215.5,221.86000000000001,8657436,74826,219.621364
2019-06-24 04:00:00+00:00,223.24000000000001,225.86000000000001,221.02000000000001,223.63999999999999,5960079,59146,223.47321099999999
2019-06-25 04:00:00+00:00,224.38999999999999,225.34,219.49000000000001,219.75999999999999,6293355,56480,221.36976000000001
2019-06-26 04:00:00+00:00,220.31,227.22999999999999,218.09999999999999,219.27000000000001,8633567,85128,222.14923099999999
2019-06-27 04:00:00+00:00,219.44999999999999,222.90000000000001,217.34999999999999,222.84,6550364,61255,220.455556
2019-06-28 04:00:00+00:00,220.99000000000001,225.16999999999999,220.80000000000001,223.34999999999999,7121534,65447,223.47701000000001
2019-07-01 04:00:00+00:00,230.21000000000001,233.09950000000001,226.28,227.16999999999999,8396774,81315,229.17249200000001
2019-07-02 04:00:00+00:00,228.88999999999999,229.15000000000001,222.22,224.55000000000001,9379573,98568,224.46900199999999
2019-07-03 04:00:00+00:00,239.38999999999999,241.56999999999999,234.50999999999999,234.90000000000001,14456628,138212,237.50815700000001
2019-07-05 04:00:00+00:00,234.56999999999999,235.44999999999999,230.80000000000001,233.09999999999999,7212143,67852,233.45117999999999
2019-07-08 04:00:00+00:00,231.24000000000001,232.25,228.66,230.34,6055072,55633,230.587546
2019-07-09 04:00:00+00:00,228.97,231,227.28,230.06,6292913,57307,229.30955299999999
2019-07-10 04:00:00+00:00,234.15000000000001,238.94,233.13999999999999,238.91999999999999,9294761,91109,236.08607699999999
2019-07-11 04:00:00+00:00,238.13999999999999,241.5,235.80000000000001,238.59999999999999,7623116,72795,238.60666699999999
2019-07-12 04:00:00+00:00,239.75,245.38,239.71000000000001,245.08000000000001,9360318,84330,243.16431600000001
2019-07-15 04:00:00+00:00,248,254.41999999999999,244.86000000000001,253.5,11182524,106559,248.96981500000001
2019-07-16 04:00:00+00:00,249.30000000000001,253.53,247.9325,252.38,8334280,78944,251.016423
2019-07-17 04:00:00+00:00,255.66999999999999,258.31,253.34999999999999,254.86000000000001,9908995,82875,256.31969400000003
2019-07-18 04:00:00+00:00,255.05000000000001,255.75,251.88499999999999,253.53999999999999,4873097,54455,253.84013400000001
2019-07-19 04:00:00+00:00,255.69,259.95999999999998,254.62,258.18000000000001,7236693,72732,257.53231699999998
2019-07-22 04:00:00+00:00,258.75,262.15499999999997,254.19110000000001,255.68000000000001,6984612,77484,257.86412300000001
2019-07-23 04:00:00+00:00,256.70999999999998,260.48000000000002,254.5,260.17000000000002,5126372,54226,258.08325100000002
2019-07-24 04:00:00+00:00,259.17000000000002,266.06999999999999,258.1601,264.88,11228201,129398,262.20820200000003
2019-07-25 04:00:00+00:00,233.5,234.5,225.55009999999999,228.81999999999999,22772660,244154,228.89655400000001
2019-07-26 04:00:00+00:00,226.91999999999999,230.25999999999999,222.25,228.03999999999999,10193117,119674,225.618832
2019-07-29 04:00:00+00:00,227.09,235.94,226.0325,235.77000000000001,9445616,95773,231.2867
2019-07-30 04:00:00+00:00,232.90000000000001,243.36000000000001,232.18000000000001,242.25999999999999,8247182,84662,239.37296799999999
2019-07-31 04:00:00+00:00,243,246.68000000000001,236.65010000000001,241.61000000000001,9362001,103305,243.297236
2019-08-01 04:00:00+00:00,242.65000000000001,244.50999999999999,231.77000000000001,233.84999999999999,8425337,92928,238.226755
2019-08-02 04:00:00+00:00,231.34999999999999,236.27000000000001,229.22999999999999,234.34,6252498,68055,232.66863699999999
2019-08-05 04:00:00+00:00,229.59999999999999,231.3673,225.77500000000001,228.31999999999999,7209941,79019,228.18760599999999
2019-08-06 04:00:00+00:00,231.88,232.5,225.75,230.75,5731921,62193,229.179419
2019-08-07 04:00:00+00:00,226.5,233.56880000000001,225.80000000000001,233.41999999999999,4873832,54450,229.92370700000001
2019-08-08 04:00:00+00:00,234.44999999999999,239.80000000000001,232.65000000000001,238.30000000000001,5424240,52903,236.49702500000001
2019-08-09 04:00:00+00:00,236.05350000000001,238.96000000000001,233.81,235.00999999999999,3982579,44304,235.871161
2019-08-12 04:00:00+00:00,232.99000000000001,235.77000000000001,228.75,229.00999999999999,4753141,50933,231.402806
2019-08-13 04:00:00+00:00,228.81,236,227.55000000000001,235,4986626,54781,233.42629199999999
2019-08-14 04:00:00+00:00,231.21000000000001,231.5,216.69,219.62,9717562,107796,223.956345
2019-08-15 04:00:00+00:00,220.86000000000001,221.56,211.55000000000001,215.63999999999999,8369700,86779,214.77004400000001
2019-08-16 04:00:00+00:00,216.66,222.24000000000001,216.02000000000001,219.94,5379287,55887,219.890366
2019-08-19 04:00:00+00:00,224.21000000000001,227.83000000000001,221.69999999999999,226.83000000000001,5439648,53714,225.15221299999999
2019-08-20 04:00:00+00:00,227.62,229.09,224.53999999999999,225.86000000000001,4286741,42499,226.71027699999999
2019-08-21 04:00:00+00:00,222.00999999999999,223.22,217.59999999999999,220.83000000000001,7959635,77841,220.58865700000001
2019-08-22 04:00:00+00:00,222.80000000000001,225.40000000000001,218.22,222.15000000000001,6688834,62790,222.44992199999999
2019-08-23 04:00:00+00:00,219.97,221.16999999999999,211,211.40000000000001,8735921,92132,215.377813
2019-08-26 04:00:00+00:00,213.59999999999999,215.02000000000001,211.53999999999999,215,5172615,48651,213.42026300000001
2019-08-27 04:00:00+00:00,215.74000000000001,218.80000000000001,212.03,214.08000000000001,5567838,52921,215.75685799999999
2019-08-28 04:00:00+00:00,213.69,217.25,212.31,215.59,3318169,37158,215.42143300000001
2019-08-29 04:00:00+00:00,219,223.40000000000001,218,221.71000000000001,5309921,53735,221.06475900000001
2019-08-30 04:00:00+00:00,229.15000000000001,232.44,224.21299999999999,225.61000000000001,9563922,91514,227.85525200000001
2019-09-03 04:00:00+00:00,224.08000000000001,228.94999999999999,223.16,225.00999999999999,5475592,54022,225.85195999999999
2019-09-04 04:00:00+00:00,226.88999999999999,228.46000000000001,219.20500000000001,220.68000000000001,5897011,58579,223.910751
2019-09-05 04:00:00+00:00,222.5,229.80000000000001,220.84999999999999,229.58000000000001,7544558,70089,225.74841599999999
2019-09-06 04:00:00+00:00,227.19999999999999,229.63999999999999,225.16999999999999,227.44999999999999,4432979,48149,227.66798600000001
2019-09-09 04:00:00+00:00,230,233.75999999999999,229.22999999999999,231.78999999999999,4947490,54873,231.31993199999999
2019-09-10 04:00:00+00:00,230.80000000000001,235.53999999999999,228.94,235.53999999999999,4967332,54670,233.16309100000001
2019-09-11 04:00:00+00:00,237.38,248.17410000000001,236,247.09999999999999,10240305,128021,243.86061799999999
2019-09-12 04:00:00+00:00,247.69999999999999,253.5,244.40000000000001,245.87,8719515,97855,247.960657
2019-09-13 04:00:00+00:00,246.96000000000001,248.44999999999999,244.86500000000001,245.19999999999999,5507842,63147,246.20083600000001
2019-09-16 04:00:00+00:00,246,247.43000000000001,241.16999999999999,242.81,4821747,76985,244.07552999999999
2019-09-17 04:00:00+00:00,242.47,245.59999999999999,240.37,244.78999999999999,4047678,61945,243.342648
2019-09-18 04:00:00+00:00,245,248.16849999999999,242.37,243.49000000000001,4331915,74345,244.68147099999999
2019-09-19 04:00:00+00:00,246,247.94,244.84,246.59999999999999,5098723,73919,246.595023
2019-09-20 04:00:00+00:00,246.49000000000001,246.946,238.16,240.62,6872341,104790,242.008456
2019-09-23 04:00:00+00:00,240,245.17939999999999,239.22,241.22999999999999,4519857,67931,242.59978100000001
2019-09-24 04:00:00+00:00,241.52000000000001,241.99000000000001,222.61000000000001,223.21000000000001,13099392,208689,228.22590400000001
2019-09-25 04:00:00+00:00,224.56,228.97999999999999,218.36000000000001,228.69999999999999,9655343,135473,224.71337299999999
2019-09-26 04:00:00+00:00,230.66,243.31,227.40000000000001,242.56,12246601,173522,236.06081900000001
2019-09-27 04:00:00+00:00,242.19999999999999,248.71000000000001,238.72999999999999,242.13,11272208,167817,243.319356
2019-09-30 04:00:00+00:00,243,243.97999999999999,236.11109999999999,240.87,6129943,86526,240.379009
2019-10-01 04:00:00+00:00,241.5,245.94999999999999,239.13,244.56,6326580,101685,242.71767700000001
2019-10-02 04:00:00+00:00,243.28999999999999,244.65000000000001,239.43000000000001,243.13,6528097,94933,242.41524999999999
2019-10-03 04:00:00+00:00,231.86000000000001,234.47999999999999,224.28,233.03,15330888,230598,229.257227
2019-10-04 04:00:00+00:00,231.61000000000001,234.78,228.06999999999999,231.43000000000001,8145337,106915,230.923923
2019-10-07 04:00:00+00:00,229.80000000000001,238.56,228.55000000000001,237.72,8243545,97333,234.97825900000001
2019-10-08 04:00:00+00:00,235.87,243.94,234.5,240.05000000000001,8820325,117033,239.98187300000001
2019-10-09 04:00:00+00:00,241.31999999999999,247.29499999999999,240.65000000000001,244.53,7118726,93690,244.828034
2019-10-10 04:00:00+00:00,245.28,249.28,241.58000000000001,244.74000000000001,6413056,80862,245.61679699999999
2019-10-11 04:00:00+00:00,247.15000000000001,251.08000000000001,246.81,247.88999999999999,8664359,100384,248.940699
2019-10-14 04:00:00+00:00,247.90000000000001,258.55000000000001,247.13,256.95999999999998,10353985,130267,254.97591800000001
2019-10-15 04:00:00+00:00,257.69999999999999,260,254.12,257.88999999999999,6620220,86514,257.86426
2019-10-16 04:00:00+00:00,257.38999999999999,262.10000000000002,256.92000000000002,259.75,6844927,87622,259.88714900000002
2019-10-17 04:00:00+00:00,262.5,264.77999999999997,260.17000000000002,261.97000000000003,4906526,66216,261.96352400000001
2019-10-18 04:00:00+00:00,260.69999999999999,262.80000000000001,255.09999999999999,256.94999999999999,5865514,71775,258.03950300000002
2019-10-21 04:00:00+00:00,258.32999999999998,259.5,250.18000000000001,253.5,5426327,56141,254.24590699999999
2019-10-22 04:00:00+00:00,254.31999999999999,258.32999999999998,250.84999999999999,255.58000000000001,4711059,56276,255.41923800000001
2019-10-23 04:00:00+00:00,254.5,256.13999999999999,251.34999999999999,254.68000000000001,11305870,139222,254.176874
2019-10-24 04:00:00+00:00,298.37,304.93000000000001,289.19999999999999,299.68000000000001,30428851,345503,297.43989399999998
2019-10-25 04:00:00+00:00,297.72000000000003,330,296.11000000000001,328.13,30277083,350439,317.53311300000001
2019-10-28 04:00:00+00:00,327.54000000000002,340.83999999999997,322.60000000000002,327.70999999999998,19166395,222828,330.77434399999999
2019-10-29 04:00:00+00:00,319.99000000000001,324.30000000000001,314.75,316.22000000000003,12927052,143583,318.657082
2019-10-30 04:00:00+00:00,313,318.79000000000002,309.97000000000003,315.00999999999999,9936859,101664,313.69314500000002
2019-10-31 04:00:00+00:00,313.10000000000002,319,313,314.92000000000002,5212383,61747,315.54524700000002
2019-11-01 04:00:00+00:00,316.31999999999999,316.48000000000002,309.80000000000001,313.31,6607120,69495,312.71713599999998
2019-11-04 05:00:00+00:00,314.80000000000001,321.94,309.25999999999999,317.47000000000003,8942000,93114,317.31127099999998
2019-11-05 05:00:00+00:00,319.62,323.50999999999999,316.11799999999999,317.22000000000003,7306498,72793,319.12247000000002
2019-11-06 05:00:00+00:00,318,326.72000000000003,314.5,326.57999999999998,8067285,93477,321.39257500000002
2019-11-07 05:00:00+00:00,329.13999999999999,341.5,328.01999999999998,335.54000000000002,14635323,166690,336.727756
2019-11-08 05:00:00+00:00,334.5,337.45999999999998,332.5,337.13999999999999,6195346,74117,335.53985799999998
2019-11-11 05:00:00+00:00,343.94999999999999,349.19,342,345.08999999999997,10156888,120215,345.921243
2019-11-12 05:00:00+00:00,346.89999999999998,350.37,344.04000000000002,349.93000000000001,7466076,92751,347.35904499999998
2019-11-13 05:00:00+00:00,355,356.32999999999998,345.18000000000001,346.11000000000001,8680643,110456,351.60631100000001
2019-11-14 05:00:00+00:00,346.11000000000001,353.83999999999997,342.91000000000003,349.35000000000002,6741000,79094,348.84706799999998
2019-11-15 05:00:00+00:00,350.63999999999999,352.80000000000001,348.36000000000001,352.17000000000002,4940256,60957,350.794061
2019-11-18 05:00:00+00:00,352.91649999999998,353.14999999999998,346.10000000000002,349.99000000000001,4550696,62509,349.35079999999999
2019-11-19 05:00:00+00:00,351.75,359.99000000000001,347.80000000000001,359.51999999999998,7920565,98413,356.27392099999997
2019-11-20 05:00:00+00:00,360,361.19999999999999,349.56999999999999,352.22000000000003,7096471,91490,354.59117900000001
2019-11-21 05:00:00+00:00,354.50999999999999,360.83999999999997,354.00389999999999,354.82999999999998,6483506,78674,357.173227
2019-11-22 05:00:00+00:00,340.16000000000003,341,330,333.04000000000002,17149322,237074,333.83275800000001
2019-11-25 05:00:00+00:00,344.31999999999999,344.56999999999999,334.45999999999998,336.33999999999997,12701937,169186,338.564504
2019-11-26 05:00:00+00:00,335.26999999999998,335.5,327.10000000000002,328.92000000000002,8319187,115572,330.70093800000001
2019-11-27 05:00:00+00:00,331.12,333.93000000000001,328.56999999999999,331.29000000000002,5690925,81027,331.137203
2019-11-29 05:00:00+00:00,331.11000000000001,331.25999999999999,327.5,329.94,2565414,36298,329.495743
2019-12-02 05:00:00+00:00,329.39999999999998,336.3827,328.68700000000001,334.87,6205081,90000,334.31036399999999
2019-12-03 05:00:00+00:00,332.63,337.91000000000003,332.18599999999998,336.19999999999999,6726646,91957,335.454409
2019-12-04 05:00:00+00:00,337.75,337.86000000000001,332.85000000000002,333.02999999999997,5658089,66845,334.874211
2019-12-05 05:00:00+00:00,332.82999999999998,334.42270000000002,327.25,330.37,3849115,56158,330.298135
2019-12-06 05:00:00+00:00,335,338.86000000000001,334.76999999999998,335.88999999999999,7887414,97817,336.65662200000003
2019-12-09 05:00:00+00:00,336.58999999999997,344.44999999999999,335.07999999999998,339.52999999999997,9342811,116595,340.46718700000002
2019-12-10 05:00:00+00:00,339.95999999999998,350.73000000000002,339.31,348.83999999999997,8964231,112821,347.33173299999999
2019-12-11 05:00:00+00:00,351.87650000000002,357.18990000000002,351.08999999999997,352.69999999999999,7079926,93777,354.55397599999998
2019-12-12 05:00:00+00:00,354.92000000000002,362.74000000000001,353.23000000000002,359.68000000000001,7937001,113613,359.08481399999999
2019-12-13 05:00:00+00:00,361.05000000000001,365.20999999999998,354.63999999999999,358.38999999999999,6731929,89496,359.93002000000001
2019-12-16 05:00:00+00:00,362.55000000000001,383.61000000000001,362.5,381.5,18692274,231172,377.02456799999999
2019-12-17 05:00:00+00:00,378.99000000000001,385.5,375.89999999999998,378.99000000000001,8790221,108575,379.967825
2019-12-18 05:00:00+00:00,380.63,395.22000000000003,380.57999999999998,393.14999999999998,14511565,185585,389.29204399999998
2019-12-19 05:00:00+00:00,397.31999999999999,406.85000000000002,396.5,404.04000000000002,18467171,233625,402.415997
2019-12-20 05:00:00+00:00,410.29000000000002,413,400.185,405.58999999999997,15607702,178137,405.80783200000002
2019-12-23 05:00:00+00:00,411.77999999999997,422.00999999999999,410,419.22000000000003,13558724,183455,418.70157699999999
2019-12-24 05:00:00+00:00,418.36000000000001,425.47000000000003,412.6875,425.25,8385215,104054,420.05627199999998
2019-12-26 05:00:00+00:00,427.81,433.48000000000002,426.35000000000002,430.94,10839808,140954,430.18741399999999
2019-12-27 05:00:00+00:00,435,435.31,426.11000000000001,430.38,10155568,127923,430.53344099999998
2019-12-30 05:00:00+00:00,428.79000000000002,429,409.25889999999998,414.69999999999999,12786217,172131,416.22438699999998
2019-12-31 05:00:00+00:00,405.00029999999998,421.29000000000002,402.07999999999998,418.32999999999998,10543904,130149,416.71086300000002
2020-01-02 05:00:00+00:00,424.5,430.69569999999999,421.70999999999998,430.25999999999999,9763456,136851,427.11748899999998
2020-01-03 05:00:00+00:00,440.5,454,436.92000000000002,443.00999999999999,18034327,236310,446.32349699999997
2020-01-06 05:00:00+00:00,440.47000000000003,451.56,440,451.5,10362505,134223,445.86326100000002
2020-01-07 05:00:00+00:00,461.39999999999998,471.63,453.35500000000002,469.06,18488930,250189,464.05104399999999
2020-01-08 05:00:00+00:00,473.69999999999999,498.49000000000001,468.23000000000002,492.13999999999999,31486817,413644,485.69389699999999
2020-01-09 05:00:00+00:00,497.10000000000002,498.80000000000001,472.87,481.33999999999997,28959816,384282,485.53371800000002
2020-01-10 05:00:00+00:00,481.79000000000002,484.94,473.69999999999999,478.14999999999998,13217075,181667,478.80422900000002
2020-01-13 05:00:00+00:00,493.5,525.63,492,524.86000000000001,26916914,369915,511.28854699999999
2020-01-14 05:00:00+00:00,544.255,547.40999999999997,524.89999999999998,537.91999999999996,29600289,406428,538.125989
2020-01-15 05:00:00+00:00,529.75999999999999,537.84000000000003,516.78530000000001,518.5,17643746,261961,529.06193399999995
2020-01-16 05:00:00+00:00,493.75,514.46000000000004,492.17000000000002,513.49000000000001,22123951,325060,504.56963200000001
2020-01-17 05:00:00+00:00,507.61000000000001,515.66989999999998,503.16000000000003,510.5,13813309,190821,509.77205700000002
2020-01-21 05:00:00+00:00,530.25,548.58000000000004,528.40999999999997,547.20000000000005,18179449,272579,541.99699099999998
2020-01-22 05:00:00+00:00,571.88999999999999,594.5,559.10000000000002,569.55999999999995,31690107,506196,577.25732500000004
2020-01-23 05:00:00+00:00,564.25,582,555.60270000000003,572.20000000000005,19976322,307306,570.09814500000005
2020-01-24 05:00:00+00:00,570.63,573.86000000000001,554.25999999999999,564.82000000000005,14616973,218533,563.44921199999999
2020-01-27 05:00:00+00:00,541.99000000000001,564.44000000000005,539.27999999999997,558.01999999999998,13965124,217772,552.26701000000003
2020-01-28 05:00:00+00:00,568.49000000000001,576.80999999999995,558.08000000000004,566.89999999999998,12037137,176360,565.93321700000001
2020-01-29 05:00:00+00:00,575.69000000000005,589.79989999999998,567.42999999999995,580.99000000000001,18402036,308991,578.26387099999999
2020-01-30 05:00:00+00:00,632.41999999999996,650.88,618,640.80999999999995,29325130,445501,641.73111500000005
2020-01-31 05:00:00+00:00,640,653,632.51999999999998,650.57000000000005,15948140,257721,641.93778599999996
2020-02-03 05:00:00+00:00,673.69000000000005,786.13999999999999,673.51999999999998,780,47716948,837244,737.78361800000005
2020-02-04 05:00:00+00:00,882.96000000000004,968.98990000000003,833.88,887.05999999999995,61608599,1287715,907.20043299999998
2020-02-05 05:00:00+00:00,823.25999999999999,845.98000000000002,704.11059999999998,734.70000000000005,49031721,1033184,760.86393399999997
2020-02-06 05:00:00+00:00,699.91999999999996,795.83000000000004,687,748.96000000000004,40198694,804002,748.92083100000002
2020-02-07 05:00:00+00:00,730.54999999999995,769.75,730,748.07000000000005,17349194,329104,746.91507899999999
2020-02-10 05:00:00+00:00,800,819.99000000000001,752.39999999999998,771.27999999999997,25004236,503953,778.45822899999996
2020-02-11 05:00:00+00:00,768.78999999999996,783.50609999999995,758,774.38,11852880,235502,773.04763700000001
2020-02-12 05:00:00+00:00,777.87,789.75,763.37,767.28999999999996,12219564,233449,775.59560399999998
2020-02-13 05:00:00+00:00,741.84000000000003,818,735,804,26530668,498952,790.22414100000003
2020-02-14 05:00:00+00:00,787.22000000000003,812.97000000000003,785.5,800.02999999999997,16083324,282224,802.12392
2020-02-18 05:00:00+00:00,841.60000000000002,860,832.36000000000001,858.39999999999998,16969256,335966,850.08046200000001
2020-02-19 05:00:00+00:00,923.5,944.77999999999997,901.01999999999998,917.41999999999996,25774105,511346,922.02615100000003
2020-02-20 05:00:00+00:00,911.95000000000005,912,859.94000000000005,899.40999999999997,17868247,357924,890.88163499999996
2020-02-21 05:00:00+00:00,906.98000000000002,913.05999999999995,880.45000000000005,901,14593174,264896,894.76307699999995
2020-02-24 05:00:00+00:00,839,863.5,822.20000000000005,833.78999999999996,15468801,340315,842.03101300000003
2020-02-25 05:00:00+00:00,849,856.60000000000002,787,799.90999999999997,17531474,376592,810.56994299999997
2020-02-26 05:00:00+00:00,782.5,813.30999999999995,776.11000000000001,778.79999999999995,14478231,299007,791.02336000000003
2020-02-27 05:00:00+00:00,730,739.76999999999998,669,679,24637922,499893,703.62649399999998
2020-02-28 05:00:00+00:00,629.70000000000005,690.51999999999998,611.51999999999998,667.99000000000001,24868828,477800,646.41716399999996
2020-03-02 05:00:00+00:00,711.25999999999999,743.69000000000005,686.66999999999996,743.62,20517227,400095,717.29069200000004
2020-03-03 05:00:00+00:00,805,806.98000000000002,716.11059999999998,745.50999999999999,26141884,523093,763.37490300000002
2020-03-04 05:00:00+00:00,763.96029999999996,766.51999999999998,724.73450000000003,749.5,15254105,291779,744.16896299999996
2020-03-05 05:00:00+00:00,723.76999999999998,745.75,718.07000000000005,724.53999999999996,11036202,212442,730.81085299999995
2020-03-06 05:00:00+00:00,690.00350000000003,707,684.26999999999998,703.48000000000002,12848083,258464,695.48572999999999
2020-03-09 04:00:00+00:00,606.25999999999999,662.99800000000005,605,608,17483292,341257,627.81422799999996
2020-03-10 04:00:00+00:00,659.42999999999995,668,608,645.33000000000004,15892986,302026,637.76986799999997
2020-03-11 04:00:00+00:00,640.20000000000005,653.58000000000004,613,634.23000000000002,13601097,246539,634.55906000000004
2020-03-12 04:00:00+00:00,580.88999999999999,594.5,546.25,560.54999999999995,19392243,371894,565.03895
2020-03-13 04:00:00+00:00,595,607.57000000000005,502,546.62,22899828,424899,539.13438399999995
2020-03-16 04:00:00+00:00,469.49970000000002,494.86989999999997,442.17000000000002,445.06999999999999,20941052,381026,465.04931099999999
2020-03-17 04:00:00+00:00,440.00999999999999,471.85000000000002,396,430.19999999999999,24340580,431552,429.35802799999999
2020-03-18 04:00:00+00:00,389,404.86000000000001,350.50999999999999,361.22000000000003,24132215,434985,374.88324399999999
2020-03-19 04:00:00+00:00,374.69650000000001,452,358.45999999999998,427.63999999999999,30528292,543182,414.78609699999998
2020-03-20 04:00:00+00:00,438.19999999999999,477,425.79000000000002,427.52999999999997,28764626,483649,444.91868599999998
2020-03-23 04:00:00+00:00,433.60000000000002,441.99990000000003,410.5,434.29000000000002,16725458,284107,427.42057199999999
2020-03-24 04:00:00+00:00,477.30000000000001,513.69000000000005,474,505,23233117,439501,497.32422700000001
2020-03-25 04:00:00+00:00,545.25,557,511.11000000000001,539.25,21560719,430950,539.43316300000004
2020-03-26 04:00:00+00:00,547.38999999999999,560,512.25,528.15999999999997,17659067,357344,533.29163900000003
2020-03-27 04:00:00+00:00,505,525.79999999999995,494.02999999999997,514.36000000000001,14563578,274634,507.91958299999999
2020-03-30 04:00:00+00:00,510.25999999999999,516.64710000000002,491.23000000000002,502.13,12213046,224809,504.70369099999999
2020-03-31 04:00:00+00:00,501.25,542.96000000000004,497,524,18658606,293521,525.93584999999996
2020-04-01 04:00:00+00:00,504,513.95479999999998,475.10000000000002,481.56,13572675,270900,494.66307399999999
2020-04-02 04:00:00+00:00,481.02999999999997,494.25990000000002,446.39999999999998,454.47000000000003,20041281,378132,468.07975499999998
2020-04-03 04:00:00+00:00,509.5,515.49000000000001,468.39010000000002,480.00999999999999,22872494,389715,487.35802899999999
2020-04-06 04:00:00+00:00,511.19999999999999,521,497.95999999999998,516.24000000000001,15256857,275889,510.19826899999998
2020-04-07 04:00:00+00:00,545,565,532.34000000000003,545.45000000000005,18201537,344487,549.13709500000004
2020-04-08 04:00:00+00:00,554.20000000000005,557.20809999999994,533.33000000000004,548.84000000000003,12799689,231567,546.30498999999998
2020-04-09 04:00:00+00:00,562.09000000000003,575.18179999999995,557.11000000000001,573,13859226,261486,568.089652
2020-04-13 04:00:00+00:00,590.15999999999997,652,580.52999999999997,650.95000000000005,22687776,441171,619.83710900000005
2020-04-14 04:00:00+00:00,698.97000000000003,741.88,692.42999999999995,709.88999999999999,30899920,655147,722.68962899999997
2020-04-15 04:00:00+00:00,742,753.13,710,729.83000000000004,23841701,477428,732.43733699999996
2020-04-16 04:00:00+00:00,716.94000000000005,759.45000000000005,706.71500000000003,745.21000000000004,20822778,406969,736.74334999999996
2020-04-17 04:00:00+00:00,772.27999999999997,774.95000000000005,747.65999999999997,753.88999999999999,13393640,274447,758.88273900000002
2020-04-20 04:00:00+00:00,732.70000000000005,765.57000000000005,712.21000000000004,746.36000000000001,14909860,288932,748.24352499999998
2020-04-21 04:00:00+00:00,730.12,753.33000000000004,673.78999999999996,686.72000000000003,20398678,453969,708.30632100000003
2020-04-22 04:00:00+00:00,703.98000000000002,734,688.71000000000004,732.11000000000001,14412773,284000,710.33867499999997
2020-04-23 04:00:00+00:00,727.60000000000002,734,703.13,705.63,13369477,253706,720.69991000000005
2020-04-24 04:00:00+00:00,710.80999999999995,730.73000000000002,698.17999999999995,725.14999999999998,13334457,234467,714.65849700000001
2020-04-27 04:00:00+00:00,737.61000000000001,799.49000000000001,735,798.75,20845184,433978,783.68676500000004
2020-04-28 04:00:00+00:00,795.63999999999999,805,756.69000000000005,769.12,15397875,313312,776.61491799999999
2020-04-29 04:00:00+00:00,790.16999999999996,803.19989999999996,783.15999999999997,800.50999999999999,16419653,369254,793.65519099999995
2020-04-30 04:00:00+00:00,855.19000000000005,869.82000000000005,763.5,781.88,28943112,615143,813.03099599999996
2020-05-01 04:00:00+00:00,755,772.76999999999998,683.03999999999996,701.32000000000005,32630586,726153,719.59449800000004
2020-05-04 04:00:00+00:00,701,762,698,761.19000000000005,19431077,398100,737.599107
2020-05-05 04:00:00+00:00,789.78999999999996,798.91999999999996,762.17999999999995,768.21000000000004,17213482,334421,778.59412299999997
2020-05-06 04:00:00+00:00,776.5,789.79999999999995,761.11000000000001,782.58000000000004,11241752,224303,777.44354499999997
2020-05-07 04:00:00+00:00,777.21000000000004,796.39999999999998,772.35000000000002,780.03999999999996,11656919,225777,783.01706000000001
2020-05-08 04:00:00+00:00,793.76999999999998,824,787.00999999999999,819.41999999999996,16252067,335453,813.76579700000002
2020-05-11 04:00:00+00:00,790.50999999999999,824,785,811.28999999999996,16830103,310652,808.19767400000001
2020-05-12 04:00:00+00:00,827,843.28999999999996,808,809.40999999999997,16059088,309851,829.38874799999996
2020-05-13 04:00:00+00:00,820.83000000000004,826,763.29999999999995,790.96000000000004,19203178,382714,793.395758
2020-05-14 04:00:00+00:00,780,803.36000000000001,764,803.33000000000004,13825229,293003,784.45700399999998
2020-05-15 04:00:00+00:00,790.35000000000002,805.04859999999996,786.55200000000002,799.16999999999996,10604704,196201,797.91109400000005
2020-05-18 04:00:00+00:00,827.77999999999997,834.7201,803.88,813.63,11973333,240673,816.76908600000002
2020-05-19 04:00:00+00:00,815.16999999999996,822.07000000000005,806.08000000000004,808,9707521,189328,814.63304700000003
2020-05-20 04:00:00+00:00,820.5,826,811.79999999999995,815.55999999999995,7411524,155018,817.522696
2020-05-21 04:00:00+00:00,816,832.5,796,827.60000000000002,12390012,240571,814.94679599999995
2020-05-22 04:00:00+00:00,822.17349999999999,831.77999999999997,812,816.88,10082722,191342,822.15869599999996
2020-05-26 04:00:00+00:00,834.5,834.60000000000002,815.70500000000004,818.87,8282701,171504,822.51597300000003
2020-05-27 04:00:00+00:00,820.86000000000001,827.71000000000004,785,820.23000000000002,11652634,263662,808.021343
2020-05-28 04:00:00+00:00,813.50999999999999,824.75,801.69000000000005,805.80999999999995,7385782,156556,814.80610300000001
2020-05-29 04:00:00+00:00,808.75,835,804.21000000000004,835,12428372,220087,821.32982100000004
2020-06-01 04:00:00+00:00,858,899,854.10000000000002,898.10000000000002,15248814,350786,879.501981
2020-06-02 04:00:00+00:00,894.70000000000005,908.65999999999997,871,881.55999999999995,13716652,287107,889.59743300000002
2020-06-03 04:00:00+00:00,888.12,897.94000000000005,880.10000000000002,882.96000000000004,8085130,171317,888.13050499999997
2020-06-04 04:00:00+00:00,889.88,895.75,858.44000000000005,864.38,8992002,199339,879.26276299999995
2020-06-05 04:00:00+00:00,877.84000000000003,886.51999999999998,866.20000000000005,885.65999999999997,7947684,169144,877.75928499999998
2020-06-08 04:00:00+00:00,919,950,909.15999999999997,949.91999999999996,14403284,311690,930.01779699999997
2020-06-09 04:00:00+00:00,940.00999999999999,954.43989999999997,923.93100000000004,940.66999999999996,11526075,245349,942.15583600000002
2020-06-10 04:00:00+00:00,991.88,1027.48,982.5,1025.05,18767876,442842,1006.766947
2020-06-11 04:00:00+00:00,990.20000000000005,1018.9598999999999,972,972.84000000000003,16189783,392145,991.63583600000004
2020-06-12 04:00:00+00:00,980,987.98000000000002,912.60000000000002,935.27999999999997,16933974,418476,945.37577199999998
2020-06-15 04:00:00+00:00,917.78999999999996,998.84000000000003,908.5,990.89999999999998,15956201,345608,961.58645000000001
2020-06-16 04:00:00+00:00,1011.85,1012.88,962.38999999999999,982.13,14195839,301760,986.80440399999998
2020-06-17 04:00:00+00:00,987.71000000000004,1005,982.57100000000003,991.78999999999996,10000411,195011,993.94381199999998
2020-06-18 04:00:00+00:00,1003,1019.2,994.47080000000005,1003.96,9883023,206861,1004.422386
2020-06-19 04:00:00+00:00,1012.78,1015.9699000000001,991.34000000000003,1000.9,9056452,186535,1002.292283
2020-06-22 04:00:00+00:00,999.95000000000005,1008.88,990.01999999999998,994.32000000000005,6495891,140257,998.36512000000005
2020-06-23 04:00:00+00:00,998.88,1012,994.01009999999997,1001.78,6512381,137746,1003.1206100000001
2020-06-24 04:00:00+00:00,994.11000000000001,1000.8846,953.14139999999998,960.85000000000002,11066511,277346,970.15643799999998
2020-06-25 04:00:00+00:00,954.26999999999998,985.98000000000002,937.14999999999998,985.98000000000002,9440670,209004,964.55289000000005
2020-06-26 04:00:00+00:00,994.77999999999997,995,954.87,959.74000000000001,9325377,183390,969.39291200000002
2020-06-29 04:00:00+00:00,969.00999999999999,1010,948.52009999999996,1009.35,9128458,227701,985.46903899999995
2020-06-30 04:00:00+00:00,1006.5,1087.6900000000001,1003.73,1079.8099999999999,17330908,373181,1063.0057850000001
2020-07-01 04:00:00+00:00,1083,1135.3299999999999,1080.5,1119.6300000000001,13483197,331232,1117.507343
2020-07-02 04:00:00+00:00,1221.48,1228,1185.5999999999999,1208.6600000000001,17493562,443897,1207.0327950000001
2020-07-06 04:00:00+00:00,1276.6900000000001,1377.79,1266.0440000000001,1371.5799999999999,20831859,595341,1320.8972229999999
2020-07-07 04:00:00+00:00,1405.01,1429.5,1336.71,1389.8599999999999,21674275,695479,1390.6623750000001
2020-07-08 04:00:00+00:00,1405,1417.26,1311.3399999999999,1365.8800000000001,16480438,483790,1375.685483
2020-07-09 04:00:00+00:00,1396.99,1408.5599999999999,1351.28,1394.28,11870636,350516,1382.531438
2020-07-10 04:00:00+00:00,1396,1548.915,1376.0101,1544.6500000000001,23431316,649007,1468.60889
2020-07-13 04:00:00+00:00,1659,1794.99,1471.1101000000001,1497.0599999999999,39295632,1412139,1668.147365
2020-07-14 04:00:00+00:00,1556,1590,1431,1516.8,23663345,796622,1516.7342180000001
2020-07-15 04:00:00+00:00,1543,1550,1457,1546.01,16522449,542593,1504.312451
2020-07-16 04:00:00+00:00,1477.1600000000001,1531.71,1466,1500.6400000000001,14464531,432802,1499.1690510000001
2020-07-17 04:00:00+00:00,1513.45,1537.51,1490,1500.8399999999999,9429932,279212,1507.8462549999999
2020-07-20 04:00:00+00:00,1519.01,1650,1488,1643,17295610,583951,1576.2585799999999
2020-07-21 04:00:00+00:00,1639.9300000000001,1675,1558,1568.3599999999999,16373071,567215,1610.689691
2020-07-22 04:00:00+00:00,1599,1626.4200000000001,1562,1592.3299999999999,14302174,559795,1592.8643870000001
2020-07-23 04:00:00+00:00,1678.95,1689,1480.77,1513.0699999999999,24527042,872882,1567.351036
2020-07-24 04:00:00+00:00,1416.01,1465,1366.5400999999999,1417,19538569,656702,1423.267323
2020-07-27 04:00:00+00:00,1435,1547.9400000000001,1413.0002999999999,1539.5999999999999,16391818,497220,1479.5280749999999
2020-07-28 04:00:00+00:00,1504,1564.7,1474.4200000000001,1476.49,15936565,464089,1516.1979220000001
2020-07-29 04:00:00+00:00,1501,1534.8099999999999,1487,1499.1099999999999,9525459,287328,1510.526012
2020-07-30 04:00:00+00:00,1488,1513.24,1471,1487.49,7689546,241685,1492.5136500000001
2020-07-31 04:00:00+00:00,1515,1517.05,1420.98,1430.76,12391772,403053,1455.1750460000001
2020-08-03 04:00:00+00:00,1449.2,1509.8100999999999,1444.3843999999999,1485,8941592,298394,1484.9261509999999
2020-08-04 04:00:00+00:00,1495.01,1527.4100000000001,1462,1487,8502056,259291,1489.061029
2020-08-05 04:00:00+00:00,1492.99,1499.8384000000001,1468.3099999999999,1485.02,5054464,178471,1485.0117279999999
2020-08-06 04:00:00+00:00,1490.8299999999999,1517.3099999999999,1477.26,1489.5799999999999,6094409,203244,1494.2216209999999
2020-08-07 04:00:00+00:00,1499.5364999999999,1499.75,1415.01,1452.71,8997660,336745,1452.3209959999999
2020-08-10 04:00:00+00:00,1448,1457.5,1385.8399999999999,1418.5699999999999,7666069,301167,1420.33986
2020-08-11 04:00:00+00:00,1396,1420,1365,1374.3900000000001,8741122,359162,1393.8179170000001
2020-08-12 04:00:00+00:00,1470,1585,1435,1554.76,22174037,805729,1517.040199
2020-08-13 04:00:00+00:00,1611,1651.1800000000001,1567.26,1621,20595773,710149,1620.199496
2020-08-14 04:00:00+00:00,1664.99,1668.8,1626.6400000000001,1650.71,12712319,438273,1647.401323
2020-08-17 04:00:00+00:00,1677,1845.8599999999999,1672.8299999999999,1835.6400000000001,20489820,759257,1776.596573
2020-08-18 04:00:00+00:00,1898.99,1923.9000000000001,1845.1099999999999,1887.0899999999999,16676444,657452,1891.0834829999999
2020-08-19 04:00:00+00:00,1865,1911,1841.21,1878.53,12355864,485987,1885.3827570000001
2020-08-20 04:00:00+00:00,1860.6800000000001,2021.99,1857.0599999999999,2001.8299999999999,20733252,776244,1970.4687879999999
2020-08-21 04:00:00+00:00,2044.76,2095.4899999999998,2025.05,2049.98,21650393,802273,2065.2106210000002
2020-08-24 04:00:00+00:00,2126.2750000000001,2129,1927.52,2014.2,20241846,853715,2024.6624850000001
2020-08-25 04:00:00+00:00,1974.8900000000001,2027.95,1968,2023.3399999999999,10854445,431472,1999.3138710000001
2020-08-26 04:00:00+00:00,2060,2166,2053.6291000000001,2153.1700000000001,14397837,579504,2122.0573979999999
2020-08-27 04:00:00+00:00,2180.46,2295.5999999999999,2142.5,2238.75,23829801,919220,2225.4622490000002
2020-08-28 04:00:00+00:00,2295.1199999999999,2318.4899999999998,2186.52,2213.4000000000001,20238341,866486,2249.2926560000001
2020-08-31 04:00:00+00:00,444.61000000000001,500.13999999999999,440.11000000000001,498.31999999999999,120281737,2811228,478.63966900000003
2020-09-01 04:00:00+00:00,502.13999999999999,502.49000000000001,470.50999999999999,475.05000000000001,91700432,2184960,484.97620899999998
2020-09-02 04:00:00+00:00,478.99000000000001,479.04000000000002,405.12060000000002,447.37,97734366,2204980,442.55902500000002
2020-09-03 04:00:00+00:00,407.23000000000002,431.80000000000001,402,407,88909440,1836031,413.09327200000001
2020-09-04 04:00:00+00:00,402.81,428,372.02010000000001,418.31999999999999,110079661,2110788,402.772854
2020-09-08 04:00:00+00:00,356,368.74000000000001,329.88,330.20999999999998,117108871,2271277,348.34321999999997
2020-09-09 04:00:00+00:00,356.60000000000002,369,341.50999999999999,366.27999999999997,81069178,1435186,355.67523
2020-09-10 04:00:00+00:00,386.20999999999998,398.99000000000001,360.56,371.33999999999997,85844784,1411328,382.08728200000002
2020-09-11 04:00:00+00:00,381.94,382.5,360.5,372.72000000000003,61097968,900609,369.88062300000001
2020-09-14 04:00:00+00:00,380.94999999999999,420,373.30000000000001,419.62,83839293,1327706,400.76674600000001
2020-09-15 04:00:00+00:00,436.56,461.94,430.69999999999999,449.75999999999999,98257705,1624948,445.47753699999998
2020-09-16 04:00:00+00:00,439.87,457.79000000000002,435.31,441.75999999999999,73518108,1111986,446.88612999999998
2020-09-17 04:00:00+00:00,415.60000000000002,437.79000000000002,408.00009999999997,423.43000000000001,77573974,1187828,425.52557300000001
2020-09-18 04:00:00+00:00,447.94,451,428.80000000000001,442.14999999999998,89532487,1236144,441.95295900000002
2020-09-21 04:00:00+00:00,453.13,455.68000000000001,407.06999999999999,449.38999999999999,110557221,1798887,439.91264999999999
2020-09-22 04:00:00+00:00,429.60000000000002,437.75999999999999,417.6001,424.23000000000002,80305487,1406583,427.24277899999998
2020-09-23 04:00:00+00:00,405.16000000000003,412.14999999999998,375.88010000000003,380.36000000000001,96505943,1813290,391.89364
2020-09-24 04:00:00+00:00,363.80000000000001,399.5,351.30000000000001,387.79000000000002,97369802,1444242,383.63382200000001
2020-09-25 04:00:00+00:00,393.47000000000003,408.73230000000001,391.30000000000001,407.33999999999997,67981443,1010515,402.71718700000002
2020-09-28 04:00:00+00:00,424.62,428.07999999999998,415.55000000000001,421.19999999999999,50491312,861907,420.52821799999998
2020-09-29 04:00:00+00:00,416,428.5,411.60000000000002,419.06999999999999,51087357,832460,420.84732200000002
2020-09-30 04:00:00+00:00,421.31999999999999,433.93000000000001,420.47000000000003,429.00999999999999,49332194,805611,428.92741899999999
2020-10-01 04:00:00+00:00,440.75999999999999,448.88,434.42000000000002,448.16000000000003,51703510,871461,442.30535400000002
2020-10-02 04:00:00+00:00,421.38999999999999,439.13,415,415.08999999999997,72170193,1300580,426.09947
2020-10-05 04:00:00+00:00,423.35000000000002,433.63999999999999,419.32999999999998,425.68000000000001,45499582,760367,425.53711399999997
2020-10-06 04:00:00+00:00,423.79000000000002,428.7799,406.05000000000001,413.98000000000002,49866227,868262,418.08086900000001
2020-10-07 04:00:00+00:00,419.87,429.89999999999998,413.84500000000003,425.30000000000001,43635328,697611,423.21716800000002
2020-10-08 04:00:00+00:00,438.44,439,425.30000000000001,425.92000000000002,40926161,653970,432.29476899999997
2020-10-09 04:00:00+00:00,430.13,434.5899,426.46010000000001,433.94999999999999,29550775,477583,431.85946799999999
2020-10-12 04:00:00+00:00,442,448.74000000000001,438.57999999999998,442.30000000000001,39601989,682642,443.22903000000002
2020-10-13 04:00:00+00:00,443.35000000000002,448.88999999999999,436.60000000000002,446.64999999999998,35068484,602363,444.484757
2020-10-14 04:00:00+00:00,449.77999999999997,465.89999999999998,447.35000000000002,461.30000000000001,48629282,839947,459.639186
2020-10-15 04:00:00+00:00,450.31,456.56999999999999,442.5,448.88,36217876,644706,448.79490600000003
2020-10-16 04:00:00+00:00,454.44,455.94990000000001,438.85000000000002,439.67000000000002,33243107,570923,447.91958699999998
2020-10-19 04:00:00+00:00,446.24000000000001,447,428.87,430.82999999999998,36870233,635262,437.91046399999999
2020-10-20 04:00:00+00:00,431.75,431.75,419.05009999999999,421.94,32243856,649252,423.94634200000002
2020-10-21 04:00:00+00:00,422.69999999999999,432.94999999999999,421.25,422.63999999999999,33246161,635631,426.81352099999998
2020-10-22 04:00:00+00:00,441.92000000000002,445.23000000000002,424.50999999999999,425.79000000000002,40689938,696433,431.770509
2020-10-23 04:00:00+00:00,421.83999999999997,422.88589999999999,407.38010000000003,420.63,34163055,714498,414.75853599999999
2020-10-26 04:00:00+00:00,411.63,425.75999999999999,410,420.27999999999997,28889500,531458,417.37479300000001
2020-10-27 04:00:00+00:00,423.75999999999999,430.5,420.10000000000002,424.68000000000001,23217130,405456,424.97024199999998
2020-10-28 04:00:00+00:00,416.30000000000001,418.60000000000002,406,406.01999999999998,26016314,600779,410.87934100000001
2020-10-29 04:00:00+00:00,409.95999999999998,418.06,406.45999999999998,410.82999999999998,23237915,458829,412.38053000000002
2020-10-30 04:00:00+00:00,406.8954,407.5915,379.11000000000001,388.04000000000002,43421829,993927,389.29165
2020-11-02 05:00:00+00:00,394,406.97989999999999,392.30000000000001,400.50999999999999,29895974,512516,398.70158099999998
2020-11-03 05:00:00+00:00,409.73000000000002,427.76999999999998,406.69,423.89999999999998,34962887,607997,420.80766199999999
2020-11-04 05:00:00+00:00,430.62,435.39999999999998,417.10000000000002,420.83999999999997,32859767,574861,423.41838799999999
2020-11-05 05:00:00+00:00,428.30000000000001,440,424.00009999999997,438.08999999999997,29009991,526076,433.40658400000001
2020-11-06 05:00:00+00:00,436.10000000000002,436.56999999999999,424.27999999999997,429.94999999999999,22206906,389222,429.597373
2020-11-09 05:00:00+00:00,439.5,452.5,421,421.25999999999999,35716155,673357,437.88390500000003
2020-11-10 05:00:00+00:00,420.08999999999997,420.08999999999997,396.0301,410.36000000000001,30775582,670832,408.14455099999998
2020-11-11 05:00:00+00:00,416.44999999999999,418.69499999999999,410.57999999999998,417.13,17885275,335037,415.54334699999998
2020-11-12 05:00:00+00:00,415.05000000000001,423,409.51999999999998,411.75999999999999,20338465,395243,415.34052800000001
2020-11-13 05:00:00+00:00,410.85000000000002,412.53190000000001,401.66000000000003,408.5,20140374,499088,406.12682999999998
2020-11-16 05:00:00+00:00,408.93000000000001,412.44999999999999,404.08679999999998,408.08999999999997,27360737,582442,407.76567899999998
2020-11-17 05:00:00+00:00,460.17000000000002,462,433.00999999999999,441.61000000000001,62393558,1216430,446.72167300000001
2020-11-18 05:00:00+00:00,448.35000000000002,496,443.50009999999997,486.63999999999999,78898617,1470207,475.68301200000002
2020-11-19 05:00:00+00:00,492,508.6112,487.56999999999999,499.26999999999998,63812701,1129599,499.97742299999999
2020-11-20 05:00:00+00:00,497.99000000000001,502.5,489.06,489.61000000000001,33796691,642836,494.323241
2020-11-23 05:00:00+00:00,503.5,526,501.79000000000002,521.49000000000001,51106315,906054,519.35494300000005
2020-11-24 05:00:00+00:00,540.39999999999998,559.99000000000001,526.20000000000005,555.38,54748191,1051195,546.37519999999995
2020-11-25 05:00:00+00:00,550.05999999999995,574,545.37,574,50058184,924438,562.27074300000004
2020-11-27 05:00:00+00:00,581.15999999999997,598.77999999999997,578.45000000000005,585.75999999999999,38250684,783387,591.03912600000001
2020-11-30 05:00:00+00:00,602.21000000000004,607.79999999999995,554.50999999999999,567.60000000000002,64413229,1282812,580.82037800000001
2020-12-01 05:00:00+00:00,597.59000000000003,597.85000000000002,572.04999999999995,584.75999999999999,41143950,793964,583.65109099999995
2020-12-02 05:00:00+00:00,556.44000000000005,571.53999999999996,541.21000000000004,568.82000000000005,48735846,1016400,561.11004200000002
2020-12-03 05:00:00+00:00,590.01999999999998,598.97000000000003,582.42999999999995,593.38,43325929,843518,591.70276200000001
2020-12-04 05:00:00+00:00,591.00999999999999,599.03999999999996,585.5,599.03999999999996,29781022,590451,593.40994000000001
2020-12-07 05:00:00+00:00,604.91970000000003,648.78560000000004,603.04999999999995,641.75999999999999,57377241,1092396,631.19325600000002
2020-12-08 05:00:00+00:00,625.505,651.27999999999997,618.5,649.88,65326352,1202217,636.42356900000004
2020-12-09 05:00:00+00:00,653.69000000000005,654.32000000000005,588,604.48000000000002,72159651,1678948,620.94055900000001
2020-12-10 05:00:00+00:00,574.37,627.75,566.34000000000003,627.07000000000005,68211327,1343748,608.89778100000001
2020-12-11 05:00:00+00:00,615.00999999999999,624,596.79999999999995,609.99000000000001,47456210,879034,610.50434900000005
2020-12-14 05:00:00+00:00,619,642.74990000000003,610.20010000000002,639.83000000000004,52968820,934553,633.05313100000001
2020-12-15 05:00:00+00:00,643.27999999999997,646.89999999999998,623.79999999999995,633.25,46156985,809051,635.96764499999995
2020-12-16 05:00:00+00:00,628.23000000000002,632.5,605,622.76999999999998,43163467,797207,619.92578300000002
2020-12-17 05:00:00+00:00,628.19000000000005,658.82000000000005,619.5,655.60000000000002,57432199,1032520,642.28316800000005
2020-12-18 05:00:00+00:00,668.89999999999998,695,628.53999999999996,658.34000000000003,300234026,2078694,684.82694300000003
2020-12-21 05:00:00+00:00,666.24000000000001,668.5,646.07000000000005,649.86000000000001,59508622,1226736,658.66072899999995
2020-12-22 05:00:00+00:00,648,649.88,614.23000000000002,640.34000000000003,53341349,1150498,631.78052600000001
2020-12-23 05:00:00+00:00,632.20000000000005,651.49990000000003,622.57010000000002,645.98000000000002,33909245,643940,642.170345
2020-12-24 05:00:00+00:00,642.99000000000001,666.09000000000003,641,661.76999999999998,23403515,465759,658.54058499999996
2020-12-28 05:00:00+00:00,674.50999999999999,681.39999999999998,660.79999999999995,663.69000000000005,33500126,627139,669.60974699999997
2020-12-29 05:00:00+00:00,661,669.89999999999998,655,665.99000000000001,23486075,465755,662.66038900000001
2020-12-30 05:00:00+00:00,672,696.60000000000002,668.36030000000005,694.77999999999997,43367508,767895,684.35834599999998
2020-12-31 05:00:00+00:00,700,718.72000000000003,691.12,705.66999999999996,50365513,915324,707.61554899999999
2021-01-04 05:00:00+00:00,719.46000000000004,744.48990000000003,717.18949999999995,729.76999999999998,50014305,952188,731.29643299999998
2021-01-05 05:00:00+00:00,723.65999999999997,740.84000000000003,719.20000000000005,735.11000000000001,32982710,681717,733.168004
2021-01-06 05:00:00+00:00,758.49000000000001,774,749.10000000000002,755.98000000000002,45598607,962709,762.29128600000001
2021-01-07 05:00:00+00:00,777.63,816.99000000000001,775.20000000000005,816.03999999999996,52429432,1164689,799.82232399999998
2021-01-08 05:00:00+00:00,856,884.49000000000001,838.38999999999999,880.01999999999998,75632347,1789882,866.93057099999999
2021-01-11 05:00:00+00:00,849.39999999999998,854.42999999999995,803.62220000000002,811.19000000000005,60870710,1652652,831.40719300000001
2021-01-12 05:00:00+00:00,831,868,827.34000000000003,849.44000000000005,47476499,1006729,853.85413500000004
2021-01-13 05:00:00+00:00,852.75999999999999,860.47000000000003,832,854.40999999999997,34321646,776375,846.98744199999999
2021-01-14 05:00:00+00:00,843.38999999999999,863,838.75,845,31907371,695479,851.62049999999999
2021-01-15 05:00:00+00:00,852,859.89999999999998,819.10000000000002,826.15999999999997,40053803,904744,837.82831499999998
2021-01-19 05:00:00+00:00,837.79999999999995,850,833,844.54999999999995,26172859,611584,840.79368099999999
2021-01-20 05:00:00+00:00,858.74000000000001,859.5,837.27999999999997,850.45000000000005,26201286,627383,849.49168899999995
2021-01-21 05:00:00+00:00,855,855.71990000000005,841.42010000000005,844.99000000000001,21252550,486212,847.123696
2021-01-22 05:00:00+00:00,834.30999999999995,848,828.62,846.63999999999999,20623643,550053,838.55289300000004
2021-01-25 05:00:00+00:00,855,900.39999999999998,838.82010000000002,880.79999999999995,42020166,971903,873.34300399999995
2021-01-26 05:00:00+00:00,891.38,895.89999999999998,871.60000000000002,883.09000000000003,23668063,607305,885.75686499999995
2021-01-27 05:00:00+00:00,870.35000000000002,891.5,858.65999999999997,864.15999999999997,28480919,896057,874.79596900000001
2021-01-28 05:00:00+00:00,820,848,801,835.42999999999995,27295338,935867,831.60006399999997
2021-01-29 05:00:00+00:00,830.00030000000004,842.40999999999997,780.10000000000002,793.52999999999997,35506644,1301803,805.04429000000005
2021-02-01 05:00:00+00:00,814.28999999999996,842,795.56010000000003,839.80999999999995,26174763,817451,823.85764500000005
2021-02-02 05:00:00+00:00,844.67999999999995,880.5,842.20060000000001,872.78999999999996,24898884,712169,870.16096800000003
2021-02-03 05:00:00+00:00,877.01999999999998,878.08000000000004,853.06460000000004,854.69000000000005,18720513,565776,861.11518599999999
2021-02-04 05:00:00+00:00,855,856.5,833.41999999999996,849.99000000000001,16156602,488970,844.51399500000002
2021-02-05 05:00:00+00:00,845,864.76999999999998,838.97000000000003,852.23000000000002,18872458,501682,852.67614700000001
2021-02-08 05:00:00+00:00,869.66999999999996,877.76999999999998,854.75,863.41999999999996,20673464,577776,865.54375400000004
2021-02-09 05:00:00+00:00,855.12,859.79999999999995,841.75,849.46000000000004,15459019,537354,849.25919099999999
2021-02-10 05:00:00+00:00,843.63499999999999,844.82000000000005,800.01999999999998,804.82000000000005,36970071,1269215,814.53508699999998
2021-02-11 05:00:00+00:00,812.44000000000005,829.87990000000002,801.72500000000002,811.65999999999997,22440335,634543,814.01956600000005
2021-02-12 05:00:00+00:00,801.25999999999999,817.33000000000004,785.3306,816.12,24240401,818983,801.163455
2021-02-16 05:00:00+00:00,818,821,792.44000000000005,796.22000000000003,20358598,703338,803.55381599999998
2021-02-17 05:00:00+00:00,779.09000000000003,799.84000000000003,762.00999999999999,798.14999999999998,26647568,925854,781.43435299999999
2021-02-18 05:00:00+00:00,780.89999999999998,794.69000000000005,776.26999999999998,787.38,18371802,563101,786.71009800000002
2021-02-19 05:00:00+00:00,795,796.78989999999999,777.37,781.29999999999995,19630722,615730,785.83614999999998
2021-02-22 05:00:00+00:00,762.63999999999999,768.5,710.20000000000005,714.5,38031685,1355574,738.47167400000001
2021-02-23 05:00:00+00:00,662.13,713.60990000000004,619,698.84000000000003,67766447,2040541,674.73676499999999
2021-02-24 05:00:00+00:00,711.85000000000002,745,694.16999999999996,742.01999999999998,37478423,1004867,722.25868700000001
2021-02-25 05:00:00+00:00,726.14999999999998,737.20659999999998,670.58000000000004,682.22000000000003,39732207,1292759,701.77902400000005
2021-02-26 05:00:00+00:00,700,706.70000000000005,659.50999999999999,675.5,41859240,1137056,680.637428
2021-03-01 05:00:00+00:00,690.11000000000001,872,685.04999999999995,718.42999999999995,28019463,820207,707.14431300000001
2021-03-02 05:00:00+00:00,718.27999999999997,721.11000000000001,685,686.44000000000005,24305191,842213,701.99856299999999
2021-03-03 05:00:00+00:00,687.99000000000001,700.70000000000005,651.70500000000004,653.20000000000005,30875867,1046912,675.70996200000002
2021-03-04 05:00:00+00:00,655.79999999999995,873.94000000000005,600,621.44000000000005,66722226,2044220,625.88586399999997
2021-03-05 05:00:00+00:00,626.05999999999995,627.84190000000001,539.49000000000001,597.95000000000005,90222134,2552198,583.46275500000002
2021-03-08 05:00:00+00:00,600.54999999999995,620.125,558.78999999999996,563,52562596,1582498,587.40438600000004
2021-03-09 05:00:00+00:00,608.17999999999995,678.09000000000003,595.21000000000004,673.58000000000004,68663507,1857659,646.58942999999999
2021-03-10 05:00:00+00:00,700.29999999999995,717.85000000000002,655.05999999999995,668.05999999999995,61748901,1645355,683.547056
2021-03-11 05:00:00+00:00,699.39999999999998,702.5,677.17999999999995,699.60000000000002,37242895,1025556,692.62336500000004
2021-03-12 05:00:00+00:00,670,694.88,666.13940000000002,693.73000000000002,34136022,1007049,683.50798299999997
2021-03-15 04:00:00+00:00,694.11000000000001,713.17999999999995,684.03999999999996,707.94000000000005,29918404,874730,702.36811399999999
2021-03-16 04:00:00+00:00,703.35000000000002,707.91999999999996,671,676.88,32564472,930904,691.14806499999997
2021-03-17 04:00:00+00:00,656.87,703.73000000000002,651.00999999999999,701.80999999999995,41494645,1015370,680.37567200000001
2021-03-18 04:00:00+00:00,684.28999999999996,689.23000000000002,652,653.15999999999997,33885246,1017967,671.73830899999996
2021-03-19 04:00:00+00:00,645.71000000000004,657.23000000000002,624.62009999999998,654.87,45923788,1055688,646.237571
2021-03-22 04:00:00+00:00,684.59000000000003,699.62,668.75,670,40495676,1058264,686.32427600000005
2021-03-23 04:00:00+00:00,675.76999999999998,677.79999999999995,657.50999999999999,662.15999999999997,31078447,787150,668.10685599999999
2021-03-24 04:00:00+00:00,667.90999999999997,668.01999999999998,630.11000000000001,630.26999999999998,34271971,919142,650.424352
2021-03-25 04:00:00+00:00,613,645.5,609.5,640.38999999999999,39837368,958380,630.24129100000005
2021-03-26 04:00:00+00:00,641.87,643.82000000000005,599.88999999999999,618.71000000000004,34487228,1104208,618.793588
2021-03-29 04:00:00+00:00,615.63999999999999,616.48000000000002,596.01999999999998,611.28999999999996,29130786,941332,607.03256799999997
2021-03-30 04:00:00+00:00,601.75,637.65999999999997,591.00999999999999,635.62,39860073,890517,617.85975599999995
2021-03-31 04:00:00+00:00,646.62,672,641.11000000000001,667.92999999999995,34196731,814054,659.75853700000005
2021-04-01 04:00:00+00:00,688.37,692.4203,659.41999999999996,661.75,35803723,874621,675.75837100000001
2021-04-05 04:00:00+00:00,707.71000000000004,708.15999999999997,684.70000000000005,691.04999999999995,42814383,1056448,696.79690500000004
2021-04-06 04:00:00+00:00,690.29999999999995,696.54999999999995,681.37,691.62,28683109,658751,690.36427700000002
2021-04-07 04:00:00+00:00,687,691.38,667.84000000000003,670.97000000000003,26611513,590499,680.23566900000003
2021-04-08 04:00:00+00:00,677.38,689.54989999999998,671.64499999999998,683.79999999999995,24715587,565985,682.71415300000001
2021-04-09 04:00:00+00:00,677.76999999999998,680.97000000000003,669.42999999999995,677.01999999999998,21767357,608684,675.31679699999995
2021-04-12 04:00:00+00:00,685.70000000000005,704.79999999999995,682.09000000000003,701.98000000000002,29307201,766944,698.09063200000003
2021-04-13 04:00:00+00:00,712.70000000000005,763,710.65999999999997,762.32000000000005,44838286,1162432,742.25026400000002
2021-04-14 04:00:00+00:00,770.70000000000005,780.78999999999996,728.02999999999997,732.23000000000002,49385460,1254542,754.63296000000003
2021-04-15 04:00:00+00:00,743.10000000000002,743.69000000000005,721.30999999999995,738.85000000000002,28002734,723299,732.49368700000002
2021-04-16 04:00:00+00:00,728.64999999999998,749.40999999999997,724.60000000000002,739.77999999999997,28218172,733237,736.46077700000001
2021-04-19 04:00:00+00:00,719.60000000000002,725.39999999999998,691.80010000000004,714.63,39881308,1003201,708.25744799999995
2021-04-20 04:00:00+00:00,717.41999999999996,737.25,710.68499999999995,718.99000000000001,35750038,823312,722.30550300000004
2021-04-21 04:00:00+00:00,704.76999999999998,744.84000000000003,698,744.12,31384728,749375,723.57814800000006
2021-04-22 04:00:00+00:00,741.5,753.76999999999998,718.03999999999996,719.69000000000005,35945443,861049,734.881574
2021-04-23 04:00:00+00:00,719.79999999999995,737.36000000000001,715.46000000000004,729.39999999999998,29367706,627334,729.00387999999998
2021-04-26 04:00:00+00:00,741,749.29999999999995,732.60530000000006,738.20000000000005,31796451,877972,738.37196600000004
2021-04-27 04:00:00+00:00,717.76999999999998,724,703.3501,704.74000000000001,29892736,907372,710.95560599999999
2021-04-28 04:00:00+00:00,696.40999999999997,708.5,693.60000000000002,694.39999999999998,22538829,694146,699.25546499999996
2021-04-29 04:00:00+00:00,699.50999999999999,702.25,668.50019999999995,677,29218543,899792,680.84627999999998
2021-04-30 04:00:00+00:00,667.59000000000003,715.47000000000003,666.13999999999999,709.44000000000005,41416909,1011794,699.11557900000003
2021-05-03 04:00:00+00:00,703.79999999999995,706,680.5,684.89999999999998,27465682,761160,690.14867000000004
2021-05-04 04:00:00+00:00,678.94000000000005,683.44640000000004,657.70100000000002,673.60000000000002,30326191,872723,667.38914399999999
2021-05-05 04:00:00+00:00,681.05999999999995,685.29549999999995,667.34000000000003,670.94000000000005,22273876,564903,674.61739999999998
2021-05-06 04:00:00+00:00,680.75999999999999,681.01999999999998,650,663.53999999999996,27943659,714548,662.91063199999996
2021-05-07 04:00:00+00:00,665.79999999999995,690,660.22000000000003,672.37,23858482,580843,672.32469800000001
2021-05-10 04:00:00+00:00,664.89999999999998,665.04999999999995,627.61009999999999,629.03999999999996,32108300,939962,641.98561500000005
2021-05-11 04:00:00+00:00,599.24000000000001,627.09990000000005,595.60000000000002,617.20000000000005,47301041,1221352,613.44072900000003
2021-05-12 04:00:00+00:00,602.49000000000001,620.40999999999997,586.76499999999999,589.88999999999999,33992846,983385,601.792281
2021-05-13 04:00:00+00:00,601.54499999999996,606.45989999999995,559.64999999999998,571.69000000000005,44392332,1295232,579.55088899999998
2021-05-14 04:00:00+00:00,583.40999999999997,592.87,570.46000000000004,589.74000000000001,33387906,879142,583.42722900000001
2021-05-17 04:00:00+00:00,575.55309999999997,589.73000000000002,561.20000000000005,576.83000000000004,32929060,836641,573.89710300000002
2021-05-18 04:00:00+00:00,568,596.25,563.38,577.87,37297582,830027,582.34200599999997
2021-05-19 04:00:00+00:00,552.54999999999995,566.21000000000004,546.98000000000002,563.46000000000004,40136803,1018753,556.978565
2021-05-20 04:00:00+00:00,575,588.85000000000002,571.07000000000005,586.77999999999997,31433939,663628,580.45194400000003
2021-05-21 04:00:00+00:00,596.11000000000001,596.67999999999995,580,580.88,26785299,585746,587.29740900000002
2021-05-24 04:00:00+00:00,581.60000000000002,614.48000000000002,573.64999999999998,606.44000000000005,35547930,728803,599.74625200000003
2021-05-25 04:00:00+00:00,607.30999999999995,613.99000000000001,595.71000000000004,604.69000000000005,28550290,620980,602.97171900000001
2021-05-26 04:00:00+00:00,607.55999999999995,626.16999999999996,601.5,619.13,29212889,650731,617.12493199999994
2021-05-27 04:00:00+00:00,620.24000000000001,631.13,616.21000000000004,630.85000000000002,28282417,592431,624.01266399999997
2021-05-28 04:00:00+00:00,628.5,635.59000000000003,622.38,625.22000000000003,23260022,539986,628.78584999999998
2021-06-01 04:00:00+00:00,627.79999999999995,633.79999999999995,620.54999999999995,623.89999999999998,18452166,445686,626.401926
2021-06-02 04:00:00+00:00,620.13,623.36000000000001,599.13999999999999,605.12,23743792,681201,607.66982800000005
2021-06-03 04:00:00+00:00,601.79999999999995,604.54999999999995,571.22000000000003,572.84000000000003,30647938,880543,588.32876799999997
2021-06-04 04:00:00+00:00,579.71000000000004,600.61000000000001,577.20000000000005,599.04999999999995,24496050,562999,593.93381199999999
2021-06-07 04:00:00+00:00,591.82500000000005,610,582.88,605.13,23005783,605314,593.11814900000002
2021-06-08 04:00:00+00:00,623.00999999999999,623.09000000000003,595.5,603.59000000000003,26777011,584232,606.26506300000005
2021-06-09 04:00:00+00:00,602.16999999999996,611.78999999999996,597.63009999999997,598.77999999999997,16914012,384600,603.13508000000002
2021-06-10 04:00:00+00:00,603.88,616.59000000000003,600.5,610.12,24293275,507426,610.79557299999999
2021-06-11 04:00:00+00:00,610.23000000000002,612.55999999999995,601.51999999999998,609.88999999999999,16535293,378519,607.46024299999999
2021-06-14 04:00:00+00:00,612.23000000000002,625.49000000000001,609.17999999999995,617.69000000000005,20959949,460865,618.01195299999995
2021-06-15 04:00:00+00:00,616.69000000000005,616.78999999999996,598.23000000000002,599.36000000000001,18168954,438551,605.56567399999994
2021-06-16 04:00:00+00:00,597.53499999999997,608.5,593.5,604.87,22851893,476656,601.27146300000004
2021-06-17 04:00:00+00:00,601.88779999999997,621.47000000000003,601.34000000000003,616.60000000000002,23498871,504011,614.81548399999997
2021-06-18 04:00:00+00:00,613.37,628.35000000000002,611.79999999999995,623.30999999999995,26192084,500949,620.48652400000003
2021-06-21 04:00:00+00:00,624.48000000000002,631.38999999999999,608.88,620.83000000000004,25222987,490854,620.84502499999996
2021-06-22 04:00:00+00:00,618.25,628.5693,615.5,623.71000000000004,19694588,376499,622.93815400000005
2021-06-23 04:00:00+00:00,632,657.20399999999995,630.03999999999996,656.57000000000005,31726538,675885,650.36221399999999
2021-06-24 04:00:00+00:00,674.99000000000001,697.62,667.61000000000001,679.82000000000005,46633877,979617,684.59456899999998
2021-06-25 04:00:00+00:00,689.58000000000004,693.80999999999995,668.70000000000005,671.87,33490338,604893,678.633824
2021-06-28 04:00:00+00:00,671.63999999999999,694.69989999999996,670.32000000000005,688.72000000000003,22042075,476432,686.63402399999995
2021-06-29 04:00:00+00:00,684.64999999999998,687.50990000000002,675.88999999999999,680.75999999999999,17797370,392656,680.67443200000002
2021-06-30 04:00:00+00:00,679.76999999999998,692.80999999999995,678.13999999999999,679.70000000000005,19519239,424580,684.98732600000005
2021-07-01 04:00:00+00:00,683.91999999999996,687.99000000000001,672.79999999999995,677.91999999999996,18942491,401598,679.22654799999998
2021-07-02 04:00:00+00:00,678.89999999999998,700,673.25999999999999,678.89999999999998,27479899,556873,683.80684299999996
2021-07-06 04:00:00+00:00,681.7115,684,651.40020000000004,659.58000000000004,23707724,609046,661.772964
2021-07-07 04:00:00+00:00,664.26999999999998,665.70000000000005,638.32000000000005,644.64999999999998,19116741,434572,647.81517499999995
2021-07-08 04:00:00+00:00,628.37,654.42999999999995,620.46000000000004,652.80999999999995,23321697,474922,640.626214
2021-07-09 04:00:00+00:00,653.18499999999995,658.90999999999997,644.69000000000005,656.95000000000005,18895294,364589,653.83324200000004
2021-07-12 04:00:00+00:00,662.20000000000005,687.24000000000001,662.16099999999994,685.70000000000005,26491509,541587,680.25682300000005
2021-07-13 04:00:00+00:00,686.32000000000005,693.27999999999997,666.29579999999999,668.53999999999996,21289149,437105,677.33309799999995
2021-07-14 04:00:00+00:00,670.75,678.60990000000004,652.84000000000003,653.38,21979326,432554,665.66524900000002
2021-07-15 04:00:00+00:00,658.38999999999999,666.13999999999999,637.88,650.60000000000002,20556034,431615,652.18552299999999
2021-07-16 04:00:00+00:00,654.67999999999995,656.69989999999996,642.20000000000005,644.22000000000003,16850121,333345,646.95120699999995
2021-07-19 04:00:00+00:00,629.88999999999999,647.19989999999996,621.28999999999996,646.22000000000003,21935946,482232,636.38287000000003
2021-07-20 04:00:00+00:00,651.99000000000001,662.39160000000004,640.50099999999998,660.5,15998009,340666,650.878739
2021-07-21 04:00:00+00:00,659.61000000000001,664.85990000000004,650.29010000000005,655.28999999999996,14333534,320579,657.34252300000003
2021-07-22 04:00:00+00:00,656.44280000000003,662.16999999999996,644.6001,649.25999999999999,15418353,322069,652.28577499999994
2021-07-23 04:00:00+00:00,646.36000000000001,648.79999999999995,637.30010000000004,643.38,14928553,343590,642.75336500000003
2021-07-26 04:00:00+00:00,650.97000000000003,668.19989999999996,647.11000000000001,657.62,25851515,548241,658.47958800000004
2021-07-27 04:00:00+00:00,663.39999999999998,666.5,627.24000000000001,644.77999999999997,33429295,739730,642.12270100000001
2021-07-28 04:00:00+00:00,646.995,654.96990000000005,639.40009999999995,646.98000000000002,16308995,364633,647.16461500000003
2021-07-29 04:00:00+00:00,649.78999999999996,683.69000000000005,648.79999999999995,677.35000000000002,30890211,636940,673.18834500000003
2021-07-30 04:00:00+00:00,671.75800000000004,697.52999999999997,669,687.20000000000005,30074532,639424,686.88289299999997
2021-08-02 04:00:00+00:00,700,726.94000000000005,698.39999999999998,709.66999999999996,34661220,817721,715.99294699999996
2021-08-03 04:00:00+00:00,719,722.64999999999998,701.00999999999999,709.74000000000001,22176617,498439,710.46670700000004
2021-08-04 04:00:00+00:00,711,724.89999999999998,708.92999999999995,710.91999999999996,17397896,409212,714.41739700000005
2021-08-05 04:00:00+00:00,716,720.94989999999996,711.40999999999997,714.63,13231098,324935,715.91364799999997
2021-08-06 04:00:00+00:00,711.89999999999998,716.33000000000004,697.63,699.10000000000002,16033021,409025,703.60596999999996
2021-08-09 04:00:00+00:00,710.16999999999996,719.02999999999997,705.13,713.75999999999999,15569679,339987,714.11363500000004
2021-08-10 04:00:00+00:00,713.99000000000001,716.59000000000003,701.88,709.99000000000001,14088137,321149,709.19227699999999
2021-08-11 04:00:00+00:00,712.71000000000004,715.17999999999995,704.21000000000004,707.82000000000005,10174556,256403,708.49956999999995
2021-08-12 04:00:00+00:00,706.34000000000003,722.79999999999995,699.39999999999998,722.25,18124945,398942,714.24116600000002
2021-08-13 04:00:00+00:00,723.71000000000004,729.89999999999998,714.34000000000003,717.16999999999996,17678903,359933,720.09441100000004
2021-08-16 04:00:00+00:00,705.07000000000005,709.5,676.39999999999998,686.16999999999996,23934709,625359,687.09989800000005
2021-08-17 04:00:00+00:00,672.65999999999997,674.58000000000004,648.84000000000003,665.71000000000004,24265619,620030,661.68232699999999
2021-08-18 04:00:00+00:00,669.74789999999996,695.76999999999998,669.35000000000002,688.99000000000001,20834284,485568,687.24985100000004
2021-08-19 04:00:00+00:00,678.21000000000004,686.54999999999995,667.59000000000003,673.47000000000003,14631401,344518,676.84552799999994
2021-08-20 04:00:00+00:00,682.85000000000002,692.12990000000002,673.70000000000005,680.25999999999999,15480461,334655,680.27897700000005
2021-08-23 04:00:00+00:00,685.44200000000001,712.12990000000002,680.75049999999999,706.29999999999995,20917215,461268,703.04742399999998
2021-08-24 04:00:00+00:00,710.67999999999995,715.22000000000003,702.63999999999999,708.49000000000001,13331889,309482,708.28394500000002
2021-08-25 04:00:00+00:00,707.02999999999997,716.97000000000003,704,711.20000000000005,13140733,292731,711.75060599999995
2021-08-26 04:00:00+00:00,708.30999999999995,715.39999999999998,697.62009999999998,701.15999999999997,13535663,321320,705.53901499999995
2021-08-27 04:00:00+00:00,705,715,702.1001,711.91999999999996,14226833,317663,710.53183899999999
2021-08-30 04:00:00+00:00,714.71500000000003,731,712.73000000000002,730.90999999999997,18937972,468649,725.03485799999999
2021-08-31 04:00:00+00:00,733,740.38999999999999,726.44000000000005,735.72000000000003,22964324,421801,734.80153600000006
2021-09-01 04:00:00+00:00,734.08000000000004,741.99000000000001,731.27009999999996,734.09000000000003,13612193,322500,736.48439399999995
2021-09-02 04:00:00+00:00,734.5,740.97000000000003,730.53999999999996,732.38999999999999,13153084,310317,735.38215000000002
2021-09-03 04:00:00+00:00,732.24940000000004,734,724.20000000000005,733.57000000000005,15533677,355980,729.29221099999995
2021-09-07 04:00:00+00:00,740,760.20000000000005,739.25999999999999,752.91999999999996,20416032,499482,752.76803199999995
2021-09-08 04:00:00+00:00,761.58000000000004,764.45000000000005,740.77329999999995,753.87,19160240,449475,752.53195400000004
2021-09-09 04:00:00+00:00,753.40999999999997,762.10000000000002,751.63009999999997,754.86000000000001,14472239,331982,756.79698099999996
2021-09-10 04:00:00+00:00,759.60000000000002,762.61000000000001,734.52009999999996,736.26999999999998,15480205,378382,749.40861500000005
2021-09-13 04:00:00+00:00,740.21429999999998,744.77999999999997,708.85000000000002,743,23526061,506104,729.11206700000002
2021-09-14 04:00:00+00:00,742.57000000000005,754.47000000000003,736.39999999999998,744.49000000000001,18929417,391531,745.89830400000005
2021-09-15 04:00:00+00:00,745,756.86000000000001,738.36000000000001,755.83000000000004,16058396,351298,749.19358699999998
2021-09-16 04:00:00+00:00,752.83000000000004,758.90999999999997,747.61000000000001,756.99000000000001,14603360,289973,753.438174
2021-09-17 04:00:00+00:00,757.14999999999998,761.03999999999996,750,759.49000000000001,35938669,382206,758.09298899999999
2021-09-20 04:00:00+00:00,734.55769999999995,742,718.62490000000003,730.16999999999996,25471332,553757,729.49904900000001
2021-09-21 04:00:00+00:00,734.78999999999996,744.73990000000003,730.44000000000005,739.38,17152159,314321,739.454385
2021-09-22 04:00:00+00:00,743.52629999999999,753.66989999999998,739.12,751.94000000000005,15753275,318997,747.85944400000005
2021-09-23 04:00:00+00:00,755,758.20000000000005,747.91999999999996,753.63999999999999,12283745,286249,753.35192099999995
2021-09-24 04:00:00+00:00,745.88999999999999,774.79999999999995,744.55999999999995,774.38999999999999,21818322,470014,763.53540799999996
2021-09-27 04:00:00+00:00,773.12,799,769.30999999999995,791.36000000000001,28842443,606222,787.27577499999995
2021-09-28 04:00:00+00:00,787.20000000000005,795.63999999999999,766.18010000000004,777.55999999999995,26182426,536347,780.58562199999994
2021-09-29 04:00:00+00:00,779.79999999999995,793.5,770.67999999999995,781.30999999999995,21363938,417686,782.39008100000001
2021-09-30 04:00:00+00:00,781,789.13049999999998,775,775.48000000000002,18710564,363904,781.83322999999996
2021-10-01 04:00:00+00:00,778.39999999999998,780.77999999999997,763.59000000000003,775.22000000000003,17689952,363028,772.29787799999997
2021-10-04 04:00:00+00:00,796.5,806.96990000000005,776.12,781.52999999999997,31386257,640563,790.02919899999995
2021-10-05 04:00:00+00:00,784.7962,797.30999999999995,774.20000000000005,780.59000000000003,18860630,401580,785.21706700000004
2021-10-06 04:00:00+00:00,776.20000000000005,786.65999999999997,773.22000000000003,782.75,15009105,333068,781.00901299999998
2021-10-07 04:00:00+00:00,785.46000000000004,805,783.38,793.61000000000001,20052029,412495,792.19576099999995
2021-10-08 04:00:00+00:00,796.21000000000004,796.38,780.90999999999997,785.49000000000001,17016248,400903,787.09159899999997
2021-10-11 04:00:00+00:00,787.64999999999998,801.24000000000001,785.5,791.94000000000005,14464306,346232,794.93484000000001
2021-10-12 04:00:00+00:00,800.92999999999995,812.32000000000005,796.57000000000005,805.72000000000003,22918978,499674,806.67993200000001
2021-10-13 04:00:00+00:00,810.47000000000003,815.40999999999997,805.77999999999997,811.08000000000004,14470404,347504,809.65018699999996
2021-10-14 04:00:00+00:00,815.49000000000001,820.25,813.3501,818.32000000000005,12701953,304271,817.37335700000006
2021-10-15 04:00:00+00:00,823.73839999999996,843.21000000000004,822.35000000000002,843.02999999999997,19439060,450800,833.16104900000005
2021-10-18 04:00:00+00:00,851.78999999999996,875.25999999999999,851.47000000000003,870.11000000000001,25246436,595633,865.39461800000004
2021-10-19 04:00:00+00:00,877.52999999999997,877.95000000000005,862.50999999999999,864.26999999999998,17808882,478946,869.70902799999999
2021-10-20 04:00:00+00:00,865.35000000000002,869.49000000000001,857.38,865.79999999999995,14335208,402600,864.81796099999997
2021-10-21 04:00:00+00:00,856,900,855.50459999999998,894,32096479,737893,889.39373799999998
2021-10-22 04:00:00+00:00,895.5,910,890.96000000000004,909.67999999999995,23564778,575737,904.44211499999994
2021-10-25 04:00:00+00:00,950.52999999999997,1045.02,944.20000000000005,1024.8599999999999,63703870,1654914,991.43331799999999
2021-10-26 04:00:00+00:00,1024.6900000000001,1094.9400000000001,1001.4400000000001,1018.4299999999999,63161058,1717724,1043.648138
2021-10-27 04:00:00+00:00,1039.6600000000001,1070.8800000000001,1030.78,1037.8599999999999,39387863,935168,1048.7502340000001
2021-10-28 04:00:00+00:00,1068.3050000000001,1081,1054.2,1077.04,27853700,665904,1069.9605200000001
2021-10-29 04:00:00+00:00,1081.8599999999999,1115.21,1073.2049999999999,1114,30566107,756514,1096.132644
2021-11-01 04:00:00+00:00,1145,1209.75,1118.6600000000001,1208.5899999999999,57142797,1373417,1166.270728
2021-11-02 04:00:00+00:00,1159.355,1208.5899999999999,1146,1172,43499255,1230067,1177.7850539999999
2021-11-03 04:00:00+00:00,1177.3299999999999,1215.3900000000001,1152.6199999999999,1213.8599999999999,35071050,880463,1184.912286
2021-11-04 04:00:00+00:00,1234.4100000000001,1243.49,1217,1229.9100000000001,25934479,765006,1233.2547850000001
2021-11-05 04:00:00+00:00,1228,1239.8699999999999,1208,1222.0899999999999,22050239,606013,1227.194632
2021-11-08 05:00:00+00:00,1149.7850000000001,1197,1133,1162.9400000000001,34752811,1095854,1174.6328960000001
2021-11-09 05:00:00+00:00,1173.5999999999999,1174.5,1011.52,1023.5,60134781,1826130,1067.2401110000001
2021-11-10 05:00:00+00:00,1010.41,1078.0999999999999,987.30999999999995,1067.95,43481926,1325012,1049.326325
2021-11-11 05:00:00+00:00,1102.77,1104.97,1054.6800000000001,1063.51,22832119,686865,1072.400441
2021-11-12 05:00:00+00:00,1047.5,1054.5,1019.2,1033.4200000000001,26031201,773660,1032.666954
2021-11-15 05:00:00+00:00,1017.63,1031.98,978.60000000000002,1013.39,35229701,1250914,1000.834143
2021-11-16 05:00:00+00:00,1003.3099999999999,1057.1999000000001,1002.1799999999999,1054.73,27469141,715889,1042.9979310000001
2021-11-17 05:00:00+00:00,1063.51,1119.6400000000001,1055.5,1089.01,31968024,891814,1089.9302600000001
2021-11-18 05:00:00+00:00,1106.55,1112,1075.02,1096.3800000000001,21341044,618224,1094.91714
2021-11-19 05:00:00+00:00,1098.8699999999999,1138.7199000000001,1092.7,1137.0599999999999,22238064,586598,1117.2659430000001
2021-11-22 05:00:00+00:00,1162.3099999999999,1201.95,1132.4300000000001,1156.8699999999999,34088754,968872,1174.1245329999999
2021-11-23 05:00:00+00:00,1167.51,1180.4999,1062.7,1109.03,36850290,1032199,1113.061678
2021-11-24 05:00:00+00:00,1080.3900000000001,1132.77,1062,1116,23158206,645348,1110.024977
2021-11-26 05:00:00+00:00,1099.47,1108.7827,1081,1081.9200000000001,12181035,391920,1091.9911790000001
2021-11-29 05:00:00+00:00,1100.99,1142.6700000000001,1100.1900000000001,1136.99,20409633,612277,1130.2705940000001
2021-11-30 05:00:00+00:00,1144.3699999999999,1168,1118,1144.76,29265134,656499,1143.1077399999999
2021-12-01 05:00:00+00:00,1160.6949999999999,1172.8398999999999,1090.76,1095,23428373,711882,1135.714471
2021-12-02 05:00:00+00:00,1099.0599999999999,1113,1056.6500000000001,1084.5999999999999,25012886,729086,1084.1535060000001
2021-12-03 05:00:00+00:00,1084.79,1090.5753,1000.21,1014.97,31252687,1038576,1028.697044
2021-12-06 05:00:00+00:00,1001.51,1021.64,950.5,1009.01,27700159,1013296,990.94187499999998
2021-12-07 05:00:00+00:00,1044.2,1057.6739,1026.8099999999999,1051.75,19382556,536695,1044.8144649999999
2021-12-08 05:00:00+00:00,1052.71,1072.3800000000001,1033.0001,1068.96,14426527,422184,1054.624272
2021-12-09 05:00:00+00:00,1060.6400000000001,1062.49,1002.36,1003.8,20388059,630805,1026.086145
2021-12-10 05:00:00+00:00,1008.75,1020.9797,982.52999999999997,1017.03,20470631,676251,1005.506422
2021-12-13 05:00:00+00:00,1001.09,1005,951.41999999999996,966.40999999999997,27041052,1051661,970.57040199999994
2021-12-14 05:00:00+00:00,945,966.40999999999997,930,958.50999999999999,24215886,759628,946.53649700000005
2021-12-15 05:00:00+00:00,953.21000000000004,978.74990000000003,928.25009999999997,975.99000000000001,25703374,764820,953.75587499999995
2021-12-16 05:00:00+00:00,994.5,994.98000000000002,921.85000000000002,926.91999999999996,28230933,944105,944.35005699999999
2021-12-17 05:00:00+00:00,914.76999999999998,960.65989999999999,909.04010000000005,932.57000000000005,39258711,730582,935.10029799999995
2021-12-20 05:00:00+00:00,910.70000000000005,921.6884,893.38999999999999,899.94000000000005,19338849,697955,903.54644800000005
2021-12-21 05:00:00+00:00,916.87,939.5,886.12,938.52999999999997,24409953,714359,917.13727200000005
2021-12-22 05:00:00+00:00,965.65999999999997,1015.6599,957.04999999999995,1008.87,31883923,900150,994.78821300000004
2021-12-23 05:00:00+00:00,1006.8,1072.9766999999999,997.55999999999995,1067,31529757,914000,1047.1933140000001
2021-12-27 05:00:00+00:00,1073.6700000000001,1117,1070.7152000000001,1093.9400000000001,24733549,776902,1099.3491730000001
2021-12-28 05:00:00+00:00,1109.49,1118.9999,1078.4200000000001,1088.47,20620439,611869,1092.9503050000001
2021-12-29 05:00:00+00:00,1098.6400000000001,1104,1064.1400000000001,1086.1900000000001,19220231,539016,1084.290166
2021-12-30 05:00:00+00:00,1061.3299999999999,1095.55,1053.1500000000001,1070.3399999999999,16013052,493939,1077.572533
2021-12-31 05:00:00+00:00,1073.4444000000001,1081.9999,1054.5899999999999,1056.78,14005237,379153,1066.3337939999999
2022-01-03 05:00:00+00:00,1147.75,1201.0699999999999,1136.04,1199.78,35894299,1162847,1173.115082
2022-01-04 05:00:00+00:00,1189.55,1208,1123.05,1149.5899999999999,34003431,1051475,1161.0302340000001
2022-01-05 05:00:00+00:00,1146.6500000000001,1170.3399999999999,1081.0101,1088.1199999999999,27320109,811992,1125.505228
2022-01-06 05:00:00+00:00,1077,1088,1020.5,1064.7,30546172,880979,1059.9053269999999
2022-01-07 05:00:00+00:00,1080.3699999999999,1080.9299000000001,1010,1026.96,28453410,820823,1038.5186630000001
2022-01-10 05:00:00+00:00,1000,1059.0999999999999,980,1058.1199999999999,31233376,971561,1018.466176
2022-01-11 05:00:00+00:00,1053.6700000000001,1075.8499999999999,1038.8199999999999,1064.4000000000001,22519365,644113,1060.4548930000001
2022-01-12 05:00:00+00:00,1078.8499999999999,1114.8399999999999,1072.5900999999999,1106.22,28830184,761542,1096.6440259999999
2022-01-13 05:00:00+00:00,1109.0650000000001,1115.5999999999999,1026.5391,1031.5599999999999,33200275,924355,1067.93742
2022-01-14 05:00:00+00:00,1019.88,1052,1013.3788,1049.6099999999999,24801900,708723,1036.374239
2022-01-18 05:00:00+00:00,1026.605,1070.7899,1016.0599999999999,1030.51,23116064,662923,1042.1079
2022-01-19 05:00:00+00:00,1041.7049999999999,1054.6699000000001,995,995.64999999999998,25552678,828700,1015.19885
2022-01-20 05:00:00+00:00,1009.73,1041.6600000000001,994,996.26999999999998,24019871,713221,1018.993686
2022-01-21 05:00:00+00:00,996.34000000000003,1004.55,940.5,943.89999999999998,35030961,1140190,963.78625599999998
2022-01-24 05:00:00+00:00,904.75999999999999,933.51310000000001,851.47000000000003,930,52061130,1596995,888.92405900000006
2022-01-25 05:00:00+00:00,914.20000000000005,951.25999999999999,903.21000000000004,918.39999999999998,29640559,818785,923.18786699999998
2022-01-26 05:00:00+00:00,952.42999999999995,987.69000000000005,906,937.40999999999997,35537357,1099447,948.53754000000004
2022-01-27 05:00:00+00:00,933.36000000000001,935.38999999999999,829,829.10000000000002,49769480,1862681,866.04142000000002
2022-01-28 05:00:00+00:00,831.55999999999995,857.5,792.00999999999999,846.35000000000002,45605709,1439109,831.30713300000002
2022-01-31 05:00:00+00:00,872.71000000000004,937.99000000000001,862.04999999999995,936.72000000000003,36054753,1019009,915.42141200000003
2022-02-01 05:00:00+00:00,935.21000000000004,943.70000000000005,905,931.25,24990159,756027,927.10141399999998
2022-02-02 05:00:00+00:00,928.17999999999995,931.5,889.40999999999997,905.65999999999997,23046614,716352,909.12326800000005
2022-02-03 05:00:00+00:00,882,937,880.51999999999998,891.13999999999999,26991037,767221,909.36972900000001
2022-02-04 05:00:00+00:00,897.22000000000003,936.5,881.16999999999996,923.32000000000005,24980935,681221,914.995272
2022-02-07 05:00:00+00:00,923.78999999999996,947.76999999999998,902.70889999999997,907.34000000000003,20730953,640687,921.72666200000003
2022-02-08 05:00:00+00:00,905.52999999999997,926.28989999999999,894.79999999999995,922,17439099,513027,915.50399700000003
2022-02-09 05:00:00+00:00,935,946.26990000000001,920,932,17856443,506988,932.76156200000003
2022-02-10 05:00:00+00:00,908.37,943.80999999999995,896.70000000000005,904.54999999999995,22647185,689690,920.55573900000002
2022-02-11 05:00:00+00:00,909.63,915.96000000000004,850.70000000000005,860,27045042,946249,878.216813
2022-02-14 05:00:00+00:00,861.57000000000005,898.87990000000002,853.14999999999998,875.75999999999999,23132169,696444,876.11881400000004
2022-02-15 05:00:00+00:00,900,923,893.37739999999997,922.42999999999995,19821472,595381,915.02593300000001
2022-02-16 05:00:00+00:00,914.04999999999995,926.42989999999998,901.21000000000004,923.38999999999999,17753076,475461,914.346003
2022-02-17 05:00:00+00:00,913.25999999999999,918.49990000000003,874.10000000000002,876.35000000000002,18934304,639883,889.76070900000002
2022-02-18 05:00:00+00:00,886,886.87,837.61000000000001,856.98000000000002,23537693,747330,856.23908600000004
2022-02-22 05:00:00+00:00,834.13,856.73379999999997,801.1001,821.52999999999997,29206762,927744,823.44498699999997
2022-02-23 05:00:00+00:00,830.42999999999995,835.29970000000003,760.55999999999995,764.03999999999996,32401059,1234437,788.35810100000003
2022-02-24 05:00:00+00:00,700.38999999999999,802.48000000000002,700,800.76999999999998,46731804,1313573,758.22970199999997
2022-02-25 05:00:00+00:00,809.23000000000002,819.5,782.40049999999997,809.87,25868608,749573,801.86865
2022-02-28 05:00:00+00:00,815.00999999999999,876.86000000000001,814.70749999999998,870.42999999999995,34573104,875788,857.55487900000003
2022-03-01 05:00:00+00:00,869.67999999999995,889.88,853.77999999999997,864.37,25524100,673282,867.71556699999996
2022-03-02 05:00:00+00:00,872.13,886.48000000000002,844.27210000000002,879.88999999999999,25410504,692962,866.505267
2022-03-03 05:00:00+00:00,878.76999999999998,886.43899999999996,832.6001,839.28999999999996,21370587,646507,853.68373699999995
2022-03-04 05:00:00+00:00,849.10000000000002,855.64999999999998,825.16089999999997,838.28999999999996,23109623,596429,839.89671599999997
2022-03-07 05:00:00+00:00,856.29999999999995,866.13999999999999,804.57000000000005,804.58000000000004,25059944,699901,829.76361099999997
2022-03-08 05:00:00+00:00,795.52999999999997,849.99000000000001,782.16999999999996,824.39999999999998,27487604,737840,822.17232300000001
2022-03-09 05:00:00+00:00,839.48000000000002,860.55999999999995,832.00999999999999,858.97000000000003,20498396,546175,850.87616500000001
2022-03-10 05:00:00+00:00,851.45000000000005,854.45000000000005,810.36009999999999,838.29999999999995,20063332,571420,830.58260299999995
2022-03-11 05:00:00+00:00,840.197,843.80200000000002,793.76999999999998,795.35000000000002,22925892,745310,807.78258800000003
2022-03-14 04:00:00+00:00,780.61000000000001,800.70000000000005,756.03999999999996,766.37,23877641,783856,773.62956499999996
2022-03-15 04:00:00+00:00,775.26999999999998,805.57000000000005,756.57000000000005,801.88999999999999,23050106,620160,789.39242000000002
2022-03-16 04:00:00+00:00,808,842,802.26009999999997,840.23000000000002,29157682,751557,828.44182000000001
2022-03-17 04:00:00+00:00,830.99000000000001,875,825.71780000000001,871.60000000000002,23314040,608932,858.26028399999996
2022-03-18 04:00:00+00:00,874.49000000000001,907.85000000000002,867.38999999999999,905.38999999999999,39999104,699105,897.60337100000004
2022-03-21 04:00:00+00:00,914.98000000000002,942.85000000000002,907.09000000000003,921.15999999999997,28061022,746493,922.48873200000003
2022-03-22 04:00:00+00:00,930,997.86000000000001,921.75,993.98000000000002,36121584,940961,965.010221
2022-03-23 04:00:00+00:00,979.94000000000005,1040.7,976.39999999999998,999.11000000000001,40787949,1124239,1009.381433
2022-03-24 04:00:00+00:00,1009.73,1024.49,988.79999999999995,1013.92,23756993,684000,1009.061934
2022-03-25 04:00:00+00:00,1008,1021.7999,997.32010000000002,1010.64,21175103,591085,1007.608009
2022-03-28 04:00:00+00:00,1065.0999999999999,1097.8798999999999,1053.5999999999999,1091.8399999999999,35642519,1109118,1081.1143360000001
2022-03-29 04:00:00+00:00,1107.99,1114.77,1073.1099999999999,1099.5699999999999,25381550,831063,1096.391355
2022-03-30 04:00:00+00:00,1091.1700000000001,1113.95,1084,1093.99,20431173,597501,1098.754066
2022-03-31 04:00:00+00:00,1094.5699999999999,1103.1398999999999,1076.6410000000001,1077.5999999999999,17280959,509543,1088.266474
2022-04-01 04:00:00+00:00,1081.1500000000001,1094.75,1066.6400000000001,1084.5899999999999,18520119,546383,1081.437277
2022-04-04 04:00:00+00:00,1089.3800000000001,1149.9100000000001,1072.53,1145.45,28012251,859375,1123.2905450000001
2022-04-05 04:00:00+00:00,1136.3,1152.8699999999999,1087.3,1091.26,27191070,859309,1113.6559159999999
2022-04-06 04:00:00+00:00,1073.47,1079,1027.7,1045.76,29995068,963154,1047.3308340000001
2022-04-07 04:00:00+00:00,1052.3900000000001,1076.5899999999999,1021.5401000000001,1057.26,26482353,771755,1051.033263
2022-04-08 04:00:00+00:00,1043.3199999999999,1048.4400000000001,1022.4349999999999,1025.49,18763593,578908,1033.8588239999999
2022-04-11 04:00:00+00:00,980.39999999999998,1008.4681,974.63999999999999,975.92999999999995,19990460,756595,987.95404900000005
2022-04-12 04:00:00+00:00,997.63999999999999,1021.1921,976.6001,986.95000000000005,22602533,615652,997.31597099999999
2022-04-13 04:00:00+00:00,981.07500000000005,1026.24,973.09699999999998,1022.37,18801401,521652,1006.0421270000001
2022-04-14 04:00:00+00:00,999.28999999999996,1012.7098999999999,982.19000000000005,985,20485645,580186,990.87421700000004
2022-04-18 04:00:00+00:00,989.02999999999997,1014.92,973.40999999999997,1004.29,17544519,544523,997.32831699999997
2022-04-19 04:00:00+00:00,1005.0599999999999,1034.9400000000001,995.32500000000005,1028.1500000000001,17146925,527909,1021.8002300000001
2022-04-20 04:00:00+00:00,1030,1034,975.25009999999997,977.20000000000005,24210107,864911,993.17644800000005
2022-04-21 04:00:00+00:00,1074.73,1092.22,996.41499999999996,1008.78,35784091,1119159,1045.3236420000001
2022-04-22 04:00:00+00:00,1014.91,1034.8499999999999,994.00009999999997,1005.05,23771812,687821,1013.655901
2022-04-25 04:00:00+00:00,978.97000000000003,1008.62,975.29999999999995,998.01999999999998,23359892,719908,993.29429600000003
2022-04-26 04:00:00+00:00,995.42999999999995,1000,875,876.41999999999996,46317045,1570851,910.84295599999996
2022-04-27 04:00:00+00:00,898.58000000000004,918,877.36000000000001,881.50999999999999,25911007,913173,897.36051099999997
2022-04-28 04:00:00+00:00,899.98000000000002,900,821.70000000000005,877.50999999999999,42238147,1367548,859.11215300000003
2022-04-29 04:00:00+00:00,902.25,934.3999,870,870.75999999999999,30278926,887200,900.41573200000005
2022-05-02 04:00:00+00:00,860.76999999999998,906.35990000000004,848.02999999999997,902.94000000000005,25994801,786413,878.23234200000002
2022-05-03 04:00:00+00:00,903.17999999999995,924.08000000000004,888.59000000000003,909.25,21733006,607316,908.69081300000005
2022-05-04 04:00:00+00:00,903.94000000000005,955.5,885.27999999999997,952.62,28143234,728809,919.75008500000001
2022-05-05 04:00:00+00:00,939.21000000000004,945.60000000000002,857.70000000000005,873.27999999999997,31821412,1016723,889.02107799999999
2022-05-06 04:00:00+00:00,887,888,843.10500000000002,865.64999999999998,24805733,787098,868.25809500000003
2022-05-09 04:00:00+00:00,836.45000000000005,845.63,781.14999999999998,787.11000000000001,31114166,1135045,808.95853399999999
2022-05-10 04:00:00+00:00,819,825.36000000000001,774.25,800.03999999999996,28782115,894446,800.54685199999994
2022-05-11 04:00:00+00:00,795,809.76999999999998,727.20000000000005,734,33120950,1144560,764.30213900000001
2022-05-12 04:00:00+00:00,701,759.65999999999997,680,728,47600415,1393019,721.52654800000005
2022-05-13 04:00:00+00:00,773.48000000000002,787.34990000000005,751.56500000000005,769.59000000000003,31421666,860108,769.59427100000005
2022-05-16 04:00:00+00:00,767.15999999999997,769.75999999999999,719.08849999999995,724.37,29171458,844610,739.84313999999995
2022-05-17 04:00:00+00:00,747.36000000000001,764.48000000000002,728.85000000000002,761.61000000000001,27343380,728841,750.72156199999995
2022-05-18 04:00:00+00:00,744.51999999999998,760.5,700.80999999999995,709.80999999999995,30021558,888564,723.69183699999996
2022-05-19 04:00:00+00:00,707,734,694.11000000000001,709.41999999999996,30298072,822375,712.92575399999998
2022-05-20 04:00:00+00:00,713.99000000000001,721.58199999999999,633,663.89999999999998,49100588,1678514,663.08029699999997
2022-05-23 04:00:00+00:00,655.01999999999998,679.95510000000002,638.05999999999995,674.89999999999998,30255732,885450,663.28026199999999
2022-05-24 04:00:00+00:00,653.52999999999997,653.91999999999996,620.57000000000005,628.15999999999997,30370986,916176,636.09661300000005
2022-05-25 04:00:00+00:00,623.85000000000002,669.32000000000005,623.01009999999997,658.79999999999995,31456989,773482,652.90045599999996
2022-05-26 04:00:00+00:00,661.41999999999996,718.66989999999998,653.65999999999997,707.73000000000002,36103863,912916,696.45419000000004
2022-05-27 04:00:00+00:00,723.25,759.79999999999995,720.53110000000004,759.63,30574317,770849,748.423044
2022-05-31 04:00:00+00:00,773.55999999999995,778.79999999999995,734.23000000000002,758.25999999999999,34157647,869761,759.71013900000003
2022-06-01 04:00:00+00:00,755.15999999999997,771.98000000000002,730.91999999999996,740.37,26162027,663700,746.82634099999996
2022-06-02 04:00:00+00:00,732.47000000000003,792.63,726.20000000000005,775,31680389,762174,771.34684700000003
2022-06-03 04:00:00+00:00,729.67499999999995,743.38990000000001,700.25340000000006,703.54999999999995,38129804,1089426,713.66601600000001
2022-06-06 04:00:00+00:00,733.05999999999995,734.60000000000002,703.04999999999995,714.84000000000003,28468894,751097,716.03914199999997
2022-06-07 04:00:00+00:00,702,719.99000000000001,690.27999999999997,716.65999999999997,24816813,641262,710.48724100000004
2022-06-08 04:00:00+00:00,720.25999999999999,749.88999999999999,717.52999999999997,725.60000000000002,25829172,683901,734.82646399999999
2022-06-09 04:00:00+00:00,748.01999999999998,766.63990000000001,717.98000000000002,719.12,32689850,876383,742.57729600000005
2022-06-10 04:00:00+00:00,705.47000000000003,718.5,683.74000000000001,696.69000000000005,33187430,966379,697.079116
2022-06-13 04:00:00+00:00,669.5,679.89999999999998,644.04999999999995,647.21000000000004,35372150,1042433,656.50595999999996
2022-06-14 04:00:00+00:00,654.86000000000001,678.99000000000001,635.21000000000004,662.66999999999996,33237521,805385,656.34798899999998
2022-06-15 04:00:00+00:00,662.75,706.98990000000003,654.45000000000005,699,40816879,894426,684.40811099999996
2022-06-16 04:00:00+00:00,668.21000000000004,675.5,626.08000000000004,639.29999999999995,36889051,979355,646.72104000000002
2022-06-17 04:00:00+00:00,640.29999999999995,662.90819999999997,639.59000000000003,650.27999999999997,33665286,670299,650.23663099999999
2022-06-21 04:00:00+00:00,673.80999999999995,730.73209999999995,673,711.11000000000001,42485390,1004688,713.03428899999994
2022-06-22 04:00:00+00:00,703.50999999999999,740.5,701.48000000000002,708.25999999999999,34726381,758539,719.04442300000005
2022-06-23 04:00:00+00:00,713.71500000000003,717.95000000000005,685.90999999999997,705.21000000000004,35475567,795537,701.882294
2022-06-24 04:00:00+00:00,712.40499999999997,738.20000000000005,708.25999999999999,737.12,31970559,681066,730.72563200000002
2022-06-27 04:00:00+00:00,748.10000000000002,756.21000000000004,727.69659999999999,734.75999999999999,31119629,681104,738.17841499999997
2022-06-28 04:00:00+00:00,733.45000000000005,749.90999999999997,697.02999999999997,697.99000000000001,30896497,777808,718.30896299999995
2022-06-29 04:00:00+00:00,691.5,693.51999999999998,666.82000000000005,685.47000000000003,28073475,735898,678.70982500000002
2022-06-30 04:00:00+00:00,673.52999999999997,688.37,656.59000000000003,673.41999999999996,32307871,761007,674.84362599999997
2022-07-01 04:00:00+00:00,681,690.69000000000005,666.36009999999999,681.78999999999996,25272795,622186,676.929351
2022-07-05 04:00:00+00:00,669,699.44000000000005,648.50009999999997,699.20000000000005,28916706,783240,675.46429999999998
2022-07-06 04:00:00+00:00,692.34000000000003,703.69000000000005,681.55999999999995,695.20000000000005,24473467,603512,691.35114599999997
2022-07-07 04:00:00+00:00,701.75999999999999,736.08500000000004,696.63,733.63,27792672,699837,724.42156199999999
2022-07-08 04:00:00+00:00,727,764.93989999999997,723.48429999999996,752.28999999999996,33693437,800429,750.427322
2022-07-11 04:00:00+00:00,756.30999999999995,759.19000000000005,700.88,703.02999999999997,33753813,875140,716.72788500000001
2022-07-12 04:00:00+00:00,710.53999999999996,719.32000000000005,685.10500000000002,699.21000000000004,29906356,691929,699.35441200000002
2022-07-13 04:00:00+00:00,676.5,726.17989999999998,675.10000000000002,711.12,33124735,769780,709.995407
2022-07-14 04:00:00+00:00,704.69000000000005,715.96000000000004,688,714.94000000000005,26670807,600571,701.96205999999995
2022-07-15 04:00:00+00:00,720,730.86990000000003,710.66999999999996,720.20000000000005,23973251,517244,719.22687299999996
2022-07-18 04:00:00+00:00,734.80999999999995,751.54999999999995,718.80999999999995,721.63999999999999,28064155,642643,738.274271
2022-07-19 04:00:00+00:00,735,741.41999999999996,710.92999999999995,736.59000000000003,27670201,623007,729.54568600000005
2022-07-20 04:00:00+00:00,740.35000000000002,751.99000000000001,730.44899999999996,742.5,30112664,751734,742.99460699999997
2022-07-21 04:00:00+00:00,765.32000000000005,819.79999999999995,764.60000000000002,815.12,48166501,1184825,798.26188500000001
2022-07-22 04:00:00+00:00,828.65999999999997,842.36000000000001,812.13999999999999,816.73000000000002,35226667,904928,825.41420300000004
2022-07-25 04:00:00+00:00,816.64999999999998,822.44000000000005,802.20000000000005,805.29999999999995,22072005,561060,810.40800300000001
2022-07-26 04:00:00+00:00,799.53999999999996,801.92989999999998,768.78999999999996,776.58000000000004,22822141,551725,781.765987
2022-07-27 04:00:00+00:00,791.42999999999995,827.77679999999998,785.37009999999998,824.46000000000004,30796709,671566,812.26876800000002
2022-07-28 04:00:00+00:00,840.20000000000005,849.89999999999998,818.39999999999998,842.70000000000005,28816365,700683,837.43197699999996
2022-07-29 04:00:00+00:00,842.10000000000002,894.96000000000004,837.29999999999995,891.45000000000005,32633367,777935,870.23895200000004
2022-08-01 04:00:00+00:00,903.82500000000005,935.63469999999995,885,891.83000000000004,39620727,1085385,907.36183200000005
2022-08-02 04:00:00+00:00,882.00999999999999,923.5,878,901.75999999999999,32303926,808468,905.719067
2022-08-03 04:00:00+00:00,915,928.64999999999998,903.45000000000005,922.19000000000005,27416253,746901,918.98505599999999
2022-08-04 04:00:00+00:00,933,940.82000000000005,915,925.89999999999998,24576452,694810,927.03824399999996
2022-08-05 04:00:00+00:00,908.00999999999999,913.81989999999996,856.63400000000001,864.50999999999999,38357418,1116972,882.450289
2022-08-08 04:00:00+00:00,885,915.60000000000002,867.25620000000004,871.26999999999998,33616823,925613,892.64341100000001
2022-08-09 04:00:00+00:00,870.88,877.19000000000005,838.05999999999995,850,29174690,806271,852.231179
2022-08-10 04:00:00+00:00,891.20000000000005,892.52999999999997,850.11000000000001,883.07000000000005,32362122,888686,872.84566299999994
2022-08-11 04:00:00+00:00,889.53999999999996,894.71000000000004,857.5,859.88999999999999,23863568,726687,873.18795499999999
2022-08-12 04:00:00+00:00,868.245,900.48000000000002,855.10000000000002,900.09000000000003,27145285,669858,882.06600800000001
2022-08-15 04:00:00+00:00,905.36000000000001,939.39999999999998,903.69000000000005,927.96000000000004,30279774,825111,924.61545699999999
2022-08-16 04:00:00+00:00,935,944,908.64999999999998,919.69000000000005,29881799,805574,925.01681900000005
2022-08-17 04:00:00+00:00,910.19000000000005,928.97000000000003,900.10000000000002,911.99000000000001,23300075,611537,912.99515799999995
2022-08-18 04:00:00+00:00,918,919.5,905.55999999999995,908.61000000000001,16135100,490142,912.631486
2022-08-19 04:00:00+00:00,897,901.08000000000004,877.5,890,21085574,584410,887.28151300000002
2022-08-22 04:00:00+00:00,875.74000000000001,877.20000000000005,858.88999999999999,869.74000000000001,19135811,587359,867.33975199999998
2022-08-23 04:00:00+00:00,874.36000000000001,896.47990000000004,863.76999999999998,889.36000000000001,21764092,576127,884.62078099999997
2022-08-24 04:00:00+00:00,892.69000000000005,910.94000000000005,889.5,891.28999999999996,19556429,594438,900.25540100000001
2022-08-25 04:00:00+00:00,302.36000000000001,302.95999999999998,291.60000000000002,296.06999999999999,54671112,1041469,295.26011699999998
2022-08-26 04:00:00+00:00,297.43000000000001,302,287.47000000000003,288.08999999999997,59257066,972030,292.50868800000001
2022-08-29 04:00:00+00:00,282.82999999999998,287.74000000000001,280.69999999999999,284.81999999999999,43730113,693165,284.46524499999998
2022-08-30 04:00:00+00:00,287.86500000000001,288.48000000000002,272.64999999999998,277.69999999999999,51825894,827149,279.24879299999998
2022-08-31 04:00:00+00:00,280.62,281.25,271.81,275.61000000000001,56092315,756732,276.33094399999999
2022-09-01 04:00:00+00:00,272.57499999999999,277.57999999999998,266.14999999999998,277.16000000000003,55804836,836026,271.48118499999998
2022-09-02 04:00:00+00:00,281.065,282.35000000000002,269.07999999999998,270.20999999999998,52523745,755266,274.323217
2022-09-06 04:00:00+00:00,272.67500000000001,275.99000000000001,265.74000000000001,274.42000000000002,57451023,852789,272.19687900000002
2022-09-07 04:00:00+00:00,273.10000000000002,283.83999999999997,272.26999999999998,283.69999999999999,52170102,717326,280.09370799999999
2022-09-08 04:00:00+00:00,281.30000000000001,289.5,279.75999999999999,289.25999999999999,55399153,713366,286.202628
2022-09-09 04:00:00+00:00,291.67000000000002,299.85000000000002,291.245,299.68000000000001,56082207,777365,297.41946300000001
2022-09-12 04:00:00+00:00,300.72000000000003,305.49000000000001,300.39999999999998,304.42000000000002,50396267,766857,303.65234700000002
2022-09-13 04:00:00+00:00,292.89999999999998,297.3999,290.39999999999998,292.13,70982158,985169,293.63505400000003
2022-09-14 04:00:00+00:00,292.24000000000001,306,291.63999999999999,302.61000000000001,74235471,951746,300.684484
2022-09-15 04:00:00+00:00,301.82499999999999,309.12,300.72469999999998,303.75,66398343,855306,304.90842700000002
2022-09-16 04:00:00+00:00,299.60500000000002,303.70999999999998,295.60050000000001,303.35000000000002,112306933,754401,301.28870699999999
2022-09-19 04:00:00+00:00,300.08999999999997,309.83999999999997,297.80000000000001,309.06999999999999,61634470,842286,306.41359599999998
2022-09-20 04:00:00+00:00,306.91000000000003,313.32999999999998,305.57999999999998,308.73000000000002,62988711,819821,309.32466299999999
2022-09-21 04:00:00+00:00,308.29000000000002,313.80000000000001,300.63,300.80000000000001,64435337,837932,307.46909299999999
2022-09-22 04:00:00+00:00,299.86000000000001,301.29000000000002,285.81999999999999,288.58999999999997,72000682,1086013,291.36746900000003
2022-09-23 04:00:00+00:00,283.08999999999997,284.5,272.81999999999999,275.32999999999998,65490085,1052624,276.54187400000001
2022-09-26 04:00:00+00:00,271.82999999999998,284.08999999999997,270.31,276.00999999999999,59843049,909219,278.24983500000002
2022-09-27 04:00:00+00:00,283.83999999999997,288.67000000000002,277.50999999999999,282.94,63622379,857135,283.46519899999998
2022-09-28 04:00:00+00:00,283.07999999999998,289,277.56999999999999,287.81,57570596,739950,283.88944800000002
2022-09-29 04:00:00+00:00,282.75999999999999,283.64999999999998,265.77999999999997,268.20999999999998,79669023,1125575,271.10031099999998
2022-09-30 04:00:00+00:00,266.14499999999998,275.56999999999999,262.47000000000003,265.25,70442182,921345,268.88683300000002
2022-10-03 04:00:00+00:00,254.5,255.16,241.00999999999999,242.40000000000001,101048630,1539828,245.01405199999999
2022-10-04 04:00:00+00:00,250.52000000000001,257.5,242.00999999999999,249.44,112007508,1313288,249.66582299999999
2022-10-05 04:00:00+00:00,245.00999999999999,246.66970000000001,233.27000000000001,240.81,88914813,1172527,238.47877299999999
2022-10-06 04:00:00+00:00,239.44,244.58000000000001,235.34999999999999,238.13,70719650,827249,239.40416200000001
2022-10-07 04:00:00+00:00,233.935,234.57149999999999,222.02000000000001,223.06999999999999,85634482,1236527,226.18464800000001
2022-10-10 04:00:00+00:00,223.93000000000001,226.99000000000001,218.35820000000001,222.96000000000001,69326571,890253,223.506947
2022-10-11 04:00:00+00:00,220.94499999999999,225.75,215,216.5,78495707,926045,220.69994
2022-10-12 04:00:00+00:00,215.33000000000001,219.29990000000001,211.50999999999999,217.24000000000001,68676010,809810,215.597611
2022-10-13 04:00:00+00:00,208.30000000000001,222.99000000000001,206.22,221.72,94549943,1157762,215.65757600000001
2022-10-14 04:00:00+00:00,224.00999999999999,226.25999999999999,204.16,204.99000000000001,96221753,1273344,211.449275
2022-10-17 04:00:00+00:00,210.03999999999999,221.86000000000001,209.44999999999999,219.34999999999999,82997077,954633,217.723871
2022-10-18 04:00:00+00:00,229.5,229.81999999999999,217.25,220.19,77228084,841840,221.409368
2022-10-19 04:00:00+00:00,219.80000000000001,222.93000000000001,217.78,222.03999999999999,68150056,864646,220.95719800000001
2022-10-20 04:00:00+00:00,208.28,215.55000000000001,202,207.28,120301645,1546089,208.58535800000001
2022-10-21 04:00:00+00:00,206.41499999999999,214.66,203.80000000000001,214.44,78476531,898257,210.45478199999999
2022-10-24 04:00:00+00:00,205.81999999999999,213.5,198.58629999999999,211.25,102608679,1305819,205.752442
2022-10-25 04:00:00+00:00,210.09999999999999,224.34979999999999,210,222.41499999999999,98376534,1050831,220.141257
2022-10-26 04:00:00+00:00,219.40000000000001,230.59999999999999,218.19999999999999,224.63999999999999,86971998,922633,226.610963
2022-10-27 04:00:00+00:00,229.77000000000001,233.81,222.84999999999999,225.09,63313495,740947,226.18492000000001
2022-10-28 04:00:00+00:00,225.40000000000001,228.86000000000001,216.34999999999999,228.52000000000001,70775381,791347,224.25836699999999
2022-10-31 04:00:00+00:00,226.19,229.84999999999999,221.94,227.53999999999999,63582829,717884,226.64309900000001
2022-11-01 04:00:00+00:00,234.05000000000001,237.39510000000001,227.28,227.81999999999999,63918578,701491,230.78123500000001
2022-11-02 04:00:00+00:00,226.03999999999999,227.8699,214.81999999999999,214.97999999999999,65195578,802303,221.8648
2022-11-03 04:00:00+00:00,211.36000000000001,221.19999999999999,210.13999999999999,215.31,58310152,644112,216.39553000000001
2022-11-04 04:00:00+00:00,222.59999999999999,223.80000000000001,203.08000000000001,207.47,100715317,1196743,210.927108
2022-11-07 05:00:00+00:00,208.65000000000001,208.90000000000001,196.66,197.08000000000001,95450979,1347597,199.990171
2022-11-08 05:00:00+00:00,194.02000000000001,195.19999999999999,186.75,191.30000000000001,132172579,1540664,191.376341
2022-11-09 05:00:00+00:00,190.77500000000001,195.88999999999999,177.12,177.59,129491823,1577361,184.40612200000001
2022-11-10 05:00:00+00:00,189.90000000000001,191,180.03,190.72,138031810,1406976,187.89899199999999
2022-11-11 05:00:00+00:00,186,196.52000000000001,182.59,195.97,116253329,1164753,191.53488100000001
2022-11-14 05:00:00+00:00,192.77000000000001,195.72999999999999,186.34,190.94999999999999,93827731,953199,191.87123600000001
2022-11-15 05:00:00+00:00,195.88,200.8237,192.06,194.41999999999999,93223972,984846,196.65053499999999
2022-11-16 05:00:00+00:00,191.50999999999999,192.56999999999999,185.66,186.91999999999999,68342071,812212,188.23516499999999
2022-11-17 05:00:00+00:00,183.96000000000001,186.16,180.90000000000001,183.16999999999999,65848836,772743,183.54277099999999
2022-11-18 05:00:00+00:00,185.05000000000001,185.19,176.55000000000001,180.19,77814167,939374,179.15117100000001
2022-11-21 05:00:00+00:00,175.84999999999999,176.77000000000001,167.53999999999999,167.87,95460527,1251924,170.81468799999999
2022-11-22 05:00:00+00:00,168.63,170.91999999999999,166.185,169.91,80402272,863699,168.909345
2022-11-23 05:00:00+00:00,173.56999999999999,183.62,172.5,183.19999999999999,111649742,1195380,179.63373200000001
2022-11-25 05:00:00+00:00,185.06,185.19999999999999,180.63,182.86000000000001,51788297,584243,182.76660999999999
2022-11-28 05:00:00+00:00,179.96000000000001,188.5,179,182.91999999999999,94797017,975440,184.874416
2022-11-29 05:00:00+00:00,184.99000000000001,186.38,178.75,180.83000000000001,84640855,883448,182.416968
2022-11-30 05:00:00+00:00,182.43000000000001,194.75999999999999,180.6301,194.69999999999999,117562401,983612,187.836172
2022-12-01 05:00:00+00:00,197.08000000000001,198.91999999999999,191.80000000000001,194.69999999999999,81924273,855154,195.085566
2022-12-02 05:00:00+00:00,191.78,196.25,191.11000000000001,194.86000000000001,74986051,830813,193.51197099999999
2022-12-05 05:00:00+00:00,189.44,191.27000000000001,180.55000000000001,182.44999999999999,95180598,1142297,184.400981
2022-12-06 05:00:00+00:00,181.215,183.65000000000001,175.33000000000001,179.81999999999999,93840008,958150,178.541099
2022-12-07 05:00:00+00:00,175.03,179.38,172.21799999999999,174.03999999999999,86103119,968029,174.15047300000001
2022-12-08 05:00:00+00:00,172.19999999999999,175.19999999999999,169.06,173.44,99166137,990880,172.31195
2022-12-09 05:00:00+00:00,173.84,182.5,173.36000000000001,179.05000000000001,106899809,1090347,179.615813
2022-12-12 05:00:00+00:00,176.09999999999999,177.37,167.52000000000001,167.81999999999999,112834677,1292534,170.356246
2022-12-13 05:00:00+00:00,174.87,175.05000000000001,156.91,160.94999999999999,178493578,2031805,163.569333
2022-12-14 05:00:00+00:00,159.25,161.62,155.31,156.80000000000001,142921860,1524663,158.12155799999999
2022-12-15 05:00:00+00:00,153.44,160.9299,153.28,157.66999999999999,125467436,1220440,157.70914400000001
2022-12-16 05:00:00+00:00,159.63499999999999,160.99000000000001,150.03999999999999,150.22999999999999,154808623,1237907,152.09510700000001
2022-12-19 05:00:00+00:00,154,155.25,145.81999999999999,149.87,142266303,1358581,150.34696
2022-12-20 05:00:00+00:00,146.05000000000001,148.47,137.66,137.80000000000001,162188504,1664088,142.604176
2022-12-21 05:00:00+00:00,139.33500000000001,141.25999999999999,135.88999999999999,137.56999999999999,147890851,1332567,138.67504199999999
2022-12-22 05:00:00+00:00,136,136.63,122.26000000000001,125.34999999999999,212939787,2022636,127.610905
2022-12-23 05:00:00+00:00,126.37,128.6173,121.02,123.15000000000001,168947695,1546189,123.848809
2022-12-27 05:00:00+00:00,117.495,119.67,108.76000000000001,109.09999999999999,212144442,2057260,113.378078
2022-12-28 05:00:00+00:00,110.34999999999999,116.27,108.23999999999999,112.70999999999999,224197029,2046316,112.00331799999999
2022-12-29 05:00:00+00:00,120.38500000000001,123.56999999999999,117.495,121.81999999999999,226370514,1902592,120.62612799999999
2022-12-30 05:00:00+00:00,119.95,124.48,119.75,123.18000000000001,160265129,1499342,122.192046
2023-01-03 05:00:00+00:00,118.47,118.8,104.64,108.09999999999999,235727017,2540115,109.133537
2023-01-04 05:00:00+00:00,109.11,114.59,107.52,113.64,183641524,1652357,111.901725
2023-01-05 05:00:00+00:00,110.51000000000001,111.75,107.1601,110.34,160906940,1337246,109.5523
2023-01-06 05:00:00+00:00,103,114.39,101.81,113.06,224113076,2008686,109.41899100000001
2023-01-09 05:00:00+00:00,118.95999999999999,123.52,117.11,119.77,194213551,1740778,121.15591000000001
2023-01-10 05:00:00+00:00,121.06999999999999,122.76000000000001,114.92,118.84999999999999,169904675,1402653,117.800004
2023-01-11 05:00:00+00:00,122.09,125.95,120.51000000000001,123.22,187333311,1509958,122.723406
2023-01-12 05:00:00+00:00,122.56,124.1311,117,123.56,172269894,1432276,120.949191
2023-01-13 05:00:00+00:00,116.55,122.63,115.59999999999999,122.40000000000001,183250365,1424077,119.649314
2023-01-17 05:00:00+00:00,125.69499999999999,131.69999999999999,125.02,131.49000000000001,190097742,1495234,129.51408000000001
2023-01-18 05:00:00+00:00,136.55500000000001,136.68000000000001,127.01000000000001,128.78,198301125,1541863,130.55768
2023-01-19 05:00:00+00:00,127.26000000000001,129.99000000000001,124.3082,127.17,172462075,1156276,127.21659
2023-01-20 05:00:00+00:00,128.68000000000001,133.50999999999999,127.3466,133.41999999999999,141903857,984544,131.047526
2023-01-23 05:00:00+00:00,135.87,145.3793,134.27000000000001,143.75,206160335,1479336,141.24482800000001
2023-01-24 05:00:00+00:00,143,146.5,141.09999999999999,143.88999999999999,160675460,1176070,143.548576
2023-01-25 05:00:00+00:00,141.905,146.41,138.06999999999999,144.43000000000001,194770773,1579533,142.798709
2023-01-26 05:00:00+00:00,159.965,161.41999999999999,154.75999999999999,160.27000000000001,238806737,2046130,157.910765
2023-01-27 05:00:00+00:00,162.43000000000001,180.68000000000001,161.16999999999999,177.90000000000001,309508609,2617785,173.21593100000001
2023-01-30 05:00:00+00:00,178.05000000000001,179.77000000000001,166.5,166.66,233147806,2010141,172.064739
2023-01-31 05:00:00+00:00,164.56999999999999,174.30000000000001,162.78,173.22,200228780,1496831,170.96482700000001
2023-02-01 05:00:00+00:00,173.88999999999999,183.80500000000001,169.93000000000001,181.41,216770911,1598180,175.786382
2023-02-02 05:00:00+00:00,187.32499999999999,196.7501,182.61000000000001,188.27000000000001,218469998,1949050,190.72546700000001
2023-02-03 05:00:00+00:00,183.94999999999999,199,183.69,189.97999999999999,233445345,1949563,193.59018399999999
2023-02-06 05:00:00+00:00,193.00999999999999,198.16999999999999,189.91999999999999,194.75999999999999,190036857,1591560,194.596451
2023-02-07 05:00:00+00:00,196.43000000000001,197.5,189.55000000000001,196.81,188507095,1547236,194.08199099999999
2023-02-08 05:00:00+00:00,196.09999999999999,203,194.31,201.28999999999999,183938354,1575286,200.33731900000001
2023-02-09 05:00:00+00:00,207.77500000000001,214,204.77000000000001,207.31999999999999,217933700,2118954,210.01899700000001
2023-02-10 05:00:00+00:00,202.22499999999999,206.19999999999999,192.88999999999999,196.88999999999999,206408837,1946430,197.96371600000001
2023-02-13 05:00:00+00:00,194.41499999999999,196.30000000000001,187.61000000000001,194.63999999999999,175079033,1522131,193.23918
2023-02-14 05:00:00+00:00,191.94,209.81999999999999,189.44,209.25,219017952,1819456,202.035234
2023-02-15 05:00:00+00:00,211.755,214.66,206.11000000000001,214.24000000000001,184506548,1666650,211.524495
2023-02-16 05:00:00+00:00,210.78,217.65000000000001,201.84,202.03999999999999,232433061,2110975,211.498648
2023-02-17 05:00:00+00:00,199.98500000000001,208.44,197.5,208.31,215700027,1824502,203.00268600000001
2023-02-21 05:00:00+00:00,204.99000000000001,209.71000000000001,197.22,197.37,182883285,1812471,202.33520100000001
2023-02-22 05:00:00+00:00,197.93000000000001,201.99000000000001,191.78,200.86000000000001,193669770,1620644,197.42598799999999
2023-02-23 05:00:00+00:00,203.91,205.13999999999999,196.33000000000001,202.06999999999999,148545400,1294330,200.588202
2023-02-24 05:00:00+00:00,196.32499999999999,197.6695,192.80000000000001,196.88,144170167,1348781,195.549858
2023-02-27 05:00:00+00:00,202.03,209.41999999999999,201.25999999999999,207.63,163868878,1526658,206.42393899999999
2023-02-28 05:00:00+00:00,210.59,211.22999999999999,203.75,205.71000000000001,155831905,1422658,206.954858
2023-03-01 05:00:00+00:00,206.21000000000001,207.19999999999999,198.52000000000001,202.77000000000001,158351027,1412450,201.687151
2023-03-02 05:00:00+00:00,186.74000000000001,193.7499,186.00999999999999,190.90000000000001,185079120,1843864,190.10284899999999
2023-03-03 05:00:00+00:00,194.79499999999999,200.47999999999999,192.88,197.78999999999999,156659208,1381533,197.574996
2023-03-06 05:00:00+00:00,198.53999999999999,198.59999999999999,192.30000000000001,193.81,129800108,1172410,195.14153400000001
2023-03-07 05:00:00+00:00,191.38,194.19999999999999,186.09999999999999,187.71000000000001,149980263,1386302,190.10307499999999
2023-03-08 05:00:00+00:00,185.03999999999999,186.5,180,182,153743549,1422864,181.73376400000001
2023-03-09 05:00:00+00:00,180.25,185.18000000000001,172.51240000000001,172.91999999999999,172622103,1708133,178.90995799999999
2023-03-10 05:00:00+00:00,175.13,178.28999999999999,168.44,173.44,193243948,1617003,174.27186399999999
2023-03-13 04:00:00+00:00,167.45500000000001,177.34999999999999,163.91,174.47999999999999,170522636,1583456,171.74965700000001
2023-03-14 04:00:00+00:00,177.31,183.80000000000001,177.14009999999999,183.25999999999999,147435545,1184343,181.324589
2023-03-15 04:00:00+00:00,180.80000000000001,182.34,176.03,180.44999999999999,148087719,1283034,179.34597099999999
2023-03-16 04:00:00+00:00,180.36500000000001,185.81,178.84,184.13,123504917,1120982,182.93149399999999
2023-03-17 04:00:00+00:00,184.51499999999999,186.2199,177.33000000000001,180.13,140673982,1168897,180.49195900000001
2023-03-20 04:00:00+00:00,178.08000000000001,186.44,176.34999999999999,183.25,131142892,1179256,182.953363
2023-03-21 04:00:00+00:00,188.28,198,188.03999999999999,197.58000000000001,156692653,1456134,193.875518
2023-03-22 04:00:00+00:00,199.30000000000001,200.66,190.94999999999999,191.15000000000001,151877870,1424880,196.71606700000001
2023-03-23 04:00:00+00:00,195.25999999999999,199.31,188.65000000000001,192.22,146042412,1324624,194.65036900000001
2023-03-24 04:00:00+00:00,191.65000000000001,192.36000000000001,187.15000000000001,190.41,117982059,1091102,189.528355
2023-03-27 04:00:00+00:00,194.41499999999999,197.38999999999999,189.94,191.81,122264765,1116468,193.69800000000001
2023-03-28 04:00:00+00:00,192,192.34999999999999,185.43000000000001,189.19,99812095,981385,188.19454099999999
2023-03-29 04:00:00+00:00,193.13,195.28999999999999,189.44,193.88,125790497,1020358,192.38504499999999
2023-03-30 04:00:00+00:00,195.58000000000001,197.33000000000001,194.41999999999999,195.28,111449080,1019988,195.89015800000001
2023-03-31 04:00:00+00:00,197.53,207.78999999999999,197.19999999999999,207.46000000000001,169897726,1508649,203.72779
2023-04-03 04:00:00+00:00,199.91,202.68969999999999,192.19999999999999,194.77000000000001,171995041,1819573,195.74875900000001
2023-04-04 04:00:00+00:00,197.31999999999999,198.74459999999999,190.31999999999999,192.58000000000001,126771599,1456296,192.93866
2023-04-05 04:00:00+00:00,190.51499999999999,190.68000000000001,183.75999999999999,185.52000000000001,135908595,1507800,186.20756
2023-04-06 04:00:00+00:00,183.08000000000001,186.38999999999999,179.74000000000001,185.06,125310410,1178040,184.09711899999999
2023-04-10 04:00:00+00:00,179.94,185.09999999999999,176.11000000000001,184.50999999999999,143434081,1320897,181.10031499999999
2023-04-11 04:00:00+00:00,186.69,189.19,185.64750000000001,186.78999999999999,116043520,1073592,187.41074699999999
2023-04-12 04:00:00+00:00,190.74000000000001,191.58459999999999,180.31,180.53999999999999,151966576,1344530,184.330173
2023-04-13 04:00:00+00:00,182.95500000000001,186.5,180.94,185.90000000000001,115038387,979663,184.902062
2023-04-14 04:00:00+00:00,183.94999999999999,186.28,182.00999999999999,185,97375904,872088,184.005381
2023-04-17 04:00:00+00:00,186.31999999999999,189.69,182.69,187.03999999999999,116928292,1084266,185.619485
2023-04-18 04:00:00+00:00,187.15000000000001,187.69,183.57749999999999,184.31,93361003,851225,185.078992
2023-04-19 04:00:00+00:00,179.09999999999999,183.5,177.65000000000001,180.59,127232811,1398580,181.25610800000001
2023-04-20 04:00:00+00:00,166.16499999999999,169.69999999999999,160.56,162.99000000000001,212312382,2473947,164.84353100000001
2023-04-21 04:00:00+00:00,164.80000000000001,166,161.32079999999999,165.08000000000001,124041326,1204818,164.13562999999999
2023-04-24 04:00:00+00:00,164.65000000000001,165.65000000000001,158.61000000000001,162.55000000000001,140388805,1306874,161.43040199999999
2023-04-25 04:00:00+00:00,159.81999999999999,163.47,158.75,160.66999999999999,123970767,1054896,161.75481500000001
2023-04-26 04:00:00+00:00,160.28999999999999,160.66999999999999,153.13999999999999,153.75,153807269,1440738,155.78992400000001
2023-04-27 04:00:00+00:00,152.63999999999999,160.47999999999999,152.37,160.19,127559033,1211252,157.264116
2023-04-28 04:00:00+00:00,160.90000000000001,165,157.31999999999999,164.31,122681581,996514,162.47769700000001
2023-05-01 04:00:00+00:00,163.16999999999999,163.28,158.83000000000001,161.83000000000001,109015048,942092,161.32503600000001
2023-05-02 04:00:00+00:00,161.88,165.49000000000001,158.93000000000001,160.31,129991463,1017088,161.80865600000001
2023-05-03 04:00:00+00:00,160.00999999999999,165,159.91,160.61000000000001,119996538,1050064,163.324681
2023-05-04 04:00:00+00:00,162.71000000000001,162.94999999999999,159.65000000000001,161.19999999999999,96455284,856344,161.36600300000001
2023-05-05 04:00:00+00:00,163.97,170.78989999999999,163.50999999999999,170.06,107762572,996509,168.15562600000001
2023-05-08 04:00:00+00:00,173.72,173.80000000000001,169.19,171.78999999999999,113778778,1090573,171.33606800000001
2023-05-09 04:00:00+00:00,168.94999999999999,169.81999999999999,166.56,169.15000000000001,90255109,923866,168.13743400000001
2023-05-10 04:00:00+00:00,172.55000000000001,174.43000000000001,166.68000000000001,168.53999999999999,121790436,1252316,170.22202300000001
2023-05-11 04:00:00+00:00,168.69999999999999,173.56999999999999,166.78999999999999,172.08000000000001,105419706,1111442,169.44806299999999
2023-05-12 04:00:00+00:00,176.06999999999999,177.38,167.22999999999999,167.97999999999999,159387762,1513458,171.14038500000001
2023-05-15 04:00:00+00:00,167.655,169.75999999999999,164.54990000000001,166.34999999999999,106963159,1001743,166.88749799999999
2023-05-16 04:00:00+00:00,165.65000000000001,169.51840000000001,164.34999999999999,166.52000000000001,99504201,919432,167.365543
2023-05-17 04:00:00+00:00,168.41,174.5,167.185,173.86000000000001,125821659,1177816,172.37527900000001
2023-05-18 04:00:00+00:00,174.22,177.06,172.44999999999999,176.88999999999999,109851927,1017065,174.74867599999999
2023-05-19 04:00:00+00:00,177.16999999999999,181.94999999999999,176.31,180.13999999999999,138446981,1214566,179.57676799999999
2023-05-22 04:00:00+00:00,180.69999999999999,189.31999999999999,180.11000000000001,188.87,134070807,1292956,185.74268599999999
2023-05-23 04:00:00+00:00,186.19999999999999,192.96000000000001,185.25999999999999,185.77000000000001,158734682,1376483,188.773459
2023-05-24 04:00:00+00:00,182.22999999999999,184.22,178.22,182.90000000000001,139352622,1266051,181.41439
2023-05-25 04:00:00+00:00,186.53999999999999,186.78,180.58000000000001,184.47,97294549,954332,184.111097
2023-05-26 04:00:00+00:00,184.62,198.59999999999999,184.53,193.16999999999999,162009883,1500699,193.18954600000001
2023-05-30 04:00:00+00:00,200.09999999999999,204.47999999999999,197.53,201.16,130007767,1392078,200.482541
2023-05-31 04:00:00+00:00,199.78,203.94999999999999,195.12,203.93000000000001,151250878,1291745,199.33116200000001
2023-06-01 04:00:00+00:00,202.59,209.80000000000001,199.37,207.52000000000001,150665749,1452084,205.111253
2023-06-02 04:00:00+00:00,210.15000000000001,217.25,209.75200000000001,213.97,183261050,1778220,214.53833299999999
2023-06-05 04:00:00+00:00,217.80000000000001,221.28999999999999,214.52000000000001,217.61000000000001,151190261,1507708,218.226337
2023-06-06 04:00:00+00:00,216.13999999999999,221.91,212.53,221.31,147003677,1376249,217.929475
2023-06-07 04:00:00+00:00,228,230.8296,223.19999999999999,224.56999999999999,185727837,1779833,226.588007
2023-06-08 04:00:00+00:00,224.22,235.22999999999999,223.00999999999999,234.86000000000001,164944844,1608847,231.03660500000001
2023-06-09 04:00:00+00:00,249.06999999999999,252.41999999999999,242.02000000000001,244.40000000000001,200219026,2090864,247.09291400000001
2023-06-12 04:00:00+00:00,247.94,250.97,244.59,249.83000000000001,150748668,1493211,247.94205299999999
2023-06-13 04:00:00+00:00,253.50999999999999,259.68000000000001,251.34,258.70999999999998,162430817,1661007,255.96177
2023-06-14 04:00:00+00:00,260.17000000000002,261.56999999999999,250.5,256.79000000000002,170582046,1700385,257.01125500000001
2023-06-15 04:00:00+00:00,248.40000000000001,258.94999999999999,247.28999999999999,255.90000000000001,160243925,1650404,255.75248400000001
2023-06-16 04:00:00+00:00,258.92000000000002,263.60000000000002,257.20909999999998,260.54000000000002,167870859,1569918,260.63430899999997
2023-06-20 04:00:00+00:00,261.5,274.75,261.12,274.44999999999999,165715696,1713207,267.82014800000002
2023-06-21 04:00:00+00:00,275.13,276.99000000000001,257.77999999999997,259.45999999999998,211873265,2159676,265.14063900000002
2023-06-22 04:00:00+00:00,250.77000000000001,265,248.25,264.61000000000001,166930967,1730686,260.07930499999998
2023-06-23 04:00:00+00:00,259.29000000000002,262.44999999999999,252.80000000000001,256.60000000000002,177677228,1712271,257.73163399999999
2023-06-26 04:00:00+00:00,250.065,258.37,240.69999999999999,241.05000000000001,180148413,1938824,248.494428
2023-06-27 04:00:00+00:00,243.24000000000001,250.38990000000001,240.84999999999999,250.21000000000001,165118461,1623441,246.092118
2023-06-28 04:00:00+00:00,249.69999999999999,259.88,248.88999999999999,256.24000000000001,159844461,1545231,255.914952
2023-06-29 04:00:00+00:00,258.02999999999997,260.74000000000001,253.61000000000001,257.5,131283361,1320691,256.80445400000002
2023-06-30 04:00:00+00:00,260.60000000000002,264.44999999999999,259.88999999999999,261.76999999999998,111804671,1179792,262.814571
2023-07-03 04:00:00+00:00,276.49000000000001,284.25,275.11000000000001,279.81999999999999,119592488,1446455,279.56354199999998
2023-07-05 04:00:00+00:00,278.81999999999999,283.85000000000002,277.60000000000002,282.48000000000002,131586954,1350154,280.56969099999998
2023-07-06 04:00:00+00:00,278.08999999999997,279.97000000000003,272.88,276.54000000000002,120745103,1301843,276.44387399999999
2023-07-07 04:00:00+00:00,278.43000000000001,280.77999999999997,273.76999999999998,274.43000000000001,113879175,1204968,277.553967
2023-07-10 04:00:00+00:00,276.47000000000003,277.51999999999998,265.10000000000002,269.61000000000001,119453341,1361292,269.87553700000001
2023-07-11 04:00:00+00:00,268.64999999999998,270.89999999999998,266.37,269.79000000000002,91990575,1022899,268.48213099999998
2023-07-12 04:00:00+00:00,276.32499999999999,276.51999999999998,271.45999999999998,271.99000000000001,95701451,1031260,273.43901799999998
2023-07-13 04:00:00+00:00,274.58999999999997,279.44999999999999,270.60000000000002,277.89999999999998,112695960,1143574,274.73726900000003
2023-07-14 04:00:00+00:00,277.00999999999999,285.30000000000001,276.31,281.38,120091488,1267639,280.72393499999998
2023-07-17 04:00:00+00:00,286.625,292.23000000000002,283.56999999999999,290.38,131642475,1503496,288.111852
2023-07-18 04:00:00+00:00,290.14999999999998,295.25999999999999,286.00999999999999,293.33999999999997,112465031,1261573,290.05823500000002
2023-07-19 04:00:00+00:00,296.04000000000002,299.29000000000002,289.52010000000001,291.25999999999999,143260902,1800293,295.04663399999998
2023-07-20 04:00:00+00:00,279.56,280.93000000000001,261.19999999999999,262.89999999999998,175314537,2370073,269.60718000000003
2023-07-21 04:00:00+00:00,268,268,255.80000000000001,260.01999999999998,162417593,1641747,261.80446899999998
2023-07-24 04:00:00+00:00,255.84999999999999,269.85000000000002,254.12,269.06,137060400,1547085,264.28823499999999
2023-07-25 04:00:00+00:00,272.38,272.89999999999998,265,265.27999999999997,112797579,1254555,268.50860599999999
2023-07-26 04:00:00+00:00,263.25,268.04000000000002,261.75,264.35000000000002,95887686,983841,264.82943799999998
2023-07-27 04:00:00+00:00,268.31,269.13,255.30000000000001,255.71000000000001,103754401,1206919,262.88575500000002
2023-07-28 04:00:00+00:00,259.86000000000001,267.25,258.2312,266.44,111446027,1121339,264.34828900000002
2023-07-31 04:00:00+00:00,267.48000000000002,269.07999999999998,263.77999999999997,267.43000000000001,84605432,1000450,266.63851699999998
2023-08-01 04:00:00+00:00,266.25999999999999,266.47000000000003,260.25,261.06999999999999,83728932,989391,262.36236700000001
2023-08-02 04:00:00+00:00,255.56999999999999,259.51999999999998,250.49000000000001,254.11000000000001,101804109,1222360,254.71191899999999
2023-08-03 04:00:00+00:00,252.03999999999999,260.49000000000001,252,259.31999999999999,97886224,1030220,256.81524000000002
2023-08-04 04:00:00+00:00,260.97000000000003,264.76999999999998,253.11000000000001,253.86000000000001,99539908,1052952,258.21683000000002
2023-08-07 04:00:00+00:00,251.44999999999999,253.65110000000001,242.75999999999999,251.44999999999999,111121391,1358005,247.72988100000001
2023-08-08 04:00:00+00:00,247.44999999999999,250.91999999999999,245.00999999999999,249.69999999999999,96661635,1030079,248.57794899999999
2023-08-09 04:00:00+00:00,250.87,251.09999999999999,241.90000000000001,242.19,101635663,1078830,245.208822
2023-08-10 04:00:00+00:00,245.40000000000001,251.80000000000001,243,245.34,109519642,1138934,246.972238
2023-08-11 04:00:00+00:00,241.77000000000001,243.78999999999999,238.02000000000001,242.65000000000001,99038644,1121628,241.466397
2023-08-14 04:00:00+00:00,235.69999999999999,240.66,233.75,239.75999999999999,98618323,1396846,237.921291
2023-08-15 04:00:00+00:00,238.72999999999999,240.5,232.61000000000001,232.96000000000001,88246178,1053546,235.16787500000001
2023-08-16 04:00:00+00:00,228.02000000000001,233.97,225.38,225.59999999999999,112548579,1296486,229.30512400000001
2023-08-17 04:00:00+00:00,226.06,226.74000000000001,218.83000000000001,219.22,120776489,1322338,222.90904399999999
2023-08-18 04:00:00+00:00,214.12,217.58000000000001,212.36000000000001,215.49000000000001,136276586,1455662,215.32497900000001
2023-08-21 04:00:00+00:00,221.55119999999999,232.1343,220.58000000000001,231.28,135775026,1475613,227.60468
2023-08-22 04:00:00+00:00,240.25,240.81999999999999,229.55000000000001,233.19,130622922,1382016,234.32198600000001
2023-08-23 04:00:00+00:00,229.34,238.97999999999999,229.28999999999999,236.86000000000001,101159557,1085857,235.10394500000001
2023-08-24 04:00:00+00:00,238.66,238.91999999999999,228.18010000000001,230.03999999999999,99815698,1105418,231.82622699999999
2023-08-25 04:00:00+00:00,231.31,239,230.34999999999999,238.59,106612231,1174889,235.093977
2023-08-28 04:00:00+00:00,242.58000000000001,244.38,235.34999999999999,238.81999999999999,107692662,1146637,238.48086000000001
2023-08-29 04:00:00+00:00,238.58000000000001,257.48000000000002,237.77000000000001,257.18000000000001,134104874,1418770,250.66031799999999
2023-08-30 04:00:00+00:00,254.19999999999999,260.50999999999999,250.59,256.89999999999998,122003655,1295488,255.905732
2023-08-31 04:00:00+00:00,255.97999999999999,261.18000000000001,255.05000000000001,258.07999999999998,108876603,1067030,258.05942900000002
2023-09-01 04:00:00+00:00,257.25999999999999,259.07940000000002,242.00999999999999,245.00999999999999,132541641,1530009,248.08346499999999
2023-09-05 04:00:00+00:00,245,258,244.86000000000001,256.49000000000001,129487693,1370470,253.84339399999999
2023-09-06 04:00:00+00:00,255.13499999999999,255.38999999999999,245.06,251.91999999999999,117006956,1211279,249.46288200000001
2023-09-07 04:00:00+00:00,245.06999999999999,252.81,243.26499999999999,251.49000000000001,115336750,1182303,248.264928
2023-09-08 04:00:00+00:00,251.22,256.51999999999998,246.66999999999999,248.5,118559636,1195154,251.38487000000001
2023-09-11 04:00:00+00:00,264.26999999999998,274.85000000000002,260.61000000000001,273.57999999999998,174749854,2044075,268.96378700000002
2023-09-12 04:00:00+00:00,270.75999999999999,278.38999999999999,266.60000000000002,267.48000000000002,136025998,1442298,271.596858
2023-09-13 04:00:00+00:00,270.06999999999999,274.98000000000002,268.10000000000002,271.30000000000001,111716974,1171603,271.65124600000001
2023-09-14 04:00:00+00:00,271.31999999999999,276.70940000000002,270.42000000000002,276.04000000000002,107771198,1158823,274.51173999999997
2023-09-15 04:00:00+00:00,277.55000000000001,278.98000000000002,271,274.38999999999999,133692313,1265828,274.27442600000001
2023-09-18 04:00:00+00:00,271.16000000000003,271.44,263.76010000000002,265.27999999999997,101568477,1255543,266.70115299999998
2023-09-19 04:00:00+00:00,264.35000000000002,267.85000000000002,261.19999999999999,266.5,103715350,1070185,264.94383499999998
2023-09-20 04:00:00+00:00,267.04000000000002,273.93000000000001,262.4606,262.58999999999997,122540120,1271360,268.36920199999997
2023-09-21 04:00:00+00:00,257.85000000000002,260.86000000000001,254.21000000000001,255.69999999999999,120037067,1303664,257.52541500000001
2023-09-22 04:00:00+00:00,257.39999999999998,257.78879999999998,244.47999999999999,244.88,127524085,1375479,251.403626
2023-09-25 04:00:00+00:00,243.38,247.09999999999999,238.31,246.99000000000001,104668716,1196613,244.237763
2023-09-26 04:00:00+00:00,242.97999999999999,249.55000000000001,241.6601,244.12,102033779,1118004,245.599873
2023-09-27 04:00:00+00:00,244.262,245.33000000000001,234.58000000000001,240.5,136616287,1393690,240.406499
2023-09-28 04:00:00+00:00,240.02000000000001,247.55000000000001,238.65000000000001,246.38,117096968,1190994,244.05336
2023-09-29 04:00:00+00:00,250,254.77000000000001,246.34999999999999,250.22,128526716,1255461,251.057762
2023-10-02 04:00:00+00:00,244.81,254.2799,242.62,251.59999999999999,123843037,1312966,249.58820800000001
2023-10-03 04:00:00+00:00,248.61000000000001,250.02000000000001,244.44999999999999,246.53,102002965,1065647,247.35017300000001
2023-10-04 04:00:00+00:00,248.13999999999999,261.86000000000001,247.59999999999999,261.16000000000003,129770722,1388771,255.82039800000001
2023-10-05 04:00:00+00:00,260,263.60000000000002,256.25,260.05000000000001,119185414,1197909,259.64344
2023-10-06 04:00:00+00:00,253.97999999999999,261.64999999999998,250.65000000000001,260.52999999999997,118121814,1279581,256.36398300000002
2023-10-09 04:00:00+00:00,255.31,261.36000000000001,252.05000000000001,259.67000000000002,101409033,1145157,256.32581399999998
2023-10-10 04:00:00+00:00,257.75,268.94,257.64999999999998,263.62,122684320,1241762,265.04679800000002
2023-10-11 04:00:00+00:00,266.19999999999999,268.60000000000002,260.89999999999998,262.99000000000001,103727058,1077717,264.04304400000001
2023-10-12 04:00:00+00:00,262.92000000000002,265.41000000000003,256.63069999999999,258.87,111551409,1178945,261.74961100000002
2023-10-13 04:00:00+00:00,258.89999999999998,259.60000000000002,250.22,251.12,102296788,1103540,254.05162100000001
2023-10-16 04:00:00+00:00,250.05000000000001,255.3999,248.47999999999999,253.91999999999999,88930672,1046053,252.99395000000001
2023-10-17 04:00:00+00:00,250.09999999999999,257.18299999999999,247.08000000000001,254.84999999999999,93573488,1021579,253.23809399999999
2023-10-18 04:00:00+00:00,252.69999999999999,254.63,242.08000000000001,242.68000000000001,125980440,1482744,246.79192800000001
2023-10-19 04:00:00+00:00,225.94999999999999,230.61000000000001,216.78,220.11000000000001,170944596,2329342,221.74135799999999
2023-10-20 04:00:00+00:00,217.00999999999999,218.86060000000001,210.41999999999999,211.99000000000001,138010097,1583140,213.92340899999999
2023-10-23 04:00:00+00:00,210,216.97999999999999,202.50999999999999,212.08000000000001,150750605,1658376,211.66214600000001
2023-10-24 04:00:00+00:00,216.5,222.05000000000001,214.11000000000001,216.52000000000001,118259645,1291170,217.665808
2023-10-25 04:00:00+00:00,215.88,220.09999999999999,212.19999999999999,212.41999999999999,107288896,1212408,216.07575800000001
2023-10-26 04:00:00+00:00,211.31999999999999,214.80000000000001,204.88,205.75999999999999,115208783,1276215,208.36429000000001
2023-10-27 04:00:00+00:00,210.59999999999999,213.91999999999999,205.77000000000001,207.30000000000001,94882274,1046258,208.65111899999999
2023-10-30 04:00:00+00:00,209.28,210.88,194.66999999999999,197.36000000000001,136503931,1630868,199.96510799999999
2023-10-31 04:00:00+00:00,196.12,202.80000000000001,194.06999999999999,200.84,118088997,1388090,199.11300399999999
2023-11-01 04:00:00+00:00,204.03999999999999,205.99000000000001,197.84999999999999,205.66,121710684,1318233,201.87652700000001
2023-11-02 04:00:00+00:00,212.97,219.19999999999999,211.44999999999999,218.50999999999999,126084508,1338281,216.50448800000001
2023-11-03 04:00:00+00:00,221.15000000000001,226.37010000000001,218.40000000000001,219.96000000000001,119534792,1247127,221.18667099999999
2023-11-06 05:00:00+00:00,223.97999999999999,226.31999999999999,215,219.27000000000001,117394735,1266125,219.45995500000001
2023-11-07 05:00:00+00:00,219.97999999999999,223.12,215.72,222.18000000000001,116927581,1141257,219.11969999999999
2023-11-08 05:00:00+00:00,223.15000000000001,224.15000000000001,217.63999999999999,222.11000000000001,106603872,1070149,220.265972
2023-11-09 05:00:00+00:00,219.75,220.80000000000001,206.68000000000001,209.97999999999999,142156105,1959549,211.77039500000001
2023-11-10 05:00:00+00:00,210.03,215.38,205.69,214.65000000000001,131314334,1428607,211.82657399999999
2023-11-13 05:00:00+00:00,215.59999999999999,225.40000000000001,211.61009999999999,223.71000000000001,140617709,1474678,221.25565800000001
2023-11-14 05:00:00+00:00,235.03,238.13499999999999,230.72,237.41,149930341,1537716,234.707604
2023-11-15 05:00:00+00:00,239.28999999999999,246.69999999999999,236.44999999999999,242.84,150391782,1553354,242.79340099999999
2023-11-16 05:00:00+00:00,239.49000000000001,240.88,230.96000000000001,233.59,136900875,1391883,235.465014
2023-11-17 05:00:00+00:00,232,237.38999999999999,226.53999999999999,234.30000000000001,142766236,1376658,233.28778600000001
2023-11-20 05:00:00+00:00,234.03999999999999,237.09999999999999,231.02000000000001,235.59999999999999,116591874,1218647,234.203566
2023-11-21 05:00:00+00:00,235.03999999999999,243.62,233.34,241.19999999999999,122332956,1217064,240.976415
2023-11-22 05:00:00+00:00,242.03999999999999,244.00999999999999,231.40000000000001,234.21000000000001,118143474,1287157,234.596496
2023-11-24 05:00:00+00:00,233.75,238.75,232.33000000000001,235.44999999999999,65125204,738518,236.49318099999999
2023-11-27 05:00:00+00:00,236.88999999999999,238.33000000000001,232.09999999999999,236.08000000000001,112057261,1163418,235.60324399999999
2023-11-28 05:00:00+00:00,236.68000000000001,247,234.00999999999999,246.72,148648582,1511154,241.08210099999999
2023-11-29 05:00:00+00:00,249.21000000000001,252.75,242.75999999999999,244.13999999999999,135445276,1386040,248.023901
2023-11-30 05:00:00+00:00,245.13999999999999,245.22,236.91,240.08000000000001,132457365,1270598,240.76551699999999
2023-12-01 05:00:00+00:00,233.13999999999999,240.19,231.90000000000001,238.83000000000001,121331711,1293937,236.53333000000001
2023-12-04 05:00:00+00:00,235.75,239.3733,233.2902,235.58000000000001,104114066,1093929,236.43465399999999
2023-12-05 05:00:00+00:00,233.87,246.66,233.69999999999999,238.72,138001929,1294531,241.108497
2023-12-06 05:00:00+00:00,242.91999999999999,246.56999999999999,239.17089999999999,239.37,126467079,1204659,243.40069600000001
2023-12-07 05:00:00+00:00,241.55000000000001,244.08000000000001,236.97999999999999,242.63999999999999,107162580,1043435,240.88340500000001
2023-12-08 05:00:00+00:00,240.27000000000001,245.27000000000001,239.27010000000001,243.84,103127144,1036362,243.04019500000001
2023-12-11 05:00:00+00:00,242.74000000000001,243.441,237.44999999999999,239.74000000000001,97934659,1127820,240.11419799999999
2023-12-12 05:00:00+00:00,238.55000000000001,238.99000000000001,233.87,237.00999999999999,95351249,1060558,235.76073099999999
2023-12-13 05:00:00+00:00,234.19,240.30000000000001,228.19999999999999,239.28999999999999,146287024,1443587,233.80149900000001
2023-12-14 05:00:00+00:00,241.22,253.88,240.78999999999999,251.05000000000001,160856357,1655908,248.842309
2023-12-15 05:00:00+00:00,251.21000000000001,254.13,248.30000000000001,253.5,135932762,1185364,252.040492
2023-12-18 05:00:00+00:00,253.78,258.74000000000001,251.36000000000001,252.08000000000001,116439752,1224579,254.98831300000001
2023-12-19 05:00:00+00:00,253.47999999999999,258.3399,253.00999999999999,257.22000000000003,106763970,1030651,256.21297700000002
2023-12-20 05:00:00+00:00,256.41000000000003,259.83999999999997,247,247.13999999999999,125136084,1275033,254.56098399999999
2023-12-21 05:00:00+00:00,251.90000000000001,254.79990000000001,248.55000000000001,254.5,109639080,1050747,252.03083799999999
2023-12-22 05:00:00+00:00,256.75999999999999,258.22000000000003,251.37,252.53999999999999,93370094,971208,255.18240599999999
2023-12-26 05:00:00+00:00,254.49000000000001,257.97000000000003,252.91,256.61000000000001,86911086,948979,256.39604100000003
2023-12-27 05:00:00+00:00,258.35000000000002,263.33999999999997,257.51999999999998,261.44,106526727,1043469,261.83636999999999
2023-12-28 05:00:00+00:00,263.66000000000003,265.13,252.71000000000001,253.18000000000001,113656066,1160244,258.461457
2023-12-29 05:00:00+00:00,255.09999999999999,255.19,247.43000000000001,248.47999999999999,100891958,1062989,250.33388500000001
2024-01-02 05:00:00+00:00,250.08000000000001,251.25,244.41,248.41999999999999,104677350,1178077,248.350303
2024-01-03 05:00:00+00:00,244.97999999999999,245.68000000000001,236.31999999999999,238.44999999999999,121104606,1274176,239.76965799999999
2024-01-04 05:00:00+00:00,239.25,242.69999999999999,237.72999999999999,237.93000000000001,102645460,1001894,240.35948300000001
2024-01-05 05:00:00+00:00,236.86000000000001,240.11959999999999,234.90010000000001,237.49000000000001,92488939,934668,237.93239
2024-01-08 05:00:00+00:00,236.13999999999999,241.25,235.30000000000001,240.44999999999999,85180396,971097,238.60320200000001
2024-01-09 05:00:00+00:00,238.11000000000001,238.96459999999999,232.03999999999999,234.96000000000001,96715676,1055314,234.64527799999999
2024-01-10 05:00:00+00:00,235.09999999999999,235.5,231.28999999999999,233.94,91642761,937625,233.474841
2024-01-11 05:00:00+00:00,230.56999999999999,230.93000000000001,225.37,227.22,105925601,1267362,227.453305
2024-01-12 05:00:00+00:00,220.08000000000001,225.34,217.15010000000001,218.88999999999999,123043878,1419632,220.36875599999999
2024-01-16 05:00:00+00:00,215.09999999999999,223.49000000000001,212.18000000000001,219.91,115379920,1358365,219.51774599999999
2024-01-17 05:00:00+00:00,214.86000000000001,215.66999999999999,212.00999999999999,215.55000000000001,103212193,1162767,213.840452
2024-01-18 05:00:00+00:00,216.88,217.44999999999999,208.74000000000001,211.88,108628840,1223978,212.19554199999999
2024-01-19 05:00:00+00:00,209.99000000000001,213.19,207.56,212.19,102260343,1122841,210.379549
2024-01-22 05:00:00+00:00,212.25999999999999,217.80000000000001,206.27000000000001,208.80000000000001,117974149,1318911,210.643058
2024-01-23 05:00:00+00:00,211.30000000000001,215.65000000000001,207.7516,209.13999999999999,106635433,1091758,210.552302
2024-01-24 05:00:00+00:00,211.88,212.72999999999999,206.77000000000001,207.83000000000001,123951859,1487851,209.93750499999999
2024-01-25 05:00:00+00:00,189.69999999999999,193,180.06,182.63,198226698,2721193,184.845428
2024-01-26 05:00:00+00:00,185.5,186.78,182.09999999999999,183.25,107343231,1327754,183.96966
2024-01-29 05:00:00+00:00,185.63,191.47999999999999,183.66999999999999,190.93000000000001,125013048,1435689,188.072239
2024-01-30 05:00:00+00:00,195.33000000000001,196.35929999999999,190.61000000000001,191.59,109982327,1288184,193.051997
2024-01-31 05:00:00+00:00,186.995,193.97,185.8459,187.28999999999999,103221430,1144880,189.862041
2024-02-01 05:00:00+00:00,188.5,189.88,184.28,188.86000000000001,91843275,1047610,187.207379
2024-02-02 05:00:00+00:00,185.03999999999999,188.69,182,187.91,110612672,1270925,185.03204099999999
2024-02-05 05:00:00+00:00,184.25999999999999,184.68000000000001,175.00999999999999,181.06,134294447,1633998,179.913848
2024-02-06 05:00:00+00:00,177.21000000000001,186.49000000000001,177.11000000000001,185.09999999999999,122675954,1204086,183.50303400000001
2024-02-07 05:00:00+00:00,188.18000000000001,189.78999999999999,182.68000000000001,187.58000000000001,111535217,1124191,187.12646599999999
2024-02-08 05:00:00+00:00,189,191.61709999999999,185.58000000000001,189.56,83034043,925084,189.287666
2024-02-09 05:00:00+00:00,190.18000000000001,194.12,189.47999999999999,193.56999999999999,84476347,967370,192.52332100000001
2024-02-12 05:00:00+00:00,192.11000000000001,194.72999999999999,187.28,188.13,95498597,1166265,190.52690699999999
2024-02-13 05:00:00+00:00,183.99000000000001,187.25999999999999,182.1087,184.02000000000001,86759478,1089659,184.20934299999999
2024-02-14 05:00:00+00:00,185.30000000000001,188.88999999999999,183.34999999999999,188.71000000000001,81202987,924102,186.11811800000001
2024-02-15 05:00:00+00:00,189.16,200.88,188.8595,200.44999999999999,120831762,1314345,195.96286000000001
2024-02-16 05:00:00+00:00,202.06,203.16999999999999,197.40000000000001,199.94999999999999,111346705,1249787,200.23854800000001
2024-02-20 05:00:00+00:00,196.13,198.59999999999999,189.13,193.75999999999999,104545762,1220066,192.434811
2024-02-21 05:00:00+00:00,193.36000000000001,199.44,191.94999999999999,194.77000000000001,103844008,1059381,194.85943399999999
2024-02-22 05:00:00+00:00,194,198.31999999999999,191.36000000000001,197.41,92739461,1017519,195.13381999999999
2024-02-23 05:00:00+00:00,195.31,197.56999999999999,191.5,191.97,78841917,923289,193.96942200000001
2024-02-26 05:00:00+00:00,192.28999999999999,201.78,192,199.40000000000001,111827116,1169827,198.90593899999999
2024-02-27 05:00:00+00:00,204.03999999999999,205.59999999999999,198.25999999999999,199.72999999999999,108645412,1131569,201.436072
2024-02-28 05:00:00+00:00,200.41999999999999,205.30000000000001,198.44,202.03999999999999,99806173,1027322,202.57857300000001
2024-02-29 05:00:00+00:00,204.18000000000001,205.28,198.44630000000001,201.88,85909374,943618,201.41281799999999
2024-03-01 05:00:00+00:00,200.52000000000001,204.52000000000001,198.5,202.63999999999999,82243119,952621,201.588719
2024-03-04 05:00:00+00:00,198.72999999999999,199.75,186.72,188.13999999999999,135041869,1697687,190.369111
2024-03-05 05:00:00+00:00,183.05000000000001,184.59,177.56999999999999,180.74000000000001,119679258,1561608,180.63835499999999
2024-03-06 05:00:00+00:00,179.99000000000001,181.57599999999999,173.69999999999999,176.53999999999999,107920944,1431861,177.29477900000001
2024-03-07 05:00:00+00:00,174.34999999999999,180.03999999999999,173.69999999999999,178.65000000000001,102129004,1139995,177.88457
2024-03-08 05:00:00+00:00,181.5,182.72999999999999,174.69999999999999,175.34,85544644,1126763,177.08275
2024-03-11 04:00:00+00:00,175.44499999999999,182.87,174.80000000000001,177.77000000000001,85391528,1122687,178.99144200000001
2024-03-12 04:00:00+00:00,177.77000000000001,179.43000000000001,172.4101,177.53999999999999,87391504,1086087,176.42694499999999
2024-03-13 04:00:00+00:00,173.05000000000001,176.05000000000001,169.15000000000001,169.47999999999999,106524518,1440821,171.64256700000001
2024-03-14 04:00:00+00:00,167.77000000000001,171.16999999999999,160.50999999999999,162.5,126327596,1680192,164.10970599999999
2024-03-15 04:00:00+00:00,163.16,165.18450000000001,160.75999999999999,163.56999999999999,97146832,1107044,162.87274600000001
2024-03-18 04:00:00+00:00,170.02000000000001,174.72,165.90000000000001,173.80000000000001,108214358,1321128,171.76264399999999
2024-03-19 04:00:00+00:00,172.36000000000001,172.81999999999999,167.41999999999999,171.31999999999999,77278528,937648,170.80219299999999
2024-03-20 04:00:00+00:00,173,176.25,170.81999999999999,175.66,83846726,919879,173.39299099999999
2024-03-21 04:00:00+00:00,176.38999999999999,178.18000000000001,171.80000000000001,172.81999999999999,73178014,926379,174.299138
2024-03-22 04:00:00+00:00,166.69,171.19999999999999,166.30000000000001,170.83000000000001,75580637,943100,169.35309899999999
2024-03-25 04:00:00+00:00,168.75999999999999,175.24000000000001,168.72999999999999,172.63,74228615,901662,172.06394299999999
2024-03-26 04:00:00+00:00,178.58000000000001,184.25,177.38,177.66999999999999,113186227,1309173,180.849345
2024-03-27 04:00:00+00:00,181.41,181.91,176,179.83000000000001,81804043,928815,179.12219300000001
2024-03-28 04:00:00+00:00,177.44999999999999,179.56999999999999,175.30000000000001,175.78999999999999,77654838,900671,176.78825499999999
2024-04-01 04:00:00+00:00,176.16999999999999,176.75,170.21000000000001,175.22,81562127,1050223,173.13169300000001
2024-04-02 04:00:00+00:00,164.75,167.69,163.43000000000001,166.63,116650594,1474891,165.78832199999999
2024-04-03 04:00:00+00:00,164.02000000000001,168.81999999999999,163.28,168.38,82950141,955108,166.91255799999999
2024-04-04 04:00:00+00:00,170.06999999999999,177.19,168.00999999999999,171.11000000000001,123161960,1243818,172.92947000000001
2024-04-05 04:00:00+00:00,169.08000000000001,170.86000000000001,160.50999999999999,164.90000000000001,143157603,1549579,166.17709099999999
2024-04-08 04:00:00+00:00,169.34,174.5,167.78999999999999,172.97999999999999,104423320,1134904,172.61383799999999
2024-04-09 04:00:00+00:00,172.91,179.22,171.91999999999999,176.88,103232675,1017416,175.94648900000001
2024-04-10 04:00:00+00:00,173.03999999999999,174.93000000000001,170.00999999999999,171.75999999999999,84532407,955350,171.82054400000001
2024-04-11 04:00:00+00:00,172.55000000000001,175.88,168.50999999999999,174.59999999999999,94515987,1028915,172.47253799999999
2024-04-12 04:00:00+00:00,172.34,173.8099,170.36439999999999,171.05000000000001,64618300,761282,171.82481300000001
2024-04-15 04:00:00+00:00,170.24000000000001,170.69,161.38,161.47999999999999,100245310,1341841,164.49106399999999
2024-04-16 04:00:00+00:00,156.74199999999999,158.19,153.75,157.11000000000001,96999956,1273557,156.35478499999999
2024-04-17 04:00:00+00:00,157.63999999999999,158.33000000000001,153.78,155.44999999999999,82439718,1005336,155.945167
2024-04-18 04:00:00+00:00,151.25,152.19999999999999,148.69999999999999,149.93000000000001,96098830,1254708,150.45590999999999
2024-04-19 04:00:00+00:00,148.97,150.94,146.22,147.05000000000001,87074500,1078905,148.74459400000001
2024-04-22 04:00:00+00:00,140.56,144.44,138.80250000000001,142.05000000000001,107097564,1403278,141.70547500000001
2024-04-23 04:00:00+00:00,143.33000000000001,147.25999999999999,141.11000000000001,144.68000000000001,124545104,1401800,144.90400399999999
2024-04-24 04:00:00+00:00,162.84,167.97,157.50999999999999,162.13,181251511,1823957,161.92409000000001
2024-04-25 04:00:00+00:00,158.96000000000001,170.88,158.36000000000001,170.18000000000001,126427521,1361934,165.58406400000001
2024-04-26 04:00:00+00:00,168.84999999999999,172.12,166.37,168.28999999999999,109815725,1160007,169.16503900000001
2024-04-29 04:00:00+00:00,188.41999999999999,198.87,184.53999999999999,194.05000000000001,243875078,2641241,191.934834
2024-04-30 04:00:00+00:00,186.97999999999999,190.94999999999999,182.84010000000001,183.28,127031787,1319801,185.67840000000001
2024-05-01 04:00:00+00:00,182,185.86000000000001,179.00999999999999,179.99000000000001,92829719,1031366,181.68796399999999
2024-05-02 04:00:00+00:00,182.86000000000001,184.59999999999999,176.02000000000001,180.00999999999999,89148041,936177,179.68386100000001
2024-05-03 04:00:00+00:00,182.09999999999999,184.78,178.41999999999999,181.19,75491539,845583,181.24839299999999
2024-05-06 04:00:00+00:00,183.80000000000001,187.56,182.19999999999999,184.75999999999999,84390253,980553,184.52282199999999
2024-05-07 04:00:00+00:00,182.40000000000001,183.25999999999999,177.40000000000001,177.81,75045854,942274,179.15639200000001
2024-05-08 04:00:00+00:00,171.59,176.06,170.15000000000001,174.72,79969488,904274,173.884987
2024-05-09 04:00:00+00:00,175.00999999999999,175.62,171.37,171.97,65950292,770102,173.01624699999999
2024-05-10 04:00:00+00:00,173.05000000000001,173.0599,167.75,168.47,72627178,918770,169.427618
2024-05-13 04:00:00+00:00,170,175.40000000000001,169,171.88999999999999,67018903,879153,172.60654400000001
2024-05-14 04:00:00+00:00,174.49590000000001,179.49000000000001,174.06999999999999,177.55000000000001,86407422,987397,176.979861
2024-05-15 04:00:00+00:00,179.90000000000001,180,173.11000000000001,173.99000000000001,79662993,962087,174.63672
2024-05-16 04:00:00+00:00,174.09999999999999,175.78999999999999,171.43000000000001,174.84,59812220,727805,174.23368199999999
2024-05-17 04:00:00+00:00,173.55000000000001,179.63,172.75,177.46000000000001,77445845,836290,176.85860700000001
2024-05-20 04:00:00+00:00,177.56,177.75399999999999,173.52000000000001,174.94999999999999,61727875,811207,174.73182800000001
2024-05-21 04:00:00+00:00,175.50999999999999,186.875,174.71000000000001,186.59999999999999,115266512,1212462,182.07438500000001
2024-05-22 04:00:00+00:00,182.84999999999999,183.80000000000001,178.12,180.11000000000001,88313477,914321,180.67705900000001
2024-05-23 04:00:00+00:00,181.80000000000001,181.90000000000001,173.25999999999999,173.74000000000001,71975496,897491,176.219919
2024-05-24 04:00:00+00:00,174.83500000000001,180.08000000000001,173.72999999999999,179.24000000000001,65584478,783972,178.090081
2024-05-28 04:00:00+00:00,176.40000000000001,178.25,173.16,176.75,59744120,840479,175.700142
2024-05-29 04:00:00+00:00,174.19,178.15000000000001,173.93000000000001,176.19,54782649,668438,176.24535700000001
2024-05-30 04:00:00+00:00,178.57499999999999,182.66999999999999,175.38,178.78999999999999,77784755,870224,178.88103599999999
2024-05-31 04:00:00+00:00,178.5,180.31999999999999,173.81999999999999,178.08000000000001,67374602,756972,176.90101899999999
2024-06-03 04:00:00+00:00,178.13,182.63890000000001,174.49000000000001,176.28999999999999,68568920,893105,178.34325999999999
2024-06-04 04:00:00+00:00,174.77500000000001,177.755,174,174.77000000000001,60056340,735907,175.62531300000001
2024-06-05 04:00:00+00:00,175.34999999999999,176.15000000000001,172.13,175,57953756,742261,174.43350000000001
2024-06-06 04:00:00+00:00,174.59999999999999,179.72999999999999,172.72999999999999,177.94,69887024,856388,176.30340699999999
2024-06-07 04:00:00+00:00,176.13,179.34999999999999,175.58000000000001,177.47999999999999,56244932,582307,177.73798099999999
2024-06-10 04:00:00+00:00,176.06,178.56999999999999,173.16999999999999,173.78999999999999,50869682,785578,175.405541
2024-06-11 04:00:00+00:00,173.91999999999999,174.75,167.41,170.66,64761928,938280,169.43123399999999
2024-06-12 04:00:00+00:00,171.12,180.55000000000001,169.80000000000001,177.28999999999999,90389446,1112496,177.162902
2024-06-13 04:00:00+00:00,188.38999999999999,191.08000000000001,181.22999999999999,182.47,118984122,1415695,185.34282200000001
2024-06-14 04:00:00+00:00,185.80000000000001,186,176.91999999999999,178.00999999999999,82038194,992531,179.60517300000001
2024-06-17 04:00:00+00:00,177.91999999999999,188.81,177,187.44,109786083,1250018,185.271739
2024-06-18 04:00:00+00:00,186.56,187.19999999999999,182.37,184.86000000000001,68982265,839261,184.27401699999999
2024-06-20 04:00:00+00:00,184.68000000000001,185.21000000000001,179.66,181.56999999999999,55893139,781089,181.955611
2024-06-21 04:00:00+00:00,182.30000000000001,183.94999999999999,180.69,183.00999999999999,63029482,653882,182.35883999999999
2024-06-24 04:00:00+00:00,184.97,188.80000000000001,182.55000000000001,182.58000000000001,61992070,835021,185.04582300000001
2024-06-25 04:00:00+00:00,184.40000000000001,187.97,182.00999999999999,187.34999999999999,63678265,757448,185.90681599999999
2024-06-26 04:00:00+00:00,186.53999999999999,197.755,186.36000000000001,196.37,95737066,1157377,194.01751400000001
2024-06-27 04:00:00+00:00,195.16999999999999,198.72,194.05000000000001,197.41999999999999,72746521,879683,196.22334499999999
2024-06-28 04:00:00+00:00,199.55000000000001,203.19999999999999,195.25999999999999,197.88,95205166,1062285,199.382161
2024-07-01 04:00:00+00:00,201.02000000000001,213.22999999999999,200.84999999999999,209.86000000000001,135691395,1561630,209.208978
2024-07-02 04:00:00+00:00,218.88999999999999,231.30000000000001,218.06,231.25999999999999,205047920,2267405,227.24125000000001
2024-07-03 04:00:00+00:00,234.56,248.34999999999999,234.25,246.38999999999999,166561471,1985685,242.64686499999999
2024-07-05 04:00:00+00:00,249.81,252.37,242.46010000000001,251.52000000000001,154501152,1719319,247.97607600000001
2024-07-08 04:00:00+00:00,247.71000000000001,259.43900000000002,244.56999999999999,252.94,157219580,1689276,252.72072900000001
2024-07-09 04:00:00+00:00,251,265.61000000000001,250.30000000000001,262.32999999999998,160742516,1651527,260.33128599999998
2024-07-10 04:00:00+00:00,262.80000000000001,267.58999999999997,257.86000000000001,263.25999999999999,128519430,1420791,263.45002899999997
2024-07-11 04:00:00+00:00,263.30000000000001,271,239.65000000000001,241.03,221707273,2469329,252.919859
2024-07-12 04:00:00+00:00,235.80000000000001,251.84,233.09119999999999,248.22999999999999,155955773,1717924,247.11734300000001
2024-07-15 04:00:00+00:00,255.97,265.60000000000002,251.72999999999999,252.63999999999999,146912920,1684907,259.455378
2024-07-16 04:00:00+00:00,255.31,258.62,245.80009999999999,256.56,126332470,1351343,252.971113
2024-07-17 04:00:00+00:00,252.72999999999999,258.47000000000003,246.18199999999999,248.5,115584810,1328854,250.70300499999999
2024-07-18 04:00:00+00:00,251.09,257.13999999999999,247.19999999999999,249.22999999999999,110869037,1262136,252.30705900000001
2024-07-19 04:00:00+00:00,247.78999999999999,249.44,236.83000000000001,239.19999999999999,87403903,1169238,241.52418499999999
2024-07-22 04:00:00+00:00,244.21000000000001,253.21000000000001,243.75,251.50999999999999,101225430,1216659,249.677257
2024-07-23 04:00:00+00:00,253.59999999999999,255.7594,245.63,246.38,111928192,1425797,248.800826
2024-07-24 04:00:00+00:00,225.41999999999999,225.99000000000001,214.71000000000001,215.99000000000001,167942939,2100837,219.03931299999999
2024-07-25 04:00:00+00:00,216.80000000000001,226,216.23099999999999,220.25,100636466,1290153,222.38969599999999
2024-07-26 04:00:00+00:00,221.19,222.2799,215.33000000000001,219.80000000000001,94604145,1067581,219.05924300000001
2024-07-29 04:00:00+00:00,224.90000000000001,234.27000000000001,224.69999999999999,232.09999999999999,129201789,1303488,230.956988
2024-07-30 04:00:00+00:00,232.25,232.41,220,222.62,100560334,1153965,225.42453399999999
2024-07-31 04:00:00+00:00,227.90000000000001,234.68000000000001,226.78749999999999,232.06999999999999,67497011,892321,231.55498
2024-08-01 04:00:00+00:00,227.69,231.86699999999999,214.33279999999999,216.86000000000001,83861898,1133352,221.94616500000001
2024-08-02 04:00:00+00:00,214.88,216.13,205.78,207.66999999999999,82880120,1192035,209.75854000000001
2024-08-05 04:00:00+00:00,185.22,203.87989999999999,182,198.88,100308836,1533459,197.08568199999999
2024-08-06 04:00:00+00:00,200.75,202.90000000000001,192.66999999999999,200.63999999999999,73783942,1087409,198.789469
2024-08-07 04:00:00+00:00,200.77000000000001,203.49000000000001,191.47999999999999,191.75999999999999,71159778,1027014,196.734993
2024-08-08 04:00:00+00:00,195.69999999999999,200.69999999999999,192.03999999999999,198.84,65033874,876899,197.521815
2024-08-09 04:00:00+00:00,197.05000000000001,200.88,195.11000000000001,200,58648274,799121,198.33986400000001
2024-08-12 04:00:00+00:00,199.02000000000001,199.25999999999999,194.66999999999999,197.49000000000001,64044903,829425,197.10945799999999
2024-08-13 04:00:00+00:00,198.47,208.49000000000001,197.06,207.83000000000001,76247387,933166,205.19708900000001
2024-08-14 04:00:00+00:00,207.38999999999999,208.44,198.75,201.38,70250014,894617,201.71840900000001
2024-08-15 04:00:00+00:00,205.02000000000001,215.88,204.81999999999999,214.13999999999999,89848530,1029269,213.09674899999999
2024-08-16 04:00:00+00:00,211.15000000000001,219.80000000000001,210.80000000000001,216.12,88765122,932418,216.43457699999999
2024-08-19 04:00:00+00:00,217.06999999999999,222.97999999999999,214.09,222.72,76435222,977931,220.10539700000001
2024-08-20 04:00:00+00:00,224.88,228.22,219.56,221.09999999999999,74001182,927878,222.79181700000001
2024-08-21 04:00:00+00:00,222.66999999999999,224.65940000000001,218.86000000000001,223.27000000000001,70145964,774005,221.90318400000001
2024-08-22 04:00:00+00:00,223.81999999999999,224.80000000000001,210.31999999999999,210.66,79514482,1009554,216.90803700000001
2024-08-23 04:00:00+00:00,214.45500000000001,221.47999999999999,214.21000000000001,220.31999999999999,81525207,932936,218.45375200000001
2024-08-26 04:00:00+00:00,218.75,219.09,211.00999999999999,213.21000000000001,59301187,865858,213.843704
2024-08-27 04:00:00+00:00,213.25,215.66,206.94,209.21000000000001,62821390,788663,209.89491200000001
2024-08-28 04:00:00+00:00,209.72,211.84,202.59,205.75,64116350,816477,205.951438
2024-08-29 04:00:00+00:00,209.80000000000001,214.88999999999999,205.97,206.28,62308818,824209,210.47837999999999
2024-08-30 04:00:00+00:00,208.63,214.5701,207.03,214.11000000000001,63370608,797416,210.586027
2024-09-03 04:00:00+00:00,215.25999999999999,219.90430000000001,209.63999999999999,210.59999999999999,76714222,1096746,214.320776
2024-09-04 04:00:00+00:00,210.59,222.22,210.56999999999999,219.41,80651767,1039843,218.66774899999999
2024-09-05 04:00:00+00:00,223.49000000000001,235,222.25,230.16999999999999,119355013,1422107,229.66562999999999
2024-09-06 04:00:00+00:00,232.59999999999999,233.59999999999999,210.50999999999999,210.72999999999999,112177004,1443035,218.42542800000001
2024-09-09 04:00:00+00:00,216.19999999999999,219.87,213.66999999999999,216.27000000000001,67443518,963329,216.976641
2024-09-10 04:00:00+00:00,220.06999999999999,226.40000000000001,218.6377,226.16999999999999,78891136,996256,222.916946
2024-09-11 04:00:00+00:00,224.55000000000001,228.47,216.80029999999999,228.13,83548633,1000721,222.682695
2024-09-12 04:00:00+00:00,224.66,231.44999999999999,223.83000000000001,229.81,72020042,954671,229.00444400000001
2024-09-13 04:00:00+00:00,228,232.66999999999999,226.31999999999999,230.28999999999999,59515114,803426,229.61863399999999
2024-09-16 04:00:00+00:00,229.30000000000001,229.96000000000001,223.53,226.78,54322995,780722,227.09159399999999
2024-09-17 04:00:00+00:00,229.44999999999999,234.56999999999999,226.55330000000001,227.87,66761636,838870,230.67822100000001
2024-09-18 04:00:00+00:00,230.09,235.68000000000001,226.88,227.19999999999999,78010204,965527,230.107879
2024-09-19 04:00:00+00:00,234,244.24000000000001,232.13,243.91999999999999,102694576,1283390,240.72680800000001
2024-09-20 04:00:00+00:00,241.52000000000001,243.99000000000001,235.91999999999999,238.25,99879070,1024302,239.12847600000001
2024-09-23 04:00:00+00:00,242.61000000000001,250,241.91999999999999,250,86927194,1135399,248.05629400000001
2024-09-24 04:00:00+00:00,254.08000000000001,257.19,249.05009999999999,254.27000000000001,88490999,1115225,253.310192
2024-09-25 04:00:00+00:00,252.53999999999999,257.05000000000001,252.28,257.01999999999998,65034318,878573,255.36662799999999
2024-09-26 04:00:00+00:00,260.60000000000002,261.75,251.53,254.22,67142193,848598,255.79414499999999
2024-09-27 04:00:00+00:00,257.375,260.69990000000001,254.12,260.45999999999998,70988067,933692,258.21342900000002
2024-09-30 04:00:00+00:00,259.04000000000002,264.86000000000001,255.77000000000001,261.63,80873381,1081088,260.05567200000002
2024-10-01 04:00:00+00:00,262.67000000000002,263.98000000000002,248.53,258.01999999999998,87397613,1158965,255.18507600000001
2024-10-02 04:00:00+00:00,247.55000000000001,251.1585,241.5,249.02000000000001,93988780,1255143,247.20837
2024-10-03 04:00:00+00:00,244.47999999999999,249.78999999999999,237.81,240.66,80729240,1046594,242.906991
2024-10-04 04:00:00+00:00,246.69,250.96000000000001,244.58000000000001,250.08000000000001,86726285,1105878,248.21465000000001
2024-10-07 04:00:00+00:00,249,249.83000000000001,240.69999999999999,240.83000000000001,68113270,1020620,244.24620100000001
2024-10-08 04:00:00+00:00,243.56,246.21000000000001,240.56,244.5,56303160,789918,244.17498000000001
2024-10-09 04:00:00+00:00,243.81999999999999,247.43000000000001,239.50999999999999,241.05000000000001,66289529,907028,243.50412700000001
2024-10-10 04:00:00+00:00,241.81,242.78989999999999,232.34,238.77000000000001,83087063,1091415,238.918541
2024-10-11 04:00:00+00:00,220.13,223.34,214.38,217.80000000000001,142628874,2106777,219.26787899999999
2024-10-14 04:00:00+00:00,220.13,221.91,213.74000000000001,219.16,86295523,1345399,218.40843799999999
2024-10-15 04:00:00+00:00,220.00999999999999,224.25999999999999,217.12,219.56999999999999,62988787,918555,220.58782199999999
2024-10-16 04:00:00+00:00,221.40000000000001,222.81989999999999,218.93000000000001,221.33000000000001,49632824,733493,220.88263599999999
2024-10-17 04:00:00+00:00,221.59,222.08000000000001,217.90000000000001,220.88999999999999,50791784,751927,220.059449
2024-10-18 04:00:00+00:00,220.71000000000001,222.28,219.22999999999999,220.69999999999999,49611867,689769,221.04077599999999
2024-10-21 04:00:00+00:00,218.90000000000001,220.47999999999999,215.726,218.84999999999999,47328988,817710,218.32974200000001
2024-10-22 04:00:00+00:00,217.31,218.22,215.25999999999999,217.97,43268741,727711,216.87901500000001
2024-10-23 04:00:00+00:00,217.125,218.72,212.11000000000001,213.65000000000001,80938892,1217483,214.93628799999999
2024-10-24 04:00:00+00:00,244.68000000000001,262.11989999999997,242.65000000000001,260.48000000000002,204491903,2592173,253.71643900000001
2024-10-25 04:00:00+00:00,256.00999999999999,269.49000000000001,255.31999999999999,269.19,161611931,1911797,266.08326499999998
2024-10-28 04:00:00+00:00,270,273.536,262.24000000000001,262.50999999999999,107653603,1410052,268.35490099999998
2024-10-29 04:00:00+00:00,264.50999999999999,264.98000000000002,255.50999999999999,259.51999999999998,80521751,1099634,259.48010799999997
2024-10-30 04:00:00+00:00,258.03500000000003,263.35000000000002,255.8201,257.55000000000001,53993576,827316,260.45901099999998
2024-10-31 04:00:00+00:00,257.99000000000001,259.75,249.25,249.84999999999999,66575292,900186,252.608271
2024-11-01 04:00:00+00:00,252.04300000000001,254,246.63,248.97999999999999,57544757,850441,249.993414
2024-11-04 05:00:00+00:00,244.56,248.90000000000001,238.88,242.84,68802354,977682,244.20072400000001
2024-11-05 05:00:00+00:00,247.34,255.2799,246.21010000000001,251.44,69282505,979572,252.22726299999999
2024-11-06 05:00:00+00:00,284.67000000000002,289.58999999999997,275.62,288.52999999999997,165228710,2645076,285.31357700000001
2024-11-07 05:00:00+00:00,288.88999999999999,299.75,285.51999999999998,296.91000000000003,117309232,1752205,295.60044599999998
2024-11-08 05:00:00+00:00,299.13999999999999,328.70999999999998,297.66000000000003,321.22000000000003,204782763,2910016,316.692769
2024-11-11 05:00:00+00:00,346.30000000000001,358.63999999999999,336,350,210521625,3203855,346.38777499999998
2024-11-12 05:00:00+00:00,342.74000000000001,345.83999999999997,323.31,328.49000000000001,155726016,2435545,334.345325
2024-11-13 05:00:00+00:00,335.85000000000002,344.59989999999999,322.5,330.24000000000001,125405599,1770604,331.37757499999998
2024-11-14 05:00:00+00:00,327.69,329.98000000000002,310.37,311.18000000000001,120726109,1702771,317.517044
2024-11-15 05:00:00+00:00,310.56999999999999,324.67989999999998,309.22000000000003,320.72000000000003,114440286,1499022,318.35399100000001
2024-11-18 05:00:00+00:00,340.73000000000002,348.54989999999998,330.00999999999999,338.74000000000001,126620574,1765754,340.42114800000002
2024-11-19 05:00:00+00:00,335.75999999999999,347.37990000000002,332.75,346,88852452,1227344,342.86843599999997
2024-11-20 05:00:00+00:00,345,346.59989999999999,334.30000000000001,342.02999999999997,66205416,961035,339.64585699999998
2024-11-21 05:00:00+00:00,343.81,347.98989999999998,335.27999999999997,339.63999999999999,58011719,894804,341.89092900000003
2024-11-22 05:00:00+00:00,341.08499999999998,361.52999999999997,337.69999999999999,352.56,89140722,1211368,350.210598
2024-11-25 05:00:00+00:00,360.13999999999999,361.93000000000001,338.19999999999999,338.58999999999997,95890899,1352217,349.27908500000001
2024-11-26 05:00:00+00:00,341,346.95999999999998,335.66000000000003,338.23000000000002,62295857,900077,341.48644899999999
2024-11-27 05:00:00+00:00,341.80000000000001,342.55000000000001,326.58999999999997,332.88999999999999,57896439,878200,333.07652100000001
2024-11-29 05:00:00+00:00,336.07999999999998,345.44999999999999,334.65010000000001,345.16000000000003,37167621,519477,340.31644
2024-12-02 05:00:00+00:00,352.38,360,351.15010000000001,357.08999999999997,77986478,1117599,355.98889100000002
2024-12-03 05:00:00+00:00,351.80000000000001,355.69,348.19999999999999,351.42000000000002,58267196,834919,350.98123800000002
2024-12-04 05:00:00+00:00,353,358.10000000000002,348.60000000000002,357.93000000000001,50810874,706523,353.008985
2024-12-05 05:00:00+00:00,359.87,375.43000000000001,359.5,369.49000000000001,81403569,1212221,370.29577499999999
2024-12-06 05:00:00+00:00,377.42000000000002,389.49000000000001,370.80000000000001,389.22000000000003,81455834,1145513,378.43586399999998
2024-12-09 05:00:00+00:00,397.61000000000001,404.80000000000001,378.00999999999999,389.79000000000002,96359173,1488655,388.88804599999997
2024-12-10 05:00:00+00:00,392.68000000000001,409.73000000000002,390.85000000000002,400.99000000000001,97563578,1458459,403.37688800000001
2024-12-11 05:00:00+00:00,409.69999999999999,424.88,402.38,424.76999999999998,104287559,1533094,414.82173699999998
2024-12-12 05:00:00+00:00,424.83999999999997,429.30000000000001,415,418.10000000000002,87752225,1397331,421.69669599999997
2024-12-13 05:00:00+00:00,420,436.30000000000001,415.70999999999998,436.23000000000002,89000158,1319682,428.34081500000002
2024-12-16 05:00:00+00:00,441.08999999999997,463.19,436.14999999999998,463.01999999999998,114083811,1906382,453.07545199999998
2024-12-17 05:00:00+00:00,475.89999999999998,483.99000000000001,457.51010000000002,479.86000000000001,131222978,2228464,473.77922599999999
2024-12-18 05:00:00+00:00,466.495,488.53989999999999,427.00999999999999,440.13,149340788,2544060,462.40878199999997
2024-12-19 05:00:00+00:00,451.88,456.36000000000001,420.01999999999998,436.17000000000002,118566146,1977577,437.74735199999998
2024-12-20 05:00:00+00:00,425.505,447.07999999999998,417.63999999999999,421.06,132216176,1816629,431.66934900000001
2024-12-23 05:00:00+00:00,431,434.50999999999999,415.41120000000001,430.60000000000002,72698055,1187250,428.677054
2024-12-24 05:00:00+00:00,435.89999999999998,462.77999999999997,435.13999999999999,462.27999999999997,59551750,936767,451.6592
2024-12-26 05:00:00+00:00,465.16000000000003,465.32990000000001,451.01999999999998,454.13,76651210,1251616,456.51513599999998
2024-12-27 05:00:00+00:00,449.51999999999998,450,426.5,431.66000000000003,82666821,1352471,434.55318399999999
2024-12-30 05:00:00+00:00,419.39999999999998,427,415.75,417.41000000000003,64941012,1178088,420.76955199999998
2024-12-31 05:00:00+00:00,423.79000000000002,427.93000000000001,402.54000000000002,403.83999999999997,76825121,1214553,413.07919800000002
2025-01-02 05:00:00+00:00,390.10000000000002,392.72989999999999,373.04000000000002,379.27999999999997,109710749,2134259,380.93662
2025-01-03 05:00:00+00:00,381.48000000000002,411.87990000000002,379.44999999999999,410.44,95423329,1446053,397.35816599999998
2025-01-06 05:00:00+00:00,423.19999999999999,426.43000000000001,401.69999999999999,411.05000000000001,85516534,1538768,411.92633899999998
2025-01-07 05:00:00+00:00,405.82999999999998,414.32999999999998,390,394.36000000000001,75699525,1307364,397.553043
2025-01-08 05:00:00+00:00,392.94999999999999,402.49990000000003,387.39999999999998,394.94,73038805,1053233,395.50348400000001
2025-01-10 05:00:00+00:00,391.39999999999998,399.27999999999997,377.29000000000002,394.74000000000001,62287333,1013456,392.52178199999997
2025-01-13 05:00:00+00:00,383.20999999999998,403.79000000000002,380.06999999999999,403.31,67580494,1091602,392.28798399999999
2025-01-14 05:00:00+00:00,414.33999999999997,422.63999999999999,394.54000000000002,396.36000000000001,84565022,1329525,408.315226
2025-01-15 05:00:00+00:00,409.89999999999998,429.80000000000001,405.661,428.22000000000003,81375460,1270362,419.66588899999999
2025-01-16 05:00:00+00:00,423.49000000000001,424,409.13,413.81999999999999,68335151,1115835,414.69258400000001
2025-01-17 05:00:00+00:00,421.5,439.74000000000001,419.75,426.5,94991429,1408188,431.14385700000003
2025-01-21 05:00:00+00:00,432.63999999999999,433.19999999999999,406.31,424.06999999999999,87320894,1525520,416.69841300000002
2025-01-22 05:00:00+00:00,416.81,428,414.58999999999997,415.11000000000001,60963342,997855,419.95186699999999
2025-01-23 05:00:00+00:00,416.06,420.73000000000002,408.94999999999999,412.38,50690592,858456,412.95349199999998
2025-01-24 05:00:00+00:00,414.44999999999999,418.88,405.77999999999997,406.57999999999998,56427149,880013,411.805184
2025-01-27 05:00:00+00:00,394.80000000000001,406.69,389,397.14999999999998,58125510,1169771,398.06135799999998
2025-01-28 05:00:00+00:00,396.91000000000003,400.58999999999997,386.5,398.08999999999997,48910676,832535,393.75918300000001
2025-01-29 05:00:00+00:00,395.20999999999998,398.5899,384.48000000000002,389.10000000000002,68033648,1233281,390.19886200000002
2025-01-30 05:00:00+00:00,410.77999999999997,412.5,384.41000000000003,400.27999999999997,98092879,1520074,398.86388099999999
2025-01-31 05:00:00+00:00,401.52999999999997,419.99000000000001,401.33999999999997,404.60000000000002,83568219,1221590,411.562838
2025-02-03 05:00:00+00:00,386.68000000000001,389.17000000000002,374.36000000000001,383.68000000000001,93667990,1628253,382.79557999999997
2025-02-04 05:00:00+00:00,382.63,394,381.39999999999998,392.20999999999998,56887097,898728,387.03427599999998
2025-02-05 05:00:00+00:00,387.50999999999999,388.38999999999999,375.52999999999997,378.17000000000002,57614721,992349,381.307481
2025-02-06 05:00:00+00:00,373.02999999999997,375.39999999999998,363.18000000000001,374.31999999999999,77918230,1355558,368.749796
2025-02-07 05:00:00+00:00,370.19,380.54590000000002,360.33999999999997,361.62,70039450,1174003,368.73183299999999
2025-02-10 05:00:00+00:00,356.20999999999998,362.69999999999999,350.50999999999999,350.73000000000002,77475129,1336497,356.578934
2025-02-11 05:00:00+00:00,345.80000000000001,349.37,325.10000000000002,328.5,118543400,1942757,335.21746300000001
2025-02-12 05:00:00+00:00,329.94,346.39999999999998,329.12,336.50999999999999,105382729,1582239,339.51571100000001
2025-02-13 05:00:00+00:00,345,358.69,342.85000000000002,355.94,89441519,1349829,352.237369
2025-02-14 05:00:00+00:00,360.62,362,347.5,355.83999999999997,68277279,1058534,353.25975499999998
2025-02-18 05:00:00+00:00,355.00999999999999,359.10000000000002,350.01999999999998,354.11000000000001,51631702,897273,354.48844700000001
2025-02-19 05:00:00+00:00,354,367.33999999999997,353.67000000000002,360.56,67020286,961336,361.86339500000003
2025-02-20 05:00:00+00:00,361.50999999999999,362.30000000000001,348,354.39999999999998,45965354,778485,353.36419000000001
2025-02-21 05:00:00+00:00,353.44,354.98000000000002,334.42000000000002,337.80000000000001,74058648,1120548,342.13387499999999
2025-02-24 05:00:00+00:00,338.13999999999999,342.39729999999997,324.69999999999999,330.52999999999997,76052321,1245962,333.27402799999999
2025-02-25 05:00:00+00:00,327.02499999999998,328.88999999999999,297.25119999999998,302.80000000000001,134228777,2229729,305.85086000000001
2025-02-26 05:00:00+00:00,303.71499999999997,309,288.04000000000002,290.80000000000001,100118276,1673163,296.99849799999998
2025-02-27 05:00:00+00:00,291.16000000000003,297.23000000000002,280.88,281.94999999999999,101748197,1493684,287.31746700000002
2025-02-28 05:00:00+00:00,279.5,293.88,273.60000000000002,292.98000000000002,115696968,1571967,287.20879600000001
2025-03-03 05:00:00+00:00,300.33999999999997,303.94,277.30000000000001,284.64999999999998,115551414,1628425,292.13474100000002
2025-03-04 05:00:00+00:00,270.93000000000001,284.35000000000002,261.84010000000001,272.04000000000002,126706623,1989579,271.46011399999998
2025-03-05 05:00:00+00:00,272.92000000000002,279.55000000000001,267.70999999999998,279.10000000000002,94042913,1289438,273.80249500000002
2025-03-06 05:00:00+00:00,272.06,272.64999999999998,260.01999999999998,263.44999999999999,98451566,1504633,265.32437099999999
2025-03-07 05:00:00+00:00,259.31999999999999,266.24990000000003,250.72999999999999,262.67000000000002,102369640,1461875,259.83394199999998
2025-03-10 04:00:00+00:00,252.535,253.37,220,222.15000000000001,189076948,2809174,232.31013100000001
2025-03-11 04:00:00+00:00,225.30500000000001,237.06489999999999,217.02000000000001,230.58000000000001,174896415,2439849,229.31497400000001
2025-03-12 04:00:00+00:00,247.22,251.84,241.09999999999999,248.09,142215681,1874690,247.456695
2025-03-13 04:00:00+00:00,248.125,248.28999999999999,232.59999999999999,240.68000000000001,114813525,1536071,238.62886599999999
2025-03-14 04:00:00+00:00,247.31,251.58000000000001,240.72999999999999,249.97999999999999,100242264,1280257,247.21024499999999
2025-03-17 04:00:00+00:00,245.05500000000001,245.40000000000001,232.80000000000001,238.00999999999999,111900565,1489431,238.13232099999999
2025-03-18 04:00:00+00:00,228.155,230.09999999999999,222.28,225.31,111477636,1521430,225.928552
2025-03-19 04:00:00+00:00,231.61000000000001,241.41,229.20099999999999,235.86000000000001,111991788,1335644,234.486109
2025-03-20 04:00:00+00:00,233.345,238,230.05009999999999,236.25999999999999,99028270,1223405,234.32410400000001
2025-03-21 04:00:00+00:00,234.98500000000001,249.52000000000001,234.55000000000001,248.71000000000001,132728684,1468859,243.518246
2025-03-24 04:00:00+00:00,258.07499999999999,278.63999999999999,256.32999999999998,278.38999999999999,169079865,2140074,271.801762
2025-03-25 04:00:00+00:00,283.60000000000002,288.19999999999999,271.27999999999997,288.13999999999999,150361538,1953630,279.24187000000001
2025-03-26 04:00:00+00:00,282.66000000000003,284.89999999999998,266.50999999999999,272.06,156254441,1896601,274.40047199999998
2025-03-27 04:00:00+00:00,272.48000000000002,291.85000000000002,271.82159999999999,273.13,162572146,1941634,280.26461899999998
2025-03-28 04:00:00+00:00,275.57499999999999,276.10000000000002,260.56999999999999,263.55000000000001,123809389,1578132,265.80568199999999
2025-03-31 04:00:00+00:00,249.31,260.56,243.36009999999999,259.16000000000003,134008936,1661129,252.69497999999999
2025-04-01 04:00:00+00:00,263.80000000000001,277.44999999999999,259.25,268.45999999999998,146486911,1965296,270.12503700000002
2025-04-02 04:00:00+00:00,254.59999999999999,284.99000000000001,251.27000000000001,282.75999999999999,212787817,2716691,274.36190900000003
2025-04-03 04:00:00+00:00,265.29000000000002,276.30000000000001,261.50999999999999,267.27999999999997,136174249,1807953,268.14115099999998
2025-04-04 04:00:00+00:00,255.38,261,236,239.43000000000001,181229079,2734593,244.35630800000001
2025-04-07 04:00:00+00:00,223.78,252,214.25,233.28999999999999,183453776,2843798,230.198623
2025-04-08 04:00:00+00:00,245,250.44,217.80000000000001,221.86000000000001,171586762,2360023,235.466454
2025-04-09 04:00:00+00:00,224.69,274.69,223.88,272.19999999999999,219413231,2862321,249.494756
2025-04-10 04:00:00+00:00,260,262.49000000000001,239.33000000000001,252.40000000000001,181722604,2332728,250.851654
2025-04-11 04:00:00+00:00,251.84,257.74000000000001,241.3629,252.31,128948085,1584325,248.452539
2025-04-14 04:00:00+00:00,258.36000000000001,261.80000000000001,245.93000000000001,252.34999999999999,100135241,1321953,252.62736200000001
2025-04-15 04:00:00+00:00,249.91,258.75,247.53999999999999,254.11000000000001,79594318,970817,254.232462
2025-04-16 04:00:00+00:00,247.61000000000001,251.97,233.88999999999999,241.55000000000001,112378737,1349129,243.57715200000001
2025-04-17 04:00:00+00:00,243.47,244.34,237.6833,241.37,83403802,910557,240.942114
2025-04-21 04:00:00+00:00,230.25999999999999,232.21000000000001,222.78999999999999,227.5,97768007,1388841,225.80133799999999
2025-04-22 04:00:00+00:00,230.96000000000001,242.78999999999999,229.8501,237.97,120858152,1540238,237.24462299999999
2025-04-23 04:00:00+00:00,254.86000000000001,259.44990000000001,244.43000000000001,250.74000000000001,150381903,1936456,253.15678
2025-04-24 04:00:00+00:00,250.5,259.54000000000002,249.19999999999999,259.50999999999999,94464195,1203317,255.49454299999999
2025-04-25 04:00:00+00:00,261.69,286.85000000000002,259.63,284.94999999999999,167560688,2065772,278.37792000000002
2025-04-28 04:00:00+00:00,288.98000000000002,294.86000000000001,272.42000000000002,285.88,151731771,1914021,282.70440400000001
2025-04-29 04:00:00+00:00,285.5,293.31999999999999,279.46949999999998,292.02999999999997,108906553,1298014,285.17579899999998
2025-04-30 04:00:00+00:00,279.89999999999998,284.44999999999999,270.77999999999997,282.16000000000003,128961057,1589240,278.13720899999998
2025-05-01 04:00:00+00:00,280.00999999999999,290.86880000000002,279.81,280.51999999999998,99658974,1267297,284.56606199999999
2025-05-02 04:00:00+00:00,284.89999999999998,294.77999999999997,279.81,287.20999999999998,114454683,1395354,288.19199900000001
2025-05-05 04:00:00+00:00,284.56999999999999,284.84899999999999,274.39999999999998,280.25999999999999,94618882,1233954,279.23329200000001
2025-05-06 04:00:00+00:00,273.10500000000002,277.73000000000002,271.35000000000002,275.35000000000002,76715792,1008547,274.44718899999998
2025-05-07 04:00:00+00:00,276.88,277.92000000000002,271,276.22000000000003,71882408,953496,274.67121400000002
2025-05-08 04:00:00+00:00,279.63,289.80000000000001,279.41000000000003,284.81999999999999,97539448,1269219,285.627456
2025-05-09 04:00:00+00:00,290.20999999999998,307.04000000000002,290,298.25999999999999,132387835,1815734,299.71243600000003
2025-05-12 04:00:00+00:00,321.99000000000001,322.20999999999998,311.5,318.38,112826661,1726223,317.36189200000001
2025-05-13 04:00:00+00:00,320,337.58940000000001,316.80000000000001,334.06999999999999,136992574,1953281,327.94195100000002
2025-05-14 04:00:00+00:00,342.5,350,337,347.68000000000001,136997264,2035914,344.73380700000001
2025-05-15 04:00:00+00:00,340.33999999999997,346.13929999999999,334.71530000000001,342.81999999999999,97882596,1497945,340.83524499999999
2025-05-16 04:00:00+00:00,346.24000000000001,351.62,342.32999999999998,349.98000000000002,95895665,1379605,347.52629899999999
2025-05-19 04:00:00+00:00,336.30000000000001,343,333.37,342.08999999999997,88869853,1323410,339.57431700000001
2025-05-20 04:00:00+00:00,347.87,354.98989999999998,341.63,343.81999999999999,131715548,1692674,347.94368600000001
2025-05-21 04:00:00+00:00,344.43000000000001,347.35000000000002,332.19999999999999,334.62,102354844,1385245,340.869034
2025-05-22 04:00:00+00:00,331.89999999999998,347.26999999999998,331.38999999999999,341.04000000000002,97113416,1293481,341.76034399999998
2025-05-23 04:00:00+00:00,337.92000000000002,343.18000000000001,333.20999999999998,339.33999999999997,84654818,1221900,338.52541200000002
2025-05-27 04:00:00+00:00,347.35000000000002,363.79000000000002,347.31999999999999,362.88999999999999,120146414,1708939,358.036115
2025-05-28 04:00:00+00:00,364.83999999999997,365,355.91000000000003,356.89999999999998,91404309,1308569,360.95683600000001
2025-05-29 04:00:00+00:00,365.29000000000002,367.70999999999998,356,358.43000000000001,88545666,1237482,361.48497200000003
2025-05-30 04:00:00+00:00,355.51999999999998,363.68000000000001,345.29000000000002,346.45999999999998,123474938,1543177,352.88966499999998
2025-06-02 04:00:00+00:00,343.5,348.01999999999998,333.32999999999998,342.69,81873829,1275945,339.491017
2025-06-03 04:00:00+00:00,346.59500000000003,355.39999999999998,343.04000000000002,344.26999999999998,99324544,1314170,348.67661600000002
2025-06-04 04:00:00+00:00,345.09500000000003,345.60000000000002,327.33080000000001,332.05000000000001,98912075,1543538,333.61539399999998
2025-06-05 04:00:00+00:00,322.49000000000001,324.54989999999998,273.20999999999998,284.69999999999999,292818655,4540980,299.47041400000001
2025-06-06 04:00:00+00:00,298.82999999999998,305.5,291.13999999999999,295.13999999999999,164747685,2633849,298.66985599999998
2025-06-09 04:00:00+00:00,285.95499999999998,309.82999999999998,281.85000000000002,308.57999999999998,140908876,2186548,297.64667600000001
2025-06-10 04:00:00+00:00,314.94,327.82999999999998,310.66699999999997,326.08999999999997,151256520,1909827,319.47639800000002
2025-06-11 04:00:00+00:00,334.39499999999998,335.5,322.5,326.43000000000001,122611360,1695777,329.37747899999999
2025-06-12 04:00:00+00:00,323.07499999999999,332.56,316.86000000000001,319.11000000000001,105127536,1355009,324.24634800000001
2025-06-13 04:00:00+00:00,313.97000000000003,332.99000000000001,313.30000000000001,325.31,128909461,1640930,324.00004100000001
2025-06-16 04:00:00+00:00,331.29000000000002,332.05000000000001,326.41000000000003,329.13,83925858,1124313,329.42714999999998
2025-06-17 04:00:00+00:00,326.08999999999997,327.25999999999999,314.74000000000001,316.35000000000002,88282669,1298505,319.77393999999998
2025-06-18 04:00:00+00:00,317.31,329.31999999999999,315.44999999999999,322.05000000000001,95137686,1183020,323.384771
2025-06-20 04:00:00+00:00,327.94999999999999,332.36000000000001,317.77999999999997,322.16000000000003,108688008,1326276,322.89186000000001
2025-06-23 04:00:00+00:00,327.54000000000002,357.54000000000002,327.48000000000002,348.68000000000001,190716815,2774862,348.31624599999998
2025-06-24 04:00:00+00:00,356.17000000000002,356.25999999999999,340.44,340.47000000000003,114736245,1710731,344.16490599999997
2025-06-25 04:00:00+00:00,342.69999999999999,343,320.39999999999998,327.55000000000001,119845050,1869762,327.12510099999997
2025-06-26 04:00:00+00:00,324.61000000000001,331.05000000000001,323.61000000000001,325.77999999999997,80440907,1163816,327.44724400000001
2025-06-27 04:00:00+00:00,324.50999999999999,329.33929999999998,317.495,323.63,89067049,1196427,323.62590799999998
2025-06-30 04:00:00+00:00,319.89999999999998,325.57990000000001,316.60000000000002,317.66000000000003,76695081,1209126,319.86667899999998
2025-07-01 04:00:00+00:00,298.45999999999998,305.88999999999999,293.20999999999998,300.70999999999998,145085665,2355569,300.91200400000002
2025-07-02 04:00:00+00:00,312.63,316.83199999999999,303.81999999999999,315.64999999999998,119483730,1697962,312.63979499999999
2025-07-03 04:00:00+00:00,317.99000000000001,318.44999999999999,312.75999999999999,315.35000000000002,58040839,839203,316.04087099999998
2025-07-07 04:00:00+00:00,291.37,296.14999999999998,288.77010000000001,293.94,131177949,2299838,292.74794200000002
2025-07-08 04:00:00+00:00,297,304.04989999999998,294.35000000000002,297.81,103246742,1414013,299.823059
2025-07-09 04:00:00+00:00,297.55000000000001,300.14999999999998,293.55000000000001,295.88,75586771,1074609,296.21415100000002
2025-07-10 04:00:00+00:00,300.05000000000001,310.48000000000002,300,309.87,104364578,1434228,306.01864999999998
2025-07-11 04:00:00+00:00,307.88999999999999,314.08999999999997,305.64999999999998,313.50999999999999,79236442,1044742,310.38543099999998
2025-07-14 04:00:00+00:00,317.73000000000002,322.59859999999998,312.67000000000002,316.89999999999998,78043430,1125530,315.84568000000002
2025-07-15 04:00:00+00:00,319.67500000000001,321.19999999999999,310.5,310.77999999999997,77556346,1102104,314.75302599999998
2025-07-16 04:00:00+00:00,312.80000000000001,323.5,312.62,321.67000000000002,97274906,1362313,319.18058200000002
2025-07-17 04:00:00+00:00,323.14999999999998,324.33999999999997,317.06009999999998,319.41000000000003,73922340,1037658,320.85616199999998
2025-07-18 04:00:00+00:00,321.66000000000003,330.89999999999998,321.42000000000002,329.64999999999998,94254413,1230236,327.74537800000002
2025-07-21 04:00:00+00:00,334.39999999999998,338,326.88,328.49000000000001,75768797,1057852,329.92510499999997
2025-07-22 04:00:00+00:00,329.74000000000001,335.40980000000002,321.55000000000001,332.11000000000001,77371071,1070116,330.56131499999998
2025-07-23 04:00:00+00:00,330.89999999999998,336.19999999999999,328.67000000000002,332.56,92582506,1324357,332.62768
2025-07-24 04:00:00+00:00,310,310.14999999999998,300.41000000000003,305.30000000000001,156966023,2497470,304.351607
2025-07-25 04:00:00+00:00,308.74000000000001,323.63,308.00999999999999,316.06,148227027,1813426,316.40614099999999
2025-07-28 04:00:00+00:00,318.44999999999999,330.49000000000001,315.69,325.58999999999997,112673755,1428358,325.61956900000001
2025-07-29 04:00:00+00:00,325.55000000000001,326.25,318.25,321.19999999999999,87358861,1082330,321.207784
2025-07-30 04:00:00+00:00,322.18000000000001,324.44990000000001,311.6164,319.04000000000002,83930961,1088663,318.34573799999998
2025-07-31 04:00:00+00:00,319.60500000000002,321.37,306.10000000000002,308.26999999999998,85270919,1254904,312.43523399999998
2025-08-01 04:00:00+00:00,306.20499999999998,309.31,297.81999999999999,302.63,89121446,1324801,303.90643399999999
2025-08-04 04:00:00+00:00,309.07999999999998,312.11860000000001,303.00009999999997,309.25999999999999,78683905,1122414,308.12336900000003
2025-08-05 04:00:00+00:00,308.94999999999999,312.44990000000001,305.5,308.72000000000003,57961278,791172,308.50531899999999
2025-08-06 04:00:00+00:00,307.88999999999999,320.47000000000003,306.93450000000001,319.91000000000003,78523579,1049304,317.22794299999998
2025-08-07 04:00:00+00:00,319.79000000000002,322.39999999999998,316.16000000000003,322.26999999999998,66658672,874806,319.39165700000001
2025-08-08 04:00:00+00:00,321.43000000000001,335.14999999999998,320.98000000000002,329.64999999999998,91200319,1242272,330.41659299999998
2025-08-11 04:00:00+00:00,335,346.63999999999999,334.14999999999998,339.02999999999997,105320174,1527158,342.13679000000002
2025-08-12 04:00:00+00:00,345,345.25999999999999,332.94,340.83999999999997,80690111,1143695,338.33426400000002
2025-08-13 04:00:00+00:00,341.5,348.98000000000002,338.19999999999999,339.38,67838892,982610,342.562636
2025-08-14 04:00:00+00:00,335.75999999999999,340.4699,330.39999999999998,335.57999999999998,75000662,1050399,334.62453599999998
2025-08-15 04:00:00+00:00,337.65499999999997,339.30000000000001,327.01999999999998,330.56,74319792,930591,331.34524499999998
2025-08-18 04:00:00+00:00,329.62,336.26999999999998,329.58999999999997,335.16000000000003,56956552,778455,333.75092000000001
2025-08-19 04:00:00+00:00,335.79000000000002,340.55000000000001,327.85000000000002,329.31,75956002,1023971,333.06640900000002
2025-08-20 04:00:00+00:00,329.22000000000003,331.37,314.60000000000002,323.89999999999998,77481768,1123164,321.28917100000001
2025-08-21 04:00:00+00:00,322.07999999999998,324.89999999999998,318.68000000000001,320.11000000000001,55744445,735268,321.65480000000002
2025-08-22 04:00:00+00:00,321.66000000000003,340.25,319.69,340.00999999999999,94016347,1266653,335.139049
2025-08-25 04:00:00+00:00,338.89999999999998,349.52999999999997,335.02999999999997,346.60000000000002,86670037,1228584,344.26725599999997
2025-08-26 04:00:00+00:00,344.93000000000001,351.89999999999998,343.72000000000003,351.67000000000002,76651550,996119,347.559033
2025-08-27 04:00:00+00:00,351.94,355.38999999999999,349.15600000000001,349.60000000000002,65519012,954967,351.536314
2025-08-28 04:00:00+00:00,350.91000000000003,353.55000000000001,340.25999999999999,345.98000000000002,67903224,914056,345.70398999999998
2025-08-29 04:00:00+00:00,347.23000000000002,348.74990000000003,331.69999999999999,333.87,81138443,1143452,336.95419800000002
2025-09-02 04:00:00+00:00,328.23000000000002,333.32999999999998,325.60000000000002,329.36000000000001,58391952,918177,329.68496499999998
2025-09-03 04:00:00+00:00,335.19999999999999,343.32999999999998,328.50999999999999,334.08999999999997,88733288,1299631,337.34382299999999
2025-09-04 04:00:00+00:00,336.14999999999998,338.88999999999999,331.48000000000002,338.52999999999997,60711033,778497,335.10087800000002
2025-09-05 04:00:00+00:00,348,355.87,344.68009999999998,350.83999999999997,108980073,1435532,349.92340100000001
2025-09-08 04:00:00+00:00,354.63999999999999,358.44,344.83999999999997,346.39999999999998,75208290,1108086,349.28534400000001
2025-09-09 04:00:00+00:00,348.44,350.76999999999998,343.81999999999999,346.97000000000003,53815991,754844,347.10380199999997
2025-09-10 04:00:00+00:00,350.55000000000001,356.32999999999998,346.06999999999999,347.79000000000002,72121679,1031117,351.67544800000002
2025-09-11 04:00:00+00:00,350.17000000000002,368.99000000000001,347.60000000000002,368.81,103732806,1497006,361.51891799999999
2025-09-12 04:00:00+00:00,370.94,396.68990000000002,370.24000000000001,395.94,168156391,2297046,389.62582700000002
2025-09-15 04:00:00+00:00,423.13,425.69999999999999,402.43000000000001,410.04000000000002,163823667,2700428,415.75675899999999
2025-09-16 04:00:00+00:00,414.495,423.25,411.43000000000001,421.62,104285721,1559330,418.56815
2025-09-17 04:00:00+00:00,415.75,428.31200000000001,409.67000000000002,425.86000000000001,106133532,1583834,418.80699600000003
2025-09-18 04:00:00+00:00,428.86500000000001,432.2199,416.56,416.85000000000002,90454494,1366927,424.710576
2025-09-19 04:00:00+00:00,421.81999999999999,429.47000000000003,421.72000000000003,426.06999999999999,93131034,1104123,425.25337999999999
2025-09-22 04:00:00+00:00,431.11000000000001,444.98000000000002,429.13,434.20999999999998,97108777,1606043,437.43987099999998
2025-09-23 04:00:00+00:00,439.88,440.97000000000003,423.72000000000003,425.85000000000002,83422691,1287529,431.40320600000001
2025-09-24 04:00:00+00:00,429.82999999999998,444.20999999999998,429.0301,442.79000000000002,93133570,1339490,438.73513000000003
2025-09-25 04:00:00+00:00,435.24000000000001,435.35000000000002,419.07999999999998,423.38999999999999,96746426,1627174,426.548248
2025-09-26 04:00:00+00:00,428.30000000000001,440.47000000000003,421.01999999999998,440.39999999999998,101628160,1474293,432.39663999999999
2025-09-29 04:00:00+00:00,444.35000000000002,450.98000000000002,439.5,443.20999999999998,79491510,1352449,443.52158500000002
2025-09-30 04:00:00+00:00,441.51999999999998,445,433.12,444.72000000000003,74357960,1185786,439.71653199999997
2025-10-01 04:00:00+00:00,443.80000000000001,462.29000000000002,440.75,459.45999999999998,98122285,1781994,455.24700899999999
2025-10-02 04:00:00+00:00,470.54000000000002,470.75,435.56999999999999,436,137008950,2669454,448.75724200000002
2025-10-03 04:00:00+00:00,443.28500000000003,446.76999999999998,416.57499999999999,429.82999999999998,133188180,2485070,428.27685000000002
2025-10-06 04:00:00+00:00,440.75,453.55000000000001,436.69,453.25,85324878,1750864,446.97961800000002
2025-10-07 04:00:00+00:00,447.81999999999999,452.68000000000001,432.45010000000002,433.08999999999997,102296082,1910064,442.73094200000003
2025-10-08 04:00:00+00:00,437.56999999999999,441.32999999999998,425.23000000000002,438.69,71192128,1225772,434.590574
2025-10-09 04:00:00+00:00,431.81,436.35000000000002,426.18000000000001,435.54000000000002,69339928,1405569,431.41064899999998
2025-10-10 04:00:00+00:00,436.54000000000002,443.13,411.44999999999999,413.49000000000001,112107870,2401435,423.97371399999997
2025-10-13 04:00:00+00:00,423.52999999999997,436.88999999999999,419.69999999999999,435.89999999999998,79552785,1621057,429.076258
2025-10-14 04:00:00+00:00,426.79000000000002,434.19999999999999,417.86000000000001,429.24000000000001,72669438,1420223,426.99399899999997
2025-10-15 04:00:00+00:00,434.89999999999998,440.50999999999999,426.33010000000002,435.14999999999998,71558185,1363118,434.18925300000001
2025-10-16 04:00:00+00:00,434.73000000000002,439.35000000000002,421.31009999999998,428.75,77189889,1427110,430.91970900000001
2025-10-17 04:00:00+00:00,425.5,441.45580000000001,423.60000000000002,439.31,89331578,1598642,436.12785100000002
2025-10-20 04:00:00+00:00,443.86500000000001,449.80000000000001,440.61000000000001,447.43000000000001,63650560,1362507,445.09097200000002
2025-10-21 04:00:00+00:00,445.755,449.30000000000001,442.05000000000001,442.60000000000002,54411737,1166208,445.61928499999999
2025-10-22 04:00:00+00:00,443.44999999999999,445.53899999999999,429,438.97000000000003,84023458,1707313,436.184753
2025-10-23 04:00:00+00:00,420,449.3999,413.89999999999998,448.98000000000002,126709833,2331202,435.42737599999998
2025-10-24 04:00:00+00:00,446.82999999999998,451.68000000000001,430.17000000000002,433.72000000000003,94726935,1832975,437.69592599999999
2025-10-27 04:00:00+00:00,439.98000000000002,460.16000000000003,438.69,452.42000000000002,105866837,2080778,452.09391699999998
2025-10-28 04:00:00+00:00,454.77499999999998,467,451.60000000000002,460.55000000000001,80185462,1615464,461.62608399999999
2025-10-29 04:00:00+00:00,462.5,465.69999999999999,452.64999999999998,461.50999999999999,67983469,1415324,460.23100499999998
2025-10-30 04:00:00+00:00,451.05000000000001,455.0607,439.61000000000001,440.10000000000002,72447738,1551347,444.74605400000002
2025-10-31 04:00:00+00:00,446.75,458,443.68549999999999,456.56,83135787,1499835,452.13592599999998
2025-11-03 05:00:00+00:00,455.99000000000001,474.06999999999999,453.80000000000001,468.37,84595244,1844855,468.10986500000001
2025-11-04 05:00:00+00:00,454.45999999999998,460.22000000000003,443.60000000000002,444.25999999999999,87756644,1924961,450.56940200000003
2025-11-05 05:00:00+00:00,452.05000000000001,466.32990000000001,440.70999999999998,462.06999999999999,85573015,1712752,454.72516899999999
2025-11-06 05:00:00+00:00,461.95999999999998,467.44999999999999,435.08999999999997,445.91000000000003,109622907,2216445,448.49668700000001
2025-11-07 05:00:00+00:00,437.92000000000002,439.36000000000001,421.88,429.51999999999998,103471495,2210359,430.051581
2025-11-10 05:00:00+00:00,439.60000000000002,449.67149999999998,433.36000000000001,445.23000000000002,76515907,1670439,444.06020899999999
2025-11-11 05:00:00+00:00,439.39999999999998,442.49000000000001,432.36000000000001,439.62,60533237,1330538,436.56547999999998
2025-11-12 05:00:00+00:00,442.14999999999998,442.32900000000001,426.56,430.60000000000002,58513520,1352685,431.76063099999999
2025-11-13 05:00:00+00:00,423.13,424.5,396.33999999999997,401.99000000000001,118948032,2648285,405.53309899999999
2025-11-14 05:00:00+00:00,386.30000000000001,412.19,382.77999999999997,404.35000000000002,105506682,2205129,402.39750500000002
2025-11-17 05:00:00+00:00,398.74000000000001,423.95999999999998,398.74000000000001,408.92000000000002,102214259,1988851,412.86489499999999
2025-11-18 05:00:00+00:00,405.38,408.89999999999998,393.70999999999998,401.25,80688637,1642729,402.06787100000003
2025-11-19 05:00:00+00:00,406.18000000000001,411.77999999999997,398.5,403.99000000000001,72047704,1469360,404.85106500000001
2025-11-20 05:00:00+00:00,414.63,428.94,394.74000000000001,395.23000000000002,113548827,2236418,411.22014999999999
2025-11-21 05:00:00+00:00,402.31999999999999,402.80000000000001,383.75999999999999,391.08999999999997,100460633,2028761,395.22101099999998
2025-11-24 05:00:00+00:00,402.17000000000002,421.72000000000003,401.08999999999997,417.77999999999997,96806374,1944880,416.01510300000001
2025-11-25 05:00:00+00:00,414.42000000000002,420.48000000000002,405.94999999999999,419.39999999999998,71915624,1466461,414.26496100000003
2025-11-26 05:00:00+00:00,423.94999999999999,426.94,416.88999999999999,426.57999999999998,63462996,1317774,422.05379199999999
2025-11-28 05:00:00+00:00,426.58999999999997,432.93000000000001,426.19999999999999,430.17000000000002,36252861,901789,429.55134600000002
2025-12-01 05:00:00+00:00,425.31999999999999,433.65989999999999,425.29000000000002,430.13999999999999,57463552,1292787,428.57121699999999
2025-12-02 05:00:00+00:00,430.81,436.80000000000001,422.12,429.24000000000001,69336626,1439276,428.52707600000002
2025-12-03 05:00:00+00:00,432.10000000000002,447.92000000000002,431.11000000000001,446.74000000000001,87482964,1815303,442.06147499999997
2025-12-04 05:00:00+00:00,449.94,454.63,445.38999999999999,454.52999999999997,71906488,1558865,450.19076999999999
2025-12-05 05:00:00+00:00,453.02999999999997,458.87,451.66000000000003,455,56427522,1314577,455.16846099999998
2025-12-08 05:00:00+00:00,447.44499999999999,449.74630000000002,435.25,439.57999999999998,69165753,1601549,440.51874400000003
2025-12-09 05:00:00+00:00,437.54000000000002,452.38999999999999,435.69999999999999,445.17000000000002,62367442,1400515,446.593232
2025-12-10 05:00:00+00:00,446.065,456.88,443.61000000000001,451.44999999999999,63257475,1354920,448.81146000000001
2025-12-11 05:00:00+00:00,448.94499999999999,449.26990000000001,440.32999999999998,446.88999999999999,55979492,1241523,444.83193499999999
2025-12-12 05:00:00+00:00,448.08999999999997,463.00999999999999,441.67000000000002,458.95999999999998,95656749,1824900,453.10950800000001
2025-12-15 05:00:00+00:00,469.44,481.76940000000002,467.66000000000003,475.31,114542204,2322280,476.88788499999998
2025-12-16 05:00:00+00:00,472.20999999999998,491.5,465.82999999999998,489.88,107608075,2100489,479.93647900000002
2025-12-17 05:00:00+00:00,488.22000000000003,495.2799,466.19999999999999,467.25999999999999,106490405,2040998,478.14656000000002
2025-12-18 05:00:00+00:00,478.16000000000003,490.86000000000001,473.12,483.37,95168446,1853044,484.89054700000003
2025-12-19 05:00:00+00:00,488.12,490.49000000000001,474.72000000000003,481.19999999999999,103305424,1594267,481.63089200000002
2025-12-22 05:00:00+00:00,489.88,498.82999999999998,485.32999999999998,488.73000000000002,86916066,1771723,492.158952
2025-12-23 05:00:00+00:00,489.39499999999998,491.97000000000003,482.83999999999997,485.56,58223633,1268301,486.399472
2025-12-24 05:00:00+00:00,488.48000000000002,490.89999999999998,476.80000000000001,485.39999999999998,41285429,964908,481.55640399999999
2025-12-26 05:00:00+00:00,485.23000000000002,489.08999999999997,473.81999999999999,475.19,58780659,1309474,479.13329599999997
2025-12-29 05:00:00+00:00,469,469.39999999999998,459,459.63999999999999,66263033,1582555,464.33048400000001
2025-12-30 05:00:00+00:00,461.08999999999997,463.12,453.82999999999998,454.43000000000001,59238464,1290659,458.758195
2025-12-31 05:00:00+00:00,456.10000000000002,456.55000000000001,449.30000000000001,449.72000000000003,49077961,1115796,453.04635999999999
2026-01-02 05:00:00+00:00,457.80000000000001,458.33999999999997,435.30000000000001,438.06999999999999,85535406,1865242,443.39189399999998
2026-01-05 05:00:00+00:00,447.99000000000001,457.54989999999998,444.56999999999999,451.67000000000002,67824387,1505243,453.90289000000001
2026-01-06 05:00:00+00:00,446.38,448.25,428.77999999999997,432.95999999999998,89093758,2108811,434.07440600000001
2026-01-07 05:00:00+00:00,435.89999999999998,438.37,431.29000000000002,431.41000000000003,59828790,1350592,435.32265699999999
2026-01-08 05:00:00+00:00,427.88999999999999,436.88999999999999,424.36500000000001,435.80000000000001,57041094,1269323,433.14938899999999
2026-01-09 05:00:00+00:00,435.94499999999999,449.05000000000001,430.38999999999999,445.00999999999999,67331456,1390725,442.56475499999999
2026-01-12 05:00:00+00:00,441.22500000000002,454.30000000000001,438,448.95999999999998,61649627,1343515,449.22233699999998
2026-01-13 05:00:00+00:00,450.19999999999999,451.81,443.94999999999999,447.19999999999999,53719214,1172894,448.176783
2026-01-14 05:00:00+00:00,442.81,443.91000000000003,434.22000000000003,439.19999999999999,57259500,1326815,437.94216799999998
2026-01-15 05:00:00+00:00,441.125,445.36000000000001,437.64999999999998,438.56999999999999,49465813,1118542,441.84510599999999
2026-01-16 05:00:00+00:00,439.5,447.25,435.26010000000002,437.5,60220551,1220834,439.87657100000001
2026-01-20 05:00:00+00:00,429.36000000000001,430.72500000000002,417.44,419.25,63187336,1692153,423.41719599999999
2026-01-21 05:00:00+00:00,421.66000000000003,438.19999999999999,419.62009999999998,431.44,68123987,1464620,428.10692899999998
2026-01-22 05:00:00+00:00,435.16000000000003,449.5,432.6293,449.36000000000001,71546729,1457998,442.35331000000002
2026-01-23 05:00:00+00:00,447.42500000000001,452.43000000000001,444.04000000000002,449.06,56771364,1274327,448.05495500000001
2026-01-26 05:00:00+00:00,445,445.04000000000002,434.27999999999997,435.19999999999999,49397415,1265554,438.07168899999999
2026-01-27 05:00:00+00:00,437.41000000000003,437.51999999999998,430.69,430.89999999999998,37733077,1052504,433.37608699999998
2026-01-28 05:00:00+00:00,431.91000000000003,438.25999999999999,430.10000000000002,431.45999999999998,54857403,1328594,434.15187600000002
2026-01-29 05:00:00+00:00,437.80000000000001,440.22989999999999,414.62,416.56,81686127,2022198,421.84947099999999
2026-01-30 05:00:00+00:00,425.35000000000002,439.88,422.69999999999999,430.41000000000003,82626066,1774732,433.27998300000002
2026-02-02 05:00:00+00:00,421.29000000000002,427.14999999999998,414.5,421.81,58739455,1504313,421.526612
2026-02-03 05:00:00+00:00,424.26999999999998,428.56,413.69009999999997,421.95999999999998,56886549,1395372,421.16983099999999
2026-02-04 05:00:00+00:00,420.45999999999998,423.89999999999998,399.18000000000001,406.00999999999999,74606873,1796063,409.14830999999998
2026-02-05 05:00:00+00:00,397.01499999999999,402.10000000000002,387.53089999999997,397.20999999999998,72819838,1805991,395.91789599999998
2026-02-06 05:00:00+00:00,400.87,414.55000000000001,397.75099999999998,411.11000000000001,62677144,1472141,410.346498
2026-02-09 05:00:00+00:00,409.90499999999997,421.25,407.29000000000002,417.31999999999999,54484258,1305796,416.82336199999997
2026-02-10 05:00:00+00:00,418.07999999999998,427.25,417,425.20999999999998,64450233,1273029,424.144338
2026-02-11 05:00:00+00:00,427.95499999999998,436.35000000000002,420.02999999999997,428.26999999999998,57361989,1272878,426.66703100000001
2026-02-12 05:00:00+00:00,430.30000000000001,436.23000000000002,414,417.06999999999999,61933359,1377851,421.85307599999999
2026-02-13 05:00:00+00:00,414.30500000000001,424.06,410.88,417.44,51434147,1155018,417.777064
2026-02-17 05:00:00+00:00,412.36000000000001,413.72000000000003,400.50999999999999,410.63,59678789,1377350,407.56037099999998
2026-02-18 05:00:00+00:00,411.11000000000001,416.89999999999998,409.57999999999998,411.31999999999999,45921402,1047561,413.19818099999998
2026-02-19 05:00:00+00:00,407.25,415.24990000000003,404.11000000000001,411.70999999999998,51019638,1074471,410.53109899999998
2026-02-20 05:00:00+00:00,408.30000000000001,414.69999999999999,405.5,411.81999999999999,57912225,1188978,410.41925099999997
2026-02-23 05:00:00+00:00,407.28500000000003,407.69999999999999,394.04000000000002,399.82999999999998,70088258,1671357,398.92442999999997
2026-02-24 05:00:00+00:00,399.5,410.81999999999999,397.63999999999999,409.38,58918412,1296615,405.88527800000003
2026-02-25 05:00:00+00:00,412.14999999999998,420.33999999999997,412.14999999999998,417.39999999999998,55148755,1283080,415.80872399999998
2026-02-26 05:00:00+00:00,414.42000000000002,416.81,403.66000000000003,408.57999999999998,53949480,1231898,408.356762
2026-02-27 05:00:00+00:00,402.94,407.12,398.11000000000001,402.50999999999999,57242791,1268131,401.98440900000003
2026-03-02 05:00:00+00:00,390.60000000000002,404.54000000000002,388.25,403.31999999999999,55488349,1400986,400.090396
2026-03-03 05:00:00+00:00,395.08999999999997,396.33999999999997,385.38999999999999,392.43000000000001,62877665,1499069,391.40582499999999
2026-03-04 05:00:00+00:00,397.84500000000003,408.32999999999998,394.57999999999998,405.94,68646962,1550949,404.23217599999998
2026-03-05 05:00:00+00:00,401.56999999999999,408.62,399.42000000000002,405.55000000000001,52257214,1224925,403.903368
2026-03-06 05:00:00+00:00,398.08999999999997,402.35000000000002,394.20999999999998,396.73000000000002,64386539,1500621,398.07829500000003
2026-03-09 04:00:00+00:00,390.05000000000001,401.58999999999997,381.39999999999998,398.68000000000001,67411201,1748334,390.23399799999999
2026-03-10 04:00:00+00:00,402.22000000000003,406.58999999999997,398.19,399.23500000000001,59603186,1401301,402.38019400000002
2026-03-11 04:00:00+00:00,402.27999999999997,416.37990000000002,402.14999999999998,407.81999999999999,62895568,1475923,408.79785299999998
2026-03-12 04:00:00+00:00,405.17500000000001,406.5,394.64999999999998,395.00999999999999,61314060,1400370,398.62091500000002
2026-03-13 04:00:00+00:00,399.16500000000002,400.19999999999999,389.94999999999999,391.19999999999999,58845957,1342867,394.312927
2026-03-16 04:00:00+00:00,396.22000000000003,403.73000000000002,394.42000000000002,395.56,58435952,1371445,398.59425499999998
2026-03-17 04:00:00+00:00,395.69,400.12,393,399.26999999999998,47216832,1139710,397.74830300000002
2026-03-18 04:00:00+00:00,399,403.065,392.31,392.77999999999997,51181486,1224075,397.61460299999999
2026-03-19 04:00:00+00:00,387.26999999999998,387.26999999999998,378.73000000000002,380.30000000000001,67431575,1783761,381.89378299999998
2026-03-20 04:00:00+00:00,379.85000000000002,379.88999999999999,364.46010000000001,367.95999999999998,78995690,1816539,371.75746700000002
2026-03-23 04:00:00+00:00,373.08999999999997,385.32999999999998,372.73000000000002,380.85000000000002,74984818,1891259,380.71764400000001
2026-03-24 04:00:00+00:00,376.56,387.48000000000002,376.31,383.02999999999997,60331233,1455657,383.58100999999999
2026-03-25 04:00:00+00:00,389.99000000000001,396.23000000000002,385.00999999999999,385.94999999999999,55484658,1375000,390.07508000000001
2026-03-26 04:00:00+00:00,381.60000000000002,384.44,371.87,372.11000000000001,55854372,1397454,377.66530699999998
2026-03-27 04:00:00+00:00,369.69,369.86000000000001,359.47000000000003,361.82999999999998,62415978,1607373,363.32554099999999
2026-03-30 04:00:00+00:00,365.86000000000001,367.29000000000002,352.13999999999999,355.27999999999997,68325515,1577544,359.50818700000002
2026-03-31 04:00:00+00:00,361.50999999999999,373.32999999999998,361,371.75,75862151,1545023,368.06285300000002
2026-04-01 04:00:00+00:00,378.63,383.13999999999999,374.07999999999998,381.25999999999999,59012295,1325870,379.436329
2026-04-02 04:00:00+00:00,364.19499999999999,370.27999999999997,359.02999999999997,360.58999999999997,83376882,1717489,363.90601600000002
2026-04-06 04:00:00+00:00,362.58999999999997,367.72000000000003,346.63999999999999,352.81999999999999,78107339,1812061,353.96873499999998
2026-04-07 04:00:00+00:00,346.44,348.01999999999998,337.24000000000001,346.64999999999998,74869043,1745149,342.21042699999998
2026-04-08 04:00:00+00:00,363.79000000000002,364.5,339.67000000000002,343.25,79194650,1780514,347.78663899999998
2026-04-09 04:00:00+00:00,343.14999999999998,348.88,337.25,345.62,62500287,1410830,343.868382
2026-04-10 04:00:00+00:00,346.28500000000003,350.36000000000001,342.74000000000001,348.94999999999999,51671834,1211064,346.18359199999998
2026-04-13 04:00:00+00:00,350.065,356.35000000000002,348.56999999999999,352.42000000000002,53976632,1276254,352.02485200000001
2026-04-14 04:00:00+00:00,357.67000000000002,367.63,354.76999999999998,364.19999999999999,60311358,1345964,363.05125399999997
2026-04-15 04:00:00+00:00,366.82999999999998,394.64999999999998,362.5,391.94999999999999,114167704,2166004,385.42666100000002
2026-04-16 04:00:00+00:00,393.81,394.06,381.80000000000001,388.89999999999998,63848030,1415851,387.36611299999998
2026-04-17 04:00:00+00:00,395.92000000000002,409.27999999999997,391.64999999999998,400.62,90987666,1781931,401.75771700000001
2026-04-20 04:00:00+00:00,402.57999999999998,406.80000000000001,388.32999999999998,392.5,64691259,1243318,393.759433
2026-04-21 04:00:00+00:00,393,393.94999999999999,385.2201,386.42000000000002,50867208,1177814,389.59461099999999
2026-04-22 04:00:00+00:00,387.56999999999999,393.00999999999999,385.30000000000001,387.50999999999999,62705409,1451541,389.64442200000002
2026-04-23 04:00:00+00:00,375.27999999999997,386,368.38999999999999,373.72000000000003,94341150,1985094,375.34074299999997
2026-04-24 04:00:00+00:00,373.5,382.75999999999999,370.73000000000002,376.30000000000001,63238839,1405100,376.10593599999999
2026-04-27 04:00:00+00:00,372.08999999999997,380.77999999999997,364.01999999999998,378.67000000000002,66858554,1282993,372.12276100000003
2026-04-28 04:00:00+00:00,374.67500000000001,382.29000000000002,372.54000000000002,376.01999999999998,51194645,1156134,376.89020900000003
2026-04-29 04:00:00+00:00,375.39999999999998,376.39999999999998,370.04000000000002,372.80000000000001,45716816,1087842,372.81643800000001
2026-04-30 04:00:00+00:00,372.75,384.75,368.17000000000002,381.63,51411400,1218138,377.40183100000002
2026-05-01 04:00:00+00:00,382.48500000000001,397.8211,378.80000000000001,390.81999999999999,65683155,1464581,391.22602899999998
2026-05-04 04:00:00+00:00,390.23000000000002,394.63999999999999,384.80040000000002,392.50999999999999,49119054,1257595,390.87797399999999
2026-05-05 04:00:00+00:00,395.185,402.12,389,389.37,48115227,1202305,394.33387499999998
2026-05-06 04:00:00+00:00,386.25,401.68000000000001,384.01999999999998,398.73000000000002,53806174,1274204,395.80824999999999
2026-05-07 04:00:00+00:00,407.48000000000002,415.82999999999998,402.12,411.79000000000002,64632138,1528237,409.549081
2026-05-08 04:00:00+00:00,416.47500000000002,431.19999999999999,416.38999999999999,428.35000000000002,65417031,1620691,426.44969200000003
2026-05-11 04:00:00+00:00,422.16000000000003,449.16000000000003,416.80000000000001,445,78782772,1851354,435.80077999999997
2026-05-12 04:00:00+00:00,441.41000000000003,447.80000000000001,422.25999999999999,433.44999999999999,60920741,1525533,432.69286199999999
2026-05-13 04:00:00+00:00,436.66500000000002,453.39999999999998,430.20999999999998,445.26999999999998,68633747,1612895,445.64852000000002
2026-05-14 04:00:00+00:00,446.49000000000001,451.98000000000002,441.16000000000003,443.30000000000001,46407487,1192862,445.607238
2026-05-15 04:00:00+00:00,433.98000000000002,434.66000000000003,422,422.24000000000001,53038352,1371450,426.10198600000001
2026-05-18 04:00:00+00:00,419.26999999999998,421.13,405.32999999999998,409.99000000000001,52852029,1378691,411.39540899999997
2026-05-19 04:00:00+00:00,403.16000000000003,405.63,393.63,404.11000000000001,46841143,1226880,400.43792400000001
2026-05-20 04:00:00+00:00,407.60000000000002,417.45999999999998,406.38999999999999,417.25999999999999,45617393,1120708,412.66371700000002
2026-05-21 04:00:00+00:00,422.17500000000001,426.94999999999999,412.89999999999998,417.85000000000002,42963823,1118446,418.93113899999997
2026-05-22 04:00:00+00:00,422.66500000000002,431.50999999999999,420.50999999999999,426.00999999999999,46439224,1165512,426.97339799999997
2026-05-26 04:00:00+00:00,430.25999999999999,435.19999999999999,426.12,433.58999999999997,46044080,1217088,431.36654299999998
2026-05-27 04:00:00+00:00,442.88999999999999,445.60000000000002,435.51999999999998,440.36000000000001,44993940,1189173,440.83846399999999
2026-05-28 04:00:00+00:00,437.61500000000001,443.95999999999998,436.30000000000001,442.10000000000002,32762985,927571,440.95129800000001
2026-05-29 04:00:00+00:00,439.84500000000003,441.06999999999999,428.13999999999999,435.79000000000002,45518835,1104247,435.37279599999999
2026-06-01 04:00:00+00:00,427.49000000000001,429.60000000000002,415.43000000000001,415.88,45338860,1319212,420.42382900000001
2026-06-02 04:00:00+00:00,418.22000000000003,424.42000000000002,413.64999999999998,423.74000000000001,37931092,991107,420.62429300000002
2026-06-03 04:00:00+00:00,418.69999999999999,433.60000000000002,416,423.69999999999999,44830632,1132499,425.06212399999998
2026-06-04 04:00:00+00:00,419.83999999999997,426.34989999999999,417.16000000000003,418.44999999999999,35647512,944845,420.243561
2026-06-05 04:00:00+00:00,420.5,424.67989999999998,388.58999999999997,391,63792051,1660738,399.71098999999998
2026-06-08 04:00:00+00:00,396.32999999999998,412.94,394.72000000000003,408.94999999999999,50702262,1308530,405.71675199999999
2026-06-09 04:00:00+00:00,411.02999999999997,418.5,384.24000000000001,396.68000000000001,60262435,1442455,398.52938899999998
2026-06-10 04:00:00+00:00,391.54000000000002,397.08999999999997,380.14999999999998,381.58999999999997,50050780,1313503,386.10706699999997
2026-06-11 04:00:00+00:00,388.27999999999997,399.54000000000002,380.66000000000003,399.14999999999998,45652362,1131218,390.616941
2026-06-12 04:00:00+00:00,399.49000000000001,406.68000000000001,386.75999999999999,406.43000000000001,64005437,1494126,398.69205699999998
2026-06-15 04:00:00+00:00,412.37,416,407.10000000000002,411.14999999999998,46000104,1153632,410.496194
2026-06-16 04:00:00+00:00,404.11000000000001,412.42000000000002,400.54000000000002,404.66000000000003,40578708,1026560,405.83893899999998
2026-06-17 04:00:00+00:00,401.52999999999997,405.94,393.75999999999999,396.38,43854282,1070206,400.17783100000003
2026-06-18 04:00:00+00:00,398.09500000000003,402.51999999999998,384.69999999999999,400.49000000000001,58713210,1200115,394.21115400000002
2026-06-22 04:00:00+00:00,394.85000000000002,414.75,394.39999999999998,405.05000000000001,48199633,1219260,406.87325700000002
2026-06-23 04:00:00+00:00,392.61000000000001,392.87,379.06,381.61000000000001,50761884,1277588,384.47608100000002
2026-06-24 04:00:00+00:00,380.07999999999998,384.57999999999998,373.05000000000001,375.52999999999997,37407023,1003823,378.63856700000002
2026-06-25 04:00:00+00:00,375.26999999999998,379.11700000000002,371.221,375.12,30583172,892018,374.73586
2026-06-26 04:00:00+00:00,370.14999999999998,387.80000000000001,368.60000000000002,379.70999999999998,53754778,1066922,380.455716
2026-06-29 04:00:00+00:00,381.79000000000002,413.26999999999998,379.30000000000001,411.83999999999997,58007855,1385307,402.677682
2026-06-30 04:00:00+00:00,406,424.54000000000002,406,420.60000000000002,43700455,1121988,417.43195400000002
2026-07-01 04:00:00+00:00,421.45999999999998,432.85989999999998,418.09010000000001,425.30000000000001,40455247,1110157,426.30250100000001
2026-07-02 04:00:00+00:00,428.00999999999999,432.35000000000002,389.30110000000002,393.44999999999999,74391510,1659256,399.36522300000001
2026-07-06 04:00:00+00:00,397.5,420,390.5,419.76999999999998,55099240,1308104,411.92567700000001
2026-07-07 04:00:00+00:00,416.95999999999998,419.56,401.88,402.89999999999998,38453644,951677,407.72534999999999
2026-07-08 04:00:00+00:00,399.375,399.63,390.50999999999999,394.06,34151188,972148,393.97411499999998
2026-07-09 04:00:00+00:00,393.99000000000001,407.86000000000001,390.86309999999997,406.55000000000001,38127554,894520,401.03813700000001
2026-07-10 04:00:00+00:00,410.49000000000001,413.16000000000003,402.81009999999998,407.75999999999999,33706709,878926,409.14458000000002
2026-07-13 04:00:00+00:00,404.61000000000001,405.56999999999999,391.37,394.75999999999999,33142331,964847,395.10807899999998
2026-07-14 04:00:00+00:00,399.05000000000001,402.22000000000003,394.75999999999999,396.18000000000001,23671778,705063,397.35710899999998
2026-07-15 04:00:00+00:00,399.39499999999998,406.58949999999999,390.66000000000003,394.45999999999998,31844987,849540,397.02372100000002
2026-07-16 04:00:00+00:00,392.35000000000002,395.31,385.31999999999999,391.06,29561026,847229,390.42415099999999
2026-07-17 04:00:00+00:00,381.77999999999997,385.68990000000002,377.22000000000003,380.83999999999997,31700600,910462,381.45443399999999
2026-07-20 04:00:00+00:00,386.04500000000002,386.61000000000001,369.42500000000001,369.56999999999999,34244584,1038269,373.91528399999999
2026-07-21 04:00:00+00:00,371.16500000000002,384.06999999999999,369.98000000000002,378.93000000000001,33031833,836061,379.39000299999998
2026-07-22 04:00:00+00:00,375.52999999999997,380.17000000000002,372.89999999999998,374.00999999999999,30956651,936777,376.334968
2026-07-23 04:00:00+00:00,341,342.11000000000001,315.73500000000001,319.69,116018792,2908050,324.42919699999999
2026-07-24 04:00:00+00:00,320.72000000000003,322.95999999999998,306.50999999999999,313.02999999999997,63106948,1659021,311.86171400000001
2026-07-27 04:00:00+00:00,313.24000000000001,317,304.27999999999997,309.22000000000003,45274313,1222661,308.92345499999999
2026-07-28 04:00:00+00:00,305.92500000000001,311.16000000000003,300.69,307.44,40106279,1055746,305.67803199999997
2026-07-29 04:00:00+00:00,307.13999999999999,309.06,297.38,298.31999999999999,39775282,1073793,302.33832200000001
2026-07-30 04:00:00+00:00,302.69999999999999,310.87,301.32999999999998,308.85000000000002,38292920,982987,306.99501199999997
2026-07-31 04:00:00+00:00,309.69,315.5,301.97000000000003,311.20999999999998,36933657,977205,308.87450100000001
2026-08-03 04:00:00+00:00,310.95999999999998,324.64999999999998,310.42500000000001,322.07999999999998,38604785,1030067,320.81993899999998
2026-08-04 04:00:00+00:00,324,329.56999999999999,320.7901,327.35000000000002,33615102,941278,325.60170799999997
2026-08-05 04:00:00+00:00,323.42000000000002,327.13999999999999,320.27999999999997,321.55000000000001,28104678,836722,322.99755199999998
2026-08-06 04:00:00+00:00,317.05000000000001,323,315.52050000000003,319.52999999999997,26321068,810887,319.54019799999998
2026-08-07 04:00:00+00:00,322.33999999999997,333.73000000000002,321.25080000000003,328.57999999999998,39780967,1003661,328.19709599999999
2026-08-10 04:00:00+00:00,326.59500000000003,332.05000000000001,326.14999999999998,330.88,25325508,830339,329.717356
2026-08-11 04:00:00+00:00,332.80000000000001,336.19999999999999,329.52999999999997,332.81,23622730,748365,332.98890599999999
2026-08-12 04:00:00+00:00,335,335.5,323.63999999999999,327.50999999999999,28991868,899682,326.95274699999999
2026-08-13 04:00:00+00:00,327.19999999999999,341.63999999999999,325.24000000000001,339.95999999999998,34986185,906307,335.82289800000001
2026-08-14 04:00:00+00:00,342.32999999999998,351.25999999999999,335.3306,342.26999999999998,45700788,1100361,342.81238999999999
2026-08-17 04:00:00+00:00,340.69,345.44999999999999,337.48000000000002,339.30000000000001,26338904,794358,340.112685
2026-08-18 04:00:00+00:00,333.22000000000003,340.52999999999997,331.12,336.87,28261047,790526,337.049914
2026-08-19 04:00:00+00:00,338.88999999999999,351.62,335.69999999999999,351.12,36998037,924664,345.92422399999998
2026-08-20 04:00:00+00:00,346.19999999999999,347.5,338.95999999999998,345.13,31014231,801534,343.464832
2026-08-21 04:00:00+00:00,349.88,366.5,346.89999999999998,362.86000000000001,59494841,1265133,360.47130299999998
2026-08-24 04:00:00+00:00,361.41000000000003,363.24000000000001,348.25999999999999,348.94999999999999,39696751,1187251,353.57047299999999
2026-08-25 04:00:00+00:00,349.57999999999998,357,349.20030000000003,350.25,30085063,781236,352.38306399999999
2026-08-26 04:00:00+00:00,345.26999999999998,351.93000000000001,342.52999999999997,345.81999999999999,28841643,777479,345.83889599999998
2026-08-27 04:00:00+00:00,346.15499999999997,355.74000000000001,345.44999999999999,354.81,30401511,752424,352.71829600000001
2026-08-28 04:00:00+00:00,357.09500000000003,358.80000000000001,345.19999999999999,348.75,33248683,811930,350.37251099999997
2026-08-31 04:00:00+00:00,347.20999999999998,368.92000000000002,347.14999999999998,367.94999999999999,62048310,1242083,364.37629099999998
2026-09-01 04:00:00+00:00,360.89999999999998,362.69999999999999,352.95999999999998,356.08999999999997,36457803,916494,357.01223499999998
2026-09-02 04:00:00+00:00,360.41000000000003,360.62,349.92000000000002,357.00999999999999,34207308,861549,353.89552099999997
2026-09-03 04:00:00+00:00,365.81999999999999,384.04000000000002,365.81999999999999,376.36500000000001,63865701,1405550,377.94255600000002
2026-09-04 04:00:00+00:00,362.06999999999999,364.69,351.32010000000002,354.07999999999998,65297558,1527824,354.941937
2026-09-08 04:00:00+00:00,357.09500000000003,370,355.75,368.16000000000003,51377927,1240272,364.92161099999998
2026-09-09 04:00:00+00:00,368.25,375.44,366,367.81,32807549,858544,370.28221200000002
2026-09-10 04:00:00+00:00,360.59500000000003,369.20999999999998,357.68000000000001,363.56,29911146,768684,365.32273300000003
2026-09-11 04:00:00+00:00,364.19999999999999,368.66000000000003,361.60000000000002,365.44,30395008,758112,365.44061199999999
2026-09-14 04:00:00+00:00,359.77999999999997,367.73000000000002,357.04000000000002,358.97000000000003,32754077,830222,360.98552999999998
2026-09-15 04:00:00+00:00,358.75,362.38999999999999,354.05000000000001,356.57999999999998,30567251,769051,358.554283
2026-09-16 04:00:00+00:00,357.92500000000001,365.10000000000002,354.8913,358.07999999999998,32413979,821221,360.36350099999999
2026-09-17 04:00:00+00:00,367.48000000000002,374.12,363.22000000000003,366.19999999999999,39170785,858262,367.90209599999997
