timestamp,open,high,low,close,volume,trade_count,vwap
2016-01-04 05:00:00+00:00,42.810000000000002,43.109999999999999,42.560000000000002,43.109999999999999,253249,604,42.864370000000001
2016-01-05 05:00:00+00:00,43.280000000000001,43.380000000000003,42.609999999999999,42.689999999999998,245390,1007,42.801468
2016-01-06 05:00:00+00:00,42.009999999999998,42.310000000000002,41.329999999999998,41.579999999999998,299204,1142,41.596991000000003
2016-01-07 05:00:00+00:00,40.719999999999999,41.07,40.060000000000002,40.219999999999999,194647,771,40.420701000000001
2016-01-08 05:00:00+00:00,40.579999999999998,40.880000000000003,39.520000000000003,39.560000000000002,235872,852,40.052822999999997
2016-01-11 05:00:00+00:00,39.799999999999997,40.034999999999997,39.240000000000002,39.799999999999997,181284,723,39.648688
2016-01-12 05:00:00+00:00,40.049999999999997,40.469999999999999,39.5,40.109999999999999,258498,1063,40.106563000000001
2016-01-13 05:00:00+00:00,40.159999999999997,40.539900000000003,38.82,38.939999999999998,84562,480,39.850619999999999
2016-01-14 05:00:00+00:00,39.100000000000001,39.630000000000003,38.313200000000002,39.359999999999999,196915,692,38.956798999999997
2016-01-15 05:00:00+00:00,37.969999999999999,38.326000000000001,37.32,38.07,186535,692,37.891016
2016-01-19 05:00:00+00:00,38.530000000000001,38.780000000000001,37.439999999999998,37.750100000000003,296352,782,37.897132999999997
2016-01-20 05:00:00+00:00,37.259999999999998,38.899999999999999,36.860100000000003,38.500100000000003,222225,801,37.671076999999997
2016-01-21 05:00:00+00:00,38.939999999999998,39.82,38.509999999999998,39.357999999999997,415495,1644,39.436278000000001
2016-01-22 05:00:00+00:00,39.969999999999999,40.289900000000003,39.82,40.200000000000003,203053,782,39.964165999999999
2016-01-25 05:00:00+00:00,40.140000000000001,40.140000000000001,39.539999999999999,39.579999999999998,38631,203,39.889628000000002
2016-01-26 05:00:00+00:00,39.850000000000001,40.240000000000002,39.700000000000003,40.07,60176,352,40.030073000000002
2016-01-27 05:00:00+00:00,39.859999999999999,40.112000000000002,39.280000000000001,39.43,29567,263,39.623705000000001
2016-01-28 05:00:00+00:00,39.82,40.219999999999999,39.479999999999997,39.689999999999998,52696,354,39.694533
2016-01-29 05:00:00+00:00,40.009999999999998,41.420000000000002,40.009999999999998,41.420000000000002,368399,1145,40.710675000000002
2016-02-01 05:00:00+00:00,41.039999999999999,41.649900000000002,40.845199999999998,41.460000000000001,96674,404,41.242907000000002
2016-02-02 05:00:00+00:00,40.710000000000001,40.710000000000001,39.409999999999997,39.549999999999997,256001,1105,40.009186
2016-02-03 05:00:00+00:00,39.899999999999999,39.989899999999999,38.649999999999999,39.469999999999999,372384,870,39.139457999999998
2016-02-04 05:00:00+00:00,39.469999999999999,40.380000000000003,39.43,40.140000000000001,118504,355,39.979529999999997
2016-02-05 05:00:00+00:00,39.990000000000002,39.990000000000002,38.729999999999997,38.850000000000001,161373,425,39.184688000000001
2016-02-08 05:00:00+00:00,38.299999999999997,38.32,37.25,37.869999999999997,193677,556,37.708537
2016-02-09 05:00:00+00:00,37.469999999999999,38.450000000000003,37.350000000000001,37.649999999999999,244875,592,37.813426
2016-02-10 05:00:00+00:00,37.789999999999999,38.400100000000002,37.399999999999999,37.43,137275,309,37.575094
2016-02-11 05:00:00+00:00,36.762,37.270000000000003,36.530000000000001,37,142958,538,36.857346999999997
2016-02-12 05:00:00+00:00,37.460000000000001,37.760100000000001,36.859999999999999,37.719999999999999,122290,506,37.429813000000003
2016-02-16 05:00:00+00:00,38.240000000000002,39.333500000000001,37.920000000000002,39.240000000000002,47582,262,38.983196
2016-02-17 05:00:00+00:00,39.721600000000002,40.270000000000003,39.721600000000002,40.009999999999998,84752,313,40.107143000000001
2016-02-18 05:00:00+00:00,40.340000000000003,40.399999999999999,39.689999999999998,39.689999999999998,47288,225,40.188754000000003
2016-02-19 05:00:00+00:00,39.590000000000003,39.840000000000003,39.329999999999998,39.810000000000002,100233,259,39.733908999999997
2016-02-22 05:00:00+00:00,40.32,40.6325,40.32,40.539999999999999,490003,633,40.497807999999999
2016-02-23 05:00:00+00:00,40.270000000000003,40.4255,39.889400000000002,39.939999999999998,32459,109,40.096113000000003
2016-02-24 05:00:00+00:00,39.5,40.870600000000003,39.354999999999997,40.770000000000003,191586,557,39.694682999999998
2016-02-25 05:00:00+00:00,40.82,41.07,40.289999999999999,41.07,82281,288,40.675134
2016-02-26 05:00:00+00:00,41.289999999999999,41.43,41.090000000000003,41.299999999999997,134830,503,41.295172999999998
2016-02-29 05:00:00+00:00,41.340000000000003,42.100000000000001,41.340000000000003,41.590000000000003,65875,215,41.824750999999999
2016-03-01 05:00:00+00:00,41.869999999999997,42.439999999999998,41.549999999999997,42.439999999999998,273968,612,42.103650000000002
2016-03-02 05:00:00+00:00,42.5,42.810000000000002,42.474499999999999,42.780000000000001,35154,155,42.632382999999997
2016-03-03 05:00:00+00:00,42.93,43.159999999999997,42.689999999999998,43.140000000000001,60825,223,43.029803999999999
2016-03-04 05:00:00+00:00,43.210000000000001,43.899999999999999,42.795000000000002,43.350000000000001,315829,650,43.665913000000003
2016-03-07 05:00:00+00:00,43.074599999999997,43.469999999999999,42.869999999999997,43.299999999999997,265343,786,43.260739000000001
2016-03-08 05:00:00+00:00,43.009999999999998,43.009999999999998,41.939999999999998,41.979999999999997,67820,219,42.397398000000003
2016-03-09 05:00:00+00:00,42.219999999999999,42.499899999999997,42.049999999999997,42.43,36965,169,42.272562999999998
2016-03-10 05:00:00+00:00,42.659999999999997,42.889499999999998,41.969999999999999,42.390000000000001,17810,129,42.343051000000003
2016-03-11 05:00:00+00:00,42.850000000000001,43.530000000000001,42.810000000000002,43.530000000000001,38946,164,43.080362999999998
2016-03-14 04:00:00+00:00,43.299999999999997,43.579900000000002,43.170000000000002,43.289999999999999,36527,127,43.367826999999998
2016-03-15 04:00:00+00:00,43.149999999999999,43.149999999999999,42.710099999999997,43.039999999999999,42083,134,43.016953000000001
2016-03-16 04:00:00+00:00,42.899999999999999,43.719999999999999,42.859999999999999,43.700000000000003,121898,448,43.357602
2016-03-17 04:00:00+00:00,43.649999999999999,44.100000000000001,43.440100000000001,44.009999999999998,195530,320,43.666809999999998
2016-03-18 04:00:00+00:00,44.140000000000001,44.597000000000001,44.079999999999998,44.549999999999997,39211,181,44.447194000000003
2016-03-21 04:00:00+00:00,44.640000000000001,44.640000000000001,44.057499999999997,44.439999999999998,24444,128,44.293585999999998
2016-03-22 04:00:00+00:00,44.229999999999997,44.579999999999998,44.119999999999997,44.469999999999999,17654,126,44.459097
2016-03-23 04:00:00+00:00,44.460000000000001,44.460000000000001,43.710000000000001,43.719999999999999,12854,81,44.060090000000002
2016-03-24 04:00:00+00:00,43.490000000000002,43.75,42.990000000000002,43.75,43824,147,43.216479
2016-03-28 04:00:00+00:00,43.859999999999999,43.892000000000003,43.459899999999998,43.689999999999998,21393,127,43.692000999999998
2016-03-29 04:00:00+00:00,43.5,44.530000000000001,43.289999999999999,44.490000000000002,35996,200,43.776705
2016-03-30 04:00:00+00:00,44.710000000000001,45.109999999999999,44.610100000000003,44.759999999999998,136944,321,44.797922
2016-03-31 04:00:00+00:00,44.600000000000001,44.75,44.5,44.539999999999999,11974,83,44.640211000000001
2016-04-01 04:00:00+00:00,44.130000000000003,44.890000000000001,43.970999999999997,44.880000000000003,26327,112,44.598886
2016-04-04 04:00:00+00:00,44.840000000000003,44.840000000000003,44.25,44.280000000000001,46073,193,44.436664999999998
2016-04-05 04:00:00+00:00,44.119999999999997,44.420000000000002,43.969999999999999,43.969999999999999,54849,161,44.307592999999997
2016-04-06 04:00:00+00:00,43.799999999999997,44.259999999999998,43.299999999999997,44.240000000000002,199968,479,43.757266999999999
2016-04-07 04:00:00+00:00,43.960000000000001,43.960000000000001,43.3401,43.460000000000001,50029,180,43.519351
2016-04-08 04:00:00+00:00,43.869999999999997,44.060000000000002,43.350099999999998,43.479999999999997,163711,524,43.565064
2016-04-11 04:00:00+00:00,43.719999999999999,43.969999999999999,43.329999999999998,43.329999999999998,26277,116,43.680596999999999
2016-04-12 04:00:00+00:00,43.409999999999997,43.539400000000001,42.659999999999997,43.289999999999999,102753,335,43.042676
2016-04-13 04:00:00+00:00,43.530000000000001,44.630000000000003,43.530000000000001,44.619999999999997,29609,159,44.266157
2016-04-14 04:00:00+00:00,44.329999999999998,44.375,43.880000000000003,44.130000000000003,168650,566,44.152695000000001
2016-04-15 04:00:00+00:00,44.170000000000002,44.170000000000002,43.689999999999998,43.689999999999998,38032,174,43.955190999999999
2016-04-18 04:00:00+00:00,43.520000000000003,43.812100000000001,43.5,43.719999999999999,33398,85,43.720982999999997
2016-04-19 04:00:00+00:00,43.789999999999999,43.799999999999997,42.799999999999997,42.859999999999999,120121,714,43.083382
2016-04-20 04:00:00+00:00,42.859999999999999,43.659999999999997,42.850000000000001,43.469999999999999,94363,602,43.377003000000002
2016-04-21 04:00:00+00:00,43.469999999999999,43.469999999999999,43.049999999999997,43.1355,40107,148,43.178511
2016-04-22 04:00:00+00:00,43.380000000000003,44.210099999999997,43.380000000000003,44.079999999999998,20566,186,43.936000999999997
2016-04-25 04:00:00+00:00,43.93,44.090000000000003,43.369999999999997,43.390000000000001,67536,286,43.519455000000001
2016-04-26 04:00:00+00:00,43.600000000000001,44.369999999999997,43.600000000000001,44.280000000000001,17999,165,44.184969000000002
2016-04-27 04:00:00+00:00,43.829999999999998,44.979999999999997,43.829999999999998,44.909999999999997,150904,312,44.422787999999997
2016-04-28 04:00:00+00:00,44.530000000000001,44.880000000000003,43.479999999999997,43.549999999999997,23873,185,44.199126
2016-04-29 04:00:00+00:00,43.32,43.340000000000003,42.07,42.359999999999999,44918,302,42.344453000000001
2016-05-02 04:00:00+00:00,42.450000000000003,42.780000000000001,42.299999999999997,42.780000000000001,157596,241,42.702686
2016-05-03 04:00:00+00:00,42.549999999999997,42.68,42.133200000000002,42.240000000000002,39538,170,42.313076000000002
2016-05-04 04:00:00+00:00,42,42.369999999999997,41.450000000000003,41.590000000000003,34702,205,41.746749999999999
2016-05-05 04:00:00+00:00,41.829999999999998,41.990000000000002,41.469999999999999,41.469999999999999,24074,187,41.664366000000001
2016-05-06 04:00:00+00:00,41.259999999999998,41.582999999999998,40.920000000000002,41.579999999999998,177475,1154,41.339593000000001
2016-05-09 04:00:00+00:00,41.579999999999998,41.780000000000001,41.234000000000002,41.409999999999997,104189,334,41.383935999999999
2016-05-10 04:00:00+00:00,41.606999999999999,42.07,41.606999999999999,42.060000000000002,18362,126,41.950907000000001
2016-05-11 04:00:00+00:00,42.130000000000003,42.332799999999999,41.979999999999997,41.979999999999997,42524,215,42.119813000000001
2016-05-12 04:00:00+00:00,42.109999999999999,42.170000000000002,40.600000000000001,40.920000000000002,257291,721,40.848176000000002
2016-05-13 04:00:00+00:00,41.049999999999997,41.600000000000001,41.049999999999997,41.219999999999999,24249,147,41.261054999999999
2016-05-16 04:00:00+00:00,41.299999999999997,42.309899999999999,41.299999999999997,41.979999999999997,40346,189,42.003497000000003
2016-05-17 04:00:00+00:00,41.810000000000002,42.189999999999998,41.43,41.509999999999998,19275,131,41.672564000000001
2016-05-18 04:00:00+00:00,41.289999999999999,42.619999999999997,41.289999999999999,42.189999999999998,284417,833,42.338593000000003
2016-05-19 04:00:00+00:00,41.93,42.299999999999997,41.3371,41.630000000000003,21211,142,41.603391999999999
2016-05-20 04:00:00+00:00,42,42.770000000000003,42,42.75,26375,133,42.541333000000002
2016-05-23 04:00:00+00:00,42.810000000000002,43.450000000000003,42.810000000000002,43.200000000000003,107818,356,43.303395000000002
2016-05-24 04:00:00+00:00,43.340000000000003,44.399999999999999,43.340000000000003,44.329999999999998,32027,194,44.035514999999997
2016-05-25 04:00:00+00:00,44.439999999999998,44.612000000000002,44.284799999999997,44.399999999999999,69666,177,44.545098000000003
2016-05-26 04:00:00+00:00,44.399999999999999,44.769799999999996,44.390000000000001,44.700000000000003,16696,87,44.527852000000003
2016-05-27 04:00:00+00:00,44.649999999999999,45.07,44.424900000000001,45.07,15125,101,44.936987999999999
2016-05-31 04:00:00+00:00,45.280000000000001,45.490000000000002,45.170000000000002,45.43,154462,249,45.367158000000003
2016-06-01 04:00:00+00:00,45.289999999999999,45.728999999999999,45,45.719999999999999,36184,174,45.452081
2016-06-02 04:00:00+00:00,45.509999999999998,45.649999999999999,45.270000000000003,45.649999999999999,53803,221,45.529403000000002
2016-06-03 04:00:00+00:00,45.770000000000003,45.770000000000003,45.140000000000001,45.439999999999998,45402,223,45.442272000000003
2016-06-06 04:00:00+00:00,45.57,45.909999999999997,45.469999999999999,45.700000000000003,38211,143,45.672980000000003
2016-06-07 04:00:00+00:00,45.909999999999997,46.229999999999997,45.789999999999999,46.130000000000003,44940,232,46.019824
2016-06-08 04:00:00+00:00,46.130000000000003,46.18,45.784999999999997,46.079999999999998,117995,378,46.068773999999998
2016-06-09 04:00:00+00:00,45.740000000000002,46.159999999999997,45.514800000000001,46.130000000000003,29515,139,45.949852
2016-06-10 04:00:00+00:00,45.490000000000002,45.520000000000003,44.999899999999997,45.140000000000001,19731,109,45.226568999999998
2016-06-13 04:00:00+00:00,45.140000000000001,45.439999999999998,44.969999999999999,44.969999999999999,31348,263,45.252763999999999
2016-06-14 04:00:00+00:00,44.899999999999999,45.252000000000002,44.700000000000003,45.18,18874,103,45.057183999999999
2016-06-15 04:00:00+00:00,45.43,45.43,45.079999999999998,45.130000000000003,74004,397,45.300882999999999
2016-06-16 04:00:00+00:00,44.509999999999998,45.100000000000001,44.237499999999997,45.100000000000001,90544,288,44.664628
2016-06-17 04:00:00+00:00,45,45,44.387900000000002,44.759999999999998,89988,251,44.657859999999999
2016-06-20 04:00:00+00:00,45.340000000000003,45.789999999999999,45.090000000000003,45.090000000000003,23022,135,45.490046
2016-06-21 04:00:00+00:00,45.350000000000001,45.389899999999997,45.094999999999999,45.25,14983,103,45.260738000000003
2016-06-22 04:00:00+00:00,45.32,45.609099999999998,44.899999999999999,44.899999999999999,6683,70,45.278438999999999
2016-06-23 04:00:00+00:00,45.450000000000003,46.130000000000003,45.450000000000003,46.130000000000003,192922,405,46.035406999999999
2016-06-24 04:00:00+00:00,44.140000000000001,44.710000000000001,43.222000000000001,43.460000000000001,25360,186,43.906785999999997
2016-06-27 04:00:00+00:00,42.869999999999997,42.869999999999997,41.009999999999998,41.259900000000002,71033,350,41.648421999999997
2016-06-28 04:00:00+00:00,41.93,42.75,41.927,42.670000000000002,78892,240,42.485010000000003
2016-06-29 04:00:00+00:00,43.229999999999997,43.490000000000002,42.969999999999999,43.390000000000001,67541,198,43.336562000000001
2016-06-30 04:00:00+00:00,43.469999999999999,44.399999999999999,43.469999999999999,44.380000000000003,116895,387,44.254083000000001
2016-07-01 04:00:00+00:00,44.109999999999999,44.219499999999996,43.909999999999997,44.009999999999998,263456,780,44.037211999999997
2016-07-05 04:00:00+00:00,43.630000000000003,43.630000000000003,42.620100000000001,42.869999999999997,109445,297,42.969678999999999
2016-07-06 04:00:00+00:00,42.689999999999998,43.213999999999999,42.112499999999997,43.130000000000003,116852,205,43.043067999999998
2016-07-07 04:00:00+00:00,43.210000000000001,43.93,43.210000000000001,43.530000000000001,205687,749,43.712466999999997
2016-07-08 04:00:00+00:00,43.920000000000002,44.920000000000002,43.780000000000001,44.899999999999999,65214,253,44.718085000000002
2016-07-11 04:00:00+00:00,45.210000000000001,45.549999999999997,45.159999999999997,45.32,259692,686,45.405115000000002
2016-07-12 04:00:00+00:00,45.659999999999997,46.149999999999999,45.659999999999997,45.979999999999997,42846,221,45.985002000000001
2016-07-13 04:00:00+00:00,46.170000000000002,46.229900000000001,45.829999999999998,45.869999999999997,55827,214,46.040297000000002
2016-07-14 04:00:00+00:00,46.420000000000002,46.700000000000003,46.228299999999997,46.530000000000001,27821,147,46.586633999999997
2016-07-15 04:00:00+00:00,46.640000000000001,46.640000000000001,46.359999999999999,46.520000000000003,30753,153,46.484152000000002
2016-07-18 04:00:00+00:00,46.939999999999998,47.142000000000003,46.68,47.060000000000002,434956,779,46.960835000000003
2016-07-19 04:00:00+00:00,46.909999999999997,47.030000000000001,46.780000000000001,46.939999999999998,69554,243,46.865991999999999
2016-07-20 04:00:00+00:00,47.25,47.909999999999997,47.200000000000003,47.710000000000001,79946,668,47.649141
2016-07-21 04:00:00+00:00,47.640000000000001,47.880000000000003,47.010100000000001,47.219999999999999,157967,887,47.344624000000003
2016-07-22 04:00:00+00:00,47.259999999999998,47.630000000000003,46.829999999999998,47.57,318246,925,47.136206999999999
2016-07-25 04:00:00+00:00,47.659999999999997,48.329000000000001,47.659999999999997,48.210000000000001,61630,274,48.172652999999997
2016-07-26 04:00:00+00:00,48.520000000000003,50,48.520000000000003,49.859999999999999,492379,1582,49.708356999999999
2016-07-27 04:00:00+00:00,50.399999999999999,50.450000000000003,49.719999999999999,49.979999999999997,63074,380,49.950332000000003
2016-07-28 04:00:00+00:00,50.039999999999999,50.399999999999999,49.909999999999997,50.109999999999999,29676,195,50.090890000000002
2016-07-29 04:00:00+00:00,50.100000000000001,50.130000000000003,49.600000000000001,49.909999999999997,450749,1026,49.776412000000001
2016-08-01 04:00:00+00:00,50.060000000000002,50.25,49.810000000000002,50.090000000000003,159237,641,49.970126999999998
2016-08-02 04:00:00+00:00,49.780000000000001,50.009999999999998,48.624000000000002,48.775199999999998,84356,532,48.996324000000001
2016-08-03 04:00:00+00:00,48.5,48.829999999999998,48.490000000000002,48.799999999999997,193413,321,48.725101000000002
2016-08-04 04:00:00+00:00,48.950000000000003,49.07,48.771999999999998,48.960000000000001,79406,191,48.988368999999999
2016-08-05 04:00:00+00:00,49.310000000000002,49.829999999999998,49.310000000000002,49.759999999999998,199545,642,49.564717999999999
2016-08-08 04:00:00+00:00,49.979999999999997,50.25,49.755299999999998,49.789999999999999,225496,818,50.027987000000003
2016-08-09 04:00:00+00:00,49.850000000000001,50.200000000000003,49.850000000000001,50.009999999999998,54998,338,50.048912000000001
2016-08-10 04:00:00+00:00,49.619999999999997,49.619999999999997,48.983600000000003,49.140000000000001,36586,250,49.195017999999997
2016-08-11 04:00:00+00:00,49.350000000000001,49.4604,49.069899999999997,49.390000000000001,62307,346,49.329461999999999
2016-08-12 04:00:00+00:00,49.909999999999997,49.909999999999997,49.469999999999999,49.759999999999998,130892,562,49.695529000000001
2016-08-15 04:00:00+00:00,50.170000000000002,50.5,49.989600000000003,50.409999999999997,33741,164,50.369880000000002
2016-08-16 04:00:00+00:00,50.079999999999998,50.149999999999999,49.920000000000002,49.939999999999998,59081,445,50.010859000000004
2016-08-17 04:00:00+00:00,49.719999999999999,49.729999999999997,49.200000000000003,49.57,88148,414,49.488441999999999
2016-08-18 04:00:00+00:00,49.649999999999999,50.109999999999999,49.649999999999999,50.109999999999999,22419,147,49.963222999999999
2016-08-19 04:00:00+00:00,50.100000000000001,51.030000000000001,50.100000000000001,50.789999999999999,97461,540,50.696905000000001
2016-08-22 04:00:00+00:00,50.969999999999999,51.189999999999998,50.759999999999998,51.130000000000003,95404,408,51.031604999999999
2016-08-23 04:00:00+00:00,51.409999999999997,51.590000000000003,51.25,51.25,55479,261,51.389809999999997
2016-08-24 04:00:00+00:00,51.299999999999997,51.399999999999999,50.719999999999999,50.859999999999999,88935,406,51.114638999999997
2016-08-25 04:00:00+00:00,50.880000000000003,51.261499999999998,50.799999999999997,51.079999999999998,36021,192,51.062109999999997
2016-08-26 04:00:00+00:00,51.170000000000002,51.719999999999999,50.979999999999997,51.340000000000003,210337,661,51.127200999999999
2016-08-29 04:00:00+00:00,51.460000000000001,51.697899999999997,51.399999999999999,51.439999999999998,28451,178,51.506115999999999
2016-08-30 04:00:00+00:00,51.390000000000001,51.9099,51.369999999999997,51.590000000000003,149167,426,51.562223000000003
2016-08-31 04:00:00+00:00,51.590000000000003,51.609999999999999,51.07,51.439999999999998,197994,492,51.271301999999999
2016-09-01 04:00:00+00:00,51.479999999999997,52.119999999999997,51.229999999999997,52.095999999999997,52618,336,51.740412999999997
2016-09-02 04:00:00+00:00,52.380000000000003,52.457999999999998,51.909999999999997,52.259999999999998,40308,282,52.230921000000002
2016-09-06 04:00:00+00:00,52.329999999999998,52.329999999999998,51.630000000000003,51.93,118065,482,51.836505000000002
2016-09-07 04:00:00+00:00,51.850000000000001,51.850000000000001,51.210000000000001,51.369999999999997,284792,927,51.305920999999998
2016-09-08 04:00:00+00:00,51.159999999999997,51.200000000000003,50.790100000000002,51.100000000000001,34318,187,51.025329999999997
2016-09-09 04:00:00+00:00,50.75,50.75,49.075000000000003,49.18,94354,436,49.556126999999996
2016-09-12 04:00:00+00:00,48.810000000000002,50.030000000000001,48.57,50.009999999999998,63498,590,49.457790000000003
2016-09-13 04:00:00+00:00,49.840000000000003,50.350000000000001,49.25,49.560000000000002,106718,631,49.589168999999998
2016-09-14 04:00:00+00:00,49.630000000000003,49.979999999999997,49.259999999999998,49.93,47712,272,49.75911
2016-09-15 04:00:00+00:00,50.039999999999999,51.209000000000003,49.899999999999999,51.109999999999999,77488,449,50.570864999999998
2016-09-16 04:00:00+00:00,51.5,51.509999999999998,50.561199999999999,51.060000000000002,184790,444,51.02234
2016-09-19 04:00:00+00:00,51.369999999999997,51.924999999999997,51.110900000000001,51.289999999999999,312943,649,51.623596999999997
2016-09-20 04:00:00+00:00,51.659999999999997,51.659999999999997,50.979999999999997,50.990000000000002,44026,207,51.395290000000003
2016-09-21 04:00:00+00:00,51.25,51.649900000000002,50.954999999999998,51.630000000000003,45270,211,51.432079000000002
2016-09-22 04:00:00+00:00,51.979999999999997,52.159999999999997,51.920000000000002,52.100000000000001,60653,282,52.040692
2016-09-23 04:00:00+00:00,52,52.079999999999998,51.520000000000003,51.530000000000001,39832,213,51.705308000000002
2016-09-26 04:00:00+00:00,51.200000000000003,51.390000000000001,50.840000000000003,50.969999999999999,62048,398,51.058069000000003
2016-09-27 04:00:00+00:00,50.899999999999999,52.109999999999999,50.899999999999999,52.109999999999999,24129,190,51.766106000000001
2016-09-28 04:00:00+00:00,52.259999999999998,52.530000000000001,51.869999999999997,52.280000000000001,75648,266,52.293700000000001
2016-09-29 04:00:00+00:00,52.25,52.650300000000001,51.579999999999998,52.359999999999999,139192,497,52.149296999999997
2016-09-30 04:00:00+00:00,52.579999999999998,53.409999999999997,52.579999999999998,53.149999999999999,215174,534,53.305435000000003
2016-10-03 04:00:00+00:00,53.68,53.68,52.640000000000001,52.799999999999997,111209,591,52.884954
2016-10-04 04:00:00+00:00,52.93,53.119999999999997,52.5,52.630000000000003,90363,431,52.694873000000001
2016-10-05 04:00:00+00:00,52.850000000000001,53.520000000000003,52.780000000000001,53.240000000000002,87380,355,53.405842
2016-10-06 04:00:00+00:00,53.189999999999998,53.590000000000003,52.859999999999999,53.549999999999997,140074,722,53.213361999999996
2016-10-07 04:00:00+00:00,53.530000000000001,53.530000000000001,52.710000000000001,53.159999999999997,242519,983,53.110967000000002
2016-10-10 04:00:00+00:00,53.469999999999999,53.783999999999999,52.990000000000002,53.030000000000001,115695,591,53.216996999999999
2016-10-11 04:00:00+00:00,52.920000000000002,52.920000000000002,51.25,51.619999999999997,100572,347,51.760404999999999
2016-10-12 04:00:00+00:00,51.659999999999997,51.659999999999997,50.880000000000003,51.25,192396,725,51.136372000000001
2016-10-13 04:00:00+00:00,50.759999999999998,50.93,49.829999999999998,50.659999999999997,82557,335,50.301926999999999
2016-10-14 04:00:00+00:00,51.140000000000001,51.646999999999998,50.960000000000001,51,42229,246,51.198732
2016-10-17 04:00:00+00:00,50.990000000000002,51.149999999999999,50.689999999999998,50.689999999999998,44613,181,50.860194
2016-10-18 04:00:00+00:00,51.299999999999997,51.520000000000003,51.090000000000003,51.259999999999998,219372,545,51.269084999999997
2016-10-19 04:00:00+00:00,50.880000000000003,51.257800000000003,50.380000000000003,51.170000000000002,81693,265,50.936067000000001
2016-10-20 04:00:00+00:00,51.170000000000002,51.649999999999999,50.890000000000001,51.560000000000002,29495,217,51.408538
2016-10-21 04:00:00+00:00,51.189999999999998,51.460000000000001,50.880000000000003,51.380000000000003,80450,338,51.366363
2016-10-24 04:00:00+00:00,51.740000000000002,52.280000000000001,51.740000000000002,52.229999999999997,98272,564,52.070498999999998
2016-10-25 04:00:00+00:00,52.270000000000003,52.43,52.137599999999999,52.280000000000001,54514,217,52.235334999999999
2016-10-26 04:00:00+00:00,51.869999999999997,52.460000000000001,51.869999999999997,52.07,95772,607,52.219135000000001
2016-10-27 04:00:00+00:00,52.490000000000002,52.590000000000003,51.390099999999997,51.450000000000003,49278,261,51.841856999999997
2016-10-28 04:00:00+00:00,51.670000000000002,51.700000000000003,50.780000000000001,50.829999999999998,69650,342,51.086965999999997
2016-10-31 04:00:00+00:00,51.109999999999999,51.130200000000002,50.799999999999997,50.950000000000003,76151,213,50.958297999999999
2016-11-01 04:00:00+00:00,51.140000000000001,51.560000000000002,50.216000000000001,50.890000000000001,386320,823,51.119619999999998
2016-11-02 04:00:00+00:00,50.990000000000002,51.07,50.43,50.520000000000003,462218,468,50.683293999999997
2016-11-03 04:00:00+00:00,50.700000000000003,50.960000000000001,50.299999999999997,50.5,193077,498,50.470027000000002
2016-11-04 04:00:00+00:00,50.140000000000001,50.520000000000003,49.689999999999998,50.020000000000003,43729,266,50.048591000000002
2016-11-07 05:00:00+00:00,50.979999999999997,51.340000000000003,50.670000000000002,51.270000000000003,37143,241,51.137555999999996
2016-11-08 05:00:00+00:00,51.149999999999999,51.75,50.909999999999997,51.43,53900,183,51.532353000000001
2016-11-09 05:00:00+00:00,50.210000000000001,51.710000000000001,50.091000000000001,51.57,100793,522,50.948447000000002
2016-11-10 05:00:00+00:00,52,52.344799999999999,50.173999999999999,50.439999999999998,170368,656,51.393985000000001
2016-11-11 05:00:00+00:00,50.75,52.18,50.75,52.109999999999999,171496,1125,51.772795000000002
2016-11-14 05:00:00+00:00,52.43,52.549999999999997,52.128900000000002,52.369999999999997,312610,350,52.272928999999998
2016-11-15 05:00:00+00:00,52.579999999999998,53.290100000000002,52.579999999999998,53.119999999999997,61539,440,53.057716999999997
2016-11-16 05:00:00+00:00,53,53.859999999999999,53,53.799999999999997,74003,409,53.627304000000002
2016-11-17 05:00:00+00:00,53.780000000000001,54.649999999999999,53.600000000000001,54.490000000000002,137023,441,54.145504000000003
2016-11-18 05:00:00+00:00,54.710000000000001,54.817500000000003,54.390000000000001,54.75,70632,349,54.660648999999999
2016-11-21 05:00:00+00:00,55.079999999999998,55.329999999999998,54.539999999999999,54.850000000000001,87329,382,54.957566999999997
2016-11-22 05:00:00+00:00,55.18,55.469999999999999,55.104199999999999,55.43,149702,599,55.323743999999998
2016-11-23 05:00:00+00:00,55.439999999999998,55.729999999999997,55.189999999999998,55.729999999999997,47997,291,55.506486000000002
2016-11-25 05:00:00+00:00,55.840000000000003,55.920000000000002,55.549999999999997,55.880000000000003,91497,501,55.745896000000002
2016-11-28 05:00:00+00:00,55.799999999999997,55.869999999999997,55.549999999999997,55.659999999999997,118580,561,55.733705
2016-11-29 05:00:00+00:00,55.740000000000002,55.829999999999998,55.219999999999999,55.460000000000001,121140,466,55.660198999999999
2016-11-30 05:00:00+00:00,55.649999999999999,55.689999999999998,54.93,54.939999999999998,105027,317,55.09158
2016-12-01 05:00:00+00:00,55.100000000000001,55.100000000000001,51.950000000000003,52.289999999999999,310125,664,53.738377999999997
2016-12-02 05:00:00+00:00,52.189999999999998,52.899999999999999,52.055,52.799999999999997,118896,835,52.620621999999997
2016-12-05 05:00:00+00:00,53.200000000000003,53.880000000000003,53.009999999999998,53.859999999999999,182163,728,53.748480999999998
2016-12-06 05:00:00+00:00,53.990000000000002,54.859900000000003,53.950099999999999,54.710000000000001,93699,499,54.530675000000002
2016-12-07 05:00:00+00:00,54.700000000000003,56.289999999999999,54.579999999999998,56.119999999999997,121649,603,55.486432999999998
2016-12-08 05:00:00+00:00,56.280000000000001,57.259999999999998,56.259999999999998,56.969999999999999,309379,1475,56.935960000000001
2016-12-09 05:00:00+00:00,57.420000000000002,57.530000000000001,56.369999999999997,56.590000000000003,127977,556,56.742725
2016-12-12 05:00:00+00:00,56.390000000000001,56.579999999999998,55.616199999999999,56.039999999999999,55638,243,56.053401999999998
2016-12-13 05:00:00+00:00,56.350000000000001,56.939999999999998,56.210099999999997,56.600000000000001,353947,1280,56.630457
2016-12-14 05:00:00+00:00,56.460000000000001,56.759999999999998,56.134999999999998,56.25,84583,513,56.412773000000001
2016-12-15 05:00:00+00:00,56.539999999999999,57.590000000000003,56.390099999999997,57.329999999999998,51968,316,57.306353999999999
2016-12-16 05:00:00+00:00,57.57,57.68,56.700000000000003,56.890000000000001,75780,432,57.275039
2016-12-19 05:00:00+00:00,57.060000000000002,57.549999999999997,56.950000000000003,57.390000000000001,64297,331,57.359143000000003
2016-12-20 05:00:00+00:00,57.439999999999998,57.82,57.25,57.509999999999998,44222,338,57.482826000000003
2016-12-21 05:00:00+00:00,57.630000000000003,57.709299999999999,57.43,57.43,50647,293,57.574545999999998
2016-12-22 05:00:00+00:00,58.020000000000003,58.020000000000003,57.149999999999999,57.310000000000002,205647,871,57.588869000000003
2016-12-23 05:00:00+00:00,57.170000000000002,57.469999999999999,57.149999999999999,57.469999999999999,71399,456,57.293151999999999
2016-12-27 05:00:00+00:00,57.579999999999998,58.32,57.530000000000001,58.270000000000003,94487,444,58.195098000000002
2016-12-28 05:00:00+00:00,58.5,58.509999999999998,57.079999999999998,57.130000000000003,92313,501,57.416809000000001
2016-12-29 05:00:00+00:00,56.960000000000001,57.267200000000003,56.560000000000002,57.009999999999998,45252,298,56.875857000000003
2016-12-30 05:00:00+00:00,57.210000000000001,57.210000000000001,55.939999999999998,56.109999999999999,197356,396,56.127177000000003
2017-01-03 05:00:00+00:00,56.57,57.200000000000003,56,56.479999999999997,286698,559,56.409947000000003
2017-01-04 05:00:00+00:00,56.670000000000002,56.880000000000003,56.469999999999999,56.840000000000003,95123,484,56.757621999999998
2017-01-05 05:00:00+00:00,56.719999999999999,56.870399999999997,56,56.119999999999997,35093,203,56.352401999999998
2017-01-06 05:00:00+00:00,56.200000000000003,56.564599999999999,55.880000000000003,56.350000000000001,39258,255,56.279963000000002
2017-01-09 05:00:00+00:00,56.399999999999999,57.259999999999998,56.399999999999999,56.969999999999999,49462,192,56.926391000000002
2017-01-10 05:00:00+00:00,56.979999999999997,57.299999999999997,56.960000000000001,57.200000000000003,36429,256,57.139488999999998
2017-01-11 05:00:00+00:00,57.229999999999997,57.75,57.119999999999997,57.659999999999997,32192,336,57.506514000000003
2017-01-12 05:00:00+00:00,57.380000000000003,57.380000000000003,56.280000000000001,57.210000000000001,67512,332,56.943775000000002
2017-01-13 05:00:00+00:00,57.1599,58.049999999999997,57.1599,57.840000000000003,134213,619,57.795318999999999
2017-01-17 05:00:00+00:00,57.509999999999998,57.509999999999998,56.689999999999998,56.829999999999998,30055,216,57.057817999999997
2017-01-18 05:00:00+00:00,56.960000000000001,57.369999999999997,56.776200000000003,57.219999999999999,65681,226,57.141697999999998
2017-01-19 05:00:00+00:00,57.119999999999997,57.540199999999999,56.810000000000002,56.850000000000001,135192,439,57.094698000000001
2017-01-20 05:00:00+00:00,57.369999999999997,57.939999999999998,57.369999999999997,57.630000000000003,74282,351,57.704469000000003
2017-01-23 05:00:00+00:00,57.380000000000003,57.600000000000001,56.996899999999997,57.399999999999999,55410,277,57.372283000000003
2017-01-24 05:00:00+00:00,57.630000000000003,58.670000000000002,57.5,58.619999999999997,118659,465,58.390765999999999
2017-01-25 05:00:00+00:00,59.229999999999997,59.630000000000003,59.076599999999999,59.359999999999999,172833,795,59.283906999999999
2017-01-26 05:00:00+00:00,59.380000000000003,59.4238,58.730699999999999,58.890000000000001,72205,375,58.967902000000002
2017-01-27 05:00:00+00:00,59.140000000000001,59.380000000000003,58.938000000000002,59.200000000000003,75943,616,59.105244999999996
2017-01-30 05:00:00+00:00,58.990000000000002,58.990000000000002,58.020000000000003,58.850000000000001,100931,411,58.504666999999998
2017-01-31 05:00:00+00:00,58.560000000000002,58.710000000000001,57.600000000000001,58.240000000000002,117109,377,58.137571000000001
2017-02-01 05:00:00+00:00,58.920000000000002,59.319899999999997,58.409999999999997,59.109999999999999,307513,580,58.556019999999997
2017-02-02 05:00:00+00:00,58.670000000000002,59.100000000000001,58.289999999999999,58.789999999999999,50359,330,58.818162000000001
2017-02-03 05:00:00+00:00,59.229999999999997,59.549900000000001,59.102899999999998,59.520000000000003,41861,297,59.348436
2017-02-06 05:00:00+00:00,59.469999999999999,59.585000000000001,59.200000000000003,59.539999999999999,69228,414,59.409598000000003
2017-02-07 05:00:00+00:00,59.759999999999998,59.880000000000003,59.219700000000003,59.689999999999998,80267,381,59.649737000000002
2017-02-08 05:00:00+00:00,59.920000000000002,60.027700000000003,59.452199999999998,59.719999999999999,41579,236,59.775309999999998
2017-02-09 05:00:00+00:00,59.600000000000001,59.689900000000002,59.210000000000001,59.210000000000001,66016,327,59.469110000000001
2017-02-10 05:00:00+00:00,59.530000000000001,59.530000000000001,58.68,59.329999999999998,113582,398,59.114716000000001
2017-02-13 05:00:00+00:00,59.759999999999998,59.991500000000002,59.420000000000002,59.539999999999999,62845,270,59.559829000000001
2017-02-14 05:00:00+00:00,59.520000000000003,59.683700000000002,59.109999999999999,59.670000000000002,84038,359,59.540078000000001
2017-02-15 05:00:00+00:00,59.729999999999997,60.390000000000001,59.610599999999998,60.289999999999999,60631,353,60.154547999999998
2017-02-16 05:00:00+00:00,60.299999999999997,60.479999999999997,59.795200000000001,60.18,39626,246,60.070464000000001
2017-02-17 05:00:00+00:00,59.990000000000002,60.799999999999997,59.802599999999998,60.799999999999997,24768,214,60.401586999999999
2017-02-21 05:00:00+00:00,61.189999999999998,61.789999999999999,61.189999999999998,61.75,124898,529,61.551797000000001
2017-02-22 05:00:00+00:00,61.810000000000002,61.810000000000002,61.286999999999999,61.460000000000001,84772,382,61.443437000000003
2017-02-23 05:00:00+00:00,61.530000000000001,61.530000000000001,60.479999999999997,61.07,118224,439,60.867488000000002
2017-02-24 05:00:00+00:00,59.960000000000001,60.595999999999997,59.700000000000003,60.530000000000001,1245527,364,60.251733000000002
2017-02-27 05:00:00+00:00,60.670000000000002,61.020000000000003,60.5105,61.020000000000003,66162,576,60.786009999999997
2017-02-28 05:00:00+00:00,60.979999999999997,60.979999999999997,59.650399999999998,59.719999999999999,111577,369,59.853707999999997
2017-03-01 05:00:00+00:00,60.469999999999999,60.57,60.012300000000003,60.5,111550,474,60.173786
2017-03-02 05:00:00+00:00,60.509999999999998,60.700000000000003,59.880000000000003,59.93,42784,308,60.268481999999999
2017-03-03 05:00:00+00:00,59.990000000000002,59.990000000000002,59.450000000000003,59.670000000000002,71592,337,59.694445000000002
2017-03-06 05:00:00+00:00,59.439999999999998,59.560000000000002,58.712499999999999,59.43,54365,377,59.107680999999999
2017-03-07 05:00:00+00:00,59.399999999999999,59.869999999999997,59.368400000000001,59.420000000000002,81958,547,59.602943000000003
2017-03-08 05:00:00+00:00,59.670000000000002,60.030000000000001,59.397199999999998,59.479999999999997,67018,294,59.677633999999998
2017-03-09 05:00:00+00:00,59.579999999999998,59.632199999999997,59.090000000000003,59.509999999999998,39878,183,59.433824000000001
2017-03-10 05:00:00+00:00,59.810000000000002,60.017000000000003,59.5,59.859999999999999,63820,353,59.807470000000002
2017-03-13 04:00:00+00:00,60.060000000000002,60.319800000000001,59.869999999999997,60.189999999999998,37785,246,60.089855
2017-03-14 04:00:00+00:00,59.909999999999997,59.909999999999997,59.413600000000002,59.789999999999999,30705,213,59.747323999999999
2017-03-15 04:00:00+00:00,59.729999999999997,60.659999999999997,59.620100000000001,60.579999999999998,30713,178,60.231619000000002
2017-03-16 04:00:00+00:00,60.710000000000001,60.879199999999997,60.409999999999997,60.479999999999997,106453,430,60.554820999999997
2017-03-17 04:00:00+00:00,60.520000000000003,60.588000000000001,60.323999999999998,60.479999999999997,17194,138,60.502813000000003
2017-03-20 04:00:00+00:00,60.539999999999999,60.914000000000001,60.479999999999997,60.740000000000002,40672,228,60.740842999999998
2017-03-21 04:00:00+00:00,60.909999999999997,60.960000000000001,58.770000000000003,58.829999999999998,69396,536,59.400792000000003
2017-03-22 04:00:00+00:00,58.770000000000003,59.439999999999998,58.490000000000002,59.390000000000001,43775,281,58.873976999999996
2017-03-23 04:00:00+00:00,59.390000000000001,59.789900000000003,59.190100000000001,59.380000000000003,52818,333,59.664712000000002
2017-03-24 04:00:00+00:00,60.270000000000003,60.5,59.68,59.859999999999999,54602,300,60.151749000000002
2017-03-27 04:00:00+00:00,59.020000000000003,60.090000000000003,58.850000000000001,59.960000000000001,30669,260,59.610475999999998
2017-03-28 04:00:00+00:00,59.990000000000002,60.270000000000003,59.780000000000001,60.149999999999999,45820,257,60.055200999999997
2017-03-29 04:00:00+00:00,60.170000000000002,60.32,59.920000000000002,60.039999999999999,66518,465,60.074010000000001
2017-03-30 04:00:00+00:00,60.049999999999997,60.429000000000002,60.048000000000002,60.369999999999997,30752,188,60.212701000000003
2017-03-31 04:00:00+00:00,60.329999999999998,60.6599,60.140000000000001,60.329999999999998,54704,186,60.459795
2017-04-03 04:00:00+00:00,60.479999999999997,60.479999999999997,59.479999999999997,59.75,53919,240,59.695762999999999
2017-04-04 04:00:00+00:00,59.439999999999998,59.939999999999998,59.310000000000002,59.520000000000003,34607,207,59.501356999999999
2017-04-05 04:00:00+00:00,59.75,59.983800000000002,58.869999999999997,58.899999999999999,63590,358,59.603853999999998
2017-04-06 04:00:00+00:00,58.789999999999999,59.329999999999998,58.299999999999997,59.210000000000001,57421,286,58.870125000000002
2017-04-07 04:00:00+00:00,59.060000000000002,59.979999999999997,59.060000000000002,59.670099999999998,74980,356,59.592210000000001
2017-04-10 04:00:00+00:00,59.659999999999997,59.990000000000002,59.408499999999997,59.670000000000002,26436,203,59.721663999999997
2017-04-11 04:00:00+00:00,59.270000000000003,59.270000000000003,58.159999999999997,59.119999999999997,327872,1064,58.601053999999998
2017-04-12 04:00:00+00:00,59.030000000000001,59.030000000000001,58.07,58.159999999999997,54766,320,58.406405999999997
2017-04-13 04:00:00+00:00,57.659999999999997,58.600000000000001,57.659999999999997,57.68,55350,322,58.168115999999998
2017-04-17 04:00:00+00:00,57.840000000000003,58.420000000000002,57.810000000000002,58.380000000000003,107427,422,58.137546999999998
2017-04-18 04:00:00+00:00,58.119999999999997,58.770699999999998,58,58.75,111747,632,58.527721
2017-04-19 04:00:00+00:00,59.07,59.409999999999997,58.740000000000002,58.770000000000003,22116,198,59.010648000000003
2017-04-20 04:00:00+00:00,59.149999999999999,59.719999999999999,58.850000000000001,59.659999999999997,55088,366,59.190621
2017-04-21 04:00:00+00:00,59.409999999999997,59.509999999999998,58.859999999999999,59.32,204872,1084,59.185561
2017-04-24 04:00:00+00:00,60.18,60.398000000000003,59.920099999999998,60.270000000000003,98631,690,60.097262000000001
2017-04-25 04:00:00+00:00,60.520000000000003,61.010300000000001,60.520000000000003,60.850000000000001,136659,984,60.817183
2017-04-26 04:00:00+00:00,60.579999999999998,60.579999999999998,59.5,59.969999999999999,145517,757,59.955570999999999
2017-04-27 04:00:00+00:00,60.359999999999999,60.679900000000004,60.240099999999998,60.649999999999999,82328,446,60.554113999999998
2017-04-28 04:00:00+00:00,60.609999999999999,60.759999999999998,59.325000000000003,59.369999999999997,194853,745,59.482317999999999
2017-05-01 04:00:00+00:00,59.490000000000002,59.759999999999998,58.990000000000002,59.75,193792,711,59.231577000000001
2017-05-02 04:00:00+00:00,59.43,59.43,58.622999999999998,58.799999999999997,150515,866,58.845664999999997
2017-05-03 04:00:00+00:00,58.479999999999997,58.899999999999999,58.399999999999999,58.75,221625,855,58.773761
2017-05-04 04:00:00+00:00,58.850000000000001,58.909999999999997,58.357300000000002,58.640000000000001,46959,260,58.625562000000002
2017-05-05 04:00:00+00:00,58.82,59.159999999999997,58.399999999999999,59.159999999999997,24683,173,58.804276000000002
2017-05-08 04:00:00+00:00,59.170000000000002,59.32,58.909999999999997,59.009999999999998,152595,593,59.084057000000001
2017-05-09 04:00:00+00:00,59.210000000000001,60.295000000000002,59.210000000000001,60.189999999999998,165094,737,59.953346000000003
2017-05-10 04:00:00+00:00,60.68,61.329999999999998,60.549999999999997,61.18,84187,459,61.097439000000001
2017-05-11 04:00:00+00:00,60.920000000000002,61.759999999999998,60.549999999999997,61.409999999999997,100788,564,61.166885000000001
2017-05-12 04:00:00+00:00,61.460000000000001,61.479999999999997,60.960000000000001,61.329999999999998,66162,520,61.182603
2017-05-15 04:00:00+00:00,61.759999999999998,62.717199999999998,61.490000000000002,62.600000000000001,50144,300,62.227182999999997
2017-05-16 04:00:00+00:00,62.840000000000003,63.68,62.549999999999997,63.670000000000002,108104,727,63.221639000000003
2017-05-17 04:00:00+00:00,62.659999999999997,63.130000000000003,60.439999999999998,60.490000000000002,250408,1296,61.654881000000003
2017-05-18 04:00:00+00:00,60.469999999999999,61.619999999999997,60.213999999999999,61.450000000000003,255340,684,61.201070999999999
2017-05-19 04:00:00+00:00,61.960000000000001,62.627699999999997,61.93,62.32,92379,565,62.246214999999999
2017-05-22 04:00:00+00:00,62.759999999999998,63.460000000000001,62.7485,63.439999999999998,59528,441,63.056998999999998
2017-05-23 04:00:00+00:00,63.450000000000003,63.450000000000003,62.75,63.159999999999997,28188,241,63.129423000000003
2017-05-24 04:00:00+00:00,63.539999999999999,64.019999999999996,63.390000000000001,63.920000000000002,155467,881,63.631998000000003
2017-05-25 04:00:00+00:00,64.280000000000001,64.6721,63.990000000000002,64.170000000000002,59068,405,64.332296999999997
2017-05-26 04:00:00+00:00,64.109999999999999,64.269999999999996,63.57,64.25,56758,391,64.124824000000004
2017-05-30 04:00:00+00:00,64.390000000000001,64.969999999999999,64.390000000000001,64.719999999999999,63484,376,64.702439999999996
2017-05-31 04:00:00+00:00,65.200000000000003,65.340000000000003,64.090000000000003,64.549999999999997,60045,277,64.562905000000001
2017-06-01 04:00:00+00:00,64.75,64.769999999999996,64.299999999999997,64.739999999999995,173696,566,64.527478000000002
2017-06-02 04:00:00+00:00,65.019999999999996,65.140000000000001,64.439999999999998,65,172225,997,64.948125000000005
2017-06-05 04:00:00+00:00,64.939999999999998,65.439999999999998,64.709999999999994,64.900000000000006,67540,456,65.008696
2017-06-06 04:00:00+00:00,64.609999999999999,65.819999999999993,64.580100000000002,65.370000000000005,52542,344,65.577130999999994
2017-06-07 04:00:00+00:00,65.609999999999999,65.950000000000003,65.200000000000003,65.540000000000006,69148,622,65.534509
2017-06-08 04:00:00+00:00,65.959999999999994,67.010000000000005,65.510000000000005,67,113290,687,66.461550000000003
2017-06-09 04:00:00+00:00,67.469999999999999,67.545000000000002,62.920000000000002,64.109999999999999,166558,1275,65.187478999999996
2017-06-12 04:00:00+00:00,63.350000000000001,64.030000000000001,61.979999999999997,63.659999999999997,262943,1879,63.089711000000001
2017-06-13 04:00:00+00:00,64.170000000000002,64.750699999999995,63.32,63.920000000000002,115667,786,63.943280999999999
2017-06-14 04:00:00+00:00,64.159999999999997,64.159999999999997,62.369999999999997,63.009999999999998,467407,1821,63.055376000000003
2017-06-15 04:00:00+00:00,62.009999999999998,62.621899999999997,61.920099999999998,62.479999999999997,144258,639,62.459884000000002
2017-06-16 04:00:00+00:00,62.299999999999997,62.799999999999997,61.834699999999998,62.109999999999999,24912,221,62.090873999999999
2017-06-19 04:00:00+00:00,62.770000000000003,63.439999999999998,62.219999999999999,63.420000000000002,30836,233,63.107832000000002
2017-06-20 04:00:00+00:00,63.560000000000002,63.752000000000002,62.539999999999999,62.560000000000002,64450,409,62.951394000000001
2017-06-21 04:00:00+00:00,63.009999999999998,63.549999999999997,62.835000000000001,63.460000000000001,210935,1222,63.258279999999999
2017-06-22 04:00:00+00:00,63.659999999999997,64.150000000000006,63.149999999999999,63.810000000000002,50943,381,63.610492000000001
2017-06-23 04:00:00+00:00,63.799999999999997,64.75,63.469999999999999,64.430000000000007,54349,373,64.522634999999994
2017-06-26 04:00:00+00:00,65.069999999999993,65.260000000000005,63.689999999999998,64.010000000000005,51601,422,64.280535999999998
2017-06-27 04:00:00+00:00,63.75,63.75,62.310000000000002,62.359999999999999,140828,848,63.30003
2017-06-28 04:00:00+00:00,62.93,63.648899999999998,62.359999999999999,63.590000000000003,50831,330,63.238363999999997
2017-06-29 04:00:00+00:00,63.270000000000003,63.270000000000003,61.119999999999997,62.189999999999998,57680,528,62.030369999999998
2017-06-30 04:00:00+00:00,62.380000000000003,62.609999999999999,61.390000000000001,61.659999999999997,91111,344,61.910178000000002
2017-07-03 04:00:00+00:00,62.109999999999999,62.272300000000001,60.850000000000001,60.880000000000003,37486,272,61.327590999999998
2017-07-05 04:00:00+00:00,61.18,61.810000000000002,60.939999999999998,61.649999999999999,140736,719,61.422732000000003
2017-07-06 04:00:00+00:00,60.979999999999997,61.969999999999999,60.93,61.310000000000002,82347,567,61.378202000000002
2017-07-07 04:00:00+00:00,61.649999999999999,62.75,61.585000000000001,62.609999999999999,65631,428,62.421089000000002
2017-07-10 04:00:00+00:00,62.869999999999997,63.210000000000001,62.5,63.060000000000002,38629,243,62.831035
2017-07-11 04:00:00+00:00,63.060000000000002,63.659999999999997,62.950000000000003,63.630000000000003,23873,222,63.396484000000001
2017-07-12 04:00:00+00:00,64.290000000000006,65.219700000000003,64.290000000000006,65.069999999999993,137681,590,64.789518999999999
2017-07-13 04:00:00+00:00,65.219999999999999,65.599999999999994,64.549999999999997,64.769999999999996,55207,373,64.871008000000003
2017-07-14 04:00:00+00:00,65.019999999999996,65.510000000000005,64.390000000000001,65.469999999999999,121271,660,65.242334
2017-07-17 04:00:00+00:00,65.590000000000003,65.590000000000003,64.870000000000005,65.030000000000001,56687,373,65.087586000000002
2017-07-18 04:00:00+00:00,64.650000000000006,65.200000000000003,64.459999999999994,65.170000000000002,52219,352,64.861523000000005
2017-07-19 04:00:00+00:00,65.560000000000002,66.079999999999998,65.469999999999999,66.079999999999998,43791,244,65.811335
2017-07-20 04:00:00+00:00,66.180000000000007,66.650000000000006,65.780000000000001,66.579999999999998,28789,255,66.255679999999998
2017-07-21 04:00:00+00:00,66.019999999999996,66.019999999999996,65.560000000000002,65.920000000000002,20652,276,65.863560000000007
2017-07-24 04:00:00+00:00,65.989999999999995,66.030000000000001,65.609800000000007,65.799999999999997,16304,159,65.764818000000005
2017-07-25 04:00:00+00:00,65.870000000000005,66.079300000000003,65.269999999999996,65.909999999999997,46886,284,65.87133
2017-07-26 04:00:00+00:00,66.540000000000006,66.810000000000002,66.469999999999999,66.709999999999994,62436,341,66.633471999999998
2017-07-27 04:00:00+00:00,67,67.070300000000003,64.950000000000003,65.670000000000002,134932,654,66.076995999999994
2017-07-28 04:00:00+00:00,65.670000000000002,65.849299999999999,65.220500000000001,65.530000000000001,42751,243,65.489817000000002
2017-07-31 04:00:00+00:00,65.730000000000004,65.808999999999997,64.920000000000002,65.019999999999996,237911,1447,65.152296000000007
2017-08-01 04:00:00+00:00,65.260000000000005,65.659999999999997,64.819999999999993,65.640000000000001,33868,216,65.296971999999997
2017-08-02 04:00:00+00:00,65.439999999999998,65.439999999999998,63.167999999999999,63.350000000000001,72881,531,63.77563
2017-08-03 04:00:00+00:00,63.5,63.542400000000001,62.5,62.640000000000001,356902,1442,62.726427000000001
2017-08-04 04:00:00+00:00,62.740000000000002,63.030000000000001,62.310000000000002,62.460000000000001,68284,473,62.592765
2017-08-07 04:00:00+00:00,62.700000000000003,63.600000000000001,62.700000000000003,63.560000000000002,145400,593,63.360742999999999
2017-08-08 04:00:00+00:00,63.659999999999997,64.129999999999995,63.090000000000003,63.210000000000001,26661,243,63.531432000000002
2017-08-09 04:00:00+00:00,62.689999999999998,62.920000000000002,62.119999999999997,62.789999999999999,133604,249,62.556094000000002
2017-08-10 04:00:00+00:00,62.359999999999999,62.359999999999999,60.93,60.93,65924,485,61.504983000000003
2017-08-11 04:00:00+00:00,60.869999999999997,61.6036,60.310000000000002,61.359999999999999,34779,247,61.135153000000003
2017-08-14 04:00:00+00:00,62.130000000000003,62.830800000000004,62.130000000000003,62.789999999999999,237186,1267,62.619230999999999
2017-08-15 04:00:00+00:00,62.990000000000002,63.096800000000002,62.420000000000002,63.020000000000003,20397,185,62.849932000000003
2017-08-16 04:00:00+00:00,63.229999999999997,63.340000000000003,62.75,63,34739,308,63.073087999999998
2017-08-17 04:00:00+00:00,62.770000000000003,62.931399999999996,61.159999999999997,61.170000000000002,44862,530,61.912233000000001
2017-08-18 04:00:00+00:00,61.420000000000002,61.542400000000001,60.855200000000004,61.189999999999998,59479,478,61.359651999999997
2017-08-21 04:00:00+00:00,61.229999999999997,61.229999999999997,60.170000000000002,60.439999999999998,34137,338,60.437626999999999
2017-08-22 04:00:00+00:00,60.880000000000003,61.430399999999999,60.880000000000003,61.32,29439,217,61.151896000000001
2017-08-23 04:00:00+00:00,60.630000000000003,61.880000000000003,60.630000000000003,61.75,77746,582,61.584028000000004
2017-08-24 04:00:00+00:00,62.119999999999997,62.369999999999997,61.948799999999999,62.200000000000003,26170,179,62.197671999999997
2017-08-25 04:00:00+00:00,62.5,62.630000000000003,61.9998,62.100000000000001,50404,292,62.304999000000002
2017-08-28 04:00:00+00:00,62.32,62.330199999999998,61.920000000000002,62.25,14252,126,62.121423999999998
2017-08-29 04:00:00+00:00,61.509999999999998,62.479999999999997,61.5,62.350000000000001,17956,179,61.986992999999998
2017-08-30 04:00:00+00:00,62.869999999999997,63.609999999999999,62.862400000000001,63.560000000000002,20508,159,63.330531000000001
2017-08-31 04:00:00+00:00,63.68,64.010000000000005,63.549999999999997,63.899999999999999,84044,305,63.823323000000002
2017-09-01 04:00:00+00:00,64.040000000000006,64.480000000000004,63.984200000000001,64.340000000000003,45558,484,64.291201000000001
2017-09-05 04:00:00+00:00,64,64.256399999999999,63.090000000000003,63.670000000000002,79538,507,63.340649999999997
2017-09-06 04:00:00+00:00,63.960000000000001,63.960000000000001,63.399999999999999,63.490000000000002,46646,328,63.635044999999998
2017-09-07 04:00:00+00:00,63.659999999999997,63.659999999999997,63.100000000000001,63.189999999999998,18943,150,63.345134999999999
2017-09-08 04:00:00+00:00,63.100000000000001,63.100000000000001,62.189999999999998,62.32,46578,402,62.373651000000002
2017-09-11 04:00:00+00:00,62.880000000000003,63.649999999999999,62.880000000000003,63.549999999999997,16553,152,63.383878000000003
2017-09-12 04:00:00+00:00,63.829999999999998,64.104399999999998,63.590000000000003,63.920000000000002,13094,120,63.871411999999999
2017-09-13 04:00:00+00:00,63.710000000000001,64.150000000000006,63.549999999999997,64.040000000000006,28728,205,63.995339000000001
2017-09-14 04:00:00+00:00,63.740000000000002,64.599999999999994,63.740000000000002,64.379999999999995,45643,297,64.297927999999999
2017-09-15 04:00:00+00:00,64.379999999999995,65.549999999999997,64.379999999999995,65.310000000000002,16822,204,65.221946000000003
2017-09-18 04:00:00+00:00,65.700000000000003,66.170000000000002,65.329999999999998,65.620000000000005,36025,268,65.865932999999998
2017-09-19 04:00:00+00:00,65.849999999999994,65.872,65.455799999999996,65.560000000000002,26449,191,65.690779000000006
2017-09-20 04:00:00+00:00,65.560000000000002,65.560000000000002,63.859999999999999,64.650000000000006,62026,500,64.486925999999997
2017-09-21 04:00:00+00:00,64.510000000000005,64.510000000000005,63.729999999999997,64.150000000000006,65614,327,64.182034999999999
2017-09-22 04:00:00+00:00,63.960000000000001,64.6999,63.960000000000001,64.530000000000001,29517,265,64.404966000000002
2017-09-25 04:00:00+00:00,64.290000000000006,64.290000000000006,62.939999999999998,63.149999999999999,278802,909,63.155968999999999
2017-09-26 04:00:00+00:00,63.640000000000001,63.759999999999998,63.130000000000003,63.25,57301,430,63.363337000000001
2017-09-27 04:00:00+00:00,63.880000000000003,65.260000000000005,63.880000000000003,64.930000000000007,30804,252,64.631277999999995
2017-09-28 04:00:00+00:00,64.849999999999994,65.290000000000006,64.790000000000006,65.290000000000006,24813,197,65.053556
2017-09-29 04:00:00+00:00,65.379999999999995,65.679699999999997,65.079999999999998,65.569999999999993,75782,375,65.533056999999999
2017-10-02 04:00:00+00:00,65.859999999999999,66.349999999999994,65.640000000000001,66.349999999999994,51036,356,65.931645000000003
2017-10-03 04:00:00+00:00,66.420000000000002,66.659999999999997,66.25,66.540000000000006,22068,240,66.482282999999995
2017-10-04 04:00:00+00:00,66.450000000000003,66.620000000000005,66.099999999999994,66.620000000000005,51547,408,66.433800000000005
2017-10-05 04:00:00+00:00,66.840000000000003,66.840000000000003,66.280000000000001,66.5,46239,396,66.539957000000001
2017-10-06 04:00:00+00:00,66.269999999999996,66.790000000000006,66.239999999999995,66.780000000000001,36243,301,66.620033000000006
2017-10-09 04:00:00+00:00,66.950000000000003,67.040000000000006,66.730000000000004,66.930000000000007,40363,320,66.867114000000001
2017-10-10 04:00:00+00:00,67.480000000000004,67.480000000000004,66.770099999999999,67.340000000000003,39988,358,67.092831000000004
2017-10-11 04:00:00+00:00,67.200000000000003,67.640000000000001,67.140000000000001,67.640000000000001,34651,333,67.464578000000003
2017-10-12 04:00:00+00:00,67.560000000000002,67.921800000000005,67.450000000000003,67.469999999999999,44349,399,67.731408000000002
2017-10-13 04:00:00+00:00,67.810000000000002,68.018600000000006,67.620000000000005,67.629999999999995,41490,315,67.812597999999994
2017-10-16 04:00:00+00:00,67.849999999999994,67.849999999999994,67.036000000000001,67.159999999999997,18741,196,67.343266
2017-10-17 04:00:00+00:00,67.099999999999994,67.290000000000006,66.900000000000006,67.269999999999996,37837,261,67.108121999999995
2017-10-18 04:00:00+00:00,67.420000000000002,68.200000000000003,66.900000000000006,67.959999999999994,25715,228,67.673976999999994
2017-10-19 04:00:00+00:00,67.230000000000004,67.510000000000005,66.489999999999995,67.480000000000004,82914,482,67.108221999999998
2017-10-20 04:00:00+00:00,68.079999999999998,68.079999999999998,67.579999999999998,67.609999999999999,96194,318,67.624283000000005
2017-10-23 04:00:00+00:00,67.989999999999995,68.420000000000002,67.780000000000001,68.010000000000005,29230,237,68.100720999999993
2017-10-24 04:00:00+00:00,68.280000000000001,68.700000000000003,68.219999999999999,68.569999999999993,22161,172,68.478449999999995
2017-10-25 04:00:00+00:00,68.069999999999993,68.319999999999993,66.950000000000003,67.689999999999998,46042,329,67.558491000000004
2017-10-26 04:00:00+00:00,67.799999999999997,67.969999999999999,67.599999999999994,67.950000000000003,21355,185,67.827697000000001
2017-10-27 04:00:00+00:00,68.609999999999999,69.890000000000001,68.609999999999999,69.829999999999998,104182,561,69.451061999999993
2017-10-30 04:00:00+00:00,69.620000000000005,70.619,69.620000000000005,70.219999999999999,76996,544,70.166041000000007
2017-10-31 04:00:00+00:00,70.519999999999996,71.269900000000007,70.239999999999995,70.859999999999999,103240,595,70.918267
2017-11-01 04:00:00+00:00,71.420000000000002,71.420000000000002,69.689999999999998,70.329999999999998,101265,683,70.383279999999999
2017-11-02 04:00:00+00:00,70.319999999999993,70.769999999999996,69.859999999999999,70.230000000000004,40605,380,70.296767000000003
2017-11-03 04:00:00+00:00,70.530000000000001,71.170000000000002,69.849999999999994,71.170000000000002,105073,791,70.579406000000006
2017-11-06 05:00:00+00:00,72.25,73.290000000000006,71.840100000000007,73.280000000000001,97387,804,72.809697
2017-11-07 05:00:00+00:00,73.150000000000006,73.299999999999997,72.269999999999996,72.640000000000001,184826,985,72.596079000000003
2017-11-08 05:00:00+00:00,72.739999999999995,73.650000000000006,72.609999999999999,73.599999999999994,115455,753,72.972345000000004
2017-11-09 05:00:00+00:00,72.799999999999997,73.450000000000003,71.439999999999998,72.260000000000005,191151,1147,71.983431999999993
2017-11-10 05:00:00+00:00,72.459999999999994,72.709000000000003,72.219800000000006,72.609999999999999,66222,422,72.552152000000007
2017-11-13 05:00:00+00:00,72.269999999999996,72.572599999999994,72.113299999999995,72.489999999999995,161182,791,72.301985999999999
2017-11-14 05:00:00+00:00,72.310000000000002,72.579999999999998,71.620000000000005,72.189999999999998,81200,620,72.163235
2017-11-15 05:00:00+00:00,71.400000000000006,71.520600000000002,70.689999999999998,71.120000000000005,278767,997,71.332282000000006
2017-11-16 05:00:00+00:00,71.560000000000002,72.530000000000001,71.560000000000002,72.120000000000005,207369,778,72.247640000000004
2017-11-17 05:00:00+00:00,72.310000000000002,72.599999999999994,72.019999999999996,72.280000000000001,265187,1460,72.304776000000004
2017-11-20 05:00:00+00:00,72.650000000000006,73.400000000000006,72.569400000000002,73.359999999999999,203438,708,72.877161999999998
2017-11-21 05:00:00+00:00,73.870000000000005,74.629999999999995,73.739999999999995,74.629999999999995,60860,502,74.357613999999998
2017-11-22 05:00:00+00:00,74.909999999999997,74.909999999999997,74.079999999999998,74.079999999999998,205548,923,74.277687
2017-11-24 05:00:00+00:00,74.319999999999993,74.579999999999998,74.230000000000004,74.560000000000002,33513,259,74.387696000000005
2017-11-27 05:00:00+00:00,74.260000000000005,74.260000000000005,73.519999999999996,73.650000000000006,61577,517,73.743494999999996
2017-11-28 05:00:00+00:00,74,74,73.230000000000004,73.730000000000004,41390,357,73.646135000000001
2017-11-29 05:00:00+00:00,73.689999999999998,73.700000000000003,70.310000000000002,70.810000000000002,371823,2133,71.342550000000003
2017-11-30 05:00:00+00:00,71.280000000000001,71.680000000000007,70.730000000000004,71.180000000000007,207325,1296,71.237430000000003
2017-12-01 05:00:00+00:00,70.680000000000007,70.909999999999997,68.510000000000005,70.420000000000002,214645,1445,69.845513999999994
2017-12-04 05:00:00+00:00,71.140000000000001,71.140000000000001,68.359999999999999,68.609999999999999,278585,1491,69.131867
2017-12-05 05:00:00+00:00,68.390000000000001,69.5886,67.849999999999994,68.510000000000005,123663,936,68.858807999999996
2017-12-06 05:00:00+00:00,67.980000000000004,68.730000000000004,67.829999999999998,68.450000000000003,115322,833,68.431363000000005
2017-12-07 05:00:00+00:00,68.939999999999998,69.560000000000002,68.629999999999995,69.359999999999999,89216,607,69.160860999999997
2017-12-08 05:00:00+00:00,70.129999999999995,70.340000000000003,69.299999999999997,69.340000000000003,74936,501,69.843452999999997
2017-12-11 05:00:00+00:00,69.590000000000003,70.106800000000007,69.269999999999996,69.659999999999997,283767,1030,69.584568000000004
2017-12-12 05:00:00+00:00,69.659999999999997,69.810000000000002,69.280000000000001,69.329999999999998,48555,391,69.537274999999994
2017-12-13 05:00:00+00:00,69.650000000000006,70.090000000000003,69.340000000000003,69.400000000000006,169357,649,69.753919999999994
2017-12-14 05:00:00+00:00,69.5,69.870000000000005,69.209999999999994,69.359999999999999,51124,342,69.514849999999996
2017-12-15 05:00:00+00:00,69.370000000000005,70.519999999999996,69.269999999999996,70.260000000000005,166191,845,70.250929999999997
2017-12-18 05:00:00+00:00,70.840000000000003,71.939999999999998,70.840000000000003,71.890000000000001,244192,968,71.400287000000006
2017-12-19 05:00:00+00:00,71.700000000000003,72.030000000000001,70.969999999999999,71.260000000000005,55276,307,71.401319000000001
2017-12-20 05:00:00+00:00,71.939999999999998,71.969999999999999,71.159999999999997,71.530000000000001,44373,346,71.557061000000004
2017-12-21 05:00:00+00:00,71.730000000000004,71.730000000000004,71.170000000000002,71.260000000000005,55403,378,71.447705999999997
2017-12-22 05:00:00+00:00,71.099999999999994,71.099999999999994,70.730000000000004,70.819999999999993,30882,291,70.839144000000005
2017-12-26 05:00:00+00:00,70.109999999999999,70.257999999999996,69.510000000000005,70.209999999999994,26612,252,69.972843999999995
2017-12-27 05:00:00+00:00,70.25,70.790000000000006,70.189999999999998,70.450000000000003,51871,302,70.555172999999996
2017-12-28 05:00:00+00:00,70.799999999999997,70.799999999999997,70.349999999999994,70.5,56205,230,70.424335999999997
2017-12-29 05:00:00+00:00,70.640000000000001,70.640000000000001,69.790000000000006,69.810000000000002,36889,282,70.088397999999998
2018-01-02 05:00:00+00:00,70.299999999999997,72.049999999999997,70.060000000000002,72.049999999999997,98544,492,71.238741000000005
2018-01-03 05:00:00+00:00,72.349999999999994,73.239999999999995,72.349999999999994,73.140000000000001,58253,458,72.961151000000001
2018-01-04 05:00:00+00:00,73.689999999999998,73.909999999999997,73.060000000000002,73.659999999999997,73529,535,73.544059000000004
2018-01-05 05:00:00+00:00,74.049999999999997,74.299999999999997,73.719999999999999,73.900000000000006,51637,415,74.012018999999995
2018-01-08 05:00:00+00:00,73.900000000000006,74.620000000000005,73.379999999999995,74.549999999999997,67166,590,74.230607000000006
2018-01-09 05:00:00+00:00,74.659999999999997,74.659999999999997,73.629999999999995,73.650000000000006,348552,1400,73.849585000000005
2018-01-10 05:00:00+00:00,73.060000000000002,73.25,72.402600000000007,72.829999999999998,121869,847,72.792559999999995
2018-01-11 05:00:00+00:00,73.170000000000002,74.349999999999994,72.969999999999999,74.299999999999997,259861,1135,74.063377000000003
2018-01-12 05:00:00+00:00,74.430000000000007,75.155000000000001,74.239999999999995,75.040000000000006,63911,537,74.822344999999999
2018-01-16 05:00:00+00:00,75.549999999999997,75.640000000000001,73.870999999999995,74.200000000000003,114203,873,74.888847999999996
2018-01-17 05:00:00+00:00,74.560000000000002,75.450999999999993,74.480000000000004,75.329999999999998,211708,772,75.051080999999996
2018-01-18 05:00:00+00:00,75.120000000000005,75.739999999999995,74.890000000000001,75.079999999999998,53098,458,75.188473000000002
2018-01-19 05:00:00+00:00,75.359999999999999,75.420000000000002,74.609999999999999,74.780000000000001,56960,459,74.902294999999995
2018-01-22 05:00:00+00:00,74.829999999999998,75.120000000000005,74.643000000000001,75.120000000000005,56828,457,74.908000000000001
2018-01-23 05:00:00+00:00,75.430000000000007,75.569999999999993,74.599999999999994,75.159999999999997,85342,622,75.108998
2018-01-24 05:00:00+00:00,74.849999999999994,74.989999999999995,73.079999999999998,73.659999999999997,142856,1057,73.927092999999999
2018-01-25 05:00:00+00:00,74.340000000000003,74.349999999999994,72.599999999999994,72.640000000000001,83532,666,73.204740999999999
2018-01-26 05:00:00+00:00,73.709999999999994,74.640000000000001,73.140000000000001,74.640000000000001,116971,796,74.067608000000007
2018-01-29 05:00:00+00:00,74.390000000000001,75.230000000000004,73.760000000000005,74.730000000000004,173860,1376,74.541808000000003
2018-01-30 05:00:00+00:00,73.439999999999998,74.189999999999998,73.048000000000002,73.269999999999996,112086,863,73.504363999999995
2018-01-31 05:00:00+00:00,74.099999999999994,74.280000000000001,73.109999999999999,73.400000000000006,153065,1004,73.708597999999995
2018-02-01 05:00:00+00:00,72.939999999999998,74.290000000000006,72.939999999999998,73.450000000000003,217657,1588,73.680376999999993
2018-02-02 05:00:00+00:00,72.040000000000006,72.329999999999998,70.560000000000002,70.560000000000002,161358,1290,71.291175999999993
2018-02-05 05:00:00+00:00,69.769999999999996,70.810000000000002,67.280000000000001,67.299999999999997,362592,2644,69.175522999999998
2018-02-06 05:00:00+00:00,66.079999999999998,69.5,65.939999999999998,69.340000000000003,287598,2181,68.255668999999997
2018-02-07 05:00:00+00:00,68.510000000000005,68.709000000000003,67.180000000000007,67.180000000000007,170925,1297,67.961498000000006
2018-02-08 05:00:00+00:00,67.489999999999995,67.629999999999995,64.829999999999998,64.829999999999998,472142,2452,66.212226000000001
2018-02-09 05:00:00+00:00,65.959999999999994,66.769999999999996,63.890000000000001,66.319999999999993,632307,2581,65.639984999999996
2018-02-12 05:00:00+00:00,66.909999999999997,67.790000000000006,66.400000000000006,67.359999999999999,190911,1227,67.000390999999993
2018-02-13 05:00:00+00:00,66.989999999999995,67.569999999999993,66.829999999999998,67.560000000000002,80437,580,67.245930999999999
2018-02-14 05:00:00+00:00,66.939999999999998,68.640100000000004,66.939999999999998,68.450000000000003,79293,702,68.079573999999994
2018-02-15 05:00:00+00:00,68.810000000000002,69.290000000000006,67.75,69.25,221952,1421,68.637437000000006
2018-02-16 05:00:00+00:00,68.879999999999995,69.359999999999999,68.680000000000007,68.730000000000004,90841,785,68.950864999999993
2018-02-20 05:00:00+00:00,68.450000000000003,70.760000000000005,68.450000000000003,70.129999999999995,99081,752,70.042885999999996
2018-02-21 05:00:00+00:00,70.450000000000003,70.859999999999999,69.609999999999999,69.650000000000006,239283,1344,70.044206000000003
2018-02-22 05:00:00+00:00,69.939999999999998,70.340000000000003,69.409999999999997,69.599999999999994,390618,1499,69.775343000000007
2018-02-23 05:00:00+00:00,70.090000000000003,70.569999999999993,69.590000000000003,70.560000000000002,142228,1005,70.289878999999999
2018-02-26 05:00:00+00:00,71,72.299999999999997,70.959999999999994,72.260000000000005,190000,884,71.940695000000005
2018-02-27 05:00:00+00:00,72.200000000000003,73.346400000000003,72.030000000000001,72.030000000000001,79742,686,72.520825000000002
2018-02-28 05:00:00+00:00,72.340000000000003,72.400000000000006,71.239999999999995,71.239999999999995,122942,1013,71.789697000000004
2018-03-01 05:00:00+00:00,71.230000000000004,71.390000000000001,69.400000000000006,70.239999999999995,246864,1983,70.427778000000004
2018-03-02 05:00:00+00:00,69.629999999999995,71.760000000000005,69.569999999999993,71.640000000000001,207681,1344,70.701187000000004
2018-03-05 05:00:00+00:00,71.310000000000002,72.739999999999995,71.280000000000001,72.489999999999995,120376,1042,72.412965999999997
2018-03-06 05:00:00+00:00,73.019999999999996,73.689999999999998,72.739999999999995,73.599999999999994,163877,1243,73.368380000000002
2018-03-07 05:00:00+00:00,72.930000000000007,74.099999999999994,72.930000000000007,73.939999999999998,157590,1064,73.734927999999996
2018-03-08 05:00:00+00:00,74.209999999999994,74.400000000000006,73.849999999999994,74.329999999999998,52698,473,74.135165999999998
2018-03-09 05:00:00+00:00,74.819999999999993,75.430000000000007,74.5,75.170000000000002,66118,565,75.140404000000004
2018-03-12 04:00:00+00:00,75.719999999999999,76.370000000000005,75.569999999999993,76,87084,561,75.939938999999995
2018-03-13 04:00:00+00:00,76.409999999999997,76.569999999999993,74.390000000000001,74.680000000000007,589211,2876,75.385142999999999
2018-03-14 04:00:00+00:00,74.900000000000006,74.900000000000006,73.980000000000004,74.450000000000003,294719,1414,74.363485999999995
2018-03-15 04:00:00+00:00,74.760000000000005,75.018799999999999,74.170000000000002,74.459999999999994,123397,895,74.547494
2018-03-16 04:00:00+00:00,74.459999999999994,75.060000000000002,74.359999999999999,74.920000000000002,55068,413,74.847567999999995
2018-03-19 04:00:00+00:00,74.420000000000002,74.448599999999999,72.430000000000007,73.519999999999996,74472,556,73.156813
2018-03-20 04:00:00+00:00,73.540000000000006,74.5,73.540000000000006,74.379999999999995,86512,836,74.061785
2018-03-21 04:00:00+00:00,74.349999999999994,75.269999999999996,74.216899999999995,74.459999999999994,134952,1208,74.731504000000001
2018-03-22 04:00:00+00:00,73.459999999999994,74.120000000000005,72.409999999999997,72.409999999999997,84689,737,73.155190000000005
2018-03-23 04:00:00+00:00,72.510000000000005,72.670000000000002,70.269999999999996,70.269999999999996,261909,1739,71.014638000000005
2018-03-26 04:00:00+00:00,71.540000000000006,72.549999999999997,70.659999999999997,72.540000000000006,159130,1152,71.543896000000004
2018-03-27 04:00:00+00:00,73.079999999999998,73.079999999999998,69.799999999999997,70.25,168539,1361,71.125781000000003
2018-03-28 04:00:00+00:00,70.069999999999993,70.530000000000001,68.409999999999997,68.650000000000006,173747,1428,69.274692999999999
2018-03-29 04:00:00+00:00,69.150000000000006,70.640000000000001,68.549999999999997,70.060000000000002,116117,872,69.573057000000006
2018-04-02 04:00:00+00:00,69.480000000000004,69.859999999999999,67.159999999999997,67.670000000000002,146114,1238,67.972154000000003
2018-04-03 04:00:00+00:00,68.400000000000006,68.676299999999998,67.390000000000001,68.459999999999994,303928,1311,67.751140000000007
2018-04-04 04:00:00+00:00,66.870000000000005,69.849999999999994,66.780000000000001,69.689999999999998,128188,1040,68.344492000000002
2018-04-05 04:00:00+00:00,70.079999999999998,70.269999999999996,69.269499999999994,69.700000000000003,174305,1049,69.666138000000004
2018-04-06 04:00:00+00:00,68.849999999999994,69.670000000000002,67.579999999999998,67.840000000000003,121065,848,68.747865000000004
2018-04-09 04:00:00+00:00,68.540000000000006,69.560000000000002,67.829999999999998,67.829999999999998,91238,803,68.642235999999997
2018-04-10 04:00:00+00:00,69.140000000000001,70.599999999999994,68.909999999999997,70.180000000000007,176438,1234,69.771927000000005
2018-04-11 04:00:00+00:00,69.790000000000006,70.989999999999995,69.730000000000004,70.599999999999994,95023,771,70.591143000000002
2018-04-12 04:00:00+00:00,71.129999999999995,71.969999999999999,71,71.719999999999999,68460,536,71.645610000000005
2018-04-13 04:00:00+00:00,72.290000000000006,72.290000000000006,70.799999999999997,71.189999999999998,161523,1086,71.439983999999995
2018-04-16 04:00:00+00:00,71.25,71.430000000000007,70.109999999999999,70.760000000000005,126317,907,70.763081999999997
2018-04-17 04:00:00+00:00,71.25,72.5,71.25,72.359999999999999,70266,571,72.127880000000005
2018-04-18 04:00:00+00:00,72.390000000000001,73.069999999999993,71.75,72.510000000000005,310450,2379,72.734662999999998
2018-04-19 04:00:00+00:00,71.489999999999995,71.540000000000006,69.969999999999999,70.239999999999995,279628,1852,70.753517000000002
2018-04-20 04:00:00+00:00,70.159999999999997,70.560000000000002,69.230000000000004,69.400000000000006,145743,1003,69.732332999999997
2018-04-23 04:00:00+00:00,69.489999999999995,69.519999999999996,68.129999999999995,68.280000000000001,269548,1449,68.646270000000001
2018-04-24 04:00:00+00:00,68.760000000000005,69.5,67.390000000000001,68.060000000000002,133921,1095,68.279681999999994
2018-04-25 04:00:00+00:00,68.390000000000001,68.650000000000006,66.689999999999998,67.629999999999995,140732,986,67.816928000000004
2018-04-26 04:00:00+00:00,68.719999999999999,69.069999999999993,68.319999999999993,68.969999999999999,125476,837,68.794138000000004
2018-04-27 04:00:00+00:00,69.390000000000001,69.840000000000003,68.280000000000001,68.299999999999997,70343,614,68.911573000000004
2018-04-30 04:00:00+00:00,68.200000000000003,68.510000000000005,66.950000000000003,67.069999999999993,61144,492,67.376602000000005
2018-05-01 04:00:00+00:00,67.060000000000002,68.349999999999994,67.010000000000005,68.310000000000002,209458,1398,67.570372000000006
2018-05-02 04:00:00+00:00,68.480000000000004,69.290000000000006,68.450000000000003,68.700000000000003,127402,1010,68.862645999999998
2018-05-03 04:00:00+00:00,68.079999999999998,69.359999999999999,67.430000000000007,69.090000000000003,151493,907,68.161882000000006
2018-05-04 04:00:00+00:00,68.760000000000005,70.480000000000004,68.540000000000006,70.409999999999997,49752,406,69.848000999999996
2018-05-07 04:00:00+00:00,70.790000000000006,71.680000000000007,70.640000000000001,71.109999999999999,67677,437,71.325712999999993
2018-05-08 04:00:00+00:00,71.060000000000002,71.390000000000001,70.840000000000003,71.390000000000001,166064,969,71.097618999999995
2018-05-09 04:00:00+00:00,71.519999999999996,72.120000000000005,71,72.120000000000005,117425,709,71.633173999999997
2018-05-10 04:00:00+00:00,72.200000000000003,73.060000000000002,72.200000000000003,73.030000000000001,53896,472,72.734195
2018-05-11 04:00:00+00:00,72.859999999999999,72.859999999999999,71.959999999999994,72.140000000000001,91812,474,72.467303999999999
2018-05-14 04:00:00+00:00,72.739999999999995,73.849999999999994,72.739999999999995,73.099999999999994,197713,1141,73.492733999999999
2018-05-15 04:00:00+00:00,72.969999999999999,72.982399999999998,72.459999999999994,72.969999999999999,82408,633,72.762431000000007
2018-05-16 04:00:00+00:00,73.079999999999998,73.799999999999997,73.060000000000002,73.6601,116202,802,73.372127000000006
2018-05-17 04:00:00+00:00,73.5,74.180000000000007,73.120000000000005,73.629999999999995,45437,432,73.712233999999995
2018-05-18 04:00:00+00:00,73.519999999999996,73.620000000000005,72.909999999999997,73.230000000000004,59475,552,73.305646999999993
2018-05-21 04:00:00+00:00,74.079999999999998,74.579999999999998,73.310000000000002,73.799999999999997,72145,611,74.042225000000002
2018-05-22 04:00:00+00:00,74.290000000000006,74.700000000000003,73.930000000000007,73.969999999999999,78266,588,74.280051
2018-05-23 04:00:00+00:00,73.409999999999997,73.950000000000003,73.290000000000006,73.950000000000003,80033,532,73.634810999999999
2018-05-24 04:00:00+00:00,73.859999999999999,74.370000000000005,73.439999999999998,74.189999999999998,114760,625,73.997739999999993
2018-05-25 04:00:00+00:00,74.260000000000005,75.230000000000004,74.260000000000005,75.219999999999999,64295,387,74.965052
2018-05-29 04:00:00+00:00,74.969999999999999,75.549999999999997,74.310000000000002,74.930000000000007,78550,637,75.094340000000003
2018-05-30 04:00:00+00:00,75.280000000000001,75.909000000000006,74.909999999999997,75.349999999999994,83860,684,75.359585999999993
2018-05-31 04:00:00+00:00,75.219999999999999,75.730000000000004,74.689999999999998,74.799999999999997,59465,520,75.205566000000005
2018-06-01 04:00:00+00:00,75.25,76.180000000000007,75.180000000000007,76.159999999999997,100329,702,75.976095000000001
2018-06-04 04:00:00+00:00,76.510000000000005,76.510000000000005,75.799999999999997,76.420000000000002,69514,489,76.125283999999994
2018-06-05 04:00:00+00:00,76.569999999999993,76.795000000000002,76.209999999999994,76.650000000000006,37973,435,76.497551999999999
2018-06-06 04:00:00+00:00,76.640000000000001,76.980000000000004,76.129999999999995,76.980000000000004,72054,589,76.447480999999996
2018-06-07 04:00:00+00:00,77.040000000000006,77.549899999999994,76.034999999999997,76.549999999999997,66945,640,76.614804000000007
2018-06-08 04:00:00+00:00,75.969999999999999,76.379999999999995,75.474199999999996,76.310000000000002,92977,797,76.008244000000005
2018-06-11 04:00:00+00:00,76.290000000000006,76.792599999999993,76.159999999999997,76.599999999999994,42007,481,76.503784999999993
2018-06-12 04:00:00+00:00,76.829999999999998,77.409999999999997,76.510000000000005,77.125,86018,708,76.771539000000004
2018-06-13 04:00:00+00:00,77.180000000000007,77.794899999999998,76.939999999999998,77.040000000000006,111567,804,77.430465999999996
2018-06-14 04:00:00+00:00,77.480000000000004,78.019999999999996,77.1935,77.819999999999993,194147,1021,77.732391000000007
2018-06-15 04:00:00+00:00,76.959999999999994,77.469999999999999,76.760000000000005,77.450000000000003,50448,363,77.128118999999998
2018-06-18 04:00:00+00:00,76.879999999999995,77.219999999999999,76.060000000000002,77.189999999999998,70959,720,76.874217999999999
2018-06-19 04:00:00+00:00,76.129999999999995,76.329999999999998,74.849999999999994,76.209999999999994,101926,990,75.712434000000002
2018-06-20 04:00:00+00:00,76.950000000000003,77.269999999999996,76.430000000000007,76.870000000000005,58988,566,76.861312999999996
2018-06-21 04:00:00+00:00,77.370000000000005,77.370000000000005,75.650000000000006,75.780000000000001,173577,834,75.844086000000004
2018-06-22 04:00:00+00:00,76.319999999999993,76.319999999999993,75.239999999999995,75.340000000000003,282584,1412,75.550287999999995
2018-06-25 04:00:00+00:00,74.829999999999998,74.829999999999998,72.290000000000006,73.180000000000007,173208,1310,72.985129000000001
2018-06-26 04:00:00+00:00,73.469999999999999,73.729900000000001,72.739999999999995,73.540000000000006,91036,738,73.204604000000003
2018-06-27 04:00:00+00:00,73.829999999999998,74.129999999999995,71.670000000000002,71.670000000000002,155306,1070,72.580478999999997
2018-06-28 04:00:00+00:00,71.810000000000002,72.599999999999994,71.560000000000002,72.510000000000005,89079,765,72.048052999999996
2018-06-29 04:00:00+00:00,72.950000000000003,73.280000000000001,72.25,72.25,96838,665,72.792148999999995
2018-07-02 04:00:00+00:00,71.739999999999995,72.969999999999999,71.369500000000002,72.969999999999999,63232,581,72.134169999999997
2018-07-03 04:00:00+00:00,73.239999999999995,73.409999999999997,71.909999999999997,71.980000000000004,140087,796,72.869277999999994
2018-07-05 04:00:00+00:00,72.530000000000001,74.189999999999998,72.530000000000001,74.180000000000007,86930,612,73.549965
2018-07-06 04:00:00+00:00,74.349999999999994,74.980000000000004,73.890000000000001,74.890000000000001,115001,688,74.519867000000005
2018-07-09 04:00:00+00:00,75.430000000000007,75.430000000000007,74.569999999999993,75.420000000000002,58693,539,75.025242000000006
2018-07-10 04:00:00+00:00,75.599999999999994,76.430000000000007,75.599999999999994,76.409999999999997,157288,1036,76.075792000000007
2018-07-11 04:00:00+00:00,75.5,75.689999999999998,74.540099999999995,74.599999999999994,90478,701,75.000910000000005
2018-07-12 04:00:00+00:00,74.640000000000001,75.689999999999998,74.370000000000005,75.680000000000007,50633,392,75.111407999999997
2018-07-13 04:00:00+00:00,75.700000000000003,75.849999999999994,75.120000000000005,75.180000000000007,30826,276,75.406996000000007
2018-07-16 04:00:00+00:00,75.180000000000007,75.519999999999996,74.799999999999997,74.879999999999995,58976,596,75.115092000000004
2018-07-17 04:00:00+00:00,74.409999999999997,75.75,74.409999999999997,75.75,28563,278,75.256067000000002
2018-07-18 04:00:00+00:00,75.900000000000006,76.189999999999998,75.510000000000005,76.069999999999993,69436,524,75.91113
2018-07-19 04:00:00+00:00,75.870000000000005,76.219999999999999,75.469999999999999,76.140000000000001,58164,466,75.979996
2018-07-20 04:00:00+00:00,76.049999999999997,76.090000000000003,75.329999999999998,75.519999999999996,45978,396,75.736137999999997
2018-07-23 04:00:00+00:00,75.219999999999999,75.75,74.081000000000003,75.640000000000001,159104,937,74.884653
2018-07-24 04:00:00+00:00,76.310000000000002,76.489000000000004,74.659999999999997,74.700000000000003,146784,950,75.058620000000005
2018-07-25 04:00:00+00:00,74.420000000000002,74.959999999999994,73.560000000000002,74.819999999999993,146425,950,74.425685000000001
2018-07-26 04:00:00+00:00,75.280000000000001,76.189999999999998,75.010000000000005,76.049999999999997,165356,1009,75.929499000000007
2018-07-27 04:00:00+00:00,76.049999999999997,76.409999999999997,74.489999999999995,75.019999999999996,107800,886,75.327815999999999
2018-07-30 04:00:00+00:00,75.260000000000005,75.390000000000001,73.680000000000007,74.159999999999997,81670,682,74.464247999999998
2018-07-31 04:00:00+00:00,74.560000000000002,75.209999999999994,73.969999999999999,74.469999999999999,106048,710,74.670034000000001
2018-08-01 04:00:00+00:00,74.519999999999996,74.980000000000004,73.989999999999995,74.359999999999999,84925,743,74.383770999999996
2018-08-02 04:00:00+00:00,73.540000000000006,75.290000000000006,73.329999999999998,75.219999999999999,87134,730,74.601388999999998
2018-08-03 04:00:00+00:00,75.540000000000006,75.560000000000002,74.700000000000003,75.079999999999998,77164,632,75.029404999999997
2018-08-06 04:00:00+00:00,75.019999999999996,76.060000000000002,74.629999999999995,76.040000000000006,109128,665,75.588649000000004
2018-08-07 04:00:00+00:00,76.319999999999993,77.140000000000001,76.299999999999997,77,118892,910,76.831609
2018-08-08 04:00:00+00:00,76.900000000000006,77.396799999999999,76.599999999999994,77.290000000000006,67027,548,76.975520000000003
2018-08-09 04:00:00+00:00,76.950000000000003,77.280000000000001,76.709999999999994,76.780000000000001,64799,430,77.031343000000007
2018-08-10 04:00:00+00:00,75.890000000000001,75.890000000000001,74.989999999999995,75.230000000000004,93911,729,75.486405000000005
2018-08-13 04:00:00+00:00,75.310000000000002,75.930000000000007,75.280000000000001,75.439999999999998,95092,790,75.664192
2018-08-14 04:00:00+00:00,75.700000000000003,75.939999999999998,74.870000000000005,75.049999999999997,81716,759,75.268718000000007
2018-08-15 04:00:00+00:00,74.409999999999997,74.75,72.939999999999998,73.670000000000002,137434,1065,73.520134999999996
2018-08-16 04:00:00+00:00,74.219999999999999,74.400000000000006,73.620000000000005,73.799999999999997,79472,516,74.065057999999993
2018-08-17 04:00:00+00:00,73.209999999999994,73.829999999999998,72.551199999999994,73.769999999999996,139080,1051,73.306039999999996
2018-08-20 04:00:00+00:00,73.909999999999997,74.310000000000002,73.040000000000006,73.920000000000002,48486,470,73.692082999999997
2018-08-21 04:00:00+00:00,74.069999999999993,75.75,74.069999999999993,75.590000000000003,121539,648,75.221424999999996
2018-08-22 04:00:00+00:00,75.260000000000005,75.819999999999993,74.920000000000002,75.799999999999997,48616,436,75.535308000000001
2018-08-23 04:00:00+00:00,75.659999999999997,76.340000000000003,75.640000000000001,75.769999999999996,94868,691,75.974216999999996
2018-08-24 04:00:00+00:00,76.150000000000006,76.819999999999993,76,76.790000000000006,62368,503,76.501919999999998
2018-08-27 04:00:00+00:00,77.049999999999997,78.430000000000007,77.049999999999997,77.819999999999993,167794,1231,77.952922000000001
2018-08-28 04:00:00+00:00,78.159999999999997,78.430000000000007,77.239999999999995,78.040000000000006,141089,1204,77.797888999999998
2018-08-29 04:00:00+00:00,77.980000000000004,78.329999999999998,77.75,78.189999999999998,79545,682,78.066867999999999
2018-08-30 04:00:00+00:00,78.140000000000001,78.450000000000003,77.599999999999994,77.769999999999996,111456,957,78.059330000000003
2018-08-31 04:00:00+00:00,77.909999999999997,78.950000000000003,77.909999999999997,78.870000000000005,98934,779,78.486385999999996
2018-09-04 04:00:00+00:00,78.569999999999993,79.349999999999994,78.170000000000002,79.329999999999998,110086,991,78.698592000000005
2018-09-05 04:00:00+00:00,79.400000000000006,79.400000000000006,77.849999999999994,78.810000000000002,151965,1018,78.557884999999999
2018-09-06 04:00:00+00:00,78.640000000000001,78.709999999999994,77.069999999999993,77.120000000000005,113762,950,77.717579000000001
2018-09-07 04:00:00+00:00,76.859999999999999,77.75,76.159999999999997,76.340000000000003,170410,1214,77.054078000000004
2018-09-10 04:00:00+00:00,76.849999999999994,76.950000000000003,76.25,76.849999999999994,102526,891,76.595028999999997
2018-09-11 04:00:00+00:00,76.890000000000001,77.159999999999997,76.180000000000007,76.790000000000006,177393,1308,76.773990999999995
2018-09-12 04:00:00+00:00,76.099999999999994,76.099999999999994,74.069999999999993,76.010000000000005,203342,1215,74.799995999999993
2018-09-13 04:00:00+00:00,76.819999999999993,77.219999999999999,75.739999999999995,75.972099999999998,163559,1138,76.549346
2018-09-14 04:00:00+00:00,76.260000000000005,76.986900000000006,76.030000000000001,76.879999999999995,86817,725,76.583241999999998
2018-09-17 04:00:00+00:00,76.510000000000005,76.629999999999995,75.700000000000003,75.769999999999996,79990,663,76.236491000000001
2018-09-18 04:00:00+00:00,76.150000000000006,76.989999999999995,76.140000000000001,76.709999999999994,128849,944,76.553427999999997
2018-09-19 04:00:00+00:00,76.680000000000007,77.219999999999999,76.644199999999998,77.099999999999994,89410,815,76.959163000000004
2018-09-20 04:00:00+00:00,77.689999999999998,78.489999999999995,77.659999999999997,78.340000000000003,73581,644,78.093377000000004
2018-09-21 04:00:00+00:00,78.5,78.560000000000002,77.609999999999999,77.689999999999998,65113,543,78.045613000000003
2018-09-24 04:00:00+00:00,76.969999999999999,77.599999999999994,76.480000000000004,77.560000000000002,92863,708,77.351134000000002
2018-09-25 04:00:00+00:00,77.340000000000003,77.340000000000003,76.090000000000003,76.159999999999997,102105,635,76.394043999999994
2018-09-26 04:00:00+00:00,76.069999999999993,76.219999999999999,75.030000000000001,75.049999999999997,122317,892,75.726770000000002
2018-09-27 04:00:00+00:00,75.430000000000007,75.680000000000007,75.000100000000003,75.390000000000001,65805,571,75.389205000000004
2018-09-28 04:00:00+00:00,75.25,76.040000000000006,74.909999999999997,75.909999999999997,111860,897,75.678082000000003
2018-10-01 04:00:00+00:00,76.180000000000007,76.590000000000003,75.450000000000003,75.609999999999999,117120,870,76.266975000000002
2018-10-02 04:00:00+00:00,75.450000000000003,76.549999999999997,75.450000000000003,75.590000000000003,97750,656,76.129839000000004
2018-10-03 04:00:00+00:00,75.900000000000006,76.079999999999998,74.930000000000007,75.640000000000001,91296,781,75.624654000000007
2018-10-04 04:00:00+00:00,75.379999999999995,75.379999999999995,73.739999999999995,74.280000000000001,149615,1116,74.265771999999998
2018-10-05 04:00:00+00:00,74.180000000000007,74.290000000000006,71.310000000000002,71.890000000000001,163014,1220,72.232675999999998
2018-10-08 04:00:00+00:00,71.489999999999995,71.909999999999997,70.329999999999998,71.060000000000002,174304,1154,71.029492000000005
2018-10-09 04:00:00+00:00,70.879999999999995,71.269999999999996,70.579999999999998,70.969999999999999,143298,995,70.859983
2018-10-10 04:00:00+00:00,70.090000000000003,70.090000000000003,67.989999999999995,68.069999999999993,307693,2322,68.987824000000003
2018-10-11 04:00:00+00:00,67.879999999999995,69.280000000000001,67.439999999999998,67.670000000000002,274827,1845,68.395458000000005
2018-10-12 04:00:00+00:00,69.519999999999996,69.559399999999997,67.890000000000001,68.849999999999994,183197,1368,68.707807000000003
2018-10-15 04:00:00+00:00,68.590000000000003,69.480000000000004,68.150000000000006,68.769999999999996,151204,1072,68.829155999999998
2018-10-16 04:00:00+00:00,69.579999999999998,71.400000000000006,69.549999999999997,71.290000000000006,98372,726,70.599862999999999
2018-10-17 04:00:00+00:00,71.650000000000006,71.650000000000006,70.290000000000006,71.030000000000001,132014,1033,70.988765999999998
2018-10-18 04:00:00+00:00,70.680000000000007,70.680000000000007,69.040000000000006,69.200000000000003,147442,722,69.511043999999998
2018-10-19 04:00:00+00:00,69.579999999999998,69.980000000000004,67.890000000000001,68.079999999999998,162494,1211,68.716184999999996
2018-10-22 04:00:00+00:00,68.510000000000005,68.739999999999995,67.879999999999995,68.390000000000001,152245,848,68.276162999999997
2018-10-23 04:00:00+00:00,66.769999999999996,68.430000000000007,66,68.010000000000005,152009,1123,67.206345999999996
2018-10-24 04:00:00+00:00,67.150000000000006,67.150000000000006,63.340000000000003,63.369999999999997,395711,2443,65.355422000000004
2018-10-25 04:00:00+00:00,63.840000000000003,65.409999999999997,63.759999999999998,64.959999999999994,174418,1058,64.730498999999995
2018-10-26 04:00:00+00:00,63.32,64.840000000000003,62.479999999999997,63.670000000000002,178520,1494,63.651121000000003
2018-10-29 04:00:00+00:00,64.819999999999993,65.2376,62.280000000000001,63.25,198447,1663,63.768940000000001
2018-10-30 04:00:00+00:00,63.170000000000002,65.790000000000006,63.170000000000002,65.790000000000006,228604,1544,64.610454000000004
2018-10-31 04:00:00+00:00,66.590000000000003,67.689999999999998,66.260000000000005,67.299999999999997,199324,1525,67.071122000000003
2018-11-01 04:00:00+00:00,67.650000000000006,70.689999999999998,67.650000000000006,70.530000000000001,176342,1258,69.718441999999996
2018-11-02 04:00:00+00:00,70,70,68.609999999999999,69.510000000000005,150717,1098,69.260424
2018-11-05 05:00:00+00:00,69.420000000000002,69.420000000000002,67.790000000000006,68.769999999999996,104628,802,68.395330999999999
2018-11-06 05:00:00+00:00,68.530000000000001,69.549999999999997,68.530000000000001,69.140000000000001,87362,698,69.140443000000005
2018-11-07 05:00:00+00:00,69.930000000000007,70.310000000000002,69.340000000000003,69.870000000000005,124193,938,69.814809999999994
2018-11-08 05:00:00+00:00,69.239999999999995,70.349999999999994,69.239999999999995,69.959999999999994,89348,745,69.955038000000002
2018-11-09 05:00:00+00:00,69.25,69.349999999999994,68.280000000000001,68.879999999999995,184742,1136,68.811987999999999
2018-11-12 05:00:00+00:00,67.810000000000002,67.810000000000002,65.310000000000002,65.439999999999998,171154,1160,65.948217
2018-11-13 05:00:00+00:00,65.829999999999998,67.799999999999997,65.829999999999998,66.450000000000003,176424,1200,66.734829000000005
2018-11-14 05:00:00+00:00,67.150000000000006,67.760000000000005,66.510000000000005,67.200000000000003,152324,1134,67.100825999999998
2018-11-15 05:00:00+00:00,66.989999999999995,69.639200000000002,66.975300000000004,69.469999999999999,189741,1137,68.682124999999999
2018-11-16 05:00:00+00:00,67.569999999999993,69.469999999999999,67.569999999999993,69.280000000000001,183071,1335,68.801240000000007
2018-11-19 05:00:00+00:00,69.049999999999997,69.049999999999997,66.670000000000002,66.769999999999996,68985,623,67.502360999999993
2018-11-20 05:00:00+00:00,64.980000000000004,67.3797,64.980000000000004,66.519999999999996,136589,989,66.418176000000003
2018-11-21 05:00:00+00:00,67.25,67.823099999999997,67.060000000000002,67.319999999999993,49193,469,67.501219000000006
2018-11-23 05:00:00+00:00,66.719999999999999,68.040000000000006,66.719999999999999,67.409999999999997,14653,165,67.645926000000003
2018-11-26 05:00:00+00:00,68.239999999999995,68.969999999999999,67.932699999999997,68.900000000000006,68076,662,68.53828
2018-11-27 05:00:00+00:00,68.459999999999994,69.480000000000004,68.180000000000007,68.680000000000007,64680,577,68.962843000000007
2018-11-28 05:00:00+00:00,69.219999999999999,70.540000000000006,68.239999999999995,70.540000000000006,55295,488,69.384456
2018-11-29 05:00:00+00:00,70.129999999999995,70.640000000000001,69.890000000000001,69.959999999999994,46141,423,70.264122
2018-11-30 05:00:00+00:00,69.700000000000003,70.790000000000006,69.159999999999997,70.790000000000006,185304,955,70.137272999999993
2018-12-03 05:00:00+00:00,72.430000000000007,72.790000000000006,71.879999999999995,72.590000000000003,236378,1450,72.406036
2018-12-04 05:00:00+00:00,72.120000000000005,72.239999999999995,69.400000000000006,69.480000000000004,117617,875,70.844109000000003
2018-12-06 05:00:00+00:00,67.640000000000001,68.930000000000007,67.480000000000004,68.930000000000007,142962,1194,68.341255000000004
2018-12-07 05:00:00+00:00,68.890000000000001,69.155000000000001,66.310000000000002,66.659999999999997,148604,1091,67.191811999999999
2018-12-10 05:00:00+00:00,66.560000000000002,67.25,65.980000000000004,67.034999999999997,81250,628,66.718014999999994
2018-12-11 05:00:00+00:00,68.099999999999994,68.980000000000004,66.939999999999998,67.280000000000001,82410,681,67.851224000000002
2018-12-12 05:00:00+00:00,68.340000000000003,69.180000000000007,67.900000000000006,68.280000000000001,81023,459,68.456509999999994
2018-12-13 05:00:00+00:00,68.599999999999994,68.700000000000003,67.640000000000001,67.75,59056,433,68.009584000000004
2018-12-14 05:00:00+00:00,66.969999999999999,68.200000000000003,66.739999999999995,66.769999999999996,70118,488,67.378305999999995
2018-12-17 05:00:00+00:00,66.569999999999993,67.670000000000002,65.379999999999995,65.730000000000004,113707,731,66.286755999999997
2018-12-18 05:00:00+00:00,66.420000000000002,67.819999999999993,66.280000000000001,66.769999999999996,83414,590,67.121634
2018-12-19 05:00:00+00:00,66.430000000000007,66.870000000000005,63.68,64,275640,817,64.527435999999994
2018-12-20 05:00:00+00:00,63.920000000000002,64.939999999999998,62.409999999999997,63.229999999999997,224873,1391,63.530442000000001
2018-12-21 05:00:00+00:00,63.420000000000002,64.030000000000001,61.700000000000003,61.920000000000002,198072,842,62.862571000000003
2018-12-24 05:00:00+00:00,61.219999999999999,61.719999999999999,60.130000000000003,60.130000000000003,90645,553,60.897832000000001
2018-12-26 05:00:00+00:00,60.829999999999998,63.740000000000002,60.144399999999997,63.740000000000002,92668,729,61.865648999999998
2018-12-27 05:00:00+00:00,62.82,64.129999999999995,61.939999999999998,64.129999999999995,146628,873,62.501761000000002
2018-12-28 05:00:00+00:00,64.5,65.480000000000004,63.759999999999998,64.239999999999995,51412,439,64.468127999999993
2018-12-31 05:00:00+00:00,64.849999999999994,65.157499999999999,64,64.700000000000003,87579,664,64.507413
2019-01-02 05:00:00+00:00,63.409999999999997,65.700000000000003,63.409999999999997,65.200000000000003,34318,297,65.088447000000002
2019-01-03 05:00:00+00:00,63.810000000000002,63.990000000000002,61.310000000000002,61.409999999999997,131337,995,61.800429999999999
2019-01-04 05:00:00+00:00,62.280000000000001,64.299999999999997,62.280000000000001,63.93,124714,279,63.056223000000003
2019-01-07 05:00:00+00:00,64.209999999999994,65.859999999999999,64,65.209999999999994,67777,456,65.342890999999995
2019-01-08 05:00:00+00:00,65.829999999999998,65.862700000000004,64.724599999999995,65.519999999999996,165319,1097,65.171019999999999
2019-01-09 05:00:00+00:00,65.689999999999998,66.999899999999997,65.689999999999998,66.769999999999996,123168,688,66.723010000000002
2019-01-10 05:00:00+00:00,66.260000000000005,67.730000000000004,66.200000000000003,67.689999999999998,39284,301,67.437359000000001
2019-01-11 05:00:00+00:00,67.280000000000001,69.329999999999998,67.280000000000001,68.719999999999999,34491,294,68.600922999999995
2019-01-14 05:00:00+00:00,68.030000000000001,68.030000000000001,67.240899999999996,67.269999999999996,36237,637,67.567121999999998
2019-01-15 05:00:00+00:00,67.510000000000005,68.280000000000001,67.510000000000005,67.829999999999998,82337,555,67.906442999999996
2019-01-16 05:00:00+00:00,68,68.627300000000005,67.5,67.5,41336,286,67.961011999999997
2019-01-17 05:00:00+00:00,67.189999999999998,68.370000000000005,66.719999999999999,67.959999999999994,56592,377,67.500362999999993
2019-01-18 05:00:00+00:00,68.439999999999998,69.599999999999994,68.180000000000007,69.069999999999993,46959,318,69.079618999999994
2019-01-22 05:00:00+00:00,68.510000000000005,68.510000000000005,66.280000000000001,66.829999999999998,73516,878,67.069233999999994
2019-01-23 05:00:00+00:00,67.200000000000003,67.400000000000006,65.930000000000007,66.689999999999998,67157,439,66.503615999999994
2019-01-24 05:00:00+00:00,67.769999999999996,70.243700000000004,67.769999999999996,69.810000000000002,136030,718,69.601410999999999
2019-01-25 05:00:00+00:00,70.129999999999995,72.329999999999998,70.060000000000002,72.090000000000003,75254,562,71.644987
2019-01-28 05:00:00+00:00,69.870000000000005,71.600099999999998,69.860600000000005,70.989999999999995,45235,428,70.810672999999994
2019-01-29 05:00:00+00:00,71.049999999999997,71.049999999999997,70.010000000000005,70.060000000000002,56063,373,70.251052000000001
2019-01-30 05:00:00+00:00,70.969999999999999,71.659999999999997,70.049999999999997,71.370000000000005,69857,394,70.921657999999994
2019-01-31 05:00:00+00:00,71.209999999999994,72.258799999999994,71.099999999999994,71.670000000000002,184223,1212,71.556876000000003
2019-02-01 05:00:00+00:00,71.890000000000001,72.829999999999998,71.890000000000001,72.420000000000002,152289,990,72.369270999999998
2019-02-04 05:00:00+00:00,72.5,73.069999999999993,71.900300000000001,73.069999999999993,50406,301,72.745361000000003
2019-02-05 05:00:00+00:00,72.980000000000004,73.739999999999995,72.980000000000004,73.510000000000005,34550,297,73.383184999999997
2019-02-06 05:00:00+00:00,74.280000000000001,76.010000000000005,74.280000000000001,75.25,132798,1024,75.440859000000003
2019-02-07 05:00:00+00:00,74.340000000000003,74.790000000000006,73.090000000000003,73.620000000000005,213812,314,73.580644000000007
2019-02-08 05:00:00+00:00,72.430000000000007,73.969999999999999,72.184299999999993,73.790000000000006,34542,308,73.39282
2019-02-11 05:00:00+00:00,74.090000000000003,74.450000000000003,73.549999999999997,74.239999999999995,63537,434,73.982665999999995
2019-02-12 05:00:00+00:00,75.099999999999994,75.730000000000004,75.099999999999994,75.670000000000002,49296,401,75.531058999999999
2019-02-13 05:00:00+00:00,76.140000000000001,76.849999999999994,75.950000000000003,76.370000000000005,87435,770,76.473102999999995
2019-02-14 05:00:00+00:00,76.030000000000001,77.219999999999999,75.950000000000003,76.969999999999999,80383,481,76.910711000000006
2019-02-15 05:00:00+00:00,77.569999999999993,77.569999999999993,76.930000000000007,77.370000000000005,62988,317,77.229348000000002
2019-02-19 05:00:00+00:00,77.129999999999995,77.739999999999995,77,77.209999999999994,25665,236,77.348068999999995
2019-02-20 05:00:00+00:00,77.430000000000007,78.319999999999993,77.430000000000007,77.870000000000005,141740,623,78.056032000000002
2019-02-21 05:00:00+00:00,77.920000000000002,78.049999999999997,77.355000000000004,77.620000000000005,182064,935,77.714737
2019-02-22 05:00:00+00:00,78.340000000000003,79.293400000000005,78.25,79.260000000000005,54343,440,78.948937999999998
2019-02-25 05:00:00+00:00,80.430000000000007,80.870000000000005,79.859999999999999,79.900000000000006,152318,781,80.452031000000005
2019-02-26 05:00:00+00:00,79.689999999999998,79.723799999999997,79.209999999999994,79.370000000000005,152991,861,79.542795999999996
2019-02-27 05:00:00+00:00,78.930000000000007,78.930000000000007,77.599999999999994,78.569999999999993,68895,472,78.284775999999994
2019-02-28 05:00:00+00:00,78.349999999999994,79.044799999999995,78.180000000000007,78.739999999999995,95380,552,78.567052000000004
2019-03-01 05:00:00+00:00,79.480000000000004,79.8352,78.780000000000001,79.670000000000002,74705,601,79.346301999999994
2019-03-04 05:00:00+00:00,80.269999999999996,80.290000000000006,78.569999999999993,79.5,136098,912,79.503814000000006
2019-03-05 05:00:00+00:00,79.299999999999997,79.549999999999997,78.830100000000002,78.989999999999995,48380,423,79.173558999999997
2019-03-06 05:00:00+00:00,78.859999999999999,78.859999999999999,77.299999999999997,77.310000000000002,272266,558,78.019976
2019-03-07 05:00:00+00:00,77.090000000000003,77.090000000000003,76.040000000000006,76.340000000000003,66597,557,76.511228000000003
2019-03-08 05:00:00+00:00,75.25,76.510000000000005,74.989999999999995,76.370000000000005,54251,387,75.859027999999995
2019-03-11 04:00:00+00:00,76.709999999999994,78.709999999999994,76.709999999999994,78.5,65307,538,78.066327999999999
2019-03-12 04:00:00+00:00,78.739999999999995,78.939999999999998,77.981700000000004,78.569999999999993,54757,439,78.678068999999994
2019-03-13 04:00:00+00:00,79.040000000000006,79.480000000000004,78.680000000000007,78.905100000000004,132369,593,79.207705000000004
2019-03-14 04:00:00+00:00,78.819999999999993,79.030000000000001,78,78.090000000000003,58792,428,78.442328000000003
2019-03-15 04:00:00+00:00,78.75,80.409999999999997,78.75,79.890000000000001,68009,553,80.027859000000007
2019-03-18 04:00:00+00:00,79.790000000000006,79.790000000000006,78.430000000000007,79.096699999999998,61961,595,79.129171999999997
2019-03-19 04:00:00+00:00,79.659999999999997,80.409999999999997,79.659999999999997,80.129999999999995,60979,577,80.010159000000002
2019-03-20 04:00:00+00:00,80.209999999999994,80.430000000000007,78.754999999999995,79.319999999999993,54597,438,79.477588999999995
2019-03-21 04:00:00+00:00,79.5,82.108000000000004,79.5,81.689999999999998,66844,595,81.335927999999996
2019-03-22 04:00:00+00:00,81.239999999999995,81.239999999999995,78.709999999999994,78.730000000000004,141905,702,79.154741000000001
2019-03-25 04:00:00+00:00,78.519999999999996,78.730000000000004,77.299999999999997,78.010000000000005,115442,942,77.889262000000002
2019-03-26 04:00:00+00:00,78.909999999999997,79.245000000000005,78.157499999999999,78.799999999999997,54057,458,78.595804999999999
2019-03-27 04:00:00+00:00,78.799999999999997,78.859999999999999,76.670000000000002,77.599999999999994,86340,685,77.443235999999999
2019-03-28 04:00:00+00:00,77.870000000000005,78.602699999999999,77.209999999999994,77.799999999999997,185415,853,77.782414000000003
2019-03-29 04:00:00+00:00,78.230000000000004,78.650000000000006,78.049999999999997,78.510000000000005,126076,827,78.406261000000001
2019-04-01 04:00:00+00:00,79.519999999999996,80.569999999999993,79.370000000000005,80.5,52588,377,80.144188
2019-04-02 04:00:00+00:00,80.640000000000001,80.75,80.069999999999993,80.650000000000006,36213,322,80.548957000000001
2019-04-03 04:00:00+00:00,81.689999999999998,83.519999999999996,81.609999999999999,82.739999999999995,221052,1525,83.008745000000005
2019-04-04 04:00:00+00:00,82.519999999999996,83.280000000000001,82.355000000000004,82.890000000000001,90316,865,82.847194000000002
2019-04-05 04:00:00+00:00,83.299999999999997,83.549999999999997,82.913799999999995,83.430000000000007,73269,519,83.374902000000006
2019-04-08 04:00:00+00:00,83.099999999999994,83.790000000000006,82.780000000000001,83.680000000000007,52066,504,83.306657999999999
2019-04-09 04:00:00+00:00,83.319999999999993,83.319999999999993,82.629999999999995,82.790000000000006,63844,552,82.904189000000002
2019-04-10 04:00:00+00:00,82.920000000000002,84.329999999999998,82.920000000000002,84.25,90576,675,84.119545000000002
2019-04-11 04:00:00+00:00,84.340000000000003,84.540000000000006,83.590000000000003,83.980000000000004,60531,530,83.948812000000004
2019-04-12 04:00:00+00:00,84.5,85.200000000000003,84.370000000000005,85.180000000000007,139336,1039,84.934781999999998
2019-04-15 04:00:00+00:00,85.370000000000005,85.370000000000005,84.349999999999994,84.840000000000003,212086,643,84.917130999999998
2019-04-16 04:00:00+00:00,85.25,86.920000000000002,85.159999999999997,86.920000000000002,124591,967,86.353818000000004
2019-04-17 04:00:00+00:00,87.950000000000003,88.400000000000006,86.536799999999999,87.090000000000003,152945,1213,87.070952000000005
2019-04-18 04:00:00+00:00,87.260000000000005,87.329999999999998,86.599999999999994,86.959999999999994,104402,861,86.892487000000003
2019-04-22 04:00:00+00:00,86.689999999999998,86.900000000000006,86.219999999999999,86.819999999999993,89479,732,86.758477999999997
2019-04-23 04:00:00+00:00,86.969999999999999,87.920000000000002,86.969999999999999,87.709999999999994,106223,850,87.606178
2019-04-24 04:00:00+00:00,87.829999999999998,89.890000000000001,87.700000000000003,89.109999999999999,71168,576,89.197209000000001
2019-04-25 04:00:00+00:00,88.5,88.5,86.049999999999997,86.849999999999994,115192,853,86.800032000000002
2019-04-26 04:00:00+00:00,85.659999999999997,86.480000000000004,84.579999999999998,86.469999999999999,128849,967,85.702567999999999
2019-04-29 04:00:00+00:00,86.349999999999994,86.650000000000006,85.879999999999995,86.109999999999999,65355,332,86.289034000000001
2019-04-30 04:00:00+00:00,86.129999999999995,86.857699999999994,85.640000000000001,86.620000000000005,153667,939,86.445941000000005
2019-05-01 04:00:00+00:00,87.640000000000001,88.149900000000002,85.959999999999994,85.959999999999994,336597,1402,87.206643999999997
2019-05-02 04:00:00+00:00,85.650000000000006,87.709999999999994,85.5809,86.930000000000007,177017,1076,86.756666999999993
2019-05-03 04:00:00+00:00,87.510000000000005,87.959999999999994,87,87.959999999999994,100798,770,87.463593000000003
2019-05-06 04:00:00+00:00,85.109999999999999,86.689999999999998,84.790000000000006,86.489999999999995,103395,962,85.993258999999995
2019-05-07 04:00:00+00:00,85.659999999999997,85.959999999999994,83.890000000000001,84.859999999999999,359811,2310,84.560289999999995
2019-05-08 04:00:00+00:00,84.519999999999996,86.060000000000002,84.519999999999996,84.579999999999998,148502,1359,85.295419999999993
2019-05-09 04:00:00+00:00,83.390000000000001,83.939999999999998,81.760000000000005,83.560000000000002,311023,2388,83.020996999999994
2019-05-10 04:00:00+00:00,83.019999999999996,84.239999999999995,81.870000000000005,83.930000000000007,146878,1452,83.477402999999995
2019-05-13 04:00:00+00:00,81.400000000000006,81.629999999999995,78.969999999999999,79.390000000000001,258795,2329,79.663732999999993
2019-05-14 04:00:00+00:00,80.290000000000006,81.549999999999997,80.012100000000004,81.290000000000006,89759,909,81.063349000000002
2019-05-15 04:00:00+00:00,80.450000000000003,82.590000000000003,80.450000000000003,82.120000000000005,93052,795,82.096416000000005
2019-05-16 04:00:00+00:00,81,81.400000000000006,79.848600000000005,80.269999999999996,178919,1626,80.613425000000007
2019-05-17 04:00:00+00:00,78.980000000000004,79.893199999999993,77.439999999999998,77.569999999999993,185009,1813,78.388722999999999
2019-05-20 04:00:00+00:00,75.599999999999994,76.069999999999993,74.450000000000003,74.980000000000004,166655,1719,75.273398
2019-05-21 04:00:00+00:00,76.379999999999995,77.090000000000003,75.950000000000003,76.629999999999995,231752,1469,76.659589999999994
2019-05-22 04:00:00+00:00,75.629999999999995,76.5,75.509900000000002,75.680000000000007,73071,511,75.868523999999994
2019-05-23 04:00:00+00:00,74.439999999999998,74.611699999999999,73.329999999999998,74.290000000000006,153806,970,73.768789999999996
2019-05-24 04:00:00+00:00,74.890000000000001,75.359999999999999,74.129999999999995,74.159999999999997,305605,1504,74.719721000000007
2019-05-28 04:00:00+00:00,74.560000000000002,74.640000000000001,73.340000000000003,73.549999999999997,508690,1622,73.944191000000004
2019-05-29 04:00:00+00:00,73,74.75,72.719999999999999,74.260000000000005,261880,1937,74.007748000000007
2019-05-30 04:00:00+00:00,74.579999999999998,75.450000000000003,74.209999999999994,74.810000000000002,91983,963,74.885547000000003
2019-05-31 04:00:00+00:00,73.769999999999996,74.730000000000004,73.540000000000006,73.629999999999995,158611,1141,73.976596999999998
2019-06-03 04:00:00+00:00,74.840000000000003,76.029899999999998,74.25,74.689999999999998,121027,1177,74.984487000000001
2019-06-04 04:00:00+00:00,75.879999999999995,78.090000000000003,75.6999,78.060000000000002,137374,1168,77.224204
2019-06-05 04:00:00+00:00,78.680000000000007,78.680000000000007,76.579999999999998,77.480000000000004,221852,1125,77.302899999999994
2019-06-06 04:00:00+00:00,77.620000000000005,78.569999999999993,77.170000000000002,78.349999999999994,59094,580,77.918301
2019-06-07 04:00:00+00:00,78.659999999999997,79.400000000000006,78.530000000000001,79.209999999999994,156555,1226,79.147937999999996
2019-06-10 04:00:00+00:00,80.090000000000003,82.049999999999997,80.000100000000003,81.280000000000001,98581,771,81.445023000000006
2019-06-11 04:00:00+00:00,82.329999999999998,82.349999999999994,80.739999999999995,81.230000000000004,91312,839,81.636218999999997
2019-06-12 04:00:00+00:00,80.650000000000006,80.909999999999997,79.519999999999996,79.549999999999997,398976,1723,80.227940000000004
2019-06-13 04:00:00+00:00,80.180000000000007,80.619299999999996,79.950000000000003,80.400000000000006,64125,915,80.257377000000005
2019-06-14 04:00:00+00:00,78.599999999999994,78.730000000000004,78.109999999999999,78.359999999999999,90806,942,78.429164
2019-06-17 04:00:00+00:00,78.430000000000007,78.790000000000006,78.109999999999999,78.189999999999998,40749,411,78.468151000000006
2019-06-18 04:00:00+00:00,79.069999999999993,82.340000000000003,79.069999999999993,81.840000000000003,150908,1293,81.637210999999994
2019-06-19 04:00:00+00:00,82.090000000000003,82.450000000000003,81.439999999999998,81.829999999999998,101591,743,81.868609000000006
2019-06-20 04:00:00+00:00,83.439999999999998,83.719999999999999,82.090000000000003,82.390000000000001,67424,661,82.731671000000006
2019-06-21 04:00:00+00:00,82,82.319999999999993,81.402500000000003,81.599999999999994,49062,521,81.725256000000002
2019-06-24 04:00:00+00:00,81.620000000000005,81.840000000000003,81.200000000000003,81.200000000000003,42858,468,81.543445000000006
2019-06-25 04:00:00+00:00,81.349999999999994,81.650000000000006,79.819999999999993,79.819999999999993,185566,1654,80.624500999999995
2019-06-26 04:00:00+00:00,81.459999999999994,82.680000000000007,81.459999999999994,82.290000000000006,76723,744,82.337402999999995
2019-06-27 04:00:00+00:00,82.760000000000005,84.150000000000006,82.760000000000005,84.049999999999997,89096,745,83.889435000000006
2019-06-28 04:00:00+00:00,84.760000000000005,84.909999999999997,84.010000000000005,84.370000000000005,119907,713,84.548727
2019-07-01 04:00:00+00:00,87.75,88.579999999999998,86.180000000000007,86.840000000000003,205298,2033,87.047190999999998
2019-07-02 04:00:00+00:00,86.590000000000003,86.819999999999993,85.329999999999998,85.739999999999995,80685,767,85.771741000000006
2019-07-03 04:00:00+00:00,85.849999999999994,85.849999999999994,85.123999999999995,85.689999999999998,32526,293,85.452521000000004
2019-07-05 04:00:00+00:00,84.890000000000001,85.700999999999993,84.606999999999999,85.650000000000006,42551,514,85.216626000000005
2019-07-08 04:00:00+00:00,84.819999999999993,85.170000000000002,84.640000000000001,85.010099999999994,52196,971,84.981132000000002
2019-07-09 04:00:00+00:00,84.469999999999999,86.159999999999997,84.469999999999999,86.079999999999998,124062,1762,85.868536000000006
2019-07-10 04:00:00+00:00,86.849999999999994,87.75,86.459999999999994,86.780000000000001,69574,721,87.041185999999996
2019-07-11 04:00:00+00:00,87.25,87.25,86.239999999999995,86.709999999999994,49655,785,86.560890999999998
2019-07-12 04:00:00+00:00,87,88.390000000000001,86.849999999999994,88.310000000000002,87047,1237,87.930000000000007
2019-07-15 04:00:00+00:00,88.599999999999994,89.209999999999994,88.319999999999993,88.859999999999999,53045,576,88.697326000000004
2019-07-16 04:00:00+00:00,88.569999999999993,88.569999999999993,87.576599999999999,88.019999999999996,44548,442,88.160184000000001
2019-07-17 04:00:00+00:00,88.489999999999995,88.514700000000005,87.900000000000006,88.069999999999993,31777,369,88.207510999999997
2019-07-18 04:00:00+00:00,88.140000000000001,89.400000000000006,88.069999999999993,89.120000000000005,50531,554,88.889781999999997
2019-07-19 04:00:00+00:00,89.569999999999993,89.920000000000002,89,89,64809,590,89.475571000000002
2019-07-22 04:00:00+00:00,89.430000000000007,90.579999999999998,89.430000000000007,90.310000000000002,72122,663,90.298743999999999
2019-07-23 04:00:00+00:00,90.879999999999995,91.510000000000005,90.599999999999994,91.5,133874,839,91.045642000000001
2019-07-24 04:00:00+00:00,91.900000000000006,94.5,91.900000000000006,94.319999999999993,112491,1058,93.491175999999996
2019-07-25 04:00:00+00:00,93.75,93.75,92.790000000000006,93.030000000000001,112061,847,93.283478000000002
2019-07-26 04:00:00+00:00,93.549999999999997,93.75,93.239999999999995,93.379999999999995,91822,836,93.444541000000001
2019-07-29 04:00:00+00:00,93.189999999999998,93.375,92.180000000000007,93.200000000000003,62897,628,92.893874999999994
2019-07-30 04:00:00+00:00,92.260000000000005,93.390000000000001,92.057400000000001,93.290000000000006,44128,512,92.767335000000003
2019-07-31 04:00:00+00:00,93.409999999999997,93.629999999999995,90.859999999999999,91.700000000000003,102808,1134,92.480739999999997
2019-08-01 04:00:00+00:00,92.170000000000002,95.313599999999994,90.569999999999993,91.280000000000001,201401,1849,93.043925999999999
2019-08-02 04:00:00+00:00,90.709999999999994,90.969999999999999,88.980000000000004,89.780000000000001,265239,1624,89.987993000000003
2019-08-05 04:00:00+00:00,87.170000000000002,87.170000000000002,84.980000000000004,85.719999999999999,232457,2010,85.794121000000004
2019-08-06 04:00:00+00:00,87.060000000000002,88.010000000000005,85.980000000000004,86.819999999999993,197208,1355,87.031486999999998
2019-08-07 04:00:00+00:00,86.049999999999997,88,85.769999999999996,87.930000000000007,335383,2617,87.033760000000001
2019-08-08 04:00:00+00:00,88.609999999999999,90.548599999999993,88.430000000000007,90.469999999999999,192021,1654,89.669443999999999
2019-08-09 04:00:00+00:00,89.659999999999997,89.659999999999997,88.060000000000002,88.569999999999993,121134,1143,88.863743999999997
2019-08-12 04:00:00+00:00,87.760000000000005,88.254999999999995,86.730000000000004,87.159999999999997,128210,1309,87.269525999999999
2019-08-13 04:00:00+00:00,86.930000000000007,90.140000000000001,86.400000000000006,89.510000000000005,67497,536,89.486050000000006
2019-08-14 04:00:00+00:00,87.310000000000002,87.819999999999993,86.109999999999999,86.530000000000001,143088,1280,86.715204
2019-08-15 04:00:00+00:00,87.120000000000005,87.120000000000005,85.859999999999999,86.469999999999999,105321,1059,86.470567000000003
2019-08-16 04:00:00+00:00,87.480000000000004,89.019999999999996,87.480000000000004,88.900000000000006,50690,591,88.496590999999995
2019-08-19 04:00:00+00:00,90.829999999999998,91.569999999999993,89.920000000000002,89.980000000000004,142291,988,90.456823999999997
2019-08-20 04:00:00+00:00,89.790000000000006,90.317999999999998,89.269999999999996,89.859999999999999,59986,608,89.983508999999998
2019-08-21 04:00:00+00:00,90.75,90.75,89.879999999999995,90.319999999999993,108130,965,90.216085000000007
2019-08-22 04:00:00+00:00,90.569999999999993,90.659999999999997,89.030000000000001,90.040000000000006,57843,548,89.824202999999997
2019-08-23 04:00:00+00:00,89.049999999999997,89.450000000000003,85.879999999999995,86.099999999999994,303544,2395,87.083307000000005
2019-08-26 04:00:00+00:00,87.409999999999997,87.409999999999997,86.069999999999993,86.310000000000002,60126,646,86.710656999999998
2019-08-27 04:00:00+00:00,87.159999999999997,87.359999999999999,85.280000000000001,85.709999999999994,225781,2438,86.226799
2019-08-28 04:00:00+00:00,85.299999999999997,86.379999999999995,84.790000000000006,86.230000000000004,93167,937,85.943706000000006
2019-08-29 04:00:00+00:00,87.560000000000002,88.516900000000007,87.329999999999998,87.930000000000007,50351,497,88.150777000000005
2019-08-30 04:00:00+00:00,88.640000000000001,88.879999999999995,87.739999999999995,88.069999999999993,46641,327,88.472849999999994
2019-09-03 04:00:00+00:00,87.150000000000006,87.349999999999994,85.903800000000004,86.390000000000001,101178,502,86.875479999999996
2019-09-04 04:00:00+00:00,87.609999999999999,88.689999999999998,87.609999999999999,88.680000000000007,75111,400,88.220922999999999
2019-09-05 04:00:00+00:00,90.329999999999998,92.366,90.329999999999998,91.25,166458,1436,91.464197999999996
2019-09-06 04:00:00+00:00,91.390000000000001,91.981999999999999,90.939999999999998,91.659999999999997,47444,621,91.606763000000001
2019-09-09 04:00:00+00:00,92.159999999999997,92.980000000000004,91.659999999999997,92.019999999999996,102296,843,92.138125000000002
2019-09-10 04:00:00+00:00,91.689999999999998,92,90.739999999999995,92,105812,730,91.449796000000006
2019-09-11 04:00:00+00:00,92.450000000000003,94,92.098600000000005,93.870000000000005,76282,622,93.602174000000005
2019-09-12 04:00:00+00:00,94.370000000000005,94.629999999999995,93,94.200000000000003,136741,1152,94.083089999999999
2019-09-13 04:00:00+00:00,94.349999999999994,94.989999999999995,93.859999999999999,94.280000000000001,62644,503,94.439081000000002
2019-09-16 04:00:00+00:00,93.599999999999994,94.219999999999999,93.001400000000004,93.870000000000005,59336,542,93.873637000000002
2019-09-17 04:00:00+00:00,93.719999999999999,94.310000000000002,93.175700000000006,94.180000000000007,44485,621,93.882729999999995
2019-09-18 04:00:00+00:00,94.170000000000002,94.209999999999994,92.620000000000005,93.969999999999999,52374,554,93.630139
2019-09-19 04:00:00+00:00,94.200000000000003,94.8566,93.370000000000005,93.480000000000004,63277,600,94.149322999999995
2019-09-20 04:00:00+00:00,93.609999999999999,93.609999999999999,91.650000000000006,92.269999999999996,123270,1215,92.485392000000004
2019-09-23 04:00:00+00:00,92.290000000000006,93.810000000000002,91.799999999999997,93.230000000000004,167269,1135,93.104549000000006
2019-09-24 04:00:00+00:00,93.760000000000005,93.969999999999999,90.739999999999995,91.170000000000002,81417,912,91.522533999999993
2019-09-25 04:00:00+00:00,90.939999999999998,92.879999999999995,90.180000000000007,92.659999999999997,54805,510,91.419685999999999
2019-09-26 04:00:00+00:00,92.590000000000003,92.879999999999995,91.598399999999998,91.930000000000007,50863,462,92.086968999999996
2019-09-27 04:00:00+00:00,91.5,91.629999999999995,88.900000000000006,89.359999999999999,259860,2287,90.383469000000005
2019-09-30 04:00:00+00:00,89.659999999999997,90.079999999999998,89.209999999999994,89.819999999999993,79664,667,89.673069999999996
2019-10-01 04:00:00+00:00,90.459999999999994,91.269999999999996,88.189999999999998,88.430000000000007,78848,960,89.338076999999998
2019-10-02 04:00:00+00:00,87.620000000000005,88,86.469999999999999,86.989999999999995,132632,1149,86.988277999999994
2019-10-03 04:00:00+00:00,86.989999999999995,88.680000000000007,85.910399999999996,88.510000000000005,72906,1084,87.454943
2019-10-04 04:00:00+00:00,89.109999999999999,90.448999999999998,89.069999999999993,90.420000000000002,61652,405,89.892649000000006
2019-10-07 04:00:00+00:00,90.439999999999998,90.829999999999998,89.689999999999998,89.689999999999998,29292,508,90.251643999999999
2019-10-08 04:00:00+00:00,88.719999999999999,88.719999999999999,86.879999999999995,86.895600000000002,50143,804,87.596085000000002
2019-10-09 04:00:00+00:00,87.879999999999995,88.450000000000003,87.469999999999999,87.909999999999997,234479,737,87.706363999999994
2019-10-10 04:00:00+00:00,88.120000000000005,89.829999999999998,88.120000000000005,88.790000000000006,57740,728,88.899337000000003
2019-10-11 04:00:00+00:00,90.530000000000001,91.640000000000001,90.280000000000001,90.75,111379,985,90.907090999999994
2019-10-14 04:00:00+00:00,90.709999999999994,90.709999999999994,90.120000000000005,90.390000000000001,37722,263,90.436378000000005
2019-10-15 04:00:00+00:00,90.909999999999997,92.383899999999997,90.700599999999994,92.189999999999998,101010,521,92.112187000000006
2019-10-16 04:00:00+00:00,91.840000000000003,92.185000000000002,90.810000000000002,90.959999999999994,37053,378,91.383938000000001
2019-10-17 04:00:00+00:00,91.680000000000007,92.010000000000005,90.968000000000004,91.299999999999997,37262,257,91.485619
2019-10-18 04:00:00+00:00,91.079999999999998,91.310000000000002,89.349999999999994,90.370000000000005,141733,1221,90.510463999999999
2019-10-21 04:00:00+00:00,91.109999999999999,92.108999999999995,91.060000000000002,91.769999999999996,55209,468,91.763330999999994
2019-10-22 04:00:00+00:00,91.980000000000004,92.019999999999996,90.819999999999993,90.849999999999994,85265,691,91.378771
2019-10-23 04:00:00+00:00,89.409999999999997,90.392300000000006,89.165899999999993,89.519999999999996,114998,858,89.490765999999994
2019-10-24 04:00:00+00:00,90.260000000000005,90.819999999999993,89.920000000000002,90.709999999999994,62273,515,90.429886999999994
2019-10-25 04:00:00+00:00,90.920000000000002,91.879999999999995,90.75,91.590000000000003,27368,367,91.400616999999997
2019-10-28 04:00:00+00:00,92.439999999999998,93.719999999999999,92.439999999999998,93.549999999999997,179820,1287,93.271146000000002
2019-10-29 04:00:00+00:00,93.560000000000002,94,92.75,92.829999999999998,92351,948,93.079723999999999
2019-10-30 04:00:00+00:00,93.519999999999996,93.620000000000005,92.503799999999998,93.129999999999995,133807,1031,93.285111999999998
2019-10-31 04:00:00+00:00,93.349999999999994,93.890000000000001,92.810000000000002,93.890000000000001,62080,583,93.536101000000002
2019-11-01 04:00:00+00:00,94.939999999999998,96.75,94.781000000000006,96.75,82678,710,96.127056999999994
2019-11-04 05:00:00+00:00,98.079999999999998,98.590000000000003,97.774799999999999,98.489999999999995,103665,779,98.230176999999998
2019-11-05 05:00:00+00:00,98.620000000000005,99.569000000000003,98.390000000000001,98.870000000000005,69295,630,99.036623000000006
2019-11-06 05:00:00+00:00,98.450000000000003,98.450000000000003,96.912400000000005,97.569999999999993,54278,564,97.592583000000005
2019-11-07 05:00:00+00:00,98.819999999999993,99.150000000000006,97.920000000000002,98.370000000000005,68879,656,98.650177999999997
2019-11-08 05:00:00+00:00,97.989999999999995,99.359999999999999,97.819999999999993,99.319999999999993,57870,523,98.792653999999999
2019-11-11 05:00:00+00:00,98.75,99.2637,98.400000000000006,99.099999999999994,190769,1171,98.751777000000004
2019-11-12 05:00:00+00:00,99.590000000000003,100.5224,99.489999999999995,99.870000000000005,66384,474,100.087861
2019-11-13 05:00:00+00:00,98.989999999999995,100.02,98.409999999999997,99.930000000000007,142943,985,99.467899000000003
2019-11-14 05:00:00+00:00,99.620000000000005,99.620000000000005,98.849999999999994,99.400000000000006,53589,530,99.288450999999995
2019-11-15 05:00:00+00:00,100.31,100.73,99.489999999999995,99.799999999999997,155327,1249,99.916477999999998
2019-11-18 05:00:00+00:00,99.730000000000004,99.730000000000004,98.820499999999996,98.969999999999999,64352,579,99.327201000000002
2019-11-19 05:00:00+00:00,99.510000000000005,99.650000000000006,98.390000000000001,98.920000000000002,150096,1212,98.914332999999999
2019-11-20 05:00:00+00:00,98.450000000000003,98.723299999999995,96.560000000000002,97.159999999999997,232379,1543,98.013017000000005
2019-11-21 05:00:00+00:00,96.890000000000001,97.122200000000007,95.930000000000007,96.314999999999998,106881,963,96.497173000000004
2019-11-22 05:00:00+00:00,96.709999999999994,97.140000000000001,96,96.409999999999997,55514,524,96.511267000000004
2019-11-25 05:00:00+00:00,97.099999999999994,98.989999999999995,97.099999999999994,98.959999999999994,116025,901,98.553678000000005
2019-11-26 05:00:00+00:00,98.879999999999995,98.879999999999995,98.120000000000005,98.469999999999999,89645,700,98.550251000000003
2019-11-27 05:00:00+00:00,98.920000000000002,99.230000000000004,98.75,99.069999999999993,123565,759,98.939723999999998
2019-11-29 05:00:00+00:00,98.579999999999998,98.680000000000007,97.75,97.819999999999993,52845,375,98.202305999999993
2019-12-02 05:00:00+00:00,97.989999999999995,97.989999999999995,96.090000000000003,96.310000000000002,130726,888,96.486276000000004
2019-12-03 05:00:00+00:00,94.340000000000003,95.372600000000006,93.989999999999995,95.329999999999998,181974,1312,94.654545999999996
2019-12-04 05:00:00+00:00,96.489999999999995,97.079700000000003,96.340000000000003,96.680000000000007,189584,1315,96.611444000000006
2019-12-05 05:00:00+00:00,97.150000000000006,97.680000000000007,96.260000000000005,96.670000000000002,108478,1313,96.695346000000001
2019-12-06 05:00:00+00:00,97.930000000000007,98.700000000000003,97.760000000000005,98.379999999999995,101156,927,98.533626999999996
2019-12-09 05:00:00+00:00,98.489999999999995,98.555000000000007,97.489999999999995,97.489999999999995,87096,1089,98.074243999999993
2019-12-10 05:00:00+00:00,97.840000000000003,98.709999999999994,97.670000000000002,98.069999999999993,46610,553,98.196960000000004
2019-12-11 05:00:00+00:00,98.519999999999996,100.2128,98.519999999999996,100.15000000000001,82798,1110,99.636278000000004
2019-12-12 05:00:00+00:00,100,102.48999999999999,99.959999999999994,102.44,165436,1733,101.599234
2019-12-13 05:00:00+00:00,102.66,103.69,101.95,102.13,155668,1276,102.36167399999999
2019-12-16 05:00:00+00:00,103.38,104.31,103.38,103.53,148925,1563,103.903412
2019-12-17 05:00:00+00:00,103.86,103.98,103.23999999999999,103.90000000000001,88119,840,103.757762
2019-12-18 05:00:00+00:00,104.04000000000001,104.14660000000001,103.55,103.93000000000001,93554,921,103.888395
2019-12-19 05:00:00+00:00,104.56999999999999,105.06999999999999,103.926,105.03,276458,2180,104.678467
2019-12-20 05:00:00+00:00,105.72,105.9901,105.1887,105.84,76930,605,105.69717199999999
2019-12-23 05:00:00+00:00,106.39,106.48999999999999,105.70999999999999,106.31999999999999,98915,714,106.204489
2019-12-24 05:00:00+00:00,106.56,106.66,105.98999999999999,106.66,45639,388,106.238568
2019-12-26 05:00:00+00:00,106.91,107.44,106.48,107.44,73251,521,107.162161
2019-12-27 05:00:00+00:00,107.90000000000001,107.94,106.34,106.62,111696,960,107.09349400000001
2019-12-30 05:00:00+00:00,106.63,106.63,104.83,105.87,92184,953,105.651006
2019-12-31 05:00:00+00:00,105.48999999999999,106.34,105.48999999999999,105.89,42747,521,105.971141
2020-01-02 05:00:00+00:00,107.33,108.06999999999999,106.413,108.06999999999999,121527,1115,107.095575
2020-01-03 05:00:00+00:00,107,107.33,106.08,106.38,253930,1339,106.66818499999999
2020-01-06 05:00:00+00:00,105.03,105.7611,104.56,105.64,111438,1015,105.182385
2020-01-07 05:00:00+00:00,106.56,107.833,106.34,107.27,81548,674,107.141285
2020-01-08 05:00:00+00:00,107.34999999999999,108.61,107.09,107.86,103873,1058,107.78362799999999
2020-01-09 05:00:00+00:00,109.05,109.47,107.38,108.47,89351,807,108.355091
2020-01-10 05:00:00+00:00,109.02,109.02,107.678,108.06,76670,748,108.34375799999999
2020-01-13 05:00:00+00:00,108.7,110.20999999999999,108.515,109.93000000000001,72065,700,109.725848
2020-01-14 05:00:00+00:00,110.09,110.9006,109.03,110.09,154768,1333,110.076634
2020-01-15 05:00:00+00:00,109.81,109.81,107.84999999999999,108.22,98897,1070,108.598578
2020-01-16 05:00:00+00:00,109.11,110.26000000000001,109.11,110.26000000000001,133472,1214,109.844559
2020-01-17 05:00:00+00:00,110.84,111.29000000000001,110.21120000000001,111.29000000000001,136580,1153,110.75612099999999
2020-01-21 05:00:00+00:00,110.92,111.14,110.16500000000001,110.58,88986,883,110.7256
2020-01-22 05:00:00+00:00,111.29000000000001,112.38500000000001,110.87,111.13,54111,667,111.687963
2020-01-23 05:00:00+00:00,111.23,112.58,110.45999999999999,112.52,190908,989,111.999274
2020-01-24 05:00:00+00:00,113.56999999999999,113.56999999999999,109.58,110.34,412233,3311,111.034401
2020-01-27 05:00:00+00:00,107.2,107.63,105.7,106.19,333270,2425,106.79402399999999
2020-01-28 05:00:00+00:00,107.31999999999999,108.7,106.84999999999999,108.37,64609,764,107.773455
2020-01-29 05:00:00+00:00,108.45,108.48,106.27,106.31999999999999,115375,1105,107.229148
2020-01-30 05:00:00+00:00,105.70999999999999,106.61,104.12,105.84,234606,2161,105.065737
2020-01-31 05:00:00+00:00,105.33,105.33,101.62,102.09,231875,2236,102.911873
2020-02-03 05:00:00+00:00,102.39,103.01000000000001,101.97,102.81,225880,2016,102.584153
2020-02-04 05:00:00+00:00,104.92,105.7299,104.61,105.62,111714,1222,105.18736699999999
2020-02-05 05:00:00+00:00,107.73,108.48,106.29000000000001,108.20999999999999,132037,1388,107.52552799999999
2020-02-06 05:00:00+00:00,108.48,108.48,107.31,107.61,247051,1084,107.750651
2020-02-07 05:00:00+00:00,107.09999999999999,107.2,105.7097,105.73,108854,1116,106.41371700000001
2020-02-10 05:00:00+00:00,104.94,106.98,104.64,106.94,65088,645,105.768343
2020-02-11 05:00:00+00:00,107.81,109.86,107.81,109.20999999999999,117727,1289,109.230384
2020-02-12 05:00:00+00:00,110.34,111.62269999999999,110.34,111.48,176159,1404,111.14169
2020-02-13 05:00:00+00:00,110.23999999999999,110.90000000000001,109.20999999999999,110.11,61753,640,110.10319800000001
2020-02-14 05:00:00+00:00,110.81999999999999,110.8224,108.73999999999999,109.33,42314,547,109.327651
2020-02-18 05:00:00+00:00,107.98,108.6032,107.52,108.45999999999999,106975,1118,108.256383
2020-02-19 05:00:00+00:00,109.72,111.22629999999999,109.72,111,154149,1450,110.756604
2020-02-20 05:00:00+00:00,110.83,111,108,110.01000000000001,74879,782,109.43458200000001
2020-02-21 05:00:00+00:00,108.73999999999999,108.73999999999999,105.97,106.42,66002,880,106.720837
2020-02-24 05:00:00+00:00,101.26000000000001,103.03,100.64,101.70999999999999,197461,2182,102.096242
2020-02-25 05:00:00+00:00,102.76000000000001,102.76000000000001,98.230000000000004,98.670000000000002,172463,1908,99.662835000000001
2020-02-26 05:00:00+00:00,99.260000000000005,100.78270000000001,97.519999999999996,98,169224,1741,99.028662999999995
2020-02-27 05:00:00+00:00,95,96.930000000000007,93.060000000000002,93.340000000000003,164863,1857,94.964034999999996
2020-02-28 05:00:00+00:00,89.680000000000007,95.760000000000005,89.447999999999993,95.430000000000007,234390,1987,93.513701999999995
2020-03-02 05:00:00+00:00,96.819999999999993,98.109999999999999,93.780000000000001,98.030000000000001,160171,1608,95.884658999999999
2020-03-03 05:00:00+00:00,98.680000000000007,100.151,94.459999999999994,95.260000000000005,134015,1369,96.580492000000007
2020-03-04 05:00:00+00:00,97.469999999999999,98.900000000000006,95.780000000000001,98.900000000000006,60563,736,97.691587999999996
2020-03-05 05:00:00+00:00,96.629999999999995,98.549999999999997,95.349999999999994,96.140000000000001,58194,926,96.800736999999998
2020-03-06 05:00:00+00:00,93.409999999999997,94.390000000000001,90.800700000000006,93.159999999999997,80091,919,92.328543999999994
2020-03-09 04:00:00+00:00,84.620000000000005,88.889899999999997,84.260000000000005,84.340000000000003,183425,1543,86.049773999999999
2020-03-10 04:00:00+00:00,88.739999999999995,90.400000000000006,85.909999999999997,90.400000000000006,93194,1115,87.837354000000005
2020-03-11 04:00:00+00:00,87.629999999999995,88.5,84.299999999999997,85.010000000000005,169998,1576,87.103851000000006
2020-03-12 04:00:00+00:00,78.700000000000003,82.989999999999995,72.650000000000006,75.980000000000004,254710,1845,77.752702999999997
2020-03-13 04:00:00+00:00,80.900000000000006,82.959999999999994,75.719999999999999,82.829999999999998,194761,1539,79.011841000000004
2020-03-16 04:00:00+00:00,73.489999999999995,77.805099999999996,71.109999999999999,71.109999999999999,212314,1557,74.716841000000002
2020-03-17 04:00:00+00:00,73.010000000000005,78.530000000000001,69.920000000000002,78.140000000000001,175812,1599,75.996075000000005
2020-03-18 04:00:00+00:00,72.370000000000005,76.370000000000005,68.948099999999997,71.480000000000004,130944,1488,72.012043000000006
2020-03-19 04:00:00+00:00,70.840000000000003,77.180000000000007,69.709999999999994,75.310000000000002,127407,1545,74.700486999999995
2020-03-20 04:00:00+00:00,77.590000000000003,78.715000000000003,73.129999999999995,73.129999999999995,177172,2051,75.122946999999996
2020-03-23 04:00:00+00:00,74.120000000000005,75.349999999999994,70.689999999999998,74.370000000000005,177998,1560,73.422424000000007
2020-03-24 04:00:00+00:00,79.340000000000003,83,78.980000000000004,82.870000000000005,79933,906,81.038915000000003
2020-03-25 04:00:00+00:00,82.790000000000006,86.240799999999993,80.450000000000003,82.469999999999999,187348,1452,83.737913000000006
2020-03-26 04:00:00+00:00,84.170000000000002,87.060000000000002,83.609999999999999,87.030000000000001,189683,1570,85.845052999999993
2020-03-27 04:00:00+00:00,84.030000000000001,85.109999999999999,82.420000000000002,82.420000000000002,65486,895,83.765321999999998
2020-03-30 04:00:00+00:00,83.319999999999993,85.069999999999993,82.769999999999996,84.859999999999999,64024,618,84.374536000000006
2020-03-31 04:00:00+00:00,84.890000000000001,86.394999999999996,83.159999999999997,83.969999999999999,138465,1491,84.320303999999993
2020-04-01 04:00:00+00:00,81.099999999999994,82.590000000000003,78.530000000000001,79.290000000000006,91561,1062,80.347224999999995
2020-04-02 04:00:00+00:00,78.780000000000001,81.459999999999994,78.780000000000001,81.219999999999999,66574,534,80.598682999999994
2020-04-03 04:00:00+00:00,81.180000000000007,81.900000000000006,79.230000000000004,80.019999999999996,28929,419,80.162150999999994
2020-04-06 04:00:00+00:00,83.489999999999995,88.650000000000006,83.489999999999995,88.430000000000007,109394,1368,86.139364
2020-04-07 04:00:00+00:00,91.909999999999997,91.909999999999997,87.769999999999996,87.769999999999996,118479,1303,89.820733000000004
2020-04-08 04:00:00+00:00,89.25,91.280000000000001,87.849999999999994,90.930000000000007,79363,752,90.436944999999994
2020-04-09 04:00:00+00:00,92.430000000000007,92.939999999999998,88.909700000000001,89.730000000000004,141909,1353,90.373372000000003
2020-04-13 04:00:00+00:00,89.609999999999999,91.079999999999998,89.25,90.870000000000005,48656,677,90.127559000000005
2020-04-14 04:00:00+00:00,93.019999999999996,94.670000000000002,92.849999999999994,94.549999999999997,149549,1429,93.801402999999993
2020-04-15 04:00:00+00:00,92.25,92.510000000000005,90.900000000000006,91.780000000000001,68201,837,91.626026999999993
2020-04-16 04:00:00+00:00,93.040000000000006,93.209999999999994,91.319999999999993,93.049999999999997,122158,1325,92.439907000000005
2020-04-17 04:00:00+00:00,95.069999999999993,95.549999999999997,93,94,75147,763,94.312385000000006
2020-04-20 04:00:00+00:00,92.379999999999995,94.344999999999999,92.159999999999997,92.420000000000002,59552,553,93.069969999999998
2020-04-21 04:00:00+00:00,91.030000000000001,91.290000000000006,88.159999999999997,88.609999999999999,57982,784,89.561353999999994
2020-04-22 04:00:00+00:00,91.310000000000002,93.5,90.870000000000005,93.120000000000005,56533,745,92.844932999999997
2020-04-23 04:00:00+00:00,93.469999999999999,94.810000000000002,92.879999999999995,93.280000000000001,62124,712,94.145830000000004
2020-04-24 04:00:00+00:00,93.799999999999997,95.308099999999996,92.560000000000002,95.170000000000002,54397,653,94.553127000000003
2020-04-27 04:00:00+00:00,96.329999999999998,97.730000000000004,96.040099999999995,97.329999999999998,70632,778,97.323481000000001
2020-04-28 04:00:00+00:00,98.920000000000002,99.709999999999994,97.390000000000001,97.430000000000007,77165,620,98.502610000000004
2020-04-29 04:00:00+00:00,99.620000000000005,103.73999999999999,99.620000000000005,103.40000000000001,355377,4059,101.98025
2020-04-30 04:00:00+00:00,102.70999999999999,102.70999999999999,99.530000000000001,99.530000000000001,66285,805,100.566171
2020-05-01 04:00:00+00:00,97.099999999999994,97.409999999999997,93.959999999999994,94.400000000000006,91863,1387,95.222009
2020-05-04 04:00:00+00:00,93.439999999999998,95.180000000000007,93.031999999999996,95.180000000000007,68213,770,94.102069999999998
2020-05-05 04:00:00+00:00,97.25,99.040000000000006,96.569999999999993,97.209999999999994,68619,857,97.850981000000004
2020-05-06 04:00:00+00:00,98.099999999999994,99.599999999999994,98,98.25,50016,676,98.710168999999993
2020-05-07 04:00:00+00:00,100,100.59,98.560000000000002,99.780000000000001,61023,778,100.052725
2020-05-08 04:00:00+00:00,101.95,103.185,100.9062,103.17,63083,730,102.361182
2020-05-11 04:00:00+00:00,102.08,103.77,101.63,102.76000000000001,41858,543,102.71615199999999
2020-05-12 04:00:00+00:00,103.31999999999999,103.78,99.640000000000001,99.650000000000006,188690,1625,101.33713899999999
2020-05-13 04:00:00+00:00,99.810000000000002,100.66,95.689999999999998,97.109999999999999,140839,1278,96.947587999999996
2020-05-14 04:00:00+00:00,96.120000000000005,98.359999999999999,94.143699999999995,98.359999999999999,130089,1139,95.384092999999993
2020-05-15 04:00:00+00:00,95.379999999999995,96.739999999999995,94.900000000000006,96.510000000000005,44287,661,95.938204999999996
2020-05-18 04:00:00+00:00,99.159999999999997,102.84999999999999,99.159999999999997,102.39,189832,1526,101.848539
2020-05-19 04:00:00+00:00,102.3,104.465,101.98999999999999,102.06999999999999,143092,1400,103.41887199999999
2020-05-20 04:00:00+00:00,104.15000000000001,106.56999999999999,104.15000000000001,105.86,119922,1210,105.711212
2020-05-21 04:00:00+00:00,105.78,106.166,102.95999999999999,103.08,54957,653,104.20330800000001
2020-05-22 04:00:00+00:00,103.31999999999999,104.23,102.25,104.14,117382,1246,103.434967
2020-05-26 04:00:00+00:00,107.15000000000001,108.04770000000001,105.9173,106.04000000000001,50726,700,107.17386999999999
2020-05-27 04:00:00+00:00,106.92,107.569,103.28,107.54000000000001,60135,713,105.93574700000001
2020-05-28 04:00:00+00:00,107.26000000000001,108.0699,104.13,104.65000000000001,140379,1586,106.096209
2020-05-29 04:00:00+00:00,105.22,107.48999999999999,104.59999999999999,107.26000000000001,51046,702,105.573257
2020-06-01 04:00:00+00:00,106.94,108.19,106.26000000000001,107.31,122579,837,107.463678
2020-06-02 04:00:00+00:00,107.72,109.45999999999999,107.12,109.45999999999999,154283,854,109.178392
2020-06-03 04:00:00+00:00,110.43000000000001,112.81,110.43000000000001,111.97,75840,1033,111.907286
2020-06-04 04:00:00+00:00,111.87,113.515,111.5,112.37,37243,560,112.421526
2020-06-05 04:00:00+00:00,114,116.8027,114,115.27,74715,1065,115.73130500000001
2020-06-08 04:00:00+00:00,116.04000000000001,116.04000000000001,114.37,115.45,82538,842,114.857156
2020-06-09 04:00:00+00:00,114.16,115.72,113.634,115.09,34507,580,115.03231700000001
2020-06-10 04:00:00+00:00,115.76000000000001,115.84999999999999,114.31100000000001,114.41,41795,606,114.99023699999999
2020-06-11 04:00:00+00:00,110.90000000000001,111.62,106.84,107.02,181781,2188,109.921047
2020-06-12 04:00:00+00:00,110.45,110.48,105.94,108.41,50165,675,108.338224
2020-06-15 04:00:00+00:00,106.09999999999999,110.25,105.56,110.22,32028,425,108.432624
2020-06-16 04:00:00+00:00,113.95999999999999,113.95999999999999,110.59,112.03,47982,609,112.830516
2020-06-17 04:00:00+00:00,113.09999999999999,113.43859999999999,111.83,112,42039,425,112.879834
2020-06-18 04:00:00+00:00,111.56999999999999,112.31999999999999,110.83,111.20999999999999,20223,338,111.523099
2020-06-19 04:00:00+00:00,112.84,113.28,110.41,110.41,27866,438,111.671266
2020-06-22 04:00:00+00:00,110.25,111.47,108.98999999999999,111.29000000000001,32050,798,110.584333
2020-06-23 04:00:00+00:00,112.51000000000001,113.2884,111.78,111.79000000000001,49143,925,112.431961
2020-06-24 04:00:00+00:00,111.06,111.36,107.89,108.70999999999999,32477,597,109.31793500000001
2020-06-25 04:00:00+00:00,108.5,110,106.97,109.91,37858,540,108.27962599999999
2020-06-26 04:00:00+00:00,109.68000000000001,110,107.41,107.48,42363,463,108.088785
2020-06-29 04:00:00+00:00,107.81,108.77,106.43000000000001,108.70999999999999,57531,635,108.133754
2020-06-30 04:00:00+00:00,109.26000000000001,112.3888,109.26000000000001,111.89,58267,686,111.32294400000001
2020-07-01 04:00:00+00:00,111.97,111.97,109.92,110.01000000000001,98160,1140,110.56846400000001
2020-07-02 04:00:00+00:00,111.63,112.4546,110.9593,111.3,92567,647,111.55833199999999
2020-07-06 04:00:00+00:00,113.36,114.81,113.36,114.59,91866,975,114.413347
2020-07-07 04:00:00+00:00,114.31999999999999,115.90089999999999,113.72,113.81,101069,988,115.30668799999999
2020-07-08 04:00:00+00:00,114.8,116.18000000000001,114.37,116.18000000000001,33780,545,115.31940299999999
2020-07-09 04:00:00+00:00,116.75,118.98999999999999,115.01000000000001,118.16,83424,989,117.056563
2020-07-10 04:00:00+00:00,118.58,118.58,116.59999999999999,117.56999999999999,29899,519,117.536463
2020-07-13 04:00:00+00:00,119.38,120.95,115.08,115.08,62273,748,118.531204
2020-07-14 04:00:00+00:00,114.06,117.77,112.84,117.75,63782,934,115.25899699999999
2020-07-15 04:00:00+00:00,118.98,119.03,116.81,118.56,26221,490,118.260357
2020-07-16 04:00:00+00:00,117.5,117.5,116.113,117.25,58359,507,117.01132200000001
2020-07-17 04:00:00+00:00,118.09,118.92,117.59139999999999,118.31,22751,340,118.18429
2020-07-20 04:00:00+00:00,118.77,121.31999999999999,118.40000000000001,121.22,74764,714,119.687341
2020-07-21 04:00:00+00:00,122.42,122.42,119.43000000000001,119.79000000000001,31195,446,120.69371599999999
2020-07-22 04:00:00+00:00,120.01000000000001,120.7491,119.09,119.77,24402,399,119.665964
2020-07-23 04:00:00+00:00,119.83,120.95999999999999,117.40000000000001,118.44,58491,863,119.504437
2020-07-24 04:00:00+00:00,117,118.73999999999999,115.59999999999999,117.31999999999999,25569,498,116.94058800000001
2020-07-27 04:00:00+00:00,118.52,120.81999999999999,118.27,120.81999999999999,33109,479,120.20187900000001
2020-07-28 04:00:00+00:00,120.09,120.09,117.72,117.81,20292,374,118.617937
2020-07-29 04:00:00+00:00,119.40000000000001,120.41,118.84010000000001,119.92,40183,550,119.516471
2020-07-30 04:00:00+00:00,119.2,122.28,119.2,122.28,67487,741,120.597174
2020-07-31 04:00:00+00:00,122.94,122.94,119.83,121.8,73121,797,120.86823699999999
2020-08-03 04:00:00+00:00,123.03,124.84999999999999,122.97,124.63,38960,646,124.276588
2020-08-04 04:00:00+00:00,124.97,126.62,124.51000000000001,126.62,96225,702,125.978769
2020-08-05 04:00:00+00:00,126.64,126.64,124.91249999999999,126.19,46076,690,125.62335
2020-08-06 04:00:00+00:00,125.98,126.4796,125.255,126.31999999999999,28249,418,126.07058000000001
2020-08-07 04:00:00+00:00,126.26000000000001,127.96810000000001,124.36539999999999,125.95,40445,530,126.288235
2020-08-10 04:00:00+00:00,126.42,126.44629999999999,124.52,125.45999999999999,32745,486,125.758261
2020-08-11 04:00:00+00:00,125.62,126.27,123.53,123.87,69131,1194,125.41539400000001
2020-08-12 04:00:00+00:00,124.67,127.36,124.5,127.02,57162,677,126.828508
2020-08-13 04:00:00+00:00,127.09999999999999,127.09999999999999,125.39,125.81999999999999,31489,577,126.29753700000001
2020-08-14 04:00:00+00:00,125.84999999999999,126.38,124.44,124.79000000000001,16227,319,125.06514
2020-08-17 04:00:00+00:00,125.8,126.34999999999999,125.26000000000001,125.75,61716,773,125.84876800000001
2020-08-18 04:00:00+00:00,126.23999999999999,126.23999999999999,124.64,124.76000000000001,20308,352,125.036277
2020-08-19 04:00:00+00:00,124.69,125.7,123.77,124.09,76892,931,125.02980700000001
2020-08-20 04:00:00+00:00,123.2,123.61,121.97,122.37,50742,837,122.541184
2020-08-21 04:00:00+00:00,122.2,122.94,121.86,122.90000000000001,52926,682,122.210331
2020-08-24 04:00:00+00:00,124.37,124.89400000000001,123.67789999999999,124.48999999999999,30804,499,124.115061
2020-08-25 04:00:00+00:00,124.83,126.69,124.63,126.69,52109,675,125.251819
2020-08-26 04:00:00+00:00,127.06999999999999,127.62,126.62,127.03,21838,359,127.176703
2020-08-27 04:00:00+00:00,126.90000000000001,127.04000000000001,124.05,124.77,102389,1012,125.142622
2020-08-28 04:00:00+00:00,125.42,127.64,125.31,127.59999999999999,43642,545,127.09812700000001
2020-08-31 04:00:00+00:00,127.62,127.62,125.89,126.68000000000001,33824,654,126.85757599999999
2020-09-01 04:00:00+00:00,127.42,129.66,126.79000000000001,129.61000000000001,53682,568,128.775746
2020-09-02 04:00:00+00:00,131.31,133.19,128.97,132.43000000000001,101589,978,132.41086799999999
2020-09-03 04:00:00+00:00,130.74000000000001,130.74000000000001,123.48,124.09999999999999,127301,1521,125.24098499999999
2020-09-04 04:00:00+00:00,123.61,125.2109,118.20999999999999,123.3,103415,1425,121.727836
2020-09-08 04:00:00+00:00,118.93000000000001,121.47,117.93000000000001,118.02,62903,842,119.69296199999999
2020-09-09 04:00:00+00:00,120.64,122.56,120.04000000000001,121.67,102956,1135,121.236272
2020-09-10 04:00:00+00:00,123.06999999999999,123.56999999999999,119.10380000000001,119.61,55868,782,121.199567
2020-09-11 04:00:00+00:00,120.90000000000001,121.685,118.98999999999999,119.87,32044,612,120.301239
2020-09-14 04:00:00+00:00,122.06,123.14,121.40000000000001,122.76000000000001,22288,404,122.187164
2020-09-15 04:00:00+00:00,124.33,125.44029999999999,124.22,124.59999999999999,42572,547,124.857133
2020-09-16 04:00:00+00:00,125.37,126.14,123.79000000000001,123.81999999999999,49525,695,125.19161200000001
2020-09-17 04:00:00+00:00,120.63,123,120.20999999999999,122.23999999999999,41764,577,121.207886
2020-09-18 04:00:00+00:00,123.39,123.39,119.2,120.73999999999999,33609,616,120.96258400000001
2020-09-21 04:00:00+00:00,118.42,119.23,117.0741,119.23,135254,1615,118.465508
2020-09-22 04:00:00+00:00,120.19,120.84999999999999,118.40000000000001,120.75,19583,390,119.815534
2020-09-23 04:00:00+00:00,120.7411,121.2,117.5,117.63,24718,429,119.447936
2020-09-24 04:00:00+00:00,116.78,120.09999999999999,116.211,118.59,40100,545,118.609465
2020-09-25 04:00:00+00:00,118.55,120.59999999999999,117.1827,120.27,54106,692,119.724037
2020-09-28 04:00:00+00:00,122.28,124.43000000000001,122.02,124.39,276937,2809,123.69410999999999
2020-09-29 04:00:00+00:00,124.56999999999999,126.12,124.39,125.34,67640,951,125.467364
2020-09-30 04:00:00+00:00,125.03,127.17,125,125.73,79690,791,126.477699
2020-10-01 04:00:00+00:00,127.65000000000001,129.15000000000001,127.2,128.81,96742,1258,128.29253199999999
2020-10-02 04:00:00+00:00,125.59,127.70999999999999,125.09999999999999,125.09999999999999,42851,792,126.066175
2020-10-05 04:00:00+00:00,126.36,129.72999999999999,126.36,129.66999999999999,61285,722,128.765219
2020-10-06 04:00:00+00:00,129.88,132.75,129.19,129.56999999999999,72981,825,130.69376600000001
2020-10-07 04:00:00+00:00,131.58000000000001,132.94,131.58000000000001,132.71000000000001,47781,571,132.505157
2020-10-08 04:00:00+00:00,134.15000000000001,135.16,133.86000000000001,134.62,39513,458,134.61181099999999
2020-10-09 04:00:00+00:00,136.66999999999999,138.57929999999999,136.66999999999999,138.16999999999999,77396,826,138.01711299999999
2020-10-12 04:00:00+00:00,140.08000000000001,140.08000000000001,138.03999999999999,138.97,46469,593,138.817036
2020-10-13 04:00:00+00:00,138.84,139.31999999999999,137.91999999999999,138.47999999999999,37056,594,138.66364200000001
2020-10-14 04:00:00+00:00,138.86000000000001,139.13999999999999,137.066,137.66,36895,568,138.219358
2020-10-15 04:00:00+00:00,135.06999999999999,137.81999999999999,134.43000000000001,137.47,42753,600,136.133105
2020-10-16 04:00:00+00:00,138.58000000000001,138.58000000000001,136.97999999999999,136.97999999999999,26512,411,137.673438
2020-10-19 04:00:00+00:00,138.08000000000001,139.65000000000001,136.56,136.75999999999999,173973,1725,138.50167300000001
2020-10-20 04:00:00+00:00,137.66999999999999,138.2099,136.40000000000001,136.90000000000001,41256,654,137.28129899999999
2020-10-21 04:00:00+00:00,137.16,137.31,134.61000000000001,134.63999999999999,83394,959,135.036135
2020-10-22 04:00:00+00:00,135.09,136.70500000000001,134.00999999999999,136.34999999999999,58386,674,135.89951300000001
2020-10-23 04:00:00+00:00,136.30000000000001,137.06,135.28,137.00999999999999,76724,854,136.20620600000001
2020-10-26 04:00:00+00:00,135.56,136.72999999999999,132.55099999999999,134.38999999999999,68831,902,133.77936
2020-10-27 04:00:00+00:00,135.28999999999999,135.28999999999999,133.27000000000001,133.63999999999999,22985,358,134.05230900000001
2020-10-28 04:00:00+00:00,131.94,132.69,129.53999999999999,129.53999999999999,52864,726,130.80540099999999
2020-10-29 04:00:00+00:00,130.19,135,130.19,134.09999999999999,49170,568,134.116952
2020-10-30 04:00:00+00:00,132.53,132.90000000000001,130.488,132.52000000000001,41658,610,131.68824499999999
2020-11-02 05:00:00+00:00,133.84,134,131.23500000000001,132.47999999999999,48694,617,132.20262399999999
2020-11-03 05:00:00+00:00,134.13,135.91999999999999,134.13,135.13999999999999,100897,1011,135.333099
2020-11-04 05:00:00+00:00,137.13,139.16999999999999,134.80000000000001,138.83000000000001,212905,2034,138.63352499999999
2020-11-05 05:00:00+00:00,142.38,145.94,142.34,145.62,316986,3795,144.83934400000001
2020-11-06 05:00:00+00:00,145.59,148.41999999999999,144.98740000000001,148.02500000000001,41866,702,147.47612699999999
2020-11-09 05:00:00+00:00,152.36000000000001,152.58000000000001,145.83000000000001,145.91,89808,1124,149.96821600000001
2020-11-10 05:00:00+00:00,144.81,145.78,141.31999999999999,141.68000000000001,45558,769,142.47693599999999
2020-11-11 05:00:00+00:00,143.93000000000001,146.83000000000001,143.93000000000001,146.5,35192,589,145.82825299999999
2020-11-12 05:00:00+00:00,146.66999999999999,146.66999999999999,143.33000000000001,144.21000000000001,28496,584,144.70194799999999
2020-11-13 05:00:00+00:00,145.56999999999999,147.25999999999999,144.81,145.75,38160,498,145.73441199999999
2020-11-16 05:00:00+00:00,146.91,148.77000000000001,146.50999999999999,148.59,137453,684,147.67667800000001
2020-11-17 05:00:00+00:00,147.77000000000001,148.3587,146.21000000000001,147.88999999999999,37211,549,147.715225
2020-11-18 05:00:00+00:00,148.05000000000001,148.81,146.12,146.1601,82824,758,146.739981
2020-11-19 05:00:00+00:00,145.53,149.75999999999999,145.53,149.75999999999999,48902,558,148.02286100000001
2020-11-20 05:00:00+00:00,149.97999999999999,152.02000000000001,149.88,150.13,33673,595,151.032445
2020-11-23 05:00:00+00:00,151.33000000000001,152.33000000000001,150.30000000000001,152.25999999999999,39026,594,151.39741000000001
2020-11-24 05:00:00+00:00,153.77000000000001,154.38,151.52000000000001,154.30000000000001,36976,553,153.28566900000001
2020-11-25 05:00:00+00:00,154.33000000000001,154.38,152.84999999999999,153.72,33914,507,153.65406899999999
2020-11-27 05:00:00+00:00,154.80000000000001,156.81,154.80000000000001,155.84,31269,347,156.438255
2020-11-30 05:00:00+00:00,156.53,157.38999999999999,153.18000000000001,157.38,44141,644,156.06678600000001
2020-12-01 05:00:00+00:00,158.68000000000001,159.7002,157.87,158.58000000000001,53089,622,158.65153799999999
2020-12-02 05:00:00+00:00,157.83000000000001,159.749,157.41,159.31,29008,569,159.150138
2020-12-03 05:00:00+00:00,160.05000000000001,161.36000000000001,159.28999999999999,159.46000000000001,37189,674,160.38845800000001
2020-12-04 05:00:00+00:00,160.06999999999999,163.71000000000001,159.68000000000001,163.66,39417,695,162.24466699999999
2020-12-07 05:00:00+00:00,164.16,164.27000000000001,163,163.94999999999999,35525,703,163.70173600000001
2020-12-08 05:00:00+00:00,163.84,165.80000000000001,163.58150000000001,165.52000000000001,28476,612,164.71630999999999
2020-12-09 05:00:00+00:00,165.31,165.91999999999999,158.84999999999999,159.68000000000001,149683,1580,160.30234899999999
2020-12-10 05:00:00+00:00,158.40000000000001,161.36259999999999,158.03,160.13999999999999,31609,578,160.31378799999999
2020-12-11 05:00:00+00:00,158.595,160.38499999999999,157.13999999999999,158.68000000000001,45009,778,158.47560300000001
2020-12-14 05:00:00+00:00,160.33000000000001,161.95160000000001,160.30000000000001,161.08000000000001,51210,715,161.12814700000001
2020-12-15 05:00:00+00:00,163.06,165.61000000000001,162.96799999999999,165.22,70106,1403,164.49446900000001
2020-12-16 05:00:00+00:00,165.81,165.81,162.94999999999999,164.59,39807,684,164.072338
2020-12-17 05:00:00+00:00,165.84,165.89599999999999,164.66,165.80000000000001,36184,630,165.396344
2020-12-18 05:00:00+00:00,166.50999999999999,167.88,164.87,165.87,54543,897,166.83038199999999
2020-12-21 05:00:00+00:00,163.97,165.91,162.63,165.66,40645,752,164.46183199999999
2020-12-22 05:00:00+00:00,166.31999999999999,168.53,166.09,168.24000000000001,25505,600,167.608475
2020-12-23 05:00:00+00:00,169.11000000000001,169.31370000000001,167.66999999999999,167.66999999999999,48980,1353,168.80426600000001
2020-12-24 05:00:00+00:00,168.53999999999999,168.53999999999999,167.1301,168.5,17861,369,167.92513600000001
2020-12-28 05:00:00+00:00,170.75999999999999,171.5872,168.255,168.38,36125,825,169.74827300000001
2020-12-29 05:00:00+00:00,169.22999999999999,169.22999999999999,163.84999999999999,165.36000000000001,48214,895,165.68543199999999
2020-12-30 05:00:00+00:00,166.16,169.80000000000001,166.16,169.71000000000001,63415,1165,169.35488599999999
2020-12-31 05:00:00+00:00,170.02000000000001,171.18000000000001,169.18000000000001,170.78,388985,1740,170.24696499999999
2021-01-04 05:00:00+00:00,172.25999999999999,175.71000000000001,168.15000000000001,169.78,669057,2731,170.363732
2021-01-05 05:00:00+00:00,169.16999999999999,172.65000000000001,169.16999999999999,172.65000000000001,416397,2035,171.88004799999999
2021-01-06 05:00:00+00:00,172.00999999999999,178.55000000000001,172.00999999999999,175.44,235068,3203,176.77134100000001
2021-01-07 05:00:00+00:00,178.55000000000001,182.27250000000001,178.55000000000001,181.99000000000001,172892,1680,180.680409
2021-01-08 05:00:00+00:00,184.72,185.25999999999999,178.75999999999999,180.81999999999999,115198,1598,181.96186599999999
2021-01-11 05:00:00+00:00,179.05000000000001,184.63999999999999,179.05000000000001,183.47,68363,1327,182.879302
2021-01-12 05:00:00+00:00,184.68000000000001,185.9117,183.19999999999999,184.34,190355,2268,184.282847
2021-01-13 05:00:00+00:00,185.28999999999999,185.28999999999999,183.38999999999999,183.84,39639,1083,184.30507700000001
2021-01-14 05:00:00+00:00,184.87,188.86000000000001,184.59,187.83000000000001,77434,1317,188.075121
2021-01-15 05:00:00+00:00,187.52000000000001,187.52000000000001,182.03,183.06999999999999,196282,3345,183.943622
2021-01-19 05:00:00+00:00,186.19999999999999,189.84999999999999,186.19999999999999,189.69999999999999,105495,1517,188.630495
2021-01-20 05:00:00+00:00,191.99000000000001,192.97,188.92179999999999,189.47999999999999,114581,1833,190.305294
2021-01-21 05:00:00+00:00,191.12,193.30000000000001,189.39500000000001,192.63999999999999,70110,1327,191.51256699999999
2021-01-22 05:00:00+00:00,192,192,190.43199999999999,191.72,67242,1487,191.225505
2021-01-25 05:00:00+00:00,193.93000000000001,195.21000000000001,186.53999999999999,190.38,142917,2386,189.95734400000001
2021-01-26 05:00:00+00:00,191.13,191.13,187.34999999999999,188.87,97406,1319,188.564877
2021-01-27 05:00:00+00:00,185.13,185.13,178.09,179.31999999999999,162965,3539,181.27942100000001
2021-01-28 05:00:00+00:00,182.03999999999999,184.08000000000001,180.02000000000001,183.28999999999999,80770,1490,182.067004
2021-01-29 05:00:00+00:00,183.78999999999999,184.96430000000001,178.73099999999999,179.58000000000001,744116,3505,182.32996700000001
2021-02-01 05:00:00+00:00,182.28,187,180.66210000000001,186.46000000000001,442292,1953,183.669309
2021-02-02 05:00:00+00:00,188.44999999999999,188.84229999999999,184.85499999999999,186.81999999999999,441709,2463,186.817319
2021-02-03 05:00:00+00:00,187.66999999999999,187.66999999999999,182.88,183.34,93214,1634,183.98835299999999
2021-02-04 05:00:00+00:00,182.97,184.56999999999999,181.54150000000001,184.38,69716,1039,183.53962200000001
2021-02-05 05:00:00+00:00,186.46000000000001,186.58000000000001,184.33000000000001,185.47999999999999,149320,1457,184.95677900000001
2021-02-08 05:00:00+00:00,186.81,191.66,186.75640000000001,191.66,87606,1274,189.82064
2021-02-09 05:00:00+00:00,191.15000000000001,192.94999999999999,190.19999999999999,192.33000000000001,86263,1371,192.26865699999999
2021-02-10 05:00:00+00:00,194,194.58000000000001,189.38,192.34,72921,1263,192.181802
2021-02-11 05:00:00+00:00,194.41,198,194.12,197.93000000000001,151249,2138,196.41862800000001
2021-02-12 05:00:00+00:00,197.27000000000001,200.38,195.369,200.34,106519,1947,199.10684800000001
2021-02-16 05:00:00+00:00,203.08000000000001,203.59999999999999,199.80330000000001,200.80000000000001,127015,2025,201.842195
2021-02-17 05:00:00+00:00,199.40000000000001,199.40000000000001,192.90000000000001,196.59,95430,2185,196.09810899999999
2021-02-18 05:00:00+00:00,192.97,193.8399,189.86529999999999,192.11000000000001,81555,1766,191.703475
2021-02-19 05:00:00+00:00,195.00999999999999,198.30000000000001,194.75,197.93000000000001,93548,1405,196.68451200000001
2021-02-22 05:00:00+00:00,195.33000000000001,196.78999999999999,189.31999999999999,190.25999999999999,113709,1625,192.58924300000001
2021-02-23 05:00:00+00:00,185.84,189.88,178.95099999999999,188.94999999999999,209444,3360,185.30559700000001
2021-02-24 05:00:00+00:00,188.41,194.95500000000001,186.44999999999999,194.84999999999999,131940,1950,191.72905600000001
2021-02-25 05:00:00+00:00,192.78,193.71420000000001,181.74000000000001,182.53999999999999,192432,2800,186.30033800000001
2021-02-26 05:00:00+00:00,185.16999999999999,188.48820000000001,181.19999999999999,186.38999999999999,135412,1753,185.78381300000001
2021-03-01 05:00:00+00:00,190.03,193.66,188.47,193.46000000000001,148033,1624,191.36186599999999
2021-03-02 05:00:00+00:00,193.94999999999999,194.09999999999999,186.81,186.81,177334,1844,189.27248
2021-03-03 05:00:00+00:00,187.12,188.47999999999999,180.56999999999999,180.88999999999999,149328,2134,183.92154400000001
2021-03-04 05:00:00+00:00,179.63999999999999,180,168.41390000000001,170.75,332602,4036,174.04137800000001
2021-03-05 05:00:00+00:00,173.96000000000001,175.47999999999999,164.19999999999999,175.12,199680,3251,169.779674
2021-03-08 05:00:00+00:00,175,176.47,166.46000000000001,166.63,200206,3164,171.60280499999999
2021-03-09 05:00:00+00:00,172.90000000000001,178.17099999999999,172.32499999999999,176.68000000000001,189429,2643,175.64716799999999
2021-03-10 05:00:00+00:00,179.59,180.63999999999999,174.66,174.74000000000001,187949,2063,176.68043900000001
2021-03-11 05:00:00+00:00,180,183.87,179.91550000000001,183.69,192321,2344,182.82120699999999
2021-03-12 05:00:00+00:00,180.33000000000001,182.38,179.00380000000001,182.12,115442,1627,180.939268
2021-03-15 04:00:00+00:00,183.49000000000001,185.56,181.3912,185.47,214570,2387,183.95198500000001
2021-03-16 04:00:00+00:00,187.11000000000001,189.94,185.34,186.78999999999999,148167,2093,187.70463799999999
2021-03-17 04:00:00+00:00,184.61000000000001,190.02000000000001,181.94,188.72999999999999,104081,1654,185.58863299999999
2021-03-18 04:00:00+00:00,185.83000000000001,186.55000000000001,179.81,180.03,95456,1949,183.553314
2021-03-19 04:00:00+00:00,180.31,184.25999999999999,178.13,183.11000000000001,266539,1758,183.27350300000001
2021-03-22 04:00:00+00:00,185.08000000000001,187.65000000000001,182.93000000000001,185.47,135686,1736,186.29867300000001
2021-03-23 04:00:00+00:00,185.75999999999999,185.75999999999999,176.83000000000001,177.78999999999999,132241,2215,180.09363400000001
2021-03-24 04:00:00+00:00,180.94999999999999,180.94999999999999,173.01499999999999,173.09999999999999,186056,2053,176.77099200000001
2021-03-25 04:00:00+00:00,170.56999999999999,174.25999999999999,167.52000000000001,173.68000000000001,211260,2709,171.02872500000001
2021-03-26 04:00:00+00:00,174.22999999999999,180.91,173.8827,180.86000000000001,150286,1992,177.16583600000001
2021-03-29 04:00:00+00:00,179.44,179.7662,173.696,175.44999999999999,171277,1975,176.102777
2021-03-30 04:00:00+00:00,174.56,177.56999999999999,173.25,176.80000000000001,64067,906,175.70664099999999
2021-03-31 04:00:00+00:00,179.16,184.53999999999999,179.16,182.78,161917,1849,182.410721
2021-04-01 04:00:00+00:00,186,189.11000000000001,185.41,189.11000000000001,97620,1638,187.742638
2021-04-05 04:00:00+00:00,192.315,192.46000000000001,189.31999999999999,191.90000000000001,189519,2450,191.12759399999999
2021-04-06 04:00:00+00:00,191.05000000000001,192.15000000000001,188.5624,190.03,80438,1406,190.90295599999999
2021-04-07 04:00:00+00:00,190.27000000000001,190.40000000000001,186.77000000000001,187.72999999999999,170987,2276,189.03191100000001
2021-04-08 04:00:00+00:00,190.34999999999999,190.49000000000001,188,190.22999999999999,77038,1261,189.26383000000001
2021-04-09 04:00:00+00:00,189.03999999999999,189.09999999999999,187.27789999999999,188.55000000000001,69058,1329,187.99409499999999
2021-04-12 04:00:00+00:00,188,188,184.43000000000001,185.69999999999999,80080,1481,185.579768
2021-04-13 04:00:00+00:00,186.43000000000001,187.22999999999999,183.38,185.25,135270,1548,184.523866
2021-04-14 04:00:00+00:00,185.34999999999999,187.80000000000001,183.63,184.19999999999999,101497,1296,186.090157
2021-04-15 04:00:00+00:00,186.58000000000001,187.55000000000001,184.53,187.00999999999999,110161,1615,186.33496
2021-04-16 04:00:00+00:00,188.27000000000001,188.52000000000001,186.57499999999999,187.38,85692,1268,187.66063199999999
2021-04-19 04:00:00+00:00,186,186.80000000000001,180.58000000000001,182.41,149622,4184,182.52942300000001
2021-04-20 04:00:00+00:00,181.61000000000001,181.78,176.71000000000001,178.13,122930,4579,178.656317
2021-04-21 04:00:00+00:00,177.56,183.87,176.72,183.81,96722,1526,180.76365300000001
2021-04-22 04:00:00+00:00,183.80000000000001,185.46000000000001,180.63999999999999,181.22999999999999,82371,1498,183.02541500000001
2021-04-23 04:00:00+00:00,182.94999999999999,188,182.94999999999999,187.11000000000001,53321,924,186.47811999999999
2021-04-26 04:00:00+00:00,187.91,191.2679,187.33000000000001,190.87,81186,1165,190.46224599999999
2021-04-27 04:00:00+00:00,192.09999999999999,192.09999999999999,188.90100000000001,189.31999999999999,54857,1040,189.95880399999999
2021-04-28 04:00:00+00:00,188.55000000000001,188.89009999999999,185.88,186.41,69225,1139,186.84219999999999
2021-04-29 04:00:00+00:00,188.31999999999999,188.31999999999999,182.12350000000001,184.34999999999999,263957,2280,182.94114099999999
2021-04-30 04:00:00+00:00,180.68000000000001,181.14500000000001,176.38999999999999,176.81,171746,2773,177.956931
2021-05-03 04:00:00+00:00,177.75999999999999,177.83000000000001,173.5437,173.78999999999999,169972,2309,174.95312100000001
2021-05-04 04:00:00+00:00,172.00999999999999,172.53999999999999,167.91,170.61000000000001,107895,2526,169.589291
2021-05-05 04:00:00+00:00,172.09999999999999,174.19839999999999,170.36000000000001,171.97999999999999,248752,1728,172.50532100000001
2021-05-06 04:00:00+00:00,171.56,172.089,168.60290000000001,171.43000000000001,57598,1296,170.210487
2021-05-07 04:00:00+00:00,173.22,175.86000000000001,172.97499999999999,174.78,75862,986,174.80529799999999
2021-05-10 04:00:00+00:00,173.84,173.84,164.93000000000001,165.03999999999999,138636,2724,167.69232400000001
2021-05-11 04:00:00+00:00,159.06999999999999,166.66999999999999,158.5,166.25,132690,1970,163.24254199999999
2021-05-12 04:00:00+00:00,162.91,164.00749999999999,158.24000000000001,158.58000000000001,162387,1913,160.46607900000001
2021-05-13 04:00:00+00:00,160.81999999999999,163.31,157.25999999999999,159.69,113516,1533,160.043701
2021-05-14 04:00:00+00:00,162.28999999999999,165.87,160.34999999999999,164.77000000000001,54982,911,164.35601199999999
2021-05-17 04:00:00+00:00,163.24000000000001,164.13999999999999,160.91999999999999,164.13999999999999,70048,1070,162.758814
2021-05-18 04:00:00+00:00,165.16,166.80000000000001,163.41,163.47,87407,873,165.62906799999999
2021-05-19 04:00:00+00:00,159.78,167.53999999999999,159.78,167.15000000000001,157899,1764,164.84635
2021-05-20 04:00:00+00:00,168.30000000000001,172,168.30000000000001,171.36000000000001,60736,1055,170.47360599999999
2021-05-21 04:00:00+00:00,173.33000000000001,173.33000000000001,170.161,170.55000000000001,33759,759,171.435146
2021-05-24 04:00:00+00:00,172.30000000000001,174.88999999999999,172.00999999999999,174.15000000000001,107561,1453,173.80645200000001
2021-05-25 04:00:00+00:00,175.16,176.3049,173.28999999999999,174.21000000000001,59106,945,174.50943799999999
2021-05-26 04:00:00+00:00,174.41,176.16,174.11000000000001,176.06999999999999,40571,1032,175.11463499999999
2021-05-27 04:00:00+00:00,176.03,178.62739999999999,175.59999999999999,177.84999999999999,35204,1256,177.39879300000001
2021-05-28 04:00:00+00:00,178.80000000000001,179.52000000000001,178.00999999999999,178.75999999999999,19196,681,178.94590099999999
2021-06-01 04:00:00+00:00,179.86000000000001,181.31999999999999,176.50999999999999,178,53560,958,178.11221399999999
2021-06-02 04:00:00+00:00,178.09,179,177.53,178.63,23504,611,178.31814399999999
2021-06-03 04:00:00+00:00,176.66999999999999,177.26499999999999,174.99000000000001,175.33000000000001,50684,1005,175.82885099999999
2021-06-04 04:00:00+00:00,177.06,180.255,177.06,179.65000000000001,64300,1254,179.54609600000001
2021-06-07 04:00:00+00:00,179.22,179.22,177.62360000000001,178.78,37203,787,178.359677
2021-06-08 04:00:00+00:00,180.03,180.5,176.94499999999999,179.37,56869,870,178.180216
2021-06-09 04:00:00+00:00,180.34,180.34,178.27000000000001,178.41,51958,595,179.23364900000001
2021-06-10 04:00:00+00:00,179.19999999999999,181,178.25,180.31,19989,465,179.57199600000001
2021-06-11 04:00:00+00:00,180.53999999999999,181.66999999999999,180.5,181.66999999999999,25438,592,181.12976900000001
2021-06-14 04:00:00+00:00,182.16,185,181.96000000000001,184.69999999999999,80314,1150,183.83681799999999
2021-06-15 04:00:00+00:00,184.11000000000001,185.3245,182,182.44,55781,955,183.04177799999999
2021-06-16 04:00:00+00:00,183.05000000000001,183.81,180.2569,182.24979999999999,99486,1341,183.063301
2021-06-17 04:00:00+00:00,181.58000000000001,185.31999999999999,181.24000000000001,183.97999999999999,34458,825,183.90022500000001
2021-06-18 04:00:00+00:00,182.02000000000001,182.435,177.75,179.33000000000001,51359,1208,180.515569
2021-06-21 04:00:00+00:00,179.49000000000001,180.66,178.4401,180.21889999999999,108223,622,180.07904400000001
2021-06-22 04:00:00+00:00,180.24000000000001,181.31790000000001,179.37,181.31790000000001,32875,630,180.47303700000001
2021-06-23 04:00:00+00:00,181.46000000000001,183.81,181.46000000000001,182.90000000000001,25014,744,182.84554600000001
2021-06-24 04:00:00+00:00,184.75999999999999,187.67330000000001,184.75999999999999,187.40000000000001,44551,927,186.93550099999999
2021-06-25 04:00:00+00:00,187.94999999999999,189.04429999999999,186.22999999999999,186.66999999999999,19409,628,187.62638999999999
2021-06-28 04:00:00+00:00,187.99000000000001,192.09,187.99000000000001,191.74000000000001,68149,1084,190.66928200000001
2021-06-29 04:00:00+00:00,191.66999999999999,193.25,191.16999999999999,193.25,41568,770,192.55314100000001
2021-06-30 04:00:00+00:00,193.00999999999999,193.00999999999999,191.4417,192.36000000000001,38790,685,192.183573
2021-07-01 04:00:00+00:00,192.38999999999999,192.38999999999999,188.93000000000001,189.62,54877,1103,190.08532700000001
2021-07-02 04:00:00+00:00,190.94999999999999,191.03,189.63,190.66999999999999,147590,643,190.41831099999999
2021-07-06 04:00:00+00:00,191.33000000000001,191.33000000000001,187.90000000000001,190.44999999999999,38069,770,190.27453199999999
2021-07-07 04:00:00+00:00,192,192,186.16329999999999,187.16999999999999,78604,1151,187.55939900000001
2021-07-08 04:00:00+00:00,182.80000000000001,185.37989999999999,180.00999999999999,183.94,85757,1246,183.22305700000001
2021-07-09 04:00:00+00:00,184.71000000000001,187.53,183.363,187.27000000000001,47928,709,186.928867
2021-07-12 04:00:00+00:00,187.84999999999999,189,186.72999999999999,189,31832,679,188.12756200000001
2021-07-13 04:00:00+00:00,187.84999999999999,188.22710000000001,186.38,186.91999999999999,90295,1109,187.41582199999999
2021-07-14 04:00:00+00:00,188.68000000000001,189.73500000000001,184.47999999999999,184.72,91417,937,186.85387
2021-07-15 04:00:00+00:00,183.93000000000001,183.93000000000001,179.00999999999999,180.86000000000001,99147,1252,182.439718
2021-07-16 04:00:00+00:00,181.97,182.34379999999999,176.5986,176.71000000000001,49218,1086,179.22703899999999
2021-07-19 04:00:00+00:00,173.61000000000001,177.05000000000001,172.43000000000001,176.18000000000001,155576,1385,175.39267899999999
2021-07-20 04:00:00+00:00,176.78999999999999,181.1626,175.06,179.84,73251,1108,179.02494899999999
2021-07-21 04:00:00+00:00,180.38,185.44999999999999,180.38,185.43000000000001,44592,673,183.85582199999999
2021-07-22 04:00:00+00:00,184.38999999999999,184.49000000000001,181.09999999999999,182.59999999999999,94466,1103,182.31600800000001
2021-07-23 04:00:00+00:00,183.46000000000001,183.75,181.0301,183.75,47140,777,182.73096799999999
2021-07-26 04:00:00+00:00,182.75999999999999,184.16,181.94239999999999,182.94999999999999,32619,638,182.85345899999999
2021-07-27 04:00:00+00:00,182.18000000000001,182.18000000000001,174.38,178.61000000000001,110524,1664,177.409559
2021-07-28 04:00:00+00:00,179.63999999999999,184.6473,179.63999999999999,183.5,56598,792,181.59200999999999
2021-07-29 04:00:00+00:00,184.31,188.84190000000001,184.31,188.31,56284,925,186.99159299999999
2021-07-30 04:00:00+00:00,186.43000000000001,191.00999999999999,186.43000000000001,190.97,48396,911,190.279483
2021-08-02 04:00:00+00:00,193.11000000000001,194.83609999999999,191.60159999999999,191.65000000000001,35995,911,193.63974899999999
2021-08-03 04:00:00+00:00,192.31999999999999,193.30000000000001,189.7646,193.13999999999999,26832,634,192.19656599999999
2021-08-04 04:00:00+00:00,192.69,195.56,192.65000000000001,194.90000000000001,43225,601,194.58193700000001
2021-08-05 04:00:00+00:00,195.71000000000001,198.75999999999999,195.71000000000001,197.59999999999999,32041,838,197.26567800000001
2021-08-06 04:00:00+00:00,196.71000000000001,199.09,195.86000000000001,198.34999999999999,25927,569,198.16063800000001
2021-08-09 04:00:00+00:00,198.41999999999999,198.74000000000001,196.22389999999999,197.58000000000001,81780,939,197.75199799999999
2021-08-10 04:00:00+00:00,197.91999999999999,197.91999999999999,194.3639,197.30000000000001,23590,561,196.548587
2021-08-11 04:00:00+00:00,197.93000000000001,197.93000000000001,194.00999999999999,197.34999999999999,37778,779,195.87071800000001
2021-08-12 04:00:00+00:00,196.28999999999999,196.28999999999999,194.13,195.21000000000001,55276,847,195.22142700000001
2021-08-13 04:00:00+00:00,195.34999999999999,195.86000000000001,194.3801,195.52000000000001,26529,561,195.271906
2021-08-16 04:00:00+00:00,194.53999999999999,194.53999999999999,192.50999999999999,193.84,39608,803,193.52058700000001
2021-08-17 04:00:00+00:00,191.88,191.88,187.37,189.27000000000001,41852,1160,189.18756300000001
2021-08-18 04:00:00+00:00,188.91,190.62,187.84999999999999,188.09999999999999,26919,522,189.57871499999999
2021-08-19 04:00:00+00:00,186.37,189.99629999999999,185.88999999999999,188.78,50740,810,188.50625500000001
2021-08-20 04:00:00+00:00,189.30000000000001,191.5,188.87,191.46000000000001,166013,585,190.57380000000001
2021-08-23 04:00:00+00:00,193.55000000000001,196.4674,193.24000000000001,196.25,40171,909,195.198083
2021-08-24 04:00:00+00:00,197.05000000000001,197.88470000000001,196.31999999999999,196.93000000000001,37598,712,196.861481
2021-08-25 04:00:00+00:00,197.19999999999999,199.21459999999999,197.19999999999999,197.83000000000001,35853,639,198.20146399999999
2021-08-26 04:00:00+00:00,197.53999999999999,199.94999999999999,197.108,198.36000000000001,68912,831,198.396466
2021-08-27 04:00:00+00:00,198.75999999999999,203.80000000000001,197.85310000000001,203.38999999999999,50465,902,202.09158300000001
2021-08-30 04:00:00+00:00,204.59999999999999,205.69999999999999,202.94380000000001,204.69999999999999,49685,898,204.672766
2021-08-31 04:00:00+00:00,204.69999999999999,205.41999999999999,200.845,202.58000000000001,33684,816,202.79808
2021-09-01 04:00:00+00:00,204.09,204.69,202.81999999999999,203.75999999999999,29115,731,203.92550700000001
2021-09-02 04:00:00+00:00,204.81999999999999,206.3665,204.72499999999999,205.49000000000001,32766,746,205.36485999999999
2021-09-03 04:00:00+00:00,205.62,207.38,205.62,206.5,31348,735,206.364442
2021-09-07 04:00:00+00:00,206.5,207.47999999999999,204.9863,205.62,38071,855,205.79033999999999
2021-09-08 04:00:00+00:00,205.16999999999999,205.16999999999999,201.03389999999999,202.25999999999999,50768,998,202.030811
2021-09-09 04:00:00+00:00,202.59999999999999,205.34,202.59999999999999,203.21000000000001,37086,822,204.01738900000001
2021-09-10 04:00:00+00:00,205.22999999999999,207.90000000000001,203.88999999999999,203.99000000000001,58884,1042,206.30981700000001
2021-09-13 04:00:00+00:00,205.99000000000001,206.81,203.221,206.68000000000001,48259,799,205.453599
2021-09-14 04:00:00+00:00,207.87,208.22,205.53,206.31999999999999,44896,867,207.15506300000001
2021-09-15 04:00:00+00:00,206.21000000000001,207.37,204.02289999999999,207.27000000000001,26188,599,205.49684400000001
2021-09-16 04:00:00+00:00,206.12,209.30000000000001,205.11000000000001,208.62,64854,998,207.484365
2021-09-17 04:00:00+00:00,208.06999999999999,208.06999999999999,204.31,205.61000000000001,43756,1053,205.11099999999999
2021-09-20 04:00:00+00:00,200.78,201.31999999999999,197,200.02000000000001,92926,1699,199.177864
2021-09-21 04:00:00+00:00,201.93000000000001,201.93000000000001,198.02000000000001,200.69,35415,767,200.42485099999999
2021-09-22 04:00:00+00:00,202.16999999999999,206.80000000000001,202.11500000000001,206.24000000000001,110870,945,205.85040100000001
2021-09-23 04:00:00+00:00,207.34,209.535,206.6088,209.03999999999999,35555,831,208.55223000000001
2021-09-24 04:00:00+00:00,207.71000000000001,209.16,207,208.34,42089,1127,208.395543
2021-09-27 04:00:00+00:00,206.62,209.43000000000001,205.85769999999999,208.63999999999999,66631,827,208.48608200000001
2021-09-28 04:00:00+00:00,205.22999999999999,205.38,200.43559999999999,200.47999999999999,142432,1728,201.476518
2021-09-29 04:00:00+00:00,201.33000000000001,201.72,196.52000000000001,197.11000000000001,41265,1142,199.03345100000001
2021-09-30 04:00:00+00:00,198.77000000000001,200.56999999999999,197.97,197.97,81676,861,199.26005699999999
2021-10-01 04:00:00+00:00,199.62,199.97999999999999,196.06999999999999,199.19999999999999,139877,930,197.881125
2021-10-04 04:00:00+00:00,198.38,198.38,192.86000000000001,193.71000000000001,98957,1312,194.20732899999999
2021-10-05 04:00:00+00:00,195.12,196.96000000000001,194.27000000000001,195.77000000000001,84948,835,195.99830299999999
2021-10-06 04:00:00+00:00,193.44,196.83000000000001,192.94999999999999,196.24000000000001,26215,701,195.345527
2021-10-07 04:00:00+00:00,198.50999999999999,202.5,198.50999999999999,199.78,60274,920,200.748683
2021-10-08 04:00:00+00:00,200.88999999999999,200.88999999999999,197.285,197.55000000000001,21750,720,198.36437599999999
2021-10-11 04:00:00+00:00,197,200.05000000000001,196.08000000000001,196.08000000000001,85103,640,198.90445099999999
2021-10-12 04:00:00+00:00,196.96000000000001,197.96000000000001,194.28579999999999,195.08000000000001,62189,876,195.62770399999999
2021-10-13 04:00:00+00:00,196.36000000000001,198.06,196.2413,196.87,28396,583,197.30031500000001
2021-10-14 04:00:00+00:00,200.24000000000001,202.21000000000001,199.94999999999999,202.16,24524,832,201.54557199999999
2021-10-15 04:00:00+00:00,203.83000000000001,204.62960000000001,202.27000000000001,202.47,49835,758,203.07902799999999
2021-10-18 04:00:00+00:00,201.03999999999999,204.03,200.87620000000001,203.88,64264,1108,202.66285500000001
2021-10-19 04:00:00+00:00,204.93000000000001,207.78,203.88999999999999,207.24000000000001,59871,1147,206.340102
2021-10-20 04:00:00+00:00,207.03,207.64859999999999,205.71369999999999,206.77000000000001,51874,875,206.509455
2021-10-21 04:00:00+00:00,206.44,210.43000000000001,205.82669999999999,210.38999999999999,67376,1104,209.19073499999999
2021-10-22 04:00:00+00:00,209.83000000000001,210.845,206.81,207.75999999999999,45555,843,208.61020400000001
2021-10-25 04:00:00+00:00,208.77000000000001,212,208.16999999999999,211.00999999999999,73008,1161,210.82912200000001
2021-10-26 04:00:00+00:00,212.88999999999999,212.88999999999999,209.47999999999999,210.28999999999999,62621,1073,211.06281100000001
2021-10-27 04:00:00+00:00,210.19,213.25999999999999,209.16,210.43000000000001,86157,1505,211.12276399999999
2021-10-28 04:00:00+00:00,213.66,220.90000000000001,213.66,220.77000000000001,103725,1590,218.529774
2021-10-29 04:00:00+00:00,219.56,221.46000000000001,218.80000000000001,221.31,99539,1577,220.86710099999999
2021-11-01 04:00:00+00:00,222.36000000000001,227.63999999999999,221.69,227.59999999999999,229901,2085,225.95722499999999
2021-11-02 04:00:00+00:00,227.88999999999999,230.18000000000001,227.6208,229.77000000000001,317276,1947,229.37982700000001
2021-11-03 04:00:00+00:00,229.65000000000001,233.58770000000001,228.6371,232.94,100323,2145,231.673743
2021-11-04 04:00:00+00:00,234.63999999999999,238.13,233.28999999999999,237.56,114647,2649,236.355918
2021-11-05 04:00:00+00:00,239.63,243.22989999999999,237.31,239.15000000000001,85620,2166,239.88206099999999
2021-11-08 05:00:00+00:00,241.18000000000001,244.44999999999999,240.44,242.16999999999999,140153,2406,242.95572799999999
2021-11-09 05:00:00+00:00,243.56,243.91999999999999,236.78999999999999,239.25,167290,2442,240.03330600000001
2021-11-10 05:00:00+00:00,235.50999999999999,238.11000000000001,231.41999999999999,232.69,134736,2588,234.778717
2021-11-11 05:00:00+00:00,235.93000000000001,239.37,234.65000000000001,239.19999999999999,82482,1375,237.54957899999999
2021-11-12 05:00:00+00:00,240.56999999999999,241.74000000000001,239.31999999999999,240.59,98392,1434,240.70978700000001
2021-11-15 05:00:00+00:00,242.94999999999999,243,238.28980000000001,240.56,78024,1639,240.63042799999999
2021-11-16 05:00:00+00:00,240.02000000000001,245.08000000000001,239.05000000000001,245.02000000000001,96662,1499,242.93177299999999
2021-11-17 05:00:00+00:00,244.90000000000001,244.97999999999999,240.44499999999999,242,63235,1737,242.57563400000001
2021-11-18 05:00:00+00:00,245.72,246.05009999999999,241.1567,243.44,77551,1921,243.86288200000001
2021-11-19 05:00:00+00:00,244.33000000000001,246.30430000000001,243,245.06999999999999,58807,1552,245.030292
2021-11-22 05:00:00+00:00,247.25,250.24000000000001,239.81,239.99000000000001,159007,2373,244.028842
2021-11-23 05:00:00+00:00,239.63999999999999,242.923,235.00999999999999,239.15000000000001,101257,2428,238.17911799999999
2021-11-24 05:00:00+00:00,237.21000000000001,242.38999999999999,234.47999999999999,242.38999999999999,68117,1599,239.05572699999999
2021-11-26 05:00:00+00:00,237.21000000000001,239.88229999999999,232.55000000000001,234.80000000000001,85107,1984,235.680463
2021-11-29 05:00:00+00:00,239.27000000000001,243.24000000000001,237.50999999999999,243.06999999999999,284330,2407,241.09908200000001
2021-11-30 05:00:00+00:00,242.02000000000001,243.64500000000001,235.05009999999999,238.22999999999999,87633,2209,238.700954
2021-12-01 05:00:00+00:00,243.74000000000001,248.59989999999999,237.55000000000001,237.56999999999999,278258,3068,245.022524
2021-12-02 05:00:00+00:00,236.21000000000001,239.68000000000001,233.215,237.25,140900,1838,237.08721800000001
2021-12-03 05:00:00+00:00,241.47,244.12,232.70959999999999,235.25,123766,2134,236.86514700000001
2021-12-06 05:00:00+00:00,235.47,236.0077,227.24010000000001,234.80000000000001,149195,2075,232.106404
2021-12-07 05:00:00+00:00,239.97,249.38990000000001,239.97,248.30000000000001,99583,1997,246.347815
2021-12-08 05:00:00+00:00,248,249.22,244.63,248.86000000000001,77408,1423,247.79291900000001
2021-12-09 05:00:00+00:00,247.02000000000001,250,241.96000000000001,242.06,46836,1425,245.65107499999999
2021-12-10 05:00:00+00:00,246.13999999999999,247.29499999999999,240,242.49000000000001,41040,1185,242.25783300000001
2021-12-13 05:00:00+00:00,243.47,244.3699,236.03999999999999,236.19999999999999,122687,2361,238.40851900000001
2021-12-14 05:00:00+00:00,232.94999999999999,235.63999999999999,231.31,233.84999999999999,61798,1381,232.78267299999999
2021-12-15 05:00:00+00:00,234.99000000000001,242.15000000000001,229.91,241.97999999999999,79587,1612,234.05191199999999
2021-12-16 05:00:00+00:00,243.87,243.87,226.80000000000001,228.88,136504,3088,232.31301999999999
2021-12-17 05:00:00+00:00,226.16,234.19659999999999,225.5,230.75999999999999,85206,1640,229.704748
2021-12-20 05:00:00+00:00,225.96000000000001,228.36000000000001,223.81999999999999,227.30000000000001,96062,1965,226.296245
2021-12-21 05:00:00+00:00,231.68000000000001,235.69,229.65000000000001,235.44,204208,1721,233.83435900000001
2021-12-22 05:00:00+00:00,234.87,238.05000000000001,233.22999999999999,238.02000000000001,50560,1279,235.96743699999999
2021-12-23 05:00:00+00:00,239.15000000000001,242.25999999999999,238.58000000000001,240.77000000000001,53630,1525,240.61596900000001
2021-12-27 05:00:00+00:00,242.43000000000001,247.93000000000001,242.41,247.86000000000001,66302,1651,245.667438
2021-12-28 05:00:00+00:00,248.88,248.88,242.44999999999999,244,71110,1587,245.44332399999999
2021-12-29 05:00:00+00:00,244.34,245.81,242.75999999999999,244.58000000000001,78298,1234,244.410674
2021-12-30 05:00:00+00:00,244.72,246.86000000000001,242.83000000000001,243.19999999999999,63169,1199,245.921109
2021-12-31 05:00:00+00:00,243.88,245.28700000000001,242.96629999999999,243.15000000000001,49690,1187,243.85572199999999
2022-01-03 05:00:00+00:00,244.66,248.75,243.75,248.38,119002,2039,247.088345
2022-01-04 05:00:00+00:00,250.28,250.81999999999999,239.11000000000001,245.53999999999999,132765,2960,243.537195
2022-01-05 05:00:00+00:00,243.74000000000001,243.74000000000001,231.59,231.66,118244,3065,237.523549
2022-01-06 05:00:00+00:00,231.47,234.47,227.94990000000001,232.91,132174,2068,230.90160700000001
2022-01-07 05:00:00+00:00,232.97,234.34,225.2954,225.96000000000001,104032,2490,228.27772100000001
2022-01-10 05:00:00+00:00,222.56999999999999,225.63,217.11000000000001,225.44999999999999,143948,2752,220.25598099999999
2022-01-11 05:00:00+00:00,225.28999999999999,229.73740000000001,223.15000000000001,229.22999999999999,79544,1790,227.08466300000001
2022-01-12 05:00:00+00:00,232.12,234.06,227.63,229.71000000000001,59520,1380,230.632576
2022-01-13 05:00:00+00:00,231.88999999999999,233.97999999999999,222.44229999999999,222.91999999999999,121095,1805,226.98149900000001
2022-01-14 05:00:00+00:00,220.81,226.69,220.73869999999999,226.56,82129,1446,224.42181600000001
2022-01-18 05:00:00+00:00,223.12,223.12,216.00999999999999,216.34999999999999,119956,2948,219.66771499999999
2022-01-19 05:00:00+00:00,218.25999999999999,219.36940000000001,210.19,210.38999999999999,131470,2229,213.27148399999999
2022-01-20 05:00:00+00:00,212.69,213.78,203.83000000000001,203.91999999999999,86962,2125,209.521738
2022-01-21 05:00:00+00:00,201.99000000000001,206.9631,198.88,199.13,171333,2955,203.06746100000001
2022-01-24 05:00:00+00:00,193.90000000000001,202.30000000000001,187.39500000000001,202.28999999999999,148893,3098,194.56070099999999
2022-01-25 05:00:00+00:00,196.56,198.59219999999999,192.4401,194.09999999999999,98815,2239,194.92348699999999
2022-01-26 05:00:00+00:00,200.03999999999999,205.59999999999999,194.09999999999999,196.5,150702,2122,200.808626
2022-01-27 05:00:00+00:00,200.65000000000001,201.09999999999999,186.81,187.5,161231,2481,191.350888
2022-01-28 05:00:00+00:00,187.52000000000001,191.91999999999999,181.61000000000001,191.81999999999999,139225,2326,185.732494
2022-01-31 05:00:00+00:00,193.08000000000001,204.66999999999999,192.55000000000001,204.53999999999999,224169,2259,200.34343799999999
2022-02-01 05:00:00+00:00,206.36000000000001,206.44999999999999,200.7251,206.28999999999999,108298,2018,204.45624599999999
2022-02-02 05:00:00+00:00,210,210.99000000000001,205.00999999999999,208.47999999999999,175067,1842,208.31664799999999
2022-02-03 05:00:00+00:00,202.68000000000001,205.13,197.58000000000001,197.94,244057,4203,200.005775
2022-02-04 05:00:00+00:00,197.38,201.86000000000001,194.62,200.38999999999999,110856,1920,197.077755
2022-02-07 05:00:00+00:00,200.88,204.13,199.5,200.27000000000001,107633,1623,201.448397
2022-02-08 05:00:00+00:00,200,207.03999999999999,199.92769999999999,206.58000000000001,67060,1405,204.583899
2022-02-09 05:00:00+00:00,210.13999999999999,214.75,207.94560000000001,214.62,97329,2024,211.99724000000001
2022-02-10 05:00:00+00:00,209.05000000000001,215.25999999999999,205.99000000000001,207.33000000000001,110121,2092,209.52230700000001
2022-02-11 05:00:00+00:00,207.44999999999999,209.7527,196.88999999999999,198.19999999999999,267798,1968,198.207525
2022-02-14 05:00:00+00:00,198.96000000000001,203.28999999999999,196.19,198.50999999999999,172310,2542,199.180735
2022-02-15 05:00:00+00:00,203.25,210.96000000000001,203.00999999999999,210.78999999999999,113321,2005,207.25617099999999
2022-02-16 05:00:00+00:00,208.34999999999999,212.52000000000001,206.69300000000001,212.05000000000001,99304,1707,209.30205000000001
2022-02-17 05:00:00+00:00,208.33000000000001,209.2499,202.84999999999999,203.08000000000001,97253,2116,204.80987200000001
2022-02-18 05:00:00+00:00,203.06,204.05000000000001,198.2141,200.44999999999999,101375,2040,200.47541699999999
2022-02-22 05:00:00+00:00,198.12,203.59,195.00999999999999,197.53999999999999,130306,2134,199.33829499999999
2022-02-23 05:00:00+00:00,200.22999999999999,202.23519999999999,192.56999999999999,193.11000000000001,80518,1817,196.660562
2022-02-24 05:00:00+00:00,185.56999999999999,204.44999999999999,185,203.91999999999999,290308,2818,196.093692
2022-02-25 05:00:00+00:00,204.34999999999999,206.22,199.88999999999999,206.16,62544,1350,203.924273
2022-02-28 05:00:00+00:00,203.81,208.65000000000001,202.91,206.56999999999999,174446,1945,205.72051500000001
2022-03-01 05:00:00+00:00,205.16999999999999,205.46000000000001,196.59999999999999,198.41999999999999,115784,2146,201.08076700000001
2022-03-02 05:00:00+00:00,199.34999999999999,204.37,198.55000000000001,203.41999999999999,102191,1184,202.51790099999999
2022-03-03 05:00:00+00:00,204.84999999999999,204.84999999999999,197.25,198.44,128498,2598,200.78175400000001
2022-03-04 05:00:00+00:00,196.18000000000001,198.61340000000001,190.86000000000001,193.06,74582,2009,193.12220500000001
2022-03-07 05:00:00+00:00,193.50999999999999,195.22999999999999,185.19999999999999,185.28,91227,2052,190.234689
2022-03-08 05:00:00+00:00,185.91,197.9838,184.11000000000001,191.55000000000001,204188,3409,192.51493199999999
2022-03-09 05:00:00+00:00,197.31,198.54499999999999,194.61000000000001,197.38,83002,1549,197.186981
2022-03-10 05:00:00+00:00,193.53,194.67789999999999,189.79499999999999,194.21000000000001,82929,1438,192.05653899999999
2022-03-11 05:00:00+00:00,196.24000000000001,196.99000000000001,189.38999999999999,189.66,57225,1334,192.440639
2022-03-14 04:00:00+00:00,189.22,189.22,179.96000000000001,181.28999999999999,87685,2090,183.365013
2022-03-15 04:00:00+00:00,182.22999999999999,190.84,181.36699999999999,190.49000000000001,86191,1527,186.96274299999999
2022-03-16 04:00:00+00:00,193.69,200.59999999999999,192.25,200.56999999999999,198980,2349,198.45613700000001
2022-03-17 04:00:00+00:00,198.62,203.5,197.09999999999999,203.47999999999999,54976,1264,201.416526
2022-03-18 04:00:00+00:00,201.75,208.84999999999999,201.34,208.46000000000001,85821,1584,207.10775599999999
2022-03-21 04:00:00+00:00,208.00999999999999,209.58000000000001,203.80289999999999,206.69,79131,1290,206.08867699999999
2022-03-22 04:00:00+00:00,206.90000000000001,211.80000000000001,206.88999999999999,209.33000000000001,80242,1721,209.672865
2022-03-23 04:00:00+00:00,207.31,211.38999999999999,204.31,204.44999999999999,92758,1595,207.77969300000001
2022-03-24 04:00:00+00:00,206.44,213.69999999999999,206.11000000000001,213.63,137425,2264,210.427516
2022-03-25 04:00:00+00:00,214.19,214.19,209.13999999999999,212.68000000000001,191333,2218,211.04708500000001
2022-03-28 04:00:00+00:00,211.43000000000001,213.56720000000001,207.72,213.55000000000001,190948,2375,210.48042000000001
2022-03-29 04:00:00+00:00,216.96000000000001,220.31,215.28380000000001,219.75,134304,2171,217.80552
2022-03-30 04:00:00+00:00,218.31,219.47,210.74000000000001,211.61000000000001,127670,2241,215.54241500000001
2022-03-31 04:00:00+00:00,212,212.26499999999999,207.34,207.44999999999999,104762,2123,209.791585
2022-04-01 04:00:00+00:00,208.84,208.84,200.69,203.28,232102,2165,202.30141399999999
2022-04-04 04:00:00+00:00,204.37,207.83000000000001,204.00999999999999,207.13,97421,1544,206.38425899999999
2022-04-05 04:00:00+00:00,205.69999999999999,206.05000000000001,195.09,195.53,278556,3427,197.028144
2022-04-06 04:00:00+00:00,192.03999999999999,192.38999999999999,187.81,189.00999999999999,197609,2850,189.723457
2022-04-07 04:00:00+00:00,188.56,191.87,184,188.27000000000001,100837,2135,187.57881499999999
2022-04-08 04:00:00+00:00,187.12,187.43000000000001,182.88,183.03,86704,1746,184.57029299999999
2022-04-11 04:00:00+00:00,180.53999999999999,183.05000000000001,179.28999999999999,180.08000000000001,122193,2138,180.84840800000001
2022-04-12 04:00:00+00:00,184.31,186.03639999999999,179.65000000000001,180.19999999999999,158288,2304,183.05266
2022-04-13 04:00:00+00:00,181,185.85499999999999,180.06,184.88999999999999,79080,1472,183.55981499999999
2022-04-14 04:00:00+00:00,185.34,185.63999999999999,179.86000000000001,179.86000000000001,90306,1429,181.30918800000001
2022-04-18 04:00:00+00:00,179.08000000000001,184.25999999999999,178.66,182.55000000000001,162334,2092,181.481133
2022-04-19 04:00:00+00:00,182.33000000000001,186.87,180.96000000000001,186.05000000000001,58416,1171,185.448239
2022-04-20 04:00:00+00:00,188.37,189.65000000000001,183.81,183.88999999999999,65057,1264,186.02818400000001
2022-04-21 04:00:00+00:00,186.52000000000001,189,177.11150000000001,177.94999999999999,81271,1870,180.859455
2022-04-22 04:00:00+00:00,177.44999999999999,179.22,173.81,173.91999999999999,152116,2008,175.57432299999999
2022-04-25 04:00:00+00:00,172.53,177.66999999999999,171.96000000000001,177.53,177245,2497,175.573499
2022-04-26 04:00:00+00:00,175.77000000000001,175.77000000000001,170.78999999999999,170.81,127117,2065,172.34453600000001
2022-04-27 04:00:00+00:00,169.72,174.84630000000001,169.13,170.06,264325,2425,171.95946699999999
2022-04-28 04:00:00+00:00,173.66999999999999,180.00999999999999,170.5,178.27000000000001,99647,1493,174.939437
2022-04-29 04:00:00+00:00,175.77000000000001,180.3391,171.84999999999999,171.96000000000001,68207,1083,174.30822499999999
2022-05-02 04:00:00+00:00,171.94,178.72,171.61500000000001,178.52000000000001,115828,1676,174.85620499999999
2022-05-03 04:00:00+00:00,178.50999999999999,182,176.97,180.69,113158,1841,179.55896100000001
2022-05-04 04:00:00+00:00,181.53,187.72,176.13239999999999,187.56,156858,1845,182.747075
2022-05-05 04:00:00+00:00,183.66999999999999,183.9418,174.69210000000001,177.02000000000001,84254,1415,177.78209899999999
2022-05-06 04:00:00+00:00,175.21000000000001,177.53,170.30009999999999,174.06999999999999,185677,2255,174.45940100000001
2022-05-09 04:00:00+00:00,170.24000000000001,171.99000000000001,162.55000000000001,163.28,165509,2564,165.745047
2022-05-10 04:00:00+00:00,168.38999999999999,169.26499999999999,162.38,166.30000000000001,129652,2285,165.999934
2022-05-11 04:00:00+00:00,164.66999999999999,167.66,158.99000000000001,159.19999999999999,105566,1736,163.280855
2022-05-12 04:00:00+00:00,157.06999999999999,162.94,156.58000000000001,161.25999999999999,165338,1947,159.36463699999999
2022-05-13 04:00:00+00:00,165.22999999999999,173.30000000000001,165.20500000000001,172.12,113261,1668,171.31554700000001
2022-05-16 04:00:00+00:00,170.75,173.06999999999999,169.18000000000001,169.50999999999999,128449,1194,171.182828
2022-05-17 04:00:00+00:00,174.31,177.58000000000001,173.035,177.41,153676,1448,176.71373399999999
2022-05-18 04:00:00+00:00,174.34,178.19499999999999,169.19999999999999,170.22999999999999,117534,2206,172.834701
2022-05-19 04:00:00+00:00,169.31,174.9495,168.66,171.59,60868,1084,172.31143299999999
2022-05-20 04:00:00+00:00,174.66,174.8904,164.55000000000001,171.66,159074,1754,168.81828899999999
2022-05-23 04:00:00+00:00,171.56999999999999,172.22999999999999,167.91999999999999,171.72,109961,1546,170.42126300000001
2022-05-24 04:00:00+00:00,169.06999999999999,169.06999999999999,164.47999999999999,166.25,83852,1515,166.15140600000001
2022-05-25 04:00:00+00:00,164.97999999999999,170.34,164.97999999999999,169.09,59304,1036,167.68065999999999
2022-05-26 04:00:00+00:00,168.21000000000001,176.84,167.97,175.97,94738,1137,174.97845599999999
2022-05-27 04:00:00+00:00,178.38,184.03999999999999,178.38,183.72999999999999,67902,1305,181.44743800000001
2022-05-31 04:00:00+00:00,183.31,184.2799,180.05000000000001,182.69999999999999,73851,1031,182.54724400000001
2022-06-01 04:00:00+00:00,183.59,184.65870000000001,177.86000000000001,180.63,85335,949,180.624674
2022-06-02 04:00:00+00:00,180.11000000000001,187.56999999999999,179.88999999999999,187.56999999999999,84878,1458,185.85009199999999
2022-06-03 04:00:00+00:00,183.91,184.47999999999999,181.17019999999999,181.87,62689,1121,182.37915100000001
2022-06-06 04:00:00+00:00,185.31999999999999,186.22999999999999,180.30000000000001,181.28,65443,984,183.45499699999999
2022-06-07 04:00:00+00:00,178.91,183.47,178.46000000000001,183.47,37366,933,181.610468
2022-06-08 04:00:00+00:00,182.40000000000001,183.18000000000001,178.18000000000001,179.09999999999999,59630,959,179.93825100000001
2022-06-09 04:00:00+00:00,177.52000000000001,180.84190000000001,174.49000000000001,174.59,61690,977,178.229502
2022-06-10 04:00:00+00:00,170.69,172.48500000000001,167.87,168.56999999999999,78085,1320,169.62381300000001
2022-06-13 04:00:00+00:00,162.15000000000001,164.44,157.41,157.78,145057,1915,159.158017
2022-06-14 04:00:00+00:00,159.38999999999999,160.28,157.06999999999999,158.97,58950,988,158.085115
2022-06-15 04:00:00+00:00,161.09,164.47,158.46000000000001,162.00999999999999,108906,1257,161.00684200000001
2022-06-16 04:00:00+00:00,157.00999999999999,157.58000000000001,149.91,151.34,94282,2105,152.65771799999999
2022-06-17 04:00:00+00:00,152.40000000000001,154.94999999999999,150.38999999999999,153.88,79006,1016,152.850876
2022-06-21 04:00:00+00:00,156.66,159.28,156.34999999999999,157.41,77806,1322,157.99254099999999
2022-06-22 04:00:00+00:00,155,157.85640000000001,154.38999999999999,155.81,44010,755,156.290098
2022-06-23 04:00:00+00:00,157,157,153.53999999999999,156.08000000000001,68018,1274,155.175737
2022-06-24 04:00:00+00:00,158.19,162.58000000000001,158.05000000000001,161.08000000000001,98844,1160,160.349468
2022-06-27 04:00:00+00:00,162.59999999999999,163.78999999999999,159.77000000000001,161.52000000000001,79644,1166,161.384095
2022-06-28 04:00:00+00:00,162.25,163.84999999999999,156.91999999999999,157.02000000000001,42325,985,158.57727399999999
2022-06-29 04:00:00+00:00,155.18000000000001,155.18000000000001,151.52000000000001,153.78,79878,1452,152.98978299999999
2022-06-30 04:00:00+00:00,151.28999999999999,154.46000000000001,148.87,151.72,69805,894,151.48823100000001
2022-07-01 04:00:00+00:00,150.28,150.28,144.34999999999999,146.00999999999999,102298,1611,146.33000100000001
2022-07-05 04:00:00+00:00,142.56,147.72,141.25999999999999,147.72,83672,1312,144.41145499999999
2022-07-06 04:00:00+00:00,148,149.59819999999999,146.28,148.25,109531,1029,147.68327300000001
2022-07-07 04:00:00+00:00,151.34,155.97,150.69,155.40000000000001,95482,1517,154.55728099999999
2022-07-08 04:00:00+00:00,153.36000000000001,157.869,152.80000000000001,156.81999999999999,51232,1073,156.081119
2022-07-11 04:00:00+00:00,154.91,155.47999999999999,152.16,152.34,39353,809,153.76503099999999
2022-07-12 04:00:00+00:00,153.16,154.11000000000001,151.06,152.56,42496,626,152.89127300000001
2022-07-13 04:00:00+00:00,149.56999999999999,154.28,149.00999999999999,153.49000000000001,45677,959,152.55763899999999
2022-07-14 04:00:00+00:00,152.53,156.94999999999999,150.83000000000001,156.66999999999999,71388,1373,153.906308
2022-07-15 04:00:00+00:00,158.47999999999999,159.99000000000001,155.46109999999999,159.91,78050,967,158.299509
2022-07-18 04:00:00+00:00,162.46000000000001,163.39869999999999,158.31999999999999,159.11000000000001,53828,968,161.287575
2022-07-19 04:00:00+00:00,161.71000000000001,167.15000000000001,161.22,166.62,147914,1416,165.174071
2022-07-20 04:00:00+00:00,166.53,172.77000000000001,166.53,172.27000000000001,83173,1775,171.06319500000001
2022-07-21 04:00:00+00:00,172.94999999999999,174.97,170.5,174.97,66430,982,173.411777
2022-07-22 04:00:00+00:00,174.46000000000001,174.46000000000001,168.16,169.59999999999999,90413,963,170.518201
2022-07-25 04:00:00+00:00,168.78,168.78,166.09999999999999,168.56999999999999,38188,576,167.75422800000001
2022-07-26 04:00:00+00:00,167.78,167.93000000000001,166.09999999999999,166.49000000000001,55329,876,166.63301799999999
2022-07-27 04:00:00+00:00,169.56,175.96000000000001,169.4785,175.02000000000001,103245,1313,172.92546400000001
2022-07-28 04:00:00+00:00,177.34999999999999,179.66030000000001,175.13,179.40000000000001,101719,1413,177.58375000000001
2022-07-29 04:00:00+00:00,178.08000000000001,182.88,178.08000000000001,182.40000000000001,107824,1415,181.36473100000001
2022-08-01 04:00:00+00:00,181.19,183.75999999999999,179.86000000000001,181.90000000000001,108189,2019,182.23076900000001
2022-08-02 04:00:00+00:00,180.58000000000001,185.84999999999999,180.5788,183.55000000000001,73838,1431,183.708833
2022-08-03 04:00:00+00:00,184.19,189.72999999999999,183.98349999999999,189.25999999999999,97207,1517,188.34784500000001
2022-08-04 04:00:00+00:00,188.59,189.16999999999999,186.31,188.50999999999999,110492,1499,187.81081800000001
2022-08-05 04:00:00+00:00,185.94,190.03,185.47999999999999,187.88,44133,839,187.32847000000001
2022-08-08 04:00:00+00:00,187.22,188.88999999999999,183.28200000000001,185.38,78837,1823,186.10913600000001
2022-08-09 04:00:00+00:00,182.06999999999999,182.06999999999999,174.96000000000001,177.28,126392,1612,177.80351999999999
2022-08-10 04:00:00+00:00,181.97,185.71469999999999,180.07849999999999,185.52000000000001,106863,1328,183.90020200000001
2022-08-11 04:00:00+00:00,187.52000000000001,190.28999999999999,184.96000000000001,185.09,79875,1124,186.80538000000001
2022-08-12 04:00:00+00:00,186.75999999999999,191.68000000000001,185.80500000000001,191.46000000000001,61424,1331,189.72134
2022-08-15 04:00:00+00:00,190.83000000000001,193.25,190.09,192.21000000000001,71918,1106,191.63708600000001
2022-08-16 04:00:00+00:00,191.50999999999999,192.5,189.72,190.87,84750,1167,191.24803
2022-08-17 04:00:00+00:00,187.47999999999999,187.63999999999999,182.86000000000001,185.41,53354,1189,185.008241
2022-08-18 04:00:00+00:00,186.83000000000001,192.80000000000001,186.83000000000001,191.31,215727,2059,191.45474400000001
2022-08-19 04:00:00+00:00,188.62,188.91999999999999,185.09999999999999,185.72,64276,1227,186.70079899999999
2022-08-22 04:00:00+00:00,181.84999999999999,182,178.30000000000001,178.80000000000001,75513,1275,180.13825199999999
2022-08-23 04:00:00+00:00,179.19999999999999,183.029,179.19999999999999,180.41999999999999,37018,642,180.86805799999999
2022-08-24 04:00:00+00:00,180.41,182.53999999999999,179.58000000000001,181.90000000000001,63351,545,181.38145900000001
2022-08-25 04:00:00+00:00,182.93000000000001,188.63,182.93000000000001,188.53999999999999,51654,999,186.23155499999999
2022-08-26 04:00:00+00:00,188.66,188.66,178.81,178.84,54906,1172,182.60926699999999
2022-08-29 04:00:00+00:00,176.88,179.24430000000001,175.21000000000001,175.58000000000001,72927,1030,176.816847
2022-08-30 04:00:00+00:00,177.36000000000001,178.36000000000001,171.63999999999999,173.55000000000001,219574,1229,173.58545000000001
2022-08-31 04:00:00+00:00,173.84999999999999,173.84999999999999,169.5,171.03999999999999,119665,1102,171.63389900000001
2022-09-01 04:00:00+00:00,166.80000000000001,166.85839999999999,160.11000000000001,165.16999999999999,81127,1637,163.198027
2022-09-02 04:00:00+00:00,167.78,168.678,162.96000000000001,164.03999999999999,49858,1059,165.38684900000001
2022-09-06 04:00:00+00:00,164.25999999999999,164.74789999999999,161.24000000000001,163.09999999999999,48310,1026,163.31622400000001
2022-09-07 04:00:00+00:00,163.41999999999999,167.88,162.81999999999999,166.94999999999999,25003,620,165.69883799999999
2022-09-08 04:00:00+00:00,165.66999999999999,170.40000000000001,165.00999999999999,169.56,56289,1081,168.71949699999999
2022-09-09 04:00:00+00:00,172.05000000000001,174.03999999999999,171.71000000000001,173.38,23618,686,173.152458
2022-09-12 04:00:00+00:00,174.55000000000001,174.78,172.00999999999999,174.18000000000001,110673,1270,173.263226
2022-09-13 04:00:00+00:00,167.38999999999999,168.91999999999999,164.81,165.25999999999999,47392,1188,166.976167
2022-09-14 04:00:00+00:00,166.08000000000001,167.94999999999999,164.43000000000001,167.28999999999999,33715,769,166.37277
2022-09-15 04:00:00+00:00,166.08000000000001,168.53999999999999,164.03999999999999,165.37,59961,962,165.405731
2022-09-16 04:00:00+00:00,163.18000000000001,165.71000000000001,161.81999999999999,165.63,55774,1120,164.021096
2022-09-19 04:00:00+00:00,163.08000000000001,167.03,163.08000000000001,166.56999999999999,36542,1163,165.75499099999999
2022-09-20 04:00:00+00:00,164.66999999999999,165.50999999999999,163.08000000000001,164.13999999999999,26602,1093,164.42123699999999
2022-09-21 04:00:00+00:00,164.97,170.47,163.69999999999999,163.69999999999999,47492,1062,166.96854999999999
2022-09-22 04:00:00+00:00,162.91,163.09610000000001,157.28999999999999,158.31,48943,1595,159.652782
2022-09-23 04:00:00+00:00,155.84,157.02000000000001,153.17009999999999,155.77000000000001,80002,1385,154.62459699999999
2022-09-26 04:00:00+00:00,155.08000000000001,158.34,153.59180000000001,154.09999999999999,118160,1083,154.826098
2022-09-27 04:00:00+00:00,156.75999999999999,158.84,154.34999999999999,156.66,57013,922,156.790738
2022-09-28 04:00:00+00:00,155.53,160.53999999999999,155.13999999999999,159.78999999999999,79068,1010,158.41045
2022-09-29 04:00:00+00:00,156.90000000000001,156.90000000000001,152.7499,155.06,40289,1017,154.28642400000001
2022-09-30 04:00:00+00:00,153.66,157.72999999999999,152.02000000000001,152.13999999999999,57693,1036,155.44554199999999
2022-10-03 04:00:00+00:00,154.21000000000001,159.46000000000001,153.91200000000001,158.02000000000001,85879,1254,158.39196799999999
2022-10-04 04:00:00+00:00,162.38,165.29669999999999,162.38,165.15000000000001,119841,1431,164.40180599999999
2022-10-05 04:00:00+00:00,162.38999999999999,167.24000000000001,160.74000000000001,166.31,58046,1015,164.32637800000001
2022-10-06 04:00:00+00:00,165.78999999999999,168.185,164.58000000000001,165.02000000000001,37357,818,165.80869300000001
2022-10-07 04:00:00+00:00,160.63,160.91999999999999,154.78,155.66,87670,1202,157.11666199999999
2022-10-10 04:00:00+00:00,155.31,155.31,148.00999999999999,150.96000000000001,56436,1274,150.62084899999999
2022-10-11 04:00:00+00:00,148.84999999999999,150.16999999999999,145.73060000000001,147.83000000000001,72116,1247,147.76888600000001
2022-10-12 04:00:00+00:00,147.46000000000001,147.75,145.47999999999999,145.50999999999999,92624,1451,146.23341300000001
2022-10-13 04:00:00+00:00,140.41,152.06,138.65000000000001,150.12,80926,1231,145.96461600000001
2022-10-14 04:00:00+00:00,151.78999999999999,151.78999999999999,142.93000000000001,143.13999999999999,36740,1023,145.78008299999999
2022-10-17 04:00:00+00:00,147.06,148.30000000000001,145.97,147.02000000000001,32950,656,147.07211899999999
2022-10-18 04:00:00+00:00,151.55000000000001,152.18000000000001,145.02000000000001,147.28999999999999,49441,812,147.46881400000001
2022-10-19 04:00:00+00:00,146.27000000000001,148.84999999999999,145.27000000000001,147.25,243127,3372,146.72368499999999
2022-10-20 04:00:00+00:00,147.78999999999999,151.86000000000001,146.78999999999999,147.83000000000001,34986,812,148.89519999999999
2022-10-21 04:00:00+00:00,147.59,153.63,146.55199999999999,153.25999999999999,68071,947,150.86739900000001
2022-10-24 04:00:00+00:00,153.83000000000001,153.83000000000001,149.71000000000001,152.68000000000001,66772,1061,152.127162
2022-10-25 04:00:00+00:00,153.22999999999999,158.22,153.22999999999999,157.11000000000001,30160,863,156.499888
2022-10-26 04:00:00+00:00,154.63999999999999,159.56999999999999,153.86000000000001,155.78,83640,915,156.21360100000001
2022-10-27 04:00:00+00:00,156.65000000000001,158.15000000000001,154.03,154.06,45561,827,155.59011699999999
2022-10-28 04:00:00+00:00,154.44999999999999,160.35400000000001,154.44999999999999,160.06999999999999,37761,654,158.744316
2022-10-31 04:00:00+00:00,158.56,158.67089999999999,156.03999999999999,156.88,27939,738,157.624056
2022-11-01 04:00:00+00:00,160.24000000000001,161.24000000000001,158.06999999999999,159.13,39090,629,159.37020100000001
2022-11-02 04:00:00+00:00,159.99000000000001,163.97999999999999,155.56999999999999,155.72,57196,861,159.38441
2022-11-03 04:00:00+00:00,153.16,156.14009999999999,151.15000000000001,153.50999999999999,38907,628,153.74673000000001
2022-11-04 04:00:00+00:00,158.63999999999999,161.4134,156.37,160.38999999999999,92347,911,158.55709100000001
2022-11-07 05:00:00+00:00,161.63,163.25,158.71000000000001,162.72999999999999,76503,1084,161.04953
2022-11-08 05:00:00+00:00,164.78999999999999,167.81800000000001,162.935,165.62,118732,1441,165.387303
2022-11-09 05:00:00+00:00,163.05000000000001,163.113,160.28,160.38999999999999,59635,923,161.567747
2022-11-10 05:00:00+00:00,169.30000000000001,176.44,168.08000000000001,176.16,80283,1469,172.241713
2022-11-11 05:00:00+00:00,176.16999999999999,181.94,175.13999999999999,180.55000000000001,70925,1341,179.210262
2022-11-14 05:00:00+00:00,179.63999999999999,182.28,178.5822,178.78,52701,868,180.193251
2022-11-15 05:00:00+00:00,185.50999999999999,186.90000000000001,183.19999999999999,185.15000000000001,75473,1222,185.43174099999999
2022-11-16 05:00:00+00:00,181.30000000000001,181.30000000000001,176.09,176.87,76729,1467,178.55867799999999
2022-11-17 05:00:00+00:00,173.03999999999999,179.33629999999999,172.50999999999999,178.53,57599,851,177.55829
2022-11-18 05:00:00+00:00,181.36000000000001,181.94999999999999,178.53999999999999,180.41,38971,983,180.08055400000001
2022-11-21 05:00:00+00:00,178.53999999999999,178.65000000000001,175.96000000000001,176.08000000000001,29589,779,176.922315
2022-11-22 05:00:00+00:00,177.15000000000001,181.02000000000001,176.13,181.02000000000001,33002,804,178.44199900000001
2022-11-23 05:00:00+00:00,181.06,184.75,180.86000000000001,183.34,53349,975,183.127388
2022-11-25 05:00:00+00:00,182.75,182.80000000000001,181.19999999999999,181.24000000000001,24528,503,182.215497
2022-11-28 05:00:00+00:00,179.00999999999999,179.80000000000001,175.75999999999999,176.55000000000001,38717,1026,178.03885
2022-11-29 05:00:00+00:00,176.88,178.46000000000001,175.30000000000001,175.72999999999999,61283,1105,175.90994000000001
2022-11-30 05:00:00+00:00,176.05000000000001,185.91,174.63,185.87,74778,1206,180.493222
2022-12-01 05:00:00+00:00,186.81,187.13,182.17009999999999,184.00999999999999,53094,879,184.04439099999999
2022-12-02 05:00:00+00:00,179.53,183.13999999999999,178.98949999999999,182.88,34704,710,181.09979200000001
2022-12-05 05:00:00+00:00,181.72999999999999,183.5,178.77500000000001,180.2199,35502,681,181.222713
2022-12-06 05:00:00+00:00,180.46000000000001,180.46000000000001,174.41999999999999,175.99000000000001,109251,755,175.24080000000001
2022-12-07 05:00:00+00:00,174.41999999999999,176.94990000000001,173.75999999999999,176.24000000000001,32398,765,175.67957799999999
2022-12-08 05:00:00+00:00,177.41,181.26499999999999,176.22999999999999,180.94999999999999,29814,993,180.12048799999999
2022-12-09 05:00:00+00:00,180.12,181.68000000000001,178.25,178.96000000000001,23199,613,180.52635100000001
2022-12-12 05:00:00+00:00,178.65000000000001,181.66999999999999,177.59,181.66999999999999,26725,767,179.64196000000001
2022-12-13 05:00:00+00:00,189.49000000000001,190.99000000000001,183.43000000000001,185.38999999999999,107876,1622,187.959047
2022-12-14 05:00:00+00:00,185.12,187,181.38,182.68000000000001,75155,1200,184.62739099999999
2022-12-15 05:00:00+00:00,179.24000000000001,179.5,175.12,175.40000000000001,50669,1112,177.051209
2022-12-16 05:00:00+00:00,174.00999999999999,175.74000000000001,171.97999999999999,173.69999999999999,34901,950,173.59492900000001
2022-12-19 05:00:00+00:00,173.49000000000001,173.50999999999999,168.78999999999999,170.13999999999999,43572,986,170.17727500000001
2022-12-20 05:00:00+00:00,168.25999999999999,171.25999999999999,168.06999999999999,169.56,36256,751,170.27723800000001
2022-12-21 05:00:00+00:00,170.55000000000001,174.06999999999999,170.55000000000001,173.59999999999999,36666,777,172.97683900000001
2022-12-22 05:00:00+00:00,170.53999999999999,170.53999999999999,164.50749999999999,168.11000000000001,64918,1028,166.84411299999999
2022-12-23 05:00:00+00:00,167,167.7199,164.98339999999999,167.53,35909,699,166.358239
2022-12-27 05:00:00+00:00,166.46000000000001,166.46000000000001,164,164.02000000000001,50401,835,164.80047400000001
2022-12-28 05:00:00+00:00,163.21000000000001,164.74590000000001,161,161.43000000000001,87825,1328,162.057232
2022-12-29 05:00:00+00:00,163.06999999999999,167.61000000000001,163.06999999999999,166.88,96551,1156,166.32073099999999
2022-12-30 05:00:00+00:00,164.44999999999999,167.31,163.69,167.22999999999999,56741,984,165.18716000000001
2023-01-03 05:00:00+00:00,169.91,170.43000000000001,163.94,164.86000000000001,66995,1288,165.77358000000001
2023-01-04 05:00:00+00:00,167.71000000000001,169.75999999999999,166.31999999999999,168.41999999999999,118408,822,167.29938999999999
2023-01-05 05:00:00+00:00,166.66,167.68000000000001,165.06999999999999,165.25999999999999,123974,986,165.61214899999999
2023-01-06 05:00:00+00:00,167.44999999999999,173.68279999999999,165.53999999999999,172.86000000000001,38509,869,170.706063
2023-01-09 05:00:00+00:00,175.83000000000001,180.22489999999999,175.5,177.06,50179,1174,178.324524
2023-01-10 05:00:00+00:00,176.41,180.12,175.94990000000001,180.09999999999999,47432,855,178.49326300000001
2023-01-11 05:00:00+00:00,180.63999999999999,181.87,178.8355,181.87,29821,747,180.37703300000001
2023-01-12 05:00:00+00:00,183.03,184.5,179.09,183.66,38959,1161,182.54233400000001
2023-01-13 05:00:00+00:00,181.46000000000001,185.63999999999999,181.17009999999999,185.56999999999999,26522,877,184.31582299999999
2023-01-17 05:00:00+00:00,185.72999999999999,187.88,184.62,186.69,97511,1373,186.29748799999999
2023-01-18 05:00:00+00:00,188.72,190.57990000000001,186.33000000000001,186.59999999999999,62188,1195,188.45488900000001
2023-01-19 05:00:00+00:00,184.33000000000001,185.16,179.78,180.86000000000001,74862,1080,181.90537499999999
2023-01-20 05:00:00+00:00,182.81,186,181.21000000000001,185.97999999999999,69463,901,182.99221800000001
2023-01-23 05:00:00+00:00,187.53,196.13,187.40000000000001,195.43000000000001,93922,1917,193.38161700000001
2023-01-24 05:00:00+00:00,193.47999999999999,195.83359999999999,192.46000000000001,193.66,77425,1378,194.11865299999999
2023-01-25 05:00:00+00:00,190.11000000000001,194.56999999999999,188.815,194.33000000000001,69350,1247,192.130921
2023-01-26 05:00:00+00:00,196.74000000000001,197.68000000000001,193.41999999999999,197.65000000000001,69331,1490,195.911553
2023-01-27 05:00:00+00:00,194.91999999999999,198.80000000000001,194.91,197.59999999999999,132302,1655,196.834396
2023-01-30 05:00:00+00:00,194.36000000000001,195.81,191.5,191.84999999999999,73085,1686,193.36770799999999
2023-01-31 05:00:00+00:00,191.66,196.19999999999999,191.66,196.11000000000001,77344,1091,194.744101
2023-02-01 05:00:00+00:00,197.06999999999999,208.41999999999999,197.06999999999999,206.36000000000001,178115,2369,203.211263
2023-02-02 05:00:00+00:00,208.16999999999999,212.51650000000001,206.75999999999999,210.40000000000001,230313,2511,209.332381
2023-02-03 05:00:00+00:00,205.38999999999999,211.44999999999999,204.54669999999999,206.41999999999999,115808,1620,208.04694799999999
2023-02-06 05:00:00+00:00,203.31999999999999,206.25,201.84,202.75,69485,1367,203.55425199999999
2023-02-07 05:00:00+00:00,203.21000000000001,209.40000000000001,201.5,208.52000000000001,78307,1459,204.98463799999999
2023-02-08 05:00:00+00:00,207.11500000000001,209.36000000000001,204.02000000000001,204.44,66943,1264,206.445583
2023-02-09 05:00:00+00:00,208.00999999999999,210.72999999999999,204.08000000000001,205.36000000000001,71663,1362,207.94873200000001
2023-02-10 05:00:00+00:00,203.34,203.63399999999999,200.69999999999999,202.51499999999999,38257,1119,202.091072
2023-02-13 05:00:00+00:00,203.59,206.03999999999999,202.05000000000001,205.65000000000001,74260,1097,205.01534599999999
2023-02-14 05:00:00+00:00,203.84999999999999,209.64500000000001,202.94,208.93000000000001,96219,1801,207.882882
2023-02-15 05:00:00+00:00,205.15000000000001,208.41,203.63999999999999,208.40000000000001,124716,1977,206.19238799999999
2023-02-16 05:00:00+00:00,204.88999999999999,207.09,203.50999999999999,203.63999999999999,55662,1501,205.62383199999999
2023-02-17 05:00:00+00:00,203.06,203.18000000000001,198.91999999999999,200.47999999999999,66462,1471,200.57687100000001
2023-02-21 05:00:00+00:00,197.63999999999999,198.84999999999999,193.16,193.28,75306,1643,195.37704299999999
2023-02-22 05:00:00+00:00,194.05000000000001,195.13499999999999,191.69,193.21000000000001,62636,1162,193.30429100000001
2023-02-23 05:00:00+00:00,199.00999999999999,199.19999999999999,193.94,197.94999999999999,43281,1064,196.91736399999999
2023-02-24 05:00:00+00:00,194.75999999999999,196.56,194.25999999999999,195.80000000000001,36909,1174,195.20935900000001
2023-02-27 05:00:00+00:00,198.44,198.80000000000001,196.69499999999999,196.86000000000001,77823,1141,197.55289999999999
2023-02-28 05:00:00+00:00,196.44999999999999,200.81,196.19,198.31999999999999,54568,1040,198.28502900000001
2023-03-01 05:00:00+00:00,199.25,202,198.66999999999999,199.25999999999999,46886,1114,199.87956600000001
2023-03-02 05:00:00+00:00,196.28,200.52209999999999,194.28,199.75,98147,1106,197.41932499999999
2023-03-03 05:00:00+00:00,200.08000000000001,203.51089999999999,198.81999999999999,203.41,89191,2886,200.810597
2023-03-06 05:00:00+00:00,204.38,205.38,199.83000000000001,200.36000000000001,73140,2112,202.69547499999999
2023-03-07 05:00:00+00:00,200.71000000000001,201.02000000000001,197.63800000000001,198.44,46841,1220,198.890289
2023-03-08 05:00:00+00:00,199.40000000000001,202.94999999999999,199.24000000000001,202.88,56591,1137,201.337941
2023-03-09 05:00:00+00:00,202.97,206.05189999999999,198.81999999999999,198.90000000000001,63088,1374,201.16320400000001
2023-03-10 05:00:00+00:00,199.69999999999999,200.53999999999999,192.44499999999999,193.50999999999999,102815,2100,195.70663999999999
2023-03-13 04:00:00+00:00,190.97999999999999,195.44,189.22,193.06,88275,1558,192.71824899999999
2023-03-14 04:00:00+00:00,196.94,200.06800000000001,195.08000000000001,198.56999999999999,57591,1287,197.68695
2023-03-15 04:00:00+00:00,195.53,196.13999999999999,190.45500000000001,194.5,53700,1556,192.98029399999999
2023-03-16 04:00:00+00:00,193.63999999999999,201.86000000000001,192.69,201.05000000000001,80580,1545,198.591105
2023-03-17 04:00:00+00:00,201.03999999999999,202.05000000000001,197.41,198.19,167874,1265,198.275296
2023-03-20 04:00:00+00:00,197.99000000000001,201.74000000000001,197.12,201.61000000000001,50802,1058,199.69300799999999
2023-03-21 04:00:00+00:00,203.58000000000001,206.16,200.75999999999999,203.49000000000001,76439,1356,203.99372199999999
2023-03-22 04:00:00+00:00,203.61000000000001,207.52000000000001,200.00999999999999,200.00999999999999,192668,2793,204.75882799999999
2023-03-23 04:00:00+00:00,203.5,208.25,201.94,205.59,125331,1503,206.03851800000001
2023-03-24 04:00:00+00:00,203.69999999999999,203.94999999999999,199.68000000000001,201.47,64623,1479,201.59384499999999
2023-03-27 04:00:00+00:00,202.50999999999999,203.03999999999999,199,200.66999999999999,77291,1903,201.28133700000001
2023-03-28 04:00:00+00:00,200.03999999999999,200.095,194.88,198.09999999999999,159095,1934,196.74497400000001
2023-03-29 04:00:00+00:00,201.09,206.37739999999999,201.09,205.38,75411,1494,203.783389
2023-03-30 04:00:00+00:00,206.44999999999999,208.08000000000001,205.17599999999999,206.59,92018,1483,206.72913399999999
2023-03-31 04:00:00+00:00,205.58000000000001,208.80000000000001,205.31,208.62,71982,1896,207.42983799999999
2023-04-03 04:00:00+00:00,207.78999999999999,208.09,202.73990000000001,205.28999999999999,502279,4499,204.916462
2023-04-04 04:00:00+00:00,205.97,205.97,198.97,200.31999999999999,231552,3116,201.86332200000001
2023-04-05 04:00:00+00:00,198.66999999999999,198.66999999999999,194.75,196.69,152741,2452,196.53225900000001
2023-04-06 04:00:00+00:00,195.44,197.07499999999999,193.5,195.72999999999999,237861,2002,195.650541
2023-04-10 04:00:00+00:00,194.47,200.27979999999999,193.80000000000001,200.18000000000001,103801,2011,197.65401900000001
2023-04-11 04:00:00+00:00,201.50999999999999,201.59999999999999,198.25,198.62,75766,1418,199.69707199999999
2023-04-12 04:00:00+00:00,200.11000000000001,200.16999999999999,193.34999999999999,193.41,89463,1929,195.60537500000001
2023-04-13 04:00:00+00:00,194.34,196.89949999999999,193,196.00999999999999,69294,1224,195.62268900000001
2023-04-14 04:00:00+00:00,195.61000000000001,197.779,192.745,194.72999999999999,47165,1238,194.75798
2023-04-17 04:00:00+00:00,193.90000000000001,196.12,192.5,196.12,62193,1427,194.52103500000001
2023-04-18 04:00:00+00:00,197.38999999999999,199.00999999999999,195,196.69,63128,1099,196.54560499999999
2023-04-19 04:00:00+00:00,194.44999999999999,194.78,193.03469999999999,194.16999999999999,55634,1291,193.946226
2023-04-20 04:00:00+00:00,191.81,195.21000000000001,190.80000000000001,192.19999999999999,73046,1342,192.46953999999999
2023-04-21 04:00:00+00:00,191.44999999999999,191.75,188.93000000000001,191.31,76346,1413,190.470269
2023-04-24 04:00:00+00:00,190.78,191.59999999999999,188.58000000000001,189.78999999999999,68993,1587,189.69003599999999
2023-04-25 04:00:00+00:00,188.49000000000001,188.53,182.15000000000001,182.16999999999999,139600,2519,184.711716
2023-04-26 04:00:00+00:00,183.53999999999999,184.97999999999999,181.66,182.63,76391,1632,183.36751899999999
2023-04-27 04:00:00+00:00,179.77000000000001,179.77000000000001,172.88999999999999,176.50999999999999,161787,3550,175.463223
2023-04-28 04:00:00+00:00,176.44,178.38999999999999,175.38,178.25,467123,5468,177.49206699999999
2023-05-01 04:00:00+00:00,178.66999999999999,180.97,178.66999999999999,180.15000000000001,372834,3744,179.64734899999999
2023-05-02 04:00:00+00:00,180.25999999999999,182.0351,178.13999999999999,179.47,224390,2623,179.76433900000001
2023-05-03 04:00:00+00:00,179.05000000000001,181.11000000000001,177.66,178.03999999999999,147795,2523,178.80400900000001
2023-05-04 04:00:00+00:00,175.91999999999999,175.91999999999999,173.53,174.52000000000001,83199,1818,174.74763899999999
2023-05-05 04:00:00+00:00,174.59999999999999,178.63,173.59999999999999,178.12,239894,2167,176.43504100000001
2023-05-08 04:00:00+00:00,177.94999999999999,178.97499999999999,176.13,178.75,64973,1470,177.839271
2023-05-09 04:00:00+00:00,175.66999999999999,176.2175,174.87,175.69999999999999,66795,1112,175.68441000000001
2023-05-10 04:00:00+00:00,178.02000000000001,179.02000000000001,176.59809999999999,178.09,89636,1540,177.982809
2023-05-11 04:00:00+00:00,177.68000000000001,177.68000000000001,174.2302,176.46000000000001,48022,1260,175.65668400000001
2023-05-12 04:00:00+00:00,177.59999999999999,179.08000000000001,175.82499999999999,177.66999999999999,77669,1282,177.891358
2023-05-15 04:00:00+00:00,177.66999999999999,182.37,177.6001,182.37,115946,1629,179.05236400000001
2023-05-16 04:00:00+00:00,181.18000000000001,184.0025,181.18000000000001,182.46000000000001,46149,1043,183.19815700000001
2023-05-17 04:00:00+00:00,183.69999999999999,188.53999999999999,182.47,187.75999999999999,48282,1211,186.24739500000001
2023-05-18 04:00:00+00:00,189.11000000000001,193.49000000000001,188.5,193.13999999999999,90337,1804,191.85406800000001
2023-05-19 04:00:00+00:00,193.43000000000001,193.44,191.50999999999999,193.00999999999999,112087,1541,192.523021
2023-05-22 04:00:00+00:00,191.38999999999999,195.81989999999999,190.94,195.22999999999999,36494,1149,194.18733399999999
2023-05-23 04:00:00+00:00,193.77000000000001,195.55000000000001,192.22,192.66,44661,1043,194.25859199999999
2023-05-24 04:00:00+00:00,188.16999999999999,189.61000000000001,185.50200000000001,187.78,77026,1667,187.27706900000001
2023-05-25 04:00:00+00:00,194.08000000000001,196.99000000000001,191.59,196.28999999999999,156326,2089,194.65904699999999
2023-05-26 04:00:00+00:00,199.00999999999999,210.88999999999999,199.00999999999999,209.75999999999999,160999,2937,206.876946
2023-05-30 04:00:00+00:00,215.63,216.13999999999999,207.63999999999999,208.81,232496,3104,210.19083599999999
2023-05-31 04:00:00+00:00,204.81,207.16999999999999,202.22999999999999,203.74000000000001,101659,2272,204.00624999999999
2023-06-01 04:00:00+00:00,205.72,210.93000000000001,204.29740000000001,208.93000000000001,329793,3113,209.36622700000001
2023-06-02 04:00:00+00:00,211.30000000000001,211.30000000000001,206.083,208.66999999999999,81498,1668,208.136315
2023-06-05 04:00:00+00:00,207.36000000000001,207.36000000000001,203,204.22,68655,1704,204.708688
2023-06-06 04:00:00+00:00,203.5,208.81,203.02000000000001,207.12,85667,1446,206.543508
2023-06-07 04:00:00+00:00,208.49000000000001,212.97999999999999,208.49000000000001,209.37,94550,2192,210.31668199999999
2023-06-08 04:00:00+00:00,211,211.10499999999999,208.84999999999999,210.78,91301,1409,210.173113
2023-06-09 04:00:00+00:00,212.34,214.25800000000001,209.50999999999999,210.34,234327,2500,211.35709900000001
2023-06-12 04:00:00+00:00,212.28999999999999,217.47999999999999,212.28999999999999,216.78,152323,2707,216.001103
2023-06-13 04:00:00+00:00,220.94999999999999,221.97,218.49000000000001,220.47999999999999,133859,2769,220.59627699999999
2023-06-14 04:00:00+00:00,220.16999999999999,221.59,217.93000000000001,221.44999999999999,87575,1967,220.10664299999999
2023-06-15 04:00:00+00:00,218.91,220.33500000000001,217.94,218.96000000000001,87544,2443,219.094078
2023-06-16 04:00:00+00:00,221.06999999999999,221.40000000000001,216.84,217.63,122534,2125,218.02783199999999
2023-06-20 04:00:00+00:00,216.43000000000001,218.00999999999999,213.97999999999999,215.53999999999999,104374,2143,215.03554099999999
2023-06-21 04:00:00+00:00,214.30000000000001,215.18000000000001,210.63999999999999,211.44999999999999,84199,1951,212.262123
2023-06-22 04:00:00+00:00,210,213.22999999999999,209.06999999999999,212.72,56842,1420,211.84148400000001
2023-06-23 04:00:00+00:00,208.94999999999999,209.69999999999999,207.19,207.59999999999999,51145,1561,208.275048
2023-06-26 04:00:00+00:00,208.86000000000001,212.41999999999999,208.59,208.78,51531,1615,210.03713999999999
2023-06-27 04:00:00+00:00,209.02000000000001,216.66999999999999,208.36000000000001,216.56,78072,1555,213.77712199999999
2023-06-28 04:00:00+00:00,213.06999999999999,216.56,212.643,215,83981,1706,214.63035099999999
2023-06-29 04:00:00+00:00,216.25,217.66220000000001,214.86000000000001,217.56999999999999,65971,1339,216.663343
2023-06-30 04:00:00+00:00,220.16,222.18000000000001,219.41999999999999,221.28999999999999,50332,1461,221.46710899999999
2023-07-03 04:00:00+00:00,222.30000000000001,223.94,220,222.84999999999999,22519,948,221.468523
2023-07-05 04:00:00+00:00,222.19,222.88,217.47999999999999,217.47999999999999,60526,1832,219.91627600000001
2023-07-06 04:00:00+00:00,213.74000000000001,215,211.7492,214.24000000000001,53936,1442,213.075401
2023-07-07 04:00:00+00:00,215.40000000000001,219.25999999999999,215.12,216.16,50679,1194,217.377893
2023-07-10 04:00:00+00:00,216.69,221.56999999999999,216.69,221.40000000000001,58489,1558,219.827133
2023-07-11 04:00:00+00:00,222.19999999999999,222.28999999999999,218.75,222.21000000000001,52722,1170,220.441844
2023-07-12 04:00:00+00:00,225.03,227.28989999999999,224.72999999999999,226.65000000000001,57053,1453,225.97174000000001
2023-07-13 04:00:00+00:00,228.87,232.12629999999999,227.97,231.80000000000001,37958,1250,230.46836500000001
2023-07-14 04:00:00+00:00,231.68000000000001,231.68000000000001,224.84,225.72999999999999,78892,1879,227.49097399999999
2023-07-17 04:00:00+00:00,226.22999999999999,232.78,225.03999999999999,231.61000000000001,71965,1985,229.63778600000001
2023-07-18 04:00:00+00:00,231.02000000000001,232.56999999999999,229.19999999999999,231.97,58569,1681,230.80279999999999
2023-07-19 04:00:00+00:00,232.69,233.00999999999999,229.03,229.5,56177,1653,231.004604
2023-07-20 04:00:00+00:00,226.44,227.08000000000001,220.16999999999999,221.13,84541,2490,222.86082400000001
2023-07-21 04:00:00+00:00,223.66,224.95189999999999,221.77000000000001,222.90000000000001,59337,1320,223.288106
2023-07-24 04:00:00+00:00,223.05000000000001,224.65000000000001,221.364,221.86000000000001,106165,1259,222.099163
2023-07-25 04:00:00+00:00,223.31999999999999,227.19499999999999,223.31999999999999,226.02000000000001,45564,1270,226.001124
2023-07-26 04:00:00+00:00,221.94,223.84999999999999,219.21000000000001,221.78999999999999,88248,1955,221.69455300000001
2023-07-27 04:00:00+00:00,225.34,226.63999999999999,220.84999999999999,221.94999999999999,126152,1586,224.86780099999999
2023-07-28 04:00:00+00:00,226.69999999999999,226.84999999999999,224.44,226.52000000000001,55644,1411,226.13980900000001
2023-07-31 04:00:00+00:00,227.78999999999999,229.46000000000001,227.78999999999999,229,105473,1431,228.584936
2023-08-01 04:00:00+00:00,226.15000000000001,227.50999999999999,223.33000000000001,227.03,54860,1307,226.72593499999999
2023-08-02 04:00:00+00:00,224.02000000000001,224.19,216.83000000000001,218.06,78870,2304,219.88267500000001
2023-08-03 04:00:00+00:00,215.72,219.6925,215.00839999999999,218.81,41588,1208,218.10848899999999
2023-08-04 04:00:00+00:00,217.68000000000001,222.08000000000001,215.65000000000001,218.81999999999999,47970,1318,219.10692499999999
2023-08-07 04:00:00+00:00,219.86000000000001,220.61799999999999,217.81999999999999,220.21000000000001,28522,872,219.296448
2023-08-08 04:00:00+00:00,216.88,216.88,213.33000000000001,216.28,45120,1569,215.400826
2023-08-09 04:00:00+00:00,216.25999999999999,216.25999999999999,211.19,212.65000000000001,57042,1485,213.021153
2023-08-10 04:00:00+00:00,214.31,216.40000000000001,209.93000000000001,211.11000000000001,95376,1651,212.02671799999999
2023-08-11 04:00:00+00:00,208.72999999999999,209.28999999999999,206.81,207.49000000000001,45854,1441,207.65459799999999
2023-08-14 04:00:00+00:00,206.49000000000001,212.16,205.63999999999999,212.08000000000001,52003,1525,209.77358699999999
2023-08-15 04:00:00+00:00,211.09999999999999,211.09999999999999,208.06999999999999,208.16999999999999,41408,1109,209.115038
2023-08-16 04:00:00+00:00,207.5,208.58000000000001,203.75999999999999,203.81,41485,1393,204.935756
2023-08-17 04:00:00+00:00,203.66,203.66,200.15000000000001,200.36000000000001,63122,1780,201.33122
2023-08-18 04:00:00+00:00,198.15000000000001,201.75,197.86770000000001,200.75,65084,1792,200.09839700000001
2023-08-21 04:00:00+00:00,201.5,205.60740000000001,201.322,205.22999999999999,62659,1272,203.251454
2023-08-22 04:00:00+00:00,207.44,208.13,203.50999999999999,204.63999999999999,33938,939,205.05808999999999
2023-08-23 04:00:00+00:00,203.31999999999999,210.50999999999999,203,209.50999999999999,66124,1473,209.209419
2023-08-24 04:00:00+00:00,212.47999999999999,212.66,201.68000000000001,201.96000000000001,67955,1444,205.67863
2023-08-25 04:00:00+00:00,202.13999999999999,204.19499999999999,199.11320000000001,203.09,39629,1217,201.65051099999999
2023-08-28 04:00:00+00:00,205.28999999999999,206.71000000000001,204.21000000000001,205.74000000000001,37125,988,205.07626300000001
2023-08-29 04:00:00+00:00,204.53,211.66,204.53,211.09,57707,1413,210.64630399999999
2023-08-30 04:00:00+00:00,209.44,212.19999999999999,207.63,210.75,48033,1204,210.33531600000001
2023-08-31 04:00:00+00:00,210.83000000000001,214,210.83000000000001,213.13,48863,1139,213.34600399999999
2023-09-01 04:00:00+00:00,214.25,215.31999999999999,212.6601,214.25999999999999,41021,1124,214.11306400000001
2023-09-05 04:00:00+00:00,212.80000000000001,214.13,210.83359999999999,212.41999999999999,69226,1348,212.42560399999999
2023-09-06 04:00:00+00:00,212.44999999999999,213.97999999999999,209.0299,210.84999999999999,65488,1327,210.52791500000001
2023-09-07 04:00:00+00:00,206.41999999999999,206.62,202.56,204.68000000000001,39384,1268,204.449624
2023-09-08 04:00:00+00:00,204.44999999999999,204.91999999999999,202.37,203.11000000000001,29166,958,203.42417399999999
2023-09-11 04:00:00+00:00,205.66,206.21000000000001,200.47749999999999,202.03,37917,1288,202.95408599999999
2023-09-12 04:00:00+00:00,200.19,203.59440000000001,200.19,200.58000000000001,73945,900,202.62182899999999
2023-09-13 04:00:00+00:00,200.43000000000001,202.41999999999999,199.72999999999999,200.38999999999999,29650,988,201.07044999999999
2023-09-14 04:00:00+00:00,202.90000000000001,204.66999999999999,200.94,204.24809999999999,32024,873,203.59922599999999
2023-09-15 04:00:00+00:00,202.96000000000001,203.19,198.97,199.56999999999999,45711,1344,200.55249900000001
2023-09-18 04:00:00+00:00,198.24000000000001,200.78999999999999,198,199.00700000000001,80711,1036,198.99820099999999
2023-09-19 04:00:00+00:00,198.72,199.27789999999999,196.06,197.50999999999999,141718,990,197.567623
2023-09-20 04:00:00+00:00,198.65000000000001,198.97,194.41,194.50999999999999,45292,1068,197.286565
2023-09-21 04:00:00+00:00,192.19999999999999,192.88,190.28999999999999,190.30000000000001,49660,1296,191.86721800000001
2023-09-22 04:00:00+00:00,192.38,193.8014,191.93000000000001,192.61000000000001,25571,895,192.929281
2023-09-25 04:00:00+00:00,191.15000000000001,194.3425,190.75999999999999,193.77000000000001,104449,1092,193.00236799999999
2023-09-26 04:00:00+00:00,192.18000000000001,192.375,189.69,190.05000000000001,48780,1051,191.29282799999999
2023-09-27 04:00:00+00:00,192.05000000000001,192.48500000000001,189.28,191.88,54889,1115,191.056625
2023-09-28 04:00:00+00:00,191.34999999999999,197.25,190.99299999999999,195.15000000000001,71727,1603,195.18527
2023-09-29 04:00:00+00:00,197.93000000000001,198.52209999999999,195,196.00999999999999,63698,1029,196.34852599999999
2023-10-02 04:00:00+00:00,195.72999999999999,197.92789999999999,193.71000000000001,195.83000000000001,121971,867,194.05554900000001
2023-10-03 04:00:00+00:00,193.80000000000001,196.25,190.02000000000001,190.84999999999999,42702,1341,192.65201300000001
2023-10-04 04:00:00+00:00,191.46000000000001,193.30330000000001,190.15000000000001,192.56,26893,781,191.73384799999999
2023-10-05 04:00:00+00:00,192.30000000000001,193.11000000000001,189.12,190.28,33283,829,191.44841
2023-10-06 04:00:00+00:00,188.88999999999999,195.44,188.78999999999999,194.72,40584,847,192.691542
2023-10-09 04:00:00+00:00,192.88999999999999,193.63,190.78999999999999,193.12,50030,968,192.31302299999999
2023-10-10 04:00:00+00:00,193.53,198.24000000000001,193.12,196.59,53916,923,196.84140600000001
2023-10-11 04:00:00+00:00,197.41999999999999,198.25999999999999,195.11500000000001,197.15000000000001,25492,725,196.551716
2023-10-12 04:00:00+00:00,197.5,198.14349999999999,193.73500000000001,195.27000000000001,25589,768,196.57710599999999
2023-10-13 04:00:00+00:00,194.63999999999999,194.63999999999999,186.7852,187.03,40336,1412,189.63297900000001
2023-10-16 04:00:00+00:00,187.80000000000001,191.59,187.80000000000001,191.15000000000001,29315,716,190.42686399999999
2023-10-17 04:00:00+00:00,187.72999999999999,192.42500000000001,186.27000000000001,190.65000000000001,74766,1105,188.58379400000001
2023-10-18 04:00:00+00:00,187.66,188.245,185.62020000000001,186.16999999999999,95382,1321,186.87301400000001
2023-10-19 04:00:00+00:00,186.93000000000001,187.40000000000001,181.2783,181.96000000000001,77031,1450,185.28948099999999
2023-10-20 04:00:00+00:00,181.75,182.63999999999999,178.75999999999999,178.97999999999999,80047,1568,180.37413900000001
2023-10-23 04:00:00+00:00,177.55000000000001,179.5333,175.90000000000001,176.34999999999999,41274,1152,177.76953599999999
2023-10-24 04:00:00+00:00,177.84,179.38999999999999,176.36000000000001,178.69,52145,1193,177.812308
2023-10-25 04:00:00+00:00,176.25999999999999,176.84999999999999,170.66,171.16,69138,1599,173.214957
2023-10-26 04:00:00+00:00,171.93000000000001,173.97,170,170.75999999999999,120493,1460,172.2833
2023-10-27 04:00:00+00:00,172.72,173.25999999999999,170.53999999999999,171.22999999999999,64129,1122,171.389758
2023-10-30 04:00:00+00:00,170.15000000000001,170.46000000000001,165,166.78,71130,1592,167.19573500000001
2023-10-31 04:00:00+00:00,166.97,170.1079,165.00999999999999,169.80000000000001,58708,1041,168.364507
2023-11-01 04:00:00+00:00,169.44,170.44,166.94,170.34999999999999,59956,1176,168.48344700000001
2023-11-02 04:00:00+00:00,174.43000000000001,176.33000000000001,171.68000000000001,175.78,97580,1547,174.979715
2023-11-03 04:00:00+00:00,177.83000000000001,182.91,177.70500000000001,181.88999999999999,39941,1209,180.661033
2023-11-06 05:00:00+00:00,181.96000000000001,182.38,178.9093,180.53999999999999,42581,1011,180.50457
2023-11-07 05:00:00+00:00,179.80000000000001,182.5967,179.80000000000001,181.15000000000001,27788,766,181.63164
2023-11-08 05:00:00+00:00,181.06,181.94,179.34999999999999,180.36000000000001,39187,1034,180.30820900000001
2023-11-09 05:00:00+00:00,181.59,182.72999999999999,176.84010000000001,177.00999999999999,68062,1120,181.129481
2023-11-10 05:00:00+00:00,180.34999999999999,185.79509999999999,179.27000000000001,185.09999999999999,48020,1106,182.80273399999999
2023-11-13 05:00:00+00:00,183.56999999999999,184.25630000000001,181.61000000000001,183.93000000000001,33376,955,183.22975700000001
2023-11-14 05:00:00+00:00,189.69999999999999,194.34999999999999,189.69999999999999,194.16999999999999,61495,1101,191.86720299999999
2023-11-15 05:00:00+00:00,195.68000000000001,199.69,194.90000000000001,197.22999999999999,69102,1046,197.323398
2023-11-16 05:00:00+00:00,195.94,196.87,194.4248,196.03999999999999,38489,1197,195.916042
2023-11-17 05:00:00+00:00,197.30000000000001,198.2902,196.13999999999999,198.00999999999999,48876,808,197.63666000000001
2023-11-20 05:00:00+00:00,197.99000000000001,202.28,197.99000000000001,201.80000000000001,65976,1267,200.513172
2023-11-21 05:00:00+00:00,199.83000000000001,199.84,196.19999999999999,197.09999999999999,39102,1149,197.587063
2023-11-22 05:00:00+00:00,199.06999999999999,201.19999999999999,198,198.37,32360,964,199.32766100000001
2023-11-24 05:00:00+00:00,197.93000000000001,199.16999999999999,197.93000000000001,198.84,12274,517,198.665086
2023-11-27 05:00:00+00:00,197.87,200.03999999999999,197,198.59999999999999,31439,826,198.82051200000001
2023-11-28 05:00:00+00:00,197.40000000000001,198.69999999999999,196,197.86000000000001,53819,913,197.40577999999999
2023-11-29 05:00:00+00:00,200.63999999999999,204.31,200.44,200.72,67371,4353,202.95784599999999
2023-11-30 05:00:00+00:00,201.81,201.81,197.71000000000001,199.36000000000001,51155,3209,198.69111799999999
2023-12-01 05:00:00+00:00,198.38,202.16,196.69999999999999,201.97999999999999,45997,4460,200.08901
2023-12-04 05:00:00+00:00,200.22,201.53,198,201.46000000000001,57520,4859,199.48898600000001
2023-12-05 05:00:00+00:00,199.74000000000001,199.80000000000001,197.24000000000001,198.74000000000001,35031,1997,198.49000699999999
2023-12-06 05:00:00+00:00,201.05000000000001,202.3715,197.66999999999999,197.81,82398,5723,199.849751
2023-12-07 05:00:00+00:00,199.69999999999999,203.4016,198.84999999999999,202.81999999999999,58086,6213,201.66856000000001
2023-12-08 05:00:00+00:00,202.25,206.75999999999999,202.25,205.78,37612,1424,205.49234200000001
2023-12-11 05:00:00+00:00,206.86000000000001,211.28469999999999,206.86000000000001,210.52000000000001,49325,1803,209.67571100000001
2023-12-12 05:00:00+00:00,209.83000000000001,210.22999999999999,208.59,210.06999999999999,78742,4576,209.569309
2023-12-13 05:00:00+00:00,210.22,215.56639999999999,208.34999999999999,215.12,38265,3540,212.36116999999999
2023-12-14 05:00:00+00:00,217.88999999999999,224.28,217.88999999999999,223.97999999999999,88202,1733,222.39642799999999
2023-12-15 05:00:00+00:00,224.74000000000001,226.88,223.28100000000001,224.25,117570,2011,224.16867400000001
2023-12-18 05:00:00+00:00,223.75999999999999,224.13999999999999,221,223.30000000000001,46825,1169,222.887033
2023-12-19 05:00:00+00:00,224.13,226.10499999999999,223.30000000000001,224.66,34833,943,224.82741100000001
2023-12-20 05:00:00+00:00,223.06999999999999,224.74000000000001,217.28999999999999,217.30000000000001,96991,1814,218.56111300000001
2023-12-21 05:00:00+00:00,222.33000000000001,224.69990000000001,221.59,224.40000000000001,49888,1204,223.102903
2023-12-22 05:00:00+00:00,225.22999999999999,226.90000000000001,224.41999999999999,225.63999999999999,29855,1054,225.87267800000001
2023-12-26 05:00:00+00:00,226.40000000000001,230.41,226.40000000000001,229.28999999999999,59386,1309,228.818735
2023-12-27 05:00:00+00:00,230.12,230.12,227.68000000000001,229.06,25584,973,228.601921
2023-12-28 05:00:00+00:00,229.16999999999999,229.71000000000001,227.84,228.27000000000001,41988,958,228.95241200000001
2023-12-29 05:00:00+00:00,228.21000000000001,228.27000000000001,224.62739999999999,224.78999999999999,22274,857,225.61210199999999
2024-01-02 05:00:00+00:00,221.94,221.94,216.43799999999999,218.16999999999999,62324,1547,219.067577
2024-01-03 05:00:00+00:00,214.15000000000001,214.43000000000001,210.91,211.53,39763,1305,212.688253
2024-01-04 05:00:00+00:00,207.09,210,206.06999999999999,207.87,48098,1405,208.24660399999999
2024-01-05 05:00:00+00:00,207.72,210.87,207.255,208.40000000000001,48628,1065,208.284121
2024-01-08 05:00:00+00:00,209.15000000000001,215.53999999999999,209.15000000000001,214.99000000000001,77102,1209,213.72076200000001
2024-01-09 05:00:00+00:00,212.40000000000001,216.53999999999999,211.69999999999999,214.62,51327,859,214.44819200000001
2024-01-10 05:00:00+00:00,214.75999999999999,215.25,209.81,213.16999999999999,91999,1575,213.09446700000001
2024-01-11 05:00:00+00:00,213.09,214.66,209.05000000000001,212.03,29905,857,211.92593099999999
2024-01-12 05:00:00+00:00,212.94999999999999,214.42500000000001,209.6157,210.12,24475,711,210.62426600000001
2024-01-16 05:00:00+00:00,209.41999999999999,212.22,207.38,210.34999999999999,44215,895,210.070449
2024-01-17 05:00:00+00:00,208.12,208.86000000000001,204.81999999999999,207.91999999999999,54069,1414,206.228463
2024-01-18 05:00:00+00:00,212.56999999999999,214.31899999999999,210.83539999999999,214.28999999999999,49883,1086,213.154854
2024-01-19 05:00:00+00:00,216.97999999999999,221.21190000000001,215.55000000000001,220.94999999999999,119696,1451,219.36371199999999
2024-01-22 05:00:00+00:00,223.19,225.602,222.54390000000001,224.68000000000001,36010,1028,224.341294
2024-01-23 05:00:00+00:00,225.97999999999999,227.44720000000001,225,226.80000000000001,31859,934,226.35960800000001
2024-01-24 05:00:00+00:00,228.59,228.59,224.36320000000001,224.99000000000001,43628,1052,226.60548600000001
2024-01-25 05:00:00+00:00,228.69,228.69,222,222.68000000000001,61718,1472,224.18007499999999
2024-01-26 05:00:00+00:00,219.68000000000001,220.56,216.46000000000001,216.66999999999999,53489,1170,218.644159
2024-01-29 05:00:00+00:00,217.33000000000001,220.37989999999999,214.99010000000001,220.28999999999999,122248,1708,216.08941100000001
2024-01-30 05:00:00+00:00,219.33000000000001,219.37,214.4375,214.88,63758,1320,217.24209500000001
2024-01-31 05:00:00+00:00,212.34,216.03749999999999,210.56,210.62,48813,1554,212.26160999999999
2024-02-01 05:00:00+00:00,210.80000000000001,211.327,207.75,210.47999999999999,70229,1166,209.53024600000001
2024-02-02 05:00:00+00:00,209.31999999999999,211.08500000000001,208.3442,210.68000000000001,72462,1504,210.00246999999999
2024-02-05 05:00:00+00:00,211.16999999999999,213.70500000000001,209.1643,212.34999999999999,65363,1248,211.81225599999999
2024-02-06 05:00:00+00:00,212.38,212.90000000000001,208.565,210.5,58991,1287,210.31476599999999
2024-02-07 05:00:00+00:00,212.78,215.06,210.7294,214.34999999999999,87351,1398,214.04979800000001
2024-02-08 05:00:00+00:00,215.34,222,215.34,220.46000000000001,48746,1326,220.43180000000001
2024-02-09 05:00:00+00:00,222.15000000000001,226.09,222.06,225.78,53855,1318,224.853194
2024-02-12 05:00:00+00:00,226.09,229.44,225.68000000000001,226.52000000000001,45909,1270,227.20696699999999
2024-02-13 05:00:00+00:00,218.02000000000001,221.9134,216.22999999999999,218.28,58939,1381,218.81632500000001
2024-02-14 05:00:00+00:00,220.87,223.69999999999999,220.72999999999999,223.62,34860,843,222.25625400000001
2024-02-15 05:00:00+00:00,225.37,225.81999999999999,223.0882,223.44999999999999,39011,818,224.275712
2024-02-16 05:00:00+00:00,223.05000000000001,223.5,219.19999999999999,219.74000000000001,34959,884,221.42215400000001
2024-02-20 05:00:00+00:00,217.06999999999999,217.69999999999999,214.62,217.38999999999999,30483,1164,216.065203
2024-02-21 05:00:00+00:00,214.40000000000001,216.93000000000001,213.75,216.93000000000001,80506,1168,214.38021800000001
2024-02-22 05:00:00+00:00,223.33000000000001,223.33000000000001,221,221.78999999999999,52121,1144,222.34381500000001
2024-02-23 05:00:00+00:00,221.75,221.755,217.09999999999999,218.16,50335,1067,219.05405400000001
2024-02-26 05:00:00+00:00,219.63,222.05000000000001,219.4229,220.72999999999999,59070,1187,220.919825
2024-02-27 05:00:00+00:00,222.16999999999999,223,219.91,220.03999999999999,33648,967,221.52838399999999
2024-02-28 05:00:00+00:00,218.91999999999999,219.58629999999999,217.28,218.5,34427,992,218.876676
2024-02-29 05:00:00+00:00,221.66999999999999,224.00999999999999,219.8723,223.63,41315,1310,222.47219999999999
2024-03-01 05:00:00+00:00,226.02000000000001,233.59,225.815,232.05000000000001,158070,2378,231.65133299999999
2024-03-04 05:00:00+00:00,234.19999999999999,234.19999999999999,231.34,231.78999999999999,56519,1309,232.95887999999999
2024-03-05 05:00:00+00:00,228.69,229.38499999999999,224.69999999999999,226.33000000000001,35368,1287,227.24763200000001
2024-03-06 05:00:00+00:00,230.05000000000001,235.22,229.38,231.97999999999999,78068,1568,232.26539
2024-03-07 05:00:00+00:00,234.62,241.2741,234,240.13999999999999,58709,1557,239.11673999999999
2024-03-08 05:00:00+00:00,240.55000000000001,241.7199,233.03,233.03,64172,1811,237.01336900000001
2024-03-11 04:00:00+00:00,230.49000000000001,232.50999999999999,229.69649999999999,231.52000000000001,50359,1165,231.36023299999999
2024-03-12 04:00:00+00:00,232.97,233.63499999999999,229.40049999999999,233.44999999999999,54430,1169,232.27996200000001
2024-03-13 04:00:00+00:00,230.75,231.94999999999999,226.72999999999999,226.99000000000001,49303,1344,228.19312199999999
2024-03-14 04:00:00+00:00,227.16999999999999,227.63,219.66999999999999,221.55000000000001,31312,1161,222.64944
2024-03-15 04:00:00+00:00,219,221.75999999999999,218.2501,219.83000000000001,24597,935,220.16333299999999
2024-03-18 04:00:00+00:00,222.59999999999999,223,219.25,219.52000000000001,38610,996,220.43262899999999
2024-03-19 04:00:00+00:00,217.97,219.22399999999999,214.88570000000001,218.09999999999999,44363,988,217.48021399999999
2024-03-20 04:00:00+00:00,218.19,223.75989999999999,216.97800000000001,223.19999999999999,43659,954,219.661056
2024-03-21 04:00:00+00:00,229.38,232.08000000000001,228.16999999999999,228.16999999999999,55725,1172,229.96897000000001
2024-03-22 04:00:00+00:00,227.56,228.27000000000001,225.11000000000001,226.58000000000001,37588,1081,226.68201300000001
2024-03-25 04:00:00+00:00,223.93000000000001,227.74100000000001,223.75,226.19999999999999,33800,911,225.65354300000001
2024-03-26 04:00:00+00:00,228.5,229.06999999999999,225.02099999999999,225.16999999999999,30000,657,226.411993
2024-03-27 04:00:00+00:00,228.06,231.30000000000001,225.70650000000001,231.27000000000001,32310,704,229.30813000000001
2024-03-28 04:00:00+00:00,231.47,234.13,231.13,232.09999999999999,18606,763,232.593774
2024-04-01 04:00:00+00:00,233.03999999999999,237.50999999999999,233.03999999999999,233.86000000000001,36831,978,234.26782499999999
2024-04-02 04:00:00+00:00,229.94999999999999,229.94999999999999,227.68000000000001,228.69999999999999,26341,1010,228.64954299999999
2024-04-03 04:00:00+00:00,226.21000000000001,231.09999999999999,226,230.81999999999999,59500,848,230.150744
2024-04-04 04:00:00+00:00,234.11000000000001,236.13,226.54499999999999,227.21000000000001,21968,946,231.69575599999999
2024-04-05 04:00:00+00:00,227.08000000000001,229.44,225.71000000000001,228.38999999999999,15070,661,228.02117200000001
2024-04-08 04:00:00+00:00,229.78999999999999,232.88,229.46000000000001,230.36000000000001,35975,1127,230.71953600000001
2024-04-09 04:00:00+00:00,233.02000000000001,235.38,232.52260000000001,235.38,21528,829,234.09507400000001
2024-04-10 04:00:00+00:00,228.74000000000001,229.41079999999999,225.03,226.09999999999999,34190,1258,227.069388
2024-04-11 04:00:00+00:00,228.09999999999999,231.40000000000001,225.5702,231.40000000000001,27552,869,229.09561600000001
2024-04-12 04:00:00+00:00,227.27000000000001,228.03999999999999,222.43459999999999,223.16,28862,1124,224.059121
2024-04-15 04:00:00+00:00,225.59,225.59,217.90000000000001,218.68000000000001,30642,1177,221.49596099999999
2024-04-16 04:00:00+00:00,218.37,220.05799999999999,216.55000000000001,219.22,47652,1023,218.96662599999999
2024-04-17 04:00:00+00:00,219.94999999999999,220.72999999999999,214.31999999999999,214.44,38507,967,217.600425
2024-04-18 04:00:00+00:00,213.58000000000001,214.28999999999999,210,210.16999999999999,33853,1015,212.051492
2024-04-19 04:00:00+00:00,208.58000000000001,209.31,202.56,203.59,61005,1511,205.36092500000001
2024-04-22 04:00:00+00:00,205.09,208.03,203.02000000000001,206.62,25724,871,205.487785
2024-04-23 04:00:00+00:00,207.43000000000001,212.23500000000001,207.43000000000001,210.69999999999999,27775,759,210.672946
2024-04-24 04:00:00+00:00,215.52000000000001,218.04310000000001,213.62,215.53999999999999,65868,1213,216.062431
2024-04-25 04:00:00+00:00,214.5,221.62,214.5,220.63,29135,847,218.68803399999999
2024-04-26 04:00:00+00:00,220.40000000000001,225.72,220.40000000000001,224.69,56668,974,225.04592
2024-04-29 04:00:00+00:00,225.46000000000001,229.03,224.215,228.63999999999999,25881,819,226.69599500000001
2024-04-30 04:00:00+00:00,226.78999999999999,229.53999999999999,224.5,224.5,17622,676,227.51187400000001
2024-05-01 04:00:00+00:00,220.83000000000001,225.19,216.84,217.31999999999999,106519,1350,218.28842399999999
2024-05-02 04:00:00+00:00,219.87,221.91,215.01499999999999,221.13,22331,657,219.40277499999999
2024-05-03 04:00:00+00:00,226.53999999999999,228.41999999999999,225.03999999999999,226.11000000000001,24537,634,226.42243999999999
2024-05-06 04:00:00+00:00,228.34,230,227.75,230,20868,822,228.85799
2024-05-07 04:00:00+00:00,230.40000000000001,232.21000000000001,229.21000000000001,229.21000000000001,23776,765,230.582449
2024-05-08 04:00:00+00:00,228.62,230.31,227.46000000000001,230.11000000000001,26602,744,228.984016
2024-05-09 04:00:00+00:00,229.56,231.78,228.62,230.88,17190,618,230.452913
2024-05-10 04:00:00+00:00,231.86000000000001,231.90000000000001,228.34999999999999,229.52000000000001,49299,852,230.82183800000001
2024-05-13 04:00:00+00:00,230.83000000000001,232.75,230.05770000000001,230.72999999999999,33740,840,231.44065599999999
2024-05-14 04:00:00+00:00,231.66999999999999,235,231.66999999999999,234.78999999999999,34203,731,233.524204
2024-05-15 04:00:00+00:00,237.86000000000001,239.63,235.03999999999999,239.63,54958,876,238.23542599999999
2024-05-16 04:00:00+00:00,239.56999999999999,240.69,238.46000000000001,238.46000000000001,18472,756,239.61297099999999
2024-05-17 04:00:00+00:00,239.52000000000001,240.215,236.61000000000001,238.61000000000001,12501,534,238.521829
2024-05-20 04:00:00+00:00,238.93000000000001,243,238.62,241.72999999999999,41363,927,240.832123
2024-05-21 04:00:00+00:00,238.49000000000001,241.11099999999999,238.09,240.88,26304,654,240.41913600000001
2024-05-22 04:00:00+00:00,242.80000000000001,247.00999999999999,242.69999999999999,245.75,39201,971,244.80121
2024-05-23 04:00:00+00:00,249.36000000000001,249.36000000000001,238.74010000000001,240.46000000000001,69149,1110,243.507385
2024-05-24 04:00:00+00:00,243.13999999999999,246.69499999999999,243.13999999999999,245.86000000000001,18530,722,245.46099799999999
2024-05-28 04:00:00+00:00,248.38,250.76499999999999,246.5,249.22999999999999,36241,990,249.123447
2024-05-29 04:00:00+00:00,244.59999999999999,246.75389999999999,244.16999999999999,244.52000000000001,17827,776,245.36256900000001
2024-05-30 04:00:00+00:00,244.87,246.91,244.34,245.72999999999999,21717,652,245.89550500000001
2024-05-31 04:00:00+00:00,247.90000000000001,248.19999999999999,240.67500000000001,245.83000000000001,27083,768,244.61566300000001
2024-06-03 04:00:00+00:00,249.22999999999999,249.22999999999999,234.06010000000001,245.69,28052,808,244.77612300000001
2024-06-04 04:00:00+00:00,244.84999999999999,244.84999999999999,240.81,242,19802,682,241.988833
2024-06-05 04:00:00+00:00,245.16999999999999,251.44999999999999,244.28999999999999,251.40000000000001,29996,870,249.397831
2024-06-06 04:00:00+00:00,251.66,252.06,248.75,249.21000000000001,14311,623,249.614521
2024-06-07 04:00:00+00:00,245.11000000000001,246.94999999999999,243.28,244.38999999999999,29766,824,244.971687
2024-06-10 04:00:00+00:00,242.38999999999999,249.22730000000001,241.75999999999999,248.19999999999999,28845,881,247.587962
2024-06-11 04:00:00+00:00,246.94999999999999,249.30000000000001,244.36000000000001,249.30000000000001,30979,739,246.360781
2024-06-12 04:00:00+00:00,254.80000000000001,258.12,253.905,256.17000000000002,45718,991,257.18189899999999
2024-06-13 04:00:00+00:00,256.98000000000002,257.35000000000002,253.18000000000001,255.5,23916,784,254.86685499999999
2024-06-14 04:00:00+00:00,252.38999999999999,252.38999999999999,250.33000000000001,251.22,30491,893,251.262248
2024-06-17 04:00:00+00:00,252.06999999999999,253.31,248.24000000000001,253.08000000000001,30573,1072,251.318164
2024-06-18 04:00:00+00:00,253.08000000000001,254.58000000000001,253.08000000000001,253.38999999999999,46743,942,253.63934800000001
2024-06-20 04:00:00+00:00,253.47999999999999,253.47999999999999,246.88999999999999,247.87,40503,1646,249.87082599999999
2024-06-21 04:00:00+00:00,246.66,249.53,244.49000000000001,248.11000000000001,38092,1528,247.80020300000001
2024-06-24 04:00:00+00:00,246.21000000000001,247.93000000000001,243.05000000000001,243.05000000000001,74298,1607,246.37538599999999
2024-06-25 04:00:00+00:00,244.99000000000001,245.47,241.715,245.19,41236,973,244.73360700000001
2024-06-26 04:00:00+00:00,244.72999999999999,246.755,243.18000000000001,245.37,55415,1244,245.03516400000001
2024-06-27 04:00:00+00:00,244.46000000000001,245.58500000000001,242.50999999999999,244.84,18080,744,244.581839
2024-06-28 04:00:00+00:00,246.78999999999999,251.09,245.33000000000001,247.47999999999999,71301,1273,247.80595600000001
2024-07-01 04:00:00+00:00,247.15000000000001,247.15000000000001,242.82079999999999,246.56999999999999,42744,1256,245.37438399999999
2024-07-02 04:00:00+00:00,245.78999999999999,251.56999999999999,245.78999999999999,251.56999999999999,79706,1010,250.86954
2024-07-03 04:00:00+00:00,252.63,255.43000000000001,251.56999999999999,253.99000000000001,37013,1181,254.17369199999999
2024-07-05 04:00:00+00:00,255.69999999999999,256.13499999999999,253.51499999999999,255.24000000000001,24867,846,255.57688200000001
2024-07-08 04:00:00+00:00,256.76999999999998,261.31999999999999,256.76999999999998,260.69,93863,1549,260.55282899999997
2024-07-09 04:00:00+00:00,262.00999999999999,262.10000000000002,258.00999999999999,259.18000000000001,41438,1187,259.40847500000001
2024-07-10 04:00:00+00:00,261.80000000000001,266.36669999999998,261.32440000000003,266.35000000000002,33677,1106,264.455421
2024-07-11 04:00:00+00:00,268.92000000000002,268.92000000000002,262.41000000000003,262.99000000000001,195800,2184,264.19619399999999
2024-07-12 04:00:00+00:00,265.51999999999998,269.93790000000001,263.88999999999999,266.08999999999997,36027,862,267.80102299999999
2024-07-15 04:00:00+00:00,267.22000000000003,271.29000000000002,266.26420000000002,268.80000000000001,178321,2762,269.61288200000001
2024-07-16 04:00:00+00:00,270.38,273.98000000000002,268.26999999999998,273.98000000000002,44479,1032,271.56893000000002
2024-07-17 04:00:00+00:00,267.50999999999999,268.73000000000002,258.63999999999999,258.63999999999999,95725,1824,261.29016000000001
2024-07-18 04:00:00+00:00,262.10000000000002,263.42000000000002,253.03,256.47000000000003,63639,1283,257.10932200000002
2024-07-19 04:00:00+00:00,256.13,256.35000000000002,248.83000000000001,248.93000000000001,32874,3759,251.210103
2024-07-22 04:00:00+00:00,253.72999999999999,258.58999999999997,252.02000000000001,258.58999999999997,27398,1019,255.97914299999999
2024-07-23 04:00:00+00:00,254.71000000000001,257.13999999999999,254.02000000000001,254.49000000000001,35916,954,256.25969800000001
2024-07-24 04:00:00+00:00,251.52000000000001,251.63999999999999,242.74000000000001,242.91,45761,1388,247.3451
2024-07-25 04:00:00+00:00,240.13,244.84,235.09999999999999,236.86000000000001,311811,1365,241.70418900000001
2024-07-26 04:00:00+00:00,241.83000000000001,243.16040000000001,239.53999999999999,242.00999999999999,25119,774,241.26740699999999
2024-07-29 04:00:00+00:00,244.84,247.56999999999999,241.61000000000001,242.03,78944,1381,242.66851299999999
2024-07-30 04:00:00+00:00,241.80000000000001,241.80000000000001,231.78999999999999,232.13,57798,1502,234.64600300000001
2024-07-31 04:00:00+00:00,239.91,243.28999999999999,237.25999999999999,242.41999999999999,65170,911,240.02052499999999
2024-08-01 04:00:00+00:00,239.56,241.56999999999999,224.09999999999999,226.59,81376,1892,230.399811
2024-08-02 04:00:00+00:00,216.19999999999999,217.74529999999999,211.77000000000001,213.05000000000001,108090,2848,213.798384
2024-08-05 04:00:00+00:00,199.09,211.90870000000001,199.09,206.84,134397,2191,207.06371100000001
2024-08-06 04:00:00+00:00,208.88999999999999,212.30000000000001,205,207.66999999999999,79998,1621,209.41071500000001
2024-08-07 04:00:00+00:00,214.06999999999999,215.08000000000001,201.16,201.41999999999999,632104,7104,207.51844600000001
2024-08-08 04:00:00+00:00,207.15000000000001,215.59,204.05000000000001,215.37,124343,2539,213.32332199999999
2024-08-09 04:00:00+00:00,213.99000000000001,215.72,211.59,214.22999999999999,47883,1161,213.72622000000001
2024-08-12 04:00:00+00:00,215.19,216.76499999999999,213.25999999999999,214.41999999999999,45742,1199,214.454534
2024-08-13 04:00:00+00:00,217.09,223.61000000000001,216.56,223.09999999999999,170621,2432,222.40187700000001
2024-08-14 04:00:00+00:00,224.74000000000001,224.74000000000001,218.53,220.47999999999999,94371,1242,220.48168999999999
2024-08-15 04:00:00+00:00,226.22,233.16990000000001,225.90000000000001,232.34999999999999,88212,1905,231.76622399999999
2024-08-16 04:00:00+00:00,230.69999999999999,233.34999999999999,230.61000000000001,231.69,51884,1498,231.92808299999999
2024-08-19 04:00:00+00:00,231.18000000000001,235.15000000000001,229.2337,234.94999999999999,158764,1692,233.66427999999999
2024-08-20 04:00:00+00:00,234.28999999999999,235.22999999999999,230.81,232.78,61115,1057,232.922225
2024-08-21 04:00:00+00:00,234.72,238.59999999999999,234.72,238.02000000000001,80058,1340,236.810056
2024-08-22 04:00:00+00:00,238.99000000000001,238.99000000000001,230.21000000000001,231.00999999999999,53501,1117,233.526365
2024-08-23 04:00:00+00:00,234.47,239.63999999999999,234.18000000000001,238.75,55136,1231,237.788004
2024-08-26 04:00:00+00:00,238.05000000000001,238.97989999999999,234.13999999999999,234.52000000000001,44475,1216,235.527547
2024-08-27 04:00:00+00:00,232.74000000000001,237,231.47999999999999,236.06999999999999,42201,826,235.37853899999999
2024-08-28 04:00:00+00:00,236.77000000000001,237.31999999999999,230.59999999999999,233.12,48664,1008,233.372038
2024-08-29 04:00:00+00:00,234.65000000000001,240.67500000000001,234.65000000000001,236.84,43252,1166,238.086974
2024-08-30 04:00:00+00:00,241.75,242.09,237.90000000000001,240.21000000000001,80119,977,239.55339499999999
2024-09-03 04:00:00+00:00,236.5,236.9599,221.16999999999999,222.36000000000001,66500,1878,226.09093100000001
2024-09-04 04:00:00+00:00,220.46000000000001,226.77000000000001,219.38,223.21000000000001,50001,1231,223.42712800000001
2024-09-05 04:00:00+00:00,220.59,223.93989999999999,219.22999999999999,221.13999999999999,47460,1128,221.03133600000001
2024-09-06 04:00:00+00:00,220.5,220.5,210.61000000000001,211.88999999999999,63602,1658,213.017762
2024-09-09 04:00:00+00:00,214.47,217.84999999999999,214.03999999999999,215.53999999999999,85606,1546,215.432917
2024-09-10 04:00:00+00:00,215.41,216.44,212.09999999999999,216.25,35208,878,214.44299100000001
2024-09-11 04:00:00+00:00,217.50999999999999,225.31999999999999,214.05000000000001,224.97,107931,1216,219.51954499999999
2024-09-12 04:00:00+00:00,224.25999999999999,226.55000000000001,221.10040000000001,223.47999999999999,47133,998,223.942238
2024-09-13 04:00:00+00:00,226,229.15000000000001,226,228.44999999999999,36205,1081,227.98680999999999
2024-09-16 04:00:00+00:00,225.91,226.22120000000001,222.88999999999999,225.72999999999999,75028,1407,224.65374
2024-09-17 04:00:00+00:00,228.30000000000001,230.65989999999999,225.21000000000001,226.68000000000001,73424,1259,227.35817499999999
2024-09-18 04:00:00+00:00,227.28,233.16999999999999,225.30500000000001,225.94999999999999,78279,1712,229.23854900000001
2024-09-19 04:00:00+00:00,234.46000000000001,237.41,232.16,234.80000000000001,50943,1366,234.769419
2024-09-20 04:00:00+00:00,232.63,232.63,228.3612,231.06,36454,925,230.176354
2024-09-23 04:00:00+00:00,231.69,232.06,229.58080000000001,231.84,40611,1106,231.31411
2024-09-24 04:00:00+00:00,233.96000000000001,235.40369999999999,231.43000000000001,234.13,42151,1125,233.899708
2024-09-25 04:00:00+00:00,232.97999999999999,235.74000000000001,232.2551,233.25,114204,1365,233.311859
2024-09-26 04:00:00+00:00,242.16999999999999,245,235.97999999999999,243.80000000000001,96914,1649,243.38190299999999
2024-09-27 04:00:00+00:00,245.66999999999999,245.81999999999999,241.05500000000001,242.65000000000001,44156,1108,243.307828
2024-09-30 04:00:00+00:00,239.58000000000001,242.05600000000001,237.50999999999999,240.25,31528,964,239.64013399999999
2024-10-01 04:00:00+00:00,239.53999999999999,239.53999999999999,230.3699,231.91999999999999,35157,1137,232.893012
2024-10-02 04:00:00+00:00,231.72,236.83000000000001,230.72999999999999,234.46000000000001,46367,1241,234.96068199999999
2024-10-03 04:00:00+00:00,232.12,236.69,231.83000000000001,234.00999999999999,19611,662,233.38757100000001
2024-10-04 04:00:00+00:00,239.30000000000001,239.71129999999999,235.99000000000001,238.25,46184,899,237.80008699999999
2024-10-07 04:00:00+00:00,236.03999999999999,238.13999999999999,234.81999999999999,236.80000000000001,20303,677,236.583901
2024-10-08 04:00:00+00:00,236.37,238.78,235.02500000000001,237.83000000000001,23436,730,236.95857799999999
2024-10-09 04:00:00+00:00,238.47,241.53870000000001,237.66,240.94999999999999,34216,937,240.14536899999999
2024-10-10 04:00:00+00:00,237.36000000000001,239.84999999999999,234.84999999999999,239.71000000000001,35060,857,238.33316300000001
2024-10-11 04:00:00+00:00,238.15000000000001,245.75,238.15000000000001,244.56999999999999,24077,803,244.16825600000001
2024-10-14 04:00:00+00:00,246.09,248.00999999999999,245.61500000000001,247.31999999999999,29752,945,247.06811400000001
2024-10-15 04:00:00+00:00,248.25999999999999,250.02500000000001,239.41999999999999,240.66999999999999,49999,1396,243.48164600000001
2024-10-16 04:00:00+00:00,243.09999999999999,244.13999999999999,240.87,242.19999999999999,30542,780,242.33331200000001
2024-10-17 04:00:00+00:00,247.90000000000001,248.13,243.06,243.06,83639,1199,245.66462300000001
2024-10-18 04:00:00+00:00,245.94,246.27000000000001,241.90270000000001,243.03999999999999,24789,713,243.15763799999999
2024-10-21 04:00:00+00:00,241.71000000000001,242.38999999999999,238.13,242.22999999999999,61437,1331,240.487222
2024-10-22 04:00:00+00:00,240.72999999999999,243.08000000000001,239.75999999999999,242.25,20783,668,241.73021299999999
2024-10-23 04:00:00+00:00,241.96000000000001,243.75,236.30879999999999,240.05000000000001,29869,781,239.94618800000001
2024-10-24 04:00:00+00:00,242.12,242.27000000000001,239.02500000000001,241.21000000000001,16534,662,240.76484600000001
2024-10-25 04:00:00+00:00,243.19999999999999,247.61000000000001,242.59999999999999,243.91,20316,769,245.50621100000001
2024-10-28 04:00:00+00:00,244.05000000000001,248,244.05000000000001,246.83000000000001,89851,1175,247.072059
2024-10-29 04:00:00+00:00,246.19,253.16,246.19,252.5,29641,968,250.819806
2024-10-30 04:00:00+00:00,245.25,247.75,241.75,241.75,47948,1183,244.45083299999999
2024-10-31 04:00:00+00:00,239.74000000000001,239.74000000000001,228.44999999999999,229.49000000000001,74806,1932,230.77715900000001
2024-11-01 04:00:00+00:00,232.09999999999999,236.37,231.59719999999999,234.41999999999999,31648,984,234.43602100000001
2024-11-04 05:00:00+00:00,233.55000000000001,237.28,232.40000000000001,233.24000000000001,40601,1244,234.92730700000001
2024-11-05 05:00:00+00:00,231.97999999999999,236.96000000000001,231.97999999999999,236.91,38449,833,235.42759599999999
2024-11-06 05:00:00+00:00,243.72,247.52000000000001,241.363,246.83000000000001,107526,1545,244.66950399999999
2024-11-07 05:00:00+00:00,249.03999999999999,250.72,248.7037,249.61000000000001,42548,1234,249.89973499999999
2024-11-08 05:00:00+00:00,248.88,251.78,248.65000000000001,251.56,32112,903,249.97477499999999
2024-11-11 05:00:00+00:00,251.50999999999999,251.50999999999999,241.495,244.56999999999999,49319,1227,244.22923700000001
2024-11-12 05:00:00+00:00,243.31,244.09,237.75,239.83000000000001,41390,1174,240.372817
2024-11-13 05:00:00+00:00,238.37,239.49000000000001,234.2901,234.59,28981,930,236.199949
2024-11-14 05:00:00+00:00,235.5,237.08000000000001,232.03,232.72,33899,974,233.42151100000001
2024-11-15 05:00:00+00:00,230.13999999999999,230.62,224.63999999999999,225.16,35157,1448,226.73503099999999
2024-11-18 05:00:00+00:00,225.74000000000001,229,225.7354,228.59,25748,835,227.72955899999999
2024-11-19 05:00:00+00:00,226.16,231.31999999999999,226.16,230.81,19769,758,229.402502
2024-11-20 05:00:00+00:00,229.49000000000001,230.97,227.50999999999999,230.91999999999999,69268,1170,229.315729
2024-11-21 05:00:00+00:00,234.12,239.13,231.995,237.43000000000001,39175,1060,236.67084299999999
2024-11-22 05:00:00+00:00,237.84999999999999,241.25790000000001,237.84999999999999,241.06,20551,637,239.952403
2024-11-25 05:00:00+00:00,245.09,251.06,245.09,248.77000000000001,36275,1063,248.557703
2024-11-26 05:00:00+00:00,252.53999999999999,252.53999999999999,244.61000000000001,245.99000000000001,48295,884,246.97475600000001
2024-11-27 05:00:00+00:00,247.22999999999999,247.69999999999999,239.62,243.24000000000001,32813,838,243.211783
2024-11-29 05:00:00+00:00,244.97999999999999,250,244.97999999999999,247.81999999999999,14894,484,248.37873099999999
2024-12-02 05:00:00+00:00,249.30000000000001,254.2535,249.30000000000001,252.68000000000001,60504,1128,252.82109299999999
2024-12-03 05:00:00+00:00,254.16,258.81,254.16,257.81,56851,1163,257.16947199999998
2024-12-04 05:00:00+00:00,262.27999999999997,262.36399999999998,258.5634,258.83999999999997,22985,1000,260.44552299999998
2024-12-05 05:00:00+00:00,259,259,252.96000000000001,253.34,20184,777,255.37969799999999
2024-12-06 05:00:00+00:00,254.90000000000001,258.19999999999999,254.66999999999999,257.75999999999999,15465,600,256.70596
2024-12-09 05:00:00+00:00,257.70999999999998,262.71629999999999,257.70999999999998,259.5,60170,974,259.49465199999997
2024-12-10 05:00:00+00:00,260,260,251.82499999999999,253.00999999999999,81631,926,255.60547600000001
2024-12-11 05:00:00+00:00,257.37,261.61410000000001,255.05000000000001,260.00999999999999,73627,907,258.72652699999998
2024-12-12 05:00:00+00:00,257.41000000000003,259.02999999999997,256.55000000000001,257.48000000000002,49386,703,257.69388300000003
2024-12-13 05:00:00+00:00,262.60000000000002,264.09500000000003,259.20999999999998,262.73000000000002,18791,753,262.08612599999998
2024-12-16 05:00:00+00:00,263.20999999999998,266.19,261.31999999999999,265.16000000000003,30966,879,264.501195
2024-12-17 05:00:00+00:00,263.27999999999997,263.27999999999997,258.32060000000001,259.30000000000001,32125,964,260.78812499999998
2024-12-18 05:00:00+00:00,261.31999999999999,263.70740000000001,245.59999999999999,247.78999999999999,61033,1255,257.73793799999999
2024-12-19 05:00:00+00:00,249.90000000000001,249.90000000000001,244.16929999999999,245.09999999999999,35014,915,246.11202800000001
2024-12-20 05:00:00+00:00,242.62,251.94,242.62,248.46000000000001,33195,965,248.921988
2024-12-23 05:00:00+00:00,250.08000000000001,254.81989999999999,250.08000000000001,254.68000000000001,26159,860,253.22170600000001
2024-12-24 05:00:00+00:00,256.13999999999999,257.92500000000001,254.25200000000001,257.70999999999998,11559,369,257.090373
2024-12-26 05:00:00+00:00,255.90000000000001,261.0351,255.63829999999999,259.81,18315,581,259.80206299999998
2024-12-27 05:00:00+00:00,258.37,258.37,253.80000000000001,256.19999999999999,18622,647,255.70964799999999
2024-12-30 05:00:00+00:00,251.52000000000001,252.86000000000001,248.01179999999999,250.33000000000001,27682,1078,250.59963999999999
2024-12-31 05:00:00+00:00,251.59,253,247.59999999999999,248.44999999999999,71057,2114,249.32403400000001
2025-01-02 05:00:00+00:00,251.74000000000001,255.19720000000001,249,252.06,41491,1088,251.77675600000001
2025-01-03 05:00:00+00:00,254.15000000000001,259.12,253.5951,258.80000000000001,49849,852,257.41300699999999
2025-01-06 05:00:00+00:00,263.81999999999999,268.97989999999999,263.81999999999999,264.77999999999997,38100,1135,265.55778800000002
2025-01-07 05:00:00+00:00,267.49000000000001,269.08999999999997,259.84690000000001,260.44999999999999,29500,791,263.34506800000003
2025-01-08 05:00:00+00:00,257.98000000000002,257.98000000000002,253.00999999999999,255.94999999999999,23801,854,255.260436
2025-01-10 05:00:00+00:00,253,253,247.98509999999999,250.02000000000001,20068,880,249.81068200000001
2025-01-13 05:00:00+00:00,245.13999999999999,247.88999999999999,244.22200000000001,247.75,23370,806,245.97721300000001
2025-01-14 05:00:00+00:00,251.19999999999999,251.3699,246.76499999999999,249.55000000000001,22624,906,248.37565000000001
2025-01-15 05:00:00+00:00,256.22000000000003,259,254.24010000000001,257.88,31737,730,257.93572999999998
2025-01-16 05:00:00+00:00,260.01999999999998,260.39999999999998,255.74000000000001,255.74000000000001,37892,711,258.02681799999999
2025-01-17 05:00:00+00:00,261.79000000000002,264.5,261.029,264.38999999999999,16764,807,263.46646199999998
2025-01-21 05:00:00+00:00,266.95999999999998,270.13499999999999,264.18000000000001,268.42000000000002,44533,1333,267.51479699999999
2025-01-22 05:00:00+00:00,270.79000000000002,273.22989999999999,269.41000000000003,269.41000000000003,226487,1048,270.79831300000001
2025-01-23 05:00:00+00:00,266.06999999999999,270.07999999999998,264.66000000000003,270.07999999999998,15674,695,267.21511400000003
2025-01-24 05:00:00+00:00,269.27999999999997,269.27999999999997,262.79000000000002,263.55000000000001,34418,949,264.12489099999999
2025-01-27 05:00:00+00:00,251.83000000000001,251.83000000000001,238.22999999999999,241.34,347925,3870,241.68665200000001
2025-01-28 05:00:00+00:00,243.56,243.91999999999999,237.97499999999999,242.93000000000001,155681,1915,241.80932799999999
2025-01-29 05:00:00+00:00,243.44999999999999,246.2183,241.86000000000001,244.16,35282,933,243.907343
2025-01-30 05:00:00+00:00,246.69,249.06999999999999,245.3777,248.31999999999999,21293,631,247.20242400000001
2025-01-31 05:00:00+00:00,250.05000000000001,255.4538,247.69,248.75,26915,1008,250.572811
2025-02-03 05:00:00+00:00,240.19,246.79750000000001,238.94550000000001,244.08000000000001,41440,1149,243.890826
2025-02-04 05:00:00+00:00,243.66,247.91999999999999,243.65000000000001,247.91999999999999,16422,608,246.34751700000001
2025-02-05 05:00:00+00:00,248.27000000000001,254.25,246.8432,253.84,39109,622,252.662046
2025-02-06 05:00:00+00:00,249.75,251,245.07669999999999,246.93000000000001,50352,857,247.40182200000001
2025-02-07 05:00:00+00:00,248.15000000000001,248.23009999999999,239.90010000000001,242.25,42567,1064,242.77793500000001
2025-02-10 05:00:00+00:00,241.97999999999999,241.97999999999999,238.41999999999999,239.83000000000001,22638,897,239.82569100000001
2025-02-11 05:00:00+00:00,237.75999999999999,241.47130000000001,237.75,237.75,31401,745,238.866342
2025-02-12 05:00:00+00:00,234.33000000000001,238.53999999999999,234.33000000000001,238.46000000000001,43015,947,236.737998
2025-02-13 05:00:00+00:00,239.19,242.16,239.19,241.77000000000001,27510,723,241.08965900000001
2025-02-14 05:00:00+00:00,242.5,244.03999999999999,241.68000000000001,243.91,20638,652,243.08492200000001
2025-02-18 05:00:00+00:00,245.88999999999999,252.405,245.88999999999999,252.06,85639,1249,250.747455
2025-02-19 05:00:00+00:00,252,256.67000000000002,251,254.84,29302,923,254.203113
2025-02-20 05:00:00+00:00,256.58999999999997,256.58999999999997,251.93000000000001,255.19,14568,695,254.21575999999999
2025-02-21 05:00:00+00:00,256.04000000000002,256.42500000000001,245.49000000000001,246.62,22276,882,248.74380500000001
2025-02-24 05:00:00+00:00,247.40000000000001,247.40000000000001,240.21000000000001,240.28,52489,1118,242.07823099999999
2025-02-25 05:00:00+00:00,239.37,239.435,233.2944,233.40000000000001,39386,1199,234.89261999999999
2025-02-26 05:00:00+00:00,236.33000000000001,240.13499999999999,235.93000000000001,237.91,23579,699,237.99800200000001
2025-02-27 05:00:00+00:00,240,240,222.30000000000001,222.30000000000001,45474,1387,228.739746
2025-02-28 05:00:00+00:00,221.87,227.31999999999999,220,226.68000000000001,46732,1133,223.844314
2025-03-03 05:00:00+00:00,231.36000000000001,231.36000000000001,216.12,217.93000000000001,79845,2183,222.87566100000001
2025-03-04 05:00:00+00:00,215.72,224.00999999999999,213.065,218.44,63185,1709,218.06182200000001
2025-03-05 05:00:00+00:00,219.28999999999999,223.21000000000001,215.53909999999999,222.93000000000001,46629,1187,219.588751
2025-03-06 05:00:00+00:00,216.28,222.02500000000001,214.76499999999999,215.44,69177,1547,216.62198100000001
2025-03-07 05:00:00+00:00,216.16999999999999,223.52000000000001,214.24680000000001,222.91999999999999,28215,1344,219.971217
2025-03-10 04:00:00+00:00,217.47,217.74000000000001,208.89500000000001,211.59,106105,1688,213.965497
2025-03-11 04:00:00+00:00,211.71000000000001,212.75999999999999,205.16,209.19,47528,1221,209.34825799999999
2025-03-12 04:00:00+00:00,214.22,215.81999999999999,210.28999999999999,212.02000000000001,26928,837,212.996465
2025-03-13 04:00:00+00:00,212.21000000000001,215.78,208.63999999999999,210.77000000000001,30588,939,212.43486899999999
2025-03-14 04:00:00+00:00,215.61000000000001,219.28999999999999,215.25,219.09999999999999,40509,660,218.600131
2025-03-17 04:00:00+00:00,218.53999999999999,224.96000000000001,218.53999999999999,223.06,64994,1397,221.92924099999999
2025-03-18 04:00:00+00:00,220.75999999999999,221.255,218.27000000000001,219.59999999999999,21834,588,220.09333599999999
2025-03-19 04:00:00+00:00,219.69999999999999,224.30000000000001,219.69999999999999,222.06,25205,508,221.68525199999999
2025-03-20 04:00:00+00:00,219.03999999999999,222,218.09,218.72,53937,805,219.550927
2025-03-21 04:00:00+00:00,214.80000000000001,218.44,213.56999999999999,217.44,21534,651,216.05615
2025-03-24 04:00:00+00:00,222.59,225.86500000000001,222.59,224.47,34049,614,224.861096
2025-03-25 04:00:00+00:00,223.91999999999999,224.58000000000001,222.91,223.38999999999999,17397,629,223.648461
2025-03-26 04:00:00+00:00,222.63999999999999,222.63999999999999,214.91,216.90000000000001,36881,801,216.491241
2025-03-27 04:00:00+00:00,214.06,215,210.71010000000001,211.58000000000001,60708,1247,212.495305
2025-03-28 04:00:00+00:00,208.75,208.75,200.56999999999999,202.09999999999999,31057,1285,203.34138999999999
2025-03-31 04:00:00+00:00,197.25999999999999,201.02500000000001,193.80000000000001,200.77000000000001,37995,1225,197.26037500000001
2025-04-01 04:00:00+00:00,199.94999999999999,201.94999999999999,197.78999999999999,201.58000000000001,68433,1409,200.05090999999999
2025-04-02 04:00:00+00:00,197.59999999999999,207.52209999999999,197.59999999999999,204.24000000000001,42118,868,203.350584
2025-04-03 04:00:00+00:00,192.69999999999999,192.69999999999999,179.70750000000001,179.94,71932,2397,183.952144
2025-04-04 04:00:00+00:00,171.97,171.97,161.09999999999999,167.31999999999999,191623,2245,167.75603599999999
2025-04-07 04:00:00+00:00,160.27000000000001,178.78999999999999,157,170.37,124100,2112,167.74398400000001
2025-04-08 04:00:00+00:00,178.27000000000001,178.27000000000001,156.77500000000001,160.63,65408,1616,166.96943400000001
2025-04-09 04:00:00+00:00,161.43000000000001,193.38999999999999,160.78370000000001,192.50999999999999,100235,1684,176.227599
2025-04-10 04:00:00+00:00,182.63,183.06999999999999,169.60249999999999,174.62,61118,1308,174.07444100000001
2025-04-11 04:00:00+00:00,172.84,177.33000000000001,169.99000000000001,176.77000000000001,36306,1127,172.87548100000001
2025-04-14 04:00:00+00:00,183,183.91,175.85640000000001,178.99000000000001,42548,1054,180.12772200000001
2025-04-15 04:00:00+00:00,178.99000000000001,181.59,177.62100000000001,178.56,30065,781,179.37748500000001
2025-04-16 04:00:00+00:00,171.72999999999999,174.28989999999999,167.09,172.93000000000001,50955,1344,171.25992099999999
2025-04-17 04:00:00+00:00,173.74000000000001,173.74000000000001,170.25,172.80000000000001,38400,1051,172.18854899999999
2025-04-21 04:00:00+00:00,168.97,169.93000000000001,166.59,169.65000000000001,29221,983,167.69415499999999
2025-04-22 04:00:00+00:00,172.19,175.40000000000001,172.1378,173.69999999999999,35150,804,173.44344100000001
2025-04-23 04:00:00+00:00,183.25999999999999,186.51949999999999,180.21000000000001,180.74000000000001,70920,1023,183.78278499999999
2025-04-24 04:00:00+00:00,185.38999999999999,193.06,185.38999999999999,192.28,57259,972,190.498786
2025-04-25 04:00:00+00:00,190.12,195.38990000000001,190.12,194.68000000000001,18097,739,192.92539099999999
2025-04-28 04:00:00+00:00,194.27000000000001,196.98609999999999,190.95500000000001,194.59999999999999,22473,718,193.084046
2025-04-29 04:00:00+00:00,192.49000000000001,194.09999999999999,191.47999999999999,191.55000000000001,99695,1201,192.503151
2025-04-30 04:00:00+00:00,185.94999999999999,193.06999999999999,185.43010000000001,192.96000000000001,22937,864,189.195717
2025-05-01 04:00:00+00:00,196.59999999999999,198.86009999999999,194.68950000000001,195.34999999999999,35122,864,197.130112
2025-05-02 04:00:00+00:00,200.16,206.16,200.16,204.09999999999999,60926,1427,204.17604900000001
2025-05-05 04:00:00+00:00,201.87,203.88499999999999,201.09999999999999,201.97999999999999,26194,694,202.471791
2025-05-06 04:00:00+00:00,198.58000000000001,200.93000000000001,196.8544,199.86000000000001,28251,827,199.064988
2025-05-07 04:00:00+00:00,199.47999999999999,201.97149999999999,196.81999999999999,201.74000000000001,29045,639,199.08010100000001
2025-05-08 04:00:00+00:00,206.13999999999999,209.9599,204.08000000000001,207.19999999999999,36466,991,207.467231
2025-05-09 04:00:00+00:00,209.62,212.56,208.38,210.69999999999999,32317,958,210.51723799999999
2025-05-12 04:00:00+00:00,225.58000000000001,229.53,224.81999999999999,227.66,78553,1500,227.23799600000001
2025-05-13 04:00:00+00:00,229.05000000000001,235.0599,228.75999999999999,234.34,39822,1229,232.676368
2025-05-14 04:00:00+00:00,236.21000000000001,237.91999999999999,233.41,236.03,40546,927,235.264532
2025-05-15 04:00:00+00:00,233.52000000000001,235.02000000000001,231.16,234.71000000000001,44536,979,233.75295399999999
2025-05-16 04:00:00+00:00,236.24000000000001,236.24000000000001,233.94,235.59,29881,637,235.226022
2025-05-19 04:00:00+00:00,229.02000000000001,232.73220000000001,228.26009999999999,232.46000000000001,34896,851,230.673215
2025-05-20 04:00:00+00:00,231.33000000000001,232.98429999999999,230,232.62,29427,833,231.69812400000001
2025-05-21 04:00:00+00:00,229.62,232.56999999999999,223.46000000000001,224.99000000000001,41238,960,227.968875
2025-05-22 04:00:00+00:00,226.44999999999999,228.84280000000001,224.86000000000001,226.41,28894,785,227.007654
2025-05-23 04:00:00+00:00,219.56999999999999,224.33000000000001,219.56999999999999,223.15000000000001,39004,797,222.483656
2025-05-27 04:00:00+00:00,228.93000000000001,231.75989999999999,226.16999999999999,230.21000000000001,22712,773,229.71104500000001
2025-05-28 04:00:00+00:00,230.81,230.81,227.37,227.50999999999999,15123,604,229.11002500000001
2025-05-29 04:00:00+00:00,232.81,232.81,226.42009999999999,227.03999999999999,20046,756,228.70739399999999
2025-05-30 04:00:00+00:00,224.77000000000001,224.77000000000001,217.55000000000001,221.13,86723,1443,221.39566199999999
2025-06-02 04:00:00+00:00,220.81,224.85499999999999,220.72499999999999,224.38,22472,918,222.392977
2025-06-03 04:00:00+00:00,226.38999999999999,233.02000000000001,225.67500000000001,232.47999999999999,36438,1238,231.33518900000001
2025-06-04 04:00:00+00:00,234.44999999999999,237.68010000000001,233.21469999999999,236.47,34864,1160,236.086399
2025-06-05 04:00:00+00:00,237.59,238.30000000000001,231.285,232.58000000000001,131059,1945,234.56239299999999
2025-06-06 04:00:00+00:00,236.63,237.54499999999999,234.92169999999999,235.30000000000001,34687,736,235.82902799999999
2025-06-09 04:00:00+00:00,237.84999999999999,243.65000000000001,237.84999999999999,241.19,66234,1820,241.736988
2025-06-10 04:00:00+00:00,243.58000000000001,247,243.55709999999999,245.78999999999999,42599,1088,245.546369
2025-06-11 04:00:00+00:00,248.28999999999999,250.34,244.19,245.62,22612,1069,247.486615
2025-06-12 04:00:00+00:00,243.69,246.78989999999999,243.69,245.12,48096,1023,245.61102700000001
2025-06-13 04:00:00+00:00,239.47999999999999,242.03999999999999,237.16,237.25,119219,1844,239.995362
2025-06-16 04:00:00+00:00,241.50999999999999,247.149,241.50999999999999,245.75999999999999,36749,1101,244.713742
2025-06-17 04:00:00+00:00,242.25,245.63499999999999,241.78,242.00999999999999,63154,1543,243.26926499999999
2025-06-18 04:00:00+00:00,243.56,248.34999999999999,242.87,245.47999999999999,154884,1842,245.12496100000001
2025-06-20 04:00:00+00:00,248.27000000000001,248.27000000000001,241.03999999999999,244.21000000000001,44628,1075,243.420737
2025-06-23 04:00:00+00:00,242.77000000000001,245.07919999999999,238.62690000000001,244.25,26744,911,243.216588
2025-06-24 04:00:00+00:00,248.36000000000001,254.08799999999999,248.36000000000001,253.81,109043,2094,253.17795599999999
2025-06-25 04:00:00+00:00,255.78999999999999,255.78999999999999,251.66999999999999,254.36000000000001,46081,918,253.18228300000001
2025-06-26 04:00:00+00:00,256.76999999999998,258.29000000000002,255.04519999999999,257.77999999999997,30073,867,257.08610800000002
2025-06-27 04:00:00+00:00,258.75,259.0899,253.40000000000001,256.08999999999997,53720,1538,255.927222
2025-06-30 04:00:00+00:00,258.47000000000003,258.49000000000001,255.7586,256.50999999999999,40547,1098,256.68269299999997
2025-07-01 04:00:00+00:00,254.38,259.25,251.31999999999999,256.20999999999998,67483,1382,255.91866099999999
2025-07-02 04:00:00+00:00,256.19999999999999,262.14999999999998,256.19999999999999,261.81,37972,1064,260.51110299999999
2025-07-03 04:00:00+00:00,264.17000000000002,266.15499999999997,263.5,265.08999999999997,36865,638,265.36201299999999
2025-07-07 04:00:00+00:00,262.52999999999997,262.55500000000001,257.17500000000001,257.98000000000002,56742,1487,258.994618
2025-07-08 04:00:00+00:00,260.20999999999998,265.88,260.20999999999998,263.52999999999997,69621,1476,263.92959400000001
2025-07-09 04:00:00+00:00,264.72000000000003,267.22989999999999,261.76319999999998,266.43000000000001,56922,1035,265.31503099999998
2025-07-10 04:00:00+00:00,268.56999999999999,269.005,265.44,267.49000000000001,34401,1337,268.104086
2025-07-11 04:00:00+00:00,265.25,265.82999999999998,263.92000000000002,264.63999999999999,24966,780,264.97909399999998
2025-07-14 04:00:00+00:00,263.13,263.17989999999998,258.57999999999998,261.77999999999997,40710,945,262.249301
2025-07-15 04:00:00+00:00,266.91000000000003,267.49000000000001,262.62,262.62,39959,788,265.40708999999998
2025-07-16 04:00:00+00:00,263.04000000000002,265.19999999999999,257.935,265.06999999999999,44776,1067,261.39457700000003
2025-07-17 04:00:00+00:00,265.18000000000001,269.89109999999999,264.51499999999999,268.94,28394,841,267.98285800000002
2025-07-18 04:00:00+00:00,270.60000000000002,271.32999999999998,268.24009999999998,270.51999999999998,42350,886,270.53870999999998
2025-07-21 04:00:00+00:00,272.92000000000002,276.56,271.58999999999997,271.61000000000001,31186,1152,274.54527000000002
2025-07-22 04:00:00+00:00,270.20999999999998,271.30000000000001,263,267.69999999999999,84880,1656,266.71195599999999
2025-07-23 04:00:00+00:00,266.75,267.18000000000001,264.44,267.12,27234,1065,266.11058100000002
2025-07-24 04:00:00+00:00,267.92000000000002,267.92000000000002,263.98000000000002,265.61000000000001,16220,648,265.30712299999999
2025-07-25 04:00:00+00:00,264.61000000000001,265.73000000000002,263.39879999999999,265.45999999999998,34847,967,264.608767
2025-07-28 04:00:00+00:00,268.23000000000002,270.25999999999999,268.06,270.25999999999999,30893,957,269.550951
2025-07-29 04:00:00+00:00,272.60000000000002,274.63990000000001,267.95999999999998,268.99000000000001,21066,694,270.75078400000001
2025-07-30 04:00:00+00:00,272.63,272.76999999999998,267.88,270.32999999999998,28819,761,270.16441400000002
2025-07-31 04:00:00+00:00,270.81,272.91500000000002,263.27999999999997,265.35000000000002,105623,1655,266.25695200000001
2025-08-01 04:00:00+00:00,259.69,264.54989999999998,254.81999999999999,261.69,105198,1437,258.92398300000002
2025-08-04 04:00:00+00:00,263.95999999999998,267.81999999999999,263.13,267.56,43419,1179,266.672506
2025-08-05 04:00:00+00:00,269.62,271.29000000000002,263.48000000000002,266.13,23464,882,267.35593999999998
2025-08-06 04:00:00+00:00,266.86000000000001,267.58999999999997,264.26999999999998,267.56999999999999,13686,482,265.87671899999998
2025-08-07 04:00:00+00:00,270.54000000000002,270.54000000000002,264.76780000000002,267.56999999999999,75024,1039,267.32924100000002
2025-08-08 04:00:00+00:00,268.74000000000001,270.38,267.30500000000001,270.11000000000001,40486,1070,269.64734600000003
2025-08-11 04:00:00+00:00,270.99000000000001,273.03500000000003,268.5,269.19,84063,1308,271.08255000000003
2025-08-12 04:00:00+00:00,271.57999999999998,281.83999999999997,271.57999999999998,281.79000000000002,57782,1246,279.24666200000001
2025-08-13 04:00:00+00:00,283.95999999999998,286.60000000000002,281.82999999999998,286.19,65784,1481,285.11777999999998
2025-08-14 04:00:00+00:00,281.06999999999999,285.81,279.29000000000002,284.88999999999999,54328,1159,281.38004100000001
2025-08-15 04:00:00+00:00,284.82999999999998,284.82999999999998,278.97000000000003,280.79000000000002,78224,1577,280.88858800000003
2025-08-18 04:00:00+00:00,280.81,283.81,280,283.64999999999998,85433,954,283.11895700000002
2025-08-19 04:00:00+00:00,283.5,283.5,275.02999999999997,275.61000000000001,29281,1021,277.43905899999999
2025-08-20 04:00:00+00:00,274.00999999999999,274.36000000000001,267,273.88999999999999,44569,1283,271.45667099999997
2025-08-21 04:00:00+00:00,272.04000000000002,275.01999999999998,272.04000000000002,274.48000000000002,27844,693,273.95767499999999
2025-08-22 04:00:00+00:00,275.23000000000002,288.44999999999999,274.50999999999999,286.02999999999997,60843,1676,286.041359
2025-08-25 04:00:00+00:00,285.31999999999999,285.41000000000003,283.19,283.31,38372,1085,284.36053900000002
2025-08-26 04:00:00+00:00,284.76999999999998,289.41000000000003,284.76999999999998,287.91000000000003,29774,911,287.93845299999998
2025-08-27 04:00:00+00:00,287.06999999999999,289.88,286.18000000000001,288.74000000000001,47512,893,287.00988599999999
2025-08-28 04:00:00+00:00,292,294.92989999999998,290.52999999999997,293.29000000000002,31964,1155,293.71320300000002
2025-08-29 04:00:00+00:00,292.32999999999998,292.87220000000002,285.10000000000002,286.18000000000001,38140,1191,287.81528400000002
2025-09-02 04:00:00+00:00,278.73000000000002,282.75999999999999,276,282.75999999999999,46950,1413,278.995923
2025-09-03 04:00:00+00:00,283.43000000000001,283.67000000000002,278.77999999999997,282.01999999999998,57099,1188,281.83574599999997
2025-09-04 04:00:00+00:00,282.37,286.83999999999997,280.20999999999998,286.69999999999999,88704,1482,284.902174
2025-09-05 04:00:00+00:00,291.04000000000002,292.1925,286.19999999999999,289.62,65502,1332,290.22184499999997
2025-09-08 04:00:00+00:00,291.87,293.98000000000002,290.88,293.26999999999998,108007,1477,292.93101799999999
2025-09-09 04:00:00+00:00,293.79000000000002,294.5111,291.91000000000003,294.14999999999998,68309,1657,293.40543600000001
2025-09-10 04:00:00+00:00,298.56,299,295.02999999999997,296.87,68088,1368,296.43743699999999
2025-09-11 04:00:00+00:00,299.74000000000001,301.09500000000003,298.60000000000002,299.64999999999998,69545,1566,299.42240399999997
2025-09-12 04:00:00+00:00,300.58999999999997,300.79000000000002,298.38,298.75,69174,1595,299.40909399999998
2025-09-15 04:00:00+00:00,299.18000000000001,304.19,299,303.17000000000002,30855,978,302.961187
2025-09-16 04:00:00+00:00,303.89999999999998,306.73500000000001,302.57999999999998,306.05000000000001,97227,1495,305.010696
2025-09-17 04:00:00+00:00,306.06999999999999,311.16000000000003,303.75999999999999,308.41000000000003,42874,1173,307.53788100000003
2025-09-18 04:00:00+00:00,316.51999999999998,322.83460000000002,315.94,320.82999999999998,128561,2148,320.40696600000001
2025-09-19 04:00:00+00:00,320.94,320.94,314.70999999999998,318.72000000000003,43122,1624,317.47221200000001
2025-09-22 04:00:00+00:00,318.17000000000002,324.61000000000001,318.17000000000002,323.54000000000002,94549,2706,322.66926000000001
2025-09-23 04:00:00+00:00,324.97000000000003,325.39400000000001,319.68000000000001,322.39999999999998,118229,1812,323.74579699999998
2025-09-24 04:00:00+00:00,323,323,317.80000000000001,319.94,55698,1401,320.80330199999997
2025-09-25 04:00:00+00:00,313.68000000000001,318.69,308.87049999999999,317.92000000000002,34671,1161,315.76044000000002
2025-09-26 04:00:00+00:00,318.37,319.47000000000003,314.97000000000003,318.16000000000003,84170,2894,317.36630700000001
2025-09-29 04:00:00+00:00,322.06,322.06,315.49000000000001,316.06,34969,1328,318.30161600000002
2025-09-30 04:00:00+00:00,316.06,319.48919999999998,314.23000000000002,319.12,71274,984,316.631013
2025-10-01 04:00:00+00:00,315.97000000000003,320.48000000000002,315.97000000000003,319.94,122653,1649,318.21668499999998
2025-10-02 04:00:00+00:00,325.44999999999999,329.88,324.86000000000001,329.04000000000002,63056,1807,328.143171
2025-10-03 04:00:00+00:00,332.14999999999998,334.45999999999998,327.4622,329.87,55337,1364,330.76152500000001
2025-10-06 04:00:00+00:00,338.25999999999999,339.99000000000001,335.51999999999998,336.77999999999997,91255,1925,337.67781600000001
2025-10-07 04:00:00+00:00,340.42000000000002,341.96859999999998,328.83600000000001,330.18000000000001,130574,2368,331.68690199999998
2025-10-08 04:00:00+00:00,330.47000000000003,339.37,330.47000000000003,339.14999999999998,49609,1345,336.14407
2025-10-09 04:00:00+00:00,338.88999999999999,339.06,334.05000000000001,339.06,29275,1235,336.53071399999999
2025-10-10 04:00:00+00:00,339.63,341.44999999999999,315.44,315.61000000000001,100632,3043,326.70144099999999
2025-10-13 04:00:00+00:00,327.69,339.61000000000001,326.48000000000002,338.92000000000002,122067,1906,336.83135499999997
2025-10-14 04:00:00+00:00,334.01999999999998,346.5,330.16000000000003,339.44,84727,1924,342.87609099999997
2025-10-15 04:00:00+00:00,347.57999999999998,350,340,349.74000000000001,68024,1821,347.06436600000001
2025-10-16 04:00:00+00:00,352.13,353.24000000000001,343.625,347.76999999999998,77344,2363,348.25735700000001
2025-10-17 04:00:00+00:00,342.05000000000001,346.37900000000002,338.625,343.17000000000002,35684,1280,342.79530799999998
2025-10-20 04:00:00+00:00,346.23000000000002,354.51499999999999,346.23000000000002,350.41000000000003,58334,1557,350.65877
2025-10-21 04:00:00+00:00,348.72000000000003,348.74000000000001,343.49000000000001,344.63999999999999,44848,1601,345.541067
2025-10-22 04:00:00+00:00,339.54000000000002,340.56,325,331.67000000000002,53398,1822,332.91945399999997
2025-10-23 04:00:00+00:00,333.60000000000002,345,333.60000000000002,343.86000000000001,50655,1859,341.61639100000002
2025-10-24 04:00:00+00:00,352.33999999999997,352.52010000000001,345.27999999999997,345.27999999999997,93020,2016,348.00428599999998
2025-10-27 04:00:00+00:00,352.25999999999999,355.87580000000003,351.10000000000002,353.64999999999998,60461,2151,353.87836600000003
2025-10-28 04:00:00+00:00,352.99000000000001,356.995,350.42000000000002,350.42000000000002,32808,1440,353.44247000000001
2025-10-29 04:00:00+00:00,354.98000000000002,358.86250000000001,350.49000000000001,353.56,48383,1632,356.26229799999999
2025-10-30 04:00:00+00:00,349.47000000000003,353,347.30500000000001,348.27999999999997,25482,1078,350.55024400000002
2025-10-31 04:00:00+00:00,352.63999999999999,355.63,348.77999999999997,352.26999999999998,34212,1114,352.48473000000001
2025-11-03 05:00:00+00:00,355.08999999999997,355.99000000000001,346.44499999999999,347.76999999999998,58395,1641,350.15348999999998
2025-11-04 05:00:00+00:00,335.67000000000002,341,328.55500000000001,328.89999999999998,70606,2275,334.62704400000001
2025-11-05 05:00:00+00:00,331.22000000000003,343.25999999999999,331.22000000000003,339,51565,1660,337.60926699999999
2025-11-06 05:00:00+00:00,340.38,342.70499999999998,331.44999999999999,332.38,37696,1454,334.949163
2025-11-07 05:00:00+00:00,324.02999999999997,326.79000000000002,311.75999999999999,326.72000000000003,78552,3154,318.68667599999998
2025-11-10 05:00:00+00:00,335.73000000000002,337.42919999999998,330.72750000000002,334.19,49289,2036,334.58116000000001
2025-11-11 05:00:00+00:00,331.06,331.06,325.45999999999998,325.70999999999998,90110,2011,325.96779099999998
2025-11-12 05:00:00+00:00,330.16000000000003,331.75999999999999,324.63999999999999,326.20999999999998,142107,3770,326.35951799999998
2025-11-13 05:00:00+00:00,321.69,322.31,309.25,311.31999999999999,71620,2472,313.76355799999999
2025-11-14 05:00:00+00:00,302.89999999999998,314.99000000000001,301.01909999999998,309.99000000000001,80105,2012,310.82885900000002
2025-11-17 05:00:00+00:00,306.57999999999998,311.60000000000002,298.06999999999999,301.39999999999998,134665,4327,301.88531599999999
2025-11-18 05:00:00+00:00,296.31,300.44999999999999,292.70010000000002,296.43000000000001,69770,2342,296.62510200000003
2025-11-19 05:00:00+00:00,296.81999999999999,305.125,296.81999999999999,299.56999999999999,35840,1294,299.341069
2025-11-20 05:00:00+00:00,308.67000000000002,309.99000000000001,286.86009999999999,287.85000000000002,91127,2148,299.32958300000001
2025-11-21 05:00:00+00:00,289.18000000000001,298.5,280.83010000000002,295.41000000000003,74556,3244,289.24574100000001
2025-11-24 05:00:00+00:00,298.86000000000001,309.10000000000002,298.13,308.25,37054,1412,305.56796000000003
2025-11-25 05:00:00+00:00,304.31999999999999,311.125,297.63,310.55000000000001,35502,1340,304.91459900000001
2025-11-26 05:00:00+00:00,312.06999999999999,318.98000000000002,312.06999999999999,315.85000000000002,28535,1145,315.486535
2025-11-28 05:00:00+00:00,317.51999999999998,321.47000000000003,317.51999999999998,321.33999999999997,17813,856,320.404383
2025-12-01 05:00:00+00:00,316.06999999999999,321.50999999999999,315.36000000000001,317.44,54923,2068,319.00545399999999
2025-12-02 05:00:00+00:00,321.75999999999999,327.24000000000001,320.93000000000001,325.31999999999999,61354,1616,325.24356299999999
2025-12-03 05:00:00+00:00,327.04000000000002,337.32999999999998,326.05000000000001,337.32999999999998,47776,4297,332.232822
2025-12-04 05:00:00+00:00,336.31,340.7944,334.06,338.81,57352,1319,338.47925199999997
2025-12-05 05:00:00+00:00,340.56999999999999,345,340.56999999999999,341.95999999999998,28814,1221,342.61807599999997
2025-12-08 05:00:00+00:00,344.13,346.46550000000002,341.85000000000002,344.06999999999999,19614,1528,343.55503499999998
2025-12-09 05:00:00+00:00,341.91000000000003,344.26999999999998,341,343.00999999999999,24052,1025,342.82540699999998
2025-12-10 05:00:00+00:00,342.5,347.5,340.84230000000002,345.35000000000002,34392,1283,344.41065900000001
2025-12-11 05:00:00+00:00,342.38999999999999,345,336.41000000000003,344.74000000000001,24475,2225,341.252295
2025-12-12 05:00:00+00:00,341.63,341.83499999999998,326.69099999999997,328.13,30927,1893,332.055024
2025-12-15 05:00:00+00:00,331.70999999999998,332.00069999999999,324,324.54000000000002,32101,2977,326.86979600000001
2025-12-16 05:00:00+00:00,323.74000000000001,326.36000000000001,320,322.85000000000002,27493,1846,323.10897399999999
2025-12-17 05:00:00+00:00,324.44999999999999,326.75,313.35359999999997,313.76999999999998,44336,2283,317.18987099999998
2025-12-18 05:00:00+00:00,323.91000000000003,326.13,318.79000000000002,319.06999999999999,14829,798,321.99147199999999
2025-12-19 05:00:00+00:00,321.31999999999999,328.23000000000002,321.31999999999999,327.17000000000002,35214,1518,326.23029400000001
2025-12-22 05:00:00+00:00,332.30000000000001,334.67000000000002,331.04849999999999,332.50999999999999,31567,1402,332.91058199999998
2025-12-23 05:00:00+00:00,329.72000000000003,332.25,327.73000000000002,330.17000000000002,16680,958,329.75658600000003
2025-12-24 05:00:00+00:00,330,330.81,329.02999999999997,330.23000000000002,9258,752,329.91653000000002
2025-12-26 05:00:00+00:00,331.5,331.5,327.20999999999998,328.11000000000001,14636,864,328.66448400000002
2025-12-29 05:00:00+00:00,324.75999999999999,328.065,323.45100000000002,325.72000000000003,40390,1476,325.32090599999998
2025-12-30 05:00:00+00:00,326.23000000000002,328.31999999999999,325.18000000000001,325.18000000000001,25287,1030,326.56683700000002
2025-12-31 05:00:00+00:00,325.69999999999999,325.69999999999999,321.43000000000001,321.60000000000002,17236,1373,323.65553599999998
2026-01-02 05:00:00+00:00,328.38,336.58999999999997,328.38,335.36000000000001,33737,1373,332.94995399999999
2026-01-05 05:00:00+00:00,341.63,343.38999999999999,335.85000000000002,338.27999999999997,37740,1685,340.67546700000003
2026-01-06 05:00:00+00:00,341.80000000000001,353.04989999999998,341.80000000000001,351.85000000000002,72977,1637,349.54169999999999
2026-01-07 05:00:00+00:00,348.94999999999999,348.94999999999999,341.61000000000001,344.83999999999997,28794,1620,343.55578700000001
2026-01-08 05:00:00+00:00,342.57999999999998,344.55000000000001,338.48000000000002,343.41000000000003,21198,1257,341.24228399999998
2026-01-09 05:00:00+00:00,345.91000000000003,350.13,343,347.89999999999998,27507,1153,347.91564599999998
2026-01-12 05:00:00+00:00,344.61000000000001,348.49000000000001,343,348.00999999999999,46140,1618,346.883442
2026-01-13 05:00:00+00:00,350.88,352.92599999999999,348.81,349.85000000000002,25889,1495,351.27789000000001
2026-01-14 05:00:00+00:00,347.49000000000001,350.92000000000002,344.81599999999997,350.92000000000002,24550,1114,347.83558099999999
2026-01-15 05:00:00+00:00,357,358.86000000000001,351.66500000000002,352.04000000000002,97147,1351,356.50852800000001
2026-01-16 05:00:00+00:00,356.85000000000002,360.68990000000002,355.20999999999998,355.47000000000003,23377,1276,357.51163100000002
2026-01-20 05:00:00+00:00,347.29000000000002,357.12,347.29000000000002,350.85000000000002,29390,1410,349.98173800000001
2026-01-21 05:00:00+00:00,356.12,364.12,353.69999999999999,361.69,41749,1377,359.74276600000002
2026-01-22 05:00:00+00:00,368.5,368.57999999999998,362.64999999999998,363.33999999999997,23106,1064,364.78488900000002
2026-01-23 05:00:00+00:00,361.57999999999998,361.57999999999998,350.31999999999999,353.33999999999997,32951,1487,355.34407099999999
2026-01-26 05:00:00+00:00,352.63,353.72000000000003,348.89010000000002,349.27999999999997,41329,1197,350.15779800000001
2026-01-27 05:00:00+00:00,353.26999999999998,356.19,351,353.73000000000002,34707,1100,354.939391
2026-01-28 05:00:00+00:00,358.47000000000003,364.75,358.47000000000003,361.88,37971,1452,361.61690199999998
2026-01-29 05:00:00+00:00,361.43000000000001,362.36500000000001,346.37,358.83999999999997,40205,1649,354.20834200000002
2026-01-30 05:00:00+00:00,354.36000000000001,356.61000000000001,344.16000000000003,346.69999999999999,21369,1527,349.29707000000002
2026-02-02 05:00:00+00:00,342.69999999999999,358.18000000000001,341.7201,353.94,44516,2044,353.24948499999999
2026-02-03 05:00:00+00:00,355.12,355.72000000000003,338.38010000000003,347.22000000000003,39777,2347,344.907037
2026-02-04 05:00:00+00:00,350.45999999999998,359,339.00409999999999,346.45999999999998,58469,2629,347.38667600000002
2026-02-05 05:00:00+00:00,340.43000000000001,349.30500000000001,338,345.94999999999999,32874,1667,344.68685799999997
2026-02-06 05:00:00+00:00,349.00999999999999,359.94499999999999,348.26999999999998,358.80000000000001,45547,1689,356.86374799999999
2026-02-09 05:00:00+00:00,356.33999999999997,363.55500000000001,356.33999999999997,361.68000000000001,25403,1461,361.87714299999999
2026-02-10 05:00:00+00:00,362.54000000000002,365.86989999999997,360,360.49000000000001,17993,1131,362.75004200000001
2026-02-11 05:00:00+00:00,367.63,371.99000000000001,361.73000000000002,368.80000000000001,25542,1292,367.81976500000002
2026-02-12 05:00:00+00:00,371.51999999999998,373.88499999999999,356.97000000000003,359.39999999999998,106735,2326,361.45245
2026-02-13 05:00:00+00:00,358.50999999999999,365.06999999999999,353.04000000000002,362.54000000000002,70281,1684,360.97224199999999
2026-02-17 05:00:00+00:00,358.35000000000002,363.16000000000003,352.60449999999997,360.06999999999999,26060,1366,357.93274100000002
2026-02-18 05:00:00+00:00,361.73000000000002,364.31990000000002,357.00999999999999,359.70999999999998,18423,1174,360.97201000000001
2026-02-19 05:00:00+00:00,357.06999999999999,357.06999999999999,351,354.77999999999997,56212,2481,353.51255800000001
2026-02-20 05:00:00+00:00,352.00999999999999,360.08999999999997,352.00999999999999,356.98000000000002,13111,819,356.18307900000002
2026-02-23 05:00:00+00:00,354.97000000000003,356.49000000000001,350,353.24000000000001,23923,1517,352.53294899999997
2026-02-24 05:00:00+00:00,356.05000000000001,363.31,356.05000000000001,358.63999999999999,24798,1454,359.28508199999999
2026-02-25 05:00:00+00:00,361.50999999999999,364.66000000000003,360.98500000000001,363.38999999999999,17424,928,363.57665100000003
2026-02-26 05:00:00+00:00,363.32999999999998,363.35840000000002,352.16000000000003,356.99000000000001,28758,1638,356.130878
2026-02-27 05:00:00+00:00,349.44,351.30000000000001,345.96499999999997,351.04000000000002,41080,2341,348.92564800000002
2026-03-02 05:00:00+00:00,342.19999999999999,355.97000000000003,341.23000000000002,355.97000000000003,63488,2662,351.01331800000003
2026-03-03 05:00:00+00:00,342.12,343.29000000000002,334.54000000000002,338.43000000000001,63385,2691,339.72134699999998
2026-03-04 05:00:00+00:00,342.50999999999999,343.96789999999999,338.07999999999998,338.95999999999998,37570,1668,340.42192799999998
2026-03-05 05:00:00+00:00,336.88999999999999,341.47000000000003,329.5,333.62,23367,1630,334.27798100000001
2026-03-06 05:00:00+00:00,327.01999999999998,330.91000000000003,320.25150000000002,321.86000000000001,27666,1661,324.96522099999999
2026-03-09 04:00:00+00:00,316.48000000000002,331.55500000000001,312,331.12,61222,2332,321.58591300000001
2026-03-10 04:00:00+00:00,330.75999999999999,337.88999999999999,330.75999999999999,331.72000000000003,39226,1387,333.847759
2026-03-11 04:00:00+00:00,332.50999999999999,339.18329999999997,332.50999999999999,336.99000000000001,26468,1132,336.48747100000003
2026-03-12 04:00:00+00:00,331.76999999999998,332.46510000000001,324.51990000000001,325.61000000000001,45387,2119,326.80250899999999
2026-03-13 04:00:00+00:00,329.70999999999998,333.25,325.01150000000001,327.39999999999998,17054,1232,328.13404600000001
2026-03-16 04:00:00+00:00,334.43000000000001,338.93000000000001,333.04000000000002,333.64999999999998,63289,2509,336.09646300000003
2026-03-17 04:00:00+00:00,336.31999999999999,337.37990000000002,331.33999999999997,332.43000000000001,46948,1558,333.93768899999998
2026-03-18 04:00:00+00:00,332.16000000000003,333.94990000000001,328.76999999999998,328.76999999999998,19985,1183,331.708528
2026-03-19 04:00:00+00:00,321.55000000000001,334.26999999999998,319.94,331.33999999999997,23921,1127,325.91197
2026-03-20 04:00:00+00:00,330.17000000000002,331.86000000000001,319.70999999999998,322.61000000000001,23002,1263,325.95874400000002
2026-03-23 04:00:00+00:00,330.31,335,327.19,329.33999999999997,24634,1082,332.00644799999998
2026-03-24 04:00:00+00:00,326,337.38999999999999,326,334.87,43812,1342,334.19987900000001
2026-03-25 04:00:00+00:00,340.5,343.88,338.14999999999998,340.22000000000003,35959,1263,340.65563700000001
2026-03-26 04:00:00+00:00,334.58999999999997,337.2654,327.89999999999998,328.32999999999998,49405,1500,330.64803499999999
2026-03-27 04:00:00+00:00,325.44999999999999,326.83999999999997,318.05000000000001,319.14999999999998,36983,1830,320.238178
2026-03-30 04:00:00+00:00,323.00999999999999,323.07499999999999,303.44,306.05000000000001,89041,2235,308.76380999999998
2026-03-31 04:00:00+00:00,312.58999999999997,326.72000000000003,312.20920000000001,326.12,53264,1292,322.09156000000002
2026-04-01 04:00:00+00:00,330.47000000000003,336.95999999999998,330.47000000000003,332.18000000000001,21244,1065,333.85470400000003
2026-04-02 04:00:00+00:00,322.12,336.88999999999999,319.47000000000003,336.61000000000001,20234,991,330.00518699999998
2026-04-06 04:00:00+00:00,337.63,341.79000000000002,336.97500000000002,340.06999999999999,24325,1096,339.22499699999997
2026-04-07 04:00:00+00:00,338.97000000000003,341.07999999999998,333.67000000000002,340.87,16789,878,337.080354
2026-04-08 04:00:00+00:00,359.41000000000003,361.74000000000001,352.60000000000002,359.35000000000002,45466,1623,357.84544599999998
2026-04-09 04:00:00+00:00,359.38999999999999,365,359.38999999999999,364.29000000000002,18572,1220,362.77560499999998
2026-04-10 04:00:00+00:00,367.94999999999999,374.04500000000002,367.94999999999999,370.87,51782,1451,371.74463900000001
2026-04-13 04:00:00+00:00,370.17000000000002,381.17000000000002,370.17000000000002,380.85000000000002,54118,1691,376.79898600000001
2026-04-14 04:00:00+00:00,387.02999999999997,389.36000000000001,383.20749999999998,389.06,63752,2153,386.90731199999999
2026-04-15 04:00:00+00:00,389.38999999999999,393.52999999999997,386.66000000000003,393.27999999999997,31067,1765,390.915256
2026-04-16 04:00:00+00:00,394.38999999999999,404.04000000000002,392.63999999999999,404.04000000000002,47434,2302,400.34486700000002
2026-04-17 04:00:00+00:00,410.67000000000002,416,407.41000000000003,414.67000000000002,37170,1733,412.531901
2026-04-20 04:00:00+00:00,413.98000000000002,424.28989999999999,413.98000000000002,423.64999999999998,40910,2221,419.44169499999998
2026-04-21 04:00:00+00:00,429.32999999999998,435.89999999999998,428.01499999999999,430.75,59014,2800,432.35641600000002
2026-04-22 04:00:00+00:00,439.54000000000002,442.11989999999997,435.74000000000001,440.82999999999998,68031,3298,438.24148300000002
2026-04-23 04:00:00+00:00,443.69,455.56999999999999,442.00999999999999,450.99000000000001,163968,5883,450.858248
2026-04-24 04:00:00+00:00,473.44999999999999,480.87,466.83999999999997,478.99000000000001,94099,4140,476.55251199999998
2026-04-27 04:00:00+00:00,478.87,480.27999999999997,459.47000000000003,464.57999999999998,188182,7190,463.35439600000001
2026-04-28 04:00:00+00:00,447.75999999999999,455.601,436.73000000000002,444.02999999999997,149338,6755,443.15522399999998
2026-04-29 04:00:00+00:00,454.14999999999998,465.74000000000001,453.88999999999999,465.19999999999999,110700,4753,462.16590400000001
2026-04-30 04:00:00+00:00,474.89999999999998,488.31999999999999,467.41000000000003,488.08999999999997,169939,6333,479.43285400000002
2026-05-01 04:00:00+00:00,484.80000000000001,499.54000000000002,481.74700000000001,498.44,153165,5448,492.926939
2026-05-04 04:00:00+00:00,501.00999999999999,503.16000000000003,492.07999999999998,496.31,176693,7312,498.61355600000002
2026-05-05 04:00:00+00:00,503.92000000000002,520.49990000000003,500.95999999999998,518.41999999999996,103703,4736,514.03394000000003
2026-05-06 04:00:00+00:00,524.57000000000005,532.10000000000002,511.55000000000001,531.92999999999995,159805,6238,521.54555800000003
2026-05-07 04:00:00+00:00,534.88,535.27089999999998,517.82000000000005,523.77999999999997,132671,5030,525.28432199999997
2026-05-08 04:00:00+00:00,536.38,554.16999999999996,535.66179999999997,554.16999999999996,125221,5592,543.71913700000005
2026-05-11 04:00:00+00:00,557.99000000000001,575.49000000000001,557.13999999999999,575.49000000000001,194067,7674,567.597579
2026-05-12 04:00:00+00:00,564.63,566.19000000000005,527.89499999999998,551,288588,10999,544.98281799999995
2026-05-13 04:00:00+00:00,570.65999999999997,573.26999999999998,557.13660000000004,564.25999999999999,124729,5056,566.268776
2026-05-14 04:00:00+00:00,562.25,567.53999999999996,555.58010000000002,565.19000000000005,88795,4547,563.816328
2026-05-15 04:00:00+00:00,543.75999999999999,559.24000000000001,538.20000000000005,549.57000000000005,133030,5117,548.18119100000001
2026-05-18 04:00:00+00:00,558.30999999999995,560.22000000000003,521.80499999999995,533.10000000000002,220756,7973,532.45995100000005
2026-05-19 04:00:00+00:00,519.78999999999996,544.80999999999995,511.23000000000002,536.09000000000003,194252,6562,528.99902899999995
2026-05-20 04:00:00+00:00,546.52999999999997,563.80999999999995,544.83000000000004,563.62,141977,4608,555.22648300000003
2026-05-21 04:00:00+00:00,560.40999999999997,579.32000000000005,560.40999999999997,576.54999999999995,101492,4185,570.56754699999999
2026-05-22 04:00:00+00:00,582.40999999999997,605.37,582.40999999999997,603.92999999999995,161408,5397,599.10666000000003
2026-05-26 04:00:00+00:00,625.09000000000003,635.13,618.55100000000004,632.23000000000002,138640,5979,627.58401700000002
2026-05-27 04:00:00+00:00,641.84000000000003,642.80999999999995,607.96000000000004,621.41999999999996,220394,7532,619.85771099999999
2026-05-28 04:00:00+00:00,623.75,635.43499999999995,610,630.58000000000004,91562,4815,627.33663200000001
2026-05-29 04:00:00+00:00,636.25,636.274,605.54999999999995,613.04999999999995,155039,5559,616.64837399999999
2026-06-01 04:00:00+00:00,603.40999999999997,609.75,589.90999999999997,601.15999999999997,213627,9063,602.21401100000003
2026-06-02 04:00:00+00:00,617.22000000000003,640.03999999999996,615.44000000000005,640.03999999999996,202843,6636,631.24744299999998
2026-06-03 04:00:00+00:00,651.29999999999995,658.13999999999999,632.28999999999996,649.73000000000002,161537,7450,649.05116099999998
2026-06-04 04:00:00+00:00,624,654.99000000000001,616.33000000000004,644.32000000000005,162518,6662,638.437051
2026-06-05 04:00:00+00:00,622.07000000000005,622.78989999999999,569.13999999999999,571.67999999999995,304942,13150,590.72486500000002
2026-06-08 04:00:00+00:00,600.51999999999998,607.71000000000004,588.01999999999998,596.42999999999995,179149,6821,597.07646099999999
2026-06-09 04:00:00+00:00,607.51999999999998,611,536.88,577.39999999999998,246761,9297,573.17337999999995
2026-06-10 04:00:00+00:00,566.76999999999998,587.57000000000005,555,556.90999999999997,85684,4291,568.45459100000005
2026-06-11 04:00:00+00:00,568.65999999999997,597.77999999999997,565.84500000000003,597.57000000000005,107011,6053,580.66198799999995
2026-06-12 04:00:00+00:00,598.63,613.22000000000003,592.5,605.75,105556,4478,606.86335999999994
2026-06-15 04:00:00+00:00,633.50999999999999,635,624,632.12,96779,4287,630.34255099999996
2026-06-16 04:00:00+00:00,627.25999999999999,636.40999999999997,595.61000000000001,595.88999999999999,85919,4511,611.92918399999996
2026-06-17 04:00:00+00:00,611,618.5249,593.25,593.25,92491,3339,605.949837
2026-06-18 04:00:00+00:00,618.38999999999999,637.95000000000005,614.99000000000001,636.29999999999995,130076,4824,630.17486899999994
2026-06-22 04:00:00+00:00,649,653.19989999999996,641.66999999999996,648.22000000000003,116192,4848,647.33812399999999
2026-06-23 04:00:00+00:00,608.02999999999997,625.08000000000004,598.92999999999995,603.64999999999998,264736,11392,609.18694400000004
2026-06-24 04:00:00+00:00,605.20000000000005,605.20000000000005,575.5,589.98000000000002,247077,6187,585.77044100000001
2026-06-25 04:00:00+00:00,615.55999999999995,617.99000000000001,576.90020000000004,597.58000000000004,161129,4568,595.48958200000004
2026-06-26 04:00:00+00:00,577.05999999999995,582.39999999999998,569.20000000000005,571.90999999999997,108371,5189,574.73072200000001
2026-06-29 04:00:00+00:00,575.45000000000005,592.78999999999996,553.13999999999999,592.63999999999999,89747,4160,580.441733
2026-06-30 04:00:00+00:00,592.89999999999998,626,590.14999999999998,623.70000000000005,104946,4171,617.98280499999998
2026-07-01 04:00:00+00:00,605.61000000000001,615.42499999999995,594.80999999999995,596.03999999999996,178950,6130,604.89085899999998
2026-07-02 04:00:00+00:00,597.78999999999996,603.92999999999995,545,555.87,158071,6192,564.85367399999996
2026-07-06 04:00:00+00:00,568.52999999999997,591.62,566.70000000000005,571.26999999999998,169493,5036,578.79274899999996
2026-07-07 04:00:00+00:00,548.26999999999998,549,525,535.07000000000005,92857,4572,535.84727399999997
2026-07-08 04:00:00+00:00,530.5,550.00999999999999,530,548.64999999999998,140078,4148,543.35819700000002
2026-07-09 04:00:00+00:00,570.00999999999999,581.81859999999995,565,569.49000000000001,163435,5049,576.33365700000002
2026-07-10 04:00:00+00:00,562.21000000000004,567.02999999999997,555,563.42999999999995,63345,2742,561.91922899999997
2026-07-13 04:00:00+00:00,548.94000000000005,549.99000000000001,533.95000000000005,537.38,70111,3298,540.02105600000004
2026-07-14 04:00:00+00:00,559.75,560.71500000000003,540,547.13,99636,2951,548.30672700000002
2026-07-15 04:00:00+00:00,555.12,555.12,520.07000000000005,537.03999999999996,128482,4546,534.27075300000001
2026-07-16 04:00:00+00:00,521.85000000000002,521.92499999999995,501.27999999999997,506.80000000000001,121048,4920,509.00554599999998
2026-07-17 04:00:00+00:00,486.91000000000003,511.17000000000002,478.17000000000002,500.19,120523,4232,493.55984699999999
2026-07-20 04:00:00+00:00,508.32999999999998,511.33999999999997,500.58999999999997,501.37,62581,2906,504.57515999999998
2026-07-21 04:00:00+00:00,521.38999999999999,529.57000000000005,515.87210000000005,528.65999999999997,35428,2183,525.16951400000005
2026-07-22 04:00:00+00:00,517.20000000000005,538.17010000000005,515.03999999999996,529.75,57642,2580,531.97339899999997
2026-07-23 04:00:00+00:00,518.82000000000005,531.95000000000005,515.91999999999996,523.33000000000004,59417,2854,521.63540799999998
2026-07-24 04:00:00+00:00,517.29999999999995,518.90999999999997,490.79000000000002,494.31,163308,4516,498.85765900000001
2026-07-27 04:00:00+00:00,500.73000000000002,505.00799999999998,474.56999999999999,492.85000000000002,74722,3045,487.10543999999999
2026-07-28 04:00:00+00:00,474.13999999999999,476.88,459,471.49000000000001,72611,3974,468.42031700000001
2026-07-29 04:00:00+00:00,467.61000000000001,471.77999999999997,448.39999999999998,449.41000000000003,83580,3970,460.14531899999997
2026-07-30 04:00:00+00:00,467.01999999999998,483.63999999999999,464.95999999999998,483.04000000000002,72393,3272,479.310565
2026-07-31 04:00:00+00:00,500.73000000000002,505.94999999999999,480.02999999999997,487.47000000000003,52314,2461,490.04567100000003
2026-08-03 04:00:00+00:00,478.14999999999998,499.56,473.39999999999998,495.16000000000003,194291,6614,492.64587899999998
2026-08-04 04:00:00+00:00,513.52999999999997,529.55999999999995,512.20000000000005,525.54999999999995,192675,6527,520.37672399999997
2026-08-05 04:00:00+00:00,519.69000000000005,525.74000000000001,507.92239999999998,509.13,112050,4727,514.19845899999996
2026-08-06 04:00:00+00:00,506.04000000000002,532,502.89999999999998,520.41999999999996,95472,3324,523.31725800000004
2026-08-07 04:00:00+00:00,535.16999999999996,545.78499999999997,530.255,544.66999999999996,108869,4333,541.61821799999996
2026-08-10 04:00:00+00:00,545.85000000000002,546.01999999999998,524.59000000000003,525.39999999999998,61861,3064,532.13588500000003
2026-08-11 04:00:00+00:00,533.38,537.34000000000003,527.21000000000004,530.11000000000001,43558,2171,530.88627399999996
2026-08-12 04:00:00+00:00,549.21000000000004,550.25199999999995,539.18499999999995,540.19000000000005,43986,2511,543.786383
2026-08-13 04:00:00+00:00,533.98000000000002,545.88999999999999,533.69000000000005,535.08000000000004,36143,2346,540.68194300000005
2026-08-14 04:00:00+00:00,536,544.28999999999996,533.37,544.28999999999996,75927,2535,540.08183799999995
2026-08-17 04:00:00+00:00,550.39999999999998,558.63999999999999,549.34000000000003,549.34000000000003,77145,3249,553.36670000000004
2026-08-18 04:00:00+00:00,529.95000000000005,531.52499999999998,512.36500000000001,517.74000000000001,64343,3126,518.06025999999997
2026-08-19 04:00:00+00:00,522.07000000000005,523.86000000000001,497.69999999999999,503.30000000000001,55543,3226,506.70727900000003
2026-08-20 04:00:00+00:00,500.41000000000003,505.5,493.67750000000001,496.74000000000001,86352,3133,499.52626500000002
2026-08-21 04:00:00+00:00,502.13999999999999,504.30000000000001,492.185,498.23000000000002,39393,2305,497.30060400000002
2026-08-24 04:00:00+00:00,489.76999999999998,489.76999999999998,476.56,481.60000000000002,134723,3652,482.44647300000003
2026-08-25 04:00:00+00:00,493,493,484.935,490.93000000000001,67747,2990,488.55742900000001
2026-08-26 04:00:00+00:00,489.54000000000002,496.39999999999998,486.64999999999998,490.70999999999998,57683,3113,491.18195900000001
2026-08-27 04:00:00+00:00,503.11000000000001,503.80000000000001,494.03500000000003,500.25999999999999,77838,3010,498.74017700000002
2026-08-28 04:00:00+00:00,496.98000000000002,496.98000000000002,479.56999999999999,481.83999999999997,97148,3632,483.75518499999998
2026-08-31 04:00:00+00:00,483.01999999999998,486.11000000000001,480.36000000000001,485.13999999999999,98993,3107,482.63360999999998
2026-09-01 04:00:00+00:00,473.94,475.38,467.05000000000001,472.93000000000001,158993,4380,471.85429199999999
2026-09-02 04:00:00+00:00,470.97000000000003,477.54000000000002,466.83139999999997,477.10000000000002,90468,3197,475.07683400000002
2026-09-03 04:00:00+00:00,474,479.29000000000002,466.33999999999997,478.51999999999998,80104,2616,476.37099499999999
2026-09-04 04:00:00+00:00,482.18000000000001,491.625,481.74130000000002,491.44999999999999,48236,2859,489.11383799999999
2026-09-08 04:00:00+00:00,499.80000000000001,503.69,494.56,495.98000000000002,150101,2822,499.19923
2026-09-09 04:00:00+00:00,492.41000000000003,503.80000000000001,492.41000000000003,495.64999999999998,45360,2910,497.02196199999997
2026-09-10 04:00:00+00:00,483.82999999999998,494.98000000000002,480.75729999999999,490.47000000000003,91188,2976,490.93590799999998
2026-09-11 04:00:00+00:00,498.00999999999999,509.92000000000002,496.92500000000001,505.56999999999999,75174,3187,506.28020500000002
2026-09-14 04:00:00+00:00,482.02999999999997,486.13,473.81999999999999,474.62,145241,4717,480.42386299999998
2026-09-15 04:00:00+00:00,478.93000000000001,485,475.89499999999998,480.49000000000001,501162,3660,480.03626800000001
2026-09-16 04:00:00+00:00,487.25999999999999,489.14999999999998,474,479.80000000000001,109334,4143,483.80453899999998
2026-09-17 04:00:00+00:00,493.97000000000003,501.75999999999999,492.17000000000002,499.26999999999998,91640,2983,498.21817700000003
